# Blender 5.2.0 LTS
# www.blender.org
o building_barricade
v -4.580000 0.080000 1.080000
v -4.580000 0.100000 1.100000
v -4.600000 0.100000 1.080000
v -4.580000 0.085858 1.094142
v -4.591547 0.088453 1.091547
v -4.594142 0.100000 1.094142
v -4.594142 0.085858 1.080000
v -4.580000 0.340000 1.100000
v -4.580000 0.360000 1.080000
v -4.600000 0.340000 1.080000
v -4.580000 0.354142 1.094142
v -4.591547 0.351547 1.091547
v -4.594142 0.354142 1.080000
v -4.594142 0.340000 1.094142
v -4.580000 0.080000 -1.080000
v -4.600000 0.100000 -1.080000
v -4.580000 0.100000 -1.100000
v -4.594142 0.085858 -1.080000
v -4.591547 0.088453 -1.091547
v -4.594142 0.100000 -1.094142
v -4.580000 0.085858 -1.094142
v -4.580000 0.360000 -1.080000
v -4.580000 0.340000 -1.100000
v -4.600000 0.340000 -1.080000
v -4.580000 0.354142 -1.094142
v -4.591547 0.351547 -1.091547
v -4.594142 0.340000 -1.094142
v -4.594142 0.354142 -1.080000
v 4.580000 0.080000 1.080000
v 4.600000 0.100000 1.080000
v 4.580000 0.100000 1.100000
v 4.594142 0.085858 1.080000
v 4.591547 0.088453 1.091547
v 4.594142 0.100000 1.094142
v 4.580000 0.085858 1.094142
v 4.580000 0.360000 1.080000
v 4.580000 0.340000 1.100000
v 4.600000 0.340000 1.080000
v 4.580000 0.354142 1.094142
v 4.591547 0.351547 1.091547
v 4.594142 0.340000 1.094142
v 4.594142 0.354142 1.080000
v 4.580000 0.080000 -1.080000
v 4.580000 0.100000 -1.100000
v 4.600000 0.100000 -1.080000
v 4.580000 0.085858 -1.094142
v 4.591547 0.088453 -1.091547
v 4.594142 0.100000 -1.094142
v 4.594142 0.085858 -1.080000
v 4.580000 0.360000 -1.080000
v 4.600000 0.340000 -1.080000
v 4.580000 0.340000 -1.100000
v 4.594142 0.354142 -1.080000
v 4.591547 0.351547 -1.091547
v 4.594142 0.340000 -1.094142
v 4.580000 0.354142 -1.094142
v -4.105000 0.325000 0.505000
v -4.105000 0.345000 0.525000
v -4.125000 0.345000 0.505000
v -4.105000 0.330858 0.519142
v -4.116547 0.333453 0.516547
v -4.119142 0.345000 0.519142
v -4.119142 0.330858 0.505000
v -4.105000 1.355000 0.525000
v -4.105000 1.375000 0.505000
v -4.125000 1.355000 0.505000
v -4.105000 1.369142 0.519142
v -4.116547 1.366547 0.516547
v -4.119142 1.369142 0.505000
v -4.119142 1.355000 0.519142
v -4.105000 0.325000 -0.605000
v -4.125000 0.345000 -0.605000
v -4.105000 0.345000 -0.625000
v -4.119142 0.330858 -0.605000
v -4.116547 0.333453 -0.616547
v -4.119142 0.345000 -0.619142
v -4.105000 0.330858 -0.619142
v -4.105000 1.375000 -0.605000
v -4.105000 1.355000 -0.625000
v -4.125000 1.355000 -0.605000
v -4.105000 1.369142 -0.619142
v -4.116547 1.366547 -0.616547
v -4.119142 1.355000 -0.619142
v -4.119142 1.369142 -0.605000
v -3.095000 0.325000 0.505000
v -3.075000 0.345000 0.505000
v -3.095000 0.345000 0.525000
v -3.080858 0.330858 0.505000
v -3.083453 0.333453 0.516547
v -3.080858 0.345000 0.519142
v -3.095000 0.330858 0.519142
v -3.095000 1.375000 0.505000
v -3.095000 1.355000 0.525000
v -3.075000 1.355000 0.505000
v -3.095000 1.369142 0.519142
v -3.083453 1.366547 0.516547
v -3.080858 1.355000 0.519142
v -3.080858 1.369142 0.505000
v -3.095000 0.325000 -0.605000
v -3.095000 0.345000 -0.625000
v -3.075000 0.345000 -0.605000
v -3.095000 0.330858 -0.619142
v -3.083453 0.333453 -0.616547
v -3.080858 0.345000 -0.619142
v -3.080858 0.330858 -0.605000
v -3.095000 1.375000 -0.605000
v -3.075000 1.355000 -0.605000
v -3.095000 1.355000 -0.625000
v -3.080858 1.369142 -0.605000
v -3.083453 1.366547 -0.616547
v -3.080858 1.355000 -0.619142
v -3.095000 1.369142 -0.619142
v -4.140000 1.360000 0.540000
v -4.140000 1.380000 0.560000
v -4.160000 1.380000 0.540000
v -4.140000 1.365858 0.554142
v -4.151547 1.368453 0.551547
v -4.154142 1.380000 0.554142
v -4.154142 1.365858 0.540000
v -4.140000 1.460000 0.560000
v -4.140000 1.480000 0.540000
v -4.160000 1.460000 0.540000
v -4.140000 1.474142 0.554142
v -4.151547 1.471547 0.551547
v -4.154142 1.474142 0.540000
v -4.154142 1.460000 0.554142
v -4.140000 1.360000 -0.640000
v -4.160000 1.380000 -0.640000
v -4.140000 1.380000 -0.660000
v -4.154141 1.365858 -0.640000
v -4.151546 1.368453 -0.651547
v -4.154141 1.380000 -0.654142
v -4.139999 1.365858 -0.654142
v -4.140000 1.480000 -0.640000
v -4.140000 1.460000 -0.660000
v -4.160000 1.460000 -0.640000
v -4.140000 1.474142 -0.654142
v -4.151547 1.471547 -0.651547
v -4.154142 1.460000 -0.654142
v -4.154142 1.474142 -0.640000
v -3.060000 1.360000 0.540000
v -3.040000 1.380000 0.540000
v -3.060000 1.380000 0.560000
v -3.045858 1.365858 0.540000
v -3.048453 1.368453 0.551547
v -3.045858 1.380000 0.554142
v -3.060000 1.365858 0.554142
v -3.060000 1.480000 0.540000
v -3.060000 1.460000 0.560000
v -3.040000 1.460000 0.540000
v -3.060000 1.474142 0.554142
v -3.048453 1.471547 0.551547
v -3.045858 1.460000 0.554142
v -3.045858 1.474142 0.540000
v -3.060000 1.360000 -0.640000
v -3.060000 1.380000 -0.660000
v -3.040000 1.380000 -0.640000
v -3.060000 1.365858 -0.654142
v -3.048453 1.368453 -0.651547
v -3.045858 1.380000 -0.654142
v -3.045858 1.365858 -0.640000
v -3.060000 1.480000 -0.640000
v -3.040000 1.460000 -0.640000
v -3.060000 1.460000 -0.660000
v -3.045858 1.474142 -0.640000
v -3.048453 1.471547 -0.651547
v -3.045858 1.460000 -0.654142
v -3.060000 1.474142 -0.654142
v -3.600000 0.200000 -1.148971
v -3.619021 0.220000 -1.163820
v -3.580979 0.220000 -1.163820
v -3.610790 0.205858 -1.160335
v -3.600000 0.208453 -1.163676
v -3.600000 0.220000 -1.166380
v -3.589209 0.205858 -1.160335
v -3.600000 0.900000 -1.148971
v -3.580979 0.880000 -1.163820
v -3.619021 0.880000 -1.163820
v -3.589209 0.894142 -1.160335
v -3.600000 0.891547 -1.163676
v -3.600000 0.880000 -1.166380
v -3.610790 0.894142 -1.160335
v -3.424269 0.200000 -1.091872
v -3.430930 0.220000 -1.115066
v -3.400153 0.220000 -1.092705
v -3.426319 0.205858 -1.107409
v -3.415626 0.208453 -1.103769
v -3.414036 0.220000 -1.105956
v -3.408860 0.205858 -1.094723
v -3.424269 0.900000 -1.091872
v -3.400153 0.880000 -1.092705
v -3.430930 0.880000 -1.115066
v -3.408860 0.894142 -1.094723
v -3.415626 0.891547 -1.103769
v -3.414036 0.880000 -1.105956
v -3.426319 0.894142 -1.107409
v -3.315662 0.200000 -0.942387
v -3.307418 0.220000 -0.965066
v -3.295662 0.220000 -0.928885
v -3.308189 0.205858 -0.956161
v -3.301677 0.208453 -0.946931
v -3.299105 0.220000 -0.947767
v -3.301520 0.205858 -0.935636
v -3.315662 0.900000 -0.942387
v -3.295662 0.880000 -0.928885
v -3.307418 0.880000 -0.965066
v -3.301520 0.894142 -0.935636
v -3.301677 0.891547 -0.946931
v -3.299105 0.880000 -0.947767
v -3.308189 0.894142 -0.956161
v -3.315662 0.200000 -0.757613
v -3.295662 0.220000 -0.771115
v -3.307418 0.220000 -0.734934
v -3.301520 0.205858 -0.764364
v -3.301677 0.208453 -0.753069
v -3.299105 0.220000 -0.752233
v -3.308189 0.205858 -0.743839
v -3.315662 0.900000 -0.757613
v -3.307418 0.880000 -0.734934
v -3.295662 0.880000 -0.771115
v -3.308189 0.894142 -0.743839
v -3.301677 0.891547 -0.753069
v -3.299105 0.880000 -0.752233
v -3.301520 0.894142 -0.764364
v -3.424269 0.200000 -0.608128
v -3.400153 0.220000 -0.607295
v -3.430930 0.220000 -0.584934
v -3.408860 0.205858 -0.605277
v -3.415626 0.208453 -0.596231
v -3.414036 0.220000 -0.594043
v -3.426319 0.205858 -0.592591
v -3.424269 0.900000 -0.608128
v -3.430930 0.880000 -0.584934
v -3.400153 0.880000 -0.607295
v -3.426319 0.894142 -0.592592
v -3.415626 0.891547 -0.596231
v -3.414036 0.880000 -0.594044
v -3.408860 0.894142 -0.605277
v -3.600000 0.200000 -0.551029
v -3.580979 0.220000 -0.536180
v -3.619021 0.220000 -0.536180
v -3.589209 0.205858 -0.539665
v -3.600000 0.208453 -0.536324
v -3.600000 0.220000 -0.533620
v -3.610790 0.205858 -0.539665
v -3.600000 0.900000 -0.551029
v -3.619021 0.880000 -0.536180
v -3.580979 0.880000 -0.536180
v -3.610790 0.894142 -0.539665
v -3.600000 0.891547 -0.536324
v -3.600000 0.880000 -0.533620
v -3.589209 0.894142 -0.539665
v -3.775731 0.200000 -0.608128
v -3.769070 0.220000 -0.584934
v -3.799847 0.220000 -0.607295
v -3.773680 0.205858 -0.592592
v -3.784374 0.208453 -0.596231
v -3.785964 0.220000 -0.594044
v -3.791140 0.205858 -0.605277
v -3.775731 0.900000 -0.608128
v -3.799847 0.880000 -0.607295
v -3.769070 0.880000 -0.584934
v -3.791140 0.894142 -0.605277
v -3.784374 0.891547 -0.596231
v -3.785964 0.880000 -0.594043
v -3.773680 0.894142 -0.592591
v -3.884338 0.200000 -0.757613
v -3.892582 0.220000 -0.734934
v -3.904338 0.220000 -0.771115
v -3.891811 0.205858 -0.743839
v -3.898324 0.208453 -0.753069
v -3.900894 0.220000 -0.752233
v -3.898480 0.205858 -0.764364
v -3.884338 0.900000 -0.757613
v -3.904338 0.880000 -0.771115
v -3.892582 0.880000 -0.734934
v -3.898480 0.894142 -0.764364
v -3.898324 0.891547 -0.753069
v -3.900894 0.880000 -0.752233
v -3.891811 0.894142 -0.743839
v -3.884338 0.200000 -0.942387
v -3.904338 0.220000 -0.928885
v -3.892582 0.220000 -0.965066
v -3.898480 0.205858 -0.935636
v -3.898324 0.208453 -0.946931
v -3.900894 0.220000 -0.947767
v -3.891811 0.205858 -0.956161
v -3.884338 0.900000 -0.942387
v -3.892582 0.880000 -0.965066
v -3.904338 0.880000 -0.928885
v -3.891811 0.894142 -0.956161
v -3.898324 0.891547 -0.946931
v -3.900894 0.880000 -0.947767
v -3.898480 0.894142 -0.935636
v -3.775731 0.200000 -1.091872
v -3.799847 0.220000 -1.092705
v -3.769070 0.220000 -1.115066
v -3.791140 0.205858 -1.094723
v -3.784374 0.208453 -1.103769
v -3.785964 0.220000 -1.105956
v -3.773680 0.205858 -1.107409
v -3.775731 0.900000 -1.091872
v -3.769070 0.880000 -1.115066
v -3.799847 0.880000 -1.092705
v -3.773680 0.894142 -1.107409
v -3.784374 0.891547 -1.103769
v -3.785964 0.880000 -1.105956
v -3.791140 0.894142 -1.094723
v -2.905000 0.325000 0.505000
v -2.905000 0.345000 0.525000
v -2.925000 0.345000 0.505000
v -2.905000 0.330858 0.519142
v -2.916547 0.333453 0.516547
v -2.919142 0.345000 0.519142
v -2.919142 0.330858 0.505000
v -2.905000 1.355000 0.525000
v -2.905000 1.375000 0.505000
v -2.925000 1.355000 0.505000
v -2.905000 1.369142 0.519142
v -2.916547 1.366547 0.516547
v -2.919142 1.369142 0.505000
v -2.919142 1.355000 0.519142
v -2.905000 0.325000 -0.605000
v -2.925000 0.345000 -0.605000
v -2.905000 0.345000 -0.625000
v -2.919142 0.330858 -0.605000
v -2.916547 0.333453 -0.616547
v -2.919142 0.345000 -0.619142
v -2.905000 0.330858 -0.619142
v -2.905000 1.375000 -0.605000
v -2.905000 1.355000 -0.625000
v -2.925000 1.355000 -0.605000
v -2.905000 1.369142 -0.619142
v -2.916547 1.366547 -0.616547
v -2.919142 1.355000 -0.619142
v -2.919142 1.369142 -0.605000
v -1.895000 0.325000 0.505000
v -1.875000 0.345000 0.505000
v -1.895000 0.345000 0.525000
v -1.880858 0.330858 0.505000
v -1.883453 0.333453 0.516547
v -1.880858 0.345000 0.519142
v -1.895000 0.330858 0.519142
v -1.895000 1.375000 0.505000
v -1.895000 1.355000 0.525000
v -1.875000 1.355000 0.505000
v -1.895000 1.369142 0.519142
v -1.883453 1.366547 0.516547
v -1.880858 1.355000 0.519142
v -1.880858 1.369142 0.505000
v -1.895000 0.325000 -0.605000
v -1.895000 0.345000 -0.625000
v -1.875000 0.345000 -0.605000
v -1.895000 0.330858 -0.619142
v -1.883453 0.333453 -0.616547
v -1.880858 0.345000 -0.619142
v -1.880858 0.330858 -0.605000
v -1.895000 1.375000 -0.605000
v -1.875000 1.355000 -0.605000
v -1.895000 1.355000 -0.625000
v -1.880858 1.369142 -0.605000
v -1.883453 1.366547 -0.616547
v -1.880858 1.355000 -0.619142
v -1.895000 1.369142 -0.619142
v -2.940000 1.360000 0.540000
v -2.940000 1.380000 0.560000
v -2.960000 1.380000 0.540000
v -2.940000 1.365858 0.554142
v -2.951547 1.368453 0.551547
v -2.954142 1.380000 0.554142
v -2.954142 1.365858 0.540000
v -2.940000 1.460000 0.560000
v -2.940000 1.480000 0.540000
v -2.960000 1.460000 0.540000
v -2.940000 1.474142 0.554142
v -2.951547 1.471547 0.551547
v -2.954142 1.474142 0.540000
v -2.954142 1.460000 0.554142
v -2.940000 1.360000 -0.640000
v -2.960000 1.380000 -0.640000
v -2.940000 1.380000 -0.660000
v -2.954142 1.365858 -0.640000
v -2.951547 1.368453 -0.651547
v -2.954142 1.380000 -0.654142
v -2.940000 1.365858 -0.654142
v -2.940000 1.480000 -0.640000
v -2.940000 1.460000 -0.660000
v -2.960000 1.460000 -0.640000
v -2.940000 1.474142 -0.654142
v -2.951547 1.471547 -0.651547
v -2.954142 1.460000 -0.654142
v -2.954142 1.474142 -0.640000
v -1.860000 1.360000 0.540000
v -1.840000 1.380000 0.540000
v -1.860000 1.380000 0.560000
v -1.845858 1.365858 0.540000
v -1.848453 1.368453 0.551547
v -1.845858 1.380000 0.554142
v -1.860000 1.365858 0.554142
v -1.860000 1.480000 0.540000
v -1.860000 1.460000 0.560000
v -1.840000 1.460000 0.540000
v -1.860000 1.474142 0.554142
v -1.848453 1.471547 0.551547
v -1.845858 1.460000 0.554142
v -1.845858 1.474142 0.540000
v -1.860000 1.360000 -0.640000
v -1.860000 1.380000 -0.660000
v -1.840000 1.380000 -0.640000
v -1.860000 1.365858 -0.654142
v -1.848453 1.368453 -0.651547
v -1.845858 1.380000 -0.654142
v -1.845858 1.365858 -0.640000
v -1.860000 1.480000 -0.640000
v -1.840000 1.460000 -0.640000
v -1.860000 1.460000 -0.660000
v -1.845858 1.474142 -0.640000
v -1.848453 1.471547 -0.651547
v -1.845858 1.460000 -0.654142
v -1.860000 1.474142 -0.654142
v -2.400000 0.200000 -1.148971
v -2.419021 0.220000 -1.163820
v -2.380979 0.220000 -1.163820
v -2.410791 0.205858 -1.160335
v -2.400000 0.208453 -1.163676
v -2.400000 0.220000 -1.166380
v -2.389210 0.205858 -1.160335
v -2.400000 0.900000 -1.148971
v -2.380979 0.880000 -1.163820
v -2.419021 0.880000 -1.163820
v -2.389210 0.894142 -1.160335
v -2.400000 0.891547 -1.163676
v -2.400000 0.880000 -1.166380
v -2.410791 0.894142 -1.160335
v -2.224269 0.200000 -1.091872
v -2.230930 0.220000 -1.115066
v -2.200153 0.220000 -1.092705
v -2.226320 0.205858 -1.107409
v -2.215626 0.208453 -1.103769
v -2.214036 0.220000 -1.105956
v -2.208860 0.205858 -1.094723
v -2.224269 0.900000 -1.091872
v -2.200153 0.880000 -1.092705
v -2.230930 0.880000 -1.115066
v -2.208860 0.894142 -1.094723
v -2.215626 0.891547 -1.103769
v -2.214036 0.880000 -1.105956
v -2.226320 0.894142 -1.107409
v -2.115662 0.200000 -0.942387
v -2.107418 0.220000 -0.965066
v -2.095662 0.220000 -0.928885
v -2.108189 0.205858 -0.956161
v -2.101677 0.208453 -0.946931
v -2.099106 0.220000 -0.947767
v -2.101520 0.205858 -0.935636
v -2.115662 0.900000 -0.942387
v -2.095662 0.880000 -0.928885
v -2.107418 0.880000 -0.965066
v -2.101520 0.894142 -0.935636
v -2.101677 0.891547 -0.946931
v -2.099106 0.880000 -0.947767
v -2.108189 0.894142 -0.956161
v -2.115662 0.200000 -0.757613
v -2.095662 0.220000 -0.771115
v -2.107418 0.220000 -0.734934
v -2.101520 0.205858 -0.764364
v -2.101677 0.208453 -0.753069
v -2.099106 0.220000 -0.752233
v -2.108189 0.205858 -0.743839
v -2.115662 0.900000 -0.757613
v -2.107418 0.880000 -0.734934
v -2.095662 0.880000 -0.771115
v -2.108189 0.894142 -0.743839
v -2.101677 0.891547 -0.753069
v -2.099106 0.880000 -0.752233
v -2.101520 0.894142 -0.764364
v -2.224269 0.200000 -0.608128
v -2.200153 0.220000 -0.607295
v -2.230930 0.220000 -0.584934
v -2.208860 0.205858 -0.605277
v -2.215626 0.208453 -0.596231
v -2.214036 0.220000 -0.594043
v -2.226320 0.205858 -0.592591
v -2.224269 0.900000 -0.608128
v -2.230930 0.880000 -0.584934
v -2.200153 0.880000 -0.607295
v -2.226320 0.894142 -0.592592
v -2.215626 0.891547 -0.596231
v -2.214036 0.880000 -0.594044
v -2.208860 0.894142 -0.605277
v -2.400000 0.200000 -0.551029
v -2.380979 0.220000 -0.536180
v -2.419021 0.220000 -0.536180
v -2.389210 0.205858 -0.539665
v -2.400000 0.208453 -0.536324
v -2.400000 0.220000 -0.533620
v -2.410791 0.205858 -0.539665
v -2.400000 0.900000 -0.551029
v -2.419021 0.880000 -0.536180
v -2.380979 0.880000 -0.536180
v -2.410791 0.894142 -0.539665
v -2.400000 0.891547 -0.536324
v -2.400000 0.880000 -0.533620
v -2.389210 0.894142 -0.539665
v -2.575731 0.200000 -0.608128
v -2.569070 0.220000 -0.584934
v -2.599847 0.220000 -0.607295
v -2.573681 0.205858 -0.592592
v -2.584375 0.208453 -0.596231
v -2.585964 0.220000 -0.594044
v -2.591140 0.205858 -0.605277
v -2.575731 0.900000 -0.608128
v -2.599847 0.880000 -0.607295
v -2.569070 0.880000 -0.584934
v -2.591140 0.894142 -0.605277
v -2.584375 0.891547 -0.596231
v -2.585964 0.880000 -0.594043
v -2.573681 0.894142 -0.592591
v -2.684338 0.200000 -0.757613
v -2.692582 0.220000 -0.734934
v -2.704338 0.220000 -0.771115
v -2.691811 0.205858 -0.743839
v -2.698324 0.208453 -0.753069
v -2.700895 0.220000 -0.752233
v -2.698480 0.205858 -0.764364
v -2.684338 0.900000 -0.757613
v -2.704338 0.880000 -0.771115
v -2.692582 0.880000 -0.734934
v -2.698480 0.894142 -0.764364
v -2.698324 0.891547 -0.753069
v -2.700895 0.880000 -0.752233
v -2.691811 0.894142 -0.743839
v -2.684338 0.200000 -0.942387
v -2.704338 0.220000 -0.928885
v -2.692582 0.220000 -0.965066
v -2.698480 0.205858 -0.935636
v -2.698324 0.208453 -0.946931
v -2.700895 0.220000 -0.947767
v -2.691811 0.205858 -0.956161
v -2.684338 0.900000 -0.942387
v -2.692582 0.880000 -0.965066
v -2.704338 0.880000 -0.928885
v -2.691811 0.894142 -0.956161
v -2.698324 0.891547 -0.946931
v -2.700895 0.880000 -0.947767
v -2.698480 0.894142 -0.935636
v -2.575731 0.200000 -1.091872
v -2.599847 0.220000 -1.092705
v -2.569070 0.220000 -1.115066
v -2.591140 0.205858 -1.094723
v -2.584375 0.208453 -1.103769
v -2.585964 0.220000 -1.105956
v -2.573681 0.205858 -1.107409
v -2.575731 0.900000 -1.091872
v -2.569070 0.880000 -1.115066
v -2.599847 0.880000 -1.092705
v -2.573681 0.894142 -1.107409
v -2.584375 0.891547 -1.103769
v -2.585964 0.880000 -1.105956
v -2.591140 0.894142 -1.094723
v -1.705000 0.325000 0.505000
v -1.705000 0.345000 0.525000
v -1.725000 0.345000 0.505000
v -1.705000 0.330858 0.519142
v -1.716547 0.333453 0.516547
v -1.719142 0.345000 0.519142
v -1.719142 0.330858 0.505000
v -1.705000 1.355000 0.525000
v -1.705000 1.375000 0.505000
v -1.725000 1.355000 0.505000
v -1.705000 1.369142 0.519142
v -1.716547 1.366547 0.516547
v -1.719142 1.369142 0.505000
v -1.719142 1.355000 0.519142
v -1.705000 0.325000 -0.605000
v -1.725000 0.345000 -0.605000
v -1.705000 0.345000 -0.625000
v -1.719142 0.330858 -0.605000
v -1.716547 0.333453 -0.616547
v -1.719142 0.345000 -0.619142
v -1.705000 0.330858 -0.619142
v -1.705000 1.375000 -0.605000
v -1.705000 1.355000 -0.625000
v -1.725000 1.355000 -0.605000
v -1.705000 1.369142 -0.619142
v -1.716547 1.366547 -0.616547
v -1.719142 1.355000 -0.619142
v -1.719142 1.369142 -0.605000
v -0.695000 0.325000 0.505000
v -0.675000 0.345000 0.505000
v -0.695000 0.345000 0.525000
v -0.680858 0.330858 0.505000
v -0.683453 0.333453 0.516547
v -0.680858 0.345000 0.519142
v -0.695000 0.330858 0.519142
v -0.695000 1.375000 0.505000
v -0.695000 1.355000 0.525000
v -0.675000 1.355000 0.505000
v -0.695000 1.369142 0.519142
v -0.683453 1.366547 0.516547
v -0.680858 1.355000 0.519142
v -0.680858 1.369142 0.505000
v -0.695000 0.325000 -0.605000
v -0.695000 0.345000 -0.625000
v -0.675000 0.345000 -0.605000
v -0.695000 0.330858 -0.619142
v -0.683453 0.333453 -0.616547
v -0.680858 0.345000 -0.619142
v -0.680858 0.330858 -0.605000
v -0.695000 1.375000 -0.605000
v -0.675000 1.355000 -0.605000
v -0.695000 1.355000 -0.625000
v -0.680858 1.369142 -0.605000
v -0.683453 1.366547 -0.616547
v -0.680858 1.355000 -0.619142
v -0.695000 1.369142 -0.619142
v -1.740000 1.360000 0.540000
v -1.740000 1.380000 0.560000
v -1.760000 1.380000 0.540000
v -1.740000 1.365858 0.554142
v -1.751547 1.368453 0.551547
v -1.754142 1.380000 0.554142
v -1.754142 1.365858 0.540000
v -1.740000 1.460000 0.560000
v -1.740000 1.480000 0.540000
v -1.760000 1.460000 0.540000
v -1.740000 1.474142 0.554142
v -1.751547 1.471547 0.551547
v -1.754142 1.474142 0.540000
v -1.754142 1.460000 0.554142
v -1.740000 1.360000 -0.640000
v -1.760000 1.380000 -0.640000
v -1.740000 1.380000 -0.660000
v -1.754142 1.365858 -0.640000
v -1.751547 1.368453 -0.651547
v -1.754142 1.380000 -0.654142
v -1.740000 1.365858 -0.654142
v -1.740000 1.480000 -0.640000
v -1.740000 1.460000 -0.660000
v -1.760000 1.460000 -0.640000
v -1.740000 1.474142 -0.654142
v -1.751547 1.471547 -0.651547
v -1.754142 1.460000 -0.654142
v -1.754142 1.474142 -0.640000
v -0.660000 1.360000 0.540000
v -0.640000 1.380000 0.540000
v -0.660000 1.380000 0.560000
v -0.645858 1.365858 0.540000
v -0.648453 1.368453 0.551547
v -0.645858 1.380000 0.554142
v -0.660000 1.365858 0.554142
v -0.660000 1.480000 0.540000
v -0.660000 1.460000 0.560000
v -0.640000 1.460000 0.540000
v -0.660000 1.474142 0.554142
v -0.648453 1.471547 0.551547
v -0.645858 1.460000 0.554142
v -0.645858 1.474142 0.540000
v -0.660000 1.360000 -0.640000
v -0.660000 1.380000 -0.660000
v -0.640000 1.380000 -0.640000
v -0.660000 1.365858 -0.654142
v -0.648453 1.368453 -0.651547
v -0.645858 1.380000 -0.654142
v -0.645858 1.365858 -0.640000
v -0.660000 1.480000 -0.640000
v -0.640000 1.460000 -0.640000
v -0.660000 1.460000 -0.660000
v -0.645858 1.474142 -0.640000
v -0.648453 1.471547 -0.651547
v -0.645858 1.460000 -0.654142
v -0.660000 1.474142 -0.654142
v -1.200000 0.200000 -1.148971
v -1.219021 0.220000 -1.163820
v -1.180979 0.220000 -1.163820
v -1.210791 0.205858 -1.160335
v -1.200000 0.208453 -1.163676
v -1.200000 0.220000 -1.166380
v -1.189209 0.205858 -1.160335
v -1.200000 0.900000 -1.148971
v -1.180979 0.880000 -1.163820
v -1.219021 0.880000 -1.163820
v -1.189209 0.894142 -1.160335
v -1.200000 0.891547 -1.163676
v -1.200000 0.880000 -1.166380
v -1.210791 0.894142 -1.160335
v -1.024269 0.200000 -1.091873
v -1.030930 0.220000 -1.115066
v -1.000153 0.220000 -1.092705
v -1.026320 0.205858 -1.107409
v -1.015626 0.208453 -1.103769
v -1.014037 0.220000 -1.105956
v -1.008860 0.205858 -1.094723
v -1.024269 0.900000 -1.091873
v -1.000153 0.880000 -1.092705
v -1.030930 0.880000 -1.115066
v -1.008860 0.894142 -1.094723
v -1.015626 0.891547 -1.103769
v -1.014037 0.880000 -1.105956
v -1.026320 0.894142 -1.107409
v -0.915662 0.200000 -0.942387
v -0.907418 0.220000 -0.965066
v -0.895662 0.220000 -0.928885
v -0.908189 0.205858 -0.956161
v -0.901676 0.208453 -0.946931
v -0.899105 0.220000 -0.947767
v -0.901520 0.205858 -0.935636
v -0.915662 0.900000 -0.942387
v -0.895662 0.880000 -0.928885
v -0.907418 0.880000 -0.965066
v -0.901520 0.894142 -0.935636
v -0.901676 0.891547 -0.946931
v -0.899105 0.880000 -0.947767
v -0.908189 0.894142 -0.956161
v -0.915662 0.200000 -0.757613
v -0.895662 0.220000 -0.771115
v -0.907418 0.220000 -0.734934
v -0.901520 0.205858 -0.764364
v -0.901676 0.208453 -0.753069
v -0.899105 0.220000 -0.752233
v -0.908189 0.205858 -0.743839
v -0.915662 0.900000 -0.757613
v -0.907418 0.880000 -0.734934
v -0.895662 0.880000 -0.771115
v -0.908189 0.894142 -0.743839
v -0.901676 0.891547 -0.753069
v -0.899105 0.880000 -0.752233
v -0.901520 0.894142 -0.764364
v -1.024269 0.200000 -0.608128
v -1.000153 0.220000 -0.607295
v -1.030930 0.220000 -0.584934
v -1.008860 0.205858 -0.605277
v -1.015626 0.208453 -0.596231
v -1.014037 0.220000 -0.594043
v -1.026320 0.205858 -0.592592
v -1.024269 0.900000 -0.608128
v -1.030930 0.880000 -0.584934
v -1.000153 0.880000 -0.607295
v -1.026320 0.894142 -0.592592
v -1.015626 0.891547 -0.596231
v -1.014037 0.880000 -0.594043
v -1.008860 0.894142 -0.605277
v -1.200000 0.200000 -0.551029
v -1.180979 0.220000 -0.536180
v -1.219021 0.220000 -0.536180
v -1.189210 0.205858 -0.539665
v -1.200000 0.208453 -0.536324
v -1.200000 0.220000 -0.533620
v -1.210791 0.205858 -0.539665
v -1.200000 0.900000 -0.551029
v -1.219021 0.880000 -0.536180
v -1.180979 0.880000 -0.536180
v -1.210791 0.894142 -0.539665
v -1.200000 0.891547 -0.536324
v -1.200000 0.880000 -0.533620
v -1.189210 0.894142 -0.539665
v -1.375731 0.200000 -0.608128
v -1.369070 0.220000 -0.584934
v -1.399847 0.220000 -0.607295
v -1.373680 0.205858 -0.592592
v -1.384374 0.208453 -0.596231
v -1.385963 0.220000 -0.594043
v -1.391140 0.205858 -0.605277
v -1.375731 0.900000 -0.608128
v -1.399847 0.880000 -0.607295
v -1.369070 0.880000 -0.584934
v -1.391140 0.894142 -0.605277
v -1.384374 0.891547 -0.596231
v -1.385963 0.880000 -0.594043
v -1.373680 0.894142 -0.592592
v -1.484338 0.200000 -0.757613
v -1.492582 0.220000 -0.734934
v -1.504338 0.220000 -0.771115
v -1.491811 0.205858 -0.743839
v -1.498324 0.208453 -0.753069
v -1.500895 0.220000 -0.752233
v -1.498480 0.205858 -0.764364
v -1.484338 0.900000 -0.757613
v -1.504338 0.880000 -0.771115
v -1.492582 0.880000 -0.734934
v -1.498480 0.894142 -0.764364
v -1.498324 0.891547 -0.753069
v -1.500895 0.880000 -0.752233
v -1.491811 0.894142 -0.743839
v -1.484338 0.200000 -0.942387
v -1.504338 0.220000 -0.928885
v -1.492582 0.220000 -0.965066
v -1.498480 0.205858 -0.935636
v -1.498324 0.208453 -0.946931
v -1.500895 0.220000 -0.947767
v -1.491811 0.205858 -0.956161
v -1.484338 0.900000 -0.942387
v -1.492582 0.880000 -0.965066
v -1.504338 0.880000 -0.928885
v -1.491811 0.894142 -0.956161
v -1.498324 0.891547 -0.946931
v -1.500895 0.880000 -0.947767
v -1.498480 0.894142 -0.935636
v -1.375731 0.200000 -1.091873
v -1.399847 0.220000 -1.092705
v -1.369070 0.220000 -1.115066
v -1.391140 0.205858 -1.094723
v -1.384374 0.208453 -1.103769
v -1.385963 0.220000 -1.105956
v -1.373680 0.205858 -1.107409
v -1.375731 0.900000 -1.091873
v -1.369070 0.880000 -1.115066
v -1.399847 0.880000 -1.092705
v -1.373680 0.894142 -1.107409
v -1.384374 0.891547 -1.103769
v -1.385963 0.880000 -1.105956
v -1.391140 0.894142 -1.094723
v -0.505000 0.325000 0.505000
v -0.505000 0.345000 0.525000
v -0.525000 0.345000 0.505000
v -0.505000 0.330858 0.519142
v -0.516547 0.333453 0.516547
v -0.519142 0.345000 0.519142
v -0.519142 0.330858 0.505000
v -0.505000 1.355000 0.525000
v -0.505000 1.375000 0.505000
v -0.525000 1.355000 0.505000
v -0.505000 1.369142 0.519142
v -0.516547 1.366547 0.516547
v -0.519142 1.369142 0.505000
v -0.519142 1.355000 0.519142
v -0.505000 0.325000 -0.605000
v -0.525000 0.345000 -0.605000
v -0.505000 0.345000 -0.625000
v -0.519142 0.330858 -0.605000
v -0.516547 0.333453 -0.616547
v -0.519142 0.345000 -0.619142
v -0.505000 0.330858 -0.619142
v -0.505000 1.375000 -0.605000
v -0.505000 1.355000 -0.625000
v -0.525000 1.355000 -0.605000
v -0.505000 1.369142 -0.619142
v -0.516547 1.366547 -0.616547
v -0.519142 1.355000 -0.619142
v -0.519142 1.369142 -0.605000
v 0.505000 0.325000 0.505000
v 0.525000 0.345000 0.505000
v 0.505000 0.345000 0.525000
v 0.519142 0.330858 0.505000
v 0.516547 0.333453 0.516547
v 0.519142 0.345000 0.519142
v 0.505000 0.330858 0.519142
v 0.505000 1.375000 0.505000
v 0.505000 1.355000 0.525000
v 0.525000 1.355000 0.505000
v 0.505000 1.369142 0.519142
v 0.516547 1.366547 0.516547
v 0.519142 1.355000 0.519142
v 0.519142 1.369142 0.505000
v 0.505000 0.325000 -0.605000
v 0.505000 0.345000 -0.625000
v 0.525000 0.345000 -0.605000
v 0.505000 0.330858 -0.619142
v 0.516547 0.333453 -0.616547
v 0.519142 0.345000 -0.619142
v 0.519142 0.330858 -0.605000
v 0.505000 1.375000 -0.605000
v 0.525000 1.355000 -0.605000
v 0.505000 1.355000 -0.625000
v 0.519142 1.369142 -0.605000
v 0.516547 1.366547 -0.616547
v 0.519142 1.355000 -0.619142
v 0.505000 1.369142 -0.619142
v -0.540000 1.360000 0.540000
v -0.540000 1.380000 0.560000
v -0.560000 1.380000 0.540000
v -0.540000 1.365858 0.554142
v -0.551547 1.368453 0.551547
v -0.554142 1.380000 0.554142
v -0.554142 1.365858 0.540000
v -0.540000 1.460000 0.560000
v -0.540000 1.480000 0.540000
v -0.560000 1.460000 0.540000
v -0.540000 1.474142 0.554142
v -0.551547 1.471547 0.551547
v -0.554142 1.474142 0.540000
v -0.554142 1.460000 0.554142
v -0.540000 1.360000 -0.640000
v -0.560000 1.380000 -0.640000
v -0.540000 1.380000 -0.660000
v -0.554142 1.365858 -0.640000
v -0.551547 1.368453 -0.651547
v -0.554142 1.380000 -0.654142
v -0.540000 1.365858 -0.654142
v -0.540000 1.480000 -0.640000
v -0.540000 1.460000 -0.660000
v -0.560000 1.460000 -0.640000
v -0.540000 1.474142 -0.654142
v -0.551547 1.471547 -0.651547
v -0.554142 1.460000 -0.654142
v -0.554142 1.474142 -0.640000
v 0.540000 1.360000 0.540000
v 0.560000 1.380000 0.540000
v 0.540000 1.380000 0.560000
v 0.554142 1.365858 0.540000
v 0.551547 1.368453 0.551547
v 0.554142 1.380000 0.554142
v 0.540000 1.365858 0.554142
v 0.540000 1.480000 0.540000
v 0.540000 1.460000 0.560000
v 0.560000 1.460000 0.540000
v 0.540000 1.474142 0.554142
v 0.551547 1.471547 0.551547
v 0.554142 1.460000 0.554142
v 0.554142 1.474142 0.540000
v 0.540000 1.360000 -0.640000
v 0.540000 1.380000 -0.660000
v 0.560000 1.380000 -0.640000
v 0.540000 1.365858 -0.654142
v 0.551547 1.368453 -0.651547
v 0.554142 1.380000 -0.654142
v 0.554142 1.365858 -0.640000
v 0.540000 1.480000 -0.640000
v 0.560000 1.460000 -0.640000
v 0.540000 1.460000 -0.660000
v 0.554142 1.474142 -0.640000
v 0.551547 1.471547 -0.651547
v 0.554142 1.460000 -0.654142
v 0.540000 1.474142 -0.654142
v 0.000000 0.200000 -1.148971
v -0.019021 0.220000 -1.163820
v 0.019021 0.220000 -1.163820
v -0.010791 0.205858 -1.160335
v 0.000000 0.208453 -1.163676
v 0.000000 0.220000 -1.166380
v 0.010791 0.205858 -1.160335
v -0.000000 0.900000 -1.148971
v 0.019021 0.880000 -1.163820
v -0.019021 0.880000 -1.163820
v 0.010791 0.894142 -1.160335
v -0.000000 0.891547 -1.163676
v -0.000000 0.880000 -1.166380
v -0.010791 0.894142 -1.160335
v 0.175731 0.200000 -1.091872
v 0.169070 0.220000 -1.115066
v 0.199847 0.220000 -1.092705
v 0.173680 0.205858 -1.107409
v 0.184374 0.208453 -1.103769
v 0.185963 0.220000 -1.105956
v 0.191140 0.205858 -1.094723
v 0.175731 0.900000 -1.091872
v 0.199847 0.880000 -1.092705
v 0.169070 0.880000 -1.115066
v 0.191140 0.894142 -1.094723
v 0.184374 0.891547 -1.103769
v 0.185963 0.880000 -1.105956
v 0.173680 0.894142 -1.107409
v 0.284338 0.200000 -0.942387
v 0.292582 0.220000 -0.965066
v 0.304338 0.220000 -0.928885
v 0.291811 0.205858 -0.956161
v 0.298324 0.208453 -0.946931
v 0.300895 0.220000 -0.947767
v 0.298480 0.205858 -0.935636
v 0.284338 0.900000 -0.942387
v 0.304338 0.880000 -0.928885
v 0.292582 0.880000 -0.965066
v 0.298480 0.894142 -0.935636
v 0.298324 0.891547 -0.946931
v 0.300895 0.880000 -0.947767
v 0.291811 0.894142 -0.956161
v 0.284338 0.200000 -0.757613
v 0.304338 0.220000 -0.771115
v 0.292582 0.220000 -0.734934
v 0.298480 0.205858 -0.764364
v 0.298324 0.208453 -0.753069
v 0.300895 0.220000 -0.752233
v 0.291811 0.205858 -0.743839
v 0.284338 0.900000 -0.757613
v 0.292582 0.880000 -0.734934
v 0.304338 0.880000 -0.771115
v 0.291811 0.894142 -0.743839
v 0.298324 0.891547 -0.753069
v 0.300895 0.880000 -0.752233
v 0.298480 0.894142 -0.764364
v 0.175731 0.200000 -0.608128
v 0.199847 0.220000 -0.607295
v 0.169070 0.220000 -0.584934
v 0.191140 0.205858 -0.605277
v 0.184374 0.208453 -0.596231
v 0.185963 0.220000 -0.594043
v 0.173680 0.205858 -0.592591
v 0.175731 0.900000 -0.608128
v 0.169070 0.880000 -0.584934
v 0.199847 0.880000 -0.607295
v 0.173680 0.894142 -0.592591
v 0.184374 0.891547 -0.596231
v 0.185963 0.880000 -0.594043
v 0.191140 0.894142 -0.605277
v -0.000000 0.200000 -0.551029
v 0.019021 0.220000 -0.536180
v -0.019021 0.220000 -0.536180
v 0.010791 0.205858 -0.539665
v 0.000000 0.208453 -0.536324
v 0.000000 0.220000 -0.533620
v -0.010791 0.205858 -0.539665
v 0.000000 0.900000 -0.551029
v -0.019021 0.880000 -0.536180
v 0.019021 0.880000 -0.536180
v -0.010791 0.894142 -0.539665
v -0.000000 0.891547 -0.536324
v -0.000000 0.880000 -0.533620
v 0.010791 0.894142 -0.539665
v -0.175731 0.200000 -0.608128
v -0.169070 0.220000 -0.584934
v -0.199847 0.220000 -0.607295
v -0.173680 0.205858 -0.592591
v -0.184374 0.208453 -0.596231
v -0.185963 0.220000 -0.594043
v -0.191140 0.205858 -0.605277
v -0.175731 0.900000 -0.608128
v -0.199847 0.880000 -0.607295
v -0.169070 0.880000 -0.584934
v -0.191140 0.894142 -0.605277
v -0.184374 0.891547 -0.596231
v -0.185963 0.880000 -0.594043
v -0.173680 0.894142 -0.592591
v -0.284338 0.200000 -0.757613
v -0.292582 0.220000 -0.734934
v -0.304338 0.220000 -0.771115
v -0.291811 0.205858 -0.743839
v -0.298324 0.208453 -0.753069
v -0.300895 0.220000 -0.752233
v -0.298480 0.205858 -0.764364
v -0.284338 0.900000 -0.757613
v -0.304338 0.880000 -0.771115
v -0.292582 0.880000 -0.734934
v -0.298480 0.894142 -0.764364
v -0.298324 0.891547 -0.753069
v -0.300895 0.880000 -0.752233
v -0.291811 0.894142 -0.743839
v -0.284338 0.200000 -0.942387
v -0.304338 0.220000 -0.928885
v -0.292582 0.220000 -0.965066
v -0.298480 0.205858 -0.935636
v -0.298324 0.208453 -0.946931
v -0.300895 0.220000 -0.947767
v -0.291811 0.205858 -0.956161
v -0.284338 0.900000 -0.942387
v -0.292582 0.880000 -0.965066
v -0.304338 0.880000 -0.928885
v -0.291811 0.894142 -0.956161
v -0.298324 0.891547 -0.946931
v -0.300895 0.880000 -0.947767
v -0.298480 0.894142 -0.935636
v -0.175731 0.200000 -1.091872
v -0.199847 0.220000 -1.092705
v -0.169070 0.220000 -1.115066
v -0.191140 0.205858 -1.094723
v -0.184374 0.208453 -1.103769
v -0.185963 0.220000 -1.105956
v -0.173680 0.205858 -1.107409
v -0.175731 0.900000 -1.091872
v -0.169070 0.880000 -1.115066
v -0.199847 0.880000 -1.092705
v -0.173680 0.894142 -1.107409
v -0.184374 0.891547 -1.103769
v -0.185963 0.880000 -1.105956
v -0.191140 0.894142 -1.094723
v 0.695000 0.325000 0.505000
v 0.695000 0.345000 0.525000
v 0.675000 0.345000 0.505000
v 0.695000 0.330858 0.519142
v 0.683453 0.333453 0.516547
v 0.680858 0.345000 0.519142
v 0.680858 0.330858 0.505000
v 0.695000 1.355000 0.525000
v 0.695000 1.375000 0.505000
v 0.675000 1.355000 0.505000
v 0.695000 1.369142 0.519142
v 0.683453 1.366547 0.516547
v 0.680858 1.369142 0.505000
v 0.680858 1.355000 0.519142
v 0.695000 0.325000 -0.605000
v 0.675000 0.345000 -0.605000
v 0.695000 0.345000 -0.625000
v 0.680858 0.330858 -0.605000
v 0.683453 0.333453 -0.616547
v 0.680858 0.345000 -0.619142
v 0.695000 0.330858 -0.619142
v 0.695000 1.375000 -0.605000
v 0.695000 1.355000 -0.625000
v 0.675000 1.355000 -0.605000
v 0.695000 1.369142 -0.619142
v 0.683453 1.366547 -0.616547
v 0.680858 1.355000 -0.619142
v 0.680858 1.369142 -0.605000
v 1.705000 0.325000 0.505000
v 1.725000 0.345000 0.505000
v 1.705000 0.345000 0.525000
v 1.719142 0.330858 0.505000
v 1.716547 0.333453 0.516547
v 1.719142 0.345000 0.519142
v 1.705000 0.330858 0.519142
v 1.705000 1.375000 0.505000
v 1.705000 1.355000 0.525000
v 1.725000 1.355000 0.505000
v 1.705000 1.369142 0.519142
v 1.716547 1.366547 0.516547
v 1.719142 1.355000 0.519142
v 1.719142 1.369142 0.505000
v 1.705000 0.325000 -0.605000
v 1.705000 0.345000 -0.625000
v 1.725000 0.345000 -0.605000
v 1.705000 0.330858 -0.619142
v 1.716547 0.333453 -0.616547
v 1.719142 0.345000 -0.619142
v 1.719142 0.330858 -0.605000
v 1.705000 1.375000 -0.605000
v 1.725000 1.355000 -0.605000
v 1.705000 1.355000 -0.625000
v 1.719142 1.369142 -0.605000
v 1.716547 1.366547 -0.616547
v 1.719142 1.355000 -0.619142
v 1.705000 1.369142 -0.619142
v 0.660000 1.360000 0.540000
v 0.660000 1.380000 0.560000
v 0.640000 1.380000 0.540000
v 0.660000 1.365858 0.554142
v 0.648453 1.368453 0.551547
v 0.645858 1.380000 0.554142
v 0.645858 1.365858 0.540000
v 0.660000 1.460000 0.560000
v 0.660000 1.480000 0.540000
v 0.640000 1.460000 0.540000
v 0.660000 1.474142 0.554142
v 0.648453 1.471547 0.551547
v 0.645858 1.474142 0.540000
v 0.645858 1.460000 0.554142
v 0.660000 1.360000 -0.640000
v 0.640000 1.380000 -0.640000
v 0.660000 1.380000 -0.660000
v 0.645858 1.365858 -0.640000
v 0.648453 1.368453 -0.651547
v 0.645858 1.380000 -0.654142
v 0.660000 1.365858 -0.654142
v 0.660000 1.480000 -0.640000
v 0.660000 1.460000 -0.660000
v 0.640000 1.460000 -0.640000
v 0.660000 1.474142 -0.654142
v 0.648453 1.471547 -0.651547
v 0.645858 1.460000 -0.654142
v 0.645858 1.474142 -0.640000
v 1.740000 1.360000 0.540000
v 1.760000 1.380000 0.540000
v 1.740000 1.380000 0.560000
v 1.754142 1.365858 0.540000
v 1.751547 1.368453 0.551547
v 1.754142 1.380000 0.554142
v 1.740000 1.365858 0.554142
v 1.740000 1.480000 0.540000
v 1.740000 1.460000 0.560000
v 1.760000 1.460000 0.540000
v 1.740000 1.474142 0.554142
v 1.751547 1.471547 0.551547
v 1.754142 1.460000 0.554142
v 1.754142 1.474142 0.540000
v 1.740000 1.360000 -0.640000
v 1.740000 1.380000 -0.660000
v 1.760000 1.380000 -0.640000
v 1.740000 1.365858 -0.654142
v 1.751547 1.368453 -0.651547
v 1.754142 1.380000 -0.654142
v 1.754142 1.365858 -0.640000
v 1.740000 1.480000 -0.640000
v 1.760000 1.460000 -0.640000
v 1.740000 1.460000 -0.660000
v 1.754142 1.474142 -0.640000
v 1.751547 1.471547 -0.651547
v 1.754142 1.460000 -0.654142
v 1.740000 1.474142 -0.654142
v 1.200000 0.200000 -1.148971
v 1.180979 0.220000 -1.163820
v 1.219021 0.220000 -1.163820
v 1.189209 0.205858 -1.160335
v 1.200000 0.208453 -1.163676
v 1.200000 0.220000 -1.166380
v 1.210791 0.205858 -1.160335
v 1.200000 0.900000 -1.148971
v 1.219021 0.880000 -1.163820
v 1.180979 0.880000 -1.163820
v 1.210791 0.894142 -1.160335
v 1.200000 0.891547 -1.163676
v 1.200000 0.880000 -1.166380
v 1.189209 0.894142 -1.160335
v 1.375731 0.200000 -1.091873
v 1.369070 0.220000 -1.115066
v 1.399847 0.220000 -1.092705
v 1.373680 0.205858 -1.107409
v 1.384374 0.208453 -1.103769
v 1.385963 0.220000 -1.105956
v 1.391140 0.205858 -1.094723
v 1.375731 0.900000 -1.091873
v 1.399847 0.880000 -1.092705
v 1.369070 0.880000 -1.115066
v 1.391140 0.894142 -1.094723
v 1.384374 0.891547 -1.103769
v 1.385963 0.880000 -1.105956
v 1.373680 0.894142 -1.107409
v 1.484338 0.200000 -0.942387
v 1.492582 0.220000 -0.965066
v 1.504338 0.220000 -0.928885
v 1.491811 0.205858 -0.956161
v 1.498324 0.208453 -0.946931
v 1.500895 0.220000 -0.947767
v 1.498480 0.205858 -0.935636
v 1.484338 0.900000 -0.942387
v 1.504338 0.880000 -0.928885
v 1.492582 0.880000 -0.965066
v 1.498480 0.894142 -0.935636
v 1.498324 0.891547 -0.946931
v 1.500895 0.880000 -0.947767
v 1.491811 0.894142 -0.956161
v 1.484338 0.200000 -0.757613
v 1.504338 0.220000 -0.771115
v 1.492582 0.220000 -0.734934
v 1.498480 0.205858 -0.764364
v 1.498324 0.208453 -0.753069
v 1.500895 0.220000 -0.752233
v 1.491811 0.205858 -0.743839
v 1.484338 0.900000 -0.757613
v 1.492582 0.880000 -0.734934
v 1.504338 0.880000 -0.771115
v 1.491811 0.894142 -0.743839
v 1.498324 0.891547 -0.753069
v 1.500895 0.880000 -0.752233
v 1.498480 0.894142 -0.764364
v 1.375731 0.200000 -0.608128
v 1.399847 0.220000 -0.607295
v 1.369070 0.220000 -0.584934
v 1.391140 0.205858 -0.605277
v 1.384374 0.208453 -0.596231
v 1.385963 0.220000 -0.594043
v 1.373680 0.205858 -0.592592
v 1.375731 0.900000 -0.608128
v 1.369070 0.880000 -0.584934
v 1.399847 0.880000 -0.607295
v 1.373680 0.894142 -0.592592
v 1.384374 0.891547 -0.596231
v 1.385963 0.880000 -0.594043
v 1.391140 0.894142 -0.605277
v 1.200000 0.200000 -0.551029
v 1.219021 0.220000 -0.536180
v 1.180979 0.220000 -0.536180
v 1.210791 0.205858 -0.539665
v 1.200000 0.208453 -0.536324
v 1.200000 0.220000 -0.533620
v 1.189210 0.205858 -0.539665
v 1.200000 0.900000 -0.551029
v 1.180979 0.880000 -0.536180
v 1.219021 0.880000 -0.536180
v 1.189209 0.894142 -0.539665
v 1.200000 0.891547 -0.536324
v 1.200000 0.880000 -0.533620
v 1.210791 0.894142 -0.539665
v 1.024269 0.200000 -0.608128
v 1.030930 0.220000 -0.584934
v 1.000153 0.220000 -0.607295
v 1.026320 0.205858 -0.592592
v 1.015626 0.208453 -0.596231
v 1.014037 0.220000 -0.594043
v 1.008860 0.205858 -0.605277
v 1.024269 0.900000 -0.608128
v 1.000153 0.880000 -0.607295
v 1.030930 0.880000 -0.584934
v 1.008860 0.894142 -0.605277
v 1.015626 0.891547 -0.596231
v 1.014037 0.880000 -0.594043
v 1.026320 0.894142 -0.592592
v 0.915662 0.200000 -0.757613
v 0.907418 0.220000 -0.734934
v 0.895662 0.220000 -0.771115
v 0.908189 0.205858 -0.743839
v 0.901676 0.208453 -0.753069
v 0.899105 0.220000 -0.752233
v 0.901520 0.205858 -0.764364
v 0.915662 0.900000 -0.757613
v 0.895662 0.880000 -0.771115
v 0.907418 0.880000 -0.734934
v 0.901520 0.894142 -0.764364
v 0.901676 0.891547 -0.753069
v 0.899105 0.880000 -0.752233
v 0.908189 0.894142 -0.743839
v 0.915662 0.200000 -0.942387
v 0.895662 0.220000 -0.928885
v 0.907418 0.220000 -0.965066
v 0.901520 0.205858 -0.935636
v 0.901676 0.208453 -0.946931
v 0.899105 0.220000 -0.947767
v 0.908189 0.205858 -0.956161
v 0.915662 0.900000 -0.942387
v 0.907418 0.880000 -0.965066
v 0.895662 0.880000 -0.928885
v 0.908189 0.894142 -0.956161
v 0.901676 0.891547 -0.946931
v 0.899105 0.880000 -0.947767
v 0.901520 0.894142 -0.935636
v 1.024269 0.200000 -1.091873
v 1.000153 0.220000 -1.092705
v 1.030930 0.220000 -1.115066
v 1.008860 0.205858 -1.094723
v 1.015626 0.208453 -1.103769
v 1.014037 0.220000 -1.105956
v 1.026320 0.205858 -1.107409
v 1.024269 0.900000 -1.091873
v 1.030930 0.880000 -1.115066
v 1.000153 0.880000 -1.092705
v 1.026320 0.894142 -1.107409
v 1.015626 0.891547 -1.103769
v 1.014037 0.880000 -1.105956
v 1.008860 0.894142 -1.094723
v 1.895000 0.325000 0.505000
v 1.895000 0.345000 0.525000
v 1.875000 0.345000 0.505000
v 1.895000 0.330858 0.519142
v 1.883453 0.333453 0.516547
v 1.880858 0.345000 0.519142
v 1.880858 0.330858 0.505000
v 1.895000 1.355000 0.525000
v 1.895000 1.375000 0.505000
v 1.875000 1.355000 0.505000
v 1.895000 1.369142 0.519142
v 1.883453 1.366547 0.516547
v 1.880858 1.369142 0.505000
v 1.880858 1.355000 0.519142
v 1.895000 0.325000 -0.605000
v 1.875000 0.345000 -0.605000
v 1.895000 0.345000 -0.625000
v 1.880858 0.330858 -0.605000
v 1.883453 0.333453 -0.616547
v 1.880858 0.345000 -0.619142
v 1.895000 0.330858 -0.619142
v 1.895000 1.375000 -0.605000
v 1.895000 1.355000 -0.625000
v 1.875000 1.355000 -0.605000
v 1.895000 1.369142 -0.619142
v 1.883453 1.366547 -0.616547
v 1.880858 1.355000 -0.619142
v 1.880858 1.369142 -0.605000
v 2.905000 0.325000 0.505000
v 2.925000 0.345000 0.505000
v 2.905000 0.345000 0.525000
v 2.919142 0.330858 0.505000
v 2.916547 0.333453 0.516547
v 2.919142 0.345000 0.519142
v 2.905000 0.330858 0.519142
v 2.905000 1.375000 0.505000
v 2.905000 1.355000 0.525000
v 2.925000 1.355000 0.505000
v 2.905000 1.369142 0.519142
v 2.916547 1.366547 0.516547
v 2.919142 1.355000 0.519142
v 2.919142 1.369142 0.505000
v 2.905000 0.325000 -0.605000
v 2.905000 0.345000 -0.625000
v 2.925000 0.345000 -0.605000
v 2.905000 0.330858 -0.619142
v 2.916547 0.333453 -0.616547
v 2.919142 0.345000 -0.619142
v 2.919142 0.330858 -0.605000
v 2.905000 1.375000 -0.605000
v 2.925000 1.355000 -0.605000
v 2.905000 1.355000 -0.625000
v 2.919142 1.369142 -0.605000
v 2.916547 1.366547 -0.616547
v 2.919142 1.355000 -0.619142
v 2.905000 1.369142 -0.619142
v 1.860000 1.360000 0.540000
v 1.860000 1.380000 0.560000
v 1.840000 1.380000 0.540000
v 1.860000 1.365858 0.554142
v 1.848453 1.368453 0.551547
v 1.845858 1.380000 0.554142
v 1.845858 1.365858 0.540000
v 1.860000 1.460000 0.560000
v 1.860000 1.480000 0.540000
v 1.840000 1.460000 0.540000
v 1.860000 1.474142 0.554142
v 1.848453 1.471547 0.551547
v 1.845858 1.474142 0.540000
v 1.845858 1.460000 0.554142
v 1.860000 1.360000 -0.640000
v 1.840000 1.380000 -0.640000
v 1.860000 1.380000 -0.660000
v 1.845858 1.365858 -0.640000
v 1.848453 1.368453 -0.651547
v 1.845858 1.380000 -0.654142
v 1.860000 1.365858 -0.654142
v 1.860000 1.480000 -0.640000
v 1.860000 1.460000 -0.660000
v 1.840000 1.460000 -0.640000
v 1.860000 1.474142 -0.654142
v 1.848453 1.471547 -0.651547
v 1.845858 1.460000 -0.654142
v 1.845858 1.474142 -0.640000
v 2.940000 1.360000 0.540000
v 2.960000 1.380000 0.540000
v 2.940000 1.380000 0.560000
v 2.954142 1.365858 0.540000
v 2.951547 1.368453 0.551547
v 2.954142 1.380000 0.554142
v 2.940000 1.365858 0.554142
v 2.940000 1.480000 0.540000
v 2.940000 1.460000 0.560000
v 2.960000 1.460000 0.540000
v 2.940000 1.474142 0.554142
v 2.951547 1.471547 0.551547
v 2.954142 1.460000 0.554142
v 2.954142 1.474142 0.540000
v 2.940000 1.360000 -0.640000
v 2.940000 1.380000 -0.660000
v 2.960000 1.380000 -0.640000
v 2.940000 1.365858 -0.654142
v 2.951547 1.368453 -0.651547
v 2.954142 1.380000 -0.654142
v 2.954142 1.365858 -0.640000
v 2.940000 1.480000 -0.640000
v 2.960000 1.460000 -0.640000
v 2.940000 1.460000 -0.660000
v 2.954142 1.474142 -0.640000
v 2.951547 1.471547 -0.651547
v 2.954142 1.460000 -0.654142
v 2.940000 1.474142 -0.654142
v 2.400000 0.200000 -1.148971
v 2.380979 0.220000 -1.163820
v 2.419021 0.220000 -1.163820
v 2.389210 0.205858 -1.160335
v 2.400000 0.208453 -1.163676
v 2.400000 0.220000 -1.166380
v 2.410791 0.205858 -1.160335
v 2.400000 0.900000 -1.148971
v 2.419021 0.880000 -1.163820
v 2.380979 0.880000 -1.163820
v 2.410791 0.894142 -1.160335
v 2.400000 0.891547 -1.163676
v 2.400000 0.880000 -1.166380
v 2.389210 0.894142 -1.160335
v 2.575731 0.200000 -1.091872
v 2.569070 0.220000 -1.115066
v 2.599847 0.220000 -1.092705
v 2.573681 0.205858 -1.107409
v 2.584375 0.208453 -1.103769
v 2.585964 0.220000 -1.105956
v 2.591140 0.205858 -1.094723
v 2.575731 0.900000 -1.091872
v 2.599847 0.880000 -1.092705
v 2.569070 0.880000 -1.115066
v 2.591140 0.894142 -1.094723
v 2.584375 0.891547 -1.103769
v 2.585964 0.880000 -1.105956
v 2.573681 0.894142 -1.107409
v 2.684338 0.200000 -0.942387
v 2.692582 0.220000 -0.965066
v 2.704338 0.220000 -0.928885
v 2.691811 0.205858 -0.956161
v 2.698324 0.208453 -0.946931
v 2.700895 0.220000 -0.947767
v 2.698480 0.205858 -0.935636
v 2.684338 0.900000 -0.942387
v 2.704338 0.880000 -0.928885
v 2.692582 0.880000 -0.965066
v 2.698480 0.894142 -0.935636
v 2.698324 0.891547 -0.946931
v 2.700895 0.880000 -0.947767
v 2.691811 0.894142 -0.956161
v 2.684338 0.200000 -0.757613
v 2.704338 0.220000 -0.771115
v 2.692582 0.220000 -0.734934
v 2.698480 0.205858 -0.764364
v 2.698324 0.208453 -0.753069
v 2.700895 0.220000 -0.752233
v 2.691811 0.205858 -0.743839
v 2.684338 0.900000 -0.757613
v 2.692582 0.880000 -0.734934
v 2.704338 0.880000 -0.771115
v 2.691811 0.894142 -0.743839
v 2.698324 0.891547 -0.753069
v 2.700895 0.880000 -0.752233
v 2.698480 0.894142 -0.764364
v 2.575731 0.200000 -0.608128
v 2.599847 0.220000 -0.607295
v 2.569070 0.220000 -0.584934
v 2.591140 0.205858 -0.605277
v 2.584375 0.208453 -0.596231
v 2.585964 0.220000 -0.594043
v 2.573681 0.205858 -0.592591
v 2.575731 0.900000 -0.608128
v 2.569070 0.880000 -0.584934
v 2.599847 0.880000 -0.607295
v 2.573681 0.894142 -0.592592
v 2.584375 0.891547 -0.596231
v 2.585964 0.880000 -0.594044
v 2.591140 0.894142 -0.605277
v 2.400000 0.200000 -0.551029
v 2.419021 0.220000 -0.536180
v 2.380979 0.220000 -0.536180
v 2.410791 0.205858 -0.539665
v 2.400000 0.208453 -0.536324
v 2.400000 0.220000 -0.533620
v 2.389210 0.205858 -0.539665
v 2.400000 0.900000 -0.551029
v 2.380979 0.880000 -0.536180
v 2.419021 0.880000 -0.536180
v 2.389210 0.894142 -0.539665
v 2.400000 0.891547 -0.536324
v 2.400000 0.880000 -0.533620
v 2.410791 0.894142 -0.539665
v 2.224269 0.200000 -0.608128
v 2.230930 0.220000 -0.584934
v 2.200153 0.220000 -0.607295
v 2.226320 0.205858 -0.592592
v 2.215626 0.208453 -0.596231
v 2.214036 0.220000 -0.594044
v 2.208860 0.205858 -0.605277
v 2.224269 0.900000 -0.608128
v 2.200153 0.880000 -0.607295
v 2.230930 0.880000 -0.584934
v 2.208860 0.894142 -0.605277
v 2.215626 0.891547 -0.596231
v 2.214036 0.880000 -0.594043
v 2.226320 0.894142 -0.592591
v 2.115662 0.200000 -0.757613
v 2.107418 0.220000 -0.734934
v 2.095662 0.220000 -0.771115
v 2.108189 0.205858 -0.743839
v 2.101677 0.208453 -0.753069
v 2.099106 0.220000 -0.752233
v 2.101520 0.205858 -0.764364
v 2.115662 0.900000 -0.757613
v 2.095662 0.880000 -0.771115
v 2.107418 0.880000 -0.734934
v 2.101520 0.894142 -0.764364
v 2.101677 0.891547 -0.753069
v 2.099106 0.880000 -0.752233
v 2.108189 0.894142 -0.743839
v 2.115662 0.200000 -0.942387
v 2.095662 0.220000 -0.928885
v 2.107418 0.220000 -0.965066
v 2.101520 0.205858 -0.935636
v 2.101677 0.208453 -0.946931
v 2.099106 0.220000 -0.947767
v 2.108189 0.205858 -0.956161
v 2.115662 0.900000 -0.942387
v 2.107418 0.880000 -0.965066
v 2.095662 0.880000 -0.928885
v 2.108189 0.894142 -0.956161
v 2.101677 0.891547 -0.946931
v 2.099106 0.880000 -0.947767
v 2.101520 0.894142 -0.935636
v 2.224269 0.200000 -1.091872
v 2.200153 0.220000 -1.092705
v 2.230930 0.220000 -1.115066
v 2.208860 0.205858 -1.094723
v 2.215626 0.208453 -1.103769
v 2.214036 0.220000 -1.105956
v 2.226320 0.205858 -1.107409
v 2.224269 0.900000 -1.091872
v 2.230930 0.880000 -1.115066
v 2.200153 0.880000 -1.092705
v 2.226320 0.894142 -1.107409
v 2.215626 0.891547 -1.103769
v 2.214036 0.880000 -1.105956
v 2.208860 0.894142 -1.094723
v 3.095000 0.325000 0.505000
v 3.095000 0.345000 0.525000
v 3.075000 0.345000 0.505000
v 3.095000 0.330858 0.519142
v 3.083453 0.333453 0.516547
v 3.080858 0.345000 0.519142
v 3.080858 0.330858 0.505000
v 3.095000 1.355000 0.525000
v 3.095000 1.375000 0.505000
v 3.075000 1.355000 0.505000
v 3.095000 1.369142 0.519142
v 3.083453 1.366547 0.516547
v 3.080858 1.369142 0.505000
v 3.080858 1.355000 0.519142
v 3.095000 0.325000 -0.605000
v 3.075000 0.345000 -0.605000
v 3.095000 0.345000 -0.625000
v 3.080858 0.330858 -0.605000
v 3.083453 0.333453 -0.616547
v 3.080858 0.345000 -0.619142
v 3.095000 0.330858 -0.619142
v 3.095000 1.375000 -0.605000
v 3.095000 1.355000 -0.625000
v 3.075000 1.355000 -0.605000
v 3.095000 1.369142 -0.619142
v 3.083453 1.366547 -0.616547
v 3.080858 1.355000 -0.619142
v 3.080858 1.369142 -0.605000
v 4.105000 0.325000 0.505000
v 4.125000 0.345000 0.505000
v 4.105000 0.345000 0.525000
v 4.119142 0.330858 0.505000
v 4.116547 0.333453 0.516547
v 4.119142 0.345000 0.519142
v 4.105000 0.330858 0.519142
v 4.105000 1.375000 0.505000
v 4.105000 1.355000 0.525000
v 4.125000 1.355000 0.505000
v 4.105000 1.369142 0.519142
v 4.116547 1.366547 0.516547
v 4.119142 1.355000 0.519142
v 4.119142 1.369142 0.505000
v 4.105000 0.325000 -0.605000
v 4.105000 0.345000 -0.625000
v 4.125000 0.345000 -0.605000
v 4.105000 0.330858 -0.619142
v 4.116547 0.333453 -0.616547
v 4.119142 0.345000 -0.619142
v 4.119142 0.330858 -0.605000
v 4.105000 1.375000 -0.605000
v 4.125000 1.355000 -0.605000
v 4.105000 1.355000 -0.625000
v 4.119142 1.369142 -0.605000
v 4.116547 1.366547 -0.616547
v 4.119142 1.355000 -0.619142
v 4.105000 1.369142 -0.619142
v 3.060000 1.360000 0.540000
v 3.060000 1.380000 0.560000
v 3.040000 1.380000 0.540000
v 3.060000 1.365858 0.554142
v 3.048453 1.368453 0.551547
v 3.045858 1.380000 0.554142
v 3.045858 1.365858 0.540000
v 3.060000 1.460000 0.560000
v 3.060000 1.480000 0.540000
v 3.040000 1.460000 0.540000
v 3.060000 1.474142 0.554142
v 3.048453 1.471547 0.551547
v 3.045858 1.474142 0.540000
v 3.045858 1.460000 0.554142
v 3.060000 1.360000 -0.640000
v 3.040000 1.380000 -0.640000
v 3.060000 1.380000 -0.660000
v 3.045858 1.365858 -0.640000
v 3.048453 1.368453 -0.651547
v 3.045858 1.380000 -0.654142
v 3.060000 1.365858 -0.654142
v 3.060000 1.480000 -0.640000
v 3.060000 1.460000 -0.660000
v 3.040000 1.460000 -0.640000
v 3.060000 1.474142 -0.654142
v 3.048453 1.471547 -0.651547
v 3.045858 1.460000 -0.654142
v 3.045858 1.474142 -0.640000
v 4.140000 1.360000 0.540000
v 4.160000 1.380000 0.540000
v 4.140000 1.380000 0.560000
v 4.154141 1.365858 0.540000
v 4.151546 1.368453 0.551547
v 4.154141 1.380000 0.554142
v 4.139999 1.365858 0.554142
v 4.140000 1.480000 0.540000
v 4.140000 1.460000 0.560000
v 4.160000 1.460000 0.540000
v 4.140000 1.474142 0.554142
v 4.151547 1.471547 0.551547
v 4.154142 1.460000 0.554142
v 4.154142 1.474142 0.540000
v 4.140000 1.360000 -0.640000
v 4.140000 1.380000 -0.660000
v 4.160000 1.380000 -0.640000
v 4.140000 1.365858 -0.654142
v 4.151547 1.368453 -0.651547
v 4.154142 1.380000 -0.654142
v 4.154142 1.365858 -0.640000
v 4.140000 1.480000 -0.640000
v 4.160000 1.460000 -0.640000
v 4.140000 1.460000 -0.660000
v 4.154141 1.474142 -0.640000
v 4.151546 1.471547 -0.651547
v 4.154141 1.460000 -0.654142
v 4.139999 1.474142 -0.654142
v 3.600000 0.200000 -1.148971
v 3.580979 0.220000 -1.163820
v 3.619021 0.220000 -1.163820
v 3.589209 0.205858 -1.160335
v 3.600000 0.208453 -1.163676
v 3.600000 0.220000 -1.166380
v 3.610790 0.205858 -1.160335
v 3.600000 0.900000 -1.148971
v 3.619021 0.880000 -1.163820
v 3.580979 0.880000 -1.163820
v 3.610790 0.894142 -1.160335
v 3.600000 0.891547 -1.163676
v 3.600000 0.880000 -1.166380
v 3.589209 0.894142 -1.160335
v 3.775731 0.200000 -1.091872
v 3.769070 0.220000 -1.115066
v 3.799847 0.220000 -1.092705
v 3.773680 0.205858 -1.107409
v 3.784374 0.208453 -1.103769
v 3.785964 0.220000 -1.105956
v 3.791140 0.205858 -1.094723
v 3.775731 0.900000 -1.091872
v 3.799847 0.880000 -1.092705
v 3.769070 0.880000 -1.115066
v 3.791140 0.894142 -1.094723
v 3.784374 0.891547 -1.103769
v 3.785964 0.880000 -1.105956
v 3.773680 0.894142 -1.107409
v 3.884338 0.200000 -0.942387
v 3.892582 0.220000 -0.965066
v 3.904338 0.220000 -0.928885
v 3.891811 0.205858 -0.956161
v 3.898324 0.208453 -0.946931
v 3.900894 0.220000 -0.947767
v 3.898480 0.205858 -0.935636
v 3.884338 0.900000 -0.942387
v 3.904338 0.880000 -0.928885
v 3.892582 0.880000 -0.965066
v 3.898480 0.894142 -0.935636
v 3.898324 0.891547 -0.946931
v 3.900894 0.880000 -0.947767
v 3.891811 0.894142 -0.956161
v 3.884338 0.200000 -0.757613
v 3.904338 0.220000 -0.771115
v 3.892582 0.220000 -0.734934
v 3.898480 0.205858 -0.764364
v 3.898324 0.208453 -0.753069
v 3.900894 0.220000 -0.752233
v 3.891811 0.205858 -0.743839
v 3.884338 0.900000 -0.757613
v 3.892582 0.880000 -0.734934
v 3.904338 0.880000 -0.771115
v 3.891811 0.894142 -0.743839
v 3.898324 0.891547 -0.753069
v 3.900894 0.880000 -0.752233
v 3.898480 0.894142 -0.764364
v 3.775731 0.200000 -0.608128
v 3.799847 0.220000 -0.607295
v 3.769070 0.220000 -0.584934
v 3.791140 0.205858 -0.605277
v 3.784374 0.208453 -0.596231
v 3.785964 0.220000 -0.594043
v 3.773680 0.205858 -0.592591
v 3.775731 0.900000 -0.608128
v 3.769070 0.880000 -0.584934
v 3.799847 0.880000 -0.607295
v 3.773680 0.894142 -0.592592
v 3.784374 0.891547 -0.596231
v 3.785964 0.880000 -0.594044
v 3.791140 0.894142 -0.605277
v 3.600000 0.200000 -0.551029
v 3.619021 0.220000 -0.536180
v 3.580979 0.220000 -0.536180
v 3.610790 0.205858 -0.539665
v 3.600000 0.208453 -0.536324
v 3.600000 0.220000 -0.533620
v 3.589209 0.205858 -0.539665
v 3.600000 0.900000 -0.551029
v 3.580979 0.880000 -0.536180
v 3.619021 0.880000 -0.536180
v 3.589209 0.894142 -0.539665
v 3.600000 0.891547 -0.536324
v 3.600000 0.880000 -0.533620
v 3.610790 0.894142 -0.539665
v 3.424269 0.200000 -0.608128
v 3.430930 0.220000 -0.584934
v 3.400153 0.220000 -0.607295
v 3.426319 0.205858 -0.592592
v 3.415626 0.208453 -0.596231
v 3.414036 0.220000 -0.594044
v 3.408860 0.205858 -0.605277
v 3.424269 0.900000 -0.608128
v 3.400153 0.880000 -0.607295
v 3.430930 0.880000 -0.584934
v 3.408860 0.894142 -0.605277
v 3.415626 0.891547 -0.596231
v 3.414036 0.880000 -0.594043
v 3.426319 0.894142 -0.592591
v 3.315662 0.200000 -0.757613
v 3.307418 0.220000 -0.734934
v 3.295662 0.220000 -0.771115
v 3.308189 0.205858 -0.743839
v 3.301677 0.208453 -0.753069
v 3.299105 0.220000 -0.752233
v 3.301520 0.205858 -0.764364
v 3.315662 0.900000 -0.757613
v 3.295662 0.880000 -0.771115
v 3.307418 0.880000 -0.734934
v 3.301520 0.894142 -0.764364
v 3.301677 0.891547 -0.753069
v 3.299105 0.880000 -0.752233
v 3.308189 0.894142 -0.743839
v 3.315662 0.200000 -0.942387
v 3.295662 0.220000 -0.928885
v 3.307418 0.220000 -0.965066
v 3.301520 0.205858 -0.935636
v 3.301677 0.208453 -0.946931
v 3.299105 0.220000 -0.947767
v 3.308189 0.205858 -0.956161
v 3.315662 0.900000 -0.942387
v 3.307418 0.880000 -0.965066
v 3.295662 0.880000 -0.928885
v 3.308189 0.894142 -0.956161
v 3.301677 0.891547 -0.946931
v 3.299105 0.880000 -0.947767
v 3.301520 0.894142 -0.935636
v 3.424269 0.200000 -1.091872
v 3.400153 0.220000 -1.092705
v 3.430930 0.220000 -1.115066
v 3.408860 0.205858 -1.094723
v 3.415626 0.208453 -1.103769
v 3.414036 0.220000 -1.105956
v 3.426319 0.205858 -1.107409
v 3.424269 0.900000 -1.091872
v 3.430930 0.880000 -1.115066
v 3.400153 0.880000 -1.092705
v 3.426319 0.894142 -1.107409
v 3.415626 0.891547 -1.103769
v 3.414036 0.880000 -1.105956
v 3.408860 0.894142 -1.094723
v -4.232780 1.460000 1.185272
v -4.229997 1.480000 1.205077
v -4.252585 1.480000 1.188055
v -4.230812 1.465858 1.199276
v -4.242607 1.468453 1.198313
v -4.244816 1.480000 1.201244
v -4.246784 1.465858 1.187240
v -4.229997 1.620000 1.205077
v -4.232780 1.640000 1.185272
v -4.252585 1.620000 1.188055
v -4.230812 1.634142 1.199276
v -4.242607 1.631547 1.198313
v -4.246784 1.634142 1.187240
v -4.244816 1.620000 1.201244
v -4.243914 1.460000 1.106050
v -4.263720 1.480000 1.108834
v -4.246697 1.480000 1.086245
v -4.257918 1.465858 1.108018
v -4.256955 1.468453 1.096223
v -4.259886 1.480000 1.094014
v -4.245882 1.465858 1.092046
v -4.243914 1.640000 1.106050
v -4.246697 1.620000 1.086245
v -4.263720 1.620000 1.108834
v -4.245883 1.634142 1.092046
v -4.256956 1.631547 1.096223
v -4.259887 1.620000 1.094014
v -4.257919 1.634142 1.108018
v 4.243914 1.460000 -0.006050
v 4.263720 1.480000 -0.008834
v 4.246697 1.480000 0.013755
v 4.257918 1.465858 -0.008018
v 4.256955 1.468453 0.003777
v 4.259886 1.480000 0.005986
v 4.245882 1.465858 0.007954
v 4.243914 1.640000 -0.006050
v 4.246697 1.620000 0.013755
v 4.263720 1.620000 -0.008834
v 4.245883 1.634142 0.007954
v 4.256956 1.631547 0.003777
v 4.259887 1.620000 0.005986
v 4.257919 1.634142 -0.008018
v 4.232780 1.460000 -0.085272
v 4.229997 1.480000 -0.105077
v 4.252585 1.480000 -0.088055
v 4.230812 1.465858 -0.099276
v 4.242607 1.468453 -0.098313
v 4.244816 1.480000 -0.101244
v 4.246784 1.465858 -0.087240
v 4.232780 1.640000 -0.085272
v 4.252585 1.620000 -0.088055
v 4.229997 1.620000 -0.105077
v 4.246784 1.634142 -0.087240
v 4.242607 1.631547 -0.098313
v 4.244816 1.620000 -0.101244
v 4.230812 1.634142 -0.099276
v -4.161283 1.660000 -0.947148
v -4.163373 1.680000 -0.927258
v -4.181173 1.680000 -0.949239
v -4.162761 1.665858 -0.933083
v -4.173974 1.668453 -0.936871
v -4.176826 1.680000 -0.934562
v -4.175348 1.665858 -0.948626
v -4.163373 1.820000 -0.927258
v -4.161283 1.840000 -0.947148
v -4.181173 1.820000 -0.949239
v -4.162761 1.834142 -0.933083
v -4.173974 1.831547 -0.936871
v -4.175348 1.834142 -0.948626
v -4.176826 1.820000 -0.934562
v -4.152920 1.660000 -1.026710
v -4.172811 1.680000 -1.028800
v -4.150830 1.680000 -1.046600
v -4.166985 1.665858 -1.028188
v -4.163197 1.668453 -1.039401
v -4.165507 1.680000 -1.042253
v -4.151442 1.665858 -1.040774
v -4.152920 1.840000 -1.026710
v -4.150830 1.820000 -1.046600
v -4.172811 1.820000 -1.028800
v -4.151442 1.834142 -1.040774
v -4.163197 1.831547 -1.039401
v -4.165507 1.820000 -1.042253
v -4.166985 1.834142 -1.028188
v 4.152920 1.660000 -0.073290
v 4.172811 1.680000 -0.071200
v 4.150830 1.680000 -0.053400
v 4.166985 1.665858 -0.071812
v 4.163197 1.668453 -0.060599
v 4.165507 1.680000 -0.057747
v 4.151442 1.665858 -0.059226
v 4.152920 1.840000 -0.073290
v 4.150830 1.820000 -0.053400
v 4.172811 1.820000 -0.071200
v 4.151442 1.834142 -0.059225
v 4.163197 1.831547 -0.060599
v 4.165507 1.820000 -0.057747
v 4.166985 1.834142 -0.071812
v 4.161283 1.660000 -0.152852
v 4.163373 1.680000 -0.172742
v 4.181173 1.680000 -0.150761
v 4.162761 1.665858 -0.166917
v 4.173974 1.668453 -0.163129
v 4.176826 1.680000 -0.165438
v 4.175348 1.665858 -0.151374
v 4.161283 1.840000 -0.152852
v 4.181173 1.820000 -0.150761
v 4.163373 1.820000 -0.172742
v 4.175348 1.834142 -0.151374
v 4.173974 1.831547 -0.163129
v 4.176826 1.820000 -0.165438
v 4.162762 1.834142 -0.166917
v -3.680000 1.575000 -0.130000
v -3.680000 1.595000 -0.110000
v -3.700000 1.595000 -0.130000
v -3.680000 1.580858 -0.115858
v -3.691547 1.583453 -0.118453
v -3.694142 1.595000 -0.115858
v -3.694142 1.580858 -0.130000
v -3.680000 2.705000 -0.110000
v -3.680000 2.725000 -0.130000
v -3.700000 2.705000 -0.130000
v -3.680000 2.719142 -0.115858
v -3.691547 2.716547 -0.118453
v -3.694142 2.719142 -0.130000
v -3.694142 2.705000 -0.115858
v -3.680000 1.575000 -0.170000
v -3.700000 1.595000 -0.170000
v -3.680000 1.595000 -0.190000
v -3.694142 1.580858 -0.170000
v -3.691547 1.583453 -0.181547
v -3.694142 1.595000 -0.184142
v -3.680000 1.580858 -0.184142
v -3.680000 2.725000 -0.170000
v -3.680000 2.705000 -0.190000
v -3.700000 2.705000 -0.170000
v -3.680000 2.719142 -0.184142
v -3.691547 2.716547 -0.181547
v -3.694142 2.705000 -0.184142
v -3.694142 2.719142 -0.170000
v 3.680000 1.575000 -0.130000
v 3.700000 1.595000 -0.130000
v 3.680000 1.595000 -0.110000
v 3.694142 1.580858 -0.130000
v 3.691547 1.583453 -0.118453
v 3.694142 1.595000 -0.115858
v 3.680000 1.580858 -0.115858
v 3.680000 2.725000 -0.130000
v 3.680000 2.705000 -0.110000
v 3.700000 2.705000 -0.130000
v 3.680000 2.719142 -0.115858
v 3.691547 2.716547 -0.118453
v 3.694142 2.705000 -0.115858
v 3.694142 2.719142 -0.130000
v 3.680000 1.575000 -0.170000
v 3.680000 1.595000 -0.190000
v 3.700000 1.595000 -0.170000
v 3.680000 1.580858 -0.184142
v 3.691547 1.583453 -0.181547
v 3.694142 1.595000 -0.184142
v 3.694142 1.580858 -0.170000
v 3.680000 2.725000 -0.170000
v 3.700000 2.705000 -0.170000
v 3.680000 2.705000 -0.190000
v 3.694142 2.719142 -0.170000
v 3.691547 2.716547 -0.181547
v 3.694142 2.705000 -0.184142
v 3.680000 2.719142 -0.184142
vn -0.1794 -0.9673 0.1794
vn -0.3251 -0.8881 0.3251
vn -0.3791 -0.9152 0.1369
vn -0.1794 -0.1794 0.9673
vn -0.3251 -0.3251 0.8881
vn -0.1369 -0.3791 0.9152
vn -0.9673 -0.1794 0.1794
vn -0.8881 -0.3251 0.3250
vn -0.9152 -0.1369 0.3791
vn -0.1794 0.1794 0.9673
vn -0.3250 0.3250 0.8881
vn -0.3791 0.1369 0.9152
vn -0.1794 0.9673 0.1794
vn -0.3251 0.8881 0.3251
vn -0.1369 0.9152 0.3791
vn -0.9673 0.1794 0.1794
vn -0.8881 0.3251 0.3250
vn -0.9152 0.3791 0.1368
vn -0.1794 -0.9673 -0.1794
vn -0.3251 -0.8881 -0.3251
vn -0.1369 -0.9152 -0.3791
vn -0.9673 -0.1794 -0.1794
vn -0.8881 -0.3251 -0.3250
vn -0.9152 -0.3791 -0.1368
vn -0.1794 -0.1794 -0.9673
vn -0.3251 -0.3251 -0.8881
vn -0.3791 -0.1369 -0.9152
vn -0.1794 0.9673 -0.1794
vn -0.3251 0.8881 -0.3251
vn -0.3791 0.9152 -0.1369
vn -0.1794 0.1794 -0.9673
vn -0.3250 0.3250 -0.8881
vn -0.1369 0.3791 -0.9152
vn -0.9673 0.1794 -0.1794
vn -0.8881 0.3251 -0.3250
vn -0.9152 0.1369 -0.3791
vn 0.1794 -0.9673 0.1794
vn 0.3251 -0.8881 0.3251
vn 0.1369 -0.9152 0.3791
vn 0.9673 -0.1794 0.1794
vn 0.8881 -0.3251 0.3250
vn 0.9152 -0.3791 0.1368
vn 0.1794 -0.1794 0.9673
vn 0.3251 -0.3251 0.8881
vn 0.3791 -0.1369 0.9152
vn 0.1794 0.9673 0.1794
vn 0.3251 0.8881 0.3251
vn 0.3791 0.9152 0.1369
vn 0.1794 0.1794 0.9673
vn 0.3250 0.3250 0.8881
vn 0.1369 0.3791 0.9152
vn 0.9673 0.1794 0.1794
vn 0.8881 0.3251 0.3250
vn 0.9152 0.1369 0.3791
vn 0.1794 -0.9673 -0.1794
vn 0.3251 -0.8881 -0.3251
vn 0.3791 -0.9152 -0.1369
vn 0.1794 -0.1794 -0.9673
vn 0.3251 -0.3251 -0.8881
vn 0.1369 -0.3791 -0.9152
vn 0.9673 -0.1794 -0.1794
vn 0.8881 -0.3251 -0.3250
vn 0.9152 -0.1369 -0.3791
vn 0.1794 0.9673 -0.1794
vn 0.3251 0.8881 -0.3251
vn 0.1369 0.9152 -0.3791
vn 0.9673 0.1794 -0.1794
vn 0.8881 0.3251 -0.3250
vn 0.9152 0.3791 -0.1368
vn 0.1794 0.1794 -0.9673
vn 0.3250 0.3250 -0.8881
vn 0.3791 0.1369 -0.9152
vn -0.8881 -0.3251 0.3251
vn -0.3251 0.3251 0.8881
vn -0.8881 0.3251 0.3251
vn -0.9152 0.3791 0.1369
vn -0.8881 -0.3251 -0.3251
vn -0.9152 -0.3791 -0.1369
vn -0.3251 0.3251 -0.8881
vn -0.8881 0.3251 -0.3251
vn 0.9152 -0.3791 0.1369
vn 0.3251 -0.3250 0.8881
vn 0.3791 -0.1368 0.9152
vn 0.3251 0.3250 0.8881
vn 0.8881 0.3251 0.3251
vn 0.3251 -0.3250 -0.8881
vn 0.8881 0.3251 -0.3251
vn 0.3251 0.3250 -0.8881
vn -0.3791 -0.1368 -0.9152
vn 0.3251 0.3251 0.8881
vn 0.3250 -0.8881 -0.3251
vn 0.3791 -0.9152 -0.1368
vn 0.3251 0.3251 -0.8881
vn -0.0000 -0.9672 -0.2540
vn -0.0000 -0.8670 -0.4984
vn 0.0524 -0.9070 -0.4178
vn -0.0000 -0.1378 -0.9905
vn -0.2152 -0.3191 -0.9230
vn -0.2299 -0.1797 -0.9565
vn 0.2152 -0.3191 -0.9230
vn 0.2299 -0.1797 -0.9565
vn -0.0000 0.9672 -0.2540
vn -0.0000 0.8670 -0.4984
vn -0.0524 0.9070 -0.4178
vn -0.0000 0.1378 -0.9905
vn 0.2152 0.3191 -0.9230
vn 0.2299 0.1797 -0.9565
vn -0.2152 0.3191 -0.9230
vn -0.2299 0.1797 -0.9565
vn 0.1493 -0.9672 -0.2055
vn 0.2929 -0.8670 -0.4032
vn 0.2880 -0.9070 -0.3072
vn 0.5822 -0.1378 -0.8013
vn 0.3684 -0.3191 -0.8732
vn 0.3762 -0.1797 -0.9089
vn 0.7166 -0.3191 -0.6202
vn 0.7482 -0.1797 -0.6386
vn 0.1493 0.9672 -0.2055
vn 0.2929 0.8670 -0.4032
vn 0.2032 0.9070 -0.3688
vn 0.5822 0.1378 -0.8013
vn 0.7166 0.3191 -0.6202
vn 0.7482 0.1797 -0.6387
vn 0.3684 0.3191 -0.8732
vn 0.3762 0.1797 -0.9089
vn 0.2416 -0.9672 -0.0785
vn 0.4740 -0.8670 -0.1540
vn 0.4136 -0.9070 -0.0793
vn 0.9420 -0.1378 -0.3061
vn 0.8113 -0.3191 -0.4898
vn 0.8386 -0.1797 -0.5142
vn 0.9443 -0.3191 -0.0806
vn 0.9807 -0.1797 -0.0769
vn 0.2416 0.9672 -0.0785
vn 0.4740 0.8670 -0.1540
vn 0.3812 0.9070 -0.1789
vn 0.9420 0.1378 -0.3061
vn 0.9443 0.3191 -0.0806
vn 0.9807 0.1797 -0.0769
vn 0.8113 0.3191 -0.4898
vn 0.8386 0.1797 -0.5142
vn 0.2416 -0.9672 0.0785
vn 0.4740 -0.8670 0.1540
vn 0.3812 -0.9070 0.1789
vn 0.9420 -0.1378 0.3061
vn 0.9443 -0.3191 0.0806
vn 0.9807 -0.1797 0.0769
vn 0.8113 -0.3191 0.4898
vn 0.8386 -0.1797 0.5142
vn 0.2416 0.9672 0.0785
vn 0.4740 0.8670 0.1540
vn 0.4136 0.9070 0.0793
vn 0.9420 0.1378 0.3061
vn 0.8113 0.3191 0.4898
vn 0.8386 0.1797 0.5142
vn 0.9443 0.3191 0.0806
vn 0.9807 0.1797 0.0769
vn 0.1493 -0.9672 0.2055
vn 0.2929 -0.8670 0.4032
vn 0.2032 -0.9070 0.3688
vn 0.5822 -0.1378 0.8013
vn 0.7166 -0.3191 0.6202
vn 0.7482 -0.1797 0.6387
vn 0.3684 -0.3191 0.8732
vn 0.3762 -0.1797 0.9089
vn 0.1493 0.9672 0.2055
vn 0.2929 0.8670 0.4032
vn 0.2880 0.9070 0.3072
vn 0.5822 0.1378 0.8013
vn 0.3684 0.3191 0.8732
vn 0.3762 0.1797 0.9089
vn 0.7166 0.3191 0.6202
vn 0.7482 0.1797 0.6387
vn -0.0000 -0.9672 0.2540
vn -0.0000 -0.8670 0.4984
vn -0.0524 -0.9070 0.4178
vn -0.0000 -0.1378 0.9905
vn 0.2152 -0.3191 0.9230
vn 0.2299 -0.1797 0.9565
vn -0.2152 -0.3191 0.9230
vn -0.2299 -0.1797 0.9565
vn -0.0000 0.9672 0.2540
vn -0.0000 0.8670 0.4984
vn 0.0524 0.9070 0.4178
vn -0.0000 0.1378 0.9905
vn -0.2152 0.3191 0.9230
vn -0.2299 0.1797 0.9565
vn 0.2152 0.3191 0.9230
vn 0.2299 0.1797 0.9565
vn -0.1493 -0.9672 0.2055
vn -0.2929 -0.8670 0.4032
vn -0.2880 -0.9070 0.3072
vn -0.5822 -0.1378 0.8013
vn -0.3684 -0.3191 0.8732
vn -0.3762 -0.1797 0.9089
vn -0.7166 -0.3191 0.6202
vn -0.7482 -0.1797 0.6387
vn -0.1493 0.9672 0.2055
vn -0.2929 0.8670 0.4032
vn -0.2032 0.9070 0.3688
vn -0.5822 0.1378 0.8013
vn -0.7166 0.3191 0.6202
vn -0.7482 0.1797 0.6387
vn -0.3684 0.3191 0.8732
vn -0.3762 0.1797 0.9089
vn -0.2416 -0.9672 0.0785
vn -0.4740 -0.8670 0.1540
vn -0.4136 -0.9070 0.0793
vn -0.9420 -0.1378 0.3061
vn -0.8113 -0.3191 0.4898
vn -0.8386 -0.1797 0.5142
vn -0.9443 -0.3191 0.0806
vn -0.9807 -0.1797 0.0769
vn -0.2416 0.9672 0.0785
vn -0.4740 0.8670 0.1540
vn -0.3812 0.9070 0.1789
vn -0.9420 0.1378 0.3061
vn -0.9443 0.3191 0.0806
vn -0.9807 0.1797 0.0769
vn -0.8113 0.3191 0.4898
vn -0.8386 0.1797 0.5142
vn -0.2416 -0.9672 -0.0785
vn -0.4740 -0.8670 -0.1540
vn -0.3812 -0.9070 -0.1789
vn -0.9420 -0.1378 -0.3061
vn -0.9443 -0.3191 -0.0806
vn -0.9807 -0.1797 -0.0769
vn -0.8113 -0.3191 -0.4898
vn -0.8386 -0.1797 -0.5142
vn -0.2416 0.9672 -0.0785
vn -0.4740 0.8670 -0.1540
vn -0.4136 0.9070 -0.0793
vn -0.9420 0.1378 -0.3061
vn -0.8113 0.3191 -0.4898
vn -0.8386 0.1797 -0.5142
vn -0.9443 0.3191 -0.0806
vn -0.9807 0.1797 -0.0769
vn -0.1493 -0.9672 -0.2055
vn -0.2929 -0.8670 -0.4032
vn -0.2032 -0.9070 -0.3688
vn -0.5822 -0.1378 -0.8013
vn -0.7166 -0.3191 -0.6202
vn -0.7482 -0.1797 -0.6386
vn -0.3684 -0.3191 -0.8732
vn -0.3762 -0.1797 -0.9089
vn -0.1493 0.9672 -0.2055
vn -0.2929 0.8670 -0.4032
vn -0.2880 0.9070 -0.3072
vn -0.5822 0.1378 -0.8013
vn -0.3684 0.3191 -0.8732
vn -0.3762 0.1797 -0.9089
vn -0.7166 0.3191 -0.6202
vn -0.7482 0.1797 -0.6387
vn -0.3251 -0.3250 0.8881
vn -0.3251 -0.3250 -0.8881
vn 0.8881 -0.3251 0.3251
vn 0.8881 -0.3251 -0.3251
vn 0.9152 0.3791 -0.1369
vn -0.3251 -0.8881 0.3250
vn -0.3791 -0.9152 0.1368
vn -0.3250 -0.8881 -0.3251
vn -0.9152 0.1368 -0.3791
vn 0.3251 -0.8881 0.3250
vn -0.7482 0.1797 0.6386
vn 0.7482 -0.1797 -0.6387
vn -0.4135 0.9070 -0.0793
vn -0.7482 -0.1797 -0.6387
vn -0.0000 -0.8670 -0.4983
vn -0.0000 0.8670 -0.4983
vn 0.4135 -0.9070 -0.0793
vn -0.4135 -0.9070 0.0793
vn -0.3251 0.3250 -0.8881
vn 0.4135 0.9070 0.0793
vn 0.4739 0.8670 -0.1540
vn 0.7482 -0.1797 0.6386
vn -0.3251 0.3250 0.8881
vn 0.3250 -0.3250 0.8881
vn 0.3791 0.1368 -0.9152
vn -0.1527 -0.9673 0.2026
vn -0.2767 -0.8881 0.3671
vn -0.3563 -0.9152 0.1883
vn -0.0430 -0.1794 0.9828
vn -0.1983 -0.3251 0.9247
vn -0.0082 -0.3791 0.9253
vn -0.9329 -0.1794 0.3123
vn -0.8342 -0.3251 0.4455
vn -0.8535 -0.1369 0.5028
vn -0.0430 0.1794 0.9828
vn -0.1983 0.3251 0.9247
vn -0.2480 0.1369 0.9590
vn -0.1527 0.9673 0.2026
vn -0.2767 0.8881 0.3671
vn -0.0828 0.9152 0.3944
vn -0.9329 0.1794 0.3123
vn -0.8342 0.3251 0.4455
vn -0.8872 0.3791 0.2629
vn -0.2026 -0.9673 -0.1527
vn -0.3671 -0.8881 -0.2767
vn -0.1883 -0.9152 -0.3564
vn -0.9828 -0.1794 -0.0430
vn -0.9247 -0.3251 -0.1983
vn -0.9253 -0.3791 -0.0082
vn -0.3123 -0.1794 -0.9329
vn -0.4455 -0.3250 -0.8342
vn -0.5028 -0.1368 -0.8535
vn -0.2026 0.9673 -0.1527
vn -0.3671 0.8881 -0.2767
vn -0.3944 0.9152 -0.0828
vn -0.3123 0.1794 -0.9329
vn -0.4455 0.3251 -0.8342
vn -0.2629 0.3791 -0.8872
vn -0.9828 0.1794 -0.0430
vn -0.9247 0.3250 -0.1983
vn -0.9590 0.1369 -0.2480
vn 0.2026 -0.9673 0.1527
vn 0.3671 -0.8881 0.2767
vn 0.1883 -0.9152 0.3564
vn 0.9828 -0.1794 0.0430
vn 0.9247 -0.3251 0.1983
vn 0.9253 -0.3791 0.0082
vn 0.3123 -0.1794 0.9329
vn 0.4455 -0.3251 0.8342
vn 0.5028 -0.1369 0.8535
vn 0.2026 0.9673 0.1527
vn 0.3671 0.8881 0.2767
vn 0.3944 0.9152 0.0828
vn 0.3123 0.1794 0.9329
vn 0.4455 0.3251 0.8342
vn 0.2629 0.3791 0.8872
vn 0.9828 0.1794 0.0430
vn 0.9247 0.3250 0.1983
vn 0.9590 0.1369 0.2480
vn 0.1527 -0.9673 -0.2026
vn 0.2767 -0.8881 -0.3671
vn 0.3563 -0.9152 -0.1883
vn 0.0430 -0.1794 -0.9828
vn 0.1983 -0.3251 -0.9247
vn 0.0082 -0.3791 -0.9253
vn 0.9329 -0.1794 -0.3123
vn 0.8342 -0.3251 -0.4455
vn 0.8535 -0.1369 -0.5028
vn 0.1527 0.9673 -0.2026
vn 0.2767 0.8881 -0.3671
vn 0.0828 0.9152 -0.3944
vn 0.9329 0.1794 -0.3123
vn 0.8342 0.3251 -0.4455
vn 0.8872 0.3791 -0.2629
vn 0.0430 0.1794 -0.9828
vn 0.1983 0.3251 -0.9247
vn 0.2480 0.1369 -0.9590
vn -0.1972 -0.9673 0.1596
vn -0.3573 -0.8881 0.2893
vn -0.3913 -0.9152 0.0965
vn -0.2795 -0.1794 0.9432
vn -0.4161 -0.3251 0.8492
vn -0.2318 -0.3791 0.8959
vn -0.9807 -0.1794 0.0773
vn -0.9172 -0.3251 0.2305
vn -0.9498 -0.1369 0.2814
vn -0.2795 0.1794 0.9432
vn -0.4161 0.3251 0.8492
vn -0.4727 0.1369 0.8705
vn -0.1971 0.9673 0.1597
vn -0.3573 0.8881 0.2893
vn -0.1757 0.9152 0.3627
vn -0.9807 0.1794 0.0773
vn -0.9172 0.3251 0.2305
vn -0.9245 0.3791 0.0405
vn -0.1596 -0.9673 -0.1972
vn -0.2893 -0.8881 -0.3573
vn -0.0965 -0.9152 -0.3913
vn -0.9432 -0.1794 -0.2795
vn -0.8492 -0.3250 -0.4161
vn -0.8959 -0.3791 -0.2318
vn -0.0773 -0.1794 -0.9807
vn -0.2304 -0.3251 -0.9172
vn -0.2813 -0.1368 -0.9498
vn -0.1597 0.9673 -0.1972
vn -0.2893 0.8881 -0.3573
vn -0.3627 0.9152 -0.1757
vn -0.0773 0.1794 -0.9807
vn -0.2304 0.3251 -0.9172
vn -0.0404 0.3791 -0.9245
vn -0.9432 0.1794 -0.2795
vn -0.8492 0.3250 -0.4161
vn -0.8705 0.1369 -0.4727
vn 0.1596 -0.9673 0.1972
vn 0.2893 -0.8881 0.3573
vn 0.0965 -0.9152 0.3913
vn 0.9432 -0.1794 0.2795
vn 0.8492 -0.3251 0.4161
vn 0.8959 -0.3791 0.2318
vn 0.0773 -0.1794 0.9807
vn 0.2304 -0.3251 0.9172
vn 0.2813 -0.1369 0.9498
vn 0.1596 0.9673 0.1972
vn 0.2893 0.8881 0.3573
vn 0.3627 0.9152 0.1757
vn 0.0773 0.1794 0.9807
vn 0.2304 0.3251 0.9172
vn 0.0404 0.3791 0.9245
vn 0.9432 0.1794 0.2795
vn 0.8492 0.3251 0.4161
vn 0.8706 0.1369 0.4727
vn 0.1971 -0.9673 -0.1597
vn 0.3573 -0.8881 -0.2893
vn 0.3913 -0.9152 -0.0965
vn 0.2795 -0.1794 -0.9432
vn 0.4161 -0.3251 -0.8492
vn 0.2318 -0.3791 -0.8959
vn 0.9807 -0.1794 -0.0773
vn 0.9172 -0.3251 -0.2305
vn 0.9498 -0.1369 -0.2813
vn 0.1971 0.9673 -0.1597
vn 0.3573 0.8881 -0.2893
vn 0.1757 0.9152 -0.3627
vn 0.9807 0.1794 -0.0773
vn 0.9172 0.3250 -0.2305
vn 0.9245 0.3790 -0.0404
vn 0.2795 0.1794 -0.9432
vn 0.4161 0.3251 -0.8492
vn 0.4726 0.1369 -0.8706
vn -0.8881 0.3250 -0.3250
vn 0.3791 0.9152 0.1368
vn 0.9152 0.1368 0.3791
vn 0.1368 0.9152 -0.3791
vn -0.3791 -0.9152 -0.1369
vn -0.3791 -0.1369 0.9152
vn -0.3791 0.9152 0.1369
vn -0.9152 0.3791 -0.1368
vn -0.3791 0.1369 -0.9152
vn -0.9152 -0.1369 -0.3791
vn 0.1369 -0.9152 -0.3791
vn -0.1369 -0.3791 -0.9152
vn -0.1369 0.9152 -0.3791
vn 0.1369 0.3791 -0.9152
vn 0.9152 0.1369 -0.3791
vn 0.3791 -0.1369 -0.9152
vn 0.3791 -0.9152 0.1369
vn 0.3791 0.9152 -0.1369
vn 0.9152 0.3791 0.1368
vn 0.3791 0.1369 0.9152
vn 0.9152 -0.1369 0.3791
vn -0.1369 -0.9152 0.3791
vn 0.1369 -0.3791 0.9152
vn 0.1369 0.9152 0.3791
vn -0.1369 0.3791 0.9152
vn -0.3791 -0.1368 0.9152
vn -0.9152 0.1369 0.3791
vn -0.9152 0.3791 -0.1369
vn 0.1368 0.3791 -0.9152
vn 0.9152 0.1368 -0.3791
vn 0.3791 -0.1368 -0.9152
vn 0.9152 -0.3791 -0.1369
vn 0.9152 -0.3791 -0.1368
vn 0.3812 -0.9070 -0.1789
vn 0.2880 0.9070 -0.3072
vn 0.4136 -0.9070 0.0793
vn 0.4136 0.9070 -0.0793
vn 0.0524 -0.9070 0.4178
vn -0.0524 0.9070 0.4178
vn -0.2880 -0.9070 -0.3072
vn -0.0524 -0.9070 -0.4178
vn -0.2032 0.9070 -0.3688
vn -0.9152 -0.3791 0.1369
vn -0.9152 0.1368 0.3791
vn 0.9152 0.3791 0.1369
vn -0.3791 -0.9152 -0.1368
vn -0.9152 -0.3791 0.1368
vn 0.2032 -0.9070 -0.3688
vn 0.0524 0.9070 -0.4178
vn 0.3812 0.9070 0.1789
vn -0.3812 -0.9070 0.1789
vn -0.4136 -0.9070 -0.0793
vn -0.3812 0.9070 -0.1789
vn 0.2880 -0.9070 0.3072
vn 0.2032 0.9070 0.3688
vn -0.2032 -0.9070 0.3688
vn -0.4136 0.9070 0.0793
vn -0.2880 0.9070 0.3072
vn 0.3791 -0.9152 0.1368
vn -0.1368 0.3791 0.9152
vn -0.3944 -0.9152 -0.0828
vn -0.2480 -0.1369 0.9590
vn -0.8535 0.1369 0.5028
vn -0.3563 0.9152 0.1883
vn -0.9253 0.3790 -0.0082
vn -0.5028 0.1368 -0.8535
vn -0.9590 -0.1369 -0.2481
vn 0.0828 -0.9152 -0.3944
vn -0.2629 -0.3791 -0.8872
vn -0.1883 0.9152 -0.3563
vn 0.0082 0.3791 -0.9253
vn 0.8535 0.1369 -0.5028
vn 0.2480 -0.1369 -0.9590
vn 0.3944 -0.9152 0.0828
vn 0.3564 0.9152 -0.1883
vn 0.9253 0.3791 0.0082
vn 0.5028 0.1369 0.8535
vn 0.9590 -0.1369 0.2481
vn -0.0828 -0.9152 0.3944
vn 0.2629 -0.3791 0.8872
vn 0.1883 0.9152 0.3563
vn -0.0082 0.3791 0.9253
vn -0.3627 -0.9152 -0.1757
vn -0.9245 -0.3791 0.0405
vn -0.4727 -0.1369 0.8705
vn -0.9498 0.1369 0.2813
vn -0.3913 0.9152 0.0965
vn -0.2813 0.1368 -0.9498
vn -0.8705 -0.1369 -0.4727
vn 0.1757 -0.9152 -0.3627
vn -0.0404 -0.3791 -0.9245
vn -0.0965 0.9152 -0.3913
vn 0.9498 0.1369 -0.2813
vn 0.4727 -0.1369 -0.8705
vn 0.3627 -0.9152 0.1757
vn 0.9245 -0.3791 -0.0405
vn 0.3913 0.9152 -0.0965
vn 0.2813 0.1369 0.9498
vn 0.8705 -0.1369 0.4727
vn -0.1757 -0.9152 0.3627
vn 0.0404 -0.3791 0.9245
vn 0.0965 0.9152 0.3913
vn -0.2318 0.3791 0.8959
vn -0.0000 -0.2280 -0.9737
vn -0.0000 0.2280 -0.9737
vn 0.5723 -0.2280 -0.7877
vn 0.5723 0.2280 -0.7877
vn 0.9260 -0.2280 -0.3009
vn 0.9260 0.2280 -0.3009
vn 0.9260 -0.2280 0.3009
vn 0.9260 0.2280 0.3009
vn 0.5723 -0.2280 0.7877
vn 0.5723 0.2280 0.7877
vn -0.0000 -0.2280 0.9737
vn -0.0000 0.2280 0.9737
vn -0.5723 -0.2280 0.7877
vn -0.5723 0.2280 0.7877
vn -0.9260 -0.2279 0.3009
vn -0.4135 0.9070 0.0793
vn -0.9260 0.2279 0.3009
vn -0.9260 -0.2279 -0.3009
vn -0.9260 0.2279 -0.3009
vn -0.5723 -0.2280 -0.7877
vn -0.5723 0.2280 -0.7877
vn 0.9260 -0.2279 -0.3009
vn 0.4135 -0.9070 0.0793
vn -0.9260 -0.2280 0.3009
vn -0.9260 0.2280 0.3009
vn -0.9260 -0.2280 -0.3009
vn -0.9260 0.2280 -0.3009
vn 0.4135 0.9070 -0.0793
vn 0.9260 0.2279 -0.3009
vn 0.9260 -0.2279 0.3009
vn 0.9260 0.2279 0.3009
vn -0.4135 -0.9070 -0.0793
vn -0.8872 -0.3791 0.2629
vn 0.8872 -0.3791 -0.2629
vn -0.8959 0.3791 -0.2318
vn 0.8959 0.3791 0.2318
vn 0.2318 0.3791 -0.8959
vt 0.018323 0.018323
vt 0.017914 0.017914
vt 0.018323 0.017822
vt 0.442133 0.340848
vt 0.441724 0.341217
vt 0.441632 0.340822
vt 0.803692 0.652804
vt 0.804101 0.653213
vt 0.803692 0.653305
vt 0.450649 0.340848
vt 0.451059 0.341217
vt 0.450649 0.341320
vt 0.131614 0.343349
vt 0.131204 0.343758
vt 0.131112 0.343349
vt 0.795176 0.652804
vt 0.794766 0.653213
vt 0.794674 0.652803
vt 0.094967 0.018323
vt 0.095377 0.017914
vt 0.095469 0.018323
vt 0.803692 0.576161
vt 0.804101 0.575750
vt 0.804193 0.576160
vt 0.405486 0.343348
vt 0.405896 0.343757
vt 0.405486 0.343850
vt 0.208257 0.343349
vt 0.208667 0.343758
vt 0.208257 0.343850
vt 0.396970 0.343348
vt 0.396561 0.343757
vt 0.396469 0.343348
vt 0.795176 0.576161
vt 0.794766 0.575750
vt 0.795176 0.575658
vt 0.018323 0.343349
vt 0.017914 0.343758
vt 0.017822 0.343349
vt 0.795176 0.765514
vt 0.794766 0.765883
vt 0.794674 0.765488
vt 0.442133 0.018345
vt 0.441724 0.017902
vt 0.442133 0.017822
vt 0.131614 0.018323
vt 0.131204 0.017914
vt 0.131614 0.017822
vt 0.450649 0.018345
vt 0.451059 0.017902
vt 0.451151 0.018320
vt 0.803692 0.765514
vt 0.804101 0.765883
vt 0.803692 0.765986
vt 0.094967 0.343349
vt 0.095377 0.343758
vt 0.094967 0.343850
vt 0.405486 0.018324
vt 0.405896 0.017914
vt 0.405988 0.018323
vt 0.795176 0.689472
vt 0.794766 0.689028
vt 0.795176 0.688949
vt 0.208257 0.018323
vt 0.208667 0.017914
vt 0.208759 0.018323
vt 0.803692 0.689472
vt 0.804101 0.689028
vt 0.804193 0.689446
vt 0.396971 0.018324
vt 0.396561 0.017914
vt 0.396971 0.017822
vt 0.204099 0.615546
vt 0.204508 0.615137
vt 0.204600 0.615546
vt 0.126390 0.805934
vt 0.126759 0.806344
vt 0.126364 0.806436
vt 0.531749 0.728313
vt 0.532159 0.728722
vt 0.531749 0.728815
vt 0.126390 0.770096
vt 0.126759 0.769687
vt 0.126862 0.770096
vt 0.396971 0.615546
vt 0.396561 0.615136
vt 0.396971 0.615044
vt 0.495912 0.728313
vt 0.495502 0.728722
vt 0.495410 0.728313
vt 0.204099 0.654933
vt 0.204508 0.655342
vt 0.204099 0.655434
vt 0.531749 0.688927
vt 0.532159 0.688517
vt 0.532251 0.688927
vt 0.724110 0.282261
vt 0.723701 0.282670
vt 0.723608 0.282261
vt 0.396971 0.654932
vt 0.396561 0.655342
vt 0.396469 0.654932
vt 0.724110 0.246423
vt 0.723701 0.246013
vt 0.724110 0.245921
vt 0.495912 0.688927
vt 0.495502 0.688517
vt 0.495912 0.688425
vt 0.168261 0.615546
vt 0.167851 0.615137
vt 0.168261 0.615045
vt 0.722691 0.473838
vt 0.722281 0.474207
vt 0.722189 0.473812
vt 0.090830 0.805934
vt 0.090386 0.806344
vt 0.090306 0.805934
vt 0.432808 0.615546
vt 0.433218 0.615136
vt 0.433310 0.615546
vt 0.090830 0.770096
vt 0.090386 0.769687
vt 0.090804 0.769594
vt 0.758529 0.473838
vt 0.758938 0.474207
vt 0.758529 0.474310
vt 0.168261 0.654933
vt 0.167851 0.655342
vt 0.167759 0.654933
vt 0.759948 0.282261
vt 0.760358 0.282670
vt 0.759948 0.282763
vt 0.722691 0.434761
vt 0.722281 0.434317
vt 0.722691 0.434237
vt 0.432808 0.654932
vt 0.433218 0.655342
vt 0.432808 0.655434
vt 0.758529 0.434761
vt 0.758938 0.434317
vt 0.759031 0.434735
vt 0.759948 0.246423
vt 0.760358 0.246013
vt 0.760450 0.246423
vt 0.206582 0.379995
vt 0.206992 0.379586
vt 0.207084 0.379995
vt 0.972791 0.358676
vt 0.973201 0.358307
vt 0.973293 0.358702
vt 0.453617 0.881967
vt 0.454026 0.882376
vt 0.453617 0.882468
vt 0.969952 0.358676
vt 0.969543 0.358307
vt 0.969952 0.358204
vt 0.396971 0.379995
vt 0.396561 0.379585
vt 0.396971 0.379493
vt 0.450778 0.881967
vt 0.450368 0.882376
vt 0.450276 0.881966
vt 0.206582 0.421866
vt 0.206992 0.422275
vt 0.206582 0.422367
vt 0.453617 0.840097
vt 0.454026 0.839686
vt 0.454118 0.840096
vt 0.128777 0.959420
vt 0.129187 0.959829
vt 0.128777 0.959921
vt 0.396971 0.421865
vt 0.396561 0.422274
vt 0.396469 0.421865
vt 0.125938 0.959420
vt 0.125529 0.959829
vt 0.125437 0.959419
vt 0.450778 0.840097
vt 0.450368 0.839686
vt 0.450778 0.839595
vt 0.168261 0.379995
vt 0.167851 0.379586
vt 0.168261 0.379494
vt 0.650206 0.910823
vt 0.649796 0.911192
vt 0.649704 0.910797
vt 0.972791 0.396700
vt 0.973201 0.397144
vt 0.972791 0.397224
vt 0.435292 0.379995
vt 0.435702 0.379585
vt 0.435794 0.379995
vt 0.969952 0.396700
vt 0.969543 0.397144
vt 0.969450 0.396726
vt 0.653045 0.910823
vt 0.653454 0.911192
vt 0.653045 0.911295
vt 0.168261 0.421866
vt 0.167851 0.422275
vt 0.167759 0.421866
vt 0.128777 0.921098
vt 0.129187 0.920688
vt 0.129279 0.921098
vt 0.650206 0.869282
vt 0.649796 0.868838
vt 0.650206 0.868758
vt 0.435292 0.421865
vt 0.435702 0.422274
vt 0.435292 0.422366
vt 0.653045 0.869282
vt 0.653454 0.868838
vt 0.653547 0.869256
vt 0.125938 0.921098
vt 0.125529 0.920688
vt 0.125938 0.920596
vt 0.850428 0.655301
vt 0.850428 0.655822
vt 0.850045 0.655704
vt 0.913296 0.318234
vt 0.912914 0.318736
vt 0.912621 0.318234
vt 0.913679 0.318736
vt 0.913971 0.318234
vt 0.806684 0.213271
vt 0.806684 0.213793
vt 0.806301 0.213674
vt 0.913296 0.294815
vt 0.913679 0.294314
vt 0.913971 0.294815
vt 0.912914 0.294314
vt 0.912621 0.294815
vt 0.844192 0.653275
vt 0.843885 0.653697
vt 0.843645 0.653376
vt 0.919900 0.318234
vt 0.919464 0.318736
vt 0.919299 0.318234
vt 0.853337 0.162376
vt 0.852918 0.161874
vt 0.853447 0.161874
vt 0.812920 0.211245
vt 0.813226 0.211667
vt 0.812847 0.211796
vt 0.852918 0.138455
vt 0.853337 0.137953
vt 0.853447 0.138455
vt 0.919464 0.294314
vt 0.919900 0.294815
vt 0.919299 0.294815
vt 0.840338 0.647970
vt 0.839842 0.648132
vt 0.839837 0.647731
vt 0.858998 0.161874
vt 0.858662 0.162376
vt 0.858352 0.161874
vt 0.859414 0.162376
vt 0.859677 0.161874
vt 0.816773 0.205941
vt 0.817270 0.206102
vt 0.817039 0.206430
vt 0.858998 0.138455
vt 0.859414 0.137953
vt 0.859677 0.138455
vt 0.858662 0.137953
vt 0.858352 0.138455
vt 0.840338 0.641414
vt 0.839842 0.641253
vt 0.840073 0.640925
vt 0.865881 0.161874
vt 0.865443 0.162376
vt 0.865232 0.161874
vt 0.866136 0.162376
vt 0.866453 0.161874
vt 0.816773 0.199385
vt 0.817270 0.199223
vt 0.817275 0.199624
vt 0.865881 0.138455
vt 0.866136 0.137953
vt 0.866453 0.138455
vt 0.865443 0.137953
vt 0.865232 0.138455
vt 0.844192 0.636110
vt 0.843885 0.635688
vt 0.844265 0.635559
vt 0.920712 0.382125
vt 0.920481 0.382626
vt 0.920165 0.382125
vt 0.921151 0.382626
vt 0.921347 0.382125
vt 0.812920 0.194080
vt 0.813226 0.193658
vt 0.813466 0.193979
vt 0.920712 0.358706
vt 0.921151 0.358204
vt 0.921347 0.358706
vt 0.920481 0.358204
vt 0.920165 0.358706
vt 0.850428 0.634084
vt 0.850428 0.633562
vt 0.850811 0.633681
vt 0.927526 0.382125
vt 0.927120 0.382626
vt 0.926845 0.382125
vt 0.927880 0.382626
vt 0.928185 0.382125
vt 0.806684 0.192054
vt 0.806684 0.191533
vt 0.807067 0.191651
vt 0.927526 0.358706
vt 0.927880 0.358204
vt 0.928185 0.358706
vt 0.927120 0.358204
vt 0.926845 0.358706
vt 0.856663 0.636110
vt 0.856970 0.635688
vt 0.857210 0.636009
vt 0.933807 0.382125
vt 0.933381 0.382626
vt 0.933253 0.382125
vt 0.168157 0.864018
vt 0.167759 0.863516
vt 0.168228 0.863516
vt 0.800449 0.194080
vt 0.800142 0.193658
vt 0.800521 0.193529
vt 0.167759 0.840097
vt 0.168157 0.839595
vt 0.168228 0.840097
vt 0.933381 0.358204
vt 0.933807 0.358706
vt 0.933253 0.358706
vt 0.860517 0.641414
vt 0.861013 0.641253
vt 0.861019 0.641654
vt 0.173362 0.863516
vt 0.173065 0.864018
vt 0.172749 0.863516
vt 0.173792 0.864018
vt 0.174031 0.863516
vt 0.796595 0.199385
vt 0.796099 0.199223
vt 0.796330 0.198896
vt 0.173362 0.840097
vt 0.173792 0.839595
vt 0.174031 0.840097
vt 0.173065 0.839595
vt 0.172749 0.840097
vt 0.860517 0.647970
vt 0.861013 0.648132
vt 0.860782 0.648459
vt 0.180300 0.863516
vt 0.179870 0.864018
vt 0.179630 0.863516
vt 0.180599 0.864018
vt 0.180914 0.863516
vt 0.796595 0.205941
vt 0.796099 0.206102
vt 0.796093 0.205701
vt 0.180300 0.840097
vt 0.180599 0.839595
vt 0.180914 0.840097
vt 0.179870 0.839595
vt 0.179630 0.840097
vt 0.856663 0.653275
vt 0.856970 0.653697
vt 0.856590 0.653826
vt 0.185923 0.863516
vt 0.185524 0.864018
vt 0.185452 0.863516
vt 0.907138 0.318736
vt 0.906702 0.318234
vt 0.907301 0.318234
vt 0.800449 0.211245
vt 0.800142 0.211667
vt 0.799902 0.211346
vt 0.906702 0.294815
vt 0.907138 0.294314
vt 0.907301 0.294815
vt 0.185524 0.839595
vt 0.185923 0.840097
vt 0.185452 0.840097
vt 0.687463 0.094357
vt 0.687873 0.093947
vt 0.687965 0.094357
vt 0.356519 0.827484
vt 0.356888 0.827894
vt 0.356493 0.827986
vt 0.204099 0.730966
vt 0.204508 0.731375
vt 0.204099 0.731467
vt 0.356519 0.791646
vt 0.356888 0.791237
vt 0.356991 0.791646
vt 0.651625 0.170390
vt 0.651216 0.169980
vt 0.651625 0.169888
vt 0.168261 0.730966
vt 0.167851 0.731375
vt 0.167759 0.730966
vt 0.687463 0.133743
vt 0.687873 0.134153
vt 0.687463 0.134245
vt 0.204099 0.691580
vt 0.204508 0.691170
vt 0.204600 0.691580
vt 0.495911 0.800798
vt 0.495502 0.801207
vt 0.495410 0.800798
vt 0.651625 0.209776
vt 0.651216 0.210186
vt 0.651124 0.209776
vt 0.495911 0.764960
vt 0.495502 0.764550
vt 0.495911 0.764458
vt 0.168261 0.691580
vt 0.167851 0.691170
vt 0.168261 0.691078
vt 0.651625 0.094357
vt 0.651216 0.093947
vt 0.651625 0.093855
vt 0.722691 0.549871
vt 0.722281 0.550240
vt 0.722189 0.549845
vt 0.320959 0.827484
vt 0.320516 0.827894
vt 0.320436 0.827484
vt 0.687463 0.170390
vt 0.687873 0.169980
vt 0.687965 0.170390
vt 0.320959 0.791646
vt 0.320516 0.791237
vt 0.320934 0.791145
vt 0.758529 0.549871
vt 0.758938 0.550240
vt 0.758529 0.550343
vt 0.651625 0.133743
vt 0.651216 0.134153
vt 0.651124 0.133743
vt 0.531749 0.800798
vt 0.532159 0.801207
vt 0.531749 0.801299
vt 0.722691 0.510794
vt 0.722281 0.510350
vt 0.722691 0.510270
vt 0.687463 0.209776
vt 0.687873 0.210186
vt 0.687463 0.210278
vt 0.758529 0.510794
vt 0.758938 0.510350
vt 0.759031 0.510768
vt 0.531749 0.764960
vt 0.532159 0.764550
vt 0.532251 0.764960
vt 0.056645 0.458512
vt 0.057055 0.458103
vt 0.057147 0.458512
vt 0.891486 0.978760
vt 0.891077 0.979129
vt 0.890985 0.978734
vt 0.128777 0.884452
vt 0.129187 0.884860
vt 0.128777 0.884953
vt 0.894325 0.978760
vt 0.894735 0.979129
vt 0.894325 0.979232
vt 0.093292 0.458512
vt 0.092882 0.458103
vt 0.093292 0.458011
vt 0.125938 0.884452
vt 0.125529 0.884860
vt 0.125437 0.884451
vt 0.056645 0.500383
vt 0.057055 0.500792
vt 0.056645 0.500884
vt 0.128777 0.842582
vt 0.129187 0.842171
vt 0.129279 0.842581
vt 0.939488 0.674548
vt 0.939898 0.674957
vt 0.939488 0.675049
vt 0.093292 0.500383
vt 0.092882 0.500792
vt 0.092790 0.500383
vt 0.936649 0.674548
vt 0.936240 0.674957
vt 0.936148 0.674548
vt 0.125938 0.842582
vt 0.125529 0.842171
vt 0.125938 0.842079
vt 0.018323 0.458512
vt 0.017914 0.458103
vt 0.018323 0.458011
vt 0.320937 0.905695
vt 0.320528 0.906063
vt 0.320436 0.905669
vt 0.891486 0.940735
vt 0.891077 0.940291
vt 0.891486 0.940212
vt 0.131614 0.458512
vt 0.132024 0.458103
vt 0.132116 0.458512
vt 0.894325 0.940735
vt 0.894735 0.940291
vt 0.894827 0.940709
vt 0.323776 0.905695
vt 0.324186 0.906063
vt 0.323776 0.906166
vt 0.018323 0.500383
vt 0.017914 0.500792
vt 0.017822 0.500383
vt 0.939488 0.636226
vt 0.939898 0.635816
vt 0.939990 0.636226
vt 0.320937 0.864153
vt 0.320528 0.863709
vt 0.320937 0.863629
vt 0.131614 0.500383
vt 0.132024 0.500792
vt 0.131614 0.500884
vt 0.323776 0.864153
vt 0.324186 0.863709
vt 0.324278 0.864127
vt 0.936649 0.636226
vt 0.936240 0.635816
vt 0.936649 0.635724
vt 0.806684 0.271175
vt 0.806684 0.271697
vt 0.806301 0.271578
vt 0.577109 0.913176
vt 0.576726 0.913678
vt 0.576434 0.913176
vt 0.577492 0.913678
vt 0.577784 0.913176
vt 0.805265 0.823368
vt 0.805265 0.823889
vt 0.804882 0.823771
vt 0.577109 0.889757
vt 0.577492 0.889255
vt 0.577784 0.889757
vt 0.576726 0.889255
vt 0.576434 0.889757
vt 0.800449 0.269149
vt 0.800142 0.269571
vt 0.799902 0.269250
vt 0.583712 0.913176
vt 0.583276 0.913678
vt 0.583112 0.913176
vt 0.795092 0.883955
vt 0.794674 0.883453
vt 0.795202 0.883453
vt 0.811500 0.821342
vt 0.811807 0.821764
vt 0.811428 0.821893
vt 0.794674 0.860035
vt 0.795092 0.859533
vt 0.795202 0.860035
vt 0.583276 0.889255
vt 0.583712 0.889757
vt 0.583112 0.889757
vt 0.796595 0.263845
vt 0.796099 0.264006
vt 0.796093 0.263605
vt 0.800753 0.883453
vt 0.800417 0.883955
vt 0.800107 0.883453
vt 0.801169 0.883955
vt 0.801433 0.883453
vt 0.815354 0.816037
vt 0.815850 0.816199
vt 0.815619 0.816526
vt 0.800753 0.860035
vt 0.801169 0.859533
vt 0.801433 0.860035
vt 0.800417 0.859533
vt 0.800107 0.860035
vt 0.796595 0.257288
vt 0.796099 0.257127
vt 0.796330 0.256800
vt 0.807636 0.883453
vt 0.807199 0.883955
vt 0.806987 0.883453
vt 0.807892 0.883955
vt 0.808209 0.883453
vt 0.815354 0.809481
vt 0.815850 0.809320
vt 0.815856 0.809721
vt 0.807636 0.860035
vt 0.807892 0.859533
vt 0.808209 0.860035
vt 0.807199 0.859533
vt 0.806987 0.860035
vt 0.800449 0.251984
vt 0.800142 0.251562
vt 0.800521 0.251433
vt 0.920712 0.442190
vt 0.920481 0.442692
vt 0.920165 0.442190
vt 0.921151 0.442692
vt 0.921347 0.442190
vt 0.811500 0.804177
vt 0.811807 0.803755
vt 0.812047 0.804076
vt 0.920712 0.418771
vt 0.921151 0.418270
vt 0.921347 0.418771
vt 0.920481 0.418270
vt 0.920165 0.418771
vt 0.806684 0.249958
vt 0.806684 0.249436
vt 0.807067 0.249555
vt 0.927526 0.442190
vt 0.927120 0.442692
vt 0.926845 0.442190
vt 0.927880 0.442692
vt 0.928185 0.442190
vt 0.805265 0.802151
vt 0.805265 0.801629
vt 0.805648 0.801748
vt 0.927526 0.418771
vt 0.927880 0.418270
vt 0.928185 0.418771
vt 0.927120 0.418270
vt 0.926845 0.418771
vt 0.812920 0.251984
vt 0.813226 0.251562
vt 0.813466 0.251883
vt 0.933807 0.442190
vt 0.933381 0.442692
vt 0.933253 0.442190
vt 0.396867 0.864017
vt 0.396469 0.863515
vt 0.396938 0.863515
vt 0.799029 0.804177
vt 0.798723 0.803755
vt 0.799102 0.803626
vt 0.396469 0.840096
vt 0.396867 0.839595
vt 0.396938 0.840096
vt 0.933381 0.418270
vt 0.933807 0.418771
vt 0.933253 0.418771
vt 0.816773 0.257288
vt 0.817270 0.257127
vt 0.817275 0.257528
vt 0.402072 0.863515
vt 0.401775 0.864017
vt 0.401459 0.863515
vt 0.402502 0.864017
vt 0.402741 0.863515
vt 0.795176 0.809481
vt 0.794679 0.809320
vt 0.794910 0.808992
vt 0.402072 0.840096
vt 0.402502 0.839595
vt 0.402741 0.840096
vt 0.401775 0.839595
vt 0.401459 0.840096
vt 0.816773 0.263845
vt 0.817270 0.264006
vt 0.817039 0.264333
vt 0.409010 0.863515
vt 0.408579 0.864017
vt 0.408339 0.863515
vt 0.409308 0.864017
vt 0.409624 0.863515
vt 0.795176 0.816037
vt 0.794679 0.816199
vt 0.794674 0.815798
vt 0.409010 0.840096
vt 0.409308 0.839595
vt 0.409624 0.840096
vt 0.408579 0.839595
vt 0.408339 0.840096
vt 0.812920 0.269149
vt 0.813226 0.269571
vt 0.812847 0.269700
vt 0.414633 0.863515
vt 0.414234 0.864017
vt 0.414161 0.863515
vt 0.570951 0.913678
vt 0.570515 0.913176
vt 0.571114 0.913176
vt 0.799029 0.821342
vt 0.798723 0.821764
vt 0.798483 0.821443
vt 0.570515 0.889757
vt 0.570951 0.889255
vt 0.571114 0.889757
vt 0.414234 0.839595
vt 0.414633 0.840096
vt 0.414161 0.840096
vt 0.356775 0.639580
vt 0.357185 0.639171
vt 0.357277 0.639580
vt 0.432552 0.803450
vt 0.432922 0.803859
vt 0.432526 0.803951
vt 0.432808 0.730965
vt 0.433218 0.731374
vt 0.432808 0.731467
vt 0.432552 0.767612
vt 0.432922 0.767202
vt 0.433024 0.767612
vt 0.650206 0.358706
vt 0.649796 0.358296
vt 0.650206 0.358204
vt 0.396971 0.730965
vt 0.396561 0.731374
vt 0.396469 0.730965
vt 0.356775 0.678967
vt 0.357185 0.679376
vt 0.356775 0.679469
vt 0.432808 0.691579
vt 0.433218 0.691169
vt 0.433310 0.691579
vt 0.244904 0.768379
vt 0.244495 0.768788
vt 0.244402 0.768379
vt 0.650206 0.398092
vt 0.649796 0.398502
vt 0.649704 0.398092
vt 0.244904 0.732541
vt 0.244495 0.732131
vt 0.244904 0.732039
vt 0.396971 0.691579
vt 0.396561 0.691169
vt 0.396971 0.691077
vt 0.320937 0.639580
vt 0.320528 0.639171
vt 0.320937 0.639079
vt 0.722691 0.625904
vt 0.722281 0.626273
vt 0.722189 0.625878
vt 0.396993 0.803450
vt 0.396549 0.803859
vt 0.396469 0.803450
vt 0.686044 0.358706
vt 0.686454 0.358296
vt 0.686546 0.358706
vt 0.396993 0.767612
vt 0.396549 0.767202
vt 0.396967 0.767110
vt 0.758529 0.625904
vt 0.758938 0.626273
vt 0.758529 0.626376
vt 0.320937 0.678967
vt 0.320528 0.679376
vt 0.320436 0.678967
vt 0.280742 0.768379
vt 0.281152 0.768788
vt 0.280742 0.768880
vt 0.722691 0.586827
vt 0.722281 0.586383
vt 0.722691 0.586303
vt 0.686044 0.398092
vt 0.686454 0.398502
vt 0.686044 0.398594
vt 0.758529 0.586827
vt 0.758938 0.586383
vt 0.759031 0.586801
vt 0.280742 0.732541
vt 0.281152 0.732131
vt 0.281244 0.732541
vt 0.206582 0.458512
vt 0.206992 0.458103
vt 0.207084 0.458512
vt 0.323776 0.942282
vt 0.324186 0.941912
vt 0.324278 0.942308
vt 0.900002 0.618031
vt 0.900412 0.618440
vt 0.900002 0.618532
vt 0.320937 0.942282
vt 0.320528 0.941912
vt 0.320937 0.941810
vt 0.396970 0.458512
vt 0.396561 0.458102
vt 0.396971 0.458010
vt 0.897164 0.618031
vt 0.896754 0.618440
vt 0.896662 0.618030
vt 0.206582 0.500383
vt 0.206992 0.500792
vt 0.206582 0.500884
vt 0.900002 0.576161
vt 0.900412 0.575750
vt 0.900504 0.576160
vt 0.948133 0.822339
vt 0.948542 0.822748
vt 0.948133 0.822840
vt 0.396970 0.500382
vt 0.396561 0.500791
vt 0.396469 0.500382
vt 0.945294 0.822339
vt 0.944884 0.822748
vt 0.944792 0.822338
vt 0.897164 0.576161
vt 0.896754 0.575750
vt 0.897164 0.575658
vt 0.168261 0.458512
vt 0.167851 0.458103
vt 0.168261 0.458011
vt 0.905808 0.825580
vt 0.905399 0.825949
vt 0.905307 0.825554
vt 0.323776 0.980306
vt 0.324186 0.980750
vt 0.323776 0.980830
vt 0.435292 0.458512
vt 0.435702 0.458102
vt 0.435794 0.458512
vt 0.320937 0.980306
vt 0.320528 0.980750
vt 0.320436 0.980332
vt 0.908647 0.825580
vt 0.909057 0.825949
vt 0.908647 0.826052
vt 0.168261 0.500383
vt 0.167851 0.500792
vt 0.167759 0.500383
vt 0.948133 0.784017
vt 0.948542 0.783607
vt 0.948634 0.784016
vt 0.905808 0.784038
vt 0.905399 0.783594
vt 0.905808 0.783515
vt 0.435292 0.500382
vt 0.435702 0.500791
vt 0.435292 0.500883
vt 0.908647 0.784038
vt 0.909057 0.783594
vt 0.909149 0.784012
vt 0.945294 0.784017
vt 0.944884 0.783607
vt 0.945294 0.783515
vt 0.248758 0.824236
vt 0.248451 0.824658
vt 0.248211 0.824337
vt 0.403554 0.923581
vt 0.403171 0.924083
vt 0.402879 0.923581
vt 0.403937 0.924083
vt 0.404229 0.923581
vt 0.726545 0.830250
vt 0.726238 0.830672
vt 0.725998 0.830351
vt 0.403554 0.900162
vt 0.403937 0.899660
vt 0.404229 0.900162
vt 0.403171 0.899660
vt 0.402879 0.900162
vt 0.244904 0.818932
vt 0.244408 0.819093
vt 0.244402 0.818693
vt 0.410157 0.923581
vt 0.409721 0.924083
vt 0.409557 0.923581
vt 0.853337 0.222441
vt 0.852919 0.221939
vt 0.853447 0.221939
vt 0.732780 0.832276
vt 0.732780 0.832797
vt 0.732397 0.832679
vt 0.852919 0.198521
vt 0.853337 0.198019
vt 0.853447 0.198521
vt 0.409721 0.899660
vt 0.410157 0.900162
vt 0.409557 0.900162
vt 0.244904 0.812376
vt 0.244408 0.812214
vt 0.244639 0.811887
vt 0.858998 0.221939
vt 0.858662 0.222441
vt 0.858352 0.221939
vt 0.859414 0.222441
vt 0.859678 0.221939
vt 0.739016 0.830250
vt 0.739322 0.830672
vt 0.738943 0.830801
vt 0.858998 0.198521
vt 0.859414 0.198019
vt 0.859678 0.198521
vt 0.858662 0.198019
vt 0.858352 0.198521
vt 0.248758 0.807072
vt 0.248451 0.806649
vt 0.248831 0.806520
vt 0.865881 0.221939
vt 0.865443 0.222441
vt 0.865232 0.221939
vt 0.866136 0.222441
vt 0.866453 0.221939
vt 0.742869 0.824946
vt 0.743366 0.825107
vt 0.743134 0.825434
vt 0.865881 0.198521
vt 0.866136 0.198019
vt 0.866453 0.198521
vt 0.865443 0.198019
vt 0.865232 0.198521
vt 0.254993 0.805045
vt 0.254993 0.804524
vt 0.255376 0.804642
vt 0.931018 0.885615
vt 0.930786 0.886117
vt 0.930470 0.885615
vt 0.931456 0.886117
vt 0.931652 0.885615
vt 0.742869 0.818389
vt 0.743366 0.818228
vt 0.743371 0.818629
vt 0.931018 0.862197
vt 0.931456 0.861695
vt 0.931652 0.862197
vt 0.930786 0.861695
vt 0.930470 0.862197
vt 0.261229 0.807072
vt 0.261536 0.806649
vt 0.261776 0.806970
vt 0.937831 0.885615
vt 0.937425 0.886117
vt 0.937150 0.885615
vt 0.938185 0.886117
vt 0.938490 0.885615
vt 0.739016 0.813085
vt 0.739322 0.812663
vt 0.739562 0.812984
vt 0.937831 0.862197
vt 0.938185 0.861695
vt 0.938490 0.862197
vt 0.937425 0.861695
vt 0.937150 0.862197
vt 0.265083 0.812376
vt 0.265579 0.812214
vt 0.265584 0.812615
vt 0.944112 0.885615
vt 0.943686 0.886117
vt 0.943558 0.885615
vt 0.018220 0.866502
vt 0.017822 0.866000
vt 0.018291 0.866000
vt 0.732780 0.811059
vt 0.732780 0.810537
vt 0.733163 0.810656
vt 0.017822 0.842581
vt 0.018220 0.842079
vt 0.018291 0.842581
vt 0.943686 0.861695
vt 0.944112 0.862197
vt 0.943558 0.862197
vt 0.265083 0.818932
vt 0.265579 0.819093
vt 0.265348 0.819421
vt 0.023425 0.866000
vt 0.023127 0.866502
vt 0.022811 0.866000
vt 0.023855 0.866502
vt 0.024094 0.866000
vt 0.726545 0.813085
vt 0.726238 0.812663
vt 0.726617 0.812534
vt 0.023425 0.842581
vt 0.023855 0.842079
vt 0.024094 0.842581
vt 0.023127 0.842079
vt 0.022811 0.842581
vt 0.261229 0.824236
vt 0.261536 0.824658
vt 0.261156 0.824788
vt 0.030363 0.866000
vt 0.029932 0.866502
vt 0.029692 0.866000
vt 0.030661 0.866502
vt 0.030977 0.866000
vt 0.722691 0.818389
vt 0.722195 0.818228
vt 0.722426 0.817900
vt 0.030363 0.842581
vt 0.030661 0.842079
vt 0.030977 0.842581
vt 0.029932 0.842079
vt 0.029692 0.842581
vt 0.254993 0.826262
vt 0.254993 0.826784
vt 0.254611 0.826666
vt 0.035986 0.866000
vt 0.035587 0.866502
vt 0.035514 0.866000
vt 0.397396 0.924083
vt 0.396960 0.923581
vt 0.397559 0.923581
vt 0.722691 0.824945
vt 0.722195 0.825107
vt 0.722189 0.824706
vt 0.396960 0.900162
vt 0.397396 0.899660
vt 0.397559 0.900162
vt 0.035587 0.842079
vt 0.035986 0.842581
vt 0.035514 0.842581
vt 0.687463 0.246423
vt 0.687873 0.246013
vt 0.687965 0.246423
vt 0.830757 0.394544
vt 0.831127 0.394953
vt 0.830732 0.395045
vt 0.054161 0.733450
vt 0.054571 0.733859
vt 0.054161 0.733951
vt 0.830757 0.358706
vt 0.831127 0.358296
vt 0.831230 0.358706
vt 0.244904 0.656508
vt 0.244495 0.656098
vt 0.244904 0.656006
vt 0.018323 0.733450
vt 0.017914 0.733859
vt 0.017822 0.733449
vt 0.687463 0.285809
vt 0.687873 0.286219
vt 0.687463 0.286311
vt 0.054161 0.694064
vt 0.054571 0.693653
vt 0.054663 0.694063
vt 0.722690 0.774392
vt 0.722281 0.774802
vt 0.722189 0.774392
vt 0.244904 0.695894
vt 0.244495 0.696304
vt 0.244402 0.695894
vt 0.722690 0.738554
vt 0.722281 0.738144
vt 0.722691 0.738052
vt 0.018323 0.694064
vt 0.017914 0.693653
vt 0.018323 0.693561
vt 0.651625 0.246423
vt 0.651216 0.246013
vt 0.651625 0.245921
vt 0.758529 0.662808
vt 0.758939 0.662439
vt 0.759031 0.662834
vt 0.795198 0.394544
vt 0.794754 0.394953
vt 0.794674 0.394544
vt 0.280742 0.656508
vt 0.281152 0.656098
vt 0.281244 0.656508
vt 0.795198 0.358706
vt 0.794754 0.358296
vt 0.795172 0.358204
vt 0.722691 0.662808
vt 0.722281 0.662439
vt 0.722691 0.662336
vt 0.651625 0.285809
vt 0.651216 0.286219
vt 0.651124 0.285809
vt 0.758528 0.774392
vt 0.758939 0.774802
vt 0.758529 0.774894
vt 0.758529 0.701885
vt 0.758939 0.702329
vt 0.758529 0.702409
vt 0.280742 0.695894
vt 0.281152 0.696304
vt 0.280742 0.696396
vt 0.722691 0.701885
vt 0.722281 0.702329
vt 0.722189 0.701911
vt 0.758528 0.738554
vt 0.758939 0.738144
vt 0.759031 0.738554
vt 0.056645 0.379995
vt 0.057055 0.379586
vt 0.057147 0.379995
vt 0.978974 0.636196
vt 0.979383 0.635827
vt 0.979475 0.636222
vt 0.900002 0.696547
vt 0.900412 0.696956
vt 0.900002 0.697049
vt 0.976135 0.636196
vt 0.975725 0.635827
vt 0.976135 0.635724
vt 0.093292 0.379995
vt 0.092882 0.379586
vt 0.093292 0.379494
vt 0.897164 0.696547
vt 0.896754 0.696956
vt 0.896662 0.696547
vt 0.056645 0.421866
vt 0.057055 0.422275
vt 0.056645 0.422367
vt 0.900002 0.654678
vt 0.900412 0.654267
vt 0.900504 0.654677
vt 0.453617 0.956935
vt 0.454026 0.957344
vt 0.453617 0.957437
vt 0.093292 0.421866
vt 0.092882 0.422275
vt 0.092790 0.421866
vt 0.450778 0.956935
vt 0.450368 0.957344
vt 0.450276 0.956935
vt 0.897164 0.654678
vt 0.896754 0.654267
vt 0.897164 0.654175
vt 0.018323 0.379995
vt 0.017914 0.379586
vt 0.018323 0.379494
vt 0.906713 0.180018
vt 0.906303 0.180387
vt 0.906211 0.179992
vt 0.978974 0.674221
vt 0.979383 0.674664
vt 0.978974 0.674744
vt 0.131614 0.379995
vt 0.132024 0.379586
vt 0.132116 0.379995
vt 0.976135 0.674221
vt 0.975725 0.674664
vt 0.975633 0.674246
vt 0.909551 0.180018
vt 0.909961 0.180387
vt 0.909551 0.180490
vt 0.018323 0.421866
vt 0.017914 0.422275
vt 0.017822 0.421866
vt 0.453617 0.918614
vt 0.454026 0.918203
vt 0.454118 0.918613
vt 0.906713 0.138477
vt 0.906303 0.138033
vt 0.906713 0.137953
vt 0.131614 0.421866
vt 0.132024 0.422275
vt 0.131614 0.422367
vt 0.909551 0.138477
vt 0.909961 0.138033
vt 0.910053 0.138451
vt 0.450778 0.918614
vt 0.450368 0.918203
vt 0.450778 0.918111
vt 0.800449 0.037534
vt 0.800142 0.037956
vt 0.799902 0.037635
vt 0.024907 0.926066
vt 0.024524 0.926567
vt 0.024232 0.926066
vt 0.025290 0.926567
vt 0.025582 0.926066
vt 0.800449 0.095438
vt 0.800142 0.095860
vt 0.799902 0.095539
vt 0.024907 0.902647
vt 0.025290 0.902145
vt 0.025582 0.902647
vt 0.024524 0.902145
vt 0.024232 0.902647
vt 0.796595 0.032230
vt 0.796099 0.032391
vt 0.796093 0.031990
vt 0.031510 0.926066
vt 0.031074 0.926567
vt 0.030910 0.926066
vt 0.867291 0.382626
vt 0.866873 0.382125
vt 0.867401 0.382125
vt 0.806684 0.097464
vt 0.806684 0.097986
vt 0.806301 0.097867
vt 0.866873 0.358706
vt 0.867291 0.358204
vt 0.867401 0.358706
vt 0.031074 0.902145
vt 0.031510 0.902647
vt 0.030910 0.902647
vt 0.796595 0.025674
vt 0.796099 0.025512
vt 0.796330 0.025185
vt 0.872952 0.382125
vt 0.872616 0.382626
vt 0.872306 0.382125
vt 0.873368 0.382626
vt 0.873632 0.382125
vt 0.812920 0.095438
vt 0.813226 0.095860
vt 0.812847 0.095989
vt 0.872952 0.358706
vt 0.873368 0.358204
vt 0.873632 0.358706
vt 0.872616 0.358204
vt 0.872306 0.358706
vt 0.800449 0.020369
vt 0.800142 0.019947
vt 0.800521 0.019818
vt 0.879835 0.382125
vt 0.879398 0.382626
vt 0.879186 0.382125
vt 0.880091 0.382626
vt 0.880408 0.382125
vt 0.816773 0.090134
vt 0.817270 0.090295
vt 0.817039 0.090622
vt 0.879835 0.358706
vt 0.880091 0.358204
vt 0.880408 0.358706
vt 0.879398 0.358204
vt 0.879186 0.358706
vt 0.806684 0.018343
vt 0.806684 0.017822
vt 0.807067 0.017940
vt 0.931018 0.945681
vt 0.930786 0.946183
vt 0.930470 0.945681
vt 0.931456 0.946183
vt 0.931652 0.945681
vt 0.816773 0.083577
vt 0.817270 0.083416
vt 0.817275 0.083817
vt 0.931018 0.922262
vt 0.931456 0.921761
vt 0.931652 0.922262
vt 0.930786 0.921761
vt 0.930470 0.922262
vt 0.812920 0.020369
vt 0.813226 0.019947
vt 0.813466 0.020268
vt 0.937831 0.945681
vt 0.937425 0.946183
vt 0.937150 0.945681
vt 0.938185 0.946183
vt 0.938490 0.945681
vt 0.812920 0.078273
vt 0.813226 0.077851
vt 0.813466 0.078172
vt 0.937831 0.922262
vt 0.938185 0.921761
vt 0.938490 0.922262
vt 0.937425 0.921761
vt 0.937150 0.922262
vt 0.816773 0.025674
vt 0.817270 0.025512
vt 0.817275 0.025913
vt 0.944112 0.945681
vt 0.943686 0.946183
vt 0.943558 0.945681
vt 0.072027 0.866502
vt 0.071629 0.866000
vt 0.072098 0.866000
vt 0.806684 0.076247
vt 0.806684 0.075725
vt 0.807067 0.075844
vt 0.071629 0.842581
vt 0.072027 0.842079
vt 0.072098 0.842581
vt 0.943686 0.921761
vt 0.944112 0.922262
vt 0.943558 0.922262
vt 0.816773 0.032230
vt 0.817270 0.032391
vt 0.817039 0.032719
vt 0.077232 0.866000
vt 0.076935 0.866502
vt 0.076619 0.866000
vt 0.077663 0.866502
vt 0.077902 0.866000
vt 0.800449 0.078273
vt 0.800142 0.077851
vt 0.800521 0.077722
vt 0.077232 0.842581
vt 0.077663 0.842079
vt 0.077902 0.842581
vt 0.076935 0.842079
vt 0.076619 0.842581
vt 0.812920 0.037534
vt 0.813226 0.037956
vt 0.812847 0.038085
vt 0.084170 0.866000
vt 0.083740 0.866502
vt 0.083500 0.866000
vt 0.084469 0.866502
vt 0.084785 0.866000
vt 0.796595 0.083577
vt 0.796099 0.083416
vt 0.796330 0.083088
vt 0.084170 0.842581
vt 0.084469 0.842079
vt 0.084785 0.842581
vt 0.083740 0.842079
vt 0.083500 0.842581
vt 0.806684 0.039560
vt 0.806684 0.040082
vt 0.806301 0.039963
vt 0.089793 0.866000
vt 0.089394 0.866502
vt 0.089322 0.866000
vt 0.018749 0.926567
vt 0.018313 0.926066
vt 0.018912 0.926066
vt 0.796595 0.090134
vt 0.796099 0.090295
vt 0.796093 0.089894
vt 0.018313 0.902647
vt 0.018749 0.902145
vt 0.018912 0.902647
vt 0.089394 0.842079
vt 0.089793 0.842581
vt 0.089322 0.842581
vt 0.686044 0.434739
vt 0.686454 0.434329
vt 0.686546 0.434739
vt 0.053905 0.805934
vt 0.054274 0.806344
vt 0.053879 0.806436
vt 0.126646 0.733450
vt 0.127056 0.733859
vt 0.126646 0.733951
vt 0.053905 0.770096
vt 0.054274 0.769687
vt 0.054377 0.770096
vt 0.650206 0.510772
vt 0.649796 0.510362
vt 0.650206 0.510270
vt 0.090808 0.733450
vt 0.090399 0.733859
vt 0.090306 0.733449
vt 0.686044 0.474125
vt 0.686454 0.474535
vt 0.686044 0.474627
vt 0.126646 0.694064
vt 0.127056 0.693653
vt 0.127148 0.694063
vt 0.650206 0.774709
vt 0.649797 0.775119
vt 0.649704 0.774709
vt 0.650206 0.550158
vt 0.649796 0.550568
vt 0.649704 0.550158
vt 0.650206 0.738871
vt 0.649797 0.738462
vt 0.650206 0.738369
vt 0.090808 0.694064
vt 0.090399 0.693653
vt 0.090808 0.693561
vt 0.650206 0.434739
vt 0.649796 0.434329
vt 0.650206 0.434237
vt 0.759948 0.018294
vt 0.760358 0.017925
vt 0.760450 0.018320
vt 0.018345 0.805934
vt 0.017902 0.806344
vt 0.017822 0.805934
vt 0.686044 0.510772
vt 0.686454 0.510362
vt 0.686546 0.510772
vt 0.018345 0.770096
vt 0.017902 0.769687
vt 0.018320 0.769594
vt 0.724110 0.018293
vt 0.723701 0.017925
vt 0.724110 0.017822
vt 0.650206 0.474125
vt 0.649796 0.474535
vt 0.649704 0.474125
vt 0.686043 0.774709
vt 0.686454 0.775119
vt 0.686044 0.775211
vt 0.759948 0.057370
vt 0.760358 0.057814
vt 0.759948 0.057894
vt 0.686044 0.550158
vt 0.686454 0.550568
vt 0.686044 0.550660
vt 0.724110 0.057370
vt 0.723701 0.057814
vt 0.723608 0.057396
vt 0.686043 0.738871
vt 0.686454 0.738462
vt 0.686546 0.738871
vt 0.056645 0.537029
vt 0.057055 0.536620
vt 0.057147 0.537029
vt 0.972791 0.433339
vt 0.973201 0.432970
vt 0.973293 0.433365
vt 0.854840 0.904067
vt 0.855249 0.904476
vt 0.854840 0.904568
vt 0.969952 0.433339
vt 0.969542 0.432970
vt 0.969952 0.432867
vt 0.093292 0.537029
vt 0.092882 0.536620
vt 0.093292 0.536528
vt 0.852001 0.904067
vt 0.851591 0.904476
vt 0.851499 0.904067
vt 0.056645 0.578899
vt 0.057055 0.579309
vt 0.056645 0.579401
vt 0.854840 0.862197
vt 0.855249 0.861787
vt 0.855341 0.862197
vt 0.949037 0.176777
vt 0.949447 0.177186
vt 0.949037 0.177278
vt 0.093292 0.578899
vt 0.092882 0.579309
vt 0.092790 0.578899
vt 0.946198 0.176777
vt 0.945789 0.177186
vt 0.945696 0.176777
vt 0.852001 0.862197
vt 0.851591 0.861787
vt 0.852001 0.861695
vt 0.018323 0.537029
vt 0.017914 0.536620
vt 0.018323 0.536528
vt 0.909551 0.216605
vt 0.909961 0.216236
vt 0.910053 0.216631
vt 0.972791 0.471364
vt 0.973201 0.471808
vt 0.972791 0.471887
vt 0.131614 0.537029
vt 0.132024 0.536620
vt 0.132116 0.537029
vt 0.969952 0.471364
vt 0.969542 0.471808
vt 0.969450 0.471390
vt 0.906713 0.216605
vt 0.906303 0.216236
vt 0.906713 0.216133
vt 0.018323 0.578899
vt 0.017914 0.579309
vt 0.017822 0.578899
vt 0.949037 0.138455
vt 0.949447 0.138045
vt 0.949539 0.138455
vt 0.909551 0.258146
vt 0.909961 0.258590
vt 0.909551 0.258670
vt 0.131614 0.578899
vt 0.132024 0.579309
vt 0.131614 0.579401
vt 0.906713 0.258146
vt 0.906303 0.258590
vt 0.906211 0.258172
vt 0.946198 0.138455
vt 0.945789 0.138045
vt 0.946198 0.137953
vt 0.654060 0.830567
vt 0.653753 0.830989
vt 0.653513 0.830668
vt 0.074239 0.926066
vt 0.073856 0.926567
vt 0.073564 0.926066
vt 0.074622 0.926567
vt 0.074914 0.926066
vt 0.812920 0.153342
vt 0.813226 0.153764
vt 0.812847 0.153893
vt 0.074239 0.902647
vt 0.074622 0.902145
vt 0.074914 0.902647
vt 0.073856 0.902145
vt 0.073564 0.902647
vt 0.650206 0.825263
vt 0.649710 0.825424
vt 0.649704 0.825023
vt 0.080842 0.926066
vt 0.080406 0.926567
vt 0.080242 0.926066
vt 0.867291 0.442692
vt 0.866873 0.442190
vt 0.867401 0.442190
vt 0.816773 0.148037
vt 0.817270 0.148199
vt 0.817039 0.148526
vt 0.866873 0.418771
vt 0.867291 0.418270
vt 0.867401 0.418771
vt 0.080406 0.902145
vt 0.080842 0.902647
vt 0.080242 0.902647
vt 0.650206 0.818706
vt 0.649710 0.818545
vt 0.649941 0.818218
vt 0.872952 0.442190
vt 0.872616 0.442692
vt 0.872306 0.442190
vt 0.873368 0.442692
vt 0.873632 0.442190
vt 0.816773 0.141481
vt 0.817270 0.141320
vt 0.817275 0.141720
vt 0.872952 0.418771
vt 0.873368 0.418270
vt 0.873632 0.418771
vt 0.872616 0.418270
vt 0.872306 0.418771
vt 0.654060 0.813402
vt 0.653753 0.812980
vt 0.654132 0.812851
vt 0.879835 0.442190
vt 0.879398 0.442692
vt 0.879186 0.442190
vt 0.880091 0.442692
vt 0.880408 0.442190
vt 0.812920 0.136177
vt 0.813226 0.135755
vt 0.813466 0.136076
vt 0.879835 0.418771
vt 0.880091 0.418270
vt 0.880408 0.418771
vt 0.879398 0.418270
vt 0.879186 0.418771
vt 0.660295 0.811376
vt 0.660295 0.810854
vt 0.660678 0.810973
vt 0.936695 0.599579
vt 0.936463 0.600081
vt 0.936148 0.599579
vt 0.937134 0.600081
vt 0.937330 0.599579
vt 0.806684 0.134151
vt 0.806684 0.133629
vt 0.807067 0.133748
vt 0.936695 0.576160
vt 0.937134 0.575658
vt 0.937330 0.576160
vt 0.936463 0.575658
vt 0.936148 0.576160
vt 0.666531 0.813402
vt 0.666837 0.812980
vt 0.667077 0.813301
vt 0.943509 0.599579
vt 0.943102 0.600081
vt 0.942828 0.599579
vt 0.943862 0.600081
vt 0.944167 0.599579
vt 0.800449 0.136177
vt 0.800142 0.135755
vt 0.800522 0.135625
vt 0.943509 0.576160
vt 0.943862 0.575658
vt 0.944167 0.576160
vt 0.943102 0.575658
vt 0.942828 0.576160
vt 0.670384 0.818706
vt 0.670881 0.818545
vt 0.670886 0.818946
vt 0.949790 0.599579
vt 0.949363 0.600081
vt 0.949235 0.599579
vt 0.851897 0.826052
vt 0.851499 0.825550
vt 0.851968 0.825550
vt 0.796595 0.141481
vt 0.796099 0.141320
vt 0.796330 0.140992
vt 0.851499 0.802131
vt 0.851897 0.801629
vt 0.851968 0.802131
vt 0.949363 0.575658
vt 0.949790 0.576160
vt 0.949235 0.576160
vt 0.670384 0.825263
vt 0.670881 0.825424
vt 0.670650 0.825751
vt 0.857102 0.825550
vt 0.856805 0.826052
vt 0.856489 0.825550
vt 0.857533 0.826052
vt 0.857772 0.825550
vt 0.796595 0.148037
vt 0.796099 0.148199
vt 0.796093 0.147798
vt 0.857102 0.802131
vt 0.857533 0.801629
vt 0.857772 0.802131
vt 0.856805 0.801629
vt 0.856489 0.802131
vt 0.666531 0.830567
vt 0.666837 0.830989
vt 0.666458 0.831118
vt 0.864040 0.825550
vt 0.863610 0.826052
vt 0.863370 0.825550
vt 0.864339 0.826052
vt 0.864655 0.825550
vt 0.800449 0.153342
vt 0.800142 0.153764
vt 0.799902 0.153443
vt 0.864040 0.802131
vt 0.864339 0.801629
vt 0.864655 0.802131
vt 0.863610 0.801629
vt 0.863370 0.802131
vt 0.660295 0.832593
vt 0.660295 0.833115
vt 0.659912 0.832996
vt 0.869663 0.825550
vt 0.869264 0.826052
vt 0.869192 0.825550
vt 0.068081 0.926567
vt 0.067645 0.926066
vt 0.068244 0.926066
vt 0.806684 0.155368
vt 0.806684 0.155889
vt 0.806301 0.155771
vt 0.067645 0.902647
vt 0.068081 0.902145
vt 0.068244 0.902647
vt 0.869264 0.801629
vt 0.869663 0.802131
vt 0.869192 0.802131
vt 0.686044 0.662838
vt 0.686454 0.662428
vt 0.686546 0.662838
vt 0.830757 0.467028
vt 0.831127 0.467438
vt 0.830732 0.467530
vt 0.356775 0.755000
vt 0.357185 0.755409
vt 0.356775 0.755502
vt 0.830757 0.431191
vt 0.831127 0.430781
vt 0.831229 0.431191
vt 0.570525 0.683336
vt 0.570116 0.682926
vt 0.570525 0.682834
vt 0.320937 0.755000
vt 0.320528 0.755409
vt 0.320436 0.755000
vt 0.686044 0.702224
vt 0.686454 0.702634
vt 0.686044 0.702726
vt 0.356775 0.715614
vt 0.357185 0.715204
vt 0.357277 0.715614
vt 0.168260 0.803450
vt 0.167851 0.803860
vt 0.167759 0.803450
vt 0.570525 0.722722
vt 0.570116 0.723132
vt 0.570023 0.722722
vt 0.168260 0.767612
vt 0.167851 0.767203
vt 0.168261 0.767111
vt 0.320937 0.715614
vt 0.320528 0.715204
vt 0.320937 0.715112
vt 0.650206 0.662838
vt 0.649796 0.662428
vt 0.650206 0.662336
vt 0.759948 0.094327
vt 0.760358 0.093958
vt 0.760450 0.094353
vt 0.795198 0.467028
vt 0.794754 0.467438
vt 0.794674 0.467028
vt 0.606363 0.683336
vt 0.606773 0.682926
vt 0.606865 0.683336
vt 0.795198 0.431191
vt 0.794754 0.430781
vt 0.795172 0.430689
vt 0.724110 0.094327
vt 0.723701 0.093958
vt 0.724110 0.093855
vt 0.650206 0.702224
vt 0.649796 0.702634
vt 0.649704 0.702224
vt 0.204098 0.803450
vt 0.204508 0.803860
vt 0.204099 0.803952
vt 0.759948 0.133404
vt 0.760358 0.133848
vt 0.759948 0.133927
vt 0.606363 0.722722
vt 0.606773 0.723132
vt 0.606363 0.723224
vt 0.724110 0.133404
vt 0.723700 0.133848
vt 0.723608 0.133430
vt 0.204098 0.767612
vt 0.204508 0.767203
vt 0.204600 0.767612
vt 0.206582 0.537029
vt 0.206992 0.536620
vt 0.207084 0.537029
vt 0.244904 0.979492
vt 0.244495 0.979861
vt 0.244402 0.979466
vt 0.894325 0.904067
vt 0.894735 0.904476
vt 0.894325 0.904568
vt 0.247743 0.979492
vt 0.248153 0.979861
vt 0.247743 0.979964
vt 0.396971 0.537028
vt 0.396561 0.536619
vt 0.396971 0.536527
vt 0.891486 0.904067
vt 0.891077 0.904476
vt 0.890985 0.904067
vt 0.206582 0.578899
vt 0.206992 0.579309
vt 0.206582 0.579401
vt 0.894325 0.862197
vt 0.894735 0.861787
vt 0.894827 0.862197
vt 0.949037 0.251746
vt 0.949447 0.252155
vt 0.949037 0.252247
vt 0.396971 0.578899
vt 0.396561 0.579308
vt 0.396469 0.578899
vt 0.946198 0.251746
vt 0.945789 0.252155
vt 0.945696 0.251745
vt 0.891486 0.862197
vt 0.891077 0.861787
vt 0.891486 0.861695
vt 0.168261 0.537029
vt 0.167851 0.536620
vt 0.168261 0.536528
vt 0.910066 0.018293
vt 0.910476 0.017925
vt 0.910568 0.018319
vt 0.244904 0.941468
vt 0.244495 0.941024
vt 0.244904 0.940944
vt 0.435292 0.537028
vt 0.435702 0.536619
vt 0.435794 0.537028
vt 0.247743 0.941468
vt 0.248153 0.941024
vt 0.248245 0.941442
vt 0.907228 0.018293
vt 0.906818 0.017925
vt 0.907228 0.017822
vt 0.168261 0.578899
vt 0.167851 0.579309
vt 0.167759 0.578899
vt 0.949037 0.213424
vt 0.949447 0.213013
vt 0.949539 0.213423
vt 0.910066 0.059835
vt 0.910476 0.060279
vt 0.910066 0.060359
vt 0.435292 0.578899
vt 0.435702 0.579308
vt 0.435292 0.579400
vt 0.907228 0.059835
vt 0.906818 0.060279
vt 0.906726 0.059861
vt 0.946198 0.213424
vt 0.945789 0.213013
vt 0.946198 0.212922
vt 0.580615 0.853090
vt 0.580615 0.853612
vt 0.580232 0.853493
vt 0.502495 0.918767
vt 0.502112 0.919269
vt 0.501820 0.918767
vt 0.502878 0.919269
vt 0.503170 0.918767
vt 0.506001 0.858681
vt 0.506001 0.859203
vt 0.505618 0.859084
vt 0.502495 0.895348
vt 0.502878 0.894846
vt 0.503170 0.895348
vt 0.502112 0.894846
vt 0.501820 0.895348
vt 0.574379 0.851064
vt 0.574072 0.851486
vt 0.573832 0.851165
vt 0.509098 0.918767
vt 0.508662 0.919269
vt 0.508498 0.918767
vt 0.853337 0.282507
vt 0.852918 0.282005
vt 0.853447 0.282005
vt 0.512236 0.856655
vt 0.512543 0.857077
vt 0.512163 0.857206
vt 0.852918 0.258586
vt 0.853337 0.258085
vt 0.853447 0.258586
vt 0.508662 0.894846
vt 0.509098 0.895348
vt 0.508498 0.895348
vt 0.570525 0.845760
vt 0.570029 0.845921
vt 0.570024 0.845520
vt 0.858998 0.282005
vt 0.858662 0.282507
vt 0.858352 0.282005
vt 0.859414 0.282507
vt 0.859677 0.282005
vt 0.516090 0.851351
vt 0.516586 0.851512
vt 0.516355 0.851840
vt 0.858998 0.258586
vt 0.859414 0.258085
vt 0.859677 0.258586
vt 0.858662 0.258085
vt 0.858352 0.258586
vt 0.570525 0.839204
vt 0.570029 0.839042
vt 0.570260 0.838715
vt 0.865881 0.282005
vt 0.865443 0.282507
vt 0.865232 0.282005
vt 0.866136 0.282507
vt 0.866453 0.282005
vt 0.516090 0.844795
vt 0.516586 0.844633
vt 0.516592 0.845034
vt 0.865881 0.258586
vt 0.866136 0.258085
vt 0.866453 0.258586
vt 0.865443 0.258085
vt 0.865232 0.258586
vt 0.574379 0.833899
vt 0.574072 0.833477
vt 0.574452 0.833348
vt 0.920712 0.502256
vt 0.920481 0.502758
vt 0.920165 0.502256
vt 0.921151 0.502758
vt 0.921347 0.502256
vt 0.512236 0.839490
vt 0.512543 0.839068
vt 0.512783 0.839389
vt 0.920712 0.478837
vt 0.921151 0.478335
vt 0.921347 0.478837
vt 0.920481 0.478335
vt 0.920165 0.478837
vt 0.580615 0.831873
vt 0.580615 0.831352
vt 0.580997 0.831470
vt 0.927526 0.502256
vt 0.927120 0.502758
vt 0.926845 0.502256
vt 0.927880 0.502758
vt 0.928185 0.502256
vt 0.506001 0.837464
vt 0.506001 0.836942
vt 0.506384 0.837061
vt 0.927526 0.478837
vt 0.927880 0.478335
vt 0.928185 0.478837
vt 0.927120 0.478335
vt 0.926845 0.478837
vt 0.586850 0.833899
vt 0.587157 0.833477
vt 0.587397 0.833798
vt 0.933807 0.502256
vt 0.933381 0.502758
vt 0.933253 0.502256
vt 0.853317 0.042244
vt 0.852919 0.041742
vt 0.853387 0.041742
vt 0.499765 0.839490
vt 0.499459 0.839068
vt 0.499838 0.838939
vt 0.852919 0.018323
vt 0.853317 0.017822
vt 0.853387 0.018323
vt 0.933381 0.478335
vt 0.933807 0.478837
vt 0.933253 0.478837
vt 0.590704 0.839204
vt 0.591200 0.839042
vt 0.591206 0.839443
vt 0.858521 0.041742
vt 0.858224 0.042244
vt 0.857908 0.041742
vt 0.858952 0.042244
vt 0.859191 0.041742
vt 0.495912 0.844795
vt 0.495415 0.844633
vt 0.495646 0.844306
vt 0.858521 0.018323
vt 0.858952 0.017822
vt 0.859191 0.018323
vt 0.858224 0.017822
vt 0.857908 0.018323
vt 0.590704 0.845760
vt 0.591200 0.845921
vt 0.590969 0.846249
vt 0.865460 0.041742
vt 0.865029 0.042244
vt 0.864789 0.041742
vt 0.865758 0.042244
vt 0.866074 0.041742
vt 0.495911 0.851351
vt 0.495415 0.851512
vt 0.495410 0.851111
vt 0.865460 0.018323
vt 0.865758 0.017822
vt 0.866074 0.018323
vt 0.865029 0.017822
vt 0.864789 0.018323
vt 0.586850 0.851064
vt 0.587157 0.851486
vt 0.586777 0.851615
vt 0.871083 0.041742
vt 0.870684 0.042244
vt 0.870611 0.041742
vt 0.496337 0.919269
vt 0.495901 0.918767
vt 0.496500 0.918767
vt 0.499765 0.856655
vt 0.499459 0.857077
vt 0.499218 0.856756
vt 0.495901 0.895348
vt 0.496337 0.894846
vt 0.496500 0.895348
vt 0.870684 0.017822
vt 0.871083 0.018323
vt 0.870611 0.018323
vt 0.686044 0.586805
vt 0.686454 0.586395
vt 0.686546 0.586805
vt 0.830757 0.539513
vt 0.831127 0.539923
vt 0.830732 0.540015
vt 0.758529 0.398092
vt 0.758938 0.398501
vt 0.758529 0.398594
vt 0.830757 0.503675
vt 0.831127 0.503266
vt 0.831230 0.503675
vt 0.651625 0.018323
vt 0.651216 0.017914
vt 0.651625 0.017822
vt 0.722691 0.398092
vt 0.722281 0.398501
vt 0.722189 0.398092
vt 0.686044 0.626191
vt 0.686454 0.626601
vt 0.686044 0.626693
vt 0.758529 0.358706
vt 0.758938 0.358296
vt 0.759031 0.358706
vt 0.570525 0.795207
vt 0.570116 0.795616
vt 0.570023 0.795207
vt 0.651625 0.057710
vt 0.651216 0.058119
vt 0.651124 0.057710
vt 0.570525 0.759369
vt 0.570116 0.758959
vt 0.570525 0.758867
vt 0.722691 0.358706
vt 0.722281 0.358296
vt 0.722691 0.358204
vt 0.650206 0.586805
vt 0.649796 0.586395
vt 0.650206 0.586303
vt 0.724110 0.209489
vt 0.723700 0.209858
vt 0.723608 0.209463
vt 0.795198 0.539513
vt 0.794754 0.539923
vt 0.794674 0.539513
vt 0.687463 0.018323
vt 0.687873 0.017914
vt 0.687965 0.018323
vt 0.795198 0.503675
vt 0.794754 0.503266
vt 0.795172 0.503174
vt 0.759948 0.209489
vt 0.760358 0.209858
vt 0.759948 0.209961
vt 0.650206 0.626191
vt 0.649796 0.626601
vt 0.649704 0.626191
vt 0.606363 0.795207
vt 0.606773 0.795616
vt 0.606363 0.795708
vt 0.724110 0.170412
vt 0.723700 0.169968
vt 0.724110 0.169888
vt 0.687463 0.057710
vt 0.687873 0.058119
vt 0.687463 0.058211
vt 0.759948 0.170412
vt 0.760358 0.169968
vt 0.760450 0.170386
vt 0.606363 0.759369
vt 0.606773 0.758959
vt 0.606865 0.759369
vt 0.056645 0.615546
vt 0.057055 0.615137
vt 0.057147 0.615546
vt 0.854840 0.940684
vt 0.855249 0.940314
vt 0.855341 0.940710
vt 0.247743 0.904800
vt 0.248153 0.905209
vt 0.247743 0.905301
vt 0.852001 0.940684
vt 0.851591 0.940314
vt 0.852001 0.940212
vt 0.093292 0.615546
vt 0.092882 0.615137
vt 0.093292 0.615045
vt 0.244904 0.904800
vt 0.244495 0.905209
vt 0.244402 0.904799
vt 0.056645 0.657416
vt 0.057055 0.657826
vt 0.056645 0.657918
vt 0.247743 0.862930
vt 0.248153 0.862519
vt 0.248245 0.862929
vt 0.949552 0.056646
vt 0.949962 0.057055
vt 0.949552 0.057147
vt 0.093292 0.657416
vt 0.092882 0.657826
vt 0.092790 0.657416
vt 0.946713 0.056646
vt 0.946304 0.057055
vt 0.946211 0.056645
vt 0.244904 0.862930
vt 0.244495 0.862519
vt 0.244904 0.862427
vt 0.018323 0.615546
vt 0.017914 0.615137
vt 0.018323 0.615045
vt 0.725529 0.868912
vt 0.725939 0.868544
vt 0.726031 0.868938
vt 0.854840 0.978708
vt 0.855249 0.979152
vt 0.854840 0.979232
vt 0.131614 0.615546
vt 0.132024 0.615137
vt 0.132116 0.615546
vt 0.852001 0.978708
vt 0.851591 0.979152
vt 0.851499 0.978734
vt 0.722691 0.868912
vt 0.722281 0.868544
vt 0.722691 0.868441
vt 0.018323 0.657416
vt 0.017914 0.657826
vt 0.017822 0.657416
vt 0.949552 0.018324
vt 0.949962 0.017914
vt 0.950054 0.018323
vt 0.725529 0.910454
vt 0.725939 0.910898
vt 0.725529 0.910978
vt 0.131614 0.657416
vt 0.132024 0.657826
vt 0.131614 0.657918
vt 0.722691 0.910454
vt 0.722281 0.910898
vt 0.722189 0.910480
vt 0.946713 0.018324
vt 0.946304 0.017914
vt 0.946713 0.017822
vt 0.850428 0.713204
vt 0.850428 0.713726
vt 0.850045 0.713607
vt 0.174844 0.923582
vt 0.174462 0.924084
vt 0.174169 0.923582
vt 0.175227 0.924084
vt 0.175519 0.923582
vt 0.850428 0.597397
vt 0.850428 0.597919
vt 0.850045 0.597800
vt 0.174844 0.900163
vt 0.175227 0.899661
vt 0.175519 0.900163
vt 0.174462 0.899661
vt 0.174169 0.900163
vt 0.844192 0.711178
vt 0.843886 0.711600
vt 0.843646 0.711279
vt 0.181447 0.923582
vt 0.181012 0.924084
vt 0.180847 0.923582
vt 0.867291 0.502758
vt 0.866873 0.502256
vt 0.867401 0.502256
vt 0.856663 0.595371
vt 0.856970 0.595793
vt 0.856590 0.595922
vt 0.866873 0.478837
vt 0.867291 0.478335
vt 0.867401 0.478837
vt 0.181012 0.899661
vt 0.181447 0.900163
vt 0.180847 0.900163
vt 0.840339 0.705874
vt 0.839842 0.706035
vt 0.839837 0.705634
vt 0.872952 0.502256
vt 0.872616 0.502758
vt 0.872306 0.502256
vt 0.873368 0.502758
vt 0.873632 0.502256
vt 0.860517 0.590067
vt 0.861013 0.590228
vt 0.860782 0.590555
vt 0.872952 0.478837
vt 0.873368 0.478335
vt 0.873632 0.478837
vt 0.872616 0.478335
vt 0.872306 0.478837
vt 0.840339 0.699318
vt 0.839842 0.699156
vt 0.840073 0.698829
vt 0.879835 0.502256
vt 0.879398 0.502758
vt 0.879186 0.502256
vt 0.880091 0.502758
vt 0.880408 0.502256
vt 0.860517 0.583510
vt 0.861013 0.583349
vt 0.861019 0.583750
vt 0.879835 0.478837
vt 0.880091 0.478335
vt 0.880408 0.478837
vt 0.879398 0.478335
vt 0.879186 0.478837
vt 0.844192 0.694013
vt 0.843886 0.693591
vt 0.844265 0.693462
vt 0.795221 0.943519
vt 0.794989 0.944021
vt 0.794674 0.943519
vt 0.795660 0.944021
vt 0.795856 0.943519
vt 0.856663 0.578206
vt 0.856970 0.577784
vt 0.857210 0.578105
vt 0.795221 0.920100
vt 0.795660 0.919598
vt 0.795856 0.920100
vt 0.794989 0.919598
vt 0.794674 0.920100
vt 0.850428 0.691987
vt 0.850428 0.691466
vt 0.850811 0.691584
vt 0.802035 0.943519
vt 0.801628 0.944021
vt 0.801354 0.943519
vt 0.802388 0.944021
vt 0.802693 0.943519
vt 0.850428 0.576180
vt 0.850428 0.575658
vt 0.850811 0.575777
vt 0.802035 0.920100
vt 0.802388 0.919598
vt 0.802693 0.920100
vt 0.801628 0.919598
vt 0.801354 0.920100
vt 0.856663 0.694013
vt 0.856970 0.693591
vt 0.857210 0.693912
vt 0.808316 0.943519
vt 0.807890 0.944021
vt 0.807761 0.943519
vt 0.853317 0.102310
vt 0.852919 0.101808
vt 0.853388 0.101808
vt 0.844192 0.578206
vt 0.843886 0.577784
vt 0.844265 0.577655
vt 0.852919 0.078389
vt 0.853317 0.077887
vt 0.853388 0.078389
vt 0.807890 0.919598
vt 0.808316 0.920100
vt 0.807761 0.920100
vt 0.860517 0.699318
vt 0.861013 0.699156
vt 0.861019 0.699557
vt 0.858521 0.101808
vt 0.858224 0.102310
vt 0.857908 0.101808
vt 0.858952 0.102310
vt 0.859191 0.101808
vt 0.840338 0.583510
vt 0.839842 0.583349
vt 0.840073 0.583022
vt 0.858521 0.078389
vt 0.858952 0.077887
vt 0.859191 0.078389
vt 0.858224 0.077887
vt 0.857908 0.078389
vt 0.860517 0.705874
vt 0.861013 0.706035
vt 0.860782 0.706363
vt 0.865460 0.101808
vt 0.865029 0.102310
vt 0.864789 0.101808
vt 0.865758 0.102310
vt 0.866074 0.101808
vt 0.840338 0.590067
vt 0.839842 0.590228
vt 0.839837 0.589827
vt 0.865460 0.078389
vt 0.865758 0.077887
vt 0.866074 0.078389
vt 0.865029 0.077887
vt 0.864789 0.078389
vt 0.856663 0.711178
vt 0.856970 0.711600
vt 0.856590 0.711730
vt 0.871083 0.101808
vt 0.870684 0.102310
vt 0.870611 0.101808
vt 0.168686 0.924084
vt 0.168250 0.923582
vt 0.168849 0.923582
vt 0.844192 0.595371
vt 0.843885 0.595793
vt 0.843645 0.595472
vt 0.168250 0.900163
vt 0.168686 0.899661
vt 0.168849 0.900163
vt 0.870684 0.077887
vt 0.871083 0.078389
vt 0.870611 0.078389
vt 0.244904 0.316125
vt 0.244495 0.315716
vt 0.244904 0.315623
vt 0.492264 0.018326
vt 0.492674 0.017912
vt 0.492766 0.018323
vt 0.897129 0.738161
vt 0.896766 0.738571
vt 0.896662 0.738161
vt 0.487296 0.018326
vt 0.486887 0.017912
vt 0.487296 0.017822
vt 0.614978 0.018323
vt 0.615388 0.017914
vt 0.615480 0.018323
vt 0.897129 0.733194
vt 0.896766 0.732784
vt 0.897159 0.732692
vt 0.247743 0.316125
vt 0.248153 0.315716
vt 0.248245 0.316125
vt 0.899939 0.738161
vt 0.900387 0.738571
vt 0.899969 0.738663
vt 0.528911 0.018289
vt 0.528501 0.017926
vt 0.528911 0.017822
vt 0.612140 0.018323
vt 0.611730 0.017914
vt 0.612140 0.017822
vt 0.533878 0.018289
vt 0.534288 0.017926
vt 0.534380 0.018318
vt 0.899939 0.733194
vt 0.900387 0.732784
vt 0.900466 0.733194
vt 0.244904 0.619861
vt 0.244495 0.620270
vt 0.244402 0.619861
vt 0.799430 0.312809
vt 0.799844 0.313219
vt 0.799433 0.313311
vt 0.492264 0.322028
vt 0.492674 0.322433
vt 0.492264 0.322526
vt 0.614978 0.322059
vt 0.615388 0.322469
vt 0.614978 0.322561
vt 0.487296 0.322028
vt 0.486886 0.322433
vt 0.486794 0.322025
vt 0.799430 0.307842
vt 0.799844 0.307432
vt 0.799935 0.307842
vt 0.247743 0.619861
vt 0.248153 0.620270
vt 0.247743 0.620362
vt 0.528911 0.318970
vt 0.528501 0.319418
vt 0.528409 0.318999
vt 0.796592 0.312809
vt 0.796187 0.313219
vt 0.796093 0.312809
vt 0.612140 0.322059
vt 0.611730 0.322469
vt 0.611638 0.322059
vt 0.796592 0.307842
vt 0.796187 0.307432
vt 0.796595 0.307340
vt 0.533878 0.318970
vt 0.534288 0.319418
vt 0.533878 0.319496
vt 0.531749 0.652280
vt 0.532159 0.652690
vt 0.531749 0.652782
vt 0.320937 0.602994
vt 0.320528 0.603325
vt 0.320436 0.602947
vt 0.840357 0.754839
vt 0.839919 0.755248
vt 0.839837 0.754839
vt 0.325905 0.602994
vt 0.326315 0.603325
vt 0.325905 0.603435
vt 0.570525 0.646689
vt 0.570116 0.647098
vt 0.570024 0.646689
vt 0.840357 0.749871
vt 0.839919 0.749461
vt 0.840336 0.749369
vt 0.528911 0.652280
vt 0.528501 0.652689
vt 0.528409 0.652280
vt 0.843181 0.754839
vt 0.843558 0.755248
vt 0.843160 0.755341
vt 0.570525 0.018342
vt 0.570116 0.017904
vt 0.570525 0.017822
vt 0.573364 0.646689
vt 0.573774 0.647098
vt 0.573364 0.647190
vt 0.575493 0.018342
vt 0.575903 0.017904
vt 0.575995 0.018321
vt 0.843181 0.749871
vt 0.843558 0.749461
vt 0.843659 0.749871
vt 0.531749 0.355641
vt 0.532159 0.355231
vt 0.532251 0.355641
vt 0.910026 0.101471
vt 0.910356 0.101881
vt 0.909978 0.101973
vt 0.320937 0.314125
vt 0.320528 0.313658
vt 0.320937 0.313590
vt 0.570525 0.350050
vt 0.570116 0.349640
vt 0.570525 0.349548
vt 0.325905 0.314125
vt 0.326315 0.313658
vt 0.326407 0.314078
vt 0.910026 0.096504
vt 0.910356 0.096094
vt 0.910467 0.096504
vt 0.528911 0.355641
vt 0.528501 0.355231
vt 0.528911 0.355139
vt 0.570525 0.313427
vt 0.570116 0.313804
vt 0.570023 0.313406
vt 0.907262 0.101471
vt 0.906795 0.101881
vt 0.906726 0.101471
vt 0.573364 0.350050
vt 0.573774 0.349640
vt 0.573866 0.350050
vt 0.907262 0.096504
vt 0.906795 0.096094
vt 0.907215 0.096002
vt 0.575493 0.313427
vt 0.575903 0.313804
vt 0.575493 0.313905
vt 0.488716 0.619827
vt 0.489125 0.620237
vt 0.488716 0.620329
vt 0.360324 0.018294
vt 0.360733 0.017924
vt 0.360825 0.018320
vt 0.980257 0.901583
vt 0.979848 0.901993
vt 0.979755 0.901583
vt 0.320937 0.018294
vt 0.320528 0.017924
vt 0.320937 0.017822
vt 0.612140 0.619861
vt 0.611730 0.620271
vt 0.611638 0.619861
vt 0.980257 0.862197
vt 0.979848 0.861787
vt 0.980257 0.861695
vt 0.487296 0.619827
vt 0.486886 0.620237
vt 0.486794 0.619827
vt 0.981676 0.901583
vt 0.982086 0.901993
vt 0.981677 0.902085
vt 0.284291 0.279479
vt 0.284700 0.279888
vt 0.284291 0.279980
vt 0.613559 0.619861
vt 0.613969 0.620271
vt 0.613559 0.620363
vt 0.244904 0.279479
vt 0.244495 0.279888
vt 0.244402 0.279478
vt 0.981676 0.862197
vt 0.982086 0.861787
vt 0.982178 0.862197
vt 0.488715 0.358672
vt 0.489125 0.358262
vt 0.489217 0.358672
vt 0.981688 0.977616
vt 0.982056 0.978026
vt 0.981661 0.978118
vt 0.360324 0.277422
vt 0.360733 0.277866
vt 0.360324 0.277946
vt 0.612140 0.358706
vt 0.611730 0.358296
vt 0.612140 0.358204
vt 0.320937 0.277422
vt 0.320528 0.277866
vt 0.320436 0.277448
vt 0.981688 0.938230
vt 0.982056 0.937820
vt 0.982159 0.938230
vt 0.487296 0.358672
vt 0.486886 0.358262
vt 0.487296 0.358170
vt 0.284291 0.018324
vt 0.284700 0.017913
vt 0.284792 0.018323
vt 0.980279 0.977616
vt 0.979835 0.978026
vt 0.979755 0.977616
vt 0.613559 0.358706
vt 0.613969 0.358296
vt 0.614061 0.358706
vt 0.980279 0.938230
vt 0.979835 0.937820
vt 0.980253 0.937728
vt 0.244904 0.018324
vt 0.244495 0.017913
vt 0.244904 0.017822
vt 0.094967 0.017822
vt 0.442133 0.341320
vt 0.131614 0.343850
vt 0.794674 0.576160
vt 0.396970 0.343850
vt 0.803692 0.575658
vt 0.095469 0.343349
vt 0.405988 0.343348
vt 0.208759 0.343349
vt 0.396469 0.018323
vt 0.803692 0.688949
vt 0.405486 0.017822
vt 0.018323 0.343850
vt 0.208257 0.017822
vt 0.804193 0.765488
vt 0.450649 0.017822
vt 0.795176 0.765986
vt 0.017822 0.018323
vt 0.441632 0.018320
vt 0.131112 0.018323
vt 0.451151 0.340822
vt 0.204600 0.654933
vt 0.126862 0.805934
vt 0.495911 0.728815
vt 0.396469 0.615546
vt 0.495410 0.688927
vt 0.723608 0.246423
vt 0.168261 0.655434
vt 0.724110 0.282763
vt 0.396971 0.655434
vt 0.759948 0.245921
vt 0.758529 0.434237
vt 0.760450 0.282261
vt 0.167759 0.615546
vt 0.722189 0.434735
vt 0.433310 0.654932
vt 0.759031 0.473812
vt 0.090306 0.770096
vt 0.722691 0.474310
vt 0.204099 0.615045
vt 0.090804 0.806436
vt 0.432808 0.615044
vt 0.126364 0.769594
vt 0.207084 0.421866
vt 0.972791 0.358204
vt 0.450778 0.882468
vt 0.396469 0.379995
vt 0.450276 0.840096
vt 0.125938 0.959921
vt 0.168261 0.422367
vt 0.129279 0.959419
vt 0.396971 0.422366
vt 0.125437 0.921098
vt 0.653045 0.868758
vt 0.167759 0.379995
vt 0.649704 0.869256
vt 0.435794 0.421865
vt 0.653547 0.910797
vt 0.969952 0.397224
vt 0.206582 0.379494
vt 0.973293 0.396726
vt 0.435292 0.379493
vt 0.969450 0.358702
vt 0.840073 0.648459
vt 0.813466 0.211346
vt 0.839837 0.641654
vt 0.817275 0.205701
vt 0.870535 0.161874
vt 0.870535 0.138455
vt 0.870568 0.137953
vt 0.850045 0.633681
vt 0.806301 0.191651
vt 0.857210 0.653376
vt 0.906211 0.294815
vt 0.850811 0.655704
vt 0.800521 0.211796
vt 0.687965 0.133743
vt 0.204600 0.730966
vt 0.356991 0.827484
vt 0.168261 0.731467
vt 0.651124 0.170390
vt 0.167759 0.691580
vt 0.495410 0.764960
vt 0.204099 0.691078
vt 0.651625 0.134245
vt 0.651625 0.210278
vt 0.531749 0.764458
vt 0.758529 0.510270
vt 0.532251 0.800798
vt 0.651124 0.094357
vt 0.722189 0.510768
vt 0.687965 0.209776
vt 0.759031 0.549845
vt 0.320436 0.791646
vt 0.722691 0.550343
vt 0.687463 0.093855
vt 0.320934 0.827986
vt 0.687463 0.169888
vt 0.356493 0.791145
vt 0.057147 0.500383
vt 0.129279 0.884451
vt 0.891486 0.979232
vt 0.125938 0.884953
vt 0.092790 0.458512
vt 0.125437 0.842581
vt 0.936649 0.675049
vt 0.018323 0.500884
vt 0.939990 0.674548
vt 0.093292 0.500884
vt 0.936148 0.636226
vt 0.323776 0.863629
vt 0.017822 0.458512
vt 0.320436 0.864127
vt 0.132116 0.500383
vt 0.324278 0.905669
vt 0.894325 0.940212
vt 0.056645 0.458011
vt 0.890985 0.940709
vt 0.131614 0.458011
vt 0.894827 0.978734
vt 0.800521 0.269700
vt 0.805648 0.823771
vt 0.796330 0.264333
vt 0.812047 0.821443
vt 0.815856 0.815798
vt 0.812323 0.883955
vt 0.812290 0.860035
vt 0.812323 0.859533
vt 0.815619 0.808992
vt 0.806301 0.249555
vt 0.804882 0.801748
vt 0.817039 0.256799
vt 0.817275 0.263605
vt 0.813466 0.269250
vt 0.794911 0.816526
vt 0.570024 0.889757
vt 0.807067 0.271578
vt 0.357277 0.678967
vt 0.433310 0.730965
vt 0.433024 0.803450
vt 0.396971 0.731467
vt 0.649704 0.358706
vt 0.396469 0.691579
vt 0.244402 0.732541
vt 0.432808 0.691077
vt 0.320937 0.679469
vt 0.650206 0.398594
vt 0.758529 0.586303
vt 0.281244 0.768379
vt 0.320436 0.639580
vt 0.722189 0.586801
vt 0.686546 0.398092
vt 0.759031 0.625878
vt 0.396469 0.767612
vt 0.722691 0.626376
vt 0.356775 0.639079
vt 0.396967 0.803951
vt 0.686044 0.358204
vt 0.207084 0.500383
vt 0.900504 0.618030
vt 0.323776 0.941810
vt 0.897164 0.618532
vt 0.396469 0.458512
vt 0.896662 0.576160
vt 0.945294 0.822840
vt 0.168261 0.500884
vt 0.948634 0.822338
vt 0.396971 0.500883
vt 0.944792 0.784016
vt 0.908647 0.783515
vt 0.167759 0.458512
vt 0.905307 0.784012
vt 0.435794 0.500382
vt 0.909149 0.825554
vt 0.320937 0.980830
vt 0.206582 0.458011
vt 0.435292 0.458010
vt 0.320436 0.942308
vt 0.733163 0.832679
vt 0.248211 0.806970
vt 0.739562 0.830351
vt 0.870535 0.221939
vt 0.254611 0.804642
vt 0.870535 0.198521
vt 0.870568 0.198019
vt 0.743134 0.817900
vt 0.265348 0.811887
vt 0.738943 0.812534
vt 0.265584 0.818693
vt 0.261776 0.824337
vt 0.725998 0.812984
vt 0.255376 0.826666
vt 0.396469 0.900162
vt 0.248831 0.824788
vt 0.722426 0.825434
vt 0.687965 0.285809
vt 0.054663 0.733449
vt 0.831230 0.394544
vt 0.018323 0.733951
vt 0.244402 0.656508
vt 0.017822 0.694063
vt 0.722189 0.738554
vt 0.054161 0.693561
vt 0.651625 0.286311
vt 0.722691 0.774894
vt 0.244904 0.696396
vt 0.758529 0.738052
vt 0.722691 0.702409
vt 0.759031 0.774392
vt 0.651124 0.246423
vt 0.759031 0.701911
vt 0.281244 0.695894
vt 0.722189 0.662834
vt 0.794674 0.358706
vt 0.758529 0.662336
vt 0.687463 0.245921
vt 0.795172 0.395045
vt 0.280742 0.656006
vt 0.830732 0.358204
vt 0.057147 0.421866
vt 0.900504 0.696547
vt 0.978974 0.635724
vt 0.897164 0.697049
vt 0.092790 0.379995
vt 0.896662 0.654677
vt 0.450778 0.957437
vt 0.018323 0.422367
vt 0.454118 0.956935
vt 0.093292 0.422367
vt 0.450276 0.918613
vt 0.909551 0.137953
vt 0.017822 0.379995
vt 0.906211 0.138451
vt 0.132116 0.421866
vt 0.910053 0.179992
vt 0.976135 0.674744
vt 0.056645 0.379494
vt 0.979475 0.674246
vt 0.131614 0.379494
vt 0.975633 0.636222
vt 0.807067 0.097867
vt 0.813466 0.095539
vt 0.884522 0.382626
vt 0.884489 0.358706
vt 0.884522 0.358204
vt 0.817275 0.089894
vt 0.817039 0.083088
vt 0.812847 0.077722
vt 0.806301 0.075844
vt 0.799902 0.078172
vt 0.796093 0.083817
vt 0.017822 0.902647
vt 0.800521 0.038085
vt 0.796330 0.090622
vt 0.686546 0.474125
vt 0.127148 0.733449
vt 0.054377 0.805934
vt 0.090808 0.733951
vt 0.649704 0.510772
vt 0.090306 0.694063
vt 0.649704 0.738871
vt 0.126646 0.693561
vt 0.650206 0.474627
vt 0.650206 0.775211
vt 0.650206 0.550660
vt 0.724110 0.057894
vt 0.686546 0.774709
vt 0.649704 0.434739
vt 0.760450 0.057396
vt 0.686546 0.550158
vt 0.723608 0.018319
vt 0.017822 0.770096
vt 0.759948 0.017822
vt 0.686044 0.434237
vt 0.686044 0.510270
vt 0.057147 0.578899
vt 0.855341 0.904067
vt 0.972791 0.432867
vt 0.852001 0.904568
vt 0.092790 0.537029
vt 0.851499 0.862197
vt 0.946198 0.177278
vt 0.018323 0.579401
vt 0.093292 0.579401
vt 0.945696 0.138455
vt 0.906713 0.258670
vt 0.017822 0.537029
vt 0.910053 0.258172
vt 0.132116 0.578899
vt 0.906211 0.216631
vt 0.969952 0.471887
vt 0.056645 0.536528
vt 0.973293 0.471390
vt 0.131614 0.536528
vt 0.817275 0.147798
vt 0.653513 0.813301
vt 0.817039 0.140992
vt 0.884489 0.442190
vt 0.884522 0.418270
vt 0.884489 0.418771
vt 0.812847 0.135625
vt 0.806301 0.133748
vt 0.670650 0.818218
vt 0.799902 0.136076
vt 0.670886 0.825023
vt 0.796093 0.141721
vt 0.796330 0.148526
vt 0.660678 0.832996
vt 0.067154 0.902647
vt 0.654132 0.831118
vt 0.807067 0.155771
vt 0.686546 0.702224
vt 0.357277 0.755000
vt 0.831229 0.467028
vt 0.320937 0.755502
vt 0.570023 0.683336
vt 0.320436 0.715614
vt 0.167759 0.767612
vt 0.356775 0.715112
vt 0.650206 0.702726
vt 0.168261 0.803952
vt 0.570525 0.723224
vt 0.204099 0.767111
vt 0.724110 0.133927
vt 0.204600 0.803450
vt 0.649704 0.662838
vt 0.760450 0.133430
vt 0.606865 0.722722
vt 0.723608 0.094353
vt 0.794674 0.431191
vt 0.759948 0.093855
vt 0.686044 0.662336
vt 0.606363 0.682834
vt 0.830732 0.430689
vt 0.207084 0.578899
vt 0.894827 0.904067
vt 0.244904 0.979964
vt 0.891486 0.904568
vt 0.396469 0.537028
vt 0.890985 0.862197
vt 0.946198 0.252247
vt 0.168261 0.579401
vt 0.949539 0.251745
vt 0.396971 0.579400
vt 0.945696 0.213423
vt 0.907228 0.060359
vt 0.167759 0.537029
vt 0.910568 0.059861
vt 0.435794 0.578899
vt 0.906726 0.018319
vt 0.247743 0.940944
vt 0.206582 0.536528
vt 0.244402 0.941442
vt 0.435292 0.536527
vt 0.248245 0.979466
vt 0.570260 0.846249
vt 0.512783 0.856756
vt 0.570024 0.839443
vt 0.870535 0.282005
vt 0.870568 0.258085
vt 0.870535 0.258586
vt 0.516355 0.844306
vt 0.505618 0.837061
vt 0.590969 0.838715
vt 0.495410 0.845034
vt 0.495410 0.895348
vt 0.580997 0.853493
vt 0.686546 0.626191
vt 0.759031 0.398092
vt 0.831230 0.539513
vt 0.722691 0.398594
vt 0.651124 0.018323
vt 0.722189 0.358706
vt 0.570023 0.759369
vt 0.758529 0.358204
vt 0.650206 0.626693
vt 0.570525 0.795708
vt 0.651625 0.058211
vt 0.606363 0.758867
vt 0.759948 0.169888
vt 0.606865 0.795207
vt 0.649704 0.586805
vt 0.687965 0.057710
vt 0.760450 0.209463
vt 0.794674 0.503675
vt 0.686044 0.586303
vt 0.795172 0.540015
vt 0.687463 0.017822
vt 0.830732 0.503174
vt 0.057147 0.657416
vt 0.248245 0.904799
vt 0.854840 0.940212
vt 0.244904 0.905301
vt 0.092790 0.615546
vt 0.244402 0.862929
vt 0.946713 0.057147
vt 0.018323 0.657918
vt 0.950054 0.056645
vt 0.093292 0.657918
vt 0.946211 0.018323
vt 0.722691 0.910978
vt 0.017822 0.615546
vt 0.726031 0.910480
vt 0.132116 0.657416
vt 0.722189 0.868938
vt 0.852001 0.979232
vt 0.056645 0.615045
vt 0.855341 0.978734
vt 0.131614 0.615045
vt 0.851499 0.940710
vt 0.850811 0.597800
vt 0.839837 0.699557
vt 0.884489 0.502256
vt 0.843645 0.693912
vt 0.884522 0.478335
vt 0.884489 0.478837
vt 0.860782 0.583022
vt 0.850045 0.691584
vt 0.856590 0.577655
vt 0.850045 0.575777
vt 0.860782 0.698829
vt 0.843645 0.578105
vt 0.839837 0.583750
vt 0.840073 0.590555
vt 0.167759 0.900163
vt 0.850811 0.713607
vt 0.247743 0.315623
vt 0.492264 0.017822
vt 0.896662 0.733194
vt 0.614978 0.017822
vt 0.899969 0.732692
vt 0.533878 0.017822
vt 0.900466 0.738161
vt 0.248245 0.619861
vt 0.528409 0.018318
vt 0.611638 0.018323
vt 0.534380 0.318999
vt 0.796093 0.307842
vt 0.528911 0.319496
vt 0.244904 0.620362
vt 0.612140 0.322561
vt 0.799433 0.307340
vt 0.487296 0.322527
vt 0.799935 0.312809
vt 0.244402 0.316125
vt 0.492766 0.322025
vt 0.615480 0.322059
vt 0.486794 0.018323
vt 0.528911 0.652782
vt 0.840336 0.755341
vt 0.320937 0.603435
vt 0.839837 0.749871
vt 0.570525 0.647190
vt 0.575493 0.017822
vt 0.843659 0.754839
vt 0.528409 0.355641
vt 0.570023 0.018321
vt 0.573866 0.646689
vt 0.906726 0.096504
vt 0.570525 0.313905
vt 0.531749 0.355139
vt 0.907215 0.101973
vt 0.573364 0.349548
vt 0.325905 0.313590
vt 0.910467 0.101471
vt 0.532251 0.652280
vt 0.320436 0.314078
vt 0.570024 0.350050
vt 0.326407 0.602947
vt 0.487296 0.620329
vt 0.360324 0.017822
vt 0.979755 0.862197
vt 0.612140 0.620363
vt 0.981677 0.861695
vt 0.244904 0.279980
vt 0.982178 0.901583
vt 0.486794 0.358672
vt 0.284792 0.279478
vt 0.614061 0.619861
vt 0.244402 0.018323
vt 0.979755 0.938230
vt 0.284291 0.017822
vt 0.488715 0.358170
vt 0.613559 0.358204
vt 0.320937 0.277946
vt 0.982159 0.977616
vt 0.489217 0.619827
vt 0.360825 0.277448
vt 0.611638 0.358706
vt 0.320436 0.018320
vt 0.812290 0.883453
vt 0.884489 0.382125
vt 0.804193 0.652803
vt 0.795176 0.653305
vt 0.794674 0.689446
vt 0.532251 0.728313
vt 0.531749 0.688425
vt 0.454118 0.881966
vt 0.453617 0.839595
vt 0.650206 0.911295
vt 0.128777 0.920596
vt 0.913296 0.318644
vt 0.807067 0.213674
vt 0.913296 0.294406
vt 0.844265 0.653826
vt 0.919843 0.318644
vt 0.852988 0.162283
vt 0.852988 0.138045
vt 0.919843 0.294406
vt 0.859016 0.162283
vt 0.859016 0.138045
vt 0.865840 0.162283
vt 0.817039 0.198896
vt 0.865840 0.138045
vt 0.843645 0.636009
vt 0.920759 0.382534
vt 0.812847 0.193529
vt 0.920759 0.358296
vt 0.927514 0.382534
vt 0.927514 0.358296
vt 0.856590 0.635559
vt 0.933742 0.382534
vt 0.167837 0.863926
vt 0.799902 0.193979
vt 0.167837 0.839688
vt 0.933742 0.358296
vt 0.860782 0.640925
vt 0.173392 0.863926
vt 0.796093 0.199624
vt 0.173392 0.839688
vt 0.861019 0.647731
vt 0.180270 0.863926
vt 0.796330 0.206430
vt 0.180270 0.839688
vt 0.185846 0.863926
vt 0.906759 0.318644
vt 0.906759 0.294406
vt 0.185846 0.839688
vt 0.495911 0.801299
vt 0.128777 0.842079
vt 0.320937 0.906166
vt 0.939488 0.635724
vt 0.577109 0.913586
vt 0.577109 0.889347
vt 0.583656 0.913586
vt 0.794744 0.883863
vt 0.794744 0.859625
vt 0.583656 0.889347
vt 0.800771 0.883863
vt 0.800771 0.859625
vt 0.796093 0.257528
vt 0.807596 0.883863
vt 0.807596 0.859625
vt 0.799902 0.251883
vt 0.920759 0.442600
vt 0.811428 0.803626
vt 0.920759 0.418362
vt 0.927514 0.442600
vt 0.927514 0.418362
vt 0.812847 0.251433
vt 0.933742 0.442600
vt 0.396546 0.863925
vt 0.798483 0.804076
vt 0.396546 0.839687
vt 0.933742 0.418362
vt 0.402101 0.863925
vt 0.794674 0.809721
vt 0.402101 0.839687
vt 0.408980 0.863925
vt 0.408980 0.839687
vt 0.414555 0.863925
vt 0.570572 0.913586
vt 0.799102 0.821893
vt 0.570572 0.889347
vt 0.414555 0.839687
vt 0.432526 0.767110
vt 0.244904 0.768880
vt 0.280742 0.732039
vt 0.900002 0.575658
vt 0.905808 0.826052
vt 0.324278 0.980332
vt 0.948133 0.783515
vt 0.403554 0.923991
vt 0.726617 0.830801
vt 0.403554 0.899752
vt 0.244639 0.819421
vt 0.410101 0.923991
vt 0.852988 0.222349
vt 0.852988 0.198111
vt 0.410101 0.899752
vt 0.244402 0.812615
vt 0.859016 0.222349
vt 0.859016 0.198111
vt 0.865840 0.222349
vt 0.743371 0.824706
vt 0.865840 0.198111
vt 0.931064 0.886025
vt 0.931064 0.861787
vt 0.261156 0.806520
vt 0.937820 0.886025
vt 0.937820 0.861787
vt 0.944047 0.886025
vt 0.017899 0.866410
vt 0.732397 0.810656
vt 0.017899 0.842171
vt 0.944047 0.861787
vt 0.023454 0.866410
vt 0.023454 0.842171
vt 0.030333 0.866410
vt 0.722189 0.818629
vt 0.030333 0.842171
vt 0.035908 0.866410
vt 0.397017 0.923991
vt 0.397017 0.899752
vt 0.035908 0.842171
vt 0.900002 0.654175
vt 0.906713 0.180490
vt 0.453617 0.918111
vt 0.024907 0.926475
vt 0.800521 0.095989
vt 0.024907 0.902237
vt 0.796330 0.032719
vt 0.031454 0.926475
vt 0.866943 0.382534
vt 0.866943 0.358296
vt 0.031454 0.902237
vt 0.796093 0.025913
vt 0.872970 0.382534
vt 0.872970 0.358296
vt 0.799902 0.020268
vt 0.879795 0.382534
vt 0.879795 0.358296
vt 0.806301 0.017940
vt 0.931064 0.946091
vt 0.931064 0.921853
vt 0.812847 0.019818
vt 0.937820 0.946091
vt 0.937820 0.921853
vt 0.817039 0.025185
vt 0.944047 0.946091
vt 0.071707 0.866410
vt 0.071707 0.842171
vt 0.944047 0.921853
vt 0.817275 0.031990
vt 0.077262 0.866410
vt 0.077262 0.842171
vt 0.813466 0.037635
vt 0.084141 0.866410
vt 0.084141 0.842171
vt 0.807067 0.039963
vt 0.089716 0.866410
vt 0.018370 0.926475
vt 0.018370 0.902237
vt 0.089716 0.842171
vt 0.053879 0.769594
vt 0.018320 0.806436
vt 0.686044 0.738369
vt 0.969450 0.433365
vt 0.854840 0.861695
vt 0.949539 0.176777
vt 0.909551 0.216133
vt 0.949037 0.137953
vt 0.074239 0.926475
vt 0.813466 0.153443
vt 0.074239 0.902237
vt 0.649941 0.825751
vt 0.080786 0.926475
vt 0.866943 0.442600
vt 0.866943 0.418362
vt 0.080786 0.902237
vt 0.649704 0.818946
vt 0.872970 0.442600
vt 0.872970 0.418362
vt 0.879795 0.442600
vt 0.879795 0.418362
vt 0.659912 0.810973
vt 0.936741 0.599989
vt 0.936741 0.575750
vt 0.666458 0.812851
vt 0.943497 0.599989
vt 0.943497 0.575750
vt 0.949724 0.599989
vt 0.851577 0.825960
vt 0.851577 0.801721
vt 0.949724 0.575750
vt 0.857132 0.825960
vt 0.857132 0.801721
vt 0.667077 0.830668
vt 0.864011 0.825960
vt 0.800522 0.153893
vt 0.864011 0.801721
vt 0.869586 0.825960
vt 0.067702 0.926475
vt 0.067702 0.902237
vt 0.869586 0.801721
vt 0.795172 0.467530
vt 0.894325 0.861695
vt 0.910066 0.017822
vt 0.949037 0.212922
vt 0.502495 0.919177
vt 0.506384 0.859084
vt 0.502495 0.894938
vt 0.574452 0.851615
vt 0.509042 0.919177
vt 0.852988 0.282415
vt 0.852988 0.258177
vt 0.509042 0.894938
vt 0.859016 0.282415
vt 0.516592 0.851111
vt 0.859016 0.258177
vt 0.865840 0.282415
vt 0.865840 0.258177
vt 0.573832 0.833798
vt 0.920759 0.502666
vt 0.512163 0.838939
vt 0.920759 0.478427
vt 0.580232 0.831470
vt 0.927514 0.502666
vt 0.927514 0.478427
vt 0.586777 0.833348
vt 0.933742 0.502666
vt 0.852996 0.042152
vt 0.499218 0.839389
vt 0.852996 0.017914
vt 0.933742 0.478427
vt 0.858551 0.042152
vt 0.858551 0.017914
vt 0.591206 0.845520
vt 0.865430 0.042152
vt 0.495646 0.851840
vt 0.865430 0.017914
vt 0.587397 0.851165
vt 0.871005 0.042152
vt 0.495958 0.919177
vt 0.499838 0.857206
vt 0.495958 0.894938
vt 0.871005 0.017914
vt 0.724110 0.209961
vt 0.723608 0.170386
vt 0.247743 0.862427
vt 0.725529 0.868441
vt 0.949552 0.017822
vt 0.174844 0.923992
vt 0.174844 0.899753
vt 0.844265 0.711730
vt 0.181391 0.923992
vt 0.866943 0.502666
vt 0.857210 0.595472
vt 0.866943 0.478427
vt 0.181391 0.899753
vt 0.840073 0.706363
vt 0.872970 0.502666
vt 0.861019 0.589827
vt 0.872970 0.478427
vt 0.879795 0.502666
vt 0.879795 0.478427
vt 0.795267 0.943929
vt 0.795267 0.919691
vt 0.802023 0.943929
vt 0.802023 0.919691
vt 0.856590 0.693462
vt 0.808250 0.943929
vt 0.852996 0.102218
vt 0.852996 0.077979
vt 0.808250 0.919691
vt 0.858551 0.102218
vt 0.858551 0.077979
vt 0.861019 0.705634
vt 0.865430 0.102218
vt 0.865430 0.077979
vt 0.857210 0.711279
vt 0.871005 0.102218
vt 0.168307 0.923992
vt 0.844265 0.595922
vt 0.168307 0.899753
vt 0.871005 0.077979
vt 0.897159 0.738663
vt 0.796595 0.313311
vt 0.843160 0.749369
vt 0.909978 0.096002
vt 0.575995 0.313406
vt 0.980257 0.902085
vt 0.981661 0.937728
vt 0.980253 0.978118
vt 0.870568 0.162376
vt 0.906211 0.318234
vt 0.570024 0.913176
vt 0.870568 0.222441
vt 0.396469 0.923581
vt 0.017822 0.926066
vt 0.884522 0.442692
vt 0.067154 0.926066
vt 0.870568 0.282507
vt 0.495410 0.918767
vt 0.884522 0.502758
vt 0.167759 0.923582
s 1
f 1/1/1 5/2/2 7/3/3
f 2/4/4 5/5/5 4/6/6
f 3/7/7 5/8/8 6/9/9
f 8/10/10 12/11/11 14/12/12
f 9/13/13 12/14/14 11/15/15
f 10/16/16 12/17/17 13/18/18
f 15/19/19 19/20/20 21/21/21
f 16/22/22 19/23/23 18/24/24
f 17/25/25 19/26/26 20/27/27
f 22/28/28 26/29/29 28/30/30
f 23/31/31 26/32/32 25/33/33
f 24/34/34 26/35/35 27/36/36
f 29/37/37 33/38/38 35/39/39
f 30/40/40 33/41/41 32/42/42
f 31/43/43 33/44/44 34/45/45
f 36/46/46 40/47/47 42/48/48
f 37/49/49 40/50/50 39/51/51
f 38/52/52 40/53/53 41/54/54
f 43/55/55 47/56/56 49/57/57
f 44/58/58 47/59/59 46/60/60
f 45/61/61 47/62/62 48/63/63
f 50/64/64 54/65/65 56/66/66
f 51/67/67 54/68/68 53/69/69
f 52/70/70 54/71/71 55/72/72
f 57/73/1 61/74/2 63/75/3
f 58/76/4 61/77/5 60/78/6
f 59/79/7 61/80/73 62/81/9
f 64/82/10 68/83/74 70/84/12
f 65/85/13 68/86/14 67/87/15
f 66/88/16 68/89/75 69/90/76
f 71/91/19 75/92/20 77/93/21
f 72/94/22 75/95/77 74/96/78
f 73/97/25 75/98/26 76/99/27
f 78/100/28 82/101/29 84/102/30
f 79/103/31 82/104/79 81/105/33
f 80/106/34 82/107/80 83/108/36
f 85/109/37 89/110/38 91/111/39
f 86/112/40 89/113/41 88/114/81
f 87/115/43 89/116/82 90/117/83
f 92/118/46 96/119/47 98/120/48
f 93/121/49 96/122/84 95/123/51
f 94/124/52 96/125/85 97/126/54
f 99/127/55 103/128/56 105/129/57
f 100/130/58 103/131/86 102/132/60
f 101/133/61 103/134/62 104/135/63
f 106/136/64 110/137/65 112/138/66
f 107/139/67 110/140/87 109/141/69
f 108/142/70 110/143/88 111/144/72
f 113/145/1 117/146/2 119/147/3
f 114/148/4 117/149/5 116/150/6
f 115/151/7 117/152/73 118/153/9
f 120/154/10 124/155/74 126/156/12
f 121/157/13 124/158/14 123/159/15
f 122/160/16 124/161/75 125/162/76
f 127/163/19 131/164/20 133/165/21
f 128/166/22 131/167/77 130/168/24
f 129/169/25 131/170/26 132/171/89
f 134/172/28 138/173/29 140/174/30
f 135/175/31 138/176/79 137/177/33
f 136/178/34 138/179/80 139/180/36
f 141/181/37 145/182/38 147/183/39
f 142/184/40 145/185/41 144/186/42
f 143/187/43 145/188/44 146/189/45
f 148/190/46 152/191/47 154/192/48
f 149/193/49 152/194/90 151/195/51
f 150/196/52 152/197/85 153/198/54
f 155/199/55 159/200/91 161/201/92
f 156/202/58 159/203/59 158/204/60
f 157/205/61 159/206/62 160/207/63
f 162/208/64 166/209/65 168/210/66
f 163/211/67 166/212/87 165/213/69
f 164/214/70 166/215/93 167/216/72
f 169/217/94 173/218/95 175/219/96
f 174/220/97 172/221/98 170/222/99
f 175/223/100 174/220/97 171/224/101
f 176/225/102 180/226/103 182/227/104
f 181/228/105 179/229/106 177/230/107
f 182/231/108 181/228/105 178/232/109
f 183/233/110 187/234/111 189/235/112
f 188/236/113 186/237/114 184/238/115
f 189/239/116 188/240/113 185/241/117
f 190/242/118 194/243/119 196/244/120
f 195/245/121 193/246/122 191/247/123
f 196/248/124 195/249/121 192/250/125
f 197/251/126 201/252/127 203/253/128
f 202/254/129 200/255/130 198/256/131
f 203/257/132 202/254/129 199/258/133
f 204/259/134 208/260/135 210/261/136
f 209/262/137 207/263/138 205/264/139
f 210/265/140 209/262/137 206/266/141
f 211/267/142 215/268/143 217/269/144
f 216/270/145 214/271/146 212/272/147
f 217/273/148 216/270/145 213/274/149
f 218/275/150 222/276/151 224/277/152
f 223/278/153 221/279/154 219/280/155
f 224/281/156 223/278/153 220/282/157
f 225/283/158 229/284/159 231/285/160
f 230/286/161 228/287/162 226/288/163
f 231/289/164 230/286/161 227/290/165
f 232/291/166 236/292/167 238/293/168
f 237/294/169 235/295/170 233/296/171
f 238/297/172 237/294/169 234/298/173
f 239/299/174 243/300/175 245/301/176
f 244/302/177 242/303/178 240/304/179
f 245/305/180 244/302/177 241/306/181
f 246/307/182 250/308/183 252/309/184
f 251/310/185 249/311/186 247/312/187
f 252/313/188 251/310/185 248/314/189
f 253/315/190 257/316/191 259/317/192
f 258/318/193 256/319/194 254/320/195
f 259/321/196 258/322/193 255/323/197
f 260/324/198 264/325/199 266/326/200
f 265/327/201 263/328/202 261/329/203
f 266/330/204 265/331/201 262/332/205
f 267/333/206 271/334/207 273/335/208
f 272/336/209 270/337/210 268/338/211
f 273/339/212 272/336/209 269/340/213
f 274/341/214 278/342/215 280/343/216
f 279/344/217 277/345/218 275/346/219
f 280/347/220 279/344/217 276/348/221
f 281/349/222 285/350/223 287/351/224
f 286/352/225 284/353/226 282/354/227
f 287/355/228 286/352/225 283/356/229
f 288/357/230 292/358/231 294/359/232
f 293/360/233 291/361/234 289/362/235
f 294/363/236 293/360/233 290/364/237
f 295/365/238 299/366/239 301/367/240
f 300/368/241 298/369/242 296/370/243
f 301/371/244 300/372/241 297/373/245
f 302/374/246 306/375/247 308/376/248
f 307/377/249 305/378/250 303/379/251
f 308/380/252 307/381/249 304/382/253
f 309/383/1 313/384/2 315/385/3
f 310/386/4 313/387/254 312/388/6
f 311/389/7 313/390/8 314/391/9
f 316/392/10 320/393/74 322/394/12
f 317/395/13 320/396/14 319/397/15
f 318/398/16 320/399/75 321/400/18
f 323/401/19 327/402/20 329/403/21
f 324/404/22 327/405/23 326/406/78
f 325/407/25 327/408/255 328/409/89
f 330/410/28 334/411/29 336/412/30
f 331/413/31 334/414/79 333/415/33
f 332/416/34 334/417/80 335/418/36
f 337/419/37 341/420/38 343/421/39
f 338/422/40 341/423/256 340/424/81
f 339/425/43 341/426/44 342/427/45
f 344/428/46 348/429/47 350/430/48
f 345/431/49 348/432/90 347/433/51
f 346/434/52 348/435/85 349/436/54
f 351/437/55 355/438/56 357/439/57
f 352/440/58 355/441/59 354/442/60
f 353/443/61 355/444/257 356/445/63
f 358/446/64 362/447/65 364/448/66
f 359/449/67 362/450/87 361/451/258
f 360/452/70 362/453/93 363/454/72
f 365/455/1 369/456/259 371/457/260
f 366/458/4 369/459/5 368/460/6
f 367/461/7 369/462/8 370/463/9
f 372/464/10 376/465/74 378/466/12
f 373/467/13 376/468/14 375/469/15
f 374/470/16 376/471/75 377/472/18
f 379/473/19 383/474/261 385/475/21
f 380/476/22 383/477/77 382/478/24
f 381/479/25 383/480/26 384/481/27
f 386/482/28 390/483/29 392/484/30
f 387/485/31 390/486/79 389/487/33
f 388/488/34 390/489/80 391/490/262
f 393/491/37 397/492/263 399/493/39
f 394/494/40 397/495/256 396/496/81
f 395/497/43 397/498/44 398/499/45
f 400/500/46 404/501/47 406/502/48
f 401/503/49 404/504/90 403/505/51
f 402/506/52 404/507/85 405/508/54
f 407/509/55 411/510/91 413/511/57
f 408/512/58 411/513/59 410/514/60
f 409/515/61 411/516/257 412/517/63
f 414/518/64 418/519/65 420/520/66
f 415/521/67 418/522/87 417/523/258
f 416/524/70 418/525/93 419/526/72
f 421/527/94 425/528/95 427/529/96
f 426/530/97 424/531/98 422/532/99
f 427/533/100 426/530/97 423/534/101
f 428/535/102 432/536/103 434/537/104
f 433/538/105 431/539/106 429/540/107
f 434/541/108 433/538/105 430/542/109
f 435/543/110 439/544/111 441/545/112
f 440/546/113 438/547/114 436/548/115
f 441/549/116 440/550/113 437/551/117
f 442/552/118 446/553/119 448/554/120
f 447/555/121 445/556/122 443/557/123
f 448/558/124 447/559/121 444/560/125
f 449/561/126 453/562/127 455/563/128
f 454/564/129 452/565/130 450/566/131
f 455/567/132 454/564/129 451/568/133
f 456/569/134 460/570/135 462/571/136
f 461/572/137 459/573/138 457/574/139
f 462/575/140 461/572/137 458/576/141
f 463/577/142 467/578/143 469/579/144
f 468/580/145 466/581/146 464/582/147
f 469/583/148 468/580/145 465/584/149
f 470/585/150 474/586/151 476/587/152
f 475/588/153 473/589/154 471/590/155
f 476/591/156 475/588/153 472/592/157
f 477/593/158 481/594/159 483/595/160
f 482/596/161 480/597/162 478/598/163
f 483/599/164 482/596/161 479/600/165
f 484/601/166 488/602/167 490/603/168
f 489/604/169 487/605/170 485/606/171
f 490/607/172 489/604/169 486/608/173
f 491/609/174 495/610/175 497/611/176
f 496/612/177 494/613/178 492/614/179
f 497/615/180 496/612/177 493/616/181
f 498/617/182 502/618/183 504/619/184
f 503/620/185 501/621/186 499/622/187
f 504/623/188 503/620/185 500/624/189
f 505/625/190 509/626/191 511/627/192
f 510/628/193 508/629/194 506/630/195
f 511/631/196 510/632/193 507/633/197
f 512/634/198 516/635/199 518/636/200
f 517/637/201 515/638/202 513/639/264
f 518/640/204 517/641/201 514/642/205
f 519/643/206 523/644/207 525/645/208
f 524/646/209 522/647/210 520/648/211
f 525/649/212 524/646/209 521/650/213
f 526/651/214 530/652/215 532/653/216
f 531/654/217 529/655/218 527/656/219
f 532/657/220 531/654/217 528/658/221
f 533/659/222 537/660/223 539/661/224
f 538/662/225 536/663/226 534/664/227
f 539/665/228 538/662/225 535/666/229
f 540/667/230 544/668/231 546/669/232
f 545/670/233 543/671/234 541/672/235
f 546/673/236 545/670/233 542/674/237
f 547/675/238 551/676/239 553/677/240
f 552/678/241 550/679/242 548/680/243
f 553/681/244 552/682/241 549/683/245
f 554/684/246 558/685/247 560/686/248
f 559/687/249 557/688/250 555/689/251
f 560/690/252 559/691/249 556/692/253
f 561/693/1 565/694/2 567/695/3
f 562/696/4 565/697/5 564/698/6
f 563/699/7 565/700/73 566/701/9
f 568/702/10 572/703/74 574/704/12
f 569/705/13 572/706/14 571/707/15
f 570/708/16 572/709/75 573/710/76
f 575/711/19 579/712/20 581/713/21
f 576/714/22 579/715/77 578/716/78
f 577/717/25 579/718/26 580/719/27
f 582/720/28 586/721/29 588/722/30
f 583/723/31 586/724/79 585/725/33
f 584/726/34 586/727/80 587/728/36
f 589/729/37 593/730/38 595/731/39
f 590/732/40 593/733/256 592/734/81
f 591/735/43 593/736/44 594/737/45
f 596/738/46 600/739/47 602/740/48
f 597/741/49 600/742/90 599/743/51
f 598/744/52 600/745/85 601/746/54
f 603/747/55 607/748/56 609/749/57
f 604/750/58 607/751/86 606/752/60
f 605/753/61 607/754/257 608/755/63
f 610/756/64 614/757/65 616/758/66
f 611/759/67 614/760/87 613/761/258
f 612/762/70 614/763/88 615/764/72
f 617/765/1 621/766/2 623/767/3
f 618/768/4 621/769/5 620/770/6
f 619/771/7 621/772/73 622/773/9
f 624/774/10 628/775/74 630/776/12
f 625/777/13 628/778/14 627/779/15
f 626/780/16 628/781/75 629/782/76
f 631/783/19 635/784/261 637/785/21
f 632/786/22 635/787/77 634/788/78
f 633/789/25 635/790/26 636/791/27
f 638/792/28 642/793/29 644/794/30
f 639/795/31 642/796/79 641/797/33
f 640/798/34 642/799/80 643/800/36
f 645/801/37 649/802/38 651/803/39
f 646/804/40 649/805/256 648/806/81
f 647/807/43 649/808/44 650/809/45
f 652/810/46 656/811/47 658/812/48
f 653/813/49 656/814/90 655/815/51
f 654/816/52 656/817/85 657/818/54
f 659/819/55 663/820/91 665/821/57
f 660/822/58 663/823/59 662/824/60
f 661/825/61 663/826/257 664/827/63
f 666/828/64 670/829/65 672/830/66
f 667/831/67 670/832/87 669/833/258
f 668/834/70 670/835/93 671/836/72
f 673/837/94 677/838/95 679/839/96
f 678/840/97 676/841/98 674/842/99
f 679/843/100 678/840/97 675/844/101
f 680/845/102 684/846/103 686/847/104
f 685/848/105 683/849/106 681/850/107
f 686/851/108 685/848/105 682/852/109
f 687/853/110 691/854/111 693/855/112
f 692/856/113 690/857/114 688/858/115
f 693/859/116 692/860/113 689/861/265
f 694/862/118 698/863/119 700/864/120
f 699/865/121 697/866/122 695/867/123
f 700/868/124 699/869/121 696/870/125
f 701/871/126 705/872/127 707/873/128
f 706/874/129 704/875/130 702/876/131
f 707/877/132 706/874/129 703/878/133
f 708/879/134 712/880/135 714/881/136
f 713/882/137 711/883/138 709/884/139
f 714/885/140 713/882/137 710/886/141
f 715/887/142 719/888/143 721/889/144
f 720/890/145 718/891/146 716/892/147
f 721/893/148 720/890/145 717/894/149
f 722/895/150 726/896/151 728/897/152
f 727/898/153 725/899/154 723/900/155
f 728/901/156 727/898/153 724/902/157
f 729/903/158 733/904/159 735/905/160
f 734/906/161 732/907/162 730/908/163
f 735/909/164 734/906/161 731/910/165
f 736/911/166 740/912/167 742/913/168
f 741/914/169 739/915/170 737/916/171
f 742/917/172 741/914/169 738/918/173
f 743/919/174 747/920/175 749/921/176
f 748/922/177 746/923/178 744/924/179
f 749/925/180 748/922/177 745/926/181
f 750/927/182 754/928/183 756/929/184
f 755/930/185 753/931/186 751/932/187
f 756/933/188 755/930/185 752/934/189
f 757/935/190 761/936/191 763/937/192
f 762/938/193 760/939/194 758/940/195
f 763/941/196 762/942/193 759/943/197
f 764/944/198 768/945/199 770/946/200
f 769/947/201 767/948/202 765/949/203
f 770/950/204 769/951/201 766/952/205
f 771/953/206 775/954/207 777/955/208
f 776/956/209 774/957/210 772/958/211
f 777/959/212 776/956/209 773/960/213
f 778/961/214 782/962/215 784/963/216
f 783/964/217 781/965/218 779/966/219
f 784/967/220 783/964/217 780/968/221
f 785/969/222 789/970/223 791/971/224
f 790/972/225 788/973/226 786/974/227
f 791/975/228 790/972/225 787/976/229
f 792/977/230 796/978/231 798/979/266
f 797/980/233 795/981/234 793/982/235
f 798/983/236 797/980/233 794/984/237
f 799/985/238 803/986/239 805/987/240
f 804/988/241 802/989/242 800/990/267
f 805/991/244 804/992/241 801/993/245
f 806/994/246 810/995/247 812/996/248
f 811/997/249 809/998/250 807/999/251
f 812/1000/252 811/1001/249 808/1002/253
f 813/1003/1 817/1004/2 819/1005/3
f 814/1006/4 817/1007/5 816/1008/6
f 815/1009/7 817/1010/73 818/1011/9
f 820/1012/10 824/1013/74 826/1014/12
f 821/1015/13 824/1016/14 823/1017/15
f 822/1018/16 824/1019/75 825/1020/76
f 827/1021/19 831/1022/20 833/1023/21
f 828/1024/22 831/1025/77 830/1026/78
f 829/1027/25 831/1028/26 832/1029/27
f 834/1030/28 838/1031/29 840/1032/30
f 835/1033/31 838/1034/79 837/1035/33
f 836/1036/34 838/1037/80 839/1038/36
f 841/1039/37 845/1040/38 847/1041/39
f 842/1042/40 845/1043/256 844/1044/81
f 843/1045/43 845/1046/44 846/1047/45
f 848/1048/46 852/1049/47 854/1050/48
f 849/1051/49 852/1052/90 851/1053/51
f 850/1054/52 852/1055/85 853/1056/54
f 855/1057/55 859/1058/56 861/1059/57
f 856/1060/58 859/1061/59 858/1062/60
f 857/1063/61 859/1064/257 860/1065/63
f 862/1066/64 866/1067/65 868/1068/66
f 863/1069/67 866/1070/87 865/1071/258
f 864/1072/70 866/1073/93 867/1074/72
f 869/1075/1 873/1076/2 875/1077/3
f 870/1078/4 873/1079/5 872/1080/6
f 871/1081/7 873/1082/73 874/1083/9
f 876/1084/10 880/1085/74 882/1086/12
f 877/1087/13 880/1088/14 879/1089/15
f 878/1090/16 880/1091/75 881/1092/76
f 883/1093/19 887/1094/261 889/1095/21
f 884/1096/22 887/1097/77 886/1098/78
f 885/1099/25 887/1100/26 888/1101/27
f 890/1102/28 894/1103/29 896/1104/30
f 891/1105/31 894/1106/79 893/1107/33
f 892/1108/34 894/1109/80 895/1110/36
f 897/1111/37 901/1112/38 903/1113/39
f 898/1114/40 901/1115/256 900/1116/81
f 899/1117/43 901/1118/44 902/1119/45
f 904/1120/46 908/1121/47 910/1122/48
f 905/1123/49 908/1124/90 907/1125/51
f 906/1126/52 908/1127/85 909/1128/54
f 911/1129/55 915/1130/91 917/1131/57
f 912/1132/58 915/1133/59 914/1134/60
f 913/1135/61 915/1136/257 916/1137/63
f 918/1138/64 922/1139/65 924/1140/66
f 919/1141/67 922/1142/87 921/1143/258
f 920/1144/70 922/1145/93 923/1146/72
f 925/1147/94 929/1148/268 931/1149/96
f 930/1150/97 928/1151/98 926/1152/99
f 931/1153/100 930/1150/97 927/1154/101
f 932/1155/102 936/1156/269 938/1157/104
f 937/1158/105 935/1159/106 933/1160/107
f 938/1161/108 937/1158/105 934/1162/109
f 939/1163/110 943/1164/111 945/1165/112
f 944/1166/113 942/1167/114 940/1168/115
f 945/1169/116 944/1170/113 941/1171/265
f 946/1172/118 950/1173/119 952/1174/120
f 951/1175/121 949/1176/122 947/1177/123
f 952/1178/124 951/1179/121 948/1180/125
f 953/1181/126 957/1182/127 959/1183/270
f 958/1184/129 956/1185/130 954/1186/131
f 959/1187/132 958/1184/129 955/1188/133
f 960/1189/134 964/1190/135 966/1191/136
f 965/1192/137 963/1193/138 961/1194/139
f 966/1195/140 965/1192/137 962/1196/141
f 967/1197/142 971/1198/143 973/1199/144
f 972/1200/145 970/1201/146 968/1202/147
f 973/1203/148 972/1200/145 969/1204/149
f 974/1205/150 978/1206/151 980/1207/152
f 979/1208/153 977/1209/154 975/1210/155
f 980/1211/156 979/1208/153 976/1212/157
f 981/1213/158 985/1214/159 987/1215/160
f 986/1216/161 984/1217/162 982/1218/163
f 987/1219/164 986/1216/161 983/1220/165
f 988/1221/166 992/1222/167 994/1223/168
f 993/1224/169 991/1225/170 989/1226/171
f 994/1227/172 993/1224/169 990/1228/173
f 995/1229/174 999/1230/175 1001/1231/176
f 1000/1232/177 998/1233/178 996/1234/179
f 1001/1235/180 1000/1232/177 997/1236/181
f 1002/1237/182 1006/1238/183 1008/1239/184
f 1007/1240/185 1005/1241/186 1003/1242/187
f 1008/1243/188 1007/1240/185 1004/1244/189
f 1009/1245/190 1013/1246/191 1015/1247/192
f 1014/1248/193 1012/1249/194 1010/1250/195
f 1015/1251/196 1014/1252/193 1011/1253/197
f 1016/1254/198 1020/1255/199 1022/1256/200
f 1021/1257/201 1019/1258/202 1017/1259/203
f 1022/1260/204 1021/1261/201 1018/1262/205
f 1023/1263/206 1027/1264/207 1029/1265/271
f 1028/1266/209 1026/1267/210 1024/1268/211
f 1029/1269/212 1028/1266/209 1025/1270/213
f 1030/1271/214 1034/1272/215 1036/1273/216
f 1035/1274/217 1033/1275/218 1031/1276/219
f 1036/1277/220 1035/1274/217 1032/1278/221
f 1037/1279/222 1041/1280/223 1043/1281/224
f 1042/1282/225 1040/1283/226 1038/1284/227
f 1043/1285/228 1042/1282/225 1039/1286/229
f 1044/1287/230 1048/1288/231 1050/1289/232
f 1049/1290/233 1047/1291/234 1045/1292/235
f 1050/1293/236 1049/1290/233 1046/1294/237
f 1051/1295/238 1055/1296/239 1057/1297/240
f 1056/1298/241 1054/1299/242 1052/1300/267
f 1057/1301/244 1056/1302/241 1053/1303/245
f 1058/1304/246 1062/1305/247 1064/1306/248
f 1063/1307/249 1061/1308/250 1059/1309/251
f 1064/1310/252 1063/1311/249 1060/1312/253
f 1065/1313/1 1069/1314/2 1071/1315/3
f 1066/1316/4 1069/1317/5 1068/1318/6
f 1067/1319/7 1069/1320/73 1070/1321/9
f 1072/1322/10 1076/1323/74 1078/1324/12
f 1073/1325/13 1076/1326/14 1075/1327/15
f 1074/1328/16 1076/1329/75 1077/1330/76
f 1079/1331/19 1083/1332/20 1085/1333/21
f 1080/1334/22 1083/1335/77 1082/1336/78
f 1081/1337/25 1083/1338/255 1084/1339/27
f 1086/1340/28 1090/1341/29 1092/1342/30
f 1087/1343/31 1090/1344/272 1089/1345/33
f 1088/1346/34 1090/1347/80 1091/1348/36
f 1093/1349/37 1097/1350/38 1099/1351/39
f 1094/1352/40 1097/1353/256 1096/1354/81
f 1095/1355/43 1097/1356/44 1098/1357/45
f 1100/1358/46 1104/1359/47 1106/1360/48
f 1101/1361/49 1104/1362/90 1103/1363/51
f 1102/1364/52 1104/1365/85 1105/1366/54
f 1107/1367/55 1111/1368/56 1113/1369/57
f 1108/1370/58 1111/1371/59 1110/1372/60
f 1109/1373/61 1111/1374/257 1112/1375/63
f 1114/1376/64 1118/1377/65 1120/1378/66
f 1115/1379/67 1118/1380/87 1117/1381/258
f 1116/1382/70 1118/1383/93 1119/1384/72
f 1121/1385/1 1125/1386/2 1127/1387/3
f 1122/1388/4 1125/1389/5 1124/1390/6
f 1123/1391/7 1125/1392/73 1126/1393/9
f 1128/1394/10 1132/1395/74 1134/1396/12
f 1129/1397/13 1132/1398/14 1131/1399/15
f 1130/1400/16 1132/1401/75 1133/1402/76
f 1135/1403/19 1139/1404/261 1141/1405/21
f 1136/1406/22 1139/1407/77 1138/1408/78
f 1137/1409/25 1139/1410/26 1140/1411/27
f 1142/1412/28 1146/1413/29 1148/1414/30
f 1143/1415/31 1146/1416/79 1145/1417/33
f 1144/1418/34 1146/1419/80 1147/1420/36
f 1149/1421/37 1153/1422/38 1155/1423/39
f 1150/1424/40 1153/1425/256 1152/1426/81
f 1151/1427/43 1153/1428/44 1154/1429/45
f 1156/1430/46 1160/1431/47 1162/1432/48
f 1157/1433/49 1160/1434/90 1159/1435/51
f 1158/1436/52 1160/1437/85 1161/1438/54
f 1163/1439/55 1167/1440/91 1169/1441/57
f 1164/1442/58 1167/1443/59 1166/1444/60
f 1165/1445/61 1167/1446/257 1168/1447/63
f 1170/1448/64 1174/1449/65 1176/1450/66
f 1171/1451/67 1174/1452/87 1173/1453/258
f 1172/1454/70 1174/1455/93 1175/1456/72
f 1177/1457/94 1181/1458/95 1183/1459/96
f 1182/1460/97 1180/1461/98 1178/1462/99
f 1183/1463/100 1182/1460/97 1179/1464/101
f 1184/1465/102 1188/1466/103 1190/1467/104
f 1189/1468/105 1187/1469/106 1185/1470/107
f 1190/1471/108 1189/1468/105 1186/1472/109
f 1191/1473/110 1195/1474/111 1197/1475/112
f 1196/1476/113 1194/1477/114 1192/1478/115
f 1197/1479/116 1196/1480/113 1193/1481/265
f 1198/1482/118 1202/1483/119 1204/1484/120
f 1203/1485/121 1201/1486/122 1199/1487/123
f 1204/1488/124 1203/1489/121 1200/1490/125
f 1205/1491/126 1209/1492/127 1211/1493/270
f 1210/1494/129 1208/1495/130 1206/1496/131
f 1211/1497/132 1210/1494/129 1207/1498/133
f 1212/1499/134 1216/1500/135 1218/1501/136
f 1217/1502/137 1215/1503/138 1213/1504/139
f 1218/1505/140 1217/1502/137 1214/1506/141
f 1219/1507/142 1223/1508/143 1225/1509/144
f 1224/1510/145 1222/1511/146 1220/1512/147
f 1225/1513/148 1224/1510/145 1221/1514/149
f 1226/1515/150 1230/1516/151 1232/1517/273
f 1231/1518/153 1229/1519/154 1227/1520/155
f 1232/1521/156 1231/1518/153 1228/1522/157
f 1233/1523/158 1237/1524/159 1239/1525/160
f 1238/1526/161 1236/1527/162 1234/1528/163
f 1239/1529/164 1238/1526/161 1235/1530/165
f 1240/1531/166 1244/1532/167 1246/1533/168
f 1245/1534/169 1243/1535/170 1241/1536/171
f 1246/1537/172 1245/1534/169 1242/1538/173
f 1247/1539/174 1251/1540/175 1253/1541/176
f 1252/1542/177 1250/1543/178 1248/1544/179
f 1253/1545/180 1252/1542/177 1249/1546/181
f 1254/1547/182 1258/1548/183 1260/1549/184
f 1259/1550/185 1257/1551/186 1255/1552/187
f 1260/1553/188 1259/1550/185 1256/1554/189
f 1261/1555/190 1265/1556/191 1267/1557/192
f 1266/1558/193 1264/1559/194 1262/1560/195
f 1267/1561/196 1266/1562/193 1263/1563/197
f 1268/1564/198 1272/1565/199 1274/1566/200
f 1273/1567/201 1271/1568/202 1269/1569/203
f 1274/1570/204 1273/1571/201 1270/1572/205
f 1275/1573/206 1279/1574/207 1281/1575/208
f 1280/1576/209 1278/1577/210 1276/1578/211
f 1281/1579/212 1280/1576/209 1277/1580/213
f 1282/1581/214 1286/1582/215 1288/1583/216
f 1287/1584/217 1285/1585/218 1283/1586/219
f 1288/1587/220 1287/1584/217 1284/1588/221
f 1289/1589/222 1293/1590/223 1295/1591/224
f 1294/1592/225 1292/1593/226 1290/1594/227
f 1295/1595/228 1294/1592/225 1291/1596/229
f 1296/1597/230 1300/1598/231 1302/1599/232
f 1301/1600/233 1299/1601/234 1297/1602/235
f 1302/1603/236 1301/1600/233 1298/1604/237
f 1303/1605/238 1307/1606/239 1309/1607/240
f 1308/1608/241 1306/1609/242 1304/1610/267
f 1309/1611/244 1308/1612/241 1305/1613/245
f 1310/1614/246 1314/1615/247 1316/1616/248
f 1315/1617/249 1313/1618/250 1311/1619/251
f 1316/1620/252 1315/1621/249 1312/1622/253
f 1317/1623/1 1321/1624/2 1323/1625/3
f 1318/1626/4 1321/1627/5 1320/1628/6
f 1319/1629/7 1321/1630/73 1322/1631/9
f 1324/1632/10 1328/1633/74 1330/1634/12
f 1325/1635/13 1328/1636/14 1327/1637/15
f 1326/1638/16 1328/1639/75 1329/1640/76
f 1331/1641/19 1335/1642/20 1337/1643/21
f 1332/1644/22 1335/1645/77 1334/1646/78
f 1333/1647/25 1335/1648/26 1336/1649/27
f 1338/1650/28 1342/1651/29 1344/1652/30
f 1339/1653/31 1342/1654/79 1341/1655/33
f 1340/1656/34 1342/1657/80 1343/1658/36
f 1345/1659/37 1349/1660/38 1351/1661/39
f 1346/1662/40 1349/1663/41 1348/1664/81
f 1347/1665/43 1349/1666/82 1350/1667/83
f 1352/1668/46 1356/1669/47 1358/1670/48
f 1353/1671/49 1356/1672/90 1355/1673/51
f 1354/1674/52 1356/1675/85 1357/1676/54
f 1359/1677/55 1363/1678/56 1365/1679/57
f 1360/1680/58 1363/1681/86 1362/1682/60
f 1361/1683/61 1363/1684/62 1364/1685/63
f 1366/1686/64 1370/1687/65 1372/1688/66
f 1367/1689/67 1370/1690/87 1369/1691/69
f 1368/1692/70 1370/1693/93 1371/1694/72
f 1373/1695/1 1377/1696/259 1379/1697/3
f 1374/1698/4 1377/1699/5 1376/1700/6
f 1375/1701/7 1377/1702/73 1378/1703/9
f 1380/1704/10 1384/1705/74 1386/1706/12
f 1381/1707/13 1384/1708/14 1383/1709/15
f 1382/1710/16 1384/1711/75 1385/1712/76
f 1387/1713/19 1391/1714/261 1393/1715/21
f 1388/1716/22 1391/1717/77 1390/1718/78
f 1389/1719/25 1391/1720/26 1392/1721/27
f 1394/1722/28 1398/1723/29 1400/1724/30
f 1395/1725/31 1398/1726/79 1397/1727/33
f 1396/1728/34 1398/1729/80 1399/1730/36
f 1401/1731/37 1405/1732/263 1407/1733/39
f 1402/1734/40 1405/1735/41 1404/1736/42
f 1403/1737/43 1405/1738/44 1406/1739/45
f 1408/1740/46 1412/1741/47 1414/1742/48
f 1409/1743/49 1412/1744/90 1411/1745/51
f 1410/1746/52 1412/1747/85 1413/1748/54
f 1415/1749/55 1419/1750/91 1421/1751/92
f 1416/1752/58 1419/1753/59 1418/1754/60
f 1417/1755/61 1419/1756/257 1420/1757/63
f 1422/1758/64 1426/1759/65 1428/1760/66
f 1423/1761/67 1426/1762/87 1425/1763/69
f 1424/1764/70 1426/1765/93 1427/1766/72
f 1429/1767/94 1433/1768/95 1435/1769/96
f 1434/1770/97 1432/1771/98 1430/1772/99
f 1435/1773/100 1434/1770/97 1431/1774/101
f 1436/1775/102 1440/1776/103 1442/1777/104
f 1441/1778/105 1439/1779/106 1437/1780/107
f 1442/1781/108 1441/1778/105 1438/1782/109
f 1443/1783/110 1447/1784/111 1449/1785/112
f 1448/1786/113 1446/1787/114 1444/1788/115
f 1449/1789/116 1448/1790/113 1445/1791/265
f 1450/1792/118 1454/1793/119 1456/1794/120
f 1455/1795/121 1453/1796/122 1451/1797/123
f 1456/1798/124 1455/1799/121 1452/1800/125
f 1457/1801/126 1461/1802/127 1463/1803/128
f 1462/1804/129 1460/1805/130 1458/1806/131
f 1463/1807/132 1462/1804/129 1459/1808/133
f 1464/1809/134 1468/1810/274 1470/1811/136
f 1469/1812/137 1467/1813/138 1465/1814/139
f 1470/1815/140 1469/1812/137 1466/1816/141
f 1471/1817/142 1475/1818/143 1477/1819/144
f 1476/1820/145 1474/1821/146 1472/1822/147
f 1477/1823/148 1476/1820/145 1473/1824/149
f 1478/1825/150 1482/1826/151 1484/1827/152
f 1483/1828/153 1481/1829/154 1479/1830/155
f 1484/1831/156 1483/1828/153 1480/1832/157
f 1485/1833/158 1489/1834/159 1491/1835/160
f 1490/1836/161 1488/1837/162 1486/1838/275
f 1491/1839/164 1490/1836/161 1487/1840/165
f 1492/1841/166 1496/1842/167 1498/1843/168
f 1497/1844/169 1495/1845/170 1493/1846/171
f 1498/1847/172 1497/1844/169 1494/1848/173
f 1499/1849/174 1503/1850/175 1505/1851/176
f 1504/1852/177 1502/1853/178 1500/1854/179
f 1505/1855/180 1504/1852/177 1501/1856/181
f 1506/1857/182 1510/1858/183 1512/1859/184
f 1511/1860/185 1509/1861/186 1507/1862/187
f 1512/1863/188 1511/1860/185 1508/1864/189
f 1513/1865/190 1517/1866/191 1519/1867/192
f 1518/1868/193 1516/1869/194 1514/1870/195
f 1519/1871/196 1518/1872/193 1515/1873/197
f 1520/1874/198 1524/1875/199 1526/1876/200
f 1525/1877/201 1523/1878/202 1521/1879/264
f 1526/1880/204 1525/1881/201 1522/1882/205
f 1527/1883/206 1531/1884/207 1533/1885/208
f 1532/1886/209 1530/1887/210 1528/1888/211
f 1533/1889/212 1532/1886/209 1529/1890/213
f 1534/1891/214 1538/1892/215 1540/1893/216
f 1539/1894/217 1537/1895/218 1535/1896/219
f 1540/1897/220 1539/1894/217 1536/1898/221
f 1541/1899/222 1545/1900/223 1547/1901/224
f 1546/1902/225 1544/1903/226 1542/1904/227
f 1547/1905/228 1546/1902/225 1543/1906/229
f 1548/1907/230 1552/1908/231 1554/1909/232
f 1553/1910/233 1551/1911/234 1549/1912/235
f 1554/1913/236 1553/1910/233 1550/1914/237
f 1555/1915/238 1559/1916/239 1561/1917/240
f 1560/1918/241 1558/1919/242 1556/1920/243
f 1561/1921/244 1560/1922/241 1557/1923/245
f 1562/1924/246 1566/1925/247 1568/1926/248
f 1567/1927/249 1565/1928/250 1563/1929/251
f 1568/1930/252 1567/1931/249 1564/1932/253
f 1569/1933/1 1573/1934/2 1575/1935/3
f 1570/1936/4 1573/1937/254 1572/1938/6
f 1571/1939/7 1573/1940/8 1574/1941/9
f 1576/1942/10 1580/1943/276 1582/1944/12
f 1577/1945/13 1580/1946/14 1579/1947/15
f 1578/1948/16 1580/1949/75 1581/1950/18
f 1583/1951/19 1587/1952/20 1589/1953/21
f 1584/1954/22 1587/1955/23 1586/1956/78
f 1585/1957/25 1587/1958/255 1588/1959/89
f 1590/1960/28 1594/1961/29 1596/1962/30
f 1591/1963/31 1594/1964/272 1593/1965/33
f 1592/1966/34 1594/1967/80 1595/1968/36
f 1597/1969/37 1601/1970/38 1603/1971/39
f 1598/1972/40 1601/1973/256 1600/1974/81
f 1599/1975/43 1601/1976/44 1602/1977/45
f 1604/1978/46 1608/1979/47 1610/1980/48
f 1605/1981/49 1608/1982/90 1607/1983/51
f 1606/1984/52 1608/1985/85 1609/1986/54
f 1611/1987/55 1615/1988/56 1617/1989/57
f 1612/1990/58 1615/1991/59 1614/1992/60
f 1613/1993/61 1615/1994/257 1616/1995/63
f 1618/1996/64 1622/1997/65 1624/1998/66
f 1619/1999/67 1622/2000/87 1621/2001/258
f 1620/2002/70 1622/2003/93 1623/2004/72
f 1625/2005/1 1629/2006/2 1631/2007/3
f 1626/2008/4 1629/2009/5 1628/2010/6
f 1627/2011/7 1629/2012/8 1630/2013/9
f 1632/2014/10 1636/2015/74 1638/2016/12
f 1633/2017/13 1636/2018/14 1635/2019/15
f 1634/2020/16 1636/2021/75 1637/2022/18
f 1639/2023/19 1643/2024/261 1645/2025/21
f 1640/2026/22 1643/2027/23 1642/2028/24
f 1641/2029/25 1643/2030/26 1644/2031/27
f 1646/2032/28 1650/2033/29 1652/2034/30
f 1647/2035/31 1650/2036/79 1649/2037/33
f 1648/2038/34 1650/2039/80 1651/2040/262
f 1653/2041/37 1657/2042/38 1659/2043/39
f 1654/2044/40 1657/2045/256 1656/2046/42
f 1655/2047/43 1657/2048/277 1658/2049/45
f 1660/2050/46 1664/2051/47 1666/2052/48
f 1661/2053/49 1664/2054/90 1663/2055/51
f 1662/2056/52 1664/2057/85 1665/2058/54
f 1667/2059/55 1671/2060/91 1673/2061/57
f 1668/2062/58 1671/2063/59 1670/2064/60
f 1669/2065/61 1671/2066/257 1672/2067/63
f 1674/2068/64 1678/2069/65 1680/2070/66
f 1675/2071/67 1678/2072/87 1677/2073/69
f 1676/2074/70 1678/2075/93 1679/2076/278
f 1681/2077/94 1685/2078/95 1687/2079/96
f 1686/2080/97 1684/2081/98 1682/2082/99
f 1687/2083/100 1686/2080/97 1683/2084/101
f 1688/2085/102 1692/2086/103 1694/2087/104
f 1693/2088/105 1691/2089/106 1689/2090/107
f 1694/2091/108 1693/2088/105 1690/2092/109
f 1695/2093/110 1699/2094/111 1701/2095/112
f 1700/2096/113 1698/2097/114 1696/2098/115
f 1701/2099/116 1700/2100/113 1697/2101/117
f 1702/2102/118 1706/2103/119 1708/2104/120
f 1707/2105/121 1705/2106/122 1703/2107/123
f 1708/2108/124 1707/2109/121 1704/2110/125
f 1709/2111/126 1713/2112/127 1715/2113/128
f 1714/2114/129 1712/2115/130 1710/2116/131
f 1715/2117/132 1714/2114/129 1711/2118/133
f 1716/2119/134 1720/2120/274 1722/2121/136
f 1721/2122/137 1719/2123/138 1717/2124/139
f 1722/2125/140 1721/2122/137 1718/2126/141
f 1723/2127/142 1727/2128/143 1729/2129/144
f 1728/2130/145 1726/2131/146 1724/2132/147
f 1729/2133/148 1728/2130/145 1725/2134/149
f 1730/2135/150 1734/2136/151 1736/2137/152
f 1735/2138/153 1733/2139/154 1731/2140/155
f 1736/2141/156 1735/2138/153 1732/2142/157
f 1737/2143/158 1741/2144/159 1743/2145/160
f 1742/2146/161 1740/2147/162 1738/2148/163
f 1743/2149/164 1742/2146/161 1739/2150/165
f 1744/2151/166 1748/2152/167 1750/2153/168
f 1749/2154/169 1747/2155/170 1745/2156/171
f 1750/2157/172 1749/2154/169 1746/2158/173
f 1751/2159/174 1755/2160/175 1757/2161/176
f 1756/2162/177 1754/2163/178 1752/2164/179
f 1757/2165/180 1756/2162/177 1753/2166/181
f 1758/2167/182 1762/2168/183 1764/2169/184
f 1763/2170/185 1761/2171/186 1759/2172/187
f 1764/2173/188 1763/2170/185 1760/2174/189
f 1765/2175/190 1769/2176/191 1771/2177/192
f 1770/2178/193 1768/2179/194 1766/2180/195
f 1771/2181/196 1770/2182/193 1767/2183/197
f 1772/2184/198 1776/2185/199 1778/2186/200
f 1777/2187/201 1775/2188/202 1773/2189/264
f 1778/2190/204 1777/2191/201 1774/2192/205
f 1779/2193/206 1783/2194/207 1785/2195/208
f 1784/2196/209 1782/2197/210 1780/2198/211
f 1785/2199/212 1784/2196/209 1781/2200/213
f 1786/2201/214 1790/2202/215 1792/2203/216
f 1791/2204/217 1789/2205/218 1787/2206/219
f 1792/2207/220 1791/2204/217 1788/2208/221
f 1793/2209/222 1797/2210/223 1799/2211/224
f 1798/2212/225 1796/2213/226 1794/2214/227
f 1799/2215/228 1798/2212/225 1795/2216/229
f 1800/2217/230 1804/2218/231 1806/2219/232
f 1805/2220/233 1803/2221/234 1801/2222/235
f 1806/2223/236 1805/2220/233 1802/2224/237
f 1807/2225/238 1811/2226/239 1813/2227/240
f 1812/2228/241 1810/2229/242 1808/2230/243
f 1813/2231/244 1812/2232/241 1809/2233/245
f 1814/2234/246 1818/2235/247 1820/2236/248
f 1819/2237/249 1817/2238/250 1815/2239/251
f 1820/2240/252 1819/2241/249 1816/2242/253
f 1821/2243/279 1825/2244/280 1827/2245/281
f 1822/2246/282 1825/2247/283 1824/2248/284
f 1823/2249/285 1825/2250/286 1826/2251/287
f 1828/2252/288 1832/2253/289 1834/2254/290
f 1829/2255/291 1832/2256/292 1831/2257/293
f 1830/2258/294 1832/2259/295 1833/2260/296
f 1835/2261/297 1839/2262/298 1841/2263/299
f 1836/2264/300 1839/2265/301 1838/2266/302
f 1837/2267/303 1839/2268/304 1840/2269/305
f 1842/2270/306 1846/2271/307 1848/2272/308
f 1843/2273/309 1846/2274/310 1845/2275/311
f 1844/2276/312 1846/2277/313 1847/2278/314
f 1849/2279/315 1853/2280/316 1855/2281/317
f 1850/2282/318 1853/2283/319 1852/2284/320
f 1851/2285/321 1853/2286/322 1854/2287/323
f 1856/2288/324 1860/2289/325 1862/2290/326
f 1857/2291/327 1860/2292/328 1859/2293/329
f 1858/2294/330 1860/2295/331 1861/2296/332
f 1863/2297/333 1867/2298/334 1869/2299/335
f 1864/2300/336 1867/2301/337 1866/2302/338
f 1865/2303/339 1867/2304/340 1868/2305/341
f 1870/2306/342 1874/2307/343 1876/2308/344
f 1871/2309/345 1874/2310/346 1873/2311/347
f 1872/2312/348 1874/2313/349 1875/2314/350
f 1877/2315/351 1881/2316/352 1883/2317/353
f 1878/2318/354 1881/2319/355 1880/2320/356
f 1879/2321/357 1881/2322/358 1882/2323/359
f 1884/2324/360 1888/2325/361 1890/2326/362
f 1885/2327/363 1888/2328/364 1887/2329/365
f 1886/2330/366 1888/2331/367 1889/2332/368
f 1891/2333/369 1895/2334/370 1897/2335/371
f 1892/2336/372 1895/2337/373 1894/2338/374
f 1893/2339/375 1895/2340/376 1896/2341/377
f 1898/2342/378 1902/2343/379 1904/2344/380
f 1899/2345/381 1902/2346/382 1901/2347/383
f 1900/2348/384 1902/2349/385 1903/2350/386
f 1905/2351/387 1909/2352/388 1911/2353/389
f 1906/2354/390 1909/2355/391 1908/2356/392
f 1907/2357/393 1909/2358/394 1910/2359/395
f 1912/2360/396 1916/2361/397 1918/2362/398
f 1913/2363/399 1916/2364/400 1915/2365/401
f 1914/2366/402 1916/2367/403 1917/2368/404
f 1919/2369/405 1923/2370/406 1925/2371/407
f 1920/2372/408 1923/2373/409 1922/2374/410
f 1921/2375/411 1923/2376/412 1924/2377/413
f 1926/2378/414 1930/2379/415 1932/2380/416
f 1927/2381/417 1930/2382/418 1929/2383/419
f 1928/2384/420 1930/2385/421 1931/2386/422
f 1933/2387/1 1937/2388/2 1939/2389/3
f 1934/2390/4 1937/2391/5 1936/2392/6
f 1935/2393/7 1937/2394/8 1938/2395/9
f 1940/2396/10 1944/2397/74 1946/2398/12
f 1941/2399/13 1944/2400/14 1943/2401/15
f 1942/2402/16 1944/2403/17 1945/2404/18
f 1947/2405/19 1951/2406/20 1953/2407/21
f 1948/2408/22 1951/2409/23 1950/2410/24
f 1949/2411/25 1951/2412/26 1952/2413/27
f 1954/2414/28 1958/2415/29 1960/2416/30
f 1955/2417/31 1958/2418/79 1957/2419/33
f 1956/2420/34 1958/2421/423 1959/2422/262
f 1961/2423/37 1965/2424/38 1967/2425/39
f 1962/2426/40 1965/2427/41 1964/2428/42
f 1963/2429/43 1965/2430/44 1966/2431/45
f 1968/2432/46 1972/2433/47 1974/2434/424
f 1969/2435/49 1972/2436/90 1971/2437/51
f 1970/2438/52 1972/2439/53 1973/2440/425
f 1975/2441/55 1979/2442/56 1981/2443/57
f 1976/2444/58 1979/2445/59 1978/2446/60
f 1977/2447/61 1979/2448/62 1980/2449/63
f 1982/2450/64 1986/2451/65 1988/2452/426
f 1983/2453/67 1986/2454/68 1985/2455/69
f 1984/2456/70 1986/2457/93 1987/2458/72
f 1/1/1 18/2459/427 15/19/19
f 18/24/24 3/7/7 16/22/22
f 8/10/10 6/2460/428 2/4/4
f 6/9/9 10/16/16 3/7/7
f 22/28/28 13/2461/429 9/13/13
f 28/2462/430 10/16/16 13/18/18
f 17/25/25 27/2463/431 23/31/31
f 20/2464/432 24/34/34 27/36/36
f 15/19/19 46/2465/433 43/55/55
f 21/2466/434 44/58/58 46/60/60
f 50/64/64 25/2467/435 22/28/28
f 56/2468/436 23/31/31 25/33/33
f 51/67/67 48/63/63 55/2469/437
f 48/2470/438 52/70/70 55/72/72
f 43/55/55 32/2471/439 29/37/37
f 32/42/42 45/61/61 30/40/40
f 36/46/46 53/2472/440 50/64/64
f 42/2473/441 51/67/67 53/69/69
f 31/43/43 41/2474/442 37/49/49
f 34/2475/443 38/52/52 41/54/54
f 29/37/37 4/2476/444 1/1/1
f 35/2477/445 2/4/4 4/6/6
f 9/13/13 39/2478/446 36/46/46
f 11/2479/447 37/49/49 39/51/51
f 57/73/1 74/2480/427 71/91/19
f 74/96/78 59/79/7 72/94/22
f 64/82/10 62/2481/448 58/76/4
f 70/2482/449 59/79/7 62/81/9
f 78/100/28 69/2483/429 65/85/13
f 84/2484/450 66/88/16 69/90/76
f 73/97/25 83/2485/431 79/103/31
f 83/108/36 72/94/22 80/106/34
f 99/127/55 77/93/21 102/2486/433
f 77/2487/434 100/130/58 102/132/60
f 106/136/64 81/2488/435 78/100/28
f 112/2489/451 79/103/31 81/105/33
f 101/133/61 111/2490/452 107/139/67
f 104/2491/453 108/142/70 111/144/72
f 99/127/55 88/2492/439 85/109/37
f 105/2493/454 86/112/40 88/114/81
f 92/118/46 109/2494/440 106/136/64
f 98/2495/441 107/139/67 109/141/69
f 87/115/43 97/2496/442 93/121/49
f 90/2497/443 94/124/52 97/126/54
f 85/109/37 60/2498/444 57/73/1
f 91/2499/445 58/76/4 60/78/6
f 65/85/13 95/2500/446 92/118/46
f 67/2501/447 93/121/49 95/123/51
f 113/145/1 130/2502/427 127/163/19
f 130/168/24 115/151/7 128/166/22
f 114/148/4 126/156/12 118/2503/428
f 126/2504/449 115/151/7 118/153/9
f 134/172/28 125/2505/429 121/157/13
f 140/2506/450 122/160/16 125/162/76
f 129/169/25 139/2507/431 135/175/31
f 139/180/36 128/166/22 136/178/34
f 155/199/55 133/165/21 158/2508/433
f 133/2509/434 156/202/58 158/204/60
f 162/208/64 137/2510/435 134/172/28
f 168/2511/436 135/175/31 137/177/33
f 157/205/61 167/2512/452 163/211/67
f 167/216/72 156/202/58 164/214/70
f 155/199/55 144/2513/439 141/181/37
f 161/2514/455 142/184/40 144/186/42
f 148/190/46 165/2515/440 162/208/64
f 154/2516/441 163/211/67 165/213/69
f 143/187/43 153/2517/442 149/193/49
f 153/198/54 142/184/40 150/196/52
f 141/181/37 116/2518/444 113/145/1
f 147/2519/445 114/148/4 116/150/6
f 121/157/13 151/2520/446 148/190/46
f 123/2521/447 149/193/49 151/195/51
f 184/238/115 175/223/100 171/224/101
f 175/219/96 183/233/110 169/217/94
f 177/230/107 196/248/124 192/250/125
f 196/244/120 176/225/102 190/242/118
f 178/232/109 174/220/97 170/222/99
f 181/228/105 171/224/101 174/220/97
f 185/241/117 195/245/121 191/247/123
f 188/236/113 192/250/125 195/249/121
f 185/241/117 200/255/130 189/239/116
f 200/2522/456 183/233/110 189/235/112
f 206/266/141 193/246/122 210/265/140
f 193/2523/457 204/259/134 210/261/136
f 199/258/133 209/262/137 205/264/139
f 202/254/129 206/266/141 209/262/137
f 199/258/133 214/271/146 203/257/132
f 214/2524/458 197/251/126 203/253/128
f 205/264/139 224/281/156 220/282/157
f 207/2525/459 218/275/150 224/277/152
f 213/274/149 223/278/153 219/280/155
f 216/270/145 220/282/157 223/278/153
f 226/2526/163 217/273/148 213/274/149
f 217/269/144 225/283/158 211/267/142
f 234/2527/173 221/279/154 238/2528/172
f 238/293/168 218/275/150 232/291/166
f 227/290/165 237/294/169 233/296/171
f 230/286/161 234/298/173 237/294/169
f 227/290/165 242/303/178 231/289/164
f 242/2529/460 225/283/158 231/285/160
f 233/296/171 252/313/188 248/314/189
f 252/309/184 232/291/166 246/307/182
f 241/306/181 251/310/185 247/312/187
f 244/302/177 248/314/189 251/310/185
f 254/320/195 245/305/180 241/306/181
f 245/301/176 253/315/190 239/299/174
f 247/312/187 266/330/204 262/332/205
f 249/2530/461 260/324/198 266/326/200
f 255/323/197 265/327/201 261/329/203
f 258/318/193 262/332/205 265/331/201
f 268/338/211 259/321/196 255/323/197
f 259/317/192 267/333/206 253/315/190
f 276/348/221 263/328/202 280/347/220
f 280/343/216 260/324/198 274/341/214
f 269/340/213 279/344/217 275/346/219
f 272/336/209 276/348/221 279/344/217
f 282/354/227 273/339/212 269/340/213
f 273/335/208 281/349/222 267/333/206
f 275/346/219 294/363/236 290/364/237
f 294/359/232 274/341/214 288/357/230
f 283/356/229 293/360/233 289/362/235
f 286/352/225 290/364/237 293/360/233
f 296/370/243 287/355/228 283/356/229
f 298/2531/462 281/349/222 287/351/224
f 289/362/235 308/380/252 304/382/253
f 308/376/248 288/357/230 302/374/246
f 297/373/245 307/377/249 303/379/251
f 300/372/241 304/2532/253 307/377/249
f 297/373/245 172/221/98 301/371/244
f 172/2533/463 295/365/238 301/367/240
f 303/379/251 182/231/108 178/232/109
f 305/2534/464 176/225/102 182/227/104
f 309/383/1 326/2535/427 323/401/19
f 315/2536/465 324/404/22 326/406/78
f 316/392/10 314/2537/448 310/386/4
f 322/2538/466 311/389/7 314/391/9
f 330/410/28 321/2539/429 317/395/13
f 336/2540/430 318/398/16 321/400/18
f 325/407/25 335/2541/431 331/413/31
f 328/2542/432 332/416/34 335/418/36
f 323/401/19 354/2543/433 351/437/55
f 354/442/60 325/407/25 352/440/58
f 330/410/28 364/448/66 333/2544/435
f 364/2545/436 331/413/31 333/415/33
f 353/443/61 363/2546/437 359/449/67
f 356/2547/438 360/452/70 363/454/72
f 351/437/55 340/2548/439 337/419/37
f 357/2549/454 338/422/40 340/424/81
f 344/428/46 361/2550/440 358/446/64
f 350/2551/467 359/449/67 361/451/258
f 339/425/43 349/2552/442 345/431/49
f 342/2553/443 346/434/52 349/436/54
f 309/383/1 343/421/39 312/2554/444
f 343/2555/445 310/386/4 312/388/6
f 317/395/13 347/2556/446 344/428/46
f 319/2557/447 345/431/49 347/433/51
f 365/455/1 382/2558/468 379/473/19
f 371/2559/469 380/476/22 382/478/24
f 366/458/4 378/466/12 370/2560/428
f 378/2561/449 367/461/7 370/463/9
f 386/482/28 377/2562/429 373/467/13
f 392/2563/430 374/470/16 377/472/18
f 381/479/25 391/2564/431 387/485/31
f 391/490/262 380/476/22 388/488/34
f 379/473/19 410/2565/433 407/509/55
f 385/2566/434 408/512/58 410/514/60
f 414/518/64 389/2567/435 386/482/28
f 420/2568/436 387/485/31 389/487/33
f 409/515/61 419/2569/437 415/521/67
f 419/526/72 408/512/58 416/524/70
f 407/509/55 396/2570/439 393/491/37
f 413/2571/454 394/494/40 396/496/81
f 400/500/46 417/2572/440 414/518/64
f 406/2573/467 415/521/67 417/523/258
f 395/497/43 405/2574/442 401/503/49
f 405/508/54 394/494/40 402/506/52
f 393/491/37 368/2575/444 365/455/1
f 399/2576/445 366/458/4 368/460/6
f 373/467/13 403/2577/446 400/500/46
f 375/2578/447 401/503/49 403/505/51
f 423/534/101 438/547/114 427/533/100
f 438/2579/470 421/527/94 427/529/96
f 444/560/125 431/539/106 448/558/124
f 431/2580/471 442/552/118 448/554/120
f 430/542/109 426/530/97 422/532/99
f 433/538/105 423/534/101 426/530/97
f 437/551/117 447/555/121 443/557/123
f 440/546/113 444/560/125 447/559/121
f 450/566/131 441/549/116 437/551/117
f 452/2581/456 435/543/110 441/545/112
f 443/557/123 462/575/140 458/576/141
f 445/2582/457 456/569/134 462/571/136
f 451/568/133 461/572/137 457/574/139
f 454/564/129 458/576/141 461/572/137
f 451/568/133 466/581/146 455/567/132
f 455/563/128 463/577/142 449/561/126
f 457/574/139 476/591/156 472/592/157
f 459/2583/459 470/585/150 476/587/152
f 465/584/149 475/588/153 471/590/155
f 468/580/145 472/592/157 475/588/153
f 465/584/149 480/2584/162 469/583/148
f 469/579/144 477/593/158 463/577/142
f 486/2585/173 473/589/154 490/2586/172
f 473/2587/472 484/601/166 490/603/168
f 479/600/165 489/604/169 485/606/171
f 482/596/161 486/608/173 489/604/169
f 479/600/165 494/613/178 483/599/164
f 494/2588/460 477/593/158 483/595/160
f 485/606/171 504/623/188 500/624/189
f 504/619/184 484/601/166 498/617/182
f 493/616/181 503/620/185 499/622/187
f 496/612/177 500/624/189 503/620/185
f 506/630/195 497/615/180 493/616/181
f 497/611/176 505/625/190 491/609/174
f 499/622/187 518/640/204 514/642/205
f 501/2589/461 512/634/198 518/636/200
f 507/633/197 517/637/201 513/639/264
f 510/628/193 514/642/205 517/641/201
f 520/648/211 511/631/196 507/633/197
f 522/2590/473 505/625/190 511/627/192
f 513/639/264 532/657/220 528/658/221
f 532/653/216 512/634/198 526/651/214
f 521/650/213 531/654/217 527/656/219
f 524/646/209 528/658/221 531/654/217
f 534/664/227 525/649/212 521/650/213
f 536/2591/474 519/643/206 525/645/208
f 542/674/237 529/655/218 546/673/236
f 546/669/232 526/651/214 540/667/230
f 535/666/229 545/670/233 541/672/235
f 538/662/225 542/674/237 545/670/233
f 548/680/243 539/665/228 535/666/229
f 550/2592/462 533/659/222 539/661/224
f 541/672/235 560/690/252 556/692/253
f 543/2593/475 554/684/246 560/686/248
f 549/683/245 559/687/249 555/689/251
f 552/682/241 556/2594/253 559/687/249
f 549/683/245 424/531/98 553/681/244
f 424/2595/463 547/675/238 553/677/240
f 555/689/251 434/541/108 430/542/109
f 434/537/104 554/684/246 428/535/102
f 561/693/1 578/2596/427 575/711/19
f 567/2597/465 576/714/22 578/716/78
f 568/702/10 566/2598/428 562/696/4
f 574/2599/449 563/699/7 566/701/9
f 582/720/28 573/2600/429 569/705/13
f 588/2601/450 570/708/16 573/710/76
f 577/717/25 587/2602/431 583/723/31
f 580/2603/432 584/726/34 587/728/36
f 575/711/19 606/2604/433 603/747/55
f 606/752/60 577/717/25 604/750/58
f 582/720/28 616/758/66 585/2605/435
f 585/725/33 612/762/70 583/723/31
f 605/753/61 615/2606/437 611/759/67
f 608/2607/438 612/762/70 615/764/72
f 603/747/55 592/2608/439 589/729/37
f 609/2609/454 590/732/40 592/734/81
f 596/738/46 613/2610/440 610/756/64
f 602/2611/467 611/759/67 613/761/258
f 591/735/43 601/2612/442 597/741/49
f 594/2613/443 598/744/52 601/746/54
f 561/693/1 595/731/39 564/2614/444
f 595/2615/445 562/696/4 564/698/6
f 569/705/13 599/2616/446 596/738/46
f 599/743/51 568/702/10 597/741/49
f 617/765/1 634/2617/427 631/783/19
f 623/2618/465 632/786/22 634/788/78
f 618/768/4 630/776/12 622/2619/428
f 630/2620/449 619/771/7 622/773/9
f 638/792/28 629/2621/429 625/777/13
f 644/2622/450 626/780/16 629/782/76
f 633/789/25 643/2623/431 639/795/31
f 643/800/36 632/786/22 640/798/34
f 631/783/19 662/2624/433 659/819/55
f 637/2625/434 660/822/58 662/824/60
f 666/828/64 641/2626/435 638/792/28
f 672/2627/436 639/795/31 641/797/33
f 661/825/61 671/2628/437 667/831/67
f 671/836/72 660/822/58 668/834/70
f 659/819/55 648/2629/439 645/801/37
f 665/2630/454 646/804/40 648/806/81
f 652/810/46 669/2631/440 666/828/64
f 658/2632/467 667/831/67 669/833/258
f 647/807/43 657/2633/442 653/813/49
f 657/818/54 646/804/40 654/816/52
f 645/801/37 620/2634/444 617/765/1
f 620/770/6 647/807/43 618/768/4
f 652/810/46 627/779/15 655/2635/446
f 627/2636/447 653/813/49 655/815/51
f 688/858/115 679/843/100 675/844/101
f 679/839/96 687/853/110 673/837/94
f 696/870/125 683/849/106 700/868/124
f 700/864/120 680/845/102 694/862/118
f 682/852/109 678/840/97 674/842/99
f 685/848/105 675/844/101 678/840/97
f 689/861/265 699/865/121 695/867/123
f 692/856/113 696/870/125 699/869/121
f 689/861/265 704/875/130 693/859/116
f 693/855/112 701/871/126 687/853/110
f 695/867/123 714/885/140 710/886/141
f 697/2637/457 708/879/134 714/881/136
f 703/878/133 713/882/137 709/884/139
f 706/874/129 710/886/141 713/882/137
f 716/892/147 707/877/132 703/878/133
f 718/2638/458 701/871/126 707/873/128
f 724/902/157 711/883/138 728/901/156
f 711/2639/459 722/895/150 728/897/152
f 717/894/149 727/898/153 723/900/155
f 720/890/145 724/902/157 727/898/153
f 730/2640/163 721/893/148 717/894/149
f 732/2641/476 715/887/142 721/889/144
f 738/2642/173 725/899/154 742/2643/172
f 742/913/168 722/895/150 736/911/166
f 731/910/165 741/914/169 737/916/171
f 734/906/161 738/918/173 741/914/169
f 744/924/179 735/909/164 731/910/165
f 735/905/160 743/919/174 729/903/158
f 752/934/189 739/915/170 756/933/188
f 739/2644/477 750/927/182 756/929/184
f 745/926/181 755/930/185 751/932/187
f 748/922/177 752/934/189 755/930/185
f 745/926/181 760/939/194 749/925/180
f 760/2645/478 743/919/174 749/921/176
f 766/952/205 753/931/186 770/950/204
f 753/2646/461 764/944/198 770/946/200
f 765/949/203 762/942/193 769/947/201
f 762/938/193 766/952/205 769/951/201
f 759/943/197 774/957/210 763/941/196
f 774/2647/473 757/935/190 763/937/192
f 780/968/221 767/948/202 784/967/220
f 784/963/216 764/944/198 778/961/214
f 773/960/213 783/964/217 779/966/219
f 776/956/209 780/968/221 783/964/217
f 773/960/213 788/973/226 777/959/212
f 788/2648/474 771/953/206 777/955/208
f 779/966/219 798/983/236 794/984/237
f 781/2649/479 792/977/230 798/979/266
f 787/976/229 797/980/233 793/982/235
f 790/972/225 794/984/237 797/980/233
f 800/990/267 791/975/228 787/976/229
f 802/2650/462 785/969/222 791/971/224
f 808/1002/253 795/981/234 812/1000/252
f 812/996/248 792/977/230 806/994/246
f 801/993/245 811/997/249 807/999/251
f 804/992/241 808/2651/253 811/997/249
f 801/993/245 676/841/98 805/991/244
f 676/2652/463 799/985/238 805/987/240
f 682/852/109 809/998/250 686/851/108
f 809/2653/464 680/845/102 686/847/104
f 813/1003/1 830/2654/427 827/1021/19
f 819/2655/465 828/1024/22 830/1026/78
f 820/1012/10 818/2656/428 814/1006/4
f 826/2657/449 815/1009/7 818/1011/9
f 834/1030/28 825/2658/429 821/1015/13
f 840/2659/450 822/1018/16 825/1020/76
f 829/1027/25 839/2660/431 835/1033/31
f 832/2661/432 836/1036/34 839/1038/36
f 827/1021/19 858/2662/433 855/1057/55
f 833/2663/434 856/1060/58 858/1062/60
f 862/1066/64 837/2664/435 834/1030/28
f 868/2665/436 835/1033/31 837/1035/33
f 857/1063/61 867/2666/437 863/1069/67
f 860/2667/438 864/1072/70 867/1074/72
f 855/1057/55 844/2668/439 841/1039/37
f 861/2669/454 842/1042/40 844/1044/81
f 848/1048/46 865/2670/440 862/1066/64
f 854/2671/467 863/1069/67 865/1071/258
f 843/1045/43 853/2672/442 849/1051/49
f 846/2673/443 850/1054/52 853/1056/54
f 841/1039/37 816/2674/444 813/1003/1
f 847/2675/445 814/1006/4 816/1008/6
f 821/1015/13 851/2676/446 848/1048/46
f 823/2677/447 849/1051/49 851/1053/51
f 869/1075/1 886/2678/427 883/1093/19
f 875/2679/465 884/1096/22 886/1098/78
f 870/1078/4 882/1086/12 874/2680/428
f 882/2681/449 871/1081/7 874/1083/9
f 890/1102/28 881/2682/429 877/1087/13
f 896/2683/450 878/1090/16 881/1092/76
f 885/1099/25 895/2684/431 891/1105/31
f 895/1110/36 884/1096/22 892/1108/34
f 883/1093/19 914/2685/433 911/1129/55
f 889/2686/434 912/1132/58 914/1134/60
f 918/1138/64 893/2687/435 890/1102/28
f 924/2688/436 891/1105/31 893/1107/33
f 913/1135/61 923/2689/437 919/1141/67
f 923/1146/72 912/1132/58 920/1144/70
f 911/1129/55 900/2690/439 897/1111/37
f 917/2691/454 898/1114/40 900/1116/81
f 904/1120/46 921/2692/440 918/1138/64
f 910/2693/467 919/1141/67 921/1143/258
f 899/1117/43 909/2694/442 905/1123/49
f 909/1128/54 898/1114/40 906/1126/52
f 897/1111/37 872/2695/444 869/1075/1
f 903/2696/445 870/1078/4 872/1080/6
f 877/1087/13 907/2697/446 904/1120/46
f 879/2698/447 905/1123/49 907/1125/51
f 940/1168/115 931/1153/100 927/1154/101
f 931/1149/96 939/1163/110 925/1147/94
f 948/1180/125 935/1159/106 952/1178/124
f 952/1174/120 932/1155/102 946/1172/118
f 934/1162/109 930/1150/97 926/1152/99
f 937/1158/105 927/1154/101 930/1150/97
f 941/1171/265 951/1175/121 947/1177/123
f 944/1166/113 948/1180/125 951/1179/121
f 954/1186/131 945/1169/116 941/1171/265
f 945/1165/112 953/1181/126 939/1163/110
f 947/1177/123 966/1195/140 962/1196/141
f 949/2699/457 960/1189/134 966/1191/136
f 955/1188/133 965/1192/137 961/1194/139
f 958/1184/129 962/1196/141 965/1192/137
f 968/1202/147 959/1187/132 955/1188/133
f 959/1183/270 967/1197/142 953/1181/126
f 961/1194/139 980/1211/156 976/1212/157
f 963/2700/459 974/1205/150 980/1207/152
f 969/1204/149 979/1208/153 975/1210/155
f 972/1200/145 976/1212/157 979/1208/153
f 969/1204/149 984/2701/162 973/1203/148
f 973/1199/144 981/1213/158 967/1197/142
f 990/2702/173 977/1209/154 994/2703/172
f 977/2704/472 988/1221/166 994/1223/168
f 983/1220/165 993/1224/169 989/1226/171
f 986/1216/161 990/1228/173 993/1224/169
f 983/1220/165 998/1233/178 987/1219/164
f 987/1215/160 995/1229/174 981/1213/158
f 1004/1244/189 991/1225/170 1008/1243/188
f 991/2705/477 1002/1237/182 1008/1239/184
f 997/1236/181 1007/1240/185 1003/1242/187
f 1000/1232/177 1004/1244/189 1007/1240/185
f 1010/1250/195 1001/1235/180 997/1236/181
f 1001/1231/176 1009/1245/190 995/1229/174
f 1003/1242/187 1022/1260/204 1018/1262/205
f 1005/2706/461 1016/1254/198 1022/1256/200
f 1011/1253/197 1021/1257/201 1017/1259/203
f 1014/1248/193 1018/1262/205 1021/1261/201
f 1011/1253/197 1026/1267/210 1015/1251/196
f 1015/1247/192 1023/1263/206 1009/1245/190
f 1017/1259/203 1036/1277/220 1032/1278/221
f 1019/2707/480 1030/1271/214 1036/1273/216
f 1025/1270/213 1035/1274/217 1031/1276/219
f 1028/1266/209 1032/1278/221 1035/1274/217
f 1038/1284/227 1029/1269/212 1025/1270/213
f 1029/1265/271 1037/1279/222 1023/1263/206
f 1031/1276/219 1050/1293/236 1046/1294/237
f 1033/2708/479 1044/1287/230 1050/1289/232
f 1039/1286/229 1049/1290/233 1045/1292/235
f 1042/1282/225 1046/1294/237 1049/1290/233
f 1052/1300/267 1043/1285/228 1039/1286/229
f 1043/1281/224 1051/1295/238 1037/1279/222
f 1060/1312/253 1047/1291/234 1064/1310/252
f 1047/2709/475 1058/1304/246 1064/1306/248
f 1053/1303/245 1063/1307/249 1059/1309/251
f 1056/1302/241 1060/2710/253 1063/1307/249
f 926/1152/99 1057/1301/244 1053/1303/245
f 928/2711/463 1051/1295/238 1057/1297/240
f 1059/1309/251 938/1161/108 934/1162/109
f 1061/2712/464 932/1155/102 938/1157/104
f 1065/1313/1 1082/2713/427 1079/1331/19
f 1071/2714/465 1080/1334/22 1082/1336/78
f 1072/1322/10 1070/2715/428 1066/1316/4
f 1078/2716/449 1067/1319/7 1070/1321/9
f 1086/1340/28 1077/2717/429 1073/1325/13
f 1092/2718/450 1074/1328/16 1077/1330/76
f 1081/1337/25 1091/2719/431 1087/1343/31
f 1084/2720/432 1088/1346/34 1091/1348/36
f 1107/1367/55 1085/1333/21 1110/2721/433
f 1085/2722/434 1108/1370/58 1110/1372/60
f 1114/1376/64 1089/2723/435 1086/1340/28
f 1089/1345/33 1116/1382/70 1087/1343/31
f 1109/1373/61 1119/2724/437 1115/1379/67
f 1112/2725/438 1116/1382/70 1119/1384/72
f 1107/1367/55 1096/2726/439 1093/1349/37
f 1113/2727/454 1094/1352/40 1096/1354/81
f 1100/1358/46 1117/2728/440 1114/1376/64
f 1106/2729/467 1115/1379/67 1117/1381/258
f 1095/1355/43 1105/2730/442 1101/1361/49
f 1098/2731/443 1102/1364/52 1105/1366/54
f 1093/1349/37 1068/2732/444 1065/1313/1
f 1068/1318/6 1095/1355/43 1066/1316/4
f 1100/1358/46 1075/1327/15 1103/2733/446
f 1103/1363/51 1072/1322/10 1101/1361/49
f 1121/1385/1 1138/2734/427 1135/1403/19
f 1127/2735/465 1136/1406/22 1138/1408/78
f 1122/1388/4 1134/1396/12 1126/2736/428
f 1134/2737/449 1123/1391/7 1126/1393/9
f 1142/1412/28 1133/2738/429 1129/1397/13
f 1148/2739/450 1130/1400/16 1133/1402/76
f 1137/1409/25 1147/2740/431 1143/1415/31
f 1147/1420/36 1136/1406/22 1144/1418/34
f 1135/1403/19 1166/2741/433 1163/1439/55
f 1166/1444/60 1137/1409/25 1164/1442/58
f 1170/1448/64 1145/2742/435 1142/1412/28
f 1176/2743/436 1143/1415/31 1145/1417/33
f 1165/1445/61 1175/2744/437 1171/1451/67
f 1175/1456/72 1164/1442/58 1172/1454/70
f 1163/1439/55 1152/2745/439 1149/1421/37
f 1169/2746/454 1150/1424/40 1152/1426/81
f 1156/1430/46 1173/2747/440 1170/1448/64
f 1162/2748/467 1171/1451/67 1173/1453/258
f 1151/1427/43 1161/2749/442 1157/1433/49
f 1161/1438/54 1150/1424/40 1158/1436/52
f 1121/1385/1 1155/1423/39 1124/2750/444
f 1155/2751/445 1122/1388/4 1124/1390/6
f 1129/1397/13 1159/2752/446 1156/1430/46
f 1159/1435/51 1128/1394/10 1157/1433/49
f 1179/1464/101 1194/1477/114 1183/1463/100
f 1183/1459/96 1191/1473/110 1177/1457/94
f 1185/1470/107 1204/1488/124 1200/1490/125
f 1204/1484/120 1184/1465/102 1198/1482/118
f 1186/1472/109 1182/1460/97 1178/1462/99
f 1189/1468/105 1179/1464/101 1182/1460/97
f 1193/1481/265 1203/1485/121 1199/1487/123
f 1196/1476/113 1200/1490/125 1203/1489/121
f 1206/1496/131 1197/1479/116 1193/1481/265
f 1197/1475/112 1205/1491/126 1191/1473/110
f 1199/1487/123 1218/1505/140 1214/1506/141
f 1201/2753/457 1212/1499/134 1218/1501/136
f 1207/1498/133 1217/1502/137 1213/1504/139
f 1210/1494/129 1214/1506/141 1217/1502/137
f 1220/1512/147 1211/1497/132 1207/1498/133
f 1222/2754/458 1205/1491/126 1211/1493/270
f 1213/1504/139 1232/1521/156 1228/1522/157
f 1215/2755/459 1226/1515/150 1232/1517/273
f 1221/1514/149 1231/1518/153 1227/1520/155
f 1224/1510/145 1228/1522/157 1231/1518/153
f 1234/2756/163 1225/1513/148 1221/1514/149
f 1225/1509/144 1233/1523/158 1219/1507/142
f 1227/1520/155 1246/2757/172 1242/2758/173
f 1229/2759/472 1240/1531/166 1246/1533/168
f 1235/1530/165 1245/1534/169 1241/1536/171
f 1238/1526/161 1242/1538/173 1245/1534/169
f 1248/1544/179 1239/1529/164 1235/1530/165
f 1239/1525/160 1247/1539/174 1233/1523/158
f 1256/1554/189 1243/1535/170 1260/1553/188
f 1243/2760/477 1254/1547/182 1260/1549/184
f 1249/1546/181 1259/1550/185 1255/1552/187
f 1252/1542/177 1256/1554/189 1259/1550/185
f 1249/1546/181 1264/1559/194 1253/1545/180
f 1264/2761/478 1247/1539/174 1253/1541/176
f 1255/1552/187 1274/1570/204 1270/1572/205
f 1257/2762/461 1268/1564/198 1274/1566/200
f 1263/1563/197 1273/1567/201 1269/1569/203
f 1266/1558/193 1270/1572/205 1273/1571/201
f 1263/1563/197 1278/1577/210 1267/1561/196
f 1278/2763/473 1261/1555/190 1267/1557/192
f 1284/1588/221 1271/1568/202 1288/1587/220
f 1271/2764/480 1282/1581/214 1288/1583/216
f 1277/1580/213 1287/1584/217 1283/1586/219
f 1280/1576/209 1284/1588/221 1287/1584/217
f 1290/1594/227 1281/1579/212 1277/1580/213
f 1281/1575/208 1289/1589/222 1275/1573/206
f 1298/1604/237 1285/1585/218 1302/1603/236
f 1285/2765/479 1296/1597/230 1302/1599/232
f 1291/1596/229 1301/1600/233 1297/1602/235
f 1294/1592/225 1298/1604/237 1301/1600/233
f 1304/1610/267 1295/1595/228 1291/1596/229
f 1306/2766/462 1289/1589/222 1295/1591/224
f 1312/1622/253 1299/1601/234 1316/1620/252
f 1316/1616/248 1296/1597/230 1310/1614/246
f 1305/1613/245 1315/1617/249 1311/1619/251
f 1308/1612/241 1312/2767/253 1315/1617/249
f 1178/1462/99 1309/1611/244 1305/1613/245
f 1180/2768/463 1303/1605/238 1309/1607/240
f 1311/1619/251 1190/1471/108 1186/1472/109
f 1313/2769/464 1184/1465/102 1190/1467/104
f 1317/1623/1 1334/2770/427 1331/1641/19
f 1323/2771/465 1332/1644/22 1334/1646/78
f 1324/1632/10 1322/2772/428 1318/1626/4
f 1330/2773/449 1319/1629/7 1322/1631/9
f 1338/1650/28 1329/2774/429 1325/1635/13
f 1344/2775/450 1326/1638/16 1329/1640/76
f 1333/1647/25 1343/2776/431 1339/1653/31
f 1336/2777/432 1340/1656/34 1343/1658/36
f 1359/1677/55 1337/1643/21 1362/2778/433
f 1337/2779/434 1360/1680/58 1362/1682/60
f 1366/1686/64 1341/2780/435 1338/1650/28
f 1372/2781/436 1339/1653/31 1341/1655/33
f 1361/1683/61 1371/2782/452 1367/1689/67
f 1364/2783/453 1368/1692/70 1371/1694/72
f 1359/1677/55 1348/2784/439 1345/1659/37
f 1365/2785/454 1346/1662/40 1348/1664/81
f 1352/1668/46 1369/2786/440 1366/1686/64
f 1358/2787/441 1367/1689/67 1369/1691/69
f 1347/1665/43 1357/2788/442 1353/1671/49
f 1350/2789/443 1354/1674/52 1357/1676/54
f 1345/1659/37 1320/2790/444 1317/1623/1
f 1320/1628/6 1347/1665/43 1318/1626/4
f 1325/1635/13 1355/2791/446 1352/1668/46
f 1327/2792/447 1353/1671/49 1355/1673/51
f 1373/1695/1 1390/2793/427 1387/1713/19
f 1379/2794/465 1388/1716/22 1390/1718/78
f 1374/1698/4 1386/1706/12 1378/2795/428
f 1386/2796/449 1375/1701/7 1378/1703/9
f 1394/1722/28 1385/2797/429 1381/1707/13
f 1400/2798/450 1382/1710/16 1385/1712/76
f 1389/1719/25 1399/2799/431 1395/1725/31
f 1399/1730/36 1388/1716/22 1396/1728/34
f 1387/1713/19 1418/2800/433 1415/1749/55
f 1393/2801/434 1416/1752/58 1418/1754/60
f 1422/1758/64 1397/2802/435 1394/1722/28
f 1428/2803/436 1395/1725/31 1397/1727/33
f 1417/1755/61 1427/2804/452 1423/1761/67
f 1427/1766/72 1416/1752/58 1424/1764/70
f 1415/1749/55 1404/2805/481 1401/1731/37
f 1421/2806/455 1402/1734/40 1404/1736/42
f 1408/1740/46 1425/2807/440 1422/1758/64
f 1414/2808/441 1423/1761/67 1425/1763/69
f 1403/1737/43 1413/2809/442 1409/1743/49
f 1413/1748/54 1402/1734/40 1410/1746/52
f 1401/1731/37 1376/2810/444 1373/1695/1
f 1407/2811/445 1374/1698/4 1376/1700/6
f 1381/1707/13 1411/2812/446 1408/1740/46
f 1383/2813/447 1409/1743/49 1411/1745/51
f 1444/1788/115 1435/1773/100 1431/1774/101
f 1435/1769/96 1443/1783/110 1429/1767/94
f 1437/1780/107 1456/1798/124 1452/1800/125
f 1456/1794/120 1436/1775/102 1450/1792/118
f 1438/1782/109 1434/1770/97 1430/1772/99
f 1441/1778/105 1431/1774/101 1434/1770/97
f 1445/1791/265 1455/1795/121 1451/1797/123
f 1448/1786/113 1452/1800/125 1455/1799/121
f 1445/1791/265 1460/1805/130 1449/1789/116
f 1460/2814/456 1443/1783/110 1449/1785/112
f 1466/1816/141 1453/1796/122 1470/1815/140
f 1453/2815/457 1464/1809/134 1470/1811/136
f 1459/1808/133 1469/1812/137 1465/1814/139
f 1462/1804/129 1466/1816/141 1469/1812/137
f 1459/1808/133 1474/1821/146 1463/1807/132
f 1474/2816/458 1457/1801/126 1463/1803/128
f 1465/1814/139 1484/1831/156 1480/1832/157
f 1484/1827/152 1464/1809/134 1478/1825/150
f 1473/1824/149 1483/1828/153 1479/1830/155
f 1476/1820/145 1480/1832/157 1483/1828/153
f 1486/2817/275 1477/1823/148 1473/1824/149
f 1477/1819/144 1485/1833/158 1471/1817/142
f 1479/1830/155 1498/2818/172 1494/2819/173
f 1481/2820/472 1492/1841/166 1498/1843/168
f 1487/1840/165 1497/1844/169 1493/1846/171
f 1490/1836/161 1494/1848/173 1497/1844/169
f 1487/1840/165 1502/1853/178 1491/1839/164
f 1491/1835/160 1499/1849/174 1485/1833/158
f 1493/1846/171 1512/1863/188 1508/1864/189
f 1512/1859/184 1492/1841/166 1506/1857/182
f 1501/1856/181 1511/1860/185 1507/1862/187
f 1504/1852/177 1508/1864/189 1511/1860/185
f 1514/1870/195 1505/1855/180 1501/1856/181
f 1505/1851/176 1513/1865/190 1499/1849/174
f 1522/1882/205 1509/1861/186 1526/1880/204
f 1509/2821/461 1520/1874/198 1526/1876/200
f 1515/1873/197 1525/1877/201 1521/1879/264
f 1518/1868/193 1522/1882/205 1525/1881/201
f 1515/1873/197 1530/1887/210 1519/1871/196
f 1530/2822/473 1513/1865/190 1519/1867/192
f 1521/1879/264 1540/1897/220 1536/1898/221
f 1540/1893/216 1520/1874/198 1534/1891/214
f 1529/1890/213 1539/1894/217 1535/1896/219
f 1532/1886/209 1536/1898/221 1539/1894/217
f 1529/1890/213 1544/1903/226 1533/1889/212
f 1533/1885/208 1541/1899/222 1527/1883/206
f 1535/1896/219 1554/1913/236 1550/1914/237
f 1537/2823/479 1548/1907/230 1554/1909/232
f 1543/1906/229 1553/1910/233 1549/1912/235
f 1546/1902/225 1550/1914/237 1553/1910/233
f 1543/1906/229 1558/1919/242 1547/1905/228
f 1547/1901/224 1555/1915/238 1541/1899/222
f 1549/1912/235 1568/1930/252 1564/1932/253
f 1568/1926/248 1548/1907/230 1562/1924/246
f 1557/1923/245 1567/1927/249 1563/1929/251
f 1560/1922/241 1564/2824/253 1567/1927/249
f 1430/1772/99 1561/1921/244 1557/1923/245
f 1432/2825/463 1555/1915/238 1561/1917/240
f 1563/1929/251 1442/1781/108 1438/1782/109
f 1442/1777/104 1562/1924/246 1436/1775/102
f 1569/1933/1 1586/2826/427 1583/1951/19
f 1575/2827/465 1584/1954/22 1586/1956/78
f 1576/1942/10 1574/2828/448 1570/1936/4
f 1582/2829/466 1571/1939/7 1574/1941/9
f 1590/1960/28 1581/2830/429 1577/1945/13
f 1596/2831/430 1578/1948/16 1581/1950/18
f 1585/1957/25 1595/2832/431 1591/1963/31
f 1588/2833/432 1592/1966/34 1595/1968/36
f 1583/1951/19 1614/2834/433 1611/1987/55
f 1589/2835/434 1612/1990/58 1614/1992/60
f 1590/1960/28 1624/1998/66 1593/2836/435
f 1624/2837/451 1591/1963/31 1593/1965/33
f 1613/1993/61 1623/2838/437 1619/1999/67
f 1616/2839/453 1620/2002/70 1623/2004/72
f 1611/1987/55 1600/2840/439 1597/1969/37
f 1600/1974/81 1613/1993/61 1598/1972/40
f 1604/1978/46 1621/2841/440 1618/1996/64
f 1610/2842/467 1619/1999/67 1621/2001/258
f 1599/1975/43 1609/2843/442 1605/1981/49
f 1609/1986/54 1598/1972/40 1606/1984/52
f 1569/1933/1 1603/1971/39 1572/2844/444
f 1603/2845/445 1570/1936/4 1572/1938/6
f 1577/1945/13 1607/2846/446 1604/1978/46
f 1579/2847/482 1605/1981/49 1607/1983/51
f 1625/2005/1 1642/2848/468 1639/2023/19
f 1631/2849/469 1640/2026/22 1642/2028/24
f 1626/2008/4 1638/2016/12 1630/2850/428
f 1638/2851/449 1627/2011/7 1630/2013/9
f 1646/2032/28 1637/2852/429 1633/2017/13
f 1652/2853/430 1634/2020/16 1637/2022/18
f 1641/2029/25 1651/2854/431 1647/2035/31
f 1651/2040/262 1640/2026/22 1648/2038/34
f 1639/2023/19 1670/2855/433 1667/2059/55
f 1645/2856/434 1668/2062/58 1670/2064/60
f 1646/2032/28 1680/2070/66 1649/2857/435
f 1680/2858/436 1647/2035/31 1649/2037/33
f 1669/2065/61 1679/2859/437 1675/2071/67
f 1679/2076/278 1668/2062/58 1676/2074/70
f 1667/2059/55 1656/2860/439 1653/2041/37
f 1673/2861/454 1654/2044/40 1656/2046/42
f 1660/2050/46 1677/2862/440 1674/2068/64
f 1666/2863/467 1675/2071/67 1677/2073/69
f 1655/2047/43 1665/2864/442 1661/2053/49
f 1665/2058/54 1654/2044/40 1662/2056/52
f 1625/2005/1 1659/2043/39 1628/2865/444
f 1659/2866/445 1626/2008/4 1628/2010/6
f 1633/2017/13 1663/2867/446 1660/2050/46
f 1635/2868/447 1661/2053/49 1663/2055/51
f 1696/2098/115 1687/2083/100 1683/2084/101
f 1687/2079/96 1695/2093/110 1681/2077/94
f 1704/2110/125 1691/2089/106 1708/2108/124
f 1691/2869/471 1702/2102/118 1708/2104/120
f 1690/2092/109 1686/2080/97 1682/2082/99
f 1693/2088/105 1683/2084/101 1686/2080/97
f 1697/2101/117 1707/2105/121 1703/2107/123
f 1700/2096/113 1704/2110/125 1707/2109/121
f 1710/2116/131 1701/2099/116 1697/2101/117
f 1701/2095/112 1709/2111/126 1695/2093/110
f 1718/2126/141 1705/2106/122 1722/2125/140
f 1722/2121/136 1702/2102/118 1716/2119/134
f 1711/2118/133 1721/2122/137 1717/2124/139
f 1714/2114/129 1718/2126/141 1721/2122/137
f 1724/2132/147 1715/2117/132 1711/2118/133
f 1726/2870/458 1709/2111/126 1715/2113/128
f 1717/2124/139 1736/2141/156 1732/2142/157
f 1736/2137/152 1716/2119/134 1730/2135/150
f 1725/2134/149 1735/2138/153 1731/2140/155
f 1728/2130/145 1732/2142/157 1735/2138/153
f 1738/2871/163 1729/2133/148 1725/2134/149
f 1740/2872/476 1723/2127/142 1729/2129/144
f 1731/2140/155 1750/2873/172 1746/2874/173
f 1733/2875/472 1744/2151/166 1750/2153/168
f 1739/2150/165 1749/2154/169 1745/2156/171
f 1742/2146/161 1746/2158/173 1749/2154/169
f 1739/2150/165 1754/2163/178 1743/2149/164
f 1754/2876/460 1737/2143/158 1743/2145/160
f 1745/2156/171 1764/2173/188 1760/2174/189
f 1747/2877/477 1758/2167/182 1764/2169/184
f 1753/2166/181 1763/2170/185 1759/2172/187
f 1756/2162/177 1760/2174/189 1763/2170/185
f 1766/2180/195 1757/2165/180 1753/2166/181
f 1757/2161/176 1765/2175/190 1751/2159/174
f 1774/2192/205 1761/2171/186 1778/2190/204
f 1761/2878/461 1772/2184/198 1778/2186/200
f 1767/2183/197 1777/2187/201 1773/2189/264
f 1770/2178/193 1774/2192/205 1777/2191/201
f 1767/2183/197 1782/2197/210 1771/2181/196
f 1782/2879/473 1765/2175/190 1771/2177/192
f 1773/2189/264 1792/2207/220 1788/2208/221
f 1775/2880/480 1786/2201/214 1792/2203/216
f 1781/2200/213 1791/2204/217 1787/2206/219
f 1784/2196/209 1788/2208/221 1791/2204/217
f 1794/2214/227 1785/2199/212 1781/2200/213
f 1785/2195/208 1793/2209/222 1779/2193/206
f 1787/2206/219 1806/2223/236 1802/2224/237
f 1789/2881/479 1800/2217/230 1806/2219/232
f 1795/2216/229 1805/2220/233 1801/2222/235
f 1798/2212/225 1802/2224/237 1805/2220/233
f 1808/2230/243 1799/2215/228 1795/2216/229
f 1799/2211/224 1807/2225/238 1793/2209/222
f 1801/2222/235 1820/2240/252 1816/2242/253
f 1803/2882/475 1814/2234/246 1820/2236/248
f 1809/2233/245 1819/2237/249 1815/2239/251
f 1812/2232/241 1816/2883/253 1819/2237/249
f 1809/2233/245 1684/2081/98 1813/2231/244
f 1684/2884/463 1807/2225/238 1813/2227/240
f 1815/2239/251 1694/2091/108 1690/2092/109
f 1694/2087/104 1814/2234/246 1688/2085/102
f 1835/2261/297 1827/2245/281 1838/2885/483
f 1838/2266/302 1823/2249/285 1836/2264/300
f 1828/2252/288 1826/2886/484 1822/2246/282
f 1834/2887/485 1823/2249/285 1826/2251/287
f 1842/2270/306 1833/2888/486 1829/2255/291
f 1848/2889/487 1830/2258/294 1833/2260/296
f 1843/2273/309 1840/2269/305 1847/2890/488
f 1840/2891/489 1844/2276/312 1847/2278/314
f 1835/2261/297 1866/2892/490 1863/2297/333
f 1841/2893/491 1864/2300/336 1866/2302/338
f 1870/2306/342 1845/2894/492 1842/2270/306
f 1876/2895/493 1843/2273/309 1845/2275/311
f 1865/2303/339 1875/2896/494 1871/2309/345
f 1868/2897/495 1872/2312/348 1875/2314/350
f 1849/2279/315 1869/2299/335 1852/2898/496
f 1852/2284/320 1865/2303/339 1850/2282/318
f 1856/2288/324 1873/2899/497 1870/2306/342
f 1862/2900/498 1871/2309/345 1873/2311/347
f 1857/2291/327 1854/2287/323 1861/2901/499
f 1854/2902/500 1858/2294/330 1861/2296/332
f 1849/2279/315 1824/2903/501 1821/2243/279
f 1855/2904/502 1822/2246/282 1824/2248/284
f 1829/2255/291 1859/2905/503 1856/2288/324
f 1831/2906/504 1857/2291/327 1859/2293/329
f 1891/2333/369 1883/2317/353 1894/2907/505
f 1883/2908/506 1892/2336/372 1894/2338/374
f 1884/2324/360 1882/2909/507 1878/2318/354
f 1890/2910/508 1879/2321/357 1882/2323/359
f 1885/2327/363 1904/2344/380 1889/2911/509
f 1889/2332/368 1900/2348/384 1886/2330/366
f 1893/2339/375 1903/2912/510 1899/2345/381
f 1896/2913/511 1900/2348/384 1903/2350/386
f 1891/2333/369 1922/2914/512 1919/2369/405
f 1897/2915/513 1920/2372/408 1922/2374/410
f 1926/2378/414 1901/2916/514 1898/2342/378
f 1901/2347/383 1928/2384/420 1899/2345/381
f 1921/2375/411 1931/2917/515 1927/2381/417
f 1924/2918/516 1928/2384/420 1931/2386/422
f 1919/2369/405 1908/2919/517 1905/2351/387
f 1925/2920/518 1906/2354/390 1908/2356/392
f 1926/2378/414 1918/2362/398 1929/2921/519
f 1929/2383/419 1914/2366/402 1927/2381/417
f 1907/2357/393 1917/2922/520 1913/2363/399
f 1910/2923/521 1914/2366/402 1917/2368/404
f 1905/2351/387 1880/2924/522 1877/2315/351
f 1911/2925/523 1878/2318/354 1880/2320/356
f 1885/2327/363 1915/2926/524 1912/2360/396
f 1887/2927/525 1913/2363/399 1915/2365/401
f 1933/2387/1 1950/2928/427 1947/2405/19
f 1950/2410/24 1935/2393/7 1948/2408/22
f 1940/2396/10 1938/2929/428 1934/2390/4
f 1946/2930/466 1935/2393/7 1938/2395/9
f 1954/2414/28 1945/2931/429 1941/2399/13
f 1960/2932/430 1942/2402/16 1945/2404/18
f 1949/2411/25 1959/2933/431 1955/2417/31
f 1952/2934/432 1956/2420/34 1959/2422/262
f 1947/2405/19 1978/2935/433 1975/2441/55
f 1953/2936/434 1976/2444/58 1978/2446/60
f 1982/2450/64 1957/2937/435 1954/2414/28
f 1988/2938/436 1955/2417/31 1957/2419/33
f 1977/2447/61 1987/2939/452 1983/2453/67
f 1980/2940/438 1984/2456/70 1987/2458/72
f 1975/2441/55 1964/2941/439 1961/2423/37
f 1964/2428/42 1977/2447/61 1962/2426/40
f 1968/2432/46 1985/2942/440 1982/2450/64
f 1985/2455/69 1970/2438/52 1983/2453/67
f 1963/2429/43 1973/2943/442 1969/2435/49
f 1966/2944/443 1970/2438/52 1973/2440/425
f 1961/2423/37 1936/2945/444 1933/2387/1
f 1967/2946/445 1934/2390/4 1936/2392/6
f 1941/2399/13 1971/2947/446 1968/2432/46
f 1943/2948/447 1969/2435/49 1971/2437/51
f 43/55/55 1/1/1 15/19/19
f 10/16/16 16/22/22 3/7/7
f 37/49/49 2/4/4 31/43/43
f 22/28/28 36/46/46 50/64/64
f 23/31/31 44/58/58 17/25/25
f 51/67/67 30/40/40 45/61/61
f 99/127/55 57/73/1 71/91/19
f 66/88/16 72/94/22 59/79/7
f 93/121/49 58/76/4 87/115/43
f 78/100/28 92/118/46 106/136/64
f 79/103/31 100/130/58 73/97/25
f 107/139/67 86/112/40 101/133/61
f 155/199/55 113/145/1 127/163/19
f 122/160/16 128/166/22 115/151/7
f 149/193/49 114/148/4 143/187/43
f 134/172/28 148/190/46 162/208/64
f 135/175/31 156/202/58 129/169/25
f 163/211/67 142/184/40 157/205/61
f 211/267/142 267/333/206 295/365/238
f 177/230/107 184/238/115 171/224/101
f 303/379/251 170/222/99 297/373/245
f 288/357/230 232/291/166 204/259/134
f 191/247/123 198/256/131 185/241/117
f 205/264/139 212/272/147 199/258/133
f 219/280/155 226/2526/163 213/274/149
f 233/296/171 240/304/179 227/290/165
f 241/306/181 262/332/205 254/320/195
f 261/329/203 268/338/211 255/323/197
f 275/346/219 282/354/227 269/340/213
f 289/362/235 296/370/243 283/356/229
f 351/437/55 309/383/1 323/401/19
f 318/398/16 324/404/22 311/389/7
f 345/431/49 310/386/4 339/425/43
f 330/410/28 344/428/46 358/446/64
f 331/413/31 352/440/58 325/407/25
f 359/449/67 338/422/40 353/443/61
f 407/509/55 365/455/1 379/473/19
f 374/470/16 380/476/22 367/461/7
f 401/503/49 366/458/4 395/497/43
f 386/482/28 400/500/46 414/518/64
f 387/485/31 408/512/58 381/479/25
f 415/521/67 394/494/40 409/515/61
f 463/577/142 519/643/206 547/675/238
f 429/540/107 436/548/115 423/534/101
f 555/689/251 422/532/99 549/683/245
f 540/667/230 484/601/166 456/569/134
f 443/557/123 450/566/131 437/551/117
f 457/574/139 464/582/147 451/568/133
f 471/590/155 478/2949/163 465/584/149
f 485/606/171 492/614/179 479/600/165
f 499/622/187 506/630/195 493/616/181
f 513/639/264 520/648/211 507/633/197
f 527/656/219 534/664/227 521/650/213
f 541/672/235 548/680/243 535/666/229
f 603/747/55 561/693/1 575/711/19
f 570/708/16 576/714/22 563/699/7
f 597/741/49 562/696/4 591/735/43
f 582/720/28 596/738/46 610/756/64
f 583/723/31 604/750/58 577/717/25
f 611/759/67 590/732/40 605/753/61
f 659/819/55 617/765/1 631/783/19
f 626/780/16 632/786/22 619/771/7
f 653/813/49 618/768/4 647/807/43
f 638/792/28 652/810/46 666/828/64
f 639/795/31 660/822/58 633/789/25
f 667/831/67 646/804/40 661/825/61
f 715/887/142 771/953/206 799/985/238
f 681/850/107 688/858/115 675/844/101
f 807/999/251 674/842/99 801/993/245
f 792/977/230 736/911/166 708/879/134
f 695/867/123 702/876/131 689/861/265
f 709/884/139 716/892/147 703/878/133
f 723/900/155 730/2640/163 717/894/149
f 737/916/171 744/924/179 731/910/165
f 751/932/187 758/940/195 745/926/181
f 765/949/203 772/958/211 759/943/197
f 779/966/219 786/974/227 773/960/213
f 793/982/235 800/990/267 787/976/229
f 855/1057/55 813/1003/1 827/1021/19
f 822/1018/16 828/1024/22 815/1009/7
f 849/1051/49 814/1006/4 843/1045/43
f 834/1030/28 848/1048/46 862/1066/64
f 835/1033/31 856/1060/58 829/1027/25
f 863/1069/67 842/1042/40 857/1063/61
f 911/1129/55 869/1075/1 883/1093/19
f 878/1090/16 884/1096/22 871/1081/7
f 905/1123/49 870/1078/4 899/1117/43
f 890/1102/28 904/1120/46 918/1138/64
f 891/1105/31 912/1132/58 885/1099/25
f 919/1141/67 898/1114/40 913/1135/61
f 967/1197/142 1023/1263/206 1051/1295/238
f 933/1160/107 940/1168/115 927/1154/101
f 1059/1309/251 926/1152/99 1053/1303/245
f 1044/1287/230 988/1221/166 960/1189/134
f 947/1177/123 954/1186/131 941/1171/265
f 961/1194/139 968/1202/147 955/1188/133
f 975/1210/155 982/2950/163 969/1204/149
f 989/1226/171 996/1234/179 983/1220/165
f 1003/1242/187 1010/1250/195 997/1236/181
f 1017/1259/203 1024/1268/211 1011/1253/197
f 1031/1276/219 1038/1284/227 1025/1270/213
f 1045/1292/235 1052/1300/267 1039/1286/229
f 1107/1367/55 1065/1313/1 1079/1331/19
f 1074/1328/16 1080/1334/22 1067/1319/7
f 1101/1361/49 1066/1316/4 1095/1355/43
f 1086/1340/28 1100/1358/46 1114/1376/64
f 1087/1343/31 1108/1370/58 1081/1337/25
f 1115/1379/67 1094/1352/40 1109/1373/61
f 1163/1439/55 1121/1385/1 1135/1403/19
f 1130/1400/16 1136/1406/22 1123/1391/7
f 1157/1433/49 1122/1388/4 1151/1427/43
f 1142/1412/28 1156/1430/46 1170/1448/64
f 1143/1415/31 1164/1442/58 1137/1409/25
f 1171/1451/67 1150/1424/40 1165/1445/61
f 1219/1507/142 1275/1573/206 1303/1605/238
f 1185/1470/107 1192/1478/115 1179/1464/101
f 1311/1619/251 1178/1462/99 1305/1613/245
f 1296/1597/230 1240/1531/166 1212/1499/134
f 1199/1487/123 1206/1496/131 1193/1481/265
f 1213/1504/139 1220/1512/147 1207/1498/133
f 1227/1520/155 1234/2756/163 1221/1514/149
f 1241/1536/171 1248/1544/179 1235/1530/165
f 1255/1552/187 1262/1560/195 1249/1546/181
f 1269/1569/203 1276/1578/211 1263/1563/197
f 1283/1586/219 1290/1594/227 1277/1580/213
f 1297/1602/235 1304/1610/267 1291/1596/229
f 1359/1677/55 1317/1623/1 1331/1641/19
f 1326/1638/16 1332/1644/22 1319/1629/7
f 1353/1671/49 1318/1626/4 1347/1665/43
f 1338/1650/28 1352/1668/46 1366/1686/64
f 1339/1653/31 1360/1680/58 1333/1647/25
f 1367/1689/67 1346/1662/40 1361/1683/61
f 1415/1749/55 1373/1695/1 1387/1713/19
f 1382/1710/16 1388/1716/22 1375/1701/7
f 1409/1743/49 1374/1698/4 1403/1737/43
f 1394/1722/28 1408/1740/46 1422/1758/64
f 1395/1725/31 1416/1752/58 1389/1719/25
f 1423/1761/67 1402/1734/40 1417/1755/61
f 1471/1817/142 1527/1883/206 1555/1915/238
f 1437/1780/107 1444/1788/115 1431/1774/101
f 1563/1929/251 1430/1772/99 1557/1923/245
f 1548/1907/230 1492/1841/166 1464/1809/134
f 1451/1797/123 1458/1806/131 1445/1791/265
f 1465/1814/139 1472/1822/147 1459/1808/133
f 1479/1830/155 1486/2817/275 1473/1824/149
f 1493/1846/171 1500/1854/179 1487/1840/165
f 1507/1862/187 1514/1870/195 1501/1856/181
f 1521/1879/264 1528/1888/211 1515/1873/197
f 1535/1896/219 1542/1904/227 1529/1890/213
f 1549/1912/235 1556/1920/243 1543/1906/229
f 1611/1987/55 1569/1933/1 1583/1951/19
f 1578/1948/16 1584/1954/22 1571/1939/7
f 1605/1981/49 1570/1936/4 1599/1975/43
f 1590/1960/28 1604/1978/46 1618/1996/64
f 1591/1963/31 1612/1990/58 1585/1957/25
f 1619/1999/67 1598/1972/40 1613/1993/61
f 1667/2059/55 1625/2005/1 1639/2023/19
f 1634/2020/16 1640/2026/22 1627/2011/7
f 1661/2053/49 1626/2008/4 1655/2047/43
f 1646/2032/28 1660/2050/46 1674/2068/64
f 1647/2035/31 1668/2062/58 1641/2029/25
f 1675/2071/67 1654/2044/40 1669/2065/61
f 1723/2127/142 1779/2193/206 1807/2225/238
f 1689/2090/107 1696/2098/115 1683/2084/101
f 1815/2239/251 1682/2082/99 1809/2233/245
f 1800/2217/230 1744/2151/166 1716/2119/134
f 1703/2107/123 1710/2116/131 1697/2101/117
f 1717/2124/139 1724/2132/147 1711/2118/133
f 1731/2140/155 1738/2871/163 1725/2134/149
f 1739/2150/165 1760/2174/189 1752/2164/179
f 1759/2172/187 1766/2180/195 1753/2166/181
f 1773/2189/264 1780/2198/211 1767/2183/197
f 1787/2206/219 1794/2214/227 1781/2200/213
f 1801/2222/235 1808/2230/243 1795/2216/229
f 1835/2261/297 1849/2279/315 1821/2243/279
f 1830/2258/294 1836/2264/300 1823/2249/285
f 1857/2291/327 1822/2246/282 1851/2285/321
f 1870/2306/342 1829/2255/291 1856/2288/324
f 1843/2273/309 1864/2300/336 1837/2267/303
f 1865/2303/339 1858/2294/330 1850/2282/318
f 1891/2333/369 1905/2351/387 1877/2315/351
f 1886/2330/366 1892/2336/372 1879/2321/357
f 1913/2363/399 1878/2318/354 1907/2357/393
f 1926/2378/414 1885/2327/363 1912/2360/396
f 1899/2345/381 1920/2372/408 1893/2339/375
f 1927/2381/417 1906/2354/390 1921/2375/411
f 1975/2441/55 1933/2387/1 1947/2405/19
f 1942/2402/16 1948/2408/22 1935/2393/7
f 1969/2435/49 1934/2390/4 1963/2429/43
f 1954/2414/28 1968/2432/46 1982/2450/64
f 1955/2417/31 1976/2444/58 1949/2411/25
f 1983/2453/67 1962/2426/40 1977/2447/61
f 1/1/1 4/2476/444 5/2/2
f 2/4/4 6/2460/428 5/5/5
f 3/7/7 7/2951/469 5/8/8
f 8/10/10 11/2479/447 12/11/11
f 9/13/13 13/2461/429 12/14/14
f 10/16/16 14/2952/449 12/17/17
f 15/19/19 18/2459/427 19/20/20
f 16/22/22 20/2464/432 19/23/23
f 17/25/25 21/2466/434 19/26/26
f 22/28/28 25/2467/435 26/29/29
f 23/31/31 27/2463/431 26/32/32
f 24/34/34 28/2462/430 26/35/35
f 29/37/37 32/2471/439 33/38/38
f 30/40/40 34/2475/443 33/41/41
f 31/43/43 35/2477/445 33/44/44
f 36/46/46 39/2478/446 40/47/47
f 37/49/49 41/2474/442 40/50/50
f 38/52/52 42/2473/441 40/53/53
f 43/55/55 46/2465/433 47/56/56
f 44/58/58 48/2470/438 47/59/59
f 45/61/61 49/2953/455 47/62/62
f 50/64/64 53/2472/440 54/65/65
f 51/67/67 55/2469/437 54/68/68
f 52/70/70 56/2468/436 54/71/71
f 57/73/1 60/2498/444 61/74/2
f 58/76/4 62/2481/448 61/77/5
f 59/79/7 63/2954/465 61/80/73
f 64/82/10 67/2501/447 68/83/74
f 65/85/13 69/2483/429 68/86/14
f 66/88/16 70/2482/449 68/89/75
f 71/91/19 74/2480/427 75/92/20
f 72/94/22 76/2955/432 75/95/77
f 73/97/25 77/2487/434 75/98/26
f 78/100/28 81/2488/435 82/101/29
f 79/103/31 83/2485/431 82/104/79
f 80/106/34 84/2484/450 82/107/80
f 85/109/37 88/2492/439 89/110/38
f 86/112/40 90/2497/443 89/113/41
f 87/115/43 91/2499/445 89/116/82
f 92/118/46 95/2500/446 96/119/47
f 93/121/49 97/2496/442 96/122/84
f 94/124/52 98/2495/441 96/125/85
f 99/127/55 102/2486/433 103/128/56
f 100/130/58 104/2491/453 103/131/86
f 101/133/61 105/2493/454 103/134/62
f 106/136/64 109/2494/440 110/137/65
f 107/139/67 111/2490/452 110/140/87
f 108/142/70 112/2489/451 110/143/88
f 113/145/1 116/2518/444 117/146/2
f 114/148/4 118/2503/428 117/149/5
f 115/151/7 119/2956/465 117/152/73
f 120/154/10 123/2521/447 124/155/74
f 121/157/13 125/2505/429 124/158/14
f 122/160/16 126/2504/449 124/161/75
f 127/163/19 130/2502/427 131/164/20
f 128/166/22 132/2957/432 131/167/77
f 129/169/25 133/2509/434 131/170/26
f 134/172/28 137/2510/435 138/173/29
f 135/175/31 139/2507/431 138/176/79
f 136/178/34 140/2506/450 138/179/80
f 141/181/37 144/2513/439 145/182/38
f 142/184/40 146/2958/443 145/185/41
f 143/187/43 147/2519/445 145/188/44
f 148/190/46 151/2520/446 152/191/47
f 149/193/49 153/2517/442 152/194/90
f 150/196/52 154/2516/441 152/197/85
f 155/199/55 158/2508/433 159/200/91
f 156/202/58 160/2959/438 159/203/59
f 157/205/61 161/2514/455 159/206/62
f 162/208/64 165/2515/440 166/209/65
f 163/211/67 167/2512/452 166/212/87
f 164/214/70 168/2511/436 166/215/93
f 169/217/94 172/2533/463 173/218/95
f 174/220/97 173/2960/526 172/221/98
f 175/223/100 173/2960/526 174/220/97
f 176/225/102 179/2961/471 180/226/103
f 181/228/105 180/2962/527 179/229/106
f 182/231/108 180/2962/527 181/228/105
f 183/233/110 186/2963/470 187/234/111
f 188/236/113 187/2964/528 186/237/114
f 189/239/116 187/2965/528 188/240/113
f 190/242/118 193/2523/457 194/243/119
f 195/245/121 194/2966/529 193/246/122
f 196/248/124 194/2967/529 195/249/121
f 197/251/126 200/2522/456 201/252/127
f 202/254/129 201/2968/530 200/255/130
f 203/257/132 201/2968/530 202/254/129
f 204/259/134 207/2525/459 208/260/135
f 209/262/137 208/2969/531 207/263/138
f 210/265/140 208/2969/531 209/262/137
f 211/267/142 214/2524/458 215/268/143
f 216/270/145 215/2970/532 214/271/146
f 217/273/148 215/2970/532 216/270/145
f 218/275/150 221/2971/472 222/276/151
f 223/278/153 222/2972/533 221/279/154
f 224/281/156 222/2972/533 223/278/153
f 225/283/158 228/2973/476 229/284/159
f 230/286/161 229/2974/534 228/287/162
f 231/289/164 229/2974/534 230/286/161
f 232/291/166 235/2975/477 236/292/167
f 237/294/169 236/2976/535 235/295/170
f 238/297/172 236/2976/535 237/294/169
f 239/299/174 242/2529/460 243/300/175
f 244/302/177 243/2977/536 242/303/178
f 245/305/180 243/2977/536 244/302/177
f 246/307/182 249/2530/461 250/308/183
f 251/310/185 250/2978/537 249/311/186
f 252/313/188 250/2978/537 251/310/185
f 253/315/190 256/2979/478 257/316/191
f 258/318/193 257/2980/538 256/319/194
f 259/321/196 257/2981/538 258/322/193
f 260/324/198 263/2982/480 264/325/199
f 265/327/201 264/2983/539 263/328/202
f 266/330/204 264/2984/539 265/331/201
f 267/333/206 270/2985/473 271/334/207
f 272/336/209 271/2986/540 270/337/210
f 273/339/212 271/2986/540 272/336/209
f 274/341/214 277/2987/541 278/342/215
f 279/344/217 278/2988/542 277/345/218
f 280/347/220 278/2988/542 279/344/217
f 281/349/222 284/2989/474 285/350/223
f 286/352/225 285/2990/543 284/353/226
f 287/355/228 285/2990/543 286/352/225
f 288/357/230 291/2991/475 292/358/231
f 293/360/233 292/2992/544 291/361/234
f 294/363/236 292/2992/544 293/360/233
f 295/365/238 298/2531/462 299/366/239
f 300/368/241 299/2993/545 298/369/242
f 301/371/244 299/2994/545 300/372/241
f 302/374/246 305/2534/464 306/375/247
f 307/377/249 306/2995/546 305/378/250
f 308/380/252 306/2996/546 307/381/249
f 309/383/1 312/2554/444 313/384/2
f 310/386/4 314/2537/448 313/387/254
f 311/389/7 315/2536/465 313/390/8
f 316/392/10 319/2557/447 320/393/74
f 317/395/13 321/2539/429 320/396/14
f 318/398/16 322/2538/466 320/399/75
f 323/401/19 326/2535/427 327/402/20
f 324/404/22 328/2542/432 327/405/23
f 325/407/25 329/2997/434 327/408/255
f 330/410/28 333/2544/435 334/411/29
f 331/413/31 335/2541/431 334/414/79
f 332/416/34 336/2540/430 334/417/80
f 337/419/37 340/2548/439 341/420/38
f 338/422/40 342/2553/443 341/423/256
f 339/425/43 343/2555/445 341/426/44
f 344/428/46 347/2556/446 348/429/47
f 345/431/49 349/2552/442 348/432/90
f 346/434/52 350/2551/467 348/435/85
f 351/437/55 354/2543/433 355/438/56
f 352/440/58 356/2547/438 355/441/59
f 353/443/61 357/2549/454 355/444/257
f 358/446/64 361/2550/440 362/447/65
f 359/449/67 363/2546/437 362/450/87
f 360/452/70 364/2545/436 362/453/93
f 365/455/1 368/2575/444 369/456/259
f 366/458/4 370/2560/428 369/459/5
f 367/461/7 371/2559/469 369/462/8
f 372/464/10 375/2578/447 376/465/74
f 373/467/13 377/2562/429 376/468/14
f 374/470/16 378/2561/449 376/471/75
f 379/473/19 382/2558/468 383/474/261
f 380/476/22 384/2998/432 383/477/77
f 381/479/25 385/2566/434 383/480/26
f 386/482/28 389/2567/435 390/483/29
f 387/485/31 391/2564/431 390/486/79
f 388/488/34 392/2563/430 390/489/80
f 393/491/37 396/2570/439 397/492/263
f 394/494/40 398/2999/443 397/495/256
f 395/497/43 399/2576/445 397/498/44
f 400/500/46 403/2577/446 404/501/47
f 401/503/49 405/2574/442 404/504/90
f 402/506/52 406/2573/467 404/507/85
f 407/509/55 410/2565/433 411/510/91
f 408/512/58 412/3000/438 411/513/59
f 409/515/61 413/2571/454 411/516/257
f 414/518/64 417/2572/440 418/519/65
f 415/521/67 419/2569/437 418/522/87
f 416/524/70 420/2568/436 418/525/93
f 421/527/94 424/2595/463 425/528/95
f 426/530/97 425/3001/526 424/531/98
f 427/533/100 425/3001/526 426/530/97
f 428/535/102 431/2580/471 432/536/103
f 433/538/105 432/3002/527 431/539/106
f 434/541/108 432/3002/527 433/538/105
f 435/543/110 438/2579/470 439/544/111
f 440/546/113 439/3003/528 438/547/114
f 441/549/116 439/3004/528 440/550/113
f 442/552/118 445/2582/457 446/553/119
f 447/555/121 446/3005/529 445/556/122
f 448/558/124 446/3006/529 447/559/121
f 449/561/126 452/2581/456 453/562/127
f 454/564/129 453/3007/547 452/565/130
f 455/567/132 453/3007/547 454/564/129
f 456/569/134 459/2583/459 460/570/135
f 461/572/137 460/3008/531 459/573/138
f 462/575/140 460/3008/531 461/572/137
f 463/577/142 466/3009/548 467/578/143
f 468/580/145 467/3010/532 466/581/146
f 469/583/148 467/3010/532 468/580/145
f 470/585/150 473/2587/472 474/586/151
f 475/588/153 474/3011/533 473/589/154
f 476/591/156 474/3011/533 475/588/153
f 477/593/158 480/3012/476 481/594/159
f 482/596/161 481/3013/534 480/597/162
f 483/599/164 481/3013/534 482/596/161
f 484/601/166 487/3014/477 488/602/167
f 489/604/169 488/3015/535 487/605/170
f 490/607/172 488/3015/535 489/604/169
f 491/609/174 494/2588/460 495/610/175
f 496/612/177 495/3016/536 494/613/178
f 497/615/180 495/3016/536 496/612/177
f 498/617/182 501/2589/461 502/618/183
f 503/620/185 502/3017/537 501/621/186
f 504/623/188 502/3017/537 503/620/185
f 505/625/190 508/3018/478 509/626/191
f 510/628/193 509/3019/538 508/629/194
f 511/631/196 509/3020/538 510/632/193
f 512/634/198 515/3021/480 516/635/199
f 517/637/201 516/3022/539 515/638/202
f 518/640/204 516/3023/539 517/641/201
f 519/643/206 522/2590/473 523/644/207
f 524/646/209 523/3024/540 522/647/210
f 525/649/212 523/3024/540 524/646/209
f 526/651/214 529/3025/541 530/652/215
f 531/654/217 530/3026/542 529/655/218
f 532/657/220 530/3026/542 531/654/217
f 533/659/222 536/2591/474 537/660/223
f 538/662/225 537/3027/543 536/663/226
f 539/665/228 537/3027/543 538/662/225
f 540/667/230 543/2593/475 544/668/231
f 545/670/233 544/3028/544 543/671/234
f 546/673/236 544/3028/544 545/670/233
f 547/675/238 550/2592/462 551/676/239
f 552/678/241 551/3029/545 550/679/242
f 553/681/244 551/3030/545 552/682/241
f 554/684/246 557/3031/464 558/685/247
f 559/687/249 558/3032/546 557/688/250
f 560/690/252 558/3033/546 559/691/249
f 561/693/1 564/2614/444 565/694/2
f 562/696/4 566/2598/428 565/697/5
f 563/699/7 567/2597/465 565/700/73
f 568/702/10 571/3034/447 572/703/74
f 569/705/13 573/2600/429 572/706/14
f 570/708/16 574/2599/449 572/709/75
f 575/711/19 578/2596/427 579/712/20
f 576/714/22 580/2603/432 579/715/77
f 577/717/25 581/3035/434 579/718/26
f 582/720/28 585/2605/435 586/721/29
f 583/723/31 587/2602/431 586/724/79
f 584/726/34 588/2601/450 586/727/80
f 589/729/37 592/2608/439 593/730/38
f 590/732/40 594/2613/443 593/733/256
f 591/735/43 595/2615/445 593/736/44
f 596/738/46 599/2616/446 600/739/47
f 597/741/49 601/2612/442 600/742/90
f 598/744/52 602/2611/467 600/745/85
f 603/747/55 606/2604/433 607/748/56
f 604/750/58 608/2607/438 607/751/86
f 605/753/61 609/2609/454 607/754/257
f 610/756/64 613/2610/440 614/757/65
f 611/759/67 615/2606/437 614/760/87
f 612/762/70 616/3036/436 614/763/88
f 617/765/1 620/2634/444 621/766/2
f 618/768/4 622/2619/428 621/769/5
f 619/771/7 623/2618/465 621/772/73
f 624/774/10 627/2636/447 628/775/74
f 625/777/13 629/2621/429 628/778/14
f 626/780/16 630/2620/449 628/781/75
f 631/783/19 634/2617/427 635/784/261
f 632/786/22 636/3037/432 635/787/77
f 633/789/25 637/2625/434 635/790/26
f 638/792/28 641/2626/435 642/793/29
f 639/795/31 643/2623/431 642/796/79
f 640/798/34 644/2622/450 642/799/80
f 645/801/37 648/2629/439 649/802/38
f 646/804/40 650/3038/443 649/805/256
f 647/807/43 651/3039/445 649/808/44
f 652/810/46 655/2635/446 656/811/47
f 653/813/49 657/2633/442 656/814/90
f 654/816/52 658/2632/467 656/817/85
f 659/819/55 662/2624/433 663/820/91
f 660/822/58 664/3040/438 663/823/59
f 661/825/61 665/2630/454 663/826/257
f 666/828/64 669/2631/440 670/829/65
f 667/831/67 671/2628/437 670/832/87
f 668/834/70 672/2627/436 670/835/93
f 673/837/94 676/2652/463 677/838/95
f 678/840/97 677/3041/526 676/841/98
f 679/843/100 677/3041/526 678/840/97
f 680/845/102 683/3042/471 684/846/103
f 685/848/105 684/3043/527 683/849/106
f 686/851/108 684/3043/527 685/848/105
f 687/853/110 690/3044/470 691/854/111
f 692/856/113 691/3045/528 690/857/114
f 693/859/116 691/3046/528 692/860/113
f 694/862/118 697/2637/457 698/863/119
f 699/865/121 698/3047/529 697/866/122
f 700/868/124 698/3048/529 699/869/121
f 701/871/126 704/3049/456 705/872/127
f 706/874/129 705/3050/530 704/875/130
f 707/877/132 705/3050/530 706/874/129
f 708/879/134 711/2639/459 712/880/135
f 713/882/137 712/3051/531 711/883/138
f 714/885/140 712/3051/531 713/882/137
f 715/887/142 718/2638/458 719/888/143
f 720/890/145 719/3052/532 718/891/146
f 721/893/148 719/3052/532 720/890/145
f 722/895/150 725/3053/472 726/896/151
f 727/898/153 726/3054/533 725/899/154
f 728/901/156 726/3054/533 727/898/153
f 729/903/158 732/2641/476 733/904/159
f 734/906/161 733/3055/534 732/907/162
f 735/909/164 733/3055/534 734/906/161
f 736/911/166 739/2644/477 740/912/167
f 741/914/169 740/3056/535 739/915/170
f 742/917/172 740/3056/535 741/914/169
f 743/919/174 746/3057/460 747/920/175
f 748/922/177 747/3058/536 746/923/178
f 749/925/180 747/3058/536 748/922/177
f 750/927/182 753/2646/461 754/928/183
f 755/930/185 754/3059/537 753/931/186
f 756/933/188 754/3059/537 755/930/185
f 757/935/190 760/2645/478 761/936/191
f 762/938/193 761/3060/538 760/939/194
f 763/941/196 761/3061/538 762/942/193
f 764/944/198 767/3062/480 768/945/199
f 769/947/201 768/3063/539 767/948/202
f 770/950/204 768/3064/539 769/951/201
f 771/953/206 774/2647/473 775/954/207
f 776/956/209 775/3065/549 774/957/210
f 777/959/212 775/3065/549 776/956/209
f 778/961/214 781/2649/479 782/962/215
f 783/964/217 782/3066/550 781/965/218
f 784/967/220 782/3066/550 783/964/217
f 785/969/222 788/2648/474 789/970/223
f 790/972/225 789/3067/551 788/973/226
f 791/975/228 789/3067/551 790/972/225
f 792/977/230 795/3068/475 796/978/231
f 797/980/233 796/3069/552 795/981/234
f 798/983/236 796/3069/552 797/980/233
f 799/985/238 802/2650/462 803/986/239
f 804/988/241 803/3070/545 802/989/242
f 805/991/244 803/3071/545 804/992/241
f 806/994/246 809/2653/464 810/995/247
f 811/997/249 810/3072/546 809/998/250
f 812/1000/252 810/3073/546 811/1001/249
f 813/1003/1 816/2674/444 817/1004/2
f 814/1006/4 818/2656/428 817/1007/5
f 815/1009/7 819/2655/465 817/1010/73
f 820/1012/10 823/2677/447 824/1013/74
f 821/1015/13 825/2658/429 824/1016/14
f 822/1018/16 826/2657/449 824/1019/75
f 827/1021/19 830/2654/427 831/1022/20
f 828/1024/22 832/2661/432 831/1025/77
f 829/1027/25 833/2663/434 831/1028/26
f 834/1030/28 837/2664/435 838/1031/29
f 835/1033/31 839/2660/431 838/1034/79
f 836/1036/34 840/2659/450 838/1037/80
f 841/1039/37 844/2668/439 845/1040/38
f 842/1042/40 846/2673/443 845/1043/256
f 843/1045/43 847/2675/445 845/1046/44
f 848/1048/46 851/2676/446 852/1049/47
f 849/1051/49 853/2672/442 852/1052/90
f 850/1054/52 854/2671/467 852/1055/85
f 855/1057/55 858/2662/433 859/1058/56
f 856/1060/58 860/2667/438 859/1061/59
f 857/1063/61 861/2669/454 859/1064/257
f 862/1066/64 865/2670/440 866/1067/65
f 863/1069/67 867/2666/437 866/1070/87
f 864/1072/70 868/2665/436 866/1073/93
f 869/1075/1 872/2695/444 873/1076/2
f 870/1078/4 874/2680/428 873/1079/5
f 871/1081/7 875/2679/465 873/1082/73
f 876/1084/10 879/2698/447 880/1085/74
f 877/1087/13 881/2682/429 880/1088/14
f 878/1090/16 882/2681/449 880/1091/75
f 883/1093/19 886/2678/427 887/1094/261
f 884/1096/22 888/3074/432 887/1097/77
f 885/1099/25 889/2686/434 887/1100/26
f 890/1102/28 893/2687/435 894/1103/29
f 891/1105/31 895/2684/431 894/1106/79
f 892/1108/34 896/2683/450 894/1109/80
f 897/1111/37 900/2690/439 901/1112/38
f 898/1114/40 902/3075/443 901/1115/256
f 899/1117/43 903/2696/445 901/1118/44
f 904/1120/46 907/2697/446 908/1121/47
f 905/1123/49 909/2694/442 908/1124/90
f 906/1126/52 910/2693/467 908/1127/85
f 911/1129/55 914/2685/433 915/1130/91
f 912/1132/58 916/3076/438 915/1133/59
f 913/1135/61 917/2691/454 915/1136/257
f 918/1138/64 921/2692/440 922/1139/65
f 919/1141/67 923/2689/437 922/1142/87
f 920/1144/70 924/2688/436 922/1145/93
f 925/1147/94 928/2711/463 929/1148/268
f 930/1150/97 929/3077/526 928/1151/98
f 931/1153/100 929/3077/526 930/1150/97
f 932/1155/102 935/3078/471 936/1156/269
f 937/1158/105 936/3079/527 935/1159/106
f 938/1161/108 936/3079/527 937/1158/105
f 939/1163/110 942/3080/470 943/1164/111
f 944/1166/113 943/3081/528 942/1167/114
f 945/1169/116 943/3082/528 944/1170/113
f 946/1172/118 949/2699/457 950/1173/119
f 951/1175/121 950/3083/529 949/1176/122
f 952/1178/124 950/3084/529 951/1179/121
f 953/1181/126 956/3085/456 957/1182/127
f 958/1184/129 957/3086/530 956/1185/130
f 959/1187/132 957/3086/530 958/1184/129
f 960/1189/134 963/2700/459 964/1190/135
f 965/1192/137 964/3087/531 963/1193/138
f 966/1195/140 964/3087/531 965/1192/137
f 967/1197/142 970/3088/458 971/1198/143
f 972/1200/145 971/3089/532 970/1201/146
f 973/1203/148 971/3089/532 972/1200/145
f 974/1205/150 977/2704/472 978/1206/151
f 979/1208/153 978/3090/533 977/1209/154
f 980/1211/156 978/3090/533 979/1208/153
f 981/1213/158 984/3091/476 985/1214/159
f 986/1216/161 985/3092/534 984/1217/162
f 987/1219/164 985/3092/534 986/1216/161
f 988/1221/166 991/2705/477 992/1222/167
f 993/1224/169 992/3093/535 991/1225/170
f 994/1227/172 992/3093/535 993/1224/169
f 995/1229/174 998/3094/460 999/1230/175
f 1000/1232/177 999/3095/536 998/1233/178
f 1001/1235/180 999/3095/536 1000/1232/177
f 1002/1237/182 1005/2706/461 1006/1238/183
f 1007/1240/185 1006/3096/537 1005/1241/186
f 1008/1243/188 1006/3096/537 1007/1240/185
f 1009/1245/190 1012/3097/478 1013/1246/191
f 1014/1248/193 1013/3098/538 1012/1249/194
f 1015/1251/196 1013/3099/538 1014/1252/193
f 1016/1254/198 1019/2707/480 1020/1255/199
f 1021/1257/201 1020/3100/539 1019/1258/202
f 1022/1260/204 1020/3101/539 1021/1261/201
f 1023/1263/206 1026/3102/473 1027/1264/207
f 1028/1266/209 1027/3103/549 1026/1267/210
f 1029/1269/212 1027/3103/549 1028/1266/209
f 1030/1271/214 1033/2708/479 1034/1272/215
f 1035/1274/217 1034/3104/550 1033/1275/218
f 1036/1277/220 1034/3104/550 1035/1274/217
f 1037/1279/222 1040/3105/474 1041/1280/223
f 1042/1282/225 1041/3106/551 1040/1283/226
f 1043/1285/228 1041/3106/551 1042/1282/225
f 1044/1287/230 1047/2709/475 1048/1288/231
f 1049/1290/233 1048/3107/552 1047/1291/234
f 1050/1293/236 1048/3107/552 1049/1290/233
f 1051/1295/238 1054/3108/462 1055/1296/239
f 1056/1298/241 1055/3109/545 1054/1299/242
f 1057/1301/244 1055/3110/545 1056/1302/241
f 1058/1304/246 1061/2712/464 1062/1305/247
f 1063/1307/249 1062/3111/546 1061/1308/250
f 1064/1310/252 1062/3112/546 1063/1311/249
f 1065/1313/1 1068/2732/444 1069/1314/2
f 1066/1316/4 1070/2715/428 1069/1317/5
f 1067/1319/7 1071/2714/465 1069/1320/73
f 1072/1322/10 1075/3113/447 1076/1323/74
f 1073/1325/13 1077/2717/429 1076/1326/14
f 1074/1328/16 1078/2716/449 1076/1329/75
f 1079/1331/19 1082/2713/427 1083/1332/20
f 1080/1334/22 1084/2720/432 1083/1335/77
f 1081/1337/25 1085/2722/434 1083/1338/255
f 1086/1340/28 1089/2723/435 1090/1341/29
f 1087/1343/31 1091/2719/431 1090/1344/272
f 1088/1346/34 1092/2718/450 1090/1347/80
f 1093/1349/37 1096/2726/439 1097/1350/38
f 1094/1352/40 1098/2731/443 1097/1353/256
f 1095/1355/43 1099/3114/445 1097/1356/44
f 1100/1358/46 1103/2733/446 1104/1359/47
f 1101/1361/49 1105/2730/442 1104/1362/90
f 1102/1364/52 1106/2729/467 1104/1365/85
f 1107/1367/55 1110/2721/433 1111/1368/56
f 1108/1370/58 1112/2725/438 1111/1371/59
f 1109/1373/61 1113/2727/454 1111/1374/257
f 1114/1376/64 1117/2728/440 1118/1377/65
f 1115/1379/67 1119/2724/437 1118/1380/87
f 1116/1382/70 1120/3115/436 1118/1383/93
f 1121/1385/1 1124/2750/444 1125/1386/2
f 1122/1388/4 1126/2736/428 1125/1389/5
f 1123/1391/7 1127/2735/465 1125/1392/73
f 1128/1394/10 1131/3116/447 1132/1395/74
f 1129/1397/13 1133/2738/429 1132/1398/14
f 1130/1400/16 1134/2737/449 1132/1401/75
f 1135/1403/19 1138/2734/427 1139/1404/261
f 1136/1406/22 1140/3117/432 1139/1407/77
f 1137/1409/25 1141/3118/434 1139/1410/26
f 1142/1412/28 1145/2742/435 1146/1413/29
f 1143/1415/31 1147/2740/431 1146/1416/79
f 1144/1418/34 1148/2739/450 1146/1419/80
f 1149/1421/37 1152/2745/439 1153/1422/38
f 1150/1424/40 1154/3119/443 1153/1425/256
f 1151/1427/43 1155/2751/445 1153/1428/44
f 1156/1430/46 1159/2752/446 1160/1431/47
f 1157/1433/49 1161/2749/442 1160/1434/90
f 1158/1436/52 1162/2748/467 1160/1437/85
f 1163/1439/55 1166/2741/433 1167/1440/91
f 1164/1442/58 1168/3120/438 1167/1443/59
f 1165/1445/61 1169/2746/454 1167/1446/257
f 1170/1448/64 1173/2747/440 1174/1449/65
f 1171/1451/67 1175/2744/437 1174/1452/87
f 1172/1454/70 1176/2743/436 1174/1455/93
f 1177/1457/94 1180/2768/463 1181/1458/95
f 1182/1460/97 1181/3121/526 1180/1461/98
f 1183/1463/100 1181/3121/526 1182/1460/97
f 1184/1465/102 1187/3122/471 1188/1466/103
f 1189/1468/105 1188/3123/527 1187/1469/106
f 1190/1471/108 1188/3123/527 1189/1468/105
f 1191/1473/110 1194/3124/470 1195/1474/111
f 1196/1476/113 1195/3125/528 1194/1477/114
f 1197/1479/116 1195/3126/528 1196/1480/113
f 1198/1482/118 1201/2753/457 1202/1483/119
f 1203/1485/121 1202/3127/529 1201/1486/122
f 1204/1488/124 1202/3128/529 1203/1489/121
f 1205/1491/126 1208/3129/456 1209/1492/127
f 1210/1494/129 1209/3130/530 1208/1495/130
f 1211/1497/132 1209/3130/530 1210/1494/129
f 1212/1499/134 1215/2755/459 1216/1500/135
f 1217/1502/137 1216/3131/531 1215/1503/138
f 1218/1505/140 1216/3131/531 1217/1502/137
f 1219/1507/142 1222/2754/458 1223/1508/143
f 1224/1510/145 1223/3132/532 1222/1511/146
f 1225/1513/148 1223/3132/532 1224/1510/145
f 1226/1515/150 1229/2759/472 1230/1516/151
f 1231/1518/153 1230/3133/533 1229/1519/154
f 1232/1521/156 1230/3133/533 1231/1518/153
f 1233/1523/158 1236/3134/476 1237/1524/159
f 1238/1526/161 1237/3135/534 1236/1527/162
f 1239/1529/164 1237/3135/534 1238/1526/161
f 1240/1531/166 1243/2760/477 1244/1532/167
f 1245/1534/169 1244/3136/535 1243/1535/170
f 1246/1537/172 1244/3136/535 1245/1534/169
f 1247/1539/174 1250/3137/460 1251/1540/175
f 1252/1542/177 1251/3138/536 1250/1543/178
f 1253/1545/180 1251/3138/536 1252/1542/177
f 1254/1547/182 1257/2762/461 1258/1548/183
f 1259/1550/185 1258/3139/537 1257/1551/186
f 1260/1553/188 1258/3139/537 1259/1550/185
f 1261/1555/190 1264/2761/478 1265/1556/191
f 1266/1558/193 1265/3140/538 1264/1559/194
f 1267/1561/196 1265/3141/538 1266/1562/193
f 1268/1564/198 1271/2764/480 1272/1565/199
f 1273/1567/201 1272/3142/539 1271/1568/202
f 1274/1570/204 1272/3143/539 1273/1571/201
f 1275/1573/206 1278/2763/473 1279/1574/207
f 1280/1576/209 1279/3144/549 1278/1577/210
f 1281/1579/212 1279/3144/549 1280/1576/209
f 1282/1581/214 1285/2765/479 1286/1582/215
f 1287/1584/217 1286/3145/550 1285/1585/218
f 1288/1587/220 1286/3145/550 1287/1584/217
f 1289/1589/222 1292/3146/474 1293/1590/223
f 1294/1592/225 1293/3147/551 1292/1593/226
f 1295/1595/228 1293/3147/551 1294/1592/225
f 1296/1597/230 1299/3148/475 1300/1598/231
f 1301/1600/233 1300/3149/552 1299/1601/234
f 1302/1603/236 1300/3149/552 1301/1600/233
f 1303/1605/238 1306/2766/462 1307/1606/239
f 1308/1608/241 1307/3150/545 1306/1609/242
f 1309/1611/244 1307/3151/545 1308/1612/241
f 1310/1614/246 1313/2769/464 1314/1615/247
f 1315/1617/249 1314/3152/546 1313/1618/250
f 1316/1620/252 1314/3153/546 1315/1621/249
f 1317/1623/1 1320/2790/444 1321/1624/2
f 1318/1626/4 1322/2772/428 1321/1627/5
f 1319/1629/7 1323/2771/465 1321/1630/73
f 1324/1632/10 1327/2792/447 1328/1633/74
f 1325/1635/13 1329/2774/429 1328/1636/14
f 1326/1638/16 1330/2773/449 1328/1639/75
f 1331/1641/19 1334/2770/427 1335/1642/20
f 1332/1644/22 1336/2777/432 1335/1645/77
f 1333/1647/25 1337/2779/434 1335/1648/26
f 1338/1650/28 1341/2780/435 1342/1651/29
f 1339/1653/31 1343/2776/431 1342/1654/79
f 1340/1656/34 1344/2775/450 1342/1657/80
f 1345/1659/37 1348/2784/439 1349/1660/38
f 1346/1662/40 1350/2789/443 1349/1663/41
f 1347/1665/43 1351/3154/445 1349/1666/82
f 1352/1668/46 1355/2791/446 1356/1669/47
f 1353/1671/49 1357/2788/442 1356/1672/90
f 1354/1674/52 1358/2787/441 1356/1675/85
f 1359/1677/55 1362/2778/433 1363/1678/56
f 1360/1680/58 1364/2783/453 1363/1681/86
f 1361/1683/61 1365/2785/454 1363/1684/62
f 1366/1686/64 1369/2786/440 1370/1687/65
f 1367/1689/67 1371/2782/452 1370/1690/87
f 1368/1692/70 1372/2781/436 1370/1693/93
f 1373/1695/1 1376/2810/444 1377/1696/259
f 1374/1698/4 1378/2795/428 1377/1699/5
f 1375/1701/7 1379/2794/465 1377/1702/73
f 1380/1704/10 1383/2813/447 1384/1705/74
f 1381/1707/13 1385/2797/429 1384/1708/14
f 1382/1710/16 1386/2796/449 1384/1711/75
f 1387/1713/19 1390/2793/427 1391/1714/261
f 1388/1716/22 1392/3155/432 1391/1717/77
f 1389/1719/25 1393/2801/434 1391/1720/26
f 1394/1722/28 1397/2802/435 1398/1723/29
f 1395/1725/31 1399/2799/431 1398/1726/79
f 1396/1728/34 1400/2798/450 1398/1729/80
f 1401/1731/37 1404/2805/481 1405/1732/263
f 1402/1734/40 1406/3156/443 1405/1735/41
f 1403/1737/43 1407/2811/445 1405/1738/44
f 1408/1740/46 1411/2812/446 1412/1741/47
f 1409/1743/49 1413/2809/442 1412/1744/90
f 1410/1746/52 1414/2808/441 1412/1747/85
f 1415/1749/55 1418/2800/433 1419/1750/91
f 1416/1752/58 1420/3157/438 1419/1753/59
f 1417/1755/61 1421/2806/455 1419/1756/257
f 1422/1758/64 1425/2807/440 1426/1759/65
f 1423/1761/67 1427/2804/452 1426/1762/87
f 1424/1764/70 1428/2803/436 1426/1765/93
f 1429/1767/94 1432/2825/463 1433/1768/95
f 1434/1770/97 1433/3158/526 1432/1771/98
f 1435/1773/100 1433/3158/526 1434/1770/97
f 1436/1775/102 1439/3159/471 1440/1776/103
f 1441/1778/105 1440/3160/527 1439/1779/106
f 1442/1781/108 1440/3160/527 1441/1778/105
f 1443/1783/110 1446/3161/470 1447/1784/111
f 1448/1786/113 1447/3162/528 1446/1787/114
f 1449/1789/116 1447/3163/528 1448/1790/113
f 1450/1792/118 1453/2815/457 1454/1793/119
f 1455/1795/121 1454/3164/529 1453/1796/122
f 1456/1798/124 1454/3165/529 1455/1799/121
f 1457/1801/126 1460/2814/456 1461/1802/127
f 1462/1804/129 1461/3166/547 1460/1805/130
f 1463/1807/132 1461/3166/547 1462/1804/129
f 1464/1809/134 1467/3167/553 1468/1810/274
f 1469/1812/137 1468/3168/554 1467/1813/138
f 1470/1815/140 1468/3168/554 1469/1812/137
f 1471/1817/142 1474/2816/458 1475/1818/143
f 1476/1820/145 1475/3169/555 1474/1821/146
f 1477/1823/148 1475/3169/555 1476/1820/145
f 1478/1825/150 1481/2820/472 1482/1826/151
f 1483/1828/153 1482/3170/556 1481/1829/154
f 1484/1831/156 1482/3170/556 1483/1828/153
f 1485/1833/158 1488/3171/476 1489/1834/159
f 1490/1836/161 1489/3172/534 1488/1837/162
f 1491/1839/164 1489/3172/534 1490/1836/161
f 1492/1841/166 1495/3173/477 1496/1842/167
f 1497/1844/169 1496/3174/535 1495/1845/170
f 1498/1847/172 1496/3174/535 1497/1844/169
f 1499/1849/174 1502/3175/460 1503/1850/175
f 1504/1852/177 1503/3176/536 1502/1853/178
f 1505/1855/180 1503/3176/536 1504/1852/177
f 1506/1857/182 1509/2821/461 1510/1858/183
f 1511/1860/185 1510/3177/537 1509/1861/186
f 1512/1863/188 1510/3177/537 1511/1860/185
f 1513/1865/190 1516/3178/478 1517/1866/191
f 1518/1868/193 1517/3179/538 1516/1869/194
f 1519/1871/196 1517/3180/538 1518/1872/193
f 1520/1874/198 1523/3181/480 1524/1875/199
f 1525/1877/201 1524/3182/539 1523/1878/202
f 1526/1880/204 1524/3183/539 1525/1881/201
f 1527/1883/206 1530/2822/473 1531/1884/207
f 1532/1886/209 1531/3184/549 1530/1887/210
f 1533/1889/212 1531/3184/549 1532/1886/209
f 1534/1891/214 1537/2823/479 1538/1892/215
f 1539/1894/217 1538/3185/550 1537/1895/218
f 1540/1897/220 1538/3185/550 1539/1894/217
f 1541/1899/222 1544/3186/557 1545/1900/223
f 1546/1902/225 1545/3187/551 1544/1903/226
f 1547/1905/228 1545/3187/551 1546/1902/225
f 1548/1907/230 1551/3188/475 1552/1908/231
f 1553/1910/233 1552/3189/552 1551/1911/234
f 1554/1913/236 1552/3189/552 1553/1910/233
f 1555/1915/238 1558/3190/462 1559/1916/239
f 1560/1918/241 1559/3191/545 1558/1919/242
f 1561/1921/244 1559/3192/545 1560/1922/241
f 1562/1924/246 1565/3193/464 1566/1925/247
f 1567/1927/249 1566/3194/546 1565/1928/250
f 1568/1930/252 1566/3195/546 1567/1931/249
f 1569/1933/1 1572/2844/444 1573/1934/2
f 1570/1936/4 1574/2828/448 1573/1937/254
f 1571/1939/7 1575/2827/465 1573/1940/8
f 1576/1942/10 1579/2847/482 1580/1943/276
f 1577/1945/13 1581/2830/429 1580/1946/14
f 1578/1948/16 1582/2829/466 1580/1949/75
f 1583/1951/19 1586/2826/427 1587/1952/20
f 1584/1954/22 1588/2833/432 1587/1955/23
f 1585/1957/25 1589/2835/434 1587/1958/255
f 1590/1960/28 1593/2836/435 1594/1961/29
f 1591/1963/31 1595/2832/431 1594/1964/272
f 1592/1966/34 1596/2831/430 1594/1967/80
f 1597/1969/37 1600/2840/439 1601/1970/38
f 1598/1972/40 1602/3196/443 1601/1973/256
f 1599/1975/43 1603/2845/445 1601/1976/44
f 1604/1978/46 1607/2846/446 1608/1979/47
f 1605/1981/49 1609/2843/442 1608/1982/90
f 1606/1984/52 1610/2842/467 1608/1985/85
f 1611/1987/55 1614/2834/433 1615/1988/56
f 1612/1990/58 1616/2839/453 1615/1991/59
f 1613/1993/61 1617/3197/454 1615/1994/257
f 1618/1996/64 1621/2841/440 1622/1997/65
f 1619/1999/67 1623/2838/437 1622/2000/87
f 1620/2002/70 1624/2837/451 1622/2003/93
f 1625/2005/1 1628/2865/444 1629/2006/2
f 1626/2008/4 1630/2850/428 1629/2009/5
f 1627/2011/7 1631/2849/469 1629/2012/8
f 1632/2014/10 1635/2868/447 1636/2015/74
f 1633/2017/13 1637/2852/429 1636/2018/14
f 1634/2020/16 1638/2851/449 1636/2021/75
f 1639/2023/19 1642/2848/468 1643/2024/261
f 1640/2026/22 1644/3198/432 1643/2027/23
f 1641/2029/25 1645/2856/434 1643/2030/26
f 1646/2032/28 1649/2857/435 1650/2033/29
f 1647/2035/31 1651/2854/431 1650/2036/79
f 1648/2038/34 1652/2853/430 1650/2039/80
f 1653/2041/37 1656/2860/439 1657/2042/38
f 1654/2044/40 1658/3199/443 1657/2045/256
f 1655/2047/43 1659/2866/445 1657/2048/277
f 1660/2050/46 1663/2867/446 1664/2051/47
f 1661/2053/49 1665/2864/442 1664/2054/90
f 1662/2056/52 1666/2863/467 1664/2057/85
f 1667/2059/55 1670/2855/433 1671/2060/91
f 1668/2062/58 1672/3200/438 1671/2063/59
f 1669/2065/61 1673/2861/454 1671/2066/257
f 1674/2068/64 1677/2862/440 1678/2069/65
f 1675/2071/67 1679/2859/437 1678/2072/87
f 1676/2074/70 1680/2858/436 1678/2075/93
f 1681/2077/94 1684/2884/463 1685/2078/95
f 1686/2080/97 1685/3201/526 1684/2081/98
f 1687/2083/100 1685/3201/526 1686/2080/97
f 1688/2085/102 1691/2869/471 1692/2086/103
f 1693/2088/105 1692/3202/527 1691/2089/106
f 1694/2091/108 1692/3202/527 1693/2088/105
f 1695/2093/110 1698/3203/470 1699/2094/111
f 1700/2096/113 1699/3204/528 1698/2097/114
f 1701/2099/116 1699/3205/528 1700/2100/113
f 1702/2102/118 1705/3206/457 1706/2103/119
f 1707/2105/121 1706/3207/529 1705/2106/122
f 1708/2108/124 1706/3208/529 1707/2109/121
f 1709/2111/126 1712/3209/456 1713/2112/127
f 1714/2114/129 1713/3210/547 1712/2115/130
f 1715/2117/132 1713/3210/547 1714/2114/129
f 1716/2119/134 1719/3211/553 1720/2120/274
f 1721/2122/137 1720/3212/554 1719/2123/138
f 1722/2125/140 1720/3212/554 1721/2122/137
f 1723/2127/142 1726/2870/458 1727/2128/143
f 1728/2130/145 1727/3213/555 1726/2131/146
f 1729/2133/148 1727/3213/555 1728/2130/145
f 1730/2135/150 1733/2875/472 1734/2136/151
f 1735/2138/153 1734/3214/556 1733/2139/154
f 1736/2141/156 1734/3214/556 1735/2138/153
f 1737/2143/158 1740/2872/476 1741/2144/159
f 1742/2146/161 1741/3215/534 1740/2147/162
f 1743/2149/164 1741/3215/534 1742/2146/161
f 1744/2151/166 1747/2877/477 1748/2152/167
f 1749/2154/169 1748/3216/535 1747/2155/170
f 1750/2157/172 1748/3216/535 1749/2154/169
f 1751/2159/174 1754/2876/460 1755/2160/175
f 1756/2162/177 1755/3217/536 1754/2163/178
f 1757/2165/180 1755/3217/536 1756/2162/177
f 1758/2167/182 1761/2878/461 1762/2168/183
f 1763/2170/185 1762/3218/537 1761/2171/186
f 1764/2173/188 1762/3218/537 1763/2170/185
f 1765/2175/190 1768/3219/478 1769/2176/191
f 1770/2178/193 1769/3220/538 1768/2179/194
f 1771/2181/196 1769/3221/538 1770/2182/193
f 1772/2184/198 1775/2880/480 1776/2185/199
f 1777/2187/201 1776/3222/539 1775/2188/202
f 1778/2190/204 1776/3223/539 1777/2191/201
f 1779/2193/206 1782/2879/473 1783/2194/207
f 1784/2196/209 1783/3224/549 1782/2197/210
f 1785/2199/212 1783/3224/549 1784/2196/209
f 1786/2201/214 1789/2881/479 1790/2202/215
f 1791/2204/217 1790/3225/550 1789/2205/218
f 1792/2207/220 1790/3225/550 1791/2204/217
f 1793/2209/222 1796/3226/474 1797/2210/223
f 1798/2212/225 1797/3227/551 1796/2213/226
f 1799/2215/228 1797/3227/551 1798/2212/225
f 1800/2217/230 1803/2882/475 1804/2218/231
f 1805/2220/233 1804/3228/552 1803/2221/234
f 1806/2223/236 1804/3228/552 1805/2220/233
f 1807/2225/238 1810/3229/462 1811/2226/239
f 1812/2228/241 1811/3230/545 1810/2229/242
f 1813/2231/244 1811/3231/545 1812/2232/241
f 1814/2234/246 1817/3232/464 1818/2235/247
f 1819/2237/249 1818/3233/546 1817/2238/250
f 1820/2240/252 1818/3234/546 1819/2241/249
f 1821/2243/279 1824/2903/501 1825/2244/280
f 1822/2246/282 1826/2886/484 1825/2247/283
f 1823/2249/285 1827/3235/558 1825/2250/286
f 1828/2252/288 1831/2906/504 1832/2253/289
f 1829/2255/291 1833/2888/486 1832/2256/292
f 1830/2258/294 1834/2887/485 1832/2259/295
f 1835/2261/297 1838/2885/483 1839/2262/298
f 1836/2264/300 1840/2891/489 1839/2265/301
f 1837/2267/303 1841/2893/491 1839/2268/304
f 1842/2270/306 1845/2894/492 1846/2271/307
f 1843/2273/309 1847/2890/488 1846/2274/310
f 1844/2276/312 1848/2889/487 1846/2277/313
f 1849/2279/315 1852/2898/496 1853/2280/316
f 1850/2282/318 1854/2902/500 1853/2283/319
f 1851/2285/321 1855/2904/502 1853/2286/322
f 1856/2288/324 1859/2905/503 1860/2289/325
f 1857/2291/327 1861/2901/499 1860/2292/328
f 1858/2294/330 1862/2900/498 1860/2295/331
f 1863/2297/333 1866/2892/490 1867/2298/334
f 1864/2300/336 1868/2897/495 1867/2301/337
f 1865/2303/339 1869/3236/559 1867/2304/340
f 1870/2306/342 1873/2899/497 1874/2307/343
f 1871/2309/345 1875/2896/494 1874/2310/346
f 1872/2312/348 1876/2895/493 1874/2313/349
f 1877/2315/351 1880/2924/522 1881/2316/352
f 1878/2318/354 1882/2909/507 1881/2319/355
f 1879/2321/357 1883/2908/506 1881/2322/358
f 1884/2324/360 1887/2927/525 1888/2325/361
f 1885/2327/363 1889/2911/509 1888/2328/364
f 1886/2330/366 1890/2910/508 1888/2331/367
f 1891/2333/369 1894/2907/505 1895/2334/370
f 1892/2336/372 1896/2913/511 1895/2337/373
f 1893/2339/375 1897/2915/513 1895/2340/376
f 1898/2342/378 1901/2916/514 1902/2343/379
f 1899/2345/381 1903/2912/510 1902/2346/382
f 1900/2348/384 1904/3237/560 1902/2349/385
f 1905/2351/387 1908/2919/517 1909/2352/388
f 1906/2354/390 1910/2923/521 1909/2355/391
f 1907/2357/393 1911/2925/523 1909/2358/394
f 1912/2360/396 1915/2926/524 1916/2361/397
f 1913/2363/399 1917/2922/520 1916/2364/400
f 1914/2366/402 1918/3238/561 1916/2367/403
f 1919/2369/405 1922/2914/512 1923/2370/406
f 1920/2372/408 1924/2918/516 1923/2373/409
f 1921/2375/411 1925/2920/518 1923/2376/412
f 1926/2378/414 1929/2921/519 1930/2379/415
f 1927/2381/417 1931/2917/515 1930/2382/418
f 1928/2384/420 1932/3239/562 1930/2385/421
f 1933/2387/1 1936/2945/444 1937/2388/2
f 1934/2390/4 1938/2929/428 1937/2391/5
f 1935/2393/7 1939/3240/469 1937/2394/8
f 1940/2396/10 1943/2948/447 1944/2397/74
f 1941/2399/13 1945/2931/429 1944/2400/14
f 1942/2402/16 1946/2930/466 1944/2403/17
f 1947/2405/19 1950/2928/427 1951/2406/20
f 1948/2408/22 1952/2934/432 1951/2409/23
f 1949/2411/25 1953/2936/434 1951/2412/26
f 1954/2414/28 1957/2937/435 1958/2415/29
f 1955/2417/31 1959/2933/431 1958/2418/79
f 1956/2420/34 1960/2932/430 1958/2421/423
f 1961/2423/37 1964/2941/439 1965/2424/38
f 1962/2426/40 1966/2944/443 1965/2427/41
f 1963/2429/43 1967/2946/445 1965/2430/44
f 1968/2432/46 1971/2947/446 1972/2433/47
f 1969/2435/49 1973/2943/442 1972/2436/90
f 1970/2438/52 1974/3241/441 1972/2439/53
f 1975/2441/55 1978/2935/433 1979/2442/56
f 1976/2444/58 1980/2940/438 1979/2445/59
f 1977/2447/61 1981/3242/455 1979/2448/62
f 1982/2450/64 1985/2942/440 1986/2451/65
f 1983/2453/67 1987/2939/452 1986/2454/68
f 1984/2456/70 1988/2938/436 1986/2457/93
f 1/1/1 7/3/3 18/2459/427
f 18/24/24 7/2951/469 3/7/7
f 8/10/10 14/12/12 6/2460/428
f 6/9/9 14/2952/449 10/16/16
f 22/28/28 28/30/30 13/2461/429
f 28/2462/430 24/34/34 10/16/16
f 17/25/25 20/27/27 27/2463/431
f 20/2464/432 16/22/22 24/34/34
f 15/19/19 21/21/21 46/2465/433
f 21/2466/434 17/25/25 44/58/58
f 50/64/64 56/66/66 25/2467/435
f 56/2468/436 52/70/70 23/31/31
f 51/67/67 45/61/61 48/63/63
f 48/2470/438 44/58/58 52/70/70
f 43/55/55 49/57/57 32/2471/439
f 32/42/42 49/2953/455 45/61/61
f 36/46/46 42/48/48 53/2472/440
f 42/2473/441 38/52/52 51/67/67
f 31/43/43 34/45/45 41/2474/442
f 34/2475/443 30/40/40 38/52/52
f 29/37/37 35/39/39 4/2476/444
f 35/2477/445 31/43/43 2/4/4
f 9/13/13 11/15/15 39/2478/446
f 11/2479/447 8/10/10 37/49/49
f 57/73/1 63/75/3 74/2480/427
f 74/96/78 63/2954/465 59/79/7
f 64/82/10 70/84/12 62/2481/448
f 70/2482/449 66/88/16 59/79/7
f 78/100/28 84/102/30 69/2483/429
f 84/2484/450 80/106/34 66/88/16
f 73/97/25 76/99/27 83/2485/431
f 83/108/36 76/2955/432 72/94/22
f 99/127/55 71/91/19 77/93/21
f 77/2487/434 73/97/25 100/130/58
f 106/136/64 112/138/66 81/2488/435
f 112/2489/451 108/142/70 79/103/31
f 101/133/61 104/135/63 111/2490/452
f 104/2491/453 100/130/58 108/142/70
f 99/127/55 105/129/57 88/2492/439
f 105/2493/454 101/133/61 86/112/40
f 92/118/46 98/120/48 109/2494/440
f 98/2495/441 94/124/52 107/139/67
f 87/115/43 90/117/83 97/2496/442
f 90/2497/443 86/112/40 94/124/52
f 85/109/37 91/111/39 60/2498/444
f 91/2499/445 87/115/43 58/76/4
f 65/85/13 67/87/15 95/2500/446
f 67/2501/447 64/82/10 93/121/49
f 113/145/1 119/147/3 130/2502/427
f 130/168/24 119/2956/465 115/151/7
f 114/148/4 120/154/10 126/156/12
f 126/2504/449 122/160/16 115/151/7
f 134/172/28 140/174/30 125/2505/429
f 140/2506/450 136/178/34 122/160/16
f 129/169/25 132/171/89 139/2507/431
f 139/180/36 132/2957/432 128/166/22
f 155/199/55 127/163/19 133/165/21
f 133/2509/434 129/169/25 156/202/58
f 162/208/64 168/210/66 137/2510/435
f 168/2511/436 164/214/70 135/175/31
f 157/205/61 160/207/63 167/2512/452
f 167/216/72 160/2959/438 156/202/58
f 155/199/55 161/201/92 144/2513/439
f 161/2514/455 157/205/61 142/184/40
f 148/190/46 154/192/48 165/2515/440
f 154/2516/441 150/196/52 163/211/67
f 143/187/43 146/189/45 153/2517/442
f 153/198/54 146/2958/443 142/184/40
f 141/181/37 147/183/39 116/2518/444
f 147/2519/445 143/187/43 114/148/4
f 121/157/13 123/159/15 151/2520/446
f 123/2521/447 120/154/10 149/193/49
f 184/238/115 186/237/114 175/223/100
f 175/219/96 186/2963/470 183/233/110
f 177/230/107 179/229/106 196/248/124
f 196/244/120 179/2961/471 176/225/102
f 178/232/109 181/228/105 174/220/97
f 181/228/105 177/230/107 171/224/101
f 185/241/117 188/240/113 195/245/121
f 188/236/113 184/238/115 192/250/125
f 185/241/117 198/256/131 200/255/130
f 200/2522/456 197/251/126 183/233/110
f 206/266/141 191/247/123 193/246/122
f 193/2523/457 190/242/118 204/259/134
f 199/258/133 202/254/129 209/262/137
f 202/254/129 198/256/131 206/266/141
f 199/258/133 212/272/147 214/271/146
f 214/2524/458 211/267/142 197/251/126
f 205/264/139 207/263/138 224/281/156
f 207/2525/459 204/259/134 218/275/150
f 213/274/149 216/270/145 223/278/153
f 216/270/145 212/272/147 220/282/157
f 226/2526/163 228/3243/162 217/273/148
f 217/269/144 228/2973/476 225/283/158
f 234/2527/173 219/280/155 221/279/154
f 238/293/168 221/2971/472 218/275/150
f 227/290/165 230/286/161 237/294/169
f 230/286/161 226/288/163 234/298/173
f 227/290/165 240/304/179 242/303/178
f 242/2529/460 239/299/174 225/283/158
f 233/296/171 235/295/170 252/313/188
f 252/309/184 235/2975/477 232/291/166
f 241/306/181 244/302/177 251/310/185
f 244/302/177 240/304/179 248/314/189
f 254/320/195 256/319/194 245/305/180
f 245/301/176 256/2979/478 253/315/190
f 247/312/187 249/311/186 266/330/204
f 249/2530/461 246/307/182 260/324/198
f 255/323/197 258/322/193 265/327/201
f 258/318/193 254/320/195 262/332/205
f 268/338/211 270/337/210 259/321/196
f 259/317/192 270/2985/473 267/333/206
f 276/348/221 261/329/203 263/328/202
f 280/343/216 263/2982/480 260/324/198
f 269/340/213 272/336/209 279/344/217
f 272/336/209 268/338/211 276/348/221
f 282/354/227 284/353/226 273/339/212
f 273/335/208 284/2989/474 281/349/222
f 275/346/219 277/345/218 294/363/236
f 294/359/232 277/2987/541 274/341/214
f 283/356/229 286/352/225 293/360/233
f 286/352/225 282/354/227 290/364/237
f 296/370/243 298/369/242 287/355/228
f 298/2531/462 295/365/238 281/349/222
f 289/362/235 291/361/234 308/380/252
f 308/376/248 291/2991/475 288/357/230
f 297/373/245 300/372/241 307/377/249
f 300/372/241 296/3244/243 304/2532/253
f 297/373/245 170/222/99 172/221/98
f 172/2533/463 169/217/94 295/365/238
f 303/379/251 305/378/250 182/231/108
f 305/2534/464 302/374/246 176/225/102
f 309/383/1 315/385/3 326/2535/427
f 315/2536/465 311/389/7 324/404/22
f 316/392/10 322/394/12 314/2537/448
f 322/2538/466 318/398/16 311/389/7
f 330/410/28 336/412/30 321/2539/429
f 336/2540/430 332/416/34 318/398/16
f 325/407/25 328/409/89 335/2541/431
f 328/2542/432 324/404/22 332/416/34
f 323/401/19 329/403/21 354/2543/433
f 354/442/60 329/2997/434 325/407/25
f 330/410/28 358/446/64 364/448/66
f 364/2545/436 360/452/70 331/413/31
f 353/443/61 356/445/63 363/2546/437
f 356/2547/438 352/440/58 360/452/70
f 351/437/55 357/439/57 340/2548/439
f 357/2549/454 353/443/61 338/422/40
f 344/428/46 350/430/48 361/2550/440
f 350/2551/467 346/434/52 359/449/67
f 339/425/43 342/427/45 349/2552/442
f 342/2553/443 338/422/40 346/434/52
f 309/383/1 337/419/37 343/421/39
f 343/2555/445 339/425/43 310/386/4
f 317/395/13 319/397/15 347/2556/446
f 319/2557/447 316/392/10 345/431/49
f 365/455/1 371/457/260 382/2558/468
f 371/2559/469 367/461/7 380/476/22
f 366/458/4 372/464/10 378/466/12
f 378/2561/449 374/470/16 367/461/7
f 386/482/28 392/484/30 377/2562/429
f 392/2563/430 388/488/34 374/470/16
f 381/479/25 384/481/27 391/2564/431
f 391/490/262 384/2998/432 380/476/22
f 379/473/19 385/475/21 410/2565/433
f 385/2566/434 381/479/25 408/512/58
f 414/518/64 420/520/66 389/2567/435
f 420/2568/436 416/524/70 387/485/31
f 409/515/61 412/517/63 419/2569/437
f 419/526/72 412/3000/438 408/512/58
f 407/509/55 413/511/57 396/2570/439
f 413/2571/454 409/515/61 394/494/40
f 400/500/46 406/502/48 417/2572/440
f 406/2573/467 402/506/52 415/521/67
f 395/497/43 398/499/45 405/2574/442
f 405/508/54 398/2999/443 394/494/40
f 393/491/37 399/493/39 368/2575/444
f 399/2576/445 395/497/43 366/458/4
f 373/467/13 375/469/15 403/2577/446
f 375/2578/447 372/464/10 401/503/49
f 423/534/101 436/548/115 438/547/114
f 438/2579/470 435/543/110 421/527/94
f 444/560/125 429/540/107 431/539/106
f 431/2580/471 428/535/102 442/552/118
f 430/542/109 433/538/105 426/530/97
f 433/538/105 429/540/107 423/534/101
f 437/551/117 440/550/113 447/555/121
f 440/546/113 436/548/115 444/560/125
f 450/566/131 452/565/130 441/549/116
f 452/2581/456 449/561/126 435/543/110
f 443/557/123 445/556/122 462/575/140
f 445/2582/457 442/552/118 456/569/134
f 451/568/133 454/564/129 461/572/137
f 454/564/129 450/566/131 458/576/141
f 451/568/133 464/582/147 466/581/146
f 455/563/128 466/3009/548 463/577/142
f 457/574/139 459/573/138 476/591/156
f 459/2583/459 456/569/134 470/585/150
f 465/584/149 468/580/145 475/588/153
f 468/580/145 464/582/147 472/592/157
f 465/584/149 478/2949/163 480/2584/162
f 469/579/144 480/3012/476 477/593/158
f 486/2585/173 471/590/155 473/589/154
f 473/2587/472 470/585/150 484/601/166
f 479/600/165 482/596/161 489/604/169
f 482/596/161 478/598/163 486/608/173
f 479/600/165 492/614/179 494/613/178
f 494/2588/460 491/609/174 477/593/158
f 485/606/171 487/605/170 504/623/188
f 504/619/184 487/3014/477 484/601/166
f 493/616/181 496/612/177 503/620/185
f 496/612/177 492/614/179 500/624/189
f 506/630/195 508/629/194 497/615/180
f 497/611/176 508/3018/478 505/625/190
f 499/622/187 501/621/186 518/640/204
f 501/2589/461 498/617/182 512/634/198
f 507/633/197 510/632/193 517/637/201
f 510/628/193 506/630/195 514/642/205
f 520/648/211 522/647/210 511/631/196
f 522/2590/473 519/643/206 505/625/190
f 513/639/264 515/638/202 532/657/220
f 532/653/216 515/3021/480 512/634/198
f 521/650/213 524/646/209 531/654/217
f 524/646/209 520/648/211 528/658/221
f 534/664/227 536/663/226 525/649/212
f 536/2591/474 533/659/222 519/643/206
f 542/674/237 527/656/219 529/655/218
f 546/669/232 529/3025/541 526/651/214
f 535/666/229 538/662/225 545/670/233
f 538/662/225 534/664/227 542/674/237
f 548/680/243 550/679/242 539/665/228
f 550/2592/462 547/675/238 533/659/222
f 541/672/235 543/671/234 560/690/252
f 543/2593/475 540/667/230 554/684/246
f 549/683/245 552/682/241 559/687/249
f 552/682/241 548/3245/243 556/2594/253
f 549/683/245 422/532/99 424/531/98
f 424/2595/463 421/527/94 547/675/238
f 555/689/251 557/688/250 434/541/108
f 434/537/104 557/3031/464 554/684/246
f 561/693/1 567/695/3 578/2596/427
f 567/2597/465 563/699/7 576/714/22
f 568/702/10 574/704/12 566/2598/428
f 574/2599/449 570/708/16 563/699/7
f 582/720/28 588/722/30 573/2600/429
f 588/2601/450 584/726/34 570/708/16
f 577/717/25 580/719/27 587/2602/431
f 580/2603/432 576/714/22 584/726/34
f 575/711/19 581/713/21 606/2604/433
f 606/752/60 581/3035/434 577/717/25
f 582/720/28 610/756/64 616/758/66
f 585/725/33 616/3036/436 612/762/70
f 605/753/61 608/755/63 615/2606/437
f 608/2607/438 604/750/58 612/762/70
f 603/747/55 609/749/57 592/2608/439
f 609/2609/454 605/753/61 590/732/40
f 596/738/46 602/740/48 613/2610/440
f 602/2611/467 598/744/52 611/759/67
f 591/735/43 594/737/45 601/2612/442
f 594/2613/443 590/732/40 598/744/52
f 561/693/1 589/729/37 595/731/39
f 595/2615/445 591/735/43 562/696/4
f 569/705/13 571/707/15 599/2616/446
f 599/743/51 571/3034/447 568/702/10
f 617/765/1 623/767/3 634/2617/427
f 623/2618/465 619/771/7 632/786/22
f 618/768/4 624/774/10 630/776/12
f 630/2620/449 626/780/16 619/771/7
f 638/792/28 644/794/30 629/2621/429
f 644/2622/450 640/798/34 626/780/16
f 633/789/25 636/791/27 643/2623/431
f 643/800/36 636/3037/432 632/786/22
f 631/783/19 637/785/21 662/2624/433
f 637/2625/434 633/789/25 660/822/58
f 666/828/64 672/830/66 641/2626/435
f 672/2627/436 668/834/70 639/795/31
f 661/825/61 664/827/63 671/2628/437
f 671/836/72 664/3040/438 660/822/58
f 659/819/55 665/821/57 648/2629/439
f 665/2630/454 661/825/61 646/804/40
f 652/810/46 658/812/48 669/2631/440
f 658/2632/467 654/816/52 667/831/67
f 647/807/43 650/809/45 657/2633/442
f 657/818/54 650/3038/443 646/804/40
f 645/801/37 651/803/39 620/2634/444
f 620/770/6 651/3039/445 647/807/43
f 652/810/46 625/777/13 627/779/15
f 627/2636/447 624/774/10 653/813/49
f 688/858/115 690/857/114 679/843/100
f 679/839/96 690/3044/470 687/853/110
f 696/870/125 681/850/107 683/849/106
f 700/864/120 683/3042/471 680/845/102
f 682/852/109 685/848/105 678/840/97
f 685/848/105 681/850/107 675/844/101
f 689/861/265 692/860/113 699/865/121
f 692/856/113 688/858/115 696/870/125
f 689/861/265 702/876/131 704/875/130
f 693/855/112 704/3049/456 701/871/126
f 695/867/123 697/866/122 714/885/140
f 697/2637/457 694/862/118 708/879/134
f 703/878/133 706/874/129 713/882/137
f 706/874/129 702/876/131 710/886/141
f 716/892/147 718/891/146 707/877/132
f 718/2638/458 715/887/142 701/871/126
f 724/902/157 709/884/139 711/883/138
f 711/2639/459 708/879/134 722/895/150
f 717/894/149 720/890/145 727/898/153
f 720/890/145 716/892/147 724/902/157
f 730/2640/163 732/3246/162 721/893/148
f 732/2641/476 729/903/158 715/887/142
f 738/2642/173 723/900/155 725/899/154
f 742/913/168 725/3053/472 722/895/150
f 731/910/165 734/906/161 741/914/169
f 734/906/161 730/908/163 738/918/173
f 744/924/179 746/923/178 735/909/164
f 735/905/160 746/3057/460 743/919/174
f 752/934/189 737/916/171 739/915/170
f 739/2644/477 736/911/166 750/927/182
f 745/926/181 748/922/177 755/930/185
f 748/922/177 744/924/179 752/934/189
f 745/926/181 758/940/195 760/939/194
f 760/2645/478 757/935/190 743/919/174
f 766/952/205 751/932/187 753/931/186
f 753/2646/461 750/927/182 764/944/198
f 765/949/203 759/943/197 762/942/193
f 762/938/193 758/940/195 766/952/205
f 759/943/197 772/958/211 774/957/210
f 774/2647/473 771/953/206 757/935/190
f 780/968/221 765/949/203 767/948/202
f 784/963/216 767/3062/480 764/944/198
f 773/960/213 776/956/209 783/964/217
f 776/956/209 772/958/211 780/968/221
f 773/960/213 786/974/227 788/973/226
f 788/2648/474 785/969/222 771/953/206
f 779/966/219 781/965/218 798/983/236
f 781/2649/479 778/961/214 792/977/230
f 787/976/229 790/972/225 797/980/233
f 790/972/225 786/974/227 794/984/237
f 800/990/267 802/989/242 791/975/228
f 802/2650/462 799/985/238 785/969/222
f 808/1002/253 793/982/235 795/981/234
f 812/996/248 795/3068/475 792/977/230
f 801/993/245 804/992/241 811/997/249
f 804/992/241 800/3247/267 808/2651/253
f 801/993/245 674/842/99 676/841/98
f 676/2652/463 673/837/94 799/985/238
f 682/852/109 807/999/251 809/998/250
f 809/2653/464 806/994/246 680/845/102
f 813/1003/1 819/1005/3 830/2654/427
f 819/2655/465 815/1009/7 828/1024/22
f 820/1012/10 826/1014/12 818/2656/428
f 826/2657/449 822/1018/16 815/1009/7
f 834/1030/28 840/1032/30 825/2658/429
f 840/2659/450 836/1036/34 822/1018/16
f 829/1027/25 832/1029/27 839/2660/431
f 832/2661/432 828/1024/22 836/1036/34
f 827/1021/19 833/1023/21 858/2662/433
f 833/2663/434 829/1027/25 856/1060/58
f 862/1066/64 868/1068/66 837/2664/435
f 868/2665/436 864/1072/70 835/1033/31
f 857/1063/61 860/1065/63 867/2666/437
f 860/2667/438 856/1060/58 864/1072/70
f 855/1057/55 861/1059/57 844/2668/439
f 861/2669/454 857/1063/61 842/1042/40
f 848/1048/46 854/1050/48 865/2670/440
f 854/2671/467 850/1054/52 863/1069/67
f 843/1045/43 846/1047/45 853/2672/442
f 846/2673/443 842/1042/40 850/1054/52
f 841/1039/37 847/1041/39 816/2674/444
f 847/2675/445 843/1045/43 814/1006/4
f 821/1015/13 823/1017/15 851/2676/446
f 823/2677/447 820/1012/10 849/1051/49
f 869/1075/1 875/1077/3 886/2678/427
f 875/2679/465 871/1081/7 884/1096/22
f 870/1078/4 876/1084/10 882/1086/12
f 882/2681/449 878/1090/16 871/1081/7
f 890/1102/28 896/1104/30 881/2682/429
f 896/2683/450 892/1108/34 878/1090/16
f 885/1099/25 888/1101/27 895/2684/431
f 895/1110/36 888/3074/432 884/1096/22
f 883/1093/19 889/1095/21 914/2685/433
f 889/2686/434 885/1099/25 912/1132/58
f 918/1138/64 924/1140/66 893/2687/435
f 924/2688/436 920/1144/70 891/1105/31
f 913/1135/61 916/1137/63 923/2689/437
f 923/1146/72 916/3076/438 912/1132/58
f 911/1129/55 917/1131/57 900/2690/439
f 917/2691/454 913/1135/61 898/1114/40
f 904/1120/46 910/1122/48 921/2692/440
f 910/2693/467 906/1126/52 919/1141/67
f 899/1117/43 902/1119/45 909/2694/442
f 909/1128/54 902/3075/443 898/1114/40
f 897/1111/37 903/1113/39 872/2695/444
f 903/2696/445 899/1117/43 870/1078/4
f 877/1087/13 879/1089/15 907/2697/446
f 879/2698/447 876/1084/10 905/1123/49
f 940/1168/115 942/1167/114 931/1153/100
f 931/1149/96 942/3080/470 939/1163/110
f 948/1180/125 933/1160/107 935/1159/106
f 952/1174/120 935/3078/471 932/1155/102
f 934/1162/109 937/1158/105 930/1150/97
f 937/1158/105 933/1160/107 927/1154/101
f 941/1171/265 944/1170/113 951/1175/121
f 944/1166/113 940/1168/115 948/1180/125
f 954/1186/131 956/1185/130 945/1169/116
f 945/1165/112 956/3085/456 953/1181/126
f 947/1177/123 949/1176/122 966/1195/140
f 949/2699/457 946/1172/118 960/1189/134
f 955/1188/133 958/1184/129 965/1192/137
f 958/1184/129 954/1186/131 962/1196/141
f 968/1202/147 970/1201/146 959/1187/132
f 959/1183/270 970/3088/458 967/1197/142
f 961/1194/139 963/1193/138 980/1211/156
f 963/2700/459 960/1189/134 974/1205/150
f 969/1204/149 972/1200/145 979/1208/153
f 972/1200/145 968/1202/147 976/1212/157
f 969/1204/149 982/2950/163 984/2701/162
f 973/1199/144 984/3091/476 981/1213/158
f 990/2702/173 975/1210/155 977/1209/154
f 977/2704/472 974/1205/150 988/1221/166
f 983/1220/165 986/1216/161 993/1224/169
f 986/1216/161 982/1218/163 990/1228/173
f 983/1220/165 996/1234/179 998/1233/178
f 987/1215/160 998/3094/460 995/1229/174
f 1004/1244/189 989/1226/171 991/1225/170
f 991/2705/477 988/1221/166 1002/1237/182
f 997/1236/181 1000/1232/177 1007/1240/185
f 1000/1232/177 996/1234/179 1004/1244/189
f 1010/1250/195 1012/1249/194 1001/1235/180
f 1001/1231/176 1012/3097/478 1009/1245/190
f 1003/1242/187 1005/1241/186 1022/1260/204
f 1005/2706/461 1002/1237/182 1016/1254/198
f 1011/1253/197 1014/1252/193 1021/1257/201
f 1014/1248/193 1010/1250/195 1018/1262/205
f 1011/1253/197 1024/1268/211 1026/1267/210
f 1015/1247/192 1026/3102/473 1023/1263/206
f 1017/1259/203 1019/1258/202 1036/1277/220
f 1019/2707/480 1016/1254/198 1030/1271/214
f 1025/1270/213 1028/1266/209 1035/1274/217
f 1028/1266/209 1024/1268/211 1032/1278/221
f 1038/1284/227 1040/1283/226 1029/1269/212
f 1029/1265/271 1040/3105/474 1037/1279/222
f 1031/1276/219 1033/1275/218 1050/1293/236
f 1033/2708/479 1030/1271/214 1044/1287/230
f 1039/1286/229 1042/1282/225 1049/1290/233
f 1042/1282/225 1038/1284/227 1046/1294/237
f 1052/1300/267 1054/1299/242 1043/1285/228
f 1043/1281/224 1054/3108/462 1051/1295/238
f 1060/1312/253 1045/1292/235 1047/1291/234
f 1047/2709/475 1044/1287/230 1058/1304/246
f 1053/1303/245 1056/1302/241 1063/1307/249
f 1056/1302/241 1052/3248/267 1060/2710/253
f 926/1152/99 928/1151/98 1057/1301/244
f 928/2711/463 925/1147/94 1051/1295/238
f 1059/1309/251 1061/1308/250 938/1161/108
f 1061/2712/464 1058/1304/246 932/1155/102
f 1065/1313/1 1071/1315/3 1082/2713/427
f 1071/2714/465 1067/1319/7 1080/1334/22
f 1072/1322/10 1078/1324/12 1070/2715/428
f 1078/2716/449 1074/1328/16 1067/1319/7
f 1086/1340/28 1092/1342/30 1077/2717/429
f 1092/2718/450 1088/1346/34 1074/1328/16
f 1081/1337/25 1084/1339/27 1091/2719/431
f 1084/2720/432 1080/1334/22 1088/1346/34
f 1107/1367/55 1079/1331/19 1085/1333/21
f 1085/2722/434 1081/1337/25 1108/1370/58
f 1114/1376/64 1120/1378/66 1089/2723/435
f 1089/1345/33 1120/3115/436 1116/1382/70
f 1109/1373/61 1112/1375/63 1119/2724/437
f 1112/2725/438 1108/1370/58 1116/1382/70
f 1107/1367/55 1113/1369/57 1096/2726/439
f 1113/2727/454 1109/1373/61 1094/1352/40
f 1100/1358/46 1106/1360/48 1117/2728/440
f 1106/2729/467 1102/1364/52 1115/1379/67
f 1095/1355/43 1098/1357/45 1105/2730/442
f 1098/2731/443 1094/1352/40 1102/1364/52
f 1093/1349/37 1099/1351/39 1068/2732/444
f 1068/1318/6 1099/3114/445 1095/1355/43
f 1100/1358/46 1073/1325/13 1075/1327/15
f 1103/1363/51 1075/3113/447 1072/1322/10
f 1121/1385/1 1127/1387/3 1138/2734/427
f 1127/2735/465 1123/1391/7 1136/1406/22
f 1122/1388/4 1128/1394/10 1134/1396/12
f 1134/2737/449 1130/1400/16 1123/1391/7
f 1142/1412/28 1148/1414/30 1133/2738/429
f 1148/2739/450 1144/1418/34 1130/1400/16
f 1137/1409/25 1140/1411/27 1147/2740/431
f 1147/1420/36 1140/3117/432 1136/1406/22
f 1135/1403/19 1141/1405/21 1166/2741/433
f 1166/1444/60 1141/3118/434 1137/1409/25
f 1170/1448/64 1176/1450/66 1145/2742/435
f 1176/2743/436 1172/1454/70 1143/1415/31
f 1165/1445/61 1168/1447/63 1175/2744/437
f 1175/1456/72 1168/3120/438 1164/1442/58
f 1163/1439/55 1169/1441/57 1152/2745/439
f 1169/2746/454 1165/1445/61 1150/1424/40
f 1156/1430/46 1162/1432/48 1173/2747/440
f 1162/2748/467 1158/1436/52 1171/1451/67
f 1151/1427/43 1154/1429/45 1161/2749/442
f 1161/1438/54 1154/3119/443 1150/1424/40
f 1121/1385/1 1149/1421/37 1155/1423/39
f 1155/2751/445 1151/1427/43 1122/1388/4
f 1129/1397/13 1131/1399/15 1159/2752/446
f 1159/1435/51 1131/3116/447 1128/1394/10
f 1179/1464/101 1192/1478/115 1194/1477/114
f 1183/1459/96 1194/3124/470 1191/1473/110
f 1185/1470/107 1187/1469/106 1204/1488/124
f 1204/1484/120 1187/3122/471 1184/1465/102
f 1186/1472/109 1189/1468/105 1182/1460/97
f 1189/1468/105 1185/1470/107 1179/1464/101
f 1193/1481/265 1196/1480/113 1203/1485/121
f 1196/1476/113 1192/1478/115 1200/1490/125
f 1206/1496/131 1208/1495/130 1197/1479/116
f 1197/1475/112 1208/3129/456 1205/1491/126
f 1199/1487/123 1201/1486/122 1218/1505/140
f 1201/2753/457 1198/1482/118 1212/1499/134
f 1207/1498/133 1210/1494/129 1217/1502/137
f 1210/1494/129 1206/1496/131 1214/1506/141
f 1220/1512/147 1222/1511/146 1211/1497/132
f 1222/2754/458 1219/1507/142 1205/1491/126
f 1213/1504/139 1215/1503/138 1232/1521/156
f 1215/2755/459 1212/1499/134 1226/1515/150
f 1221/1514/149 1224/1510/145 1231/1518/153
f 1224/1510/145 1220/1512/147 1228/1522/157
f 1234/2756/163 1236/3249/162 1225/1513/148
f 1225/1509/144 1236/3134/476 1233/1523/158
f 1227/1520/155 1229/1519/154 1246/2757/172
f 1229/2759/472 1226/1515/150 1240/1531/166
f 1235/1530/165 1238/1526/161 1245/1534/169
f 1238/1526/161 1234/1528/163 1242/1538/173
f 1248/1544/179 1250/1543/178 1239/1529/164
f 1239/1525/160 1250/3137/460 1247/1539/174
f 1256/1554/189 1241/1536/171 1243/1535/170
f 1243/2760/477 1240/1531/166 1254/1547/182
f 1249/1546/181 1252/1542/177 1259/1550/185
f 1252/1542/177 1248/1544/179 1256/1554/189
f 1249/1546/181 1262/1560/195 1264/1559/194
f 1264/2761/478 1261/1555/190 1247/1539/174
f 1255/1552/187 1257/1551/186 1274/1570/204
f 1257/2762/461 1254/1547/182 1268/1564/198
f 1263/1563/197 1266/1562/193 1273/1567/201
f 1266/1558/193 1262/1560/195 1270/1572/205
f 1263/1563/197 1276/1578/211 1278/1577/210
f 1278/2763/473 1275/1573/206 1261/1555/190
f 1284/1588/221 1269/1569/203 1271/1568/202
f 1271/2764/480 1268/1564/198 1282/1581/214
f 1277/1580/213 1280/1576/209 1287/1584/217
f 1280/1576/209 1276/1578/211 1284/1588/221
f 1290/1594/227 1292/1593/226 1281/1579/212
f 1281/1575/208 1292/3146/474 1289/1589/222
f 1298/1604/237 1283/1586/219 1285/1585/218
f 1285/2765/479 1282/1581/214 1296/1597/230
f 1291/1596/229 1294/1592/225 1301/1600/233
f 1294/1592/225 1290/1594/227 1298/1604/237
f 1304/1610/267 1306/1609/242 1295/1595/228
f 1306/2766/462 1303/1605/238 1289/1589/222
f 1312/1622/253 1297/1602/235 1299/1601/234
f 1316/1616/248 1299/3148/475 1296/1597/230
f 1305/1613/245 1308/1612/241 1315/1617/249
f 1308/1612/241 1304/3250/267 1312/2767/253
f 1178/1462/99 1180/1461/98 1309/1611/244
f 1180/2768/463 1177/1457/94 1303/1605/238
f 1311/1619/251 1313/1618/250 1190/1471/108
f 1313/2769/464 1310/1614/246 1184/1465/102
f 1317/1623/1 1323/1625/3 1334/2770/427
f 1323/2771/465 1319/1629/7 1332/1644/22
f 1324/1632/10 1330/1634/12 1322/2772/428
f 1330/2773/449 1326/1638/16 1319/1629/7
f 1338/1650/28 1344/1652/30 1329/2774/429
f 1344/2775/450 1340/1656/34 1326/1638/16
f 1333/1647/25 1336/1649/27 1343/2776/431
f 1336/2777/432 1332/1644/22 1340/1656/34
f 1359/1677/55 1331/1641/19 1337/1643/21
f 1337/2779/434 1333/1647/25 1360/1680/58
f 1366/1686/64 1372/1688/66 1341/2780/435
f 1372/2781/436 1368/1692/70 1339/1653/31
f 1361/1683/61 1364/1685/63 1371/2782/452
f 1364/2783/453 1360/1680/58 1368/1692/70
f 1359/1677/55 1365/1679/57 1348/2784/439
f 1365/2785/454 1361/1683/61 1346/1662/40
f 1352/1668/46 1358/1670/48 1369/2786/440
f 1358/2787/441 1354/1674/52 1367/1689/67
f 1347/1665/43 1350/1667/83 1357/2788/442
f 1350/2789/443 1346/1662/40 1354/1674/52
f 1345/1659/37 1351/1661/39 1320/2790/444
f 1320/1628/6 1351/3154/445 1347/1665/43
f 1325/1635/13 1327/1637/15 1355/2791/446
f 1327/2792/447 1324/1632/10 1353/1671/49
f 1373/1695/1 1379/1697/3 1390/2793/427
f 1379/2794/465 1375/1701/7 1388/1716/22
f 1374/1698/4 1380/1704/10 1386/1706/12
f 1386/2796/449 1382/1710/16 1375/1701/7
f 1394/1722/28 1400/1724/30 1385/2797/429
f 1400/2798/450 1396/1728/34 1382/1710/16
f 1389/1719/25 1392/1721/27 1399/2799/431
f 1399/1730/36 1392/3155/432 1388/1716/22
f 1387/1713/19 1393/1715/21 1418/2800/433
f 1393/2801/434 1389/1719/25 1416/1752/58
f 1422/1758/64 1428/1760/66 1397/2802/435
f 1428/2803/436 1424/1764/70 1395/1725/31
f 1417/1755/61 1420/1757/63 1427/2804/452
f 1427/1766/72 1420/3157/438 1416/1752/58
f 1415/1749/55 1421/1751/92 1404/2805/481
f 1421/2806/455 1417/1755/61 1402/1734/40
f 1408/1740/46 1414/1742/48 1425/2807/440
f 1414/2808/441 1410/1746/52 1423/1761/67
f 1403/1737/43 1406/1739/45 1413/2809/442
f 1413/1748/54 1406/3156/443 1402/1734/40
f 1401/1731/37 1407/1733/39 1376/2810/444
f 1407/2811/445 1403/1737/43 1374/1698/4
f 1381/1707/13 1383/1709/15 1411/2812/446
f 1383/2813/447 1380/1704/10 1409/1743/49
f 1444/1788/115 1446/1787/114 1435/1773/100
f 1435/1769/96 1446/3161/470 1443/1783/110
f 1437/1780/107 1439/1779/106 1456/1798/124
f 1456/1794/120 1439/3159/471 1436/1775/102
f 1438/1782/109 1441/1778/105 1434/1770/97
f 1441/1778/105 1437/1780/107 1431/1774/101
f 1445/1791/265 1448/1790/113 1455/1795/121
f 1448/1786/113 1444/1788/115 1452/1800/125
f 1445/1791/265 1458/1806/131 1460/1805/130
f 1460/2814/456 1457/1801/126 1443/1783/110
f 1466/1816/141 1451/1797/123 1453/1796/122
f 1453/2815/457 1450/1792/118 1464/1809/134
f 1459/1808/133 1462/1804/129 1469/1812/137
f 1462/1804/129 1458/1806/131 1466/1816/141
f 1459/1808/133 1472/1822/147 1474/1821/146
f 1474/2816/458 1471/1817/142 1457/1801/126
f 1465/1814/139 1467/1813/138 1484/1831/156
f 1484/1827/152 1467/3167/553 1464/1809/134
f 1473/1824/149 1476/1820/145 1483/1828/153
f 1476/1820/145 1472/1822/147 1480/1832/157
f 1486/2817/275 1488/3251/162 1477/1823/148
f 1477/1819/144 1488/3171/476 1485/1833/158
f 1479/1830/155 1481/1829/154 1498/2818/172
f 1481/2820/472 1478/1825/150 1492/1841/166
f 1487/1840/165 1490/1836/161 1497/1844/169
f 1490/1836/161 1486/1838/275 1494/1848/173
f 1487/1840/165 1500/1854/179 1502/1853/178
f 1491/1835/160 1502/3175/460 1499/1849/174
f 1493/1846/171 1495/1845/170 1512/1863/188
f 1512/1859/184 1495/3173/477 1492/1841/166
f 1501/1856/181 1504/1852/177 1511/1860/185
f 1504/1852/177 1500/1854/179 1508/1864/189
f 1514/1870/195 1516/1869/194 1505/1855/180
f 1505/1851/176 1516/3178/478 1513/1865/190
f 1522/1882/205 1507/1862/187 1509/1861/186
f 1509/2821/461 1506/1857/182 1520/1874/198
f 1515/1873/197 1518/1872/193 1525/1877/201
f 1518/1868/193 1514/1870/195 1522/1882/205
f 1515/1873/197 1528/1888/211 1530/1887/210
f 1530/2822/473 1527/1883/206 1513/1865/190
f 1521/1879/264 1523/1878/202 1540/1897/220
f 1540/1893/216 1523/3181/480 1520/1874/198
f 1529/1890/213 1532/1886/209 1539/1894/217
f 1532/1886/209 1528/1888/211 1536/1898/221
f 1529/1890/213 1542/1904/227 1544/1903/226
f 1533/1885/208 1544/3186/557 1541/1899/222
f 1535/1896/219 1537/1895/218 1554/1913/236
f 1537/2823/479 1534/1891/214 1548/1907/230
f 1543/1906/229 1546/1902/225 1553/1910/233
f 1546/1902/225 1542/1904/227 1550/1914/237
f 1543/1906/229 1556/1920/243 1558/1919/242
f 1547/1901/224 1558/3190/462 1555/1915/238
f 1549/1912/235 1551/1911/234 1568/1930/252
f 1568/1926/248 1551/3188/475 1548/1907/230
f 1557/1923/245 1560/1922/241 1567/1927/249
f 1560/1922/241 1556/3252/243 1564/2824/253
f 1430/1772/99 1432/1771/98 1561/1921/244
f 1432/2825/463 1429/1767/94 1555/1915/238
f 1563/1929/251 1565/1928/250 1442/1781/108
f 1442/1777/104 1565/3193/464 1562/1924/246
f 1569/1933/1 1575/1935/3 1586/2826/427
f 1575/2827/465 1571/1939/7 1584/1954/22
f 1576/1942/10 1582/1944/12 1574/2828/448
f 1582/2829/466 1578/1948/16 1571/1939/7
f 1590/1960/28 1596/1962/30 1581/2830/429
f 1596/2831/430 1592/1966/34 1578/1948/16
f 1585/1957/25 1588/1959/89 1595/2832/431
f 1588/2833/432 1584/1954/22 1592/1966/34
f 1583/1951/19 1589/1953/21 1614/2834/433
f 1589/2835/434 1585/1957/25 1612/1990/58
f 1590/1960/28 1618/1996/64 1624/1998/66
f 1624/2837/451 1620/2002/70 1591/1963/31
f 1613/1993/61 1616/1995/63 1623/2838/437
f 1616/2839/453 1612/1990/58 1620/2002/70
f 1611/1987/55 1617/1989/57 1600/2840/439
f 1600/1974/81 1617/3197/454 1613/1993/61
f 1604/1978/46 1610/1980/48 1621/2841/440
f 1610/2842/467 1606/1984/52 1619/1999/67
f 1599/1975/43 1602/1977/45 1609/2843/442
f 1609/1986/54 1602/3196/443 1598/1972/40
f 1569/1933/1 1597/1969/37 1603/1971/39
f 1603/2845/445 1599/1975/43 1570/1936/4
f 1577/1945/13 1579/1947/15 1607/2846/446
f 1579/2847/482 1576/1942/10 1605/1981/49
f 1625/2005/1 1631/2007/3 1642/2848/468
f 1631/2849/469 1627/2011/7 1640/2026/22
f 1626/2008/4 1632/2014/10 1638/2016/12
f 1638/2851/449 1634/2020/16 1627/2011/7
f 1646/2032/28 1652/2034/30 1637/2852/429
f 1652/2853/430 1648/2038/34 1634/2020/16
f 1641/2029/25 1644/2031/27 1651/2854/431
f 1651/2040/262 1644/3198/432 1640/2026/22
f 1639/2023/19 1645/2025/21 1670/2855/433
f 1645/2856/434 1641/2029/25 1668/2062/58
f 1646/2032/28 1674/2068/64 1680/2070/66
f 1680/2858/436 1676/2074/70 1647/2035/31
f 1669/2065/61 1672/2067/63 1679/2859/437
f 1679/2076/278 1672/3200/438 1668/2062/58
f 1667/2059/55 1673/2061/57 1656/2860/439
f 1673/2861/454 1669/2065/61 1654/2044/40
f 1660/2050/46 1666/2052/48 1677/2862/440
f 1666/2863/467 1662/2056/52 1675/2071/67
f 1655/2047/43 1658/2049/45 1665/2864/442
f 1665/2058/54 1658/3199/443 1654/2044/40
f 1625/2005/1 1653/2041/37 1659/2043/39
f 1659/2866/445 1655/2047/43 1626/2008/4
f 1633/2017/13 1635/2019/15 1663/2867/446
f 1635/2868/447 1632/2014/10 1661/2053/49
f 1696/2098/115 1698/2097/114 1687/2083/100
f 1687/2079/96 1698/3203/470 1695/2093/110
f 1704/2110/125 1689/2090/107 1691/2089/106
f 1691/2869/471 1688/2085/102 1702/2102/118
f 1690/2092/109 1693/2088/105 1686/2080/97
f 1693/2088/105 1689/2090/107 1683/2084/101
f 1697/2101/117 1700/2100/113 1707/2105/121
f 1700/2096/113 1696/2098/115 1704/2110/125
f 1710/2116/131 1712/2115/130 1701/2099/116
f 1701/2095/112 1712/3209/456 1709/2111/126
f 1718/2126/141 1703/2107/123 1705/2106/122
f 1722/2121/136 1705/3206/457 1702/2102/118
f 1711/2118/133 1714/2114/129 1721/2122/137
f 1714/2114/129 1710/2116/131 1718/2126/141
f 1724/2132/147 1726/2131/146 1715/2117/132
f 1726/2870/458 1723/2127/142 1709/2111/126
f 1717/2124/139 1719/2123/138 1736/2141/156
f 1736/2137/152 1719/3211/553 1716/2119/134
f 1725/2134/149 1728/2130/145 1735/2138/153
f 1728/2130/145 1724/2132/147 1732/2142/157
f 1738/2871/163 1740/3253/162 1729/2133/148
f 1740/2872/476 1737/2143/158 1723/2127/142
f 1731/2140/155 1733/2139/154 1750/2873/172
f 1733/2875/472 1730/2135/150 1744/2151/166
f 1739/2150/165 1742/2146/161 1749/2154/169
f 1742/2146/161 1738/2148/163 1746/2158/173
f 1739/2150/165 1752/2164/179 1754/2163/178
f 1754/2876/460 1751/2159/174 1737/2143/158
f 1745/2156/171 1747/2155/170 1764/2173/188
f 1747/2877/477 1744/2151/166 1758/2167/182
f 1753/2166/181 1756/2162/177 1763/2170/185
f 1756/2162/177 1752/2164/179 1760/2174/189
f 1766/2180/195 1768/2179/194 1757/2165/180
f 1757/2161/176 1768/3219/478 1765/2175/190
f 1774/2192/205 1759/2172/187 1761/2171/186
f 1761/2878/461 1758/2167/182 1772/2184/198
f 1767/2183/197 1770/2182/193 1777/2187/201
f 1770/2178/193 1766/2180/195 1774/2192/205
f 1767/2183/197 1780/2198/211 1782/2197/210
f 1782/2879/473 1779/2193/206 1765/2175/190
f 1773/2189/264 1775/2188/202 1792/2207/220
f 1775/2880/480 1772/2184/198 1786/2201/214
f 1781/2200/213 1784/2196/209 1791/2204/217
f 1784/2196/209 1780/2198/211 1788/2208/221
f 1794/2214/227 1796/2213/226 1785/2199/212
f 1785/2195/208 1796/3226/474 1793/2209/222
f 1787/2206/219 1789/2205/218 1806/2223/236
f 1789/2881/479 1786/2201/214 1800/2217/230
f 1795/2216/229 1798/2212/225 1805/2220/233
f 1798/2212/225 1794/2214/227 1802/2224/237
f 1808/2230/243 1810/2229/242 1799/2215/228
f 1799/2211/224 1810/3229/462 1807/2225/238
f 1801/2222/235 1803/2221/234 1820/2240/252
f 1803/2882/475 1800/2217/230 1814/2234/246
f 1809/2233/245 1812/2232/241 1819/2237/249
f 1812/2232/241 1808/3254/243 1816/2883/253
f 1809/2233/245 1682/2082/99 1684/2081/98
f 1684/2884/463 1681/2077/94 1807/2225/238
f 1815/2239/251 1817/2238/250 1694/2091/108
f 1694/2087/104 1817/3232/464 1814/2234/246
f 1835/2261/297 1821/2243/279 1827/2245/281
f 1838/2266/302 1827/3235/558 1823/2249/285
f 1828/2252/288 1834/2254/290 1826/2886/484
f 1834/2887/485 1830/2258/294 1823/2249/285
f 1842/2270/306 1848/2272/308 1833/2888/486
f 1848/2889/487 1844/2276/312 1830/2258/294
f 1843/2273/309 1837/2267/303 1840/2269/305
f 1840/2891/489 1836/2264/300 1844/2276/312
f 1835/2261/297 1841/2263/299 1866/2892/490
f 1841/2893/491 1837/2267/303 1864/2300/336
f 1870/2306/342 1876/2308/344 1845/2894/492
f 1876/2895/493 1872/2312/348 1843/2273/309
f 1865/2303/339 1868/2305/341 1875/2896/494
f 1868/2897/495 1864/2300/336 1872/2312/348
f 1849/2279/315 1863/2297/333 1869/2299/335
f 1852/2284/320 1869/3236/559 1865/2303/339
f 1856/2288/324 1862/2290/326 1873/2899/497
f 1862/2900/498 1858/2294/330 1871/2309/345
f 1857/2291/327 1851/2285/321 1854/2287/323
f 1854/2902/500 1850/2282/318 1858/2294/330
f 1849/2279/315 1855/2281/317 1824/2903/501
f 1855/2904/502 1851/2285/321 1822/2246/282
f 1829/2255/291 1831/2257/293 1859/2905/503
f 1831/2906/504 1828/2252/288 1857/2291/327
f 1891/2333/369 1877/2315/351 1883/2317/353
f 1883/2908/506 1879/2321/357 1892/2336/372
f 1884/2324/360 1890/2326/362 1882/2909/507
f 1890/2910/508 1886/2330/366 1879/2321/357
f 1885/2327/363 1898/2342/378 1904/2344/380
f 1889/2332/368 1904/3237/560 1900/2348/384
f 1893/2339/375 1896/2341/377 1903/2912/510
f 1896/2913/511 1892/2336/372 1900/2348/384
f 1891/2333/369 1897/2335/371 1922/2914/512
f 1897/2915/513 1893/2339/375 1920/2372/408
f 1926/2378/414 1932/2380/416 1901/2916/514
f 1901/2347/383 1932/3239/562 1928/2384/420
f 1921/2375/411 1924/2377/413 1931/2917/515
f 1924/2918/516 1920/2372/408 1928/2384/420
f 1919/2369/405 1925/2371/407 1908/2919/517
f 1925/2920/518 1921/2375/411 1906/2354/390
f 1926/2378/414 1912/2360/396 1918/2362/398
f 1929/2383/419 1918/3238/561 1914/2366/402
f 1907/2357/393 1910/2359/395 1917/2922/520
f 1910/2923/521 1906/2354/390 1914/2366/402
f 1905/2351/387 1911/2353/389 1880/2924/522
f 1911/2925/523 1907/2357/393 1878/2318/354
f 1885/2327/363 1887/2329/365 1915/2926/524
f 1887/2927/525 1884/2324/360 1913/2363/399
f 1933/2387/1 1939/2389/3 1950/2928/427
f 1950/2410/24 1939/3240/469 1935/2393/7
f 1940/2396/10 1946/2398/12 1938/2929/428
f 1946/2930/466 1942/2402/16 1935/2393/7
f 1954/2414/28 1960/2416/30 1945/2931/429
f 1960/2932/430 1956/2420/34 1942/2402/16
f 1949/2411/25 1952/2413/27 1959/2933/431
f 1952/2934/432 1948/2408/22 1956/2420/34
f 1947/2405/19 1953/2407/21 1978/2935/433
f 1953/2936/434 1949/2411/25 1976/2444/58
f 1982/2450/64 1988/2452/426 1957/2937/435
f 1988/2938/436 1984/2456/70 1955/2417/31
f 1977/2447/61 1980/2449/63 1987/2939/452
f 1980/2940/438 1976/2444/58 1984/2456/70
f 1975/2441/55 1981/2443/57 1964/2941/439
f 1964/2428/42 1981/3242/455 1977/2447/61
f 1968/2432/46 1974/2434/424 1985/2942/440
f 1985/2455/69 1974/3241/441 1970/2438/52
f 1963/2429/43 1966/2431/45 1973/2943/442
f 1966/2944/443 1962/2426/40 1970/2438/52
f 1961/2423/37 1967/2425/39 1936/2945/444
f 1967/2946/445 1963/2429/43 1934/2390/4
f 1941/2399/13 1943/2401/15 1971/2947/446
f 1943/2948/447 1940/2396/10 1969/2435/49
f 43/55/55 29/37/37 1/1/1
f 10/16/16 24/34/34 16/22/22
f 37/49/49 8/10/10 2/4/4
f 22/28/28 9/13/13 36/46/46
f 23/31/31 52/70/70 44/58/58
f 51/67/67 38/52/52 30/40/40
f 99/127/55 85/109/37 57/73/1
f 66/88/16 80/106/34 72/94/22
f 93/121/49 64/82/10 58/76/4
f 78/100/28 65/85/13 92/118/46
f 79/103/31 108/142/70 100/130/58
f 107/139/67 94/124/52 86/112/40
f 155/199/55 141/181/37 113/145/1
f 122/160/16 136/178/34 128/166/22
f 149/193/49 120/154/10 114/148/4
f 134/172/28 121/157/13 148/190/46
f 135/175/31 164/214/70 156/202/58
f 163/211/67 150/196/52 142/184/40
f 295/365/238 169/217/94 183/233/110
f 183/233/110 197/251/126 211/267/142
f 211/267/142 225/283/158 239/299/174
f 239/299/174 253/315/190 267/333/206
f 267/333/206 281/349/222 295/365/238
f 295/365/238 183/233/110 211/267/142
f 211/267/142 239/299/174 267/333/206
f 177/230/107 192/250/125 184/238/115
f 303/379/251 178/232/109 170/222/99
f 204/259/134 190/242/118 176/225/102
f 176/225/102 302/374/246 288/357/230
f 288/357/230 274/341/214 260/324/198
f 260/324/198 246/307/182 232/291/166
f 232/291/166 218/275/150 204/259/134
f 204/259/134 176/225/102 288/357/230
f 288/357/230 260/324/198 232/291/166
f 191/247/123 206/266/141 198/256/131
f 205/264/139 220/282/157 212/272/147
f 219/280/155 234/2527/173 226/2526/163
f 233/296/171 248/314/189 240/304/179
f 241/306/181 247/312/187 262/332/205
f 261/329/203 276/348/221 268/338/211
f 275/346/219 290/364/237 282/354/227
f 289/362/235 304/382/253 296/370/243
f 351/437/55 337/419/37 309/383/1
f 318/398/16 332/416/34 324/404/22
f 345/431/49 316/392/10 310/386/4
f 330/410/28 317/395/13 344/428/46
f 331/413/31 360/452/70 352/440/58
f 359/449/67 346/434/52 338/422/40
f 407/509/55 393/491/37 365/455/1
f 374/470/16 388/488/34 380/476/22
f 401/503/49 372/464/10 366/458/4
f 386/482/28 373/467/13 400/500/46
f 387/485/31 416/524/70 408/512/58
f 415/521/67 402/506/52 394/494/40
f 547/675/238 421/527/94 435/543/110
f 435/543/110 449/561/126 463/577/142
f 463/577/142 477/593/158 491/609/174
f 491/609/174 505/625/190 519/643/206
f 519/643/206 533/659/222 547/675/238
f 547/675/238 435/543/110 463/577/142
f 463/577/142 491/609/174 519/643/206
f 429/540/107 444/560/125 436/548/115
f 555/689/251 430/542/109 422/532/99
f 456/569/134 442/552/118 428/535/102
f 428/535/102 554/684/246 540/667/230
f 540/667/230 526/651/214 512/634/198
f 512/634/198 498/617/182 484/601/166
f 484/601/166 470/585/150 456/569/134
f 456/569/134 428/535/102 540/667/230
f 540/667/230 512/634/198 484/601/166
f 443/557/123 458/576/141 450/566/131
f 457/574/139 472/592/157 464/582/147
f 471/590/155 486/2585/173 478/2949/163
f 485/606/171 500/624/189 492/614/179
f 499/622/187 514/642/205 506/630/195
f 513/639/264 528/658/221 520/648/211
f 527/656/219 542/674/237 534/664/227
f 541/672/235 556/692/253 548/680/243
f 603/747/55 589/729/37 561/693/1
f 570/708/16 584/726/34 576/714/22
f 597/741/49 568/702/10 562/696/4
f 582/720/28 569/705/13 596/738/46
f 583/723/31 612/762/70 604/750/58
f 611/759/67 598/744/52 590/732/40
f 659/819/55 645/801/37 617/765/1
f 626/780/16 640/798/34 632/786/22
f 653/813/49 624/774/10 618/768/4
f 638/792/28 625/777/13 652/810/46
f 639/795/31 668/834/70 660/822/58
f 667/831/67 654/816/52 646/804/40
f 799/985/238 673/837/94 687/853/110
f 687/853/110 701/871/126 715/887/142
f 715/887/142 729/903/158 743/919/174
f 743/919/174 757/935/190 771/953/206
f 771/953/206 785/969/222 799/985/238
f 799/985/238 687/853/110 715/887/142
f 715/887/142 743/919/174 771/953/206
f 681/850/107 696/870/125 688/858/115
f 807/999/251 682/852/109 674/842/99
f 708/879/134 694/862/118 680/845/102
f 680/845/102 806/994/246 792/977/230
f 792/977/230 778/961/214 764/944/198
f 764/944/198 750/927/182 736/911/166
f 736/911/166 722/895/150 708/879/134
f 708/879/134 680/845/102 792/977/230
f 792/977/230 764/944/198 736/911/166
f 695/867/123 710/886/141 702/876/131
f 709/884/139 724/902/157 716/892/147
f 723/900/155 738/2642/173 730/2640/163
f 737/916/171 752/934/189 744/924/179
f 751/932/187 766/952/205 758/940/195
f 765/949/203 780/968/221 772/958/211
f 779/966/219 794/984/237 786/974/227
f 793/982/235 808/1002/253 800/990/267
f 855/1057/55 841/1039/37 813/1003/1
f 822/1018/16 836/1036/34 828/1024/22
f 849/1051/49 820/1012/10 814/1006/4
f 834/1030/28 821/1015/13 848/1048/46
f 835/1033/31 864/1072/70 856/1060/58
f 863/1069/67 850/1054/52 842/1042/40
f 911/1129/55 897/1111/37 869/1075/1
f 878/1090/16 892/1108/34 884/1096/22
f 905/1123/49 876/1084/10 870/1078/4
f 890/1102/28 877/1087/13 904/1120/46
f 891/1105/31 920/1144/70 912/1132/58
f 919/1141/67 906/1126/52 898/1114/40
f 1051/1295/238 925/1147/94 939/1163/110
f 939/1163/110 953/1181/126 967/1197/142
f 967/1197/142 981/1213/158 995/1229/174
f 995/1229/174 1009/1245/190 1023/1263/206
f 1023/1263/206 1037/1279/222 1051/1295/238
f 1051/1295/238 939/1163/110 967/1197/142
f 967/1197/142 995/1229/174 1023/1263/206
f 933/1160/107 948/1180/125 940/1168/115
f 1059/1309/251 934/1162/109 926/1152/99
f 960/1189/134 946/1172/118 932/1155/102
f 932/1155/102 1058/1304/246 1044/1287/230
f 1044/1287/230 1030/1271/214 1016/1254/198
f 1016/1254/198 1002/1237/182 988/1221/166
f 988/1221/166 974/1205/150 960/1189/134
f 960/1189/134 932/1155/102 1044/1287/230
f 1044/1287/230 1016/1254/198 988/1221/166
f 947/1177/123 962/1196/141 954/1186/131
f 961/1194/139 976/1212/157 968/1202/147
f 975/1210/155 990/2702/173 982/2950/163
f 989/1226/171 1004/1244/189 996/1234/179
f 1003/1242/187 1018/1262/205 1010/1250/195
f 1017/1259/203 1032/1278/221 1024/1268/211
f 1031/1276/219 1046/1294/237 1038/1284/227
f 1045/1292/235 1060/1312/253 1052/1300/267
f 1107/1367/55 1093/1349/37 1065/1313/1
f 1074/1328/16 1088/1346/34 1080/1334/22
f 1101/1361/49 1072/1322/10 1066/1316/4
f 1086/1340/28 1073/1325/13 1100/1358/46
f 1087/1343/31 1116/1382/70 1108/1370/58
f 1115/1379/67 1102/1364/52 1094/1352/40
f 1163/1439/55 1149/1421/37 1121/1385/1
f 1130/1400/16 1144/1418/34 1136/1406/22
f 1157/1433/49 1128/1394/10 1122/1388/4
f 1142/1412/28 1129/1397/13 1156/1430/46
f 1143/1415/31 1172/1454/70 1164/1442/58
f 1171/1451/67 1158/1436/52 1150/1424/40
f 1303/1605/238 1177/1457/94 1191/1473/110
f 1191/1473/110 1205/1491/126 1219/1507/142
f 1219/1507/142 1233/1523/158 1247/1539/174
f 1247/1539/174 1261/1555/190 1275/1573/206
f 1275/1573/206 1289/1589/222 1303/1605/238
f 1303/1605/238 1191/1473/110 1219/1507/142
f 1219/1507/142 1247/1539/174 1275/1573/206
f 1185/1470/107 1200/1490/125 1192/1478/115
f 1311/1619/251 1186/1472/109 1178/1462/99
f 1212/1499/134 1198/1482/118 1184/1465/102
f 1184/1465/102 1310/1614/246 1296/1597/230
f 1296/1597/230 1282/1581/214 1268/1564/198
f 1268/1564/198 1254/1547/182 1240/1531/166
f 1240/1531/166 1226/1515/150 1212/1499/134
f 1212/1499/134 1184/1465/102 1296/1597/230
f 1296/1597/230 1268/1564/198 1240/1531/166
f 1199/1487/123 1214/1506/141 1206/1496/131
f 1213/1504/139 1228/1522/157 1220/1512/147
f 1227/1520/155 1242/2758/173 1234/2756/163
f 1241/1536/171 1256/1554/189 1248/1544/179
f 1255/1552/187 1270/1572/205 1262/1560/195
f 1269/1569/203 1284/1588/221 1276/1578/211
f 1283/1586/219 1298/1604/237 1290/1594/227
f 1297/1602/235 1312/1622/253 1304/1610/267
f 1359/1677/55 1345/1659/37 1317/1623/1
f 1326/1638/16 1340/1656/34 1332/1644/22
f 1353/1671/49 1324/1632/10 1318/1626/4
f 1338/1650/28 1325/1635/13 1352/1668/46
f 1339/1653/31 1368/1692/70 1360/1680/58
f 1367/1689/67 1354/1674/52 1346/1662/40
f 1415/1749/55 1401/1731/37 1373/1695/1
f 1382/1710/16 1396/1728/34 1388/1716/22
f 1409/1743/49 1380/1704/10 1374/1698/4
f 1394/1722/28 1381/1707/13 1408/1740/46
f 1395/1725/31 1424/1764/70 1416/1752/58
f 1423/1761/67 1410/1746/52 1402/1734/40
f 1555/1915/238 1429/1767/94 1443/1783/110
f 1443/1783/110 1457/1801/126 1471/1817/142
f 1471/1817/142 1485/1833/158 1499/1849/174
f 1499/1849/174 1513/1865/190 1527/1883/206
f 1527/1883/206 1541/1899/222 1555/1915/238
f 1555/1915/238 1443/1783/110 1471/1817/142
f 1471/1817/142 1499/1849/174 1527/1883/206
f 1437/1780/107 1452/1800/125 1444/1788/115
f 1563/1929/251 1438/1782/109 1430/1772/99
f 1464/1809/134 1450/1792/118 1436/1775/102
f 1436/1775/102 1562/1924/246 1548/1907/230
f 1548/1907/230 1534/1891/214 1520/1874/198
f 1520/1874/198 1506/1857/182 1492/1841/166
f 1492/1841/166 1478/1825/150 1464/1809/134
f 1464/1809/134 1436/1775/102 1548/1907/230
f 1548/1907/230 1520/1874/198 1492/1841/166
f 1451/1797/123 1466/1816/141 1458/1806/131
f 1465/1814/139 1480/1832/157 1472/1822/147
f 1479/1830/155 1494/2819/173 1486/2817/275
f 1493/1846/171 1508/1864/189 1500/1854/179
f 1507/1862/187 1522/1882/205 1514/1870/195
f 1521/1879/264 1536/1898/221 1528/1888/211
f 1535/1896/219 1550/1914/237 1542/1904/227
f 1549/1912/235 1564/1932/253 1556/1920/243
f 1611/1987/55 1597/1969/37 1569/1933/1
f 1578/1948/16 1592/1966/34 1584/1954/22
f 1605/1981/49 1576/1942/10 1570/1936/4
f 1590/1960/28 1577/1945/13 1604/1978/46
f 1591/1963/31 1620/2002/70 1612/1990/58
f 1619/1999/67 1606/1984/52 1598/1972/40
f 1667/2059/55 1653/2041/37 1625/2005/1
f 1634/2020/16 1648/2038/34 1640/2026/22
f 1661/2053/49 1632/2014/10 1626/2008/4
f 1646/2032/28 1633/2017/13 1660/2050/46
f 1647/2035/31 1676/2074/70 1668/2062/58
f 1675/2071/67 1662/2056/52 1654/2044/40
f 1807/2225/238 1681/2077/94 1695/2093/110
f 1695/2093/110 1709/2111/126 1723/2127/142
f 1723/2127/142 1737/2143/158 1751/2159/174
f 1751/2159/174 1765/2175/190 1779/2193/206
f 1779/2193/206 1793/2209/222 1807/2225/238
f 1807/2225/238 1695/2093/110 1723/2127/142
f 1723/2127/142 1751/2159/174 1779/2193/206
f 1689/2090/107 1704/2110/125 1696/2098/115
f 1815/2239/251 1690/2092/109 1682/2082/99
f 1716/2119/134 1702/2102/118 1688/2085/102
f 1688/2085/102 1814/2234/246 1800/2217/230
f 1800/2217/230 1786/2201/214 1772/2184/198
f 1772/2184/198 1758/2167/182 1744/2151/166
f 1744/2151/166 1730/2135/150 1716/2119/134
f 1716/2119/134 1688/2085/102 1800/2217/230
f 1800/2217/230 1772/2184/198 1744/2151/166
f 1703/2107/123 1718/2126/141 1710/2116/131
f 1717/2124/139 1732/2142/157 1724/2132/147
f 1731/2140/155 1746/2874/173 1738/2871/163
f 1739/2150/165 1745/2156/171 1760/2174/189
f 1759/2172/187 1774/2192/205 1766/2180/195
f 1773/2189/264 1788/2208/221 1780/2198/211
f 1787/2206/219 1802/2224/237 1794/2214/227
f 1801/2222/235 1816/2242/253 1808/2230/243
f 1835/2261/297 1863/2297/333 1849/2279/315
f 1830/2258/294 1844/2276/312 1836/2264/300
f 1857/2291/327 1828/2252/288 1822/2246/282
f 1870/2306/342 1842/2270/306 1829/2255/291
f 1843/2273/309 1872/2312/348 1864/2300/336
f 1865/2303/339 1871/2309/345 1858/2294/330
f 1891/2333/369 1919/2369/405 1905/2351/387
f 1886/2330/366 1900/2348/384 1892/2336/372
f 1913/2363/399 1884/2324/360 1878/2318/354
f 1926/2378/414 1898/2342/378 1885/2327/363
f 1899/2345/381 1928/2384/420 1920/2372/408
f 1927/2381/417 1914/2366/402 1906/2354/390
f 1975/2441/55 1961/2423/37 1933/2387/1
f 1942/2402/16 1956/2420/34 1948/2408/22
f 1969/2435/49 1940/2396/10 1934/2390/4
f 1954/2414/28 1941/2399/13 1968/2432/46
f 1955/2417/31 1984/2456/70 1976/2444/58
f 1983/2453/67 1970/2438/52 1962/2426/40
