# Blender 5.2.0 LTS
# www.blender.org
o unit_outcast_exiled_heir
v -0.120000 0.518000 -0.020000
v -0.120000 0.495154 -0.075154
v -0.120000 0.469849 -0.092063
v -0.120000 0.440000 -0.098000
v -0.120000 0.410151 -0.092063
v -0.120000 0.384846 -0.075154
v -0.120000 0.362000 -0.020000
v -0.105075 0.512063 -0.045850
v -0.092423 0.495154 -0.067765
v -0.083969 0.469849 -0.082408
v -0.081000 0.440000 -0.087550
v -0.083969 0.410151 -0.082408
v -0.092423 0.384846 -0.067765
v -0.105075 0.367937 -0.045850
v -0.094150 0.512063 -0.034925
v -0.072235 0.495154 -0.047577
v -0.057592 0.469849 -0.056031
v -0.052450 0.440000 -0.059000
v -0.057592 0.410151 -0.056031
v -0.072235 0.384846 -0.047577
v -0.094150 0.367937 -0.034925
v -0.090151 0.512063 -0.020000
v -0.064846 0.495154 -0.020000
v -0.047937 0.469849 -0.020000
v -0.042000 0.440000 -0.020000
v -0.047937 0.410151 -0.020000
v -0.064846 0.384846 -0.020000
v -0.090151 0.367937 -0.020000
v -0.094150 0.512063 -0.005075
v -0.072235 0.495154 0.007577
v -0.057592 0.469849 0.016031
v -0.052450 0.440000 0.019000
v -0.057592 0.410151 0.016031
v -0.072235 0.384846 0.007577
v -0.094150 0.367937 -0.005075
v -0.105075 0.512063 0.005850
v -0.092423 0.495154 0.027765
v -0.083969 0.469849 0.042408
v -0.081000 0.440000 0.047550
v -0.083969 0.410151 0.042408
v -0.092423 0.384846 0.027765
v -0.105075 0.367937 0.005850
v -0.120000 0.512063 0.009849
v -0.120000 0.495154 0.035154
v -0.120000 0.469849 0.052063
v -0.120000 0.440000 0.058000
v -0.120000 0.410151 0.052063
v -0.120000 0.384846 0.035154
v -0.120000 0.367937 0.009849
v -0.134925 0.512063 0.005850
v -0.147577 0.495154 0.027765
v -0.156031 0.469849 0.042408
v -0.159000 0.440000 0.047550
v -0.156031 0.410151 0.042408
v -0.147577 0.384846 0.027765
v -0.134925 0.367937 0.005850
v -0.145850 0.512063 -0.005075
v -0.167765 0.495154 0.007577
v -0.182408 0.469849 0.016031
v -0.187550 0.440000 0.019000
v -0.182408 0.410151 0.016031
v -0.167765 0.384846 0.007577
v -0.145850 0.367937 -0.005075
v -0.149849 0.512063 -0.020000
v -0.175154 0.495154 -0.020000
v -0.192063 0.469849 -0.020000
v -0.198000 0.440000 -0.020000
v -0.192063 0.410151 -0.020000
v -0.175154 0.384846 -0.020000
v -0.149849 0.367937 -0.020000
v -0.145850 0.512063 -0.034925
v -0.167765 0.495154 -0.047577
v -0.182408 0.469849 -0.056031
v -0.187550 0.440000 -0.059000
v -0.182408 0.410151 -0.056031
v -0.167765 0.384846 -0.047577
v -0.145850 0.367937 -0.034925
v -0.134925 0.512063 -0.045850
v -0.147577 0.495154 -0.067765
v -0.156031 0.469849 -0.082408
v -0.159000 0.440000 -0.087550
v -0.156031 0.410151 -0.082408
v -0.147577 0.384846 -0.067765
v -0.134925 0.367937 -0.045850
v -0.120000 0.512063 -0.049849
v -0.120000 0.367937 -0.049849
v 0.120000 0.518000 -0.020000
v 0.120000 0.495154 -0.075154
v 0.120000 0.469849 -0.092063
v 0.120000 0.440000 -0.098000
v 0.120000 0.410151 -0.092063
v 0.120000 0.384846 -0.075154
v 0.120000 0.362000 -0.020000
v 0.134925 0.512063 -0.045850
v 0.147577 0.495154 -0.067765
v 0.156031 0.469849 -0.082408
v 0.159000 0.440000 -0.087550
v 0.156031 0.410151 -0.082408
v 0.147577 0.384846 -0.067765
v 0.134925 0.367937 -0.045850
v 0.145850 0.512063 -0.034925
v 0.167765 0.495154 -0.047577
v 0.182408 0.469849 -0.056031
v 0.187550 0.440000 -0.059000
v 0.182408 0.410151 -0.056031
v 0.167765 0.384846 -0.047577
v 0.145850 0.367937 -0.034925
v 0.149849 0.512063 -0.020000
v 0.175154 0.495154 -0.020000
v 0.192063 0.469849 -0.020000
v 0.198000 0.440000 -0.020000
v 0.192063 0.410151 -0.020000
v 0.175154 0.384846 -0.020000
v 0.149849 0.367937 -0.020000
v 0.145850 0.512063 -0.005075
v 0.167765 0.495154 0.007577
v 0.182408 0.469849 0.016031
v 0.187550 0.440000 0.019000
v 0.182408 0.410151 0.016031
v 0.167765 0.384846 0.007577
v 0.145850 0.367937 -0.005075
v 0.134925 0.512063 0.005850
v 0.147577 0.495154 0.027765
v 0.156031 0.469849 0.042408
v 0.159000 0.440000 0.047550
v 0.156031 0.410151 0.042408
v 0.147577 0.384846 0.027765
v 0.134925 0.367937 0.005850
v 0.120000 0.512063 0.009849
v 0.120000 0.495154 0.035154
v 0.120000 0.469849 0.052063
v 0.120000 0.440000 0.058000
v 0.120000 0.410151 0.052063
v 0.120000 0.384846 0.035154
v 0.120000 0.367937 0.009849
v 0.105075 0.512063 0.005850
v 0.092423 0.495154 0.027765
v 0.083969 0.469849 0.042408
v 0.081000 0.440000 0.047550
v 0.083969 0.410151 0.042408
v 0.092423 0.384846 0.027765
v 0.105075 0.367937 0.005850
v 0.094150 0.512063 -0.005075
v 0.072235 0.495154 0.007577
v 0.057592 0.469849 0.016031
v 0.052450 0.440000 0.019000
v 0.057592 0.410151 0.016031
v 0.072235 0.384846 0.007577
v 0.094150 0.367937 -0.005075
v 0.090151 0.512063 -0.020000
v 0.064846 0.495154 -0.020000
v 0.047937 0.469849 -0.020000
v 0.042000 0.440000 -0.020000
v 0.047937 0.410151 -0.020000
v 0.064846 0.384846 -0.020000
v 0.090151 0.367937 -0.020000
v 0.094150 0.512063 -0.034925
v 0.072235 0.495154 -0.047577
v 0.057592 0.469849 -0.056031
v 0.052450 0.440000 -0.059000
v 0.057592 0.410151 -0.056031
v 0.072235 0.384846 -0.047577
v 0.094150 0.367937 -0.034925
v 0.105075 0.512063 -0.045850
v 0.092423 0.495154 -0.067765
v 0.083969 0.469849 -0.082408
v 0.081000 0.440000 -0.087550
v 0.083969 0.410151 -0.082408
v 0.092423 0.384846 -0.067765
v 0.105075 0.367937 -0.045850
v 0.120000 0.512063 -0.049849
v 0.120000 0.367937 -0.049849
v -0.260000 1.530000 0.000000
v -0.260000 1.521627 -0.042095
v -0.260000 1.462095 -0.101627
v -0.260000 1.420000 -0.110000
v -0.260000 1.377905 -0.101627
v -0.260000 1.318373 -0.042095
v -0.260000 1.310000 0.000000
v -0.238952 1.521627 -0.036455
v -0.221109 1.497782 -0.067361
v -0.209187 1.462095 -0.088011
v -0.205000 1.420000 -0.095263
v -0.209187 1.377905 -0.088011
v -0.221109 1.342218 -0.067361
v -0.238952 1.318373 -0.036455
v -0.223544 1.521627 -0.021048
v -0.192639 1.497782 -0.038891
v -0.171989 1.462095 -0.050813
v -0.164737 1.420000 -0.055000
v -0.171989 1.377905 -0.050813
v -0.192639 1.342218 -0.038891
v -0.223544 1.318373 -0.021048
v -0.217905 1.521627 0.000000
v -0.182218 1.497782 0.000000
v -0.158373 1.462095 0.000000
v -0.150000 1.420000 0.000000
v -0.158373 1.377905 0.000000
v -0.182218 1.342218 0.000000
v -0.217905 1.318373 0.000000
v -0.223544 1.521627 0.021048
v -0.192639 1.497782 0.038891
v -0.171989 1.462095 0.050813
v -0.164737 1.420000 0.055000
v -0.171989 1.377905 0.050813
v -0.192639 1.342218 0.038891
v -0.223544 1.318373 0.021048
v -0.238952 1.521627 0.036455
v -0.221109 1.497782 0.067361
v -0.209187 1.462095 0.088011
v -0.205000 1.420000 0.095263
v -0.209187 1.377905 0.088011
v -0.221109 1.342218 0.067361
v -0.238952 1.318373 0.036455
v -0.260000 1.521627 0.042095
v -0.260000 1.497782 0.077782
v -0.260000 1.462095 0.101627
v -0.260000 1.420000 0.110000
v -0.260000 1.377905 0.101627
v -0.260000 1.342218 0.077782
v -0.260000 1.318373 0.042095
v -0.281048 1.521627 0.036455
v -0.298891 1.497782 0.067361
v -0.310813 1.462095 0.088011
v -0.315000 1.420000 0.095263
v -0.310813 1.377905 0.088011
v -0.298891 1.342218 0.067361
v -0.281048 1.318373 0.036455
v -0.296455 1.521627 0.021048
v -0.327361 1.497782 0.038891
v -0.348011 1.462095 0.050813
v -0.355263 1.420000 0.055000
v -0.348011 1.377905 0.050813
v -0.327361 1.342218 0.038891
v -0.296455 1.318373 0.021048
v -0.302095 1.521627 0.000000
v -0.337782 1.497782 -0.000000
v -0.361627 1.462095 0.000000
v -0.370000 1.420000 0.000000
v -0.361627 1.377905 0.000000
v -0.337782 1.342218 -0.000000
v -0.302095 1.318373 0.000000
v -0.296455 1.521627 -0.021048
v -0.327361 1.497782 -0.038891
v -0.348011 1.462095 -0.050813
v -0.355263 1.420000 -0.055000
v -0.348011 1.377905 -0.050813
v -0.327361 1.342218 -0.038891
v -0.296455 1.318373 -0.021048
v -0.281048 1.521627 -0.036455
v -0.298891 1.497782 -0.067361
v -0.310813 1.462095 -0.088011
v -0.315000 1.420000 -0.095263
v -0.310813 1.377905 -0.088011
v -0.298891 1.342218 -0.067361
v -0.281048 1.318373 -0.036455
v -0.260000 1.497782 -0.077782
v -0.260000 1.342218 -0.077782
v 0.260000 1.530000 0.000000
v 0.260000 1.521627 -0.042095
v 0.260000 1.462095 -0.101627
v 0.260000 1.420000 -0.110000
v 0.260000 1.377905 -0.101627
v 0.260000 1.318373 -0.042095
v 0.260000 1.310000 0.000000
v 0.281048 1.521627 -0.036455
v 0.298891 1.497782 -0.067361
v 0.310813 1.462095 -0.088011
v 0.315000 1.420000 -0.095263
v 0.310813 1.377905 -0.088011
v 0.298891 1.342218 -0.067361
v 0.281048 1.318373 -0.036455
v 0.296455 1.521627 -0.021048
v 0.327361 1.497782 -0.038891
v 0.348011 1.462095 -0.050813
v 0.355263 1.420000 -0.055000
v 0.348011 1.377905 -0.050813
v 0.327361 1.342218 -0.038891
v 0.296455 1.318373 -0.021048
v 0.302095 1.521627 0.000000
v 0.337782 1.497782 0.000000
v 0.361627 1.462095 0.000000
v 0.370000 1.420000 0.000000
v 0.361627 1.377905 0.000000
v 0.337782 1.342218 0.000000
v 0.302095 1.318373 0.000000
v 0.296455 1.521627 0.021048
v 0.327361 1.497782 0.038891
v 0.348011 1.462095 0.050813
v 0.355263 1.420000 0.055000
v 0.348011 1.377905 0.050813
v 0.327361 1.342218 0.038891
v 0.296455 1.318373 0.021048
v 0.281048 1.521627 0.036455
v 0.298891 1.497782 0.067361
v 0.310813 1.462095 0.088011
v 0.315000 1.420000 0.095263
v 0.310813 1.377905 0.088011
v 0.298891 1.342218 0.067361
v 0.281048 1.318373 0.036455
v 0.260000 1.521627 0.042095
v 0.260000 1.497782 0.077782
v 0.260000 1.462095 0.101627
v 0.260000 1.420000 0.110000
v 0.260000 1.377905 0.101627
v 0.260000 1.342218 0.077782
v 0.260000 1.318373 0.042095
v 0.238952 1.521627 0.036455
v 0.221109 1.497782 0.067361
v 0.209187 1.462095 0.088011
v 0.205000 1.420000 0.095263
v 0.209187 1.377905 0.088011
v 0.221109 1.342218 0.067361
v 0.238952 1.318373 0.036455
v 0.223544 1.521627 0.021048
v 0.192639 1.497782 0.038891
v 0.171989 1.462095 0.050813
v 0.164737 1.420000 0.055000
v 0.171989 1.377905 0.050813
v 0.192639 1.342218 0.038891
v 0.223544 1.318373 0.021048
v 0.217905 1.521627 0.000000
v 0.182218 1.497782 -0.000000
v 0.158373 1.462095 0.000000
v 0.150000 1.420000 0.000000
v 0.158373 1.377905 0.000000
v 0.182218 1.342218 -0.000000
v 0.217905 1.318373 0.000000
v 0.223544 1.521627 -0.021048
v 0.192639 1.497782 -0.038891
v 0.171989 1.462095 -0.050813
v 0.164737 1.420000 -0.055000
v 0.171989 1.377905 -0.050813
v 0.192639 1.342218 -0.038891
v 0.223544 1.318373 -0.021048
v 0.238952 1.521627 -0.036455
v 0.221109 1.497782 -0.067361
v 0.209187 1.462095 -0.088011
v 0.205000 1.420000 -0.095263
v 0.209187 1.377905 -0.088011
v 0.221109 1.342218 -0.067361
v 0.238952 1.318373 -0.036455
v 0.260000 1.497782 -0.077782
v 0.260000 1.342218 -0.077782
v -0.440000 1.178000 -0.030000
v -0.440000 1.062000 -0.030000
v -0.426954 1.173585 -0.047957
v -0.426954 1.066415 -0.047957
v -0.418891 1.173585 -0.036859
v -0.418891 1.066415 -0.036859
v -0.418891 1.173585 -0.023141
v -0.418891 1.066415 -0.023141
v -0.426954 1.173585 -0.012043
v -0.426954 1.066415 -0.012043
v -0.440000 1.173585 -0.007804
v -0.440000 1.066415 -0.007804
v -0.453046 1.173585 -0.012043
v -0.453046 1.066415 -0.012043
v -0.461109 1.173585 -0.023141
v -0.461109 1.066415 -0.023141
v -0.461109 1.173585 -0.036859
v -0.461109 1.066415 -0.036859
v -0.453046 1.173585 -0.047957
v -0.453046 1.066415 -0.047957
v -0.440000 1.173585 -0.052196
v -0.440000 1.066415 -0.052196
v 0.440000 1.178000 -0.030000
v 0.440000 1.062000 -0.030000
v 0.453046 1.173585 -0.047957
v 0.453046 1.066415 -0.047957
v 0.461109 1.173585 -0.036859
v 0.461109 1.066415 -0.036859
v 0.461109 1.173585 -0.023141
v 0.461109 1.066415 -0.023141
v 0.453046 1.173585 -0.012043
v 0.453046 1.066415 -0.012043
v 0.440000 1.173585 -0.007804
v 0.440000 1.066415 -0.007804
v 0.426954 1.173585 -0.012043
v 0.426954 1.066415 -0.012043
v 0.418891 1.173585 -0.023141
v 0.418891 1.066415 -0.023141
v 0.418891 1.173585 -0.036859
v 0.418891 1.066415 -0.036859
v 0.426954 1.173585 -0.047957
v 0.426954 1.066415 -0.047957
v 0.440000 1.173585 -0.052196
v 0.440000 1.066415 -0.052196
v -0.540000 0.875000 -0.080000
v -0.540000 0.765000 -0.080000
v 0.540000 0.875000 -0.080000
v 0.540000 0.765000 -0.080000
v 0.000000 1.795000 -0.020000
v 0.000000 1.525000 -0.020000
v 0.010274 1.791615 -0.048229
v 0.020034 1.781631 -0.075042
v 0.028788 1.765547 -0.099095
v 0.036099 1.744171 -0.119182
v 0.041600 1.718574 -0.134296
v 0.045015 1.690040 -0.143678
v 0.046173 1.660000 -0.146858
v 0.045015 1.629960 -0.143678
v 0.041600 1.601426 -0.134296
v 0.036099 1.575829 -0.119182
v 0.028788 1.554453 -0.099095
v 0.020034 1.538369 -0.075042
v 0.010274 1.528385 -0.048229
v 0.019310 1.791615 -0.043012
v 0.037651 1.781631 -0.064871
v 0.054104 1.765547 -0.084479
v 0.067844 1.744171 -0.100854
v 0.078183 1.718574 -0.113175
v 0.084601 1.690040 -0.120823
v 0.086776 1.660000 -0.123416
v 0.084601 1.629960 -0.120823
v 0.078183 1.601426 -0.113175
v 0.067844 1.575829 -0.100854
v 0.054104 1.554453 -0.084479
v 0.037651 1.538369 -0.064871
v 0.019310 1.528385 -0.043012
v 0.026016 1.791615 -0.035020
v 0.050727 1.781631 -0.049287
v 0.072894 1.765547 -0.062086
v 0.091407 1.744171 -0.072774
v 0.105335 1.718574 -0.080815
v 0.113982 1.690040 -0.085808
v 0.116913 1.660000 -0.087500
v 0.113982 1.629960 -0.085808
v 0.105335 1.601426 -0.080815
v 0.091407 1.575829 -0.072774
v 0.072894 1.554453 -0.062086
v 0.050727 1.538369 -0.049287
v 0.026016 1.528385 -0.035020
v 0.029584 1.791615 -0.025216
v 0.057684 1.781631 -0.030171
v 0.082892 1.765547 -0.034616
v 0.103944 1.744171 -0.038328
v 0.119783 1.718574 -0.041121
v 0.129616 1.690040 -0.042855
v 0.132949 1.660000 -0.043443
v 0.129616 1.629960 -0.042855
v 0.119783 1.601426 -0.041121
v 0.103944 1.575829 -0.038328
v 0.082892 1.554453 -0.034616
v 0.057684 1.538369 -0.030171
v 0.029584 1.528385 -0.025216
v 0.029584 1.791615 -0.014784
v 0.057684 1.781631 -0.009829
v 0.082892 1.765547 -0.005384
v 0.103944 1.744171 -0.001672
v 0.119783 1.718574 0.001121
v 0.129616 1.690040 0.002855
v 0.132949 1.660000 0.003442
v 0.129616 1.629960 0.002855
v 0.119783 1.601426 0.001121
v 0.103944 1.575829 -0.001672
v 0.082892 1.554453 -0.005384
v 0.057684 1.538369 -0.009829
v 0.029584 1.528385 -0.014784
v 0.026016 1.791615 -0.004980
v 0.050727 1.781631 0.009287
v 0.072894 1.765547 0.022086
v 0.091407 1.744171 0.032774
v 0.105335 1.718574 0.040815
v 0.113982 1.690040 0.045808
v 0.116913 1.660000 0.047500
v 0.113982 1.629960 0.045808
v 0.105335 1.601426 0.040815
v 0.091407 1.575829 0.032774
v 0.072894 1.554453 0.022086
v 0.050727 1.538369 0.009287
v 0.026016 1.528385 -0.004980
v 0.019310 1.791615 0.003012
v 0.037651 1.781631 0.024871
v 0.054104 1.765547 0.044479
v 0.067844 1.744171 0.060854
v 0.078183 1.718574 0.073175
v 0.084601 1.690040 0.080823
v 0.086776 1.660000 0.083416
v 0.084601 1.629960 0.080823
v 0.078183 1.601426 0.073175
v 0.067844 1.575829 0.060854
v 0.054104 1.554453 0.044479
v 0.037651 1.538369 0.024871
v 0.019310 1.528385 0.003012
v 0.010274 1.791615 0.008229
v 0.020034 1.781631 0.035042
v 0.028788 1.765547 0.059095
v 0.036099 1.744171 0.079182
v 0.041600 1.718574 0.094296
v 0.045015 1.690040 0.103678
v 0.046173 1.660000 0.106858
v 0.045015 1.629960 0.103678
v 0.041600 1.601426 0.094296
v 0.036099 1.575829 0.079182
v 0.028788 1.554453 0.059095
v 0.020034 1.538369 0.035042
v 0.010274 1.528385 0.008229
v 0.000000 1.791615 0.010040
v 0.000000 1.781631 0.038574
v 0.000000 1.765547 0.064171
v 0.000000 1.744171 0.085547
v 0.000000 1.718574 0.101631
v 0.000000 1.690040 0.111615
v 0.000000 1.660000 0.115000
v 0.000000 1.629960 0.111615
v 0.000000 1.601426 0.101631
v 0.000000 1.575829 0.085547
v 0.000000 1.554453 0.064171
v 0.000000 1.538369 0.038574
v 0.000000 1.528385 0.010040
v -0.010274 1.791615 0.008229
v -0.020034 1.781631 0.035042
v -0.028788 1.765547 0.059095
v -0.036099 1.744171 0.079182
v -0.041600 1.718574 0.094296
v -0.045015 1.690040 0.103678
v -0.046173 1.660000 0.106858
v -0.045015 1.629960 0.103678
v -0.041600 1.601426 0.094296
v -0.036099 1.575829 0.079182
v -0.028788 1.554453 0.059095
v -0.020034 1.538369 0.035042
v -0.010274 1.528385 0.008229
v -0.019310 1.791615 0.003012
v -0.037651 1.781631 0.024871
v -0.054104 1.765547 0.044479
v -0.067844 1.744171 0.060854
v -0.078183 1.718574 0.073175
v -0.084601 1.690040 0.080823
v -0.086776 1.660000 0.083416
v -0.084601 1.629960 0.080823
v -0.078183 1.601426 0.073175
v -0.067844 1.575829 0.060854
v -0.054104 1.554453 0.044479
v -0.037651 1.538369 0.024871
v -0.019310 1.528385 0.003012
v -0.026016 1.791615 -0.004980
v -0.050727 1.781631 0.009287
v -0.072894 1.765547 0.022086
v -0.091407 1.744171 0.032774
v -0.105335 1.718574 0.040815
v -0.113982 1.690040 0.045808
v -0.116913 1.660000 0.047500
v -0.113982 1.629960 0.045808
v -0.105335 1.601426 0.040815
v -0.091407 1.575829 0.032774
v -0.072894 1.554453 0.022086
v -0.050727 1.538369 0.009287
v -0.026016 1.528385 -0.004980
v -0.029584 1.791615 -0.014784
v -0.057684 1.781631 -0.009829
v -0.082892 1.765547 -0.005384
v -0.103944 1.744171 -0.001672
v -0.119783 1.718574 0.001121
v -0.129616 1.690040 0.002855
v -0.132949 1.660000 0.003443
v -0.129616 1.629960 0.002855
v -0.119783 1.601426 0.001121
v -0.103944 1.575829 -0.001672
v -0.082892 1.554453 -0.005384
v -0.057684 1.538369 -0.009829
v -0.029584 1.528385 -0.014784
v -0.029584 1.791615 -0.025216
v -0.057684 1.781631 -0.030171
v -0.082892 1.765547 -0.034616
v -0.103944 1.744171 -0.038328
v -0.119783 1.718574 -0.041121
v -0.129616 1.690040 -0.042855
v -0.132949 1.660000 -0.043442
v -0.129616 1.629960 -0.042855
v -0.119783 1.601426 -0.041121
v -0.103944 1.575829 -0.038328
v -0.082892 1.554453 -0.034616
v -0.057684 1.538369 -0.030171
v -0.029584 1.528385 -0.025216
v -0.026016 1.791615 -0.035020
v -0.050727 1.781631 -0.049287
v -0.072894 1.765547 -0.062086
v -0.091407 1.744171 -0.072774
v -0.105335 1.718574 -0.080815
v -0.113982 1.690040 -0.085808
v -0.116913 1.660000 -0.087500
v -0.113982 1.629960 -0.085808
v -0.105335 1.601426 -0.080815
v -0.091407 1.575829 -0.072774
v -0.072894 1.554453 -0.062086
v -0.050727 1.538369 -0.049287
v -0.026016 1.528385 -0.035020
v -0.019310 1.791615 -0.043012
v -0.037651 1.781631 -0.064871
v -0.054104 1.765547 -0.084479
v -0.067844 1.744171 -0.100854
v -0.078183 1.718574 -0.113175
v -0.084601 1.690040 -0.120823
v -0.086776 1.660000 -0.123416
v -0.084601 1.629960 -0.120823
v -0.078183 1.601426 -0.113175
v -0.067844 1.575829 -0.100854
v -0.054104 1.554453 -0.084479
v -0.037651 1.538369 -0.064871
v -0.019310 1.528385 -0.043012
v -0.010274 1.791615 -0.048229
v -0.020034 1.781631 -0.075042
v -0.028788 1.765547 -0.099095
v -0.036099 1.744171 -0.119182
v -0.041600 1.718574 -0.134296
v -0.045015 1.690040 -0.143678
v -0.046173 1.660000 -0.146858
v -0.045015 1.629960 -0.143678
v -0.041600 1.601426 -0.134296
v -0.036099 1.575829 -0.119182
v -0.028788 1.554453 -0.099095
v -0.020034 1.538369 -0.075042
v -0.010274 1.528385 -0.048229
v -0.000000 1.791615 -0.050040
v -0.000000 1.781631 -0.078574
v -0.000000 1.765547 -0.104171
v -0.000000 1.744171 -0.125547
v -0.000000 1.718574 -0.141631
v -0.000000 1.690040 -0.151615
v -0.000000 1.660000 -0.155000
v -0.000000 1.629960 -0.151615
v -0.000000 1.601426 -0.141631
v -0.000000 1.575829 -0.125547
v -0.000000 1.554453 -0.104171
v -0.000000 1.538369 -0.078574
v -0.000000 1.528385 -0.050040
v -0.048000 1.698000 0.108000
v -0.048000 1.662000 0.108000
v 0.048000 1.698000 0.108000
v 0.048000 1.662000 0.108000
v -0.130000 1.695000 -0.020000
v -0.130000 1.625000 -0.020000
v 0.130000 1.695000 -0.020000
v 0.130000 1.625000 -0.020000
v -0.000000 0.800000 -0.255294
v -0.004391 0.804546 -0.258823
v 0.004391 0.804546 -0.258823
v -0.002439 0.801332 -0.257968
v 0.000000 0.801921 -0.258684
v 0.000000 0.804546 -0.259311
v 0.002439 0.801332 -0.257968
v 0.000000 1.040000 -0.255294
v 0.004391 1.035454 -0.258823
v -0.004391 1.035454 -0.258823
v 0.002439 1.038669 -0.257968
v -0.000000 1.038079 -0.258684
v -0.000000 1.035454 -0.259311
v -0.002439 1.038669 -0.257968
v 0.097647 0.800000 -0.229129
v 0.095609 0.804546 -0.234382
v 0.103214 0.804546 -0.229991
v 0.096872 0.801332 -0.232665
v 0.099342 0.801921 -0.232065
v 0.099655 0.804546 -0.232608
v 0.101096 0.801332 -0.230226
v 0.097647 1.040000 -0.229129
v 0.103214 1.035454 -0.229991
v 0.095609 1.035454 -0.234382
v 0.101096 1.038668 -0.230226
v 0.099342 1.038079 -0.232065
v 0.099655 1.035454 -0.232608
v 0.096872 1.038669 -0.232665
v 0.169129 0.800000 -0.157647
v 0.169991 0.804546 -0.163214
v 0.174382 0.804546 -0.155609
v 0.170226 0.801332 -0.161096
v 0.172065 0.801921 -0.159342
v 0.172608 0.804546 -0.159655
v 0.172665 0.801332 -0.156872
v 0.169129 1.040000 -0.157647
v 0.174382 1.035454 -0.155609
v 0.169991 1.035454 -0.163214
v 0.172665 1.038669 -0.156872
v 0.172065 1.038079 -0.159342
v 0.172608 1.035454 -0.159655
v 0.170226 1.038669 -0.161096
v 0.195294 0.800000 -0.060000
v 0.198823 0.804546 -0.064391
v 0.198823 0.804546 -0.055609
v 0.197968 0.801332 -0.062439
v 0.198684 0.801921 -0.060000
v 0.199311 0.804546 -0.060000
v 0.197968 0.801332 -0.057561
v 0.195294 1.040000 -0.060000
v 0.198823 1.035454 -0.055609
v 0.198823 1.035454 -0.064391
v 0.197968 1.038669 -0.057561
v 0.198684 1.038079 -0.060000
v 0.199311 1.035454 -0.060000
v 0.197968 1.038669 -0.062439
v 0.169129 0.800000 0.037647
v 0.174382 0.804546 0.035609
v 0.169991 0.804546 0.043214
v 0.172665 0.801332 0.036872
v 0.172065 0.801921 0.039342
v 0.172608 0.804546 0.039655
v 0.170226 0.801332 0.041096
v 0.169129 1.040000 0.037647
v 0.169991 1.035454 0.043214
v 0.174382 1.035454 0.035609
v 0.170226 1.038668 0.041096
v 0.172065 1.038079 0.039342
v 0.172608 1.035454 0.039655
v 0.172665 1.038669 0.036872
v 0.097647 0.800000 0.109129
v 0.103214 0.804546 0.109991
v 0.095609 0.804546 0.114382
v 0.101096 0.801332 0.110226
v 0.099342 0.801921 0.112065
v 0.099655 0.804546 0.112608
v 0.096872 0.801332 0.112665
v 0.097647 1.040000 0.109129
v 0.095609 1.035454 0.114382
v 0.103214 1.035454 0.109991
v 0.096872 1.038668 0.112665
v 0.099342 1.038079 0.112065
v 0.099655 1.035454 0.112608
v 0.101096 1.038669 0.110226
v 0.000000 0.800000 0.135294
v 0.004391 0.804546 0.138823
v -0.004391 0.804546 0.138823
v 0.002439 0.801332 0.137968
v -0.000000 0.801921 0.138684
v 0.000000 0.804546 0.139311
v -0.002439 0.801332 0.137968
v 0.000000 1.040000 0.135294
v -0.004391 1.035454 0.138823
v 0.004391 1.035454 0.138823
v -0.002439 1.038668 0.137968
v -0.000000 1.038079 0.138684
v -0.000000 1.035454 0.139311
v 0.002439 1.038668 0.137968
v -0.097647 0.800000 0.109129
v -0.095609 0.804546 0.114382
v -0.103214 0.804546 0.109991
v -0.096872 0.801332 0.112665
v -0.099342 0.801921 0.112065
v -0.099655 0.804546 0.112608
v -0.101096 0.801332 0.110226
v -0.097647 1.040000 0.109129
v -0.103214 1.035454 0.109991
v -0.095609 1.035454 0.114382
v -0.101096 1.038668 0.110226
v -0.099342 1.038079 0.112065
v -0.099655 1.035454 0.112608
v -0.096872 1.038669 0.112665
v -0.169129 0.800000 0.037647
v -0.169991 0.804546 0.043214
v -0.174382 0.804546 0.035609
v -0.170226 0.801332 0.041096
v -0.172065 0.801921 0.039342
v -0.172608 0.804546 0.039655
v -0.172665 0.801332 0.036872
v -0.169129 1.040000 0.037647
v -0.174382 1.035454 0.035609
v -0.169991 1.035454 0.043214
v -0.172665 1.038668 0.036872
v -0.172065 1.038079 0.039342
v -0.172608 1.035454 0.039655
v -0.170226 1.038669 0.041096
v -0.195294 0.800000 -0.060000
v -0.198823 0.804546 -0.055609
v -0.198823 0.804546 -0.064391
v -0.197968 0.801332 -0.057561
v -0.198684 0.801921 -0.060000
v -0.199311 0.804546 -0.060000
v -0.197968 0.801332 -0.062439
v -0.195294 1.040000 -0.060000
v -0.198823 1.035454 -0.064391
v -0.198823 1.035454 -0.055609
v -0.197968 1.038669 -0.062439
v -0.198684 1.038079 -0.060000
v -0.199311 1.035454 -0.060000
v -0.197968 1.038668 -0.057561
v -0.169129 0.800000 -0.157647
v -0.174382 0.804546 -0.155609
v -0.169991 0.804546 -0.163214
v -0.172665 0.801332 -0.156872
v -0.172065 0.801921 -0.159342
v -0.172608 0.804546 -0.159655
v -0.170226 0.801332 -0.161096
v -0.169129 1.040000 -0.157647
v -0.169991 1.035454 -0.163214
v -0.174382 1.035454 -0.155609
v -0.170226 1.038669 -0.161096
v -0.172065 1.038079 -0.159342
v -0.172608 1.035454 -0.159655
v -0.172665 1.038669 -0.156872
v -0.097647 0.800000 -0.229129
v -0.103214 0.804546 -0.229991
v -0.095609 0.804546 -0.234382
v -0.101096 0.801332 -0.230226
v -0.099342 0.801921 -0.232065
v -0.099655 0.804546 -0.232608
v -0.096872 0.801332 -0.232665
v -0.097647 1.040000 -0.229129
v -0.095609 1.035454 -0.234382
v -0.103214 1.035454 -0.229991
v -0.096872 1.038668 -0.232665
v -0.099342 1.038079 -0.232065
v -0.099655 1.035454 -0.232608
v -0.101096 1.038669 -0.230226
v 0.000000 0.950000 -0.335337
v 0.000000 0.954546 -0.340000
v 0.000000 0.951331 -0.338634
v 0.000000 1.530000 -0.335337
v 0.000000 1.525454 -0.340000
v 0.000000 1.528669 -0.338634
v 0.110787 0.950000 -0.310051
v 0.112810 0.954546 -0.314252
v 0.112217 0.951331 -0.313021
v 0.110787 1.530000 -0.310051
v 0.112810 1.525454 -0.314252
v 0.112217 1.528669 -0.313021
v 0.199631 0.950000 -0.239200
v 0.203276 0.954546 -0.242107
v 0.202208 0.951331 -0.241256
v 0.199631 1.530000 -0.239200
v 0.203276 1.525454 -0.242107
v 0.202208 1.528669 -0.241256
v 0.248936 0.950000 -0.136818
v 0.253481 0.954546 -0.137855
v 0.252150 0.951331 -0.137552
v 0.248936 1.530000 -0.136818
v 0.253481 1.525454 -0.137855
v 0.252150 1.528669 -0.137552
v 0.248936 0.950000 -0.023182
v 0.253481 0.954546 -0.022145
v 0.252150 0.951331 -0.022448
v 0.248936 1.530000 -0.023182
v 0.253481 1.525454 -0.022145
v 0.252150 1.528669 -0.022448
v 0.199631 0.950000 0.079200
v 0.203276 0.954546 0.082107
v 0.202208 0.951331 0.081256
v 0.199631 1.530000 0.079200
v 0.203276 1.525454 0.082107
v 0.202208 1.528669 0.081256
v 0.110787 0.950000 0.150051
v 0.112810 0.954546 0.154252
v 0.112217 0.951331 0.153021
v 0.110787 1.530000 0.150051
v 0.112810 1.525454 0.154252
v 0.112217 1.528669 0.153021
v 0.000000 0.950000 0.175337
v 0.000000 0.954546 0.180000
v 0.000000 0.951331 0.178634
v 0.000000 1.530000 0.175337
v 0.000000 1.525454 0.180000
v 0.000000 1.528669 0.178634
v -0.110787 0.950000 0.150051
v -0.112810 0.954546 0.154252
v -0.112217 0.951331 0.153021
v -0.110787 1.530000 0.150051
v -0.112810 1.525454 0.154252
v -0.112217 1.528669 0.153021
v -0.199631 0.950000 0.079200
v -0.203276 0.954546 0.082107
v -0.202208 0.951331 0.081256
v -0.199631 1.530000 0.079200
v -0.203276 1.525454 0.082107
v -0.202208 1.528669 0.081256
v -0.248936 0.950000 -0.023182
v -0.253481 0.954546 -0.022145
v -0.252150 0.951331 -0.022448
v -0.248936 1.530000 -0.023182
v -0.253481 1.525454 -0.022145
v -0.252150 1.528669 -0.022448
v -0.248936 0.950000 -0.136818
v -0.253481 0.954546 -0.137855
v -0.252150 0.951331 -0.137552
v -0.248936 1.530000 -0.136818
v -0.253481 1.525454 -0.137855
v -0.252150 1.528669 -0.137552
v -0.199631 0.950000 -0.239200
v -0.203276 0.954546 -0.242107
v -0.202208 0.951331 -0.241256
v -0.199631 1.530000 -0.239200
v -0.203276 1.525454 -0.242107
v -0.202208 1.528669 -0.241256
v -0.110787 0.950000 -0.310051
v -0.112810 0.954546 -0.314252
v -0.112217 0.951331 -0.313021
v -0.110787 1.530000 -0.310051
v -0.112810 1.525454 -0.314252
v -0.112217 1.528669 -0.313021
v -0.305454 0.675000 -0.264546
v -0.305454 0.679546 -0.260000
v -0.310000 0.679546 -0.264546
v -0.305454 0.676331 -0.261331
v -0.308079 0.676921 -0.261921
v -0.308669 0.679546 -0.261331
v -0.308669 0.676331 -0.264546
v -0.305454 1.720454 -0.260000
v -0.305454 1.725000 -0.264546
v -0.310000 1.720454 -0.264546
v -0.305454 1.723669 -0.261331
v -0.308079 1.723079 -0.261921
v -0.308669 1.723669 -0.264546
v -0.308669 1.720454 -0.261331
v -0.305454 0.675000 -0.375454
v -0.310000 0.679546 -0.375454
v -0.305454 0.679546 -0.380000
v -0.308669 0.676331 -0.375454
v -0.308079 0.676921 -0.378079
v -0.308669 0.679546 -0.378669
v -0.305454 0.676331 -0.378669
v -0.305454 1.725000 -0.375454
v -0.305454 1.720454 -0.380000
v -0.310000 1.720454 -0.375454
v -0.305454 1.723669 -0.378669
v -0.308079 1.723079 -0.378079
v -0.308669 1.720454 -0.378669
v -0.308669 1.723669 -0.375454
v 0.305454 0.675000 -0.264546
v 0.310000 0.679546 -0.264546
v 0.305454 0.679546 -0.260000
v 0.308669 0.676331 -0.264546
v 0.308079 0.676921 -0.261921
v 0.308669 0.679546 -0.261331
v 0.305454 0.676331 -0.261331
v 0.305454 1.725000 -0.264546
v 0.305454 1.720454 -0.260000
v 0.310000 1.720454 -0.264546
v 0.305454 1.723669 -0.261331
v 0.308079 1.723079 -0.261921
v 0.308669 1.720454 -0.261331
v 0.308669 1.723669 -0.264546
v 0.305454 0.675000 -0.375454
v 0.305454 0.679546 -0.380000
v 0.310000 0.679546 -0.375454
v 0.305454 0.676331 -0.378669
v 0.308079 0.676921 -0.378079
v 0.308669 0.679546 -0.378669
v 0.308669 0.676331 -0.375454
v 0.305454 1.725000 -0.375454
v 0.310000 1.720454 -0.375454
v 0.305454 1.720454 -0.380000
v 0.308669 1.723669 -0.375454
v 0.308079 1.723079 -0.378079
v 0.308669 1.720454 -0.378669
v 0.305454 1.723669 -0.378669
v -0.120000 0.420000 -0.085337
v -0.120000 0.424546 -0.090000
v -0.120000 0.421331 -0.088634
v -0.120000 0.860000 -0.085337
v -0.120000 0.855454 -0.090000
v -0.120000 0.858669 -0.088634
v -0.082973 0.420000 -0.076886
v -0.080950 0.424546 -0.081087
v -0.081543 0.421331 -0.079857
v -0.082973 0.860000 -0.076886
v -0.080950 0.855454 -0.081087
v -0.081543 0.858669 -0.079857
v -0.053281 0.420000 -0.053207
v -0.049635 0.424546 -0.056114
v -0.050703 0.421331 -0.055263
v -0.053281 0.860000 -0.053207
v -0.049635 0.855454 -0.056114
v -0.050703 0.858669 -0.055263
v -0.036802 0.420000 -0.018989
v -0.032256 0.424546 -0.020027
v -0.033588 0.421331 -0.019723
v -0.036802 0.860000 -0.018989
v -0.032256 0.855454 -0.020027
v -0.033588 0.858669 -0.019723
v -0.036802 0.420000 0.018989
v -0.032256 0.424546 0.020027
v -0.033588 0.421331 0.019723
v -0.036802 0.860000 0.018989
v -0.032256 0.855454 0.020027
v -0.033588 0.858669 0.019723
v -0.053281 0.420000 0.053207
v -0.049635 0.424546 0.056114
v -0.050703 0.421331 0.055263
v -0.053281 0.860000 0.053207
v -0.049635 0.855454 0.056114
v -0.050703 0.858669 0.055263
v -0.082973 0.420000 0.076886
v -0.080950 0.424546 0.081087
v -0.081543 0.421331 0.079857
v -0.082973 0.860000 0.076886
v -0.080950 0.855454 0.081087
v -0.081543 0.858669 0.079857
v -0.120000 0.420000 0.085337
v -0.120000 0.424546 0.090000
v -0.120000 0.421331 0.088634
v -0.120000 0.860000 0.085337
v -0.120000 0.855454 0.090000
v -0.120000 0.858669 0.088634
v -0.157026 0.420000 0.076886
v -0.159050 0.424546 0.081087
v -0.158457 0.421331 0.079857
v -0.157026 0.860000 0.076886
v -0.159050 0.855454 0.081087
v -0.158457 0.858669 0.079857
v -0.186719 0.420000 0.053207
v -0.190365 0.424546 0.056114
v -0.189297 0.421331 0.055263
v -0.186719 0.860000 0.053207
v -0.190365 0.855454 0.056114
v -0.189297 0.858669 0.055263
v -0.203198 0.420000 0.018989
v -0.207744 0.424546 0.020027
v -0.206412 0.421331 0.019723
v -0.203198 0.860000 0.018989
v -0.207744 0.855454 0.020027
v -0.206412 0.858669 0.019723
v -0.203198 0.420000 -0.018989
v -0.207744 0.424546 -0.020027
v -0.206412 0.421331 -0.019723
v -0.203198 0.860000 -0.018989
v -0.207744 0.855454 -0.020027
v -0.206412 0.858669 -0.019723
v -0.186719 0.420000 -0.053207
v -0.190365 0.424546 -0.056114
v -0.189297 0.421331 -0.055263
v -0.186719 0.860000 -0.053207
v -0.190365 0.855454 -0.056114
v -0.189297 0.858669 -0.055263
v -0.157026 0.420000 -0.076886
v -0.159050 0.424546 -0.081087
v -0.158457 0.421331 -0.079857
v -0.157026 0.860000 -0.076886
v -0.159050 0.855454 -0.081087
v -0.158457 0.858669 -0.079857
v 0.120000 0.420000 -0.085337
v 0.120000 0.424546 -0.090000
v 0.120000 0.421331 -0.088634
v 0.120000 0.860000 -0.085337
v 0.120000 0.855454 -0.090000
v 0.120000 0.858669 -0.088634
v 0.157026 0.420000 -0.076886
v 0.159050 0.424546 -0.081087
v 0.158457 0.421331 -0.079857
v 0.157026 0.860000 -0.076886
v 0.159050 0.855454 -0.081087
v 0.158457 0.858669 -0.079857
v 0.186719 0.420000 -0.053207
v 0.190365 0.424546 -0.056114
v 0.189297 0.421331 -0.055263
v 0.186719 0.860000 -0.053207
v 0.190365 0.855454 -0.056114
v 0.189297 0.858669 -0.055263
v 0.203198 0.420000 -0.018989
v 0.207744 0.424546 -0.020027
v 0.206412 0.421331 -0.019723
v 0.203198 0.860000 -0.018989
v 0.207744 0.855454 -0.020027
v 0.206412 0.858669 -0.019723
v 0.203198 0.420000 0.018989
v 0.207744 0.424546 0.020027
v 0.206412 0.421331 0.019723
v 0.203198 0.860000 0.018989
v 0.207744 0.855454 0.020027
v 0.206412 0.858669 0.019723
v 0.186719 0.420000 0.053207
v 0.190365 0.424546 0.056114
v 0.189297 0.421331 0.055263
v 0.186719 0.860000 0.053207
v 0.190365 0.855454 0.056114
v 0.189297 0.858669 0.055263
v 0.157026 0.420000 0.076886
v 0.159050 0.424546 0.081087
v 0.158457 0.421331 0.079857
v 0.157026 0.860000 0.076886
v 0.159050 0.855454 0.081087
v 0.158457 0.858669 0.079857
v 0.120000 0.420000 0.085337
v 0.120000 0.424546 0.090000
v 0.120000 0.421331 0.088634
v 0.120000 0.860000 0.085337
v 0.120000 0.855454 0.090000
v 0.120000 0.858669 0.088634
v 0.082973 0.420000 0.076886
v 0.080950 0.424546 0.081087
v 0.081543 0.421331 0.079857
v 0.082973 0.860000 0.076886
v 0.080950 0.855454 0.081087
v 0.081543 0.858669 0.079857
v 0.053281 0.420000 0.053207
v 0.049635 0.424546 0.056114
v 0.050703 0.421331 0.055263
v 0.053281 0.860000 0.053207
v 0.049635 0.855454 0.056114
v 0.050703 0.858669 0.055263
v 0.036802 0.420000 0.018989
v 0.032256 0.424546 0.020027
v 0.033588 0.421331 0.019723
v 0.036802 0.860000 0.018989
v 0.032256 0.855454 0.020027
v 0.033588 0.858669 0.019723
v 0.036802 0.420000 -0.018989
v 0.032256 0.424546 -0.020027
v 0.033588 0.421331 -0.019723
v 0.036802 0.860000 -0.018989
v 0.032256 0.855454 -0.020027
v 0.033588 0.858669 -0.019723
v 0.053281 0.420000 -0.053207
v 0.049635 0.424546 -0.056114
v 0.050703 0.421331 -0.055263
v 0.053281 0.860000 -0.053207
v 0.049635 0.855454 -0.056114
v 0.050703 0.858669 -0.055263
v 0.082973 0.420000 -0.076886
v 0.080950 0.424546 -0.081087
v 0.081543 0.421331 -0.079857
v 0.082973 0.860000 -0.076886
v 0.080950 0.855454 -0.081087
v 0.081543 0.858669 -0.079857
v -0.120000 0.100000 -0.097337
v -0.120000 0.104546 -0.102000
v -0.120000 0.101331 -0.100634
v -0.120000 0.460000 -0.097337
v -0.120000 0.455454 -0.102000
v -0.120000 0.458669 -0.100634
v -0.090783 0.100000 -0.090669
v -0.088760 0.104546 -0.094870
v -0.089353 0.101331 -0.093639
v -0.090783 0.460000 -0.090669
v -0.088760 0.455454 -0.094870
v -0.089353 0.458669 -0.093639
v -0.067354 0.100000 -0.071984
v -0.063708 0.104546 -0.074891
v -0.064776 0.101331 -0.074040
v -0.067354 0.460000 -0.071984
v -0.063708 0.455454 -0.074891
v -0.064776 0.458669 -0.074040
v -0.054351 0.100000 -0.044984
v -0.049805 0.104546 -0.046022
v -0.051137 0.101331 -0.045718
v -0.054351 0.460000 -0.044984
v -0.049805 0.455454 -0.046022
v -0.051137 0.458669 -0.045718
v -0.054351 0.100000 -0.015016
v -0.049805 0.104546 -0.013978
v -0.051137 0.101331 -0.014282
v -0.054351 0.460000 -0.015016
v -0.049805 0.455454 -0.013978
v -0.051137 0.458669 -0.014282
v -0.067354 0.100000 0.011984
v -0.063708 0.104546 0.014891
v -0.064776 0.101331 0.014040
v -0.067354 0.460000 0.011984
v -0.063708 0.455454 0.014891
v -0.064776 0.458669 0.014040
v -0.090783 0.100000 0.030669
v -0.088760 0.104546 0.034870
v -0.089353 0.101331 0.033639
v -0.090783 0.460000 0.030669
v -0.088760 0.455454 0.034870
v -0.089353 0.458669 0.033639
v -0.120000 0.100000 0.037337
v -0.120000 0.104546 0.042000
v -0.120000 0.101331 0.040634
v -0.120000 0.460000 0.037337
v -0.120000 0.455454 0.042000
v -0.120000 0.458669 0.040634
v -0.149217 0.100000 0.030669
v -0.151240 0.104546 0.034870
v -0.150647 0.101331 0.033639
v -0.149217 0.460000 0.030669
v -0.151240 0.455454 0.034870
v -0.150647 0.458669 0.033639
v -0.172646 0.100000 0.011984
v -0.176292 0.104546 0.014891
v -0.175224 0.101331 0.014040
v -0.172646 0.460000 0.011984
v -0.176292 0.455454 0.014891
v -0.175224 0.458669 0.014040
v -0.185649 0.100000 -0.015016
v -0.190195 0.104546 -0.013978
v -0.188863 0.101331 -0.014282
v -0.185649 0.460000 -0.015016
v -0.190195 0.455454 -0.013978
v -0.188863 0.458669 -0.014282
v -0.185649 0.100000 -0.044984
v -0.190195 0.104546 -0.046022
v -0.188863 0.101331 -0.045718
v -0.185649 0.460000 -0.044984
v -0.190195 0.455454 -0.046022
v -0.188863 0.458669 -0.045718
v -0.172646 0.100000 -0.071984
v -0.176292 0.104546 -0.074891
v -0.175224 0.101331 -0.074040
v -0.172646 0.460000 -0.071984
v -0.176292 0.455454 -0.074891
v -0.175224 0.458669 -0.074040
v -0.149217 0.100000 -0.090669
v -0.151240 0.104546 -0.094870
v -0.150647 0.101331 -0.093639
v -0.149217 0.460000 -0.090669
v -0.151240 0.455454 -0.094870
v -0.150647 0.458669 -0.093639
v 0.120000 0.100000 -0.097337
v 0.120000 0.104546 -0.102000
v 0.120000 0.101331 -0.100634
v 0.120000 0.460000 -0.097337
v 0.120000 0.455454 -0.102000
v 0.120000 0.458669 -0.100634
v 0.149217 0.100000 -0.090669
v 0.151240 0.104546 -0.094870
v 0.150647 0.101331 -0.093639
v 0.149217 0.460000 -0.090669
v 0.151240 0.455454 -0.094870
v 0.150647 0.458669 -0.093639
v 0.172646 0.100000 -0.071984
v 0.176292 0.104546 -0.074891
v 0.175224 0.101331 -0.074040
v 0.172646 0.460000 -0.071984
v 0.176292 0.455454 -0.074891
v 0.175224 0.458669 -0.074040
v 0.185649 0.100000 -0.044984
v 0.190195 0.104546 -0.046022
v 0.188863 0.101331 -0.045718
v 0.185649 0.460000 -0.044984
v 0.190195 0.455454 -0.046022
v 0.188863 0.458669 -0.045718
v 0.185649 0.100000 -0.015016
v 0.190195 0.104546 -0.013978
v 0.188863 0.101331 -0.014282
v 0.185649 0.460000 -0.015016
v 0.190195 0.455454 -0.013978
v 0.188863 0.458669 -0.014282
v 0.172646 0.100000 0.011984
v 0.176292 0.104546 0.014891
v 0.175224 0.101331 0.014040
v 0.172646 0.460000 0.011984
v 0.176292 0.455454 0.014891
v 0.175224 0.458669 0.014040
v 0.149217 0.100000 0.030669
v 0.151240 0.104546 0.034870
v 0.150647 0.101331 0.033639
v 0.149217 0.460000 0.030669
v 0.151240 0.455454 0.034870
v 0.150647 0.458669 0.033639
v 0.120000 0.100000 0.037337
v 0.120000 0.104546 0.042000
v 0.120000 0.101331 0.040634
v 0.120000 0.460000 0.037337
v 0.120000 0.455454 0.042000
v 0.120000 0.458669 0.040634
v 0.090783 0.100000 0.030669
v 0.088760 0.104546 0.034870
v 0.089353 0.101331 0.033639
v 0.090783 0.460000 0.030669
v 0.088760 0.455454 0.034870
v 0.089353 0.458669 0.033639
v 0.067354 0.100000 0.011984
v 0.063708 0.104546 0.014891
v 0.064776 0.101331 0.014040
v 0.067354 0.460000 0.011984
v 0.063708 0.455454 0.014891
v 0.064776 0.458669 0.014040
v 0.054351 0.100000 -0.015016
v 0.049805 0.104546 -0.013978
v 0.051137 0.101331 -0.014282
v 0.054351 0.460000 -0.015016
v 0.049805 0.455454 -0.013978
v 0.051137 0.458669 -0.014282
v 0.054351 0.100000 -0.044984
v 0.049805 0.104546 -0.046022
v 0.051137 0.101331 -0.045718
v 0.054351 0.460000 -0.044984
v 0.049805 0.455454 -0.046022
v 0.051137 0.458669 -0.045718
v 0.067354 0.100000 -0.071984
v 0.063708 0.104546 -0.074891
v 0.064776 0.101331 -0.074040
v 0.067354 0.460000 -0.071984
v 0.063708 0.455454 -0.074891
v 0.064776 0.458669 -0.074040
v 0.090783 0.100000 -0.090669
v 0.088760 0.104546 -0.094870
v 0.089353 0.101331 -0.093639
v 0.090783 0.460000 -0.090669
v 0.088760 0.455454 -0.094870
v 0.089353 0.458669 -0.093639
v -0.205454 0.010000 0.065454
v -0.205454 0.014546 0.070000
v -0.210000 0.014546 0.065454
v -0.205454 0.011331 0.068669
v -0.208079 0.011921 0.068079
v -0.208669 0.014546 0.068669
v -0.208669 0.011331 0.065454
v -0.205454 0.125454 0.070000
v -0.205454 0.130000 0.065454
v -0.210000 0.125454 0.065454
v -0.205454 0.128669 0.068669
v -0.208079 0.128079 0.068079
v -0.208669 0.128669 0.065454
v -0.208669 0.125454 0.068669
v -0.205454 0.010000 -0.245454
v -0.210000 0.014546 -0.245454
v -0.205454 0.014546 -0.250000
v -0.208669 0.011331 -0.245454
v -0.208079 0.011921 -0.248079
v -0.208669 0.014546 -0.248669
v -0.205454 0.011331 -0.248669
v -0.205454 0.130000 -0.245454
v -0.205454 0.125454 -0.250000
v -0.210000 0.125454 -0.245454
v -0.205454 0.128669 -0.248669
v -0.208079 0.128079 -0.248079
v -0.208669 0.125454 -0.248669
v -0.208669 0.128669 -0.245454
v -0.034546 0.010000 0.065454
v -0.030000 0.014546 0.065454
v -0.034546 0.014546 0.070000
v -0.031331 0.011331 0.065454
v -0.031921 0.011921 0.068079
v -0.031331 0.014546 0.068669
v -0.034546 0.011331 0.068669
v -0.034546 0.130000 0.065454
v -0.034546 0.125454 0.070000
v -0.030000 0.125454 0.065454
v -0.034546 0.128669 0.068669
v -0.031921 0.128079 0.068079
v -0.031331 0.125454 0.068669
v -0.031331 0.128669 0.065454
v -0.034546 0.010000 -0.245454
v -0.034546 0.014546 -0.250000
v -0.030000 0.014546 -0.245454
v -0.034546 0.011331 -0.248669
v -0.031921 0.011921 -0.248079
v -0.031331 0.014546 -0.248669
v -0.031331 0.011331 -0.245454
v -0.034546 0.130000 -0.245454
v -0.030000 0.125454 -0.245454
v -0.034546 0.125454 -0.250000
v -0.031331 0.128669 -0.245454
v -0.031921 0.128079 -0.248079
v -0.031331 0.125454 -0.248669
v -0.034546 0.128669 -0.248669
v 0.034546 0.010000 0.065454
v 0.034546 0.014546 0.070000
v 0.030000 0.014546 0.065454
v 0.034546 0.011331 0.068669
v 0.031921 0.011921 0.068079
v 0.031331 0.014546 0.068669
v 0.031331 0.011331 0.065454
v 0.034546 0.125454 0.070000
v 0.034546 0.130000 0.065454
v 0.030000 0.125454 0.065454
v 0.034546 0.128669 0.068669
v 0.031921 0.128079 0.068079
v 0.031331 0.128669 0.065454
v 0.031331 0.125454 0.068669
v 0.034546 0.010000 -0.245454
v 0.030000 0.014546 -0.245454
v 0.034546 0.014546 -0.250000
v 0.031331 0.011331 -0.245454
v 0.031921 0.011921 -0.248079
v 0.031331 0.014546 -0.248669
v 0.034546 0.011331 -0.248669
v 0.034546 0.130000 -0.245454
v 0.034546 0.125454 -0.250000
v 0.030000 0.125454 -0.245454
v 0.034546 0.128669 -0.248669
v 0.031921 0.128079 -0.248079
v 0.031331 0.125454 -0.248669
v 0.031331 0.128669 -0.245454
v 0.205454 0.010000 0.065454
v 0.210000 0.014546 0.065454
v 0.205454 0.014546 0.070000
v 0.208669 0.011331 0.065454
v 0.208079 0.011921 0.068079
v 0.208669 0.014546 0.068669
v 0.205454 0.011331 0.068669
v 0.205454 0.130000 0.065454
v 0.205454 0.125454 0.070000
v 0.210000 0.125454 0.065454
v 0.205454 0.128669 0.068669
v 0.208079 0.128079 0.068079
v 0.208669 0.125454 0.068669
v 0.208669 0.128669 0.065454
v 0.205454 0.010000 -0.245454
v 0.205454 0.014546 -0.250000
v 0.210000 0.014546 -0.245454
v 0.205454 0.011331 -0.248669
v 0.208079 0.011921 -0.248079
v 0.208669 0.014546 -0.248669
v 0.208669 0.011331 -0.245454
v 0.205454 0.130000 -0.245454
v 0.210000 0.125454 -0.245454
v 0.205454 0.125454 -0.250000
v 0.208669 0.128669 -0.245454
v 0.208079 0.128079 -0.248079
v 0.208669 0.125454 -0.248669
v 0.205454 0.128669 -0.248669
v -0.178454 0.020000 -0.164546
v -0.178454 0.024546 -0.160000
v -0.183000 0.024546 -0.164546
v -0.178454 0.021331 -0.161331
v -0.181079 0.021921 -0.161921
v -0.181669 0.024546 -0.161331
v -0.181669 0.021331 -0.164546
v -0.178454 0.075454 -0.160000
v -0.178454 0.080000 -0.164546
v -0.183000 0.075454 -0.164546
v -0.178454 0.078669 -0.161331
v -0.181079 0.078079 -0.161921
v -0.181669 0.078669 -0.164546
v -0.181669 0.075454 -0.161331
v -0.178454 0.020000 -0.275454
v -0.183000 0.024546 -0.275454
v -0.178454 0.024546 -0.280000
v -0.181669 0.021331 -0.275454
v -0.181079 0.021921 -0.278079
v -0.181669 0.024546 -0.278669
v -0.178454 0.021331 -0.278669
v -0.178454 0.080000 -0.275454
v -0.178454 0.075454 -0.280000
v -0.183000 0.075454 -0.275454
v -0.178454 0.078669 -0.278669
v -0.181079 0.078079 -0.278079
v -0.181669 0.075454 -0.278669
v -0.181669 0.078669 -0.275454
v -0.061546 0.020000 -0.164546
v -0.057000 0.024546 -0.164546
v -0.061546 0.024546 -0.160000
v -0.058331 0.021331 -0.164546
v -0.058921 0.021921 -0.161921
v -0.058331 0.024546 -0.161331
v -0.061546 0.021331 -0.161331
v -0.061546 0.080000 -0.164546
v -0.061546 0.075454 -0.160000
v -0.057000 0.075454 -0.164546
v -0.061546 0.078669 -0.161331
v -0.058921 0.078079 -0.161921
v -0.058331 0.075454 -0.161331
v -0.058331 0.078669 -0.164546
v -0.061546 0.020000 -0.275454
v -0.061546 0.024546 -0.280000
v -0.057000 0.024546 -0.275454
v -0.061546 0.021331 -0.278669
v -0.058921 0.021921 -0.278079
v -0.058331 0.024546 -0.278669
v -0.058331 0.021331 -0.275454
v -0.061546 0.080000 -0.275454
v -0.057000 0.075454 -0.275454
v -0.061546 0.075454 -0.280000
v -0.058331 0.078669 -0.275454
v -0.058921 0.078079 -0.278079
v -0.058331 0.075454 -0.278669
v -0.061546 0.078669 -0.278669
v 0.061546 0.020000 -0.164546
v 0.061546 0.024546 -0.160000
v 0.057000 0.024546 -0.164546
v 0.061546 0.021331 -0.161331
v 0.058921 0.021921 -0.161921
v 0.058331 0.024546 -0.161331
v 0.058331 0.021331 -0.164546
v 0.061546 0.075454 -0.160000
v 0.061546 0.080000 -0.164546
v 0.057000 0.075454 -0.164546
v 0.061546 0.078669 -0.161331
v 0.058921 0.078079 -0.161921
v 0.058331 0.078669 -0.164546
v 0.058331 0.075454 -0.161331
v 0.061546 0.020000 -0.275454
v 0.057000 0.024546 -0.275454
v 0.061546 0.024546 -0.280000
v 0.058331 0.021331 -0.275454
v 0.058921 0.021921 -0.278079
v 0.058331 0.024546 -0.278669
v 0.061546 0.021331 -0.278669
v 0.061546 0.080000 -0.275454
v 0.061546 0.075454 -0.280000
v 0.057000 0.075454 -0.275454
v 0.061546 0.078669 -0.278669
v 0.058921 0.078079 -0.278079
v 0.058331 0.075454 -0.278669
v 0.058331 0.078669 -0.275454
v 0.178454 0.020000 -0.164546
v 0.183000 0.024546 -0.164546
v 0.178454 0.024546 -0.160000
v 0.181669 0.021331 -0.164546
v 0.181079 0.021921 -0.161921
v 0.181669 0.024546 -0.161331
v 0.178454 0.021331 -0.161331
v 0.178454 0.080000 -0.164546
v 0.178454 0.075454 -0.160000
v 0.183000 0.075454 -0.164546
v 0.178454 0.078669 -0.161331
v 0.181079 0.078079 -0.161921
v 0.181669 0.075454 -0.161331
v 0.181669 0.078669 -0.164546
v 0.178454 0.020000 -0.275454
v 0.178454 0.024546 -0.280000
v 0.183000 0.024546 -0.275454
v 0.178454 0.021331 -0.278669
v 0.181079 0.021921 -0.278079
v 0.181669 0.024546 -0.278669
v 0.181669 0.021331 -0.275454
v 0.178454 0.080000 -0.275454
v 0.183000 0.075454 -0.275454
v 0.178454 0.075454 -0.280000
v 0.181669 0.078669 -0.275454
v 0.181079 0.078079 -0.278079
v 0.181669 0.075454 -0.278669
v 0.178454 0.078669 -0.278669
v -0.409615 1.106973 -0.067337
v -0.408362 1.111342 -0.072000
v -0.409248 1.108253 -0.070634
v -0.310385 1.453027 -0.067337
v -0.311638 1.448657 -0.072000
v -0.310752 1.451747 -0.070634
v -0.381530 1.098920 -0.060669
v -0.378332 1.102732 -0.064870
v -0.379788 1.099805 -0.063639
v -0.282300 1.444974 -0.060669
v -0.281609 1.440047 -0.064870
v -0.281292 1.443300 -0.063639
v -0.359008 1.092461 -0.041984
v -0.354251 1.095826 -0.044891
v -0.356163 1.093031 -0.044040
v -0.259778 1.438516 -0.041984
v -0.257527 1.433141 -0.044891
v -0.257667 1.436525 -0.044040
v -0.346509 1.088878 -0.014984
v -0.340886 1.091994 -0.016022
v -0.343052 1.089271 -0.015718
v -0.247279 1.434932 -0.014984
v -0.244163 1.429309 -0.016022
v -0.244557 1.432766 -0.015718
v -0.346509 1.088878 0.014984
v -0.340886 1.091994 0.016022
v -0.343052 1.089271 0.015718
v -0.247279 1.434932 0.014984
v -0.244163 1.429309 0.016022
v -0.244557 1.432766 0.015718
v -0.359008 1.092462 0.041984
v -0.354251 1.095826 0.044891
v -0.356163 1.093031 0.044040
v -0.259778 1.438516 0.041984
v -0.257527 1.433141 0.044891
v -0.257667 1.436525 0.044040
v -0.381530 1.098920 0.060669
v -0.378332 1.102732 0.064870
v -0.379788 1.099805 0.063639
v -0.282301 1.444974 0.060669
v -0.281609 1.440047 0.064870
v -0.281292 1.443300 0.063639
v -0.409615 1.106973 0.067337
v -0.408362 1.111342 0.072000
v -0.409248 1.108253 0.070634
v -0.310385 1.453027 0.067337
v -0.311638 1.448657 0.072000
v -0.310752 1.451747 0.070634
v -0.437700 1.115026 0.060669
v -0.438391 1.119953 0.064870
v -0.438708 1.116700 0.063639
v -0.338470 1.461080 0.060669
v -0.341668 1.457268 0.064870
v -0.340212 1.460195 0.063639
v -0.460222 1.121484 0.041984
v -0.462473 1.126859 0.044891
v -0.462333 1.123474 0.044040
v -0.360992 1.467538 0.041984
v -0.365749 1.464174 0.044891
v -0.363837 1.466969 0.044040
v -0.472721 1.125068 0.014984
v -0.475837 1.130691 0.016022
v -0.475443 1.127234 0.015718
v -0.373491 1.471122 0.014984
v -0.379114 1.468006 0.016022
v -0.376948 1.470729 0.015718
v -0.472721 1.125068 -0.014984
v -0.475837 1.130691 -0.016022
v -0.475443 1.127234 -0.015718
v -0.373491 1.471122 -0.014984
v -0.379114 1.468006 -0.016022
v -0.376948 1.470729 -0.015718
v -0.460222 1.121484 -0.041984
v -0.462473 1.126859 -0.044891
v -0.462333 1.123474 -0.044040
v -0.360992 1.467538 -0.041984
v -0.365749 1.464174 -0.044891
v -0.363837 1.466969 -0.044040
v -0.437700 1.115026 -0.060669
v -0.438391 1.119953 -0.064870
v -0.438708 1.116700 -0.063639
v -0.338470 1.461080 -0.060669
v -0.341668 1.457268 -0.064870
v -0.340212 1.460195 -0.063639
v 0.409615 1.106973 -0.067337
v 0.408362 1.111342 -0.072000
v 0.409248 1.108253 -0.070634
v 0.310385 1.453027 -0.067337
v 0.311638 1.448657 -0.072000
v 0.310752 1.451747 -0.070634
v 0.437700 1.115026 -0.060669
v 0.438391 1.119953 -0.064870
v 0.438708 1.116700 -0.063639
v 0.338470 1.461080 -0.060669
v 0.341668 1.457268 -0.064870
v 0.340212 1.460195 -0.063639
v 0.460222 1.121484 -0.041984
v 0.462473 1.126859 -0.044891
v 0.462333 1.123474 -0.044040
v 0.360992 1.467538 -0.041984
v 0.365749 1.464174 -0.044891
v 0.363837 1.466969 -0.044040
v 0.472721 1.125068 -0.014984
v 0.475837 1.130691 -0.016022
v 0.475443 1.127234 -0.015718
v 0.373491 1.471122 -0.014984
v 0.379114 1.468006 -0.016022
v 0.376948 1.470729 -0.015718
v 0.472721 1.125068 0.014984
v 0.475837 1.130691 0.016022
v 0.475443 1.127234 0.015718
v 0.373491 1.471122 0.014984
v 0.379114 1.468006 0.016022
v 0.376948 1.470729 0.015718
v 0.460222 1.121484 0.041984
v 0.462473 1.126859 0.044891
v 0.462333 1.123474 0.044040
v 0.360992 1.467538 0.041984
v 0.365749 1.464174 0.044891
v 0.363837 1.466969 0.044040
v 0.437700 1.115026 0.060669
v 0.438391 1.119953 0.064870
v 0.438708 1.116700 0.063639
v 0.338470 1.461080 0.060669
v 0.341668 1.457268 0.064870
v 0.340212 1.460195 0.063639
v 0.409615 1.106973 0.067337
v 0.408362 1.111342 0.072000
v 0.409248 1.108253 0.070634
v 0.310385 1.453027 0.067337
v 0.311638 1.448657 0.072000
v 0.310752 1.451747 0.070634
v 0.381530 1.098920 0.060669
v 0.378332 1.102732 0.064870
v 0.379788 1.099805 0.063639
v 0.282300 1.444974 0.060669
v 0.281609 1.440047 0.064870
v 0.281292 1.443300 0.063639
v 0.359008 1.092461 0.041984
v 0.354251 1.095826 0.044891
v 0.356163 1.093031 0.044040
v 0.259778 1.438516 0.041984
v 0.257527 1.433141 0.044891
v 0.257667 1.436525 0.044040
v 0.346509 1.088878 0.014984
v 0.340886 1.091994 0.016022
v 0.343052 1.089271 0.015718
v 0.247279 1.434932 0.014984
v 0.244163 1.429309 0.016022
v 0.244557 1.432766 0.015718
v 0.346509 1.088878 -0.014984
v 0.340886 1.091994 -0.016022
v 0.343052 1.089271 -0.015718
v 0.247279 1.434932 -0.014984
v 0.244163 1.429309 -0.016022
v 0.244557 1.432766 -0.015718
v 0.359008 1.092462 -0.041984
v 0.354251 1.095826 -0.044891
v 0.356163 1.093031 -0.044040
v 0.259778 1.438516 -0.041984
v 0.257527 1.433141 -0.044891
v 0.257667 1.436525 -0.044040
v 0.381530 1.098920 -0.060669
v 0.378332 1.102732 -0.064870
v 0.379788 1.099805 -0.063639
v 0.282301 1.444974 -0.060669
v 0.281609 1.440047 -0.064870
v 0.281292 1.443300 -0.063639
v -0.413199 1.161012 -0.059470
v -0.420254 1.161012 -0.064596
v -0.418115 1.163538 -0.060122
v -0.416381 1.161012 -0.062508
v -0.405809 1.142196 -0.069643
v -0.412863 1.142196 -0.074768
v -0.408991 1.142196 -0.072680
v -0.403215 1.120000 -0.073216
v -0.410267 1.120000 -0.078339
v -0.406396 1.120000 -0.076252
v -0.405809 1.097804 -0.069643
v -0.412863 1.097804 -0.074768
v -0.408991 1.097804 -0.072680
v -0.420254 1.078988 -0.064596
v -0.413199 1.078988 -0.059470
v -0.418115 1.076462 -0.060122
v -0.416381 1.078988 -0.062508
v -0.400995 1.161012 -0.038089
v -0.403690 1.161012 -0.046383
v -0.404590 1.163538 -0.041505
v -0.401784 1.161012 -0.042417
v -0.389038 1.142196 -0.041975
v -0.391732 1.142196 -0.050267
v -0.389827 1.142196 -0.046302
v -0.384839 1.120000 -0.043340
v -0.387532 1.120000 -0.051630
v -0.385628 1.120000 -0.047667
v -0.389038 1.097804 -0.041975
v -0.391732 1.097804 -0.050267
v -0.389827 1.097804 -0.046302
v -0.403690 1.078988 -0.046383
v -0.400995 1.078988 -0.038089
v -0.404590 1.076462 -0.041505
v -0.401784 1.078988 -0.042417
v -0.403690 1.161012 -0.013617
v -0.400995 1.161012 -0.021911
v -0.404590 1.163538 -0.018495
v -0.401784 1.161012 -0.017583
v -0.391732 1.142196 -0.009733
v -0.389038 1.142196 -0.018025
v -0.389827 1.142196 -0.013698
v -0.387532 1.120000 -0.008370
v -0.384839 1.120000 -0.016660
v -0.385628 1.120000 -0.012333
v -0.391732 1.097804 -0.009733
v -0.389038 1.097804 -0.018025
v -0.389827 1.097804 -0.013698
v -0.400995 1.078988 -0.021911
v -0.403690 1.078988 -0.013617
v -0.404590 1.076462 -0.018495
v -0.401784 1.078988 -0.017583
v -0.420254 1.161012 0.004596
v -0.413199 1.161012 -0.000530
v -0.418115 1.163538 0.000122
v -0.416381 1.161012 0.002508
v -0.412863 1.142196 0.014768
v -0.405809 1.142196 0.009643
v -0.408991 1.142196 0.012680
v -0.410267 1.120000 0.018339
v -0.403215 1.120000 0.013216
v -0.406396 1.120000 0.016252
v -0.412863 1.097804 0.014768
v -0.405809 1.097804 0.009643
v -0.408991 1.097804 0.012680
v -0.413199 1.078988 -0.000530
v -0.420254 1.078988 0.004596
v -0.418115 1.076462 0.000122
v -0.416381 1.078988 0.002508
v -0.444360 1.161012 0.009595
v -0.435640 1.161012 0.009595
v -0.440000 1.163538 0.007233
v -0.440000 1.161012 0.010182
v -0.444359 1.142196 0.022169
v -0.435641 1.142196 0.022169
v -0.440000 1.142196 0.022755
v -0.444358 1.120000 0.026584
v -0.435642 1.120000 0.026584
v -0.440000 1.120000 0.027170
v -0.444359 1.097804 0.022169
v -0.435641 1.097804 0.022169
v -0.440000 1.097804 0.022755
v -0.435640 1.078988 0.009595
v -0.444360 1.078988 0.009595
v -0.440000 1.076462 0.007233
v -0.440000 1.078988 0.010182
v -0.466801 1.161012 -0.000530
v -0.459746 1.161012 0.004596
v -0.461885 1.163538 0.000122
v -0.463619 1.161012 0.002508
v -0.474191 1.142196 0.009643
v -0.467137 1.142196 0.014768
v -0.471009 1.142196 0.012680
v -0.476785 1.120000 0.013216
v -0.469733 1.120000 0.018339
v -0.473604 1.120000 0.016252
v -0.474191 1.097804 0.009643
v -0.467137 1.097804 0.014768
v -0.471009 1.097804 0.012680
v -0.459746 1.078988 0.004596
v -0.466801 1.078988 -0.000530
v -0.461885 1.076462 0.000122
v -0.463619 1.078988 0.002508
v -0.479005 1.161012 -0.021911
v -0.476310 1.161012 -0.013617
v -0.475410 1.163538 -0.018494
v -0.478216 1.161012 -0.017583
v -0.490962 1.142196 -0.018025
v -0.488268 1.142196 -0.009733
v -0.490173 1.142196 -0.013698
v -0.495161 1.120000 -0.016660
v -0.492468 1.120000 -0.008370
v -0.494372 1.120000 -0.012333
v -0.490962 1.097804 -0.018025
v -0.488268 1.097804 -0.009733
v -0.490173 1.097804 -0.013698
v -0.476310 1.078988 -0.013617
v -0.479005 1.078988 -0.021911
v -0.475410 1.076462 -0.018494
v -0.478216 1.078988 -0.017583
v -0.476310 1.161012 -0.046383
v -0.479005 1.161012 -0.038089
v -0.475410 1.163538 -0.041505
v -0.478216 1.161012 -0.042417
v -0.488268 1.142196 -0.050267
v -0.490962 1.142196 -0.041975
v -0.490173 1.142196 -0.046302
v -0.492468 1.120000 -0.051630
v -0.495161 1.120000 -0.043340
v -0.494372 1.120000 -0.047667
v -0.488268 1.097804 -0.050267
v -0.490962 1.097804 -0.041975
v -0.490173 1.097804 -0.046302
v -0.479005 1.078988 -0.038089
v -0.476310 1.078988 -0.046383
v -0.475410 1.076462 -0.041505
v -0.478216 1.078988 -0.042417
v -0.459746 1.161012 -0.064596
v -0.466801 1.161012 -0.059470
v -0.461885 1.163538 -0.060122
v -0.463619 1.161012 -0.062508
v -0.467137 1.142196 -0.074768
v -0.474191 1.142196 -0.069643
v -0.471009 1.142196 -0.072680
v -0.469733 1.120000 -0.078339
v -0.476785 1.120000 -0.073216
v -0.473604 1.120000 -0.076252
v -0.467137 1.097804 -0.074768
v -0.474191 1.097804 -0.069643
v -0.471009 1.097804 -0.072680
v -0.466801 1.078988 -0.059470
v -0.459746 1.078988 -0.064596
v -0.461885 1.076462 -0.060122
v -0.463619 1.078988 -0.062508
v -0.435640 1.161012 -0.069595
v -0.444360 1.161012 -0.069595
v -0.440000 1.163538 -0.067233
v -0.440000 1.161012 -0.070182
v -0.435641 1.142196 -0.082169
v -0.444359 1.142196 -0.082169
v -0.440000 1.142196 -0.082755
v -0.435642 1.120000 -0.086584
v -0.444358 1.120000 -0.086584
v -0.440000 1.120000 -0.087170
v -0.435641 1.097804 -0.082169
v -0.444359 1.097804 -0.082169
v -0.440000 1.097804 -0.082755
v -0.444360 1.078988 -0.069595
v -0.435640 1.078988 -0.069595
v -0.440000 1.076462 -0.067233
v -0.440000 1.078988 -0.070182
v 0.466801 1.161012 -0.059470
v 0.459746 1.161012 -0.064596
v 0.461885 1.163538 -0.060122
v 0.463619 1.161012 -0.062508
v 0.474191 1.142196 -0.069643
v 0.467137 1.142196 -0.074768
v 0.471009 1.142196 -0.072680
v 0.476785 1.120000 -0.073216
v 0.469733 1.120000 -0.078339
v 0.473604 1.120000 -0.076252
v 0.474191 1.097804 -0.069643
v 0.467137 1.097804 -0.074768
v 0.471009 1.097804 -0.072680
v 0.459746 1.078988 -0.064596
v 0.466801 1.078988 -0.059470
v 0.461885 1.076462 -0.060122
v 0.463619 1.078988 -0.062508
v 0.479005 1.161012 -0.038089
v 0.476310 1.161012 -0.046383
v 0.475410 1.163538 -0.041505
v 0.478216 1.161012 -0.042417
v 0.490962 1.142196 -0.041975
v 0.488268 1.142196 -0.050267
v 0.490173 1.142196 -0.046302
v 0.495161 1.120000 -0.043340
v 0.492468 1.120000 -0.051630
v 0.494372 1.120000 -0.047667
v 0.490962 1.097804 -0.041975
v 0.488268 1.097804 -0.050267
v 0.490173 1.097804 -0.046302
v 0.476310 1.078988 -0.046383
v 0.479005 1.078988 -0.038089
v 0.475410 1.076462 -0.041505
v 0.478216 1.078988 -0.042417
v 0.476310 1.161012 -0.013617
v 0.479005 1.161012 -0.021911
v 0.475410 1.163538 -0.018495
v 0.478216 1.161012 -0.017583
v 0.488268 1.142196 -0.009733
v 0.490962 1.142196 -0.018025
v 0.490173 1.142196 -0.013698
v 0.492468 1.120000 -0.008370
v 0.495161 1.120000 -0.016660
v 0.494372 1.120000 -0.012333
v 0.488268 1.097804 -0.009733
v 0.490962 1.097804 -0.018025
v 0.490173 1.097804 -0.013698
v 0.479005 1.078988 -0.021911
v 0.476310 1.078988 -0.013617
v 0.475410 1.076462 -0.018495
v 0.478216 1.078988 -0.017583
v 0.459746 1.161012 0.004596
v 0.466801 1.161012 -0.000530
v 0.461885 1.163538 0.000122
v 0.463619 1.161012 0.002508
v 0.467137 1.142196 0.014768
v 0.474191 1.142196 0.009643
v 0.471009 1.142196 0.012680
v 0.469733 1.120000 0.018339
v 0.476785 1.120000 0.013216
v 0.473604 1.120000 0.016252
v 0.467137 1.097804 0.014768
v 0.474191 1.097804 0.009643
v 0.471009 1.097804 0.012680
v 0.466801 1.078988 -0.000530
v 0.459746 1.078988 0.004596
v 0.461885 1.076462 0.000122
v 0.463619 1.078988 0.002508
v 0.435640 1.161012 0.009595
v 0.444360 1.161012 0.009595
v 0.440000 1.163538 0.007233
v 0.440000 1.161012 0.010182
v 0.435641 1.142196 0.022169
v 0.444359 1.142196 0.022169
v 0.440000 1.142196 0.022755
v 0.435642 1.120000 0.026584
v 0.444358 1.120000 0.026584
v 0.440000 1.120000 0.027170
v 0.435641 1.097804 0.022169
v 0.444359 1.097804 0.022169
v 0.440000 1.097804 0.022755
v 0.444360 1.078988 0.009595
v 0.435640 1.078988 0.009595
v 0.440000 1.076462 0.007233
v 0.440000 1.078988 0.010182
v 0.413199 1.161012 -0.000530
v 0.420254 1.161012 0.004596
v 0.418115 1.163538 0.000122
v 0.416381 1.161012 0.002508
v 0.405809 1.142196 0.009643
v 0.412863 1.142196 0.014768
v 0.408991 1.142196 0.012680
v 0.403215 1.120000 0.013216
v 0.410267 1.120000 0.018339
v 0.406396 1.120000 0.016252
v 0.405809 1.097804 0.009643
v 0.412863 1.097804 0.014768
v 0.408991 1.097804 0.012680
v 0.420254 1.078988 0.004596
v 0.413199 1.078988 -0.000530
v 0.418115 1.076462 0.000122
v 0.416381 1.078988 0.002508
v 0.400995 1.161012 -0.021911
v 0.403690 1.161012 -0.013617
v 0.404590 1.163538 -0.018494
v 0.401784 1.161012 -0.017583
v 0.389038 1.142196 -0.018025
v 0.391732 1.142196 -0.009733
v 0.389827 1.142196 -0.013698
v 0.384839 1.120000 -0.016660
v 0.387532 1.120000 -0.008370
v 0.385628 1.120000 -0.012333
v 0.389038 1.097804 -0.018025
v 0.391732 1.097804 -0.009733
v 0.389827 1.097804 -0.013698
v 0.403690 1.078988 -0.013617
v 0.400995 1.078988 -0.021911
v 0.404590 1.076462 -0.018494
v 0.401784 1.078988 -0.017583
v 0.403690 1.161012 -0.046383
v 0.400995 1.161012 -0.038089
v 0.404590 1.163538 -0.041505
v 0.401784 1.161012 -0.042417
v 0.391732 1.142196 -0.050267
v 0.389038 1.142196 -0.041975
v 0.389827 1.142196 -0.046302
v 0.387532 1.120000 -0.051630
v 0.384839 1.120000 -0.043340
v 0.385628 1.120000 -0.047667
v 0.391732 1.097804 -0.050267
v 0.389038 1.097804 -0.041975
v 0.389827 1.097804 -0.046302
v 0.400995 1.078988 -0.038089
v 0.403690 1.078988 -0.046383
v 0.404590 1.076462 -0.041505
v 0.401784 1.078988 -0.042417
v 0.420254 1.161012 -0.064596
v 0.413199 1.161012 -0.059470
v 0.418115 1.163538 -0.060122
v 0.416381 1.161012 -0.062508
v 0.412863 1.142196 -0.074768
v 0.405809 1.142196 -0.069643
v 0.408991 1.142196 -0.072680
v 0.410267 1.120000 -0.078339
v 0.403215 1.120000 -0.073216
v 0.406396 1.120000 -0.076252
v 0.412863 1.097804 -0.074768
v 0.405809 1.097804 -0.069643
v 0.408991 1.097804 -0.072680
v 0.413199 1.078988 -0.059470
v 0.420254 1.078988 -0.064596
v 0.418115 1.076462 -0.060122
v 0.416381 1.078988 -0.062508
v 0.444360 1.161012 -0.069595
v 0.435640 1.161012 -0.069595
v 0.440000 1.163538 -0.067233
v 0.440000 1.161012 -0.070182
v 0.444359 1.142196 -0.082169
v 0.435641 1.142196 -0.082169
v 0.440000 1.142196 -0.082755
v 0.444358 1.120000 -0.086584
v 0.435642 1.120000 -0.086584
v 0.440000 1.120000 -0.087170
v 0.444359 1.097804 -0.082169
v 0.435641 1.097804 -0.082169
v 0.440000 1.097804 -0.082755
v 0.435640 1.078988 -0.069595
v 0.444360 1.078988 -0.069595
v 0.440000 1.076462 -0.067233
v 0.440000 1.078988 -0.070182
v -0.507784 0.842431 -0.105337
v -0.506994 0.846907 -0.110000
v -0.507553 0.843742 -0.108634
v -0.452216 1.157569 -0.105337
v -0.453006 1.153093 -0.110000
v -0.452447 1.156258 -0.108634
v -0.484138 0.838261 -0.099857
v -0.481357 0.842387 -0.104058
v -0.482499 0.839324 -0.102828
v -0.428571 1.153400 -0.099857
v -0.427368 1.148572 -0.104058
v -0.427393 1.151840 -0.102828
v -0.465176 0.834918 -0.084502
v -0.460797 0.838762 -0.087409
v -0.462407 0.835782 -0.086558
v -0.409609 1.150056 -0.084502
v -0.406808 1.144947 -0.087409
v -0.407302 1.148298 -0.086558
v -0.454653 0.833062 -0.062314
v -0.449387 0.836750 -0.063351
v -0.451257 0.833815 -0.063047
v -0.399086 1.148201 -0.062314
v -0.395399 1.142935 -0.063351
v -0.396152 1.146332 -0.063047
v -0.454653 0.833062 -0.037686
v -0.449387 0.836750 -0.036649
v -0.451257 0.833815 -0.036953
v -0.399086 1.148201 -0.037686
v -0.395399 1.142935 -0.036649
v -0.396152 1.146332 -0.036953
v -0.465176 0.834918 -0.015498
v -0.460797 0.838762 -0.012591
v -0.462407 0.835782 -0.013442
v -0.409609 1.150056 -0.015498
v -0.406808 1.144947 -0.012591
v -0.407302 1.148297 -0.013442
v -0.484138 0.838261 -0.000143
v -0.481357 0.842387 0.004058
v -0.482499 0.839324 0.002828
v -0.428571 1.153400 -0.000143
v -0.427368 1.148572 0.004058
v -0.427393 1.151840 0.002828
v -0.507784 0.842431 0.005337
v -0.506994 0.846907 0.010000
v -0.507553 0.843742 0.008634
v -0.452216 1.157569 0.005337
v -0.453006 1.153093 0.010000
v -0.452447 1.156258 0.008634
v -0.531429 0.846600 -0.000143
v -0.532632 0.851428 0.004058
v -0.532606 0.848160 0.002828
v -0.475861 1.161739 -0.000143
v -0.478643 1.157613 0.004058
v -0.477501 1.160676 0.002828
v -0.550391 0.849944 -0.015498
v -0.553192 0.855053 -0.012591
v -0.552698 0.851702 -0.013442
v -0.494824 1.165082 -0.015498
v -0.499203 1.161238 -0.012591
v -0.497593 1.164218 -0.013442
v -0.560914 0.851799 -0.037686
v -0.564601 0.857065 -0.036649
v -0.563848 0.853668 -0.036953
v -0.505347 1.166937 -0.037686
v -0.510613 1.163250 -0.036649
v -0.508743 1.166185 -0.036953
v -0.560914 0.851799 -0.062314
v -0.564601 0.857065 -0.063351
v -0.563848 0.853668 -0.063047
v -0.505347 1.166938 -0.062314
v -0.510613 1.163250 -0.063351
v -0.508743 1.166185 -0.063047
v -0.550391 0.849944 -0.084502
v -0.553192 0.855053 -0.087409
v -0.552698 0.851702 -0.086558
v -0.494824 1.165082 -0.084502
v -0.499203 1.161238 -0.087409
v -0.497593 1.164219 -0.086558
v -0.531429 0.846600 -0.099857
v -0.532632 0.851428 -0.104058
v -0.532606 0.848160 -0.102828
v -0.475862 1.161739 -0.099857
v -0.478643 1.157613 -0.104058
v -0.477501 1.160676 -0.102828
v 0.507784 0.842431 -0.105337
v 0.506994 0.846907 -0.110000
v 0.507553 0.843742 -0.108634
v 0.452216 1.157569 -0.105337
v 0.453006 1.153093 -0.110000
v 0.452447 1.156258 -0.108634
v 0.531429 0.846600 -0.099857
v 0.532632 0.851428 -0.104058
v 0.532606 0.848160 -0.102828
v 0.475861 1.161739 -0.099857
v 0.478643 1.157613 -0.104058
v 0.477501 1.160676 -0.102828
v 0.550391 0.849944 -0.084502
v 0.553192 0.855053 -0.087409
v 0.552698 0.851702 -0.086558
v 0.494824 1.165082 -0.084502
v 0.499203 1.161238 -0.087409
v 0.497593 1.164218 -0.086558
v 0.560914 0.851799 -0.062314
v 0.564601 0.857065 -0.063351
v 0.563848 0.853668 -0.063047
v 0.505347 1.166937 -0.062314
v 0.510613 1.163250 -0.063351
v 0.508743 1.166185 -0.063047
v 0.560914 0.851799 -0.037686
v 0.564601 0.857065 -0.036649
v 0.563848 0.853668 -0.036953
v 0.505347 1.166938 -0.037686
v 0.510613 1.163250 -0.036649
v 0.508743 1.166185 -0.036953
v 0.550391 0.849944 -0.015498
v 0.553192 0.855053 -0.012591
v 0.552698 0.851702 -0.013442
v 0.494824 1.165082 -0.015498
v 0.499203 1.161238 -0.012591
v 0.497593 1.164219 -0.013442
v 0.531429 0.846600 -0.000143
v 0.532632 0.851428 0.004058
v 0.532606 0.848160 0.002828
v 0.475862 1.161739 -0.000143
v 0.478643 1.157613 0.004058
v 0.477501 1.160676 0.002828
v 0.507784 0.842431 0.005337
v 0.506994 0.846907 0.010000
v 0.507553 0.843742 0.008634
v 0.452216 1.157569 0.005337
v 0.453006 1.153093 0.010000
v 0.452447 1.156258 0.008634
v 0.484138 0.838261 -0.000143
v 0.481357 0.842387 0.004058
v 0.482499 0.839324 0.002828
v 0.428571 1.153400 -0.000143
v 0.427368 1.148572 0.004058
v 0.427393 1.151840 0.002828
v 0.465176 0.834918 -0.015498
v 0.460797 0.838762 -0.012591
v 0.462407 0.835782 -0.013442
v 0.409609 1.150056 -0.015498
v 0.406808 1.144947 -0.012591
v 0.407302 1.148298 -0.013442
v 0.454653 0.833062 -0.037686
v 0.449387 0.836750 -0.036649
v 0.451257 0.833815 -0.036953
v 0.399086 1.148201 -0.037686
v 0.395399 1.142935 -0.036649
v 0.396152 1.146332 -0.036953
v 0.454653 0.833062 -0.062314
v 0.449387 0.836750 -0.063351
v 0.451257 0.833815 -0.063047
v 0.399086 1.148201 -0.062314
v 0.395399 1.142935 -0.063351
v 0.396152 1.146332 -0.063047
v 0.465176 0.834918 -0.084502
v 0.460797 0.838762 -0.087409
v 0.462407 0.835782 -0.086558
v 0.409609 1.150056 -0.084502
v 0.406808 1.144947 -0.087409
v 0.407302 1.148297 -0.086558
v 0.484138 0.838261 -0.099857
v 0.481357 0.842387 -0.104058
v 0.482499 0.839324 -0.102828
v 0.428571 1.153400 -0.099857
v 0.427368 1.148572 -0.104058
v 0.427393 1.151840 -0.102828
v -0.521900 0.864337 -0.104913
v -0.526540 0.868864 -0.098526
v -0.524061 0.867028 -0.101938
v -0.509323 0.847500 -0.114845
v -0.516340 0.847500 -0.119944
v -0.513892 0.850714 -0.115934
v -0.512488 0.847500 -0.117867
v -0.504991 0.820000 -0.120807
v -0.512009 0.820000 -0.125905
v -0.508157 0.820000 -0.123828
v -0.516340 0.792500 -0.119944
v -0.509323 0.792500 -0.114845
v -0.513892 0.789286 -0.115934
v -0.512488 0.792500 -0.117867
v -0.526540 0.771136 -0.098526
v -0.521900 0.775663 -0.104913
v -0.524061 0.772972 -0.101938
v -0.518221 0.868864 -0.087076
v -0.510713 0.864337 -0.089516
v -0.514210 0.867028 -0.088380
v -0.494700 0.847500 -0.090159
v -0.497380 0.847500 -0.098408
v -0.497757 0.850714 -0.093726
v -0.495485 0.847500 -0.094464
v -0.487692 0.820000 -0.092436
v -0.490372 0.820000 -0.100685
v -0.488477 0.820000 -0.096741
v -0.497380 0.792500 -0.098408
v -0.494700 0.792500 -0.090159
v -0.497757 0.789286 -0.093726
v -0.495485 0.792500 -0.094464
v -0.510713 0.775663 -0.089516
v -0.518221 0.771136 -0.087076
v -0.514210 0.772972 -0.088380
v -0.518221 0.868864 -0.072924
v -0.510713 0.864337 -0.070484
v -0.514210 0.867028 -0.071620
v -0.497380 0.847500 -0.061592
v -0.494700 0.847500 -0.069841
v -0.497757 0.850714 -0.066274
v -0.495485 0.847500 -0.065536
v -0.490372 0.820000 -0.059315
v -0.487692 0.820000 -0.067564
v -0.488477 0.820000 -0.063259
v -0.494700 0.792500 -0.069841
v -0.497380 0.792500 -0.061592
v -0.497757 0.789286 -0.066274
v -0.495485 0.792500 -0.065536
v -0.510713 0.775663 -0.070484
v -0.518221 0.771136 -0.072924
v -0.514210 0.772972 -0.071620
v -0.526540 0.868864 -0.061474
v -0.521900 0.864337 -0.055087
v -0.524061 0.867028 -0.058062
v -0.516340 0.847500 -0.040056
v -0.509323 0.847500 -0.045155
v -0.513892 0.850714 -0.044066
v -0.512488 0.847500 -0.042133
v -0.512009 0.820000 -0.034095
v -0.504991 0.820000 -0.039193
v -0.508157 0.820000 -0.036172
v -0.509323 0.792500 -0.045155
v -0.516340 0.792500 -0.040056
v -0.513892 0.789286 -0.044066
v -0.512488 0.792500 -0.042133
v -0.521900 0.775663 -0.055087
v -0.526540 0.771136 -0.061474
v -0.524061 0.772972 -0.058062
v -0.540000 0.868864 -0.057101
v -0.540000 0.864337 -0.049206
v -0.540000 0.867028 -0.052883
v -0.544337 0.847500 -0.033778
v -0.535663 0.847500 -0.033778
v -0.540000 0.850714 -0.035583
v -0.540000 0.847500 -0.033194
v -0.544337 0.820000 -0.026409
v -0.535663 0.820000 -0.026409
v -0.540000 0.820000 -0.025825
v -0.535663 0.792500 -0.033778
v -0.544337 0.792500 -0.033778
v -0.540000 0.789286 -0.035583
v -0.540000 0.792500 -0.033194
v -0.540000 0.775663 -0.049206
v -0.540000 0.771136 -0.057101
v -0.540000 0.772972 -0.052883
v -0.553460 0.868864 -0.061474
v -0.558100 0.864337 -0.055087
v -0.555939 0.867028 -0.058062
v -0.570678 0.847500 -0.045155
v -0.563660 0.847500 -0.040056
v -0.566108 0.850714 -0.044066
v -0.567512 0.847500 -0.042133
v -0.575009 0.820000 -0.039193
v -0.567991 0.820000 -0.034095
v -0.571843 0.820000 -0.036172
v -0.563660 0.792500 -0.040056
v -0.570678 0.792500 -0.045155
v -0.566108 0.789286 -0.044066
v -0.567512 0.792500 -0.042133
v -0.558100 0.775663 -0.055087
v -0.553460 0.771136 -0.061474
v -0.555939 0.772972 -0.058062
v -0.561779 0.868864 -0.072924
v -0.569287 0.864337 -0.070484
v -0.565790 0.867028 -0.071620
v -0.585300 0.847500 -0.069841
v -0.582620 0.847500 -0.061592
v -0.582243 0.850714 -0.066274
v -0.584515 0.847500 -0.065536
v -0.592308 0.820000 -0.067564
v -0.589628 0.820000 -0.059315
v -0.591523 0.820000 -0.063259
v -0.582620 0.792500 -0.061592
v -0.585300 0.792500 -0.069841
v -0.582243 0.789286 -0.066274
v -0.584515 0.792500 -0.065536
v -0.569287 0.775663 -0.070484
v -0.561779 0.771136 -0.072924
v -0.565790 0.772972 -0.071620
v -0.561779 0.868864 -0.087076
v -0.569287 0.864337 -0.089516
v -0.565790 0.867028 -0.088380
v -0.582620 0.847500 -0.098408
v -0.585300 0.847500 -0.090159
v -0.582243 0.850714 -0.093726
v -0.584515 0.847500 -0.094464
v -0.589628 0.820000 -0.100685
v -0.592308 0.820000 -0.092436
v -0.591523 0.820000 -0.096741
v -0.585300 0.792500 -0.090159
v -0.582620 0.792500 -0.098408
v -0.582243 0.789286 -0.093726
v -0.584515 0.792500 -0.094464
v -0.569287 0.775663 -0.089516
v -0.561779 0.771136 -0.087076
v -0.565790 0.772972 -0.088380
v -0.553460 0.868864 -0.098526
v -0.558100 0.864337 -0.104913
v -0.555939 0.867028 -0.101938
v -0.563660 0.847500 -0.119944
v -0.570678 0.847500 -0.114845
v -0.566108 0.850714 -0.115934
v -0.567512 0.847500 -0.117867
v -0.567991 0.820000 -0.125905
v -0.575009 0.820000 -0.120807
v -0.571843 0.820000 -0.123828
v -0.570678 0.792500 -0.114845
v -0.563660 0.792500 -0.119944
v -0.566108 0.789286 -0.115934
v -0.567512 0.792500 -0.117867
v -0.558100 0.775663 -0.104913
v -0.553460 0.771136 -0.098526
v -0.555939 0.772972 -0.101938
v -0.540000 0.868864 -0.102899
v -0.540000 0.864337 -0.110794
v -0.540000 0.867028 -0.107117
v -0.535663 0.847500 -0.126222
v -0.544337 0.847500 -0.126222
v -0.540000 0.850714 -0.124417
v -0.540000 0.847500 -0.126806
v -0.535663 0.820000 -0.133591
v -0.544337 0.820000 -0.133591
v -0.540000 0.820000 -0.134175
v -0.544337 0.792500 -0.126222
v -0.535663 0.792500 -0.126222
v -0.540000 0.789286 -0.124417
v -0.540000 0.792500 -0.126806
v -0.540000 0.775663 -0.110794
v -0.540000 0.771136 -0.102899
v -0.540000 0.772972 -0.107117
v 0.558100 0.864337 -0.104913
v 0.553460 0.868864 -0.098526
v 0.555939 0.867028 -0.101938
v 0.570678 0.847500 -0.114845
v 0.563660 0.847500 -0.119944
v 0.566108 0.850714 -0.115934
v 0.567512 0.847500 -0.117867
v 0.575009 0.820000 -0.120807
v 0.567991 0.820000 -0.125905
v 0.571843 0.820000 -0.123828
v 0.563660 0.792500 -0.119944
v 0.570678 0.792500 -0.114845
v 0.566108 0.789286 -0.115934
v 0.567512 0.792500 -0.117867
v 0.553460 0.771136 -0.098526
v 0.558100 0.775663 -0.104913
v 0.555939 0.772972 -0.101938
v 0.561779 0.868864 -0.087076
v 0.569287 0.864337 -0.089516
v 0.565790 0.867028 -0.088380
v 0.585300 0.847500 -0.090159
v 0.582620 0.847500 -0.098408
v 0.582243 0.850714 -0.093726
v 0.584515 0.847500 -0.094464
v 0.592308 0.820000 -0.092436
v 0.589628 0.820000 -0.100685
v 0.591523 0.820000 -0.096741
v 0.582620 0.792500 -0.098408
v 0.585300 0.792500 -0.090159
v 0.582243 0.789286 -0.093726
v 0.584515 0.792500 -0.094464
v 0.569287 0.775663 -0.089516
v 0.561779 0.771136 -0.087076
v 0.565790 0.772972 -0.088380
v 0.561779 0.868864 -0.072924
v 0.569287 0.864337 -0.070484
v 0.565790 0.867028 -0.071620
v 0.582620 0.847500 -0.061592
v 0.585300 0.847500 -0.069841
v 0.582243 0.850714 -0.066274
v 0.584515 0.847500 -0.065536
v 0.589628 0.820000 -0.059315
v 0.592308 0.820000 -0.067564
v 0.591523 0.820000 -0.063259
v 0.585300 0.792500 -0.069841
v 0.582620 0.792500 -0.061592
v 0.582243 0.789286 -0.066274
v 0.584515 0.792500 -0.065536
v 0.569287 0.775663 -0.070484
v 0.561779 0.771136 -0.072924
v 0.565790 0.772972 -0.071620
v 0.553460 0.868864 -0.061474
v 0.558100 0.864337 -0.055087
v 0.555939 0.867028 -0.058062
v 0.563660 0.847500 -0.040056
v 0.570678 0.847500 -0.045155
v 0.566108 0.850714 -0.044066
v 0.567512 0.847500 -0.042133
v 0.567991 0.820000 -0.034095
v 0.575009 0.820000 -0.039193
v 0.571843 0.820000 -0.036172
v 0.570678 0.792500 -0.045155
v 0.563660 0.792500 -0.040056
v 0.566108 0.789286 -0.044066
v 0.567512 0.792500 -0.042133
v 0.558100 0.775663 -0.055087
v 0.553460 0.771136 -0.061474
v 0.555939 0.772972 -0.058062
v 0.540000 0.868864 -0.057101
v 0.540000 0.864337 -0.049206
v 0.540000 0.867028 -0.052883
v 0.535663 0.847500 -0.033778
v 0.544337 0.847500 -0.033778
v 0.540000 0.850714 -0.035583
v 0.540000 0.847500 -0.033194
v 0.535663 0.820000 -0.026409
v 0.544337 0.820000 -0.026409
v 0.540000 0.820000 -0.025825
v 0.544337 0.792500 -0.033778
v 0.535663 0.792500 -0.033778
v 0.540000 0.789286 -0.035583
v 0.540000 0.792500 -0.033194
v 0.540000 0.775663 -0.049206
v 0.540000 0.771136 -0.057101
v 0.540000 0.772972 -0.052883
v 0.526540 0.868864 -0.061474
v 0.521900 0.864337 -0.055087
v 0.524061 0.867028 -0.058062
v 0.509323 0.847500 -0.045155
v 0.516340 0.847500 -0.040056
v 0.513892 0.850714 -0.044066
v 0.512488 0.847500 -0.042133
v 0.504991 0.820000 -0.039193
v 0.512009 0.820000 -0.034095
v 0.508157 0.820000 -0.036172
v 0.516340 0.792500 -0.040056
v 0.509323 0.792500 -0.045155
v 0.513892 0.789286 -0.044066
v 0.512488 0.792500 -0.042133
v 0.521900 0.775663 -0.055087
v 0.526540 0.771136 -0.061474
v 0.524061 0.772972 -0.058062
v 0.518221 0.868864 -0.072924
v 0.510713 0.864337 -0.070484
v 0.514210 0.867028 -0.071620
v 0.494700 0.847500 -0.069841
v 0.497380 0.847500 -0.061592
v 0.497757 0.850714 -0.066274
v 0.495485 0.847500 -0.065536
v 0.487692 0.820000 -0.067564
v 0.490372 0.820000 -0.059315
v 0.488477 0.820000 -0.063259
v 0.497380 0.792500 -0.061592
v 0.494700 0.792500 -0.069841
v 0.497757 0.789286 -0.066274
v 0.495485 0.792500 -0.065536
v 0.510713 0.775663 -0.070484
v 0.518221 0.771136 -0.072924
v 0.514210 0.772972 -0.071620
v 0.518221 0.868864 -0.087076
v 0.510713 0.864337 -0.089516
v 0.514210 0.867028 -0.088380
v 0.497380 0.847500 -0.098408
v 0.494700 0.847500 -0.090159
v 0.497757 0.850714 -0.093726
v 0.495485 0.847500 -0.094464
v 0.490372 0.820000 -0.100685
v 0.487692 0.820000 -0.092436
v 0.488477 0.820000 -0.096741
v 0.494700 0.792500 -0.090159
v 0.497380 0.792500 -0.098408
v 0.497757 0.789286 -0.093726
v 0.495485 0.792500 -0.094464
v 0.510713 0.775663 -0.089516
v 0.518221 0.771136 -0.087076
v 0.514210 0.772972 -0.088380
v 0.526540 0.868864 -0.098526
v 0.521900 0.864337 -0.104913
v 0.524061 0.867028 -0.101938
v 0.516340 0.847500 -0.119944
v 0.509323 0.847500 -0.114845
v 0.513892 0.850714 -0.115934
v 0.512488 0.847500 -0.117867
v 0.512009 0.820000 -0.125905
v 0.504991 0.820000 -0.120807
v 0.508157 0.820000 -0.123828
v 0.509323 0.792500 -0.114845
v 0.516340 0.792500 -0.119944
v 0.513892 0.789286 -0.115934
v 0.512488 0.792500 -0.117867
v 0.521900 0.775663 -0.104913
v 0.526540 0.771136 -0.098526
v 0.524061 0.772972 -0.101938
v 0.540000 0.868864 -0.102899
v 0.540000 0.864337 -0.110794
v 0.540000 0.867028 -0.107117
v 0.544337 0.847500 -0.126222
v 0.535663 0.847500 -0.126222
v 0.540000 0.850714 -0.124417
v 0.540000 0.847500 -0.126806
v 0.544337 0.820000 -0.133591
v 0.535663 0.820000 -0.133591
v 0.540000 0.820000 -0.134175
v 0.535663 0.792500 -0.126222
v 0.544337 0.792500 -0.126222
v 0.540000 0.789286 -0.124417
v 0.540000 0.792500 -0.126806
v 0.540000 0.775663 -0.110794
v 0.540000 0.771136 -0.102899
v 0.540000 0.772972 -0.107117
v -0.584454 0.806000 -0.109546
v -0.584454 0.810546 -0.105000
v -0.589000 0.810546 -0.109546
v -0.584454 0.807331 -0.106331
v -0.587079 0.807921 -0.106921
v -0.587669 0.810546 -0.106331
v -0.587669 0.807331 -0.109546
v -0.584454 0.829454 -0.105000
v -0.584454 0.834000 -0.109546
v -0.589000 0.829454 -0.109546
v -0.584454 0.832669 -0.106331
v -0.587079 0.832079 -0.106921
v -0.587669 0.832669 -0.109546
v -0.587669 0.829454 -0.106331
v -0.584454 0.806000 -0.190454
v -0.589000 0.810546 -0.190454
v -0.584454 0.810546 -0.195000
v -0.587669 0.807331 -0.190454
v -0.587079 0.807921 -0.193079
v -0.587669 0.810546 -0.193669
v -0.584454 0.807331 -0.193669
v -0.584454 0.834000 -0.190454
v -0.584454 0.829454 -0.195000
v -0.589000 0.829454 -0.190454
v -0.584454 0.832669 -0.193669
v -0.587079 0.832079 -0.193079
v -0.587669 0.829454 -0.193669
v -0.587669 0.832669 -0.190454
v -0.565546 0.806000 -0.109546
v -0.561000 0.810546 -0.109546
v -0.565546 0.810546 -0.105000
v -0.562331 0.807331 -0.109546
v -0.562921 0.807921 -0.106921
v -0.562331 0.810546 -0.106331
v -0.565546 0.807331 -0.106331
v -0.565546 0.834000 -0.109546
v -0.565546 0.829454 -0.105000
v -0.561000 0.829454 -0.109546
v -0.565546 0.832669 -0.106331
v -0.562921 0.832079 -0.106921
v -0.562331 0.829454 -0.106331
v -0.562331 0.832669 -0.109546
v -0.565546 0.806000 -0.190454
v -0.565546 0.810546 -0.195000
v -0.561000 0.810546 -0.190454
v -0.565546 0.807331 -0.193669
v -0.562921 0.807921 -0.193079
v -0.562331 0.810546 -0.193669
v -0.562331 0.807331 -0.190454
v -0.565546 0.834000 -0.190454
v -0.561000 0.829454 -0.190454
v -0.565546 0.829454 -0.195000
v -0.562331 0.832669 -0.190454
v -0.562921 0.832079 -0.193079
v -0.562331 0.829454 -0.193669
v -0.565546 0.832669 -0.193669
v 0.495546 0.806000 -0.109546
v 0.495546 0.810546 -0.105000
v 0.491000 0.810546 -0.109546
v 0.495546 0.807331 -0.106331
v 0.492921 0.807921 -0.106921
v 0.492331 0.810546 -0.106331
v 0.492331 0.807331 -0.109546
v 0.495546 0.829454 -0.105000
v 0.495546 0.834000 -0.109546
v 0.491000 0.829454 -0.109546
v 0.495546 0.832669 -0.106331
v 0.492921 0.832079 -0.106921
v 0.492331 0.832669 -0.109546
v 0.492331 0.829454 -0.106331
v 0.495546 0.806000 -0.190454
v 0.491000 0.810546 -0.190454
v 0.495546 0.810546 -0.195000
v 0.492331 0.807331 -0.190454
v 0.492921 0.807921 -0.193079
v 0.492331 0.810546 -0.193669
v 0.495546 0.807331 -0.193669
v 0.495546 0.834000 -0.190454
v 0.495546 0.829454 -0.195000
v 0.491000 0.829454 -0.190454
v 0.495546 0.832669 -0.193669
v 0.492921 0.832079 -0.193079
v 0.492331 0.829454 -0.193669
v 0.492331 0.832669 -0.190454
v 0.514454 0.806000 -0.109546
v 0.519000 0.810546 -0.109546
v 0.514454 0.810546 -0.105000
v 0.517669 0.807331 -0.109546
v 0.517079 0.807921 -0.106921
v 0.517669 0.810546 -0.106331
v 0.514454 0.807331 -0.106331
v 0.514454 0.834000 -0.109546
v 0.514454 0.829454 -0.105000
v 0.519000 0.829454 -0.109546
v 0.514454 0.832669 -0.106331
v 0.517079 0.832079 -0.106921
v 0.517669 0.829454 -0.106331
v 0.517669 0.832669 -0.109546
v 0.514454 0.806000 -0.190454
v 0.514454 0.810546 -0.195000
v 0.519000 0.810546 -0.190454
v 0.514454 0.807331 -0.193669
v 0.517079 0.807921 -0.193079
v 0.517669 0.810546 -0.193669
v 0.517669 0.807331 -0.190454
v 0.514454 0.834000 -0.190454
v 0.519000 0.829454 -0.190454
v 0.514454 0.829454 -0.195000
v 0.517669 0.832669 -0.190454
v 0.517079 0.832079 -0.193079
v 0.517669 0.829454 -0.193669
v 0.514454 0.832669 -0.193669
v -0.561454 0.806000 -0.109546
v -0.561454 0.810546 -0.105000
v -0.566000 0.810546 -0.109546
v -0.561454 0.807331 -0.106331
v -0.564079 0.807921 -0.106921
v -0.564669 0.810546 -0.106331
v -0.564669 0.807331 -0.109546
v -0.561454 0.829454 -0.105000
v -0.561454 0.834000 -0.109546
v -0.566000 0.829454 -0.109546
v -0.561454 0.832669 -0.106331
v -0.564079 0.832079 -0.106921
v -0.564669 0.832669 -0.109546
v -0.564669 0.829454 -0.106331
v -0.561454 0.806000 -0.190454
v -0.566000 0.810546 -0.190454
v -0.561454 0.810546 -0.195000
v -0.564669 0.807331 -0.190454
v -0.564079 0.807921 -0.193079
v -0.564669 0.810546 -0.193669
v -0.561454 0.807331 -0.193669
v -0.561454 0.834000 -0.190454
v -0.561454 0.829454 -0.195000
v -0.566000 0.829454 -0.190454
v -0.561454 0.832669 -0.193669
v -0.564079 0.832079 -0.193079
v -0.564669 0.829454 -0.193669
v -0.564669 0.832669 -0.190454
v -0.542546 0.806000 -0.109546
v -0.538000 0.810546 -0.109546
v -0.542546 0.810546 -0.105000
v -0.539331 0.807331 -0.109546
v -0.539921 0.807921 -0.106921
v -0.539331 0.810546 -0.106331
v -0.542546 0.807331 -0.106331
v -0.542546 0.834000 -0.109546
v -0.542546 0.829454 -0.105000
v -0.538000 0.829454 -0.109546
v -0.542546 0.832669 -0.106331
v -0.539921 0.832079 -0.106921
v -0.539331 0.829454 -0.106331
v -0.539331 0.832669 -0.109546
v -0.542546 0.806000 -0.190454
v -0.542546 0.810546 -0.195000
v -0.538000 0.810546 -0.190454
v -0.542546 0.807331 -0.193669
v -0.539921 0.807921 -0.193079
v -0.539331 0.810546 -0.193669
v -0.539331 0.807331 -0.190454
v -0.542546 0.834000 -0.190454
v -0.538000 0.829454 -0.190454
v -0.542546 0.829454 -0.195000
v -0.539331 0.832669 -0.190454
v -0.539921 0.832079 -0.193079
v -0.539331 0.829454 -0.193669
v -0.542546 0.832669 -0.193669
v 0.518546 0.806000 -0.109546
v 0.518546 0.810546 -0.105000
v 0.514000 0.810546 -0.109546
v 0.518546 0.807331 -0.106331
v 0.515921 0.807921 -0.106921
v 0.515331 0.810546 -0.106331
v 0.515331 0.807331 -0.109546
v 0.518546 0.829454 -0.105000
v 0.518546 0.834000 -0.109546
v 0.514000 0.829454 -0.109546
v 0.518546 0.832669 -0.106331
v 0.515921 0.832079 -0.106921
v 0.515331 0.832669 -0.109546
v 0.515331 0.829454 -0.106331
v 0.518546 0.806000 -0.190454
v 0.514000 0.810546 -0.190454
v 0.518546 0.810546 -0.195000
v 0.515331 0.807331 -0.190454
v 0.515921 0.807921 -0.193079
v 0.515331 0.810546 -0.193669
v 0.518546 0.807331 -0.193669
v 0.518546 0.834000 -0.190454
v 0.518546 0.829454 -0.195000
v 0.514000 0.829454 -0.190454
v 0.518546 0.832669 -0.193669
v 0.515921 0.832079 -0.193079
v 0.515331 0.829454 -0.193669
v 0.515331 0.832669 -0.190454
v 0.537454 0.806000 -0.109546
v 0.542000 0.810546 -0.109546
v 0.537454 0.810546 -0.105000
v 0.540669 0.807331 -0.109546
v 0.540079 0.807921 -0.106921
v 0.540669 0.810546 -0.106331
v 0.537454 0.807331 -0.106331
v 0.537454 0.834000 -0.109546
v 0.537454 0.829454 -0.105000
v 0.542000 0.829454 -0.109546
v 0.537454 0.832669 -0.106331
v 0.540079 0.832079 -0.106921
v 0.540669 0.829454 -0.106331
v 0.540669 0.832669 -0.109546
v 0.537454 0.806000 -0.190454
v 0.537454 0.810546 -0.195000
v 0.542000 0.810546 -0.190454
v 0.537454 0.807331 -0.193669
v 0.540079 0.807921 -0.193079
v 0.540669 0.810546 -0.193669
v 0.540669 0.807331 -0.190454
v 0.537454 0.834000 -0.190454
v 0.542000 0.829454 -0.190454
v 0.537454 0.829454 -0.195000
v 0.540669 0.832669 -0.190454
v 0.540079 0.832079 -0.193079
v 0.540669 0.829454 -0.193669
v 0.537454 0.832669 -0.193669
v -0.537454 0.806000 -0.109546
v -0.537454 0.810546 -0.105000
v -0.542000 0.810546 -0.109546
v -0.537454 0.807331 -0.106331
v -0.540079 0.807921 -0.106921
v -0.540669 0.810546 -0.106331
v -0.540669 0.807331 -0.109546
v -0.537454 0.829454 -0.105000
v -0.537454 0.834000 -0.109546
v -0.542000 0.829454 -0.109546
v -0.537454 0.832669 -0.106331
v -0.540079 0.832079 -0.106921
v -0.540669 0.832669 -0.109546
v -0.540669 0.829454 -0.106331
v -0.537454 0.806000 -0.190454
v -0.542000 0.810546 -0.190454
v -0.537454 0.810546 -0.195000
v -0.540669 0.807331 -0.190454
v -0.540079 0.807921 -0.193079
v -0.540669 0.810546 -0.193669
v -0.537454 0.807331 -0.193669
v -0.537454 0.834000 -0.190454
v -0.537454 0.829454 -0.195000
v -0.542000 0.829454 -0.190454
v -0.537454 0.832669 -0.193669
v -0.540079 0.832079 -0.193079
v -0.540669 0.829454 -0.193669
v -0.540669 0.832669 -0.190454
v -0.518546 0.806000 -0.109546
v -0.514000 0.810546 -0.109546
v -0.518546 0.810546 -0.105000
v -0.515331 0.807331 -0.109546
v -0.515921 0.807921 -0.106921
v -0.515331 0.810546 -0.106331
v -0.518546 0.807331 -0.106331
v -0.518546 0.834000 -0.109546
v -0.518546 0.829454 -0.105000
v -0.514000 0.829454 -0.109546
v -0.518546 0.832669 -0.106331
v -0.515921 0.832079 -0.106921
v -0.515331 0.829454 -0.106331
v -0.515331 0.832669 -0.109546
v -0.518546 0.806000 -0.190454
v -0.518546 0.810546 -0.195000
v -0.514000 0.810546 -0.190454
v -0.518546 0.807331 -0.193669
v -0.515921 0.807921 -0.193079
v -0.515331 0.810546 -0.193669
v -0.515331 0.807331 -0.190454
v -0.518546 0.834000 -0.190454
v -0.514000 0.829454 -0.190454
v -0.518546 0.829454 -0.195000
v -0.515331 0.832669 -0.190454
v -0.515921 0.832079 -0.193079
v -0.515331 0.829454 -0.193669
v -0.518546 0.832669 -0.193669
v 0.542546 0.806000 -0.109546
v 0.542546 0.810546 -0.105000
v 0.538000 0.810546 -0.109546
v 0.542546 0.807331 -0.106331
v 0.539921 0.807921 -0.106921
v 0.539331 0.810546 -0.106331
v 0.539331 0.807331 -0.109546
v 0.542546 0.829454 -0.105000
v 0.542546 0.834000 -0.109546
v 0.538000 0.829454 -0.109546
v 0.542546 0.832669 -0.106331
v 0.539921 0.832079 -0.106921
v 0.539331 0.832669 -0.109546
v 0.539331 0.829454 -0.106331
v 0.542546 0.806000 -0.190454
v 0.538000 0.810546 -0.190454
v 0.542546 0.810546 -0.195000
v 0.539331 0.807331 -0.190454
v 0.539921 0.807921 -0.193079
v 0.539331 0.810546 -0.193669
v 0.542546 0.807331 -0.193669
v 0.542546 0.834000 -0.190454
v 0.542546 0.829454 -0.195000
v 0.538000 0.829454 -0.190454
v 0.542546 0.832669 -0.193669
v 0.539921 0.832079 -0.193079
v 0.539331 0.829454 -0.193669
v 0.539331 0.832669 -0.190454
v 0.561454 0.806000 -0.109546
v 0.566000 0.810546 -0.109546
v 0.561454 0.810546 -0.105000
v 0.564669 0.807331 -0.109546
v 0.564079 0.807921 -0.106921
v 0.564669 0.810546 -0.106331
v 0.561454 0.807331 -0.106331
v 0.561454 0.834000 -0.109546
v 0.561454 0.829454 -0.105000
v 0.566000 0.829454 -0.109546
v 0.561454 0.832669 -0.106331
v 0.564079 0.832079 -0.106921
v 0.564669 0.829454 -0.106331
v 0.564669 0.832669 -0.109546
v 0.561454 0.806000 -0.190454
v 0.561454 0.810546 -0.195000
v 0.566000 0.810546 -0.190454
v 0.561454 0.807331 -0.193669
v 0.564079 0.807921 -0.193079
v 0.564669 0.810546 -0.193669
v 0.564669 0.807331 -0.190454
v 0.561454 0.834000 -0.190454
v 0.566000 0.829454 -0.190454
v 0.561454 0.829454 -0.195000
v 0.564669 0.832669 -0.190454
v 0.564079 0.832079 -0.193079
v 0.564669 0.829454 -0.193669
v 0.561454 0.832669 -0.193669
v -0.514454 0.806000 -0.109546
v -0.514454 0.810546 -0.105000
v -0.519000 0.810546 -0.109546
v -0.514454 0.807331 -0.106331
v -0.517079 0.807921 -0.106921
v -0.517669 0.810546 -0.106331
v -0.517669 0.807331 -0.109546
v -0.514454 0.829454 -0.105000
v -0.514454 0.834000 -0.109546
v -0.519000 0.829454 -0.109546
v -0.514454 0.832669 -0.106331
v -0.517079 0.832079 -0.106921
v -0.517669 0.832669 -0.109546
v -0.517669 0.829454 -0.106331
v -0.514454 0.806000 -0.190454
v -0.519000 0.810546 -0.190454
v -0.514454 0.810546 -0.195000
v -0.517669 0.807331 -0.190454
v -0.517079 0.807921 -0.193079
v -0.517669 0.810546 -0.193669
v -0.514454 0.807331 -0.193669
v -0.514454 0.834000 -0.190454
v -0.514454 0.829454 -0.195000
v -0.519000 0.829454 -0.190454
v -0.514454 0.832669 -0.193669
v -0.517079 0.832079 -0.193079
v -0.517669 0.829454 -0.193669
v -0.517669 0.832669 -0.190454
v -0.495546 0.806000 -0.109546
v -0.491000 0.810546 -0.109546
v -0.495546 0.810546 -0.105000
v -0.492331 0.807331 -0.109546
v -0.492921 0.807921 -0.106921
v -0.492331 0.810546 -0.106331
v -0.495546 0.807331 -0.106331
v -0.495546 0.834000 -0.109546
v -0.495546 0.829454 -0.105000
v -0.491000 0.829454 -0.109546
v -0.495546 0.832669 -0.106331
v -0.492921 0.832079 -0.106921
v -0.492331 0.829454 -0.106331
v -0.492331 0.832669 -0.109546
v -0.495546 0.806000 -0.190454
v -0.495546 0.810546 -0.195000
v -0.491000 0.810546 -0.190454
v -0.495546 0.807331 -0.193669
v -0.492921 0.807921 -0.193079
v -0.492331 0.810546 -0.193669
v -0.492331 0.807331 -0.190454
v -0.495546 0.834000 -0.190454
v -0.491000 0.829454 -0.190454
v -0.495546 0.829454 -0.195000
v -0.492331 0.832669 -0.190454
v -0.492921 0.832079 -0.193079
v -0.492331 0.829454 -0.193669
v -0.495546 0.832669 -0.193669
v 0.565546 0.806000 -0.109546
v 0.565546 0.810546 -0.105000
v 0.561000 0.810546 -0.109546
v 0.565546 0.807331 -0.106331
v 0.562921 0.807921 -0.106921
v 0.562331 0.810546 -0.106331
v 0.562331 0.807331 -0.109546
v 0.565546 0.829454 -0.105000
v 0.565546 0.834000 -0.109546
v 0.561000 0.829454 -0.109546
v 0.565546 0.832669 -0.106331
v 0.562921 0.832079 -0.106921
v 0.562331 0.832669 -0.109546
v 0.562331 0.829454 -0.106331
v 0.565546 0.806000 -0.190454
v 0.561000 0.810546 -0.190454
v 0.565546 0.810546 -0.195000
v 0.562331 0.807331 -0.190454
v 0.562921 0.807921 -0.193079
v 0.562331 0.810546 -0.193669
v 0.565546 0.807331 -0.193669
v 0.565546 0.834000 -0.190454
v 0.565546 0.829454 -0.195000
v 0.561000 0.829454 -0.190454
v 0.565546 0.832669 -0.193669
v 0.562921 0.832079 -0.193079
v 0.562331 0.829454 -0.193669
v 0.562331 0.832669 -0.190454
v 0.584454 0.806000 -0.109546
v 0.589000 0.810546 -0.109546
v 0.584454 0.810546 -0.105000
v 0.587669 0.807331 -0.109546
v 0.587079 0.807921 -0.106921
v 0.587669 0.810546 -0.106331
v 0.584454 0.807331 -0.106331
v 0.584454 0.834000 -0.109546
v 0.584454 0.829454 -0.105000
v 0.589000 0.829454 -0.109546
v 0.584454 0.832669 -0.106331
v 0.587079 0.832079 -0.106921
v 0.587669 0.829454 -0.106331
v 0.587669 0.832669 -0.109546
v 0.584454 0.806000 -0.190454
v 0.584454 0.810546 -0.195000
v 0.589000 0.810546 -0.190454
v 0.584454 0.807331 -0.193669
v 0.587079 0.807921 -0.193079
v 0.587669 0.810546 -0.193669
v 0.587669 0.807331 -0.190454
v 0.584454 0.834000 -0.190454
v 0.589000 0.829454 -0.190454
v 0.584454 0.829454 -0.195000
v 0.587669 0.832669 -0.190454
v 0.587079 0.832079 -0.193079
v 0.587669 0.829454 -0.193669
v 0.584454 0.832669 -0.193669
v 0.000000 1.420000 -0.067294
v -0.004391 1.424546 -0.070823
v 0.004391 1.424546 -0.070823
v -0.002439 1.421332 -0.069968
v -0.000000 1.421921 -0.070684
v -0.000000 1.424546 -0.071311
v 0.002439 1.421332 -0.069968
v 0.000000 1.580000 -0.067294
v 0.004391 1.575454 -0.070823
v -0.004391 1.575454 -0.070823
v 0.002439 1.578668 -0.069968
v 0.000000 1.578079 -0.070684
v 0.000000 1.575454 -0.071311
v -0.002439 1.578668 -0.069968
v 0.033647 1.420000 -0.058278
v 0.031609 1.424546 -0.063530
v 0.039214 1.424546 -0.059140
v 0.032872 1.421332 -0.061814
v 0.035342 1.421921 -0.061214
v 0.035655 1.424546 -0.061757
v 0.037096 1.421332 -0.059375
v 0.033647 1.580000 -0.058278
v 0.039214 1.575454 -0.059140
v 0.031609 1.575454 -0.063530
v 0.037096 1.578668 -0.059375
v 0.035342 1.578079 -0.061214
v 0.035655 1.575454 -0.061757
v 0.032872 1.578668 -0.061814
v 0.058278 1.420000 -0.033647
v 0.059140 1.424546 -0.039214
v 0.063530 1.424546 -0.031609
v 0.059375 1.421332 -0.037096
v 0.061214 1.421921 -0.035342
v 0.061757 1.424546 -0.035655
v 0.061814 1.421332 -0.032872
v 0.058278 1.580000 -0.033647
v 0.063530 1.575454 -0.031609
v 0.059140 1.575454 -0.039214
v 0.061814 1.578668 -0.032872
v 0.061214 1.578079 -0.035342
v 0.061757 1.575454 -0.035655
v 0.059375 1.578668 -0.037096
v 0.067294 1.420000 0.000000
v 0.070823 1.424546 -0.004391
v 0.070823 1.424546 0.004391
v 0.069968 1.421332 -0.002439
v 0.070684 1.421921 -0.000000
v 0.071311 1.424546 -0.000000
v 0.069968 1.421332 0.002439
v 0.067294 1.580000 0.000000
v 0.070823 1.575454 0.004391
v 0.070823 1.575454 -0.004391
v 0.069968 1.578668 0.002439
v 0.070684 1.578079 0.000000
v 0.071311 1.575454 0.000000
v 0.069968 1.578668 -0.002439
v 0.058278 1.420000 0.033647
v 0.063530 1.424546 0.031609
v 0.059140 1.424546 0.039214
v 0.061814 1.421332 0.032872
v 0.061214 1.421921 0.035342
v 0.061757 1.424546 0.035655
v 0.059375 1.421332 0.037096
v 0.058278 1.580000 0.033647
v 0.059140 1.575454 0.039214
v 0.063530 1.575454 0.031609
v 0.059375 1.578668 0.037096
v 0.061214 1.578079 0.035342
v 0.061757 1.575454 0.035655
v 0.061814 1.578668 0.032872
v 0.033647 1.420000 0.058278
v 0.039214 1.424546 0.059140
v 0.031609 1.424546 0.063530
v 0.037096 1.421332 0.059375
v 0.035342 1.421921 0.061214
v 0.035655 1.424546 0.061757
v 0.032872 1.421332 0.061814
v 0.033647 1.580000 0.058278
v 0.031609 1.575454 0.063530
v 0.039214 1.575454 0.059140
v 0.032872 1.578668 0.061814
v 0.035342 1.578079 0.061214
v 0.035655 1.575454 0.061757
v 0.037096 1.578668 0.059375
v -0.000000 1.420000 0.067294
v 0.004391 1.424546 0.070823
v -0.004391 1.424546 0.070823
v 0.002439 1.421332 0.069968
v 0.000000 1.421921 0.070684
v 0.000000 1.424546 0.071311
v -0.002439 1.421332 0.069968
v 0.000000 1.580000 0.067294
v -0.004391 1.575454 0.070823
v 0.004391 1.575454 0.070823
v -0.002439 1.578668 0.069968
v -0.000000 1.578079 0.070684
v -0.000000 1.575454 0.071311
v 0.002439 1.578668 0.069968
v -0.033647 1.420000 0.058278
v -0.031609 1.424546 0.063530
v -0.039214 1.424546 0.059140
v -0.032872 1.421331 0.061814
v -0.035342 1.421921 0.061214
v -0.035655 1.424546 0.061757
v -0.037096 1.421332 0.059375
v -0.033647 1.580000 0.058278
v -0.039214 1.575454 0.059140
v -0.031609 1.575454 0.063530
v -0.037096 1.578668 0.059375
v -0.035342 1.578079 0.061214
v -0.035655 1.575454 0.061757
v -0.032872 1.578668 0.061814
v -0.058278 1.420000 0.033647
v -0.059140 1.424546 0.039214
v -0.063530 1.424546 0.031609
v -0.059375 1.421332 0.037096
v -0.061214 1.421921 0.035342
v -0.061757 1.424546 0.035655
v -0.061814 1.421332 0.032872
v -0.058278 1.580000 0.033647
v -0.063530 1.575454 0.031609
v -0.059140 1.575454 0.039214
v -0.061814 1.578668 0.032872
v -0.061214 1.578079 0.035342
v -0.061757 1.575454 0.035655
v -0.059375 1.578668 0.037096
v -0.067294 1.420000 0.000000
v -0.070823 1.424546 0.004391
v -0.070823 1.424546 -0.004391
v -0.069968 1.421331 0.002439
v -0.070684 1.421921 0.000000
v -0.071311 1.424546 0.000000
v -0.069968 1.421332 -0.002439
v -0.067294 1.580000 0.000000
v -0.070823 1.575454 -0.004391
v -0.070823 1.575454 0.004391
v -0.069968 1.578668 -0.002439
v -0.070684 1.578079 -0.000000
v -0.071311 1.575454 -0.000000
v -0.069968 1.578668 0.002439
v -0.058278 1.420000 -0.033647
v -0.063530 1.424546 -0.031609
v -0.059140 1.424546 -0.039214
v -0.061814 1.421332 -0.032872
v -0.061214 1.421921 -0.035342
v -0.061757 1.424546 -0.035655
v -0.059375 1.421332 -0.037096
v -0.058278 1.580000 -0.033647
v -0.059140 1.575454 -0.039214
v -0.063530 1.575454 -0.031609
v -0.059375 1.578668 -0.037096
v -0.061214 1.578079 -0.035342
v -0.061757 1.575454 -0.035655
v -0.061814 1.578668 -0.032872
v -0.033647 1.420000 -0.058278
v -0.039214 1.424546 -0.059140
v -0.031609 1.424546 -0.063530
v -0.037096 1.421332 -0.059375
v -0.035342 1.421921 -0.061214
v -0.035655 1.424546 -0.061757
v -0.032872 1.421332 -0.061814
v -0.033647 1.580000 -0.058278
v -0.031609 1.575454 -0.063530
v -0.039214 1.575454 -0.059140
v -0.032872 1.578668 -0.061814
v -0.035342 1.578079 -0.061214
v -0.035655 1.575454 -0.061757
v -0.037096 1.578668 -0.059375
v -0.015454 1.620000 0.152954
v -0.015454 1.624546 0.157500
v -0.020000 1.624546 0.152954
v -0.015454 1.621332 0.156169
v -0.018079 1.621921 0.155579
v -0.018669 1.624546 0.156169
v -0.018669 1.621332 0.152954
v -0.015454 1.665454 0.157500
v -0.015454 1.670000 0.152954
v -0.020000 1.665454 0.152954
v -0.015454 1.668668 0.156169
v -0.018079 1.668079 0.155579
v -0.018669 1.668668 0.152954
v -0.018669 1.665454 0.156169
v -0.015454 1.620000 0.097046
v -0.020000 1.624546 0.097046
v -0.015454 1.624546 0.092500
v -0.018669 1.621332 0.097046
v -0.018079 1.621921 0.094421
v -0.018669 1.624546 0.093831
v -0.015454 1.621332 0.093831
v -0.015454 1.670000 0.097046
v -0.015454 1.665454 0.092500
v -0.020000 1.665454 0.097046
v -0.015454 1.668668 0.093831
v -0.018079 1.668079 0.094421
v -0.018669 1.665454 0.093831
v -0.018669 1.668668 0.097046
v 0.015454 1.620000 0.152954
v 0.020000 1.624546 0.152954
v 0.015454 1.624546 0.157500
v 0.018669 1.621332 0.152954
v 0.018079 1.621921 0.155579
v 0.018669 1.624546 0.156169
v 0.015454 1.621332 0.156169
v 0.015454 1.670000 0.152954
v 0.015454 1.665454 0.157500
v 0.020000 1.665454 0.152954
v 0.015454 1.668668 0.156169
v 0.018079 1.668079 0.155579
v 0.018669 1.665454 0.156169
v 0.018669 1.668668 0.152954
v 0.015454 1.620000 0.097046
v 0.015454 1.624546 0.092500
v 0.020000 1.624546 0.097046
v 0.015454 1.621332 0.093831
v 0.018079 1.621921 0.094421
v 0.018669 1.624546 0.093831
v 0.018669 1.621332 0.097046
v 0.015454 1.670000 0.097046
v 0.020000 1.665454 0.097046
v 0.015454 1.665454 0.092500
v 0.018669 1.668668 0.097046
v 0.018079 1.668079 0.094421
v 0.018669 1.665454 0.093831
v 0.015454 1.668668 0.093831
v -0.080454 1.701000 0.112954
v -0.080454 1.705546 0.117500
v -0.085000 1.705546 0.112954
v -0.080454 1.702331 0.116169
v -0.083079 1.702921 0.115579
v -0.083669 1.705546 0.116169
v -0.083669 1.702331 0.112954
v -0.080454 1.724454 0.117500
v -0.080454 1.729000 0.112954
v -0.085000 1.724454 0.112954
v -0.080454 1.727669 0.116169
v -0.083079 1.727079 0.115579
v -0.083669 1.727669 0.112954
v -0.083669 1.724454 0.116169
v -0.080454 1.701000 0.087046
v -0.085000 1.705546 0.087046
v -0.080454 1.705546 0.082500
v -0.083669 1.702331 0.087046
v -0.083079 1.702921 0.084421
v -0.083669 1.705546 0.083831
v -0.080454 1.702331 0.083831
v -0.080454 1.729000 0.087046
v -0.080454 1.724454 0.082500
v -0.085000 1.724454 0.087046
v -0.080454 1.727669 0.083831
v -0.083079 1.727079 0.084421
v -0.083669 1.724454 0.083831
v -0.083669 1.727669 0.087046
v 0.080454 1.701000 0.112954
v 0.085000 1.705546 0.112954
v 0.080454 1.705546 0.117500
v 0.083669 1.702331 0.112954
v 0.083079 1.702921 0.115579
v 0.083669 1.705546 0.116169
v 0.080454 1.702331 0.116169
v 0.080454 1.729000 0.112954
v 0.080454 1.724454 0.117500
v 0.085000 1.724454 0.112954
v 0.080454 1.727669 0.116169
v 0.083079 1.727079 0.115579
v 0.083669 1.724454 0.116169
v 0.083669 1.727669 0.112954
v 0.080454 1.701000 0.087046
v 0.080454 1.705546 0.082500
v 0.085000 1.705546 0.087046
v 0.080454 1.702331 0.083831
v 0.083079 1.702921 0.084421
v 0.083669 1.705546 0.083831
v 0.083669 1.702331 0.087046
v 0.080454 1.729000 0.087046
v 0.085000 1.724454 0.087046
v 0.080454 1.724454 0.082500
v 0.083669 1.727669 0.087046
v 0.083079 1.727079 0.084421
v 0.083669 1.724454 0.083831
v 0.080454 1.727669 0.083831
v -0.052292 1.692249 0.097439
v -0.048000 1.696855 0.103726
v -0.043708 1.692249 0.097439
v -0.050248 1.694981 0.100337
v -0.048000 1.694467 0.099229
v -0.045752 1.694981 0.100337
v -0.048000 1.692618 0.097071
v -0.043711 1.689000 0.094188
v -0.052289 1.689000 0.094188
v -0.048000 1.689000 0.093452
v -0.043714 1.680000 0.091776
v -0.052286 1.680000 0.091776
v -0.048000 1.680000 0.091040
v -0.043711 1.671000 0.094188
v -0.052289 1.671000 0.094188
v -0.048000 1.671000 0.093452
v -0.052292 1.667750 0.097439
v -0.043708 1.667750 0.097439
v -0.048000 1.663145 0.103726
v -0.048000 1.667382 0.097071
v -0.048000 1.665533 0.099229
v -0.045752 1.665019 0.100337
v -0.050248 1.665019 0.100337
v -0.037497 1.692249 0.103567
v -0.043567 1.692249 0.097497
v -0.044977 1.696855 0.104977
v -0.040272 1.692618 0.100272
v -0.041798 1.694467 0.101798
v -0.044171 1.694981 0.100992
v -0.040992 1.694981 0.104171
v -0.035201 1.689000 0.101266
v -0.041266 1.689000 0.095201
v -0.037713 1.689000 0.097713
v -0.033497 1.680000 0.099559
v -0.039559 1.680000 0.093497
v -0.036008 1.680000 0.096008
v -0.035201 1.671000 0.101266
v -0.041266 1.671000 0.095201
v -0.037713 1.671000 0.097713
v -0.037497 1.667750 0.103567
v -0.044977 1.663145 0.104977
v -0.043567 1.667750 0.097497
v -0.040992 1.665019 0.104171
v -0.041798 1.665533 0.101798
v -0.044171 1.665019 0.100992
v -0.040272 1.667382 0.100272
v -0.037439 1.692249 0.112292
v -0.037439 1.692249 0.103708
v -0.043726 1.696855 0.108000
v -0.037071 1.692618 0.108000
v -0.039229 1.694467 0.108000
v -0.040337 1.694981 0.105752
v -0.040337 1.694981 0.110248
v -0.034188 1.689000 0.112289
v -0.034188 1.689000 0.103711
v -0.033452 1.689000 0.108000
v -0.031776 1.680000 0.112286
v -0.031776 1.680000 0.103714
v -0.031040 1.680000 0.108000
v -0.034188 1.671000 0.112289
v -0.034188 1.671000 0.103711
v -0.033452 1.671000 0.108000
v -0.037439 1.667750 0.112292
v -0.043726 1.663145 0.108000
v -0.037439 1.667750 0.103708
v -0.040337 1.665019 0.110248
v -0.039229 1.665533 0.108000
v -0.040337 1.665019 0.105752
v -0.037071 1.667382 0.108000
v -0.043567 1.692249 0.118503
v -0.037497 1.692249 0.112433
v -0.044977 1.696855 0.111023
v -0.040272 1.692618 0.115728
v -0.041798 1.694467 0.114202
v -0.040992 1.694981 0.111829
v -0.044171 1.694981 0.115008
v -0.041266 1.689000 0.120799
v -0.035201 1.689000 0.114734
v -0.037713 1.689000 0.118287
v -0.039559 1.680000 0.122503
v -0.033497 1.680000 0.116441
v -0.036008 1.680000 0.119992
v -0.041266 1.671000 0.120799
v -0.035201 1.671000 0.114734
v -0.037713 1.671000 0.118287
v -0.043567 1.667750 0.118503
v -0.044977 1.663145 0.111023
v -0.037497 1.667750 0.112433
v -0.044171 1.665019 0.115008
v -0.041798 1.665533 0.114202
v -0.040992 1.665019 0.111829
v -0.040272 1.667382 0.115728
v -0.052292 1.692249 0.118561
v -0.043708 1.692249 0.118561
v -0.048000 1.696855 0.112274
v -0.048000 1.692618 0.118929
v -0.048000 1.694467 0.116771
v -0.045752 1.694981 0.115663
v -0.050248 1.694981 0.115663
v -0.052289 1.689000 0.121812
v -0.043711 1.689000 0.121812
v -0.048000 1.689000 0.122548
v -0.052286 1.680000 0.124224
v -0.043714 1.680000 0.124224
v -0.048000 1.680000 0.124960
v -0.052289 1.671000 0.121812
v -0.043711 1.671000 0.121812
v -0.048000 1.671000 0.122548
v -0.052292 1.667750 0.118561
v -0.048000 1.663145 0.112274
v -0.043708 1.667750 0.118561
v -0.050248 1.665019 0.115663
v -0.048000 1.665533 0.116771
v -0.045752 1.665019 0.115663
v -0.048000 1.667382 0.118929
v -0.058503 1.692249 0.112433
v -0.052433 1.692249 0.118503
v -0.051023 1.696855 0.111023
v -0.055728 1.692618 0.115728
v -0.054202 1.694467 0.114202
v -0.051829 1.694981 0.115008
v -0.055008 1.694981 0.111829
v -0.060799 1.689000 0.114734
v -0.054734 1.689000 0.120799
v -0.058287 1.689000 0.118287
v -0.062503 1.680000 0.116441
v -0.056441 1.680000 0.122503
v -0.059992 1.680000 0.119992
v -0.060799 1.671000 0.114734
v -0.054734 1.671000 0.120799
v -0.058287 1.671000 0.118287
v -0.058503 1.667750 0.112433
v -0.051023 1.663145 0.111023
v -0.052433 1.667750 0.118503
v -0.055008 1.665019 0.111829
v -0.054202 1.665533 0.114202
v -0.051829 1.665019 0.115008
v -0.055728 1.667382 0.115728
v -0.058561 1.692249 0.103708
v -0.058561 1.692249 0.112292
v -0.052274 1.696855 0.108000
v -0.058929 1.692618 0.108000
v -0.056771 1.694467 0.108000
v -0.055663 1.694981 0.110248
v -0.055663 1.694981 0.105752
v -0.061812 1.689000 0.103711
v -0.061812 1.689000 0.112289
v -0.062548 1.689000 0.108000
v -0.064224 1.680000 0.103714
v -0.064224 1.680000 0.112286
v -0.064960 1.680000 0.108000
v -0.061812 1.671000 0.103711
v -0.061812 1.671000 0.112289
v -0.062548 1.671000 0.108000
v -0.058561 1.667750 0.103708
v -0.052274 1.663145 0.108000
v -0.058561 1.667750 0.112292
v -0.055663 1.665019 0.105752
v -0.056771 1.665533 0.108000
v -0.055663 1.665019 0.110248
v -0.058929 1.667382 0.108000
v -0.052433 1.692249 0.097497
v -0.058503 1.692249 0.103567
v -0.051023 1.696855 0.104977
v -0.055728 1.692618 0.100272
v -0.054202 1.694467 0.101798
v -0.055008 1.694981 0.104171
v -0.051829 1.694981 0.100992
v -0.054734 1.689000 0.095201
v -0.060799 1.689000 0.101266
v -0.058287 1.689000 0.097713
v -0.056441 1.680000 0.093497
v -0.062503 1.680000 0.099559
v -0.059992 1.680000 0.096008
v -0.054734 1.671000 0.095201
v -0.060799 1.671000 0.101266
v -0.058287 1.671000 0.097713
v -0.052433 1.667750 0.097497
v -0.051023 1.663145 0.104977
v -0.058503 1.667750 0.103567
v -0.051829 1.665019 0.100992
v -0.054202 1.665533 0.101798
v -0.055008 1.665019 0.104171
v -0.055728 1.667382 0.100272
v 0.043708 1.692249 0.097439
v 0.048000 1.696855 0.103726
v 0.052292 1.692249 0.097439
v 0.045752 1.694981 0.100337
v 0.048000 1.694467 0.099229
v 0.050248 1.694981 0.100337
v 0.048000 1.692618 0.097071
v 0.052289 1.689000 0.094188
v 0.043711 1.689000 0.094188
v 0.048000 1.689000 0.093452
v 0.052286 1.680000 0.091776
v 0.043714 1.680000 0.091776
v 0.048000 1.680000 0.091040
v 0.052289 1.671000 0.094188
v 0.043711 1.671000 0.094188
v 0.048000 1.671000 0.093452
v 0.043708 1.667750 0.097439
v 0.052292 1.667750 0.097439
v 0.048000 1.663145 0.103726
v 0.048000 1.667382 0.097071
v 0.048000 1.665533 0.099229
v 0.050248 1.665019 0.100337
v 0.045752 1.665019 0.100337
v 0.058503 1.692249 0.103567
v 0.052433 1.692249 0.097497
v 0.051023 1.696855 0.104977
v 0.055728 1.692618 0.100272
v 0.054202 1.694467 0.101798
v 0.051829 1.694981 0.100992
v 0.055008 1.694981 0.104171
v 0.060799 1.689000 0.101266
v 0.054734 1.689000 0.095201
v 0.058287 1.689000 0.097713
v 0.062503 1.680000 0.099559
v 0.056441 1.680000 0.093497
v 0.059992 1.680000 0.096008
v 0.060799 1.671000 0.101266
v 0.054734 1.671000 0.095201
v 0.058287 1.671000 0.097713
v 0.058503 1.667750 0.103567
v 0.051023 1.663145 0.104977
v 0.052433 1.667750 0.097497
v 0.055008 1.665019 0.104171
v 0.054202 1.665533 0.101798
v 0.051829 1.665019 0.100992
v 0.055728 1.667382 0.100272
v 0.058561 1.692249 0.112292
v 0.058561 1.692249 0.103708
v 0.052274 1.696855 0.108000
v 0.058929 1.692618 0.108000
v 0.056771 1.694467 0.108000
v 0.055663 1.694981 0.105752
v 0.055663 1.694981 0.110248
v 0.061812 1.689000 0.112289
v 0.061812 1.689000 0.103711
v 0.062548 1.689000 0.108000
v 0.064224 1.680000 0.112286
v 0.064224 1.680000 0.103714
v 0.064960 1.680000 0.108000
v 0.061812 1.671000 0.112289
v 0.061812 1.671000 0.103711
v 0.062548 1.671000 0.108000
v 0.058561 1.667750 0.112292
v 0.052274 1.663145 0.108000
v 0.058561 1.667750 0.103708
v 0.055663 1.665019 0.110248
v 0.056771 1.665533 0.108000
v 0.055663 1.665019 0.105752
v 0.058929 1.667382 0.108000
v 0.052433 1.692249 0.118503
v 0.058503 1.692249 0.112433
v 0.051023 1.696855 0.111023
v 0.055728 1.692618 0.115728
v 0.054202 1.694467 0.114202
v 0.055008 1.694981 0.111829
v 0.051829 1.694981 0.115008
v 0.054734 1.689000 0.120799
v 0.060799 1.689000 0.114734
v 0.058287 1.689000 0.118287
v 0.056441 1.680000 0.122503
v 0.062503 1.680000 0.116441
v 0.059992 1.680000 0.119992
v 0.054734 1.671000 0.120799
v 0.060799 1.671000 0.114734
v 0.058287 1.671000 0.118287
v 0.052433 1.667750 0.118503
v 0.051023 1.663145 0.111023
v 0.058503 1.667750 0.112433
v 0.051829 1.665019 0.115008
v 0.054202 1.665533 0.114202
v 0.055008 1.665019 0.111829
v 0.055728 1.667382 0.115728
v 0.043708 1.692249 0.118561
v 0.052292 1.692249 0.118561
v 0.048000 1.696855 0.112274
v 0.048000 1.692618 0.118929
v 0.048000 1.694467 0.116771
v 0.050248 1.694981 0.115663
v 0.045752 1.694981 0.115663
v 0.043711 1.689000 0.121812
v 0.052289 1.689000 0.121812
v 0.048000 1.689000 0.122548
v 0.043714 1.680000 0.124224
v 0.052286 1.680000 0.124224
v 0.048000 1.680000 0.124960
v 0.043711 1.671000 0.121812
v 0.052289 1.671000 0.121812
v 0.048000 1.671000 0.122548
v 0.043708 1.667750 0.118561
v 0.048000 1.663145 0.112274
v 0.052292 1.667750 0.118561
v 0.045752 1.665019 0.115663
v 0.048000 1.665533 0.116771
v 0.050248 1.665019 0.115663
v 0.048000 1.667382 0.118929
v 0.037497 1.692249 0.112433
v 0.043567 1.692249 0.118503
v 0.044977 1.696855 0.111023
v 0.040272 1.692618 0.115728
v 0.041798 1.694467 0.114202
v 0.044171 1.694981 0.115008
v 0.040992 1.694981 0.111829
v 0.035201 1.689000 0.114734
v 0.041266 1.689000 0.120799
v 0.037713 1.689000 0.118287
v 0.033497 1.680000 0.116441
v 0.039559 1.680000 0.122503
v 0.036008 1.680000 0.119992
v 0.035201 1.671000 0.114734
v 0.041266 1.671000 0.120799
v 0.037713 1.671000 0.118287
v 0.037497 1.667750 0.112433
v 0.044977 1.663145 0.111023
v 0.043567 1.667750 0.118503
v 0.040992 1.665019 0.111829
v 0.041798 1.665533 0.114202
v 0.044171 1.665019 0.115008
v 0.040272 1.667382 0.115728
v 0.037439 1.692249 0.103708
v 0.037439 1.692249 0.112292
v 0.043726 1.696855 0.108000
v 0.037071 1.692618 0.108000
v 0.039229 1.694467 0.108000
v 0.040337 1.694981 0.110248
v 0.040337 1.694981 0.105752
v 0.034188 1.689000 0.103711
v 0.034188 1.689000 0.112289
v 0.033452 1.689000 0.108000
v 0.031776 1.680000 0.103714
v 0.031776 1.680000 0.112286
v 0.031040 1.680000 0.108000
v 0.034188 1.671000 0.103711
v 0.034188 1.671000 0.112289
v 0.033452 1.671000 0.108000
v 0.037439 1.667750 0.103708
v 0.043726 1.663145 0.108000
v 0.037439 1.667750 0.112292
v 0.040337 1.665019 0.105752
v 0.039229 1.665533 0.108000
v 0.040337 1.665019 0.110248
v 0.037071 1.667382 0.108000
v 0.043567 1.692249 0.097497
v 0.037497 1.692249 0.103567
v 0.044977 1.696855 0.104977
v 0.040272 1.692618 0.100272
v 0.041798 1.694467 0.101798
v 0.040992 1.694981 0.104171
v 0.044171 1.694981 0.100992
v 0.041266 1.689000 0.095201
v 0.035201 1.689000 0.101266
v 0.037713 1.689000 0.097713
v 0.039559 1.680000 0.093497
v 0.033497 1.680000 0.099559
v 0.036008 1.680000 0.096008
v 0.041266 1.671000 0.095201
v 0.035201 1.671000 0.101266
v 0.037713 1.671000 0.097713
v 0.043567 1.667750 0.097497
v 0.044977 1.663145 0.104977
v 0.037497 1.667750 0.103567
v 0.044171 1.665019 0.100992
v 0.041798 1.665533 0.101798
v 0.040992 1.665019 0.104171
v 0.040272 1.667382 0.100272
v -0.057954 1.535000 0.085454
v -0.057954 1.539546 0.090000
v -0.062500 1.539546 0.085454
v -0.057954 1.536332 0.088669
v -0.060579 1.536921 0.088079
v -0.061169 1.539546 0.088669
v -0.061169 1.536332 0.085454
v -0.057954 1.600454 0.090000
v -0.057954 1.605000 0.085454
v -0.062500 1.600454 0.085454
v -0.057954 1.603669 0.088669
v -0.060579 1.603079 0.088079
v -0.061169 1.603669 0.085454
v -0.061169 1.600454 0.088669
v -0.057954 1.535000 -0.005454
v -0.062500 1.539546 -0.005454
v -0.057954 1.539546 -0.010000
v -0.061169 1.536332 -0.005454
v -0.060579 1.536921 -0.008079
v -0.061169 1.539546 -0.008669
v -0.057954 1.536332 -0.008669
v -0.057954 1.605000 -0.005454
v -0.057954 1.600454 -0.010000
v -0.062500 1.600454 -0.005454
v -0.057954 1.603669 -0.008669
v -0.060579 1.603079 -0.008079
v -0.061169 1.600454 -0.008669
v -0.061169 1.603669 -0.005454
v 0.057954 1.535000 0.085454
v 0.062500 1.539546 0.085454
v 0.057954 1.539546 0.090000
v 0.061169 1.536332 0.085454
v 0.060579 1.536921 0.088079
v 0.061169 1.539546 0.088669
v 0.057954 1.536332 0.088669
v 0.057954 1.605000 0.085454
v 0.057954 1.600454 0.090000
v 0.062500 1.600454 0.085454
v 0.057954 1.603669 0.088669
v 0.060579 1.603079 0.088079
v 0.061169 1.600454 0.088669
v 0.061169 1.603669 0.085454
v 0.057954 1.535000 -0.005454
v 0.057954 1.539546 -0.010000
v 0.062500 1.539546 -0.005454
v 0.057954 1.536332 -0.008669
v 0.060579 1.536921 -0.008079
v 0.061169 1.539546 -0.008669
v 0.061169 1.536332 -0.005454
v 0.057954 1.605000 -0.005454
v 0.062500 1.600454 -0.005454
v 0.057954 1.600454 -0.010000
v 0.061169 1.603669 -0.005454
v 0.060579 1.603079 -0.008079
v 0.061169 1.600454 -0.008669
v 0.057954 1.603669 -0.008669
v -0.030454 1.595000 0.117954
v -0.030454 1.599546 0.122500
v -0.035000 1.599546 0.117954
v -0.030454 1.596331 0.121169
v -0.033079 1.596921 0.120579
v -0.033669 1.599546 0.121169
v -0.033669 1.596331 0.117954
v -0.030454 1.610454 0.122500
v -0.030454 1.615000 0.117954
v -0.035000 1.610454 0.117954
v -0.030454 1.613669 0.121169
v -0.033079 1.613079 0.120579
v -0.033669 1.613669 0.117954
v -0.033669 1.610454 0.121169
v -0.030454 1.595000 0.102046
v -0.035000 1.599546 0.102046
v -0.030454 1.599546 0.097500
v -0.033669 1.596331 0.102046
v -0.033079 1.596921 0.099421
v -0.033669 1.599546 0.098831
v -0.030454 1.596331 0.098831
v -0.030454 1.615000 0.102046
v -0.030454 1.610454 0.097500
v -0.035000 1.610454 0.102046
v -0.030454 1.613669 0.098831
v -0.033079 1.613079 0.099421
v -0.033669 1.610454 0.098831
v -0.033669 1.613669 0.102046
v 0.030454 1.595000 0.117954
v 0.035000 1.599546 0.117954
v 0.030454 1.599546 0.122500
v 0.033669 1.596331 0.117954
v 0.033079 1.596921 0.120579
v 0.033669 1.599546 0.121169
v 0.030454 1.596331 0.121169
v 0.030454 1.615000 0.117954
v 0.030454 1.610454 0.122500
v 0.035000 1.610454 0.117954
v 0.030454 1.613669 0.121169
v 0.033079 1.613079 0.120579
v 0.033669 1.610454 0.121169
v 0.033669 1.613669 0.117954
v 0.030454 1.595000 0.102046
v 0.030454 1.599546 0.097500
v 0.035000 1.599546 0.102046
v 0.030454 1.596331 0.098831
v 0.033079 1.596921 0.099421
v 0.033669 1.599546 0.098831
v 0.033669 1.596331 0.102046
v 0.030454 1.615000 0.102046
v 0.035000 1.610454 0.102046
v 0.030454 1.610454 0.097500
v 0.033669 1.613669 0.102046
v 0.033079 1.613079 0.099421
v 0.033669 1.610454 0.098831
v 0.030454 1.613669 0.098831
v -0.125708 1.686972 -0.039061
v -0.134292 1.686972 -0.039061
v -0.130000 1.691577 -0.032774
v -0.130000 1.687340 -0.039429
v -0.130000 1.689189 -0.037271
v -0.132247 1.689704 -0.036163
v -0.127752 1.689704 -0.036163
v -0.125714 1.660000 -0.053224
v -0.134286 1.660000 -0.053224
v -0.130000 1.660000 -0.053960
v -0.125708 1.633028 -0.039061
v -0.130000 1.628423 -0.032774
v -0.134292 1.633028 -0.039061
v -0.127752 1.630296 -0.036163
v -0.130000 1.630811 -0.037271
v -0.132248 1.630296 -0.036163
v -0.130000 1.632660 -0.039429
v -0.113487 1.686972 -0.030443
v -0.119557 1.686972 -0.036513
v -0.120967 1.691577 -0.029033
v -0.116261 1.687340 -0.033739
v -0.117788 1.689189 -0.032212
v -0.120160 1.689704 -0.033018
v -0.116982 1.689704 -0.029840
v -0.106790 1.677500 -0.037144
v -0.112856 1.677500 -0.043210
v -0.109303 1.677500 -0.040697
v -0.103476 1.660000 -0.040462
v -0.109538 1.660000 -0.046524
v -0.105987 1.660000 -0.044013
v -0.106790 1.642500 -0.037144
v -0.112856 1.642500 -0.043210
v -0.109303 1.642500 -0.040697
v -0.113487 1.633028 -0.030443
v -0.120967 1.628423 -0.029033
v -0.119557 1.633028 -0.036513
v -0.116982 1.630296 -0.029840
v -0.117788 1.630811 -0.032212
v -0.120160 1.630296 -0.033018
v -0.116261 1.632660 -0.033739
v -0.110939 1.686972 -0.015708
v -0.110939 1.686972 -0.024292
v -0.117226 1.691577 -0.020000
v -0.110571 1.687340 -0.020000
v -0.112729 1.689189 -0.020000
v -0.113837 1.689704 -0.022247
v -0.113837 1.689704 -0.017752
v -0.101466 1.677500 -0.015711
v -0.101466 1.677500 -0.024289
v -0.100730 1.677500 -0.020000
v -0.096776 1.660000 -0.015714
v -0.096776 1.660000 -0.024286
v -0.096040 1.660000 -0.020000
v -0.101466 1.642500 -0.015711
v -0.101466 1.642500 -0.024289
v -0.100730 1.642500 -0.020000
v -0.110939 1.633028 -0.015708
v -0.117226 1.628423 -0.020000
v -0.110939 1.633028 -0.024292
v -0.113837 1.630296 -0.017752
v -0.112729 1.630811 -0.020000
v -0.113837 1.630296 -0.022248
v -0.110571 1.632660 -0.020000
v -0.119557 1.686972 -0.003487
v -0.113487 1.686972 -0.009557
v -0.120967 1.691577 -0.010967
v -0.116261 1.687340 -0.006261
v -0.117788 1.689189 -0.007788
v -0.116982 1.689704 -0.010160
v -0.120160 1.689704 -0.006982
v -0.112856 1.677500 0.003210
v -0.106790 1.677500 -0.002856
v -0.109303 1.677500 0.000697
v -0.109538 1.660000 0.006524
v -0.103476 1.660000 0.000462
v -0.105987 1.660000 0.004013
v -0.112856 1.642500 0.003210
v -0.106790 1.642500 -0.002856
v -0.109303 1.642500 0.000697
v -0.119557 1.633028 -0.003487
v -0.120967 1.628423 -0.010967
v -0.113487 1.633028 -0.009557
v -0.120160 1.630296 -0.006982
v -0.117788 1.630811 -0.007788
v -0.116982 1.630296 -0.010160
v -0.116261 1.632660 -0.006261
v -0.134292 1.686972 -0.000939
v -0.125708 1.686972 -0.000939
v -0.130000 1.691577 -0.007226
v -0.130000 1.687340 -0.000571
v -0.130000 1.689189 -0.002729
v -0.127752 1.689704 -0.003837
v -0.132248 1.689704 -0.003837
v -0.134289 1.677500 0.008534
v -0.125711 1.677500 0.008534
v -0.130000 1.677500 0.009270
v -0.134286 1.660000 0.013224
v -0.125714 1.660000 0.013224
v -0.130000 1.660000 0.013960
v -0.134289 1.642500 0.008534
v -0.125711 1.642500 0.008534
v -0.130000 1.642500 0.009270
v -0.134292 1.633028 -0.000939
v -0.130000 1.628423 -0.007226
v -0.125708 1.633028 -0.000939
v -0.132247 1.630296 -0.003837
v -0.130000 1.630811 -0.002729
v -0.127752 1.630296 -0.003837
v -0.130000 1.632660 -0.000571
v -0.146513 1.686972 -0.009557
v -0.140443 1.686972 -0.003487
v -0.139033 1.691577 -0.010967
v -0.143739 1.687340 -0.006261
v -0.142212 1.689189 -0.007788
v -0.139840 1.689704 -0.006982
v -0.143018 1.689704 -0.010160
v -0.153210 1.677500 -0.002856
v -0.147144 1.677500 0.003210
v -0.150697 1.677500 0.000697
v -0.156524 1.660000 0.000462
v -0.150462 1.660000 0.006524
v -0.154013 1.660000 0.004013
v -0.153210 1.642500 -0.002856
v -0.147144 1.642500 0.003210
v -0.150697 1.642500 0.000697
v -0.146513 1.633028 -0.009557
v -0.139033 1.628423 -0.010967
v -0.140443 1.633028 -0.003487
v -0.143018 1.630296 -0.010160
v -0.142212 1.630811 -0.007788
v -0.139840 1.630296 -0.006982
v -0.143739 1.632660 -0.006261
v -0.149061 1.686972 -0.024292
v -0.149061 1.686972 -0.015708
v -0.142774 1.691577 -0.020000
v -0.149429 1.687340 -0.020000
v -0.147271 1.689189 -0.020000
v -0.146163 1.689704 -0.017752
v -0.146163 1.689704 -0.022248
v -0.158534 1.677500 -0.024289
v -0.158534 1.677500 -0.015711
v -0.159270 1.677500 -0.020000
v -0.163224 1.660000 -0.024286
v -0.163224 1.660000 -0.015714
v -0.163960 1.660000 -0.020000
v -0.158534 1.642500 -0.024289
v -0.158534 1.642500 -0.015711
v -0.159270 1.642500 -0.020000
v -0.149061 1.633028 -0.024292
v -0.142774 1.628423 -0.020000
v -0.149061 1.633028 -0.015708
v -0.146163 1.630296 -0.022248
v -0.147271 1.630811 -0.020000
v -0.146163 1.630296 -0.017752
v -0.149429 1.632660 -0.020000
v -0.140443 1.686972 -0.036513
v -0.146513 1.686972 -0.030443
v -0.139033 1.691577 -0.029033
v -0.143739 1.687340 -0.033739
v -0.142212 1.689189 -0.032212
v -0.143018 1.689704 -0.029840
v -0.139840 1.689704 -0.033018
v -0.147144 1.677500 -0.043210
v -0.153210 1.677500 -0.037144
v -0.150697 1.677500 -0.040697
v -0.150462 1.660000 -0.046524
v -0.156524 1.660000 -0.040462
v -0.154013 1.660000 -0.044013
v -0.147144 1.642500 -0.043210
v -0.153210 1.642500 -0.037144
v -0.150697 1.642500 -0.040697
v -0.140443 1.633028 -0.036513
v -0.139033 1.628423 -0.029033
v -0.146513 1.633028 -0.030443
v -0.139840 1.630296 -0.033018
v -0.142212 1.630811 -0.032212
v -0.143018 1.630296 -0.029840
v -0.143739 1.632660 -0.033739
v -0.125711 1.677500 -0.048534
v -0.134289 1.677500 -0.048534
v -0.130000 1.677500 -0.049270
v -0.125711 1.642500 -0.048534
v -0.134289 1.642500 -0.048534
v -0.130000 1.642500 -0.049270
v 0.134292 1.686972 -0.039061
v 0.125708 1.686972 -0.039061
v 0.130000 1.691577 -0.032774
v 0.130000 1.687340 -0.039429
v 0.130000 1.689189 -0.037271
v 0.127752 1.689704 -0.036163
v 0.132248 1.689704 -0.036163
v 0.134286 1.660000 -0.053224
v 0.125714 1.660000 -0.053224
v 0.130000 1.660000 -0.053960
v 0.134292 1.633028 -0.039061
v 0.130000 1.628423 -0.032774
v 0.125708 1.633028 -0.039061
v 0.132247 1.630296 -0.036163
v 0.130000 1.630811 -0.037271
v 0.127752 1.630296 -0.036163
v 0.130000 1.632660 -0.039429
v 0.146513 1.686972 -0.030443
v 0.140443 1.686972 -0.036513
v 0.139033 1.691577 -0.029033
v 0.143739 1.687340 -0.033739
v 0.142212 1.689189 -0.032212
v 0.139840 1.689704 -0.033018
v 0.143018 1.689704 -0.029840
v 0.153210 1.677500 -0.037144
v 0.147144 1.677500 -0.043210
v 0.150697 1.677500 -0.040697
v 0.156524 1.660000 -0.040462
v 0.150462 1.660000 -0.046524
v 0.154013 1.660000 -0.044013
v 0.153210 1.642500 -0.037144
v 0.147144 1.642500 -0.043210
v 0.150697 1.642500 -0.040697
v 0.146513 1.633028 -0.030443
v 0.139033 1.628423 -0.029033
v 0.140443 1.633028 -0.036513
v 0.143018 1.630296 -0.029840
v 0.142212 1.630811 -0.032212
v 0.139840 1.630296 -0.033018
v 0.143739 1.632660 -0.033739
v 0.149061 1.686972 -0.015708
v 0.149061 1.686972 -0.024292
v 0.142774 1.691577 -0.020000
v 0.149429 1.687340 -0.020000
v 0.147271 1.689189 -0.020000
v 0.146163 1.689704 -0.022248
v 0.146163 1.689704 -0.017752
v 0.158534 1.677500 -0.015711
v 0.158534 1.677500 -0.024289
v 0.159270 1.677500 -0.020000
v 0.163224 1.660000 -0.015714
v 0.163224 1.660000 -0.024286
v 0.163960 1.660000 -0.020000
v 0.158534 1.642500 -0.015711
v 0.158534 1.642500 -0.024289
v 0.159270 1.642500 -0.020000
v 0.149061 1.633028 -0.015708
v 0.142774 1.628423 -0.020000
v 0.149061 1.633028 -0.024292
v 0.146163 1.630296 -0.017752
v 0.147271 1.630811 -0.020000
v 0.146163 1.630296 -0.022248
v 0.149429 1.632660 -0.020000
v 0.140443 1.686972 -0.003487
v 0.146513 1.686972 -0.009557
v 0.139033 1.691577 -0.010967
v 0.143739 1.687340 -0.006261
v 0.142212 1.689189 -0.007788
v 0.143018 1.689704 -0.010160
v 0.139840 1.689704 -0.006982
v 0.147144 1.677500 0.003210
v 0.153210 1.677500 -0.002856
v 0.150697 1.677500 0.000697
v 0.150462 1.660000 0.006524
v 0.156524 1.660000 0.000462
v 0.154013 1.660000 0.004013
v 0.147144 1.642500 0.003210
v 0.153210 1.642500 -0.002856
v 0.150697 1.642500 0.000697
v 0.140443 1.633028 -0.003487
v 0.139033 1.628423 -0.010967
v 0.146513 1.633028 -0.009557
v 0.139840 1.630296 -0.006982
v 0.142212 1.630811 -0.007788
v 0.143018 1.630296 -0.010160
v 0.143739 1.632660 -0.006261
v 0.125708 1.686972 -0.000939
v 0.134292 1.686972 -0.000939
v 0.130000 1.691577 -0.007226
v 0.130000 1.687340 -0.000571
v 0.130000 1.689189 -0.002729
v 0.132247 1.689704 -0.003837
v 0.127752 1.689704 -0.003837
v 0.125711 1.677500 0.008534
v 0.134289 1.677500 0.008534
v 0.130000 1.677500 0.009270
v 0.125714 1.660000 0.013224
v 0.134286 1.660000 0.013224
v 0.130000 1.660000 0.013960
v 0.125711 1.642500 0.008534
v 0.134289 1.642500 0.008534
v 0.130000 1.642500 0.009270
v 0.125708 1.633028 -0.000939
v 0.130000 1.628423 -0.007226
v 0.134292 1.633028 -0.000939
v 0.127752 1.630296 -0.003837
v 0.130000 1.630811 -0.002729
v 0.132248 1.630296 -0.003837
v 0.130000 1.632660 -0.000571
v 0.113487 1.686972 -0.009557
v 0.119557 1.686972 -0.003487
v 0.120967 1.691577 -0.010967
v 0.116261 1.687340 -0.006261
v 0.117788 1.689189 -0.007788
v 0.120160 1.689704 -0.006982
v 0.116982 1.689704 -0.010160
v 0.106790 1.677500 -0.002856
v 0.112856 1.677500 0.003210
v 0.109303 1.677500 0.000697
v 0.103476 1.660000 0.000462
v 0.109538 1.660000 0.006524
v 0.105987 1.660000 0.004013
v 0.106790 1.642500 -0.002856
v 0.112856 1.642500 0.003210
v 0.109303 1.642500 0.000697
v 0.113487 1.633028 -0.009557
v 0.120967 1.628423 -0.010967
v 0.119557 1.633028 -0.003487
v 0.116982 1.630296 -0.010160
v 0.117788 1.630811 -0.007788
v 0.120160 1.630296 -0.006982
v 0.116261 1.632660 -0.006261
v 0.110939 1.686972 -0.024292
v 0.110939 1.686972 -0.015708
v 0.117226 1.691577 -0.020000
v 0.110571 1.687340 -0.020000
v 0.112729 1.689189 -0.020000
v 0.113837 1.689704 -0.017752
v 0.113837 1.689704 -0.022248
v 0.101466 1.677500 -0.024289
v 0.101466 1.677500 -0.015711
v 0.100730 1.677500 -0.020000
v 0.096776 1.660000 -0.024286
v 0.096776 1.660000 -0.015714
v 0.096040 1.660000 -0.020000
v 0.101466 1.642500 -0.024289
v 0.101466 1.642500 -0.015711
v 0.100730 1.642500 -0.020000
v 0.110939 1.633028 -0.024292
v 0.117226 1.628423 -0.020000
v 0.110939 1.633028 -0.015708
v 0.113837 1.630296 -0.022247
v 0.112729 1.630811 -0.020000
v 0.113837 1.630296 -0.017752
v 0.110571 1.632660 -0.020000
v 0.119557 1.686972 -0.036513
v 0.113487 1.686972 -0.030443
v 0.120967 1.691577 -0.029033
v 0.116261 1.687340 -0.033739
v 0.117788 1.689189 -0.032212
v 0.116982 1.689704 -0.029840
v 0.120160 1.689704 -0.033018
v 0.112856 1.677500 -0.043210
v 0.106790 1.677500 -0.037144
v 0.109303 1.677500 -0.040697
v 0.109538 1.660000 -0.046524
v 0.103476 1.660000 -0.040462
v 0.105987 1.660000 -0.044013
v 0.112856 1.642500 -0.043210
v 0.106790 1.642500 -0.037144
v 0.109303 1.642500 -0.040697
v 0.119557 1.633028 -0.036513
v 0.120967 1.628423 -0.029033
v 0.113487 1.633028 -0.030443
v 0.120160 1.630296 -0.033018
v 0.117788 1.630811 -0.032212
v 0.116982 1.630296 -0.029840
v 0.116261 1.632660 -0.033739
v 0.134289 1.677500 -0.048534
v 0.125711 1.677500 -0.048534
v 0.130000 1.677500 -0.049270
v 0.134289 1.642500 -0.048534
v 0.125711 1.642500 -0.048534
v 0.130000 1.642500 -0.049270
v -0.007134 1.460631 0.084079
v -0.007134 1.460631 0.075921
v 0.002006 1.459908 0.074851
v 0.010583 1.461247 0.080000
v 0.002006 1.459908 0.085149
v -0.007492 1.459881 0.080000
v 0.000041 1.458170 0.080000
v -0.002634 1.459836 0.075080
v 0.006545 1.459954 0.077171
v 0.006545 1.459954 0.082829
v -0.002634 1.459836 0.084920
v 0.075681 1.499676 0.110098
v 0.080687 1.506400 0.109642
v 0.077973 1.510857 0.115848
v 0.071144 1.506043 0.119219
v 0.068133 1.498944 0.115722
v 0.078769 1.502602 0.109870
v 0.076732 1.503379 0.115258
v 0.080115 1.508608 0.113103
v 0.074881 1.508501 0.118045
v 0.069779 1.502285 0.118017
v 0.072158 1.498686 0.113165
v -0.032166 1.499319 0.133107
v -0.023252 1.498944 0.134618
v -0.027172 1.506026 0.139545
v -0.037403 1.506443 0.134606
v -0.027779 1.498698 0.134168
v -0.030219 1.502337 0.136976
v -0.025156 1.502280 0.137646
v -0.032643 1.506231 0.137572
v -0.035164 1.502511 0.134290
v -0.088144 1.499319 0.075921
v -0.088144 1.499319 0.084079
v -0.093470 1.506443 0.085499
v -0.095822 1.512363 0.080000
v -0.093470 1.506443 0.074501
v -0.088502 1.498569 0.080000
v -0.094511 1.503607 0.080000
v -0.091187 1.502511 0.085222
v -0.095431 1.509424 0.083108
v -0.095431 1.509424 0.076892
v -0.091187 1.502511 0.074778
v -0.023252 1.498944 0.025382
v -0.032166 1.499319 0.026893
v -0.037403 1.506443 0.025394
v -0.027172 1.506026 0.020455
v -0.027779 1.498698 0.025832
v -0.030219 1.502337 0.023024
v -0.035164 1.502511 0.025710
v -0.032643 1.506231 0.022428
v -0.025156 1.502280 0.022354
v 0.080687 1.506400 0.050358
v 0.075681 1.499676 0.049902
v 0.068133 1.498944 0.044278
v 0.071144 1.506043 0.040781
v 0.077973 1.510857 0.044152
v 0.078769 1.502602 0.050130
v 0.076732 1.503379 0.044742
v 0.072158 1.498686 0.046835
v 0.069779 1.502285 0.041983
v 0.074881 1.508500 0.041955
v 0.080115 1.508608 0.046897
v 0.037403 1.573557 0.134606
v 0.032166 1.580681 0.133107
v 0.023252 1.581056 0.134618
v 0.027172 1.573974 0.139545
v 0.035164 1.577489 0.134290
v 0.030219 1.577662 0.136976
v 0.027779 1.581302 0.134168
v 0.025156 1.577720 0.137646
v 0.032643 1.573769 0.137572
v -0.080687 1.573600 0.109642
v -0.077973 1.569142 0.115848
v -0.071144 1.573957 0.119219
v -0.068133 1.581056 0.115722
v -0.075681 1.580324 0.110098
v -0.080115 1.571392 0.113103
v -0.076732 1.576621 0.115258
v -0.074881 1.571499 0.118045
v -0.069779 1.577715 0.118017
v -0.072158 1.581313 0.113165
v -0.078769 1.577398 0.109870
v -0.071144 1.573957 0.040781
v -0.077973 1.569142 0.044152
v -0.080687 1.573600 0.050358
v -0.075681 1.580324 0.049902
v -0.068133 1.581056 0.044278
v -0.074881 1.571499 0.041955
v -0.076732 1.576621 0.044742
v -0.080115 1.571392 0.046897
v -0.078769 1.577398 0.050130
v -0.072158 1.581313 0.046835
v -0.069779 1.577715 0.041983
v 0.037403 1.573557 0.025394
v 0.027172 1.573974 0.020455
v 0.023252 1.581056 0.025382
v 0.032166 1.580681 0.026893
v 0.032643 1.573769 0.022428
v 0.030219 1.577662 0.023024
v 0.025156 1.577720 0.022354
v 0.027779 1.581302 0.025832
v 0.035164 1.577489 0.025710
v 0.093470 1.573557 0.085499
v 0.095822 1.567637 0.080000
v 0.093470 1.573557 0.074501
v 0.088144 1.580681 0.075921
v 0.088144 1.580681 0.084079
v 0.095431 1.570576 0.083108
v 0.094511 1.576393 0.080000
v 0.095431 1.570576 0.076892
v 0.091187 1.577489 0.074778
v 0.088502 1.581431 0.080000
v 0.091187 1.577489 0.085222
v -0.002006 1.620092 0.085149
v 0.007134 1.619369 0.084079
v 0.007134 1.619369 0.075921
v -0.002006 1.620092 0.074851
v -0.010583 1.618753 0.080000
v 0.002634 1.620164 0.084920
v -0.000041 1.621830 0.080000
v 0.007492 1.620119 0.080000
v 0.002634 1.620164 0.075080
v -0.006545 1.620046 0.077171
v -0.006545 1.620046 0.082829
v 0.000000 1.850000 -0.155294
v -0.004391 1.854546 -0.158823
v 0.004391 1.854546 -0.158823
v -0.002439 1.851331 -0.157968
v 0.000000 1.851921 -0.158684
v -0.000000 1.854546 -0.159311
v 0.002439 1.851331 -0.157968
v 0.000000 1.950000 -0.155294
v 0.004391 1.945454 -0.158823
v -0.004391 1.945454 -0.158823
v 0.002439 1.948669 -0.157968
v -0.000000 1.948079 -0.158684
v 0.000000 1.945454 -0.159311
v -0.002439 1.948669 -0.157968
v 0.077647 1.850000 -0.134488
v 0.075609 1.854546 -0.139741
v 0.083214 1.854546 -0.135350
v 0.076872 1.851331 -0.138024
v 0.079342 1.851921 -0.137424
v 0.079655 1.854546 -0.137967
v 0.081096 1.851331 -0.135585
v 0.077647 1.950000 -0.134488
v 0.083214 1.945454 -0.135350
v 0.075609 1.945454 -0.139741
v 0.081096 1.948669 -0.135585
v 0.079342 1.948079 -0.137424
v 0.079655 1.945454 -0.137967
v 0.076872 1.948669 -0.138024
v 0.134488 1.850000 -0.077647
v 0.135350 1.854546 -0.083214
v 0.139741 1.854546 -0.075609
v 0.135585 1.851331 -0.081096
v 0.137424 1.851921 -0.079342
v 0.137967 1.854546 -0.079655
v 0.138024 1.851331 -0.076872
v 0.134488 1.950000 -0.077647
v 0.139741 1.945454 -0.075609
v 0.135350 1.945454 -0.083214
v 0.138024 1.948669 -0.076872
v 0.137424 1.948079 -0.079342
v 0.137967 1.945454 -0.079655
v 0.135585 1.948669 -0.081096
v 0.155294 1.850000 0.000000
v 0.158823 1.854546 -0.004391
v 0.158823 1.854546 0.004391
v 0.157968 1.851331 -0.002439
v 0.158684 1.851921 0.000000
v 0.159311 1.854546 -0.000000
v 0.157968 1.851331 0.002439
v 0.155294 1.950000 0.000000
v 0.158823 1.945454 0.004391
v 0.158823 1.945454 -0.004391
v 0.157968 1.948669 0.002439
v 0.158684 1.948079 -0.000000
v 0.159311 1.945454 0.000000
v 0.157968 1.948669 -0.002439
v 0.134488 1.850000 0.077647
v 0.139741 1.854546 0.075609
v 0.135350 1.854546 0.083214
v 0.138024 1.851331 0.076872
v 0.137424 1.851921 0.079342
v 0.137967 1.854546 0.079655
v 0.135585 1.851331 0.081096
v 0.134488 1.950000 0.077647
v 0.135350 1.945454 0.083214
v 0.139741 1.945454 0.075609
v 0.135585 1.948669 0.081096
v 0.137424 1.948079 0.079342
v 0.137967 1.945454 0.079655
v 0.138024 1.948669 0.076872
v 0.077647 1.850000 0.134488
v 0.083214 1.854546 0.135350
v 0.075609 1.854546 0.139741
v 0.081096 1.851331 0.135585
v 0.079342 1.851921 0.137424
v 0.079655 1.854546 0.137967
v 0.076872 1.851331 0.138024
v 0.077647 1.950000 0.134488
v 0.075609 1.945454 0.139741
v 0.083214 1.945454 0.135350
v 0.076872 1.948669 0.138024
v 0.079342 1.948079 0.137424
v 0.079655 1.945454 0.137967
v 0.081096 1.948669 0.135585
v 0.000000 1.850000 0.155294
v 0.004391 1.854546 0.158823
v -0.004391 1.854546 0.158823
v 0.002439 1.851331 0.157968
v -0.000000 1.851921 0.158684
v 0.000000 1.854546 0.159311
v -0.002439 1.851331 0.157968
v 0.000000 1.950000 0.155294
v -0.004391 1.945454 0.158823
v 0.004391 1.945454 0.158823
v -0.002439 1.948669 0.157968
v 0.000000 1.948079 0.158684
v -0.000000 1.945454 0.159311
v 0.002439 1.948669 0.157968
v -0.077647 1.850000 0.134488
v -0.075609 1.854546 0.139741
v -0.083214 1.854546 0.135350
v -0.076872 1.851331 0.138024
v -0.079342 1.851921 0.137424
v -0.079655 1.854546 0.137967
v -0.081096 1.851331 0.135585
v -0.077647 1.950000 0.134488
v -0.083214 1.945454 0.135350
v -0.075609 1.945454 0.139741
v -0.081096 1.948669 0.135585
v -0.079342 1.948079 0.137424
v -0.079655 1.945454 0.137967
v -0.076872 1.948669 0.138024
v -0.134488 1.850000 0.077647
v -0.135350 1.854546 0.083214
v -0.139741 1.854546 0.075609
v -0.135585 1.851331 0.081096
v -0.137424 1.851921 0.079342
v -0.137967 1.854546 0.079655
v -0.138024 1.851331 0.076872
v -0.134488 1.950000 0.077647
v -0.139741 1.945454 0.075609
v -0.135350 1.945454 0.083214
v -0.138024 1.948669 0.076872
v -0.137424 1.948079 0.079342
v -0.137967 1.945454 0.079655
v -0.135585 1.948669 0.081096
v -0.155294 1.850000 0.000000
v -0.158823 1.854546 0.004391
v -0.158823 1.854546 -0.004391
v -0.157968 1.851331 0.002439
v -0.158684 1.851921 -0.000000
v -0.159311 1.854546 0.000000
v -0.157968 1.851331 -0.002439
v -0.155294 1.950000 0.000000
v -0.158823 1.945454 -0.004391
v -0.158823 1.945454 0.004391
v -0.157968 1.948669 -0.002439
v -0.158684 1.948079 0.000000
v -0.159311 1.945454 -0.000000
v -0.157968 1.948669 0.002439
v -0.134488 1.850000 -0.077647
v -0.139741 1.854546 -0.075609
v -0.135350 1.854546 -0.083214
v -0.138024 1.851331 -0.076872
v -0.137424 1.851921 -0.079342
v -0.137967 1.854546 -0.079655
v -0.135585 1.851331 -0.081096
v -0.134488 1.950000 -0.077647
v -0.135350 1.945454 -0.083214
v -0.139741 1.945454 -0.075609
v -0.135585 1.948669 -0.081096
v -0.137424 1.948079 -0.079342
v -0.137967 1.945454 -0.079655
v -0.138024 1.948669 -0.076872
v -0.077647 1.850000 -0.134488
v -0.083214 1.854546 -0.135350
v -0.075609 1.854546 -0.139741
v -0.081096 1.851331 -0.135585
v -0.079342 1.851921 -0.137424
v -0.079655 1.854546 -0.137967
v -0.076872 1.851331 -0.138024
v -0.077647 1.950000 -0.134488
v -0.075609 1.945454 -0.139741
v -0.083214 1.945454 -0.135350
v -0.076872 1.948669 -0.138024
v -0.079342 1.948079 -0.137424
v -0.079655 1.945454 -0.137967
v -0.081096 1.948669 -0.135585
v 0.000000 1.940000 0.110619
v -0.003679 1.944541 0.107917
v 0.003679 1.944541 0.107917
v -0.002602 1.941330 0.108664
v -0.000000 1.941919 0.107420
v -0.000000 1.944541 0.106753
v 0.002602 1.941330 0.108664
v 0.000000 2.220000 0.125619
v 0.003679 2.215458 0.122430
v -0.003679 2.215458 0.122430
v 0.002602 2.218670 0.123521
v 0.000000 2.218080 0.122214
v 0.000000 2.215458 0.121266
v -0.002602 2.218670 0.123521
v 0.027943 1.940000 0.130921
v 0.029376 1.944541 0.126586
v 0.031650 1.944541 0.133585
v 0.028999 1.941330 0.127842
v 0.030985 1.941919 0.129932
v 0.031620 1.944541 0.129726
v 0.030607 1.941330 0.132791
v 0.013677 2.220000 0.135556
v 0.017847 2.215458 0.138070
v 0.015573 2.215458 0.131071
v 0.016476 2.218670 0.137382
v 0.016915 2.218080 0.134504
v 0.017817 2.215458 0.134211
v 0.014868 2.218670 0.132433
v 0.017270 1.940000 0.163770
v 0.021835 1.944541 0.163793
v 0.015882 1.944541 0.168119
v 0.020524 1.941330 0.163822
v 0.019150 1.941919 0.166358
v 0.019542 1.944541 0.166898
v 0.016314 1.941330 0.166881
v 0.008453 2.220000 0.151635
v 0.007351 2.215458 0.156377
v 0.013304 2.215458 0.152052
v 0.007581 2.218670 0.154861
v 0.010454 2.218080 0.154389
v 0.011011 2.215458 0.155156
v 0.011791 2.218670 0.151802
v -0.017270 1.940000 0.163770
v -0.015882 1.944541 0.168119
v -0.021835 1.944541 0.163793
v -0.016314 1.941330 0.166881
v -0.019150 1.941919 0.166358
v -0.019542 1.944541 0.166898
v -0.020524 1.941330 0.163822
v -0.008453 2.220000 0.151635
v -0.013304 2.215458 0.152052
v -0.007351 2.215458 0.156377
v -0.011791 2.218670 0.151802
v -0.010454 2.218080 0.154389
v -0.011011 2.215458 0.155156
v -0.007581 2.218670 0.154861
v -0.027943 1.940000 0.130921
v -0.031650 1.944541 0.133585
v -0.029376 1.944541 0.126586
v -0.030607 1.941330 0.132791
v -0.030985 1.941919 0.129932
v -0.031620 1.944541 0.129726
v -0.028999 1.941330 0.127842
v -0.013677 2.220000 0.135556
v -0.015573 2.215458 0.131071
v -0.017847 2.215458 0.138070
v -0.014868 2.218670 0.132433
v -0.016915 2.218080 0.134504
v -0.017817 2.215458 0.134211
v -0.016476 2.218670 0.137382
v 0.133148 1.940000 0.013881
v 0.129469 1.944541 0.011179
v 0.136827 1.944541 0.011179
v 0.130546 1.941330 0.011926
v 0.133148 1.941919 0.010682
v 0.133148 1.944541 0.010015
v 0.135750 1.941330 0.011926
v 0.133148 2.220000 0.028881
v 0.136827 2.215458 0.025692
v 0.129469 2.215458 0.025692
v 0.135750 2.218670 0.026784
v 0.133148 2.218080 0.025477
v 0.133148 2.215458 0.024529
v 0.130546 2.218670 0.026784
v 0.161091 1.940000 0.034183
v 0.162524 1.944541 0.029849
v 0.164798 1.944541 0.036847
v 0.162147 1.941330 0.031105
v 0.164133 1.941919 0.033195
v 0.164768 1.944541 0.032988
v 0.163755 1.941330 0.036053
v 0.146825 2.220000 0.038818
v 0.150995 2.215458 0.041332
v 0.148721 2.215458 0.034334
v 0.149624 2.218670 0.040645
v 0.150063 2.218080 0.037766
v 0.150965 2.215458 0.037473
v 0.148016 2.218670 0.035696
v 0.150418 1.940000 0.067032
v 0.154983 1.944541 0.067056
v 0.149029 1.944541 0.071381
v 0.153672 1.941330 0.067085
v 0.152298 1.941919 0.069620
v 0.152690 1.944541 0.070160
v 0.149462 1.941330 0.070143
v 0.141601 2.220000 0.054897
v 0.140499 2.215458 0.059640
v 0.146452 2.215458 0.055314
v 0.140729 2.218670 0.058123
v 0.143602 2.218080 0.057651
v 0.144159 2.215458 0.058418
v 0.144939 2.218670 0.055065
v 0.115878 1.940000 0.067032
v 0.117266 1.944541 0.071381
v 0.111313 1.944541 0.067056
v 0.116834 1.941330 0.070143
v 0.113998 1.941919 0.069620
v 0.113606 1.944541 0.070160
v 0.112624 1.941330 0.067085
v 0.124695 2.220000 0.054897
v 0.119844 2.215458 0.055314
v 0.125797 2.215458 0.059640
v 0.121357 2.218670 0.055065
v 0.122694 2.218080 0.057651
v 0.122136 2.215458 0.058418
v 0.125567 2.218670 0.058123
v 0.105205 1.940000 0.034183
v 0.101498 1.944541 0.036847
v 0.103772 1.944541 0.029849
v 0.102541 1.941330 0.036053
v 0.102163 1.941919 0.033195
v 0.101528 1.944541 0.032988
v 0.104149 1.941330 0.031105
v 0.119471 2.220000 0.038818
v 0.117575 2.215458 0.034334
v 0.115301 2.215458 0.041332
v 0.118280 2.218670 0.035696
v 0.116233 2.218080 0.037766
v 0.115331 2.215458 0.037473
v 0.116672 2.218670 0.040645
v 0.082290 1.940000 -0.142644
v 0.078611 1.944541 -0.145346
v 0.085969 1.944541 -0.145346
v 0.079688 1.941330 -0.144599
v 0.082290 1.941919 -0.145842
v 0.082290 1.944541 -0.146510
v 0.084892 1.941330 -0.144599
v 0.082290 2.220000 -0.127644
v 0.085969 2.215458 -0.130832
v 0.078611 2.215458 -0.130832
v 0.084892 2.218670 -0.129741
v 0.082290 2.218080 -0.131048
v 0.082290 2.215458 -0.131996
v 0.079688 2.218670 -0.129741
v 0.110233 1.940000 -0.122342
v 0.111666 1.944541 -0.126676
v 0.113940 1.944541 -0.119677
v 0.111289 1.941330 -0.125420
v 0.113275 1.941919 -0.123330
v 0.113910 1.944541 -0.123536
v 0.112897 1.941330 -0.120471
v 0.095967 2.220000 -0.117706
v 0.100137 2.215458 -0.115193
v 0.097863 2.215458 -0.122191
v 0.098766 2.218670 -0.115880
v 0.099205 2.218080 -0.118758
v 0.100107 2.215458 -0.119051
v 0.097158 2.218670 -0.120829
v 0.099560 1.940000 -0.089492
v 0.104125 1.944541 -0.089469
v 0.098171 1.944541 -0.085144
v 0.102814 1.941330 -0.089440
v 0.101440 1.941919 -0.086905
v 0.101832 1.944541 -0.086365
v 0.098604 1.941330 -0.086381
v 0.090743 2.220000 -0.101628
v 0.089641 2.215458 -0.096885
v 0.095594 2.215458 -0.101211
v 0.089871 2.218670 -0.098401
v 0.092744 2.218080 -0.098874
v 0.093301 2.215458 -0.098106
v 0.094081 2.218670 -0.101460
v 0.065020 1.940000 -0.089492
v 0.066408 1.944541 -0.085144
v 0.060455 1.944541 -0.089469
v 0.065976 1.941330 -0.086381
v 0.063140 1.941919 -0.086905
v 0.062748 1.944541 -0.086365
v 0.061766 1.941330 -0.089440
v 0.073837 2.220000 -0.101628
v 0.068986 2.215458 -0.101211
v 0.074939 2.215458 -0.096885
v 0.070499 2.218670 -0.101460
v 0.071836 2.218080 -0.098874
v 0.071279 2.215458 -0.098106
v 0.074709 2.218670 -0.098401
v 0.054347 1.940000 -0.122342
v 0.050640 1.944541 -0.119677
v 0.052914 1.944541 -0.126676
v 0.051683 1.941330 -0.120471
v 0.051305 1.941919 -0.123330
v 0.050670 1.944541 -0.123536
v 0.053291 1.941330 -0.125420
v 0.068613 2.220000 -0.117706
v 0.066717 2.215458 -0.122191
v 0.064443 2.215458 -0.115193
v 0.067422 2.218670 -0.120829
v 0.065375 2.218080 -0.118758
v 0.064473 2.215458 -0.119051
v 0.065814 2.218670 -0.115880
v -0.082290 1.940000 -0.142644
v -0.085969 1.944541 -0.145346
v -0.078611 1.944541 -0.145346
v -0.084892 1.941330 -0.144599
v -0.082290 1.941919 -0.145842
v -0.082290 1.944541 -0.146510
v -0.079688 1.941330 -0.144599
v -0.082290 2.220000 -0.127644
v -0.078611 2.215458 -0.130832
v -0.085969 2.215458 -0.130832
v -0.079688 2.218670 -0.129741
v -0.082290 2.218080 -0.131048
v -0.082290 2.215458 -0.131996
v -0.084892 2.218670 -0.129741
v -0.054347 1.940000 -0.122342
v -0.052914 1.944541 -0.126676
v -0.050640 1.944541 -0.119677
v -0.053291 1.941330 -0.125420
v -0.051305 1.941919 -0.123330
v -0.050670 1.944541 -0.123536
v -0.051683 1.941330 -0.120471
v -0.068613 2.220000 -0.117706
v -0.064443 2.215458 -0.115193
v -0.066717 2.215458 -0.122191
v -0.065814 2.218670 -0.115880
v -0.065375 2.218080 -0.118758
v -0.064473 2.215458 -0.119051
v -0.067422 2.218670 -0.120829
v -0.065020 1.940000 -0.089492
v -0.060455 1.944541 -0.089469
v -0.066408 1.944541 -0.085144
v -0.061766 1.941330 -0.089440
v -0.063140 1.941919 -0.086905
v -0.062748 1.944541 -0.086365
v -0.065976 1.941330 -0.086381
v -0.073837 2.220000 -0.101628
v -0.074939 2.215458 -0.096885
v -0.068986 2.215458 -0.101211
v -0.074709 2.218670 -0.098401
v -0.071836 2.218080 -0.098874
v -0.071279 2.215458 -0.098106
v -0.070499 2.218670 -0.101460
v -0.099560 1.940000 -0.089492
v -0.098171 1.944541 -0.085144
v -0.104125 1.944541 -0.089469
v -0.098604 1.941330 -0.086381
v -0.101440 1.941919 -0.086905
v -0.101832 1.944541 -0.086365
v -0.102814 1.941330 -0.089440
v -0.090743 2.220000 -0.101628
v -0.095594 2.215458 -0.101211
v -0.089641 2.215458 -0.096885
v -0.094081 2.218670 -0.101460
v -0.092744 2.218080 -0.098874
v -0.093301 2.215458 -0.098106
v -0.089871 2.218670 -0.098401
v -0.110233 1.940000 -0.122342
v -0.113940 1.944541 -0.119677
v -0.111666 1.944541 -0.126676
v -0.112897 1.941330 -0.120471
v -0.113275 1.941919 -0.123330
v -0.113910 1.944541 -0.123536
v -0.111289 1.941330 -0.125420
v -0.095967 2.220000 -0.117706
v -0.097863 2.215458 -0.122191
v -0.100137 2.215458 -0.115193
v -0.097158 2.218670 -0.120829
v -0.099205 2.218080 -0.118758
v -0.100107 2.215458 -0.119051
v -0.098766 2.218670 -0.115880
v -0.133148 1.940000 0.013881
v -0.136827 1.944541 0.011179
v -0.129469 1.944541 0.011179
v -0.135750 1.941330 0.011926
v -0.133148 1.941919 0.010682
v -0.133148 1.944541 0.010015
v -0.130546 1.941330 0.011926
v -0.133148 2.220000 0.028881
v -0.129469 2.215458 0.025692
v -0.136827 2.215458 0.025692
v -0.130546 2.218670 0.026784
v -0.133148 2.218080 0.025477
v -0.133148 2.215458 0.024529
v -0.135750 2.218670 0.026784
v -0.105205 1.940000 0.034183
v -0.103772 1.944541 0.029849
v -0.101498 1.944541 0.036847
v -0.104149 1.941330 0.031105
v -0.102163 1.941919 0.033195
v -0.101528 1.944541 0.032988
v -0.102541 1.941330 0.036053
v -0.119471 2.220000 0.038818
v -0.115301 2.215458 0.041332
v -0.117575 2.215458 0.034334
v -0.116672 2.218670 0.040645
v -0.116233 2.218080 0.037766
v -0.115331 2.215458 0.037473
v -0.118280 2.218670 0.035696
v -0.115878 1.940000 0.067032
v -0.111313 1.944541 0.067056
v -0.117266 1.944541 0.071381
v -0.112624 1.941330 0.067085
v -0.113998 1.941919 0.069620
v -0.113606 1.944541 0.070160
v -0.116834 1.941330 0.070143
v -0.124695 2.220000 0.054897
v -0.125797 2.215458 0.059640
v -0.119844 2.215458 0.055314
v -0.125567 2.218670 0.058123
v -0.122694 2.218080 0.057651
v -0.122136 2.215458 0.058418
v -0.121357 2.218670 0.055065
v -0.150418 1.940000 0.067032
v -0.149029 1.944541 0.071381
v -0.154983 1.944541 0.067056
v -0.149462 1.941330 0.070143
v -0.152298 1.941919 0.069620
v -0.152690 1.944541 0.070160
v -0.153672 1.941330 0.067085
v -0.141601 2.220000 0.054897
v -0.146452 2.215458 0.055314
v -0.140499 2.215458 0.059640
v -0.144939 2.218670 0.055065
v -0.143602 2.218080 0.057651
v -0.144159 2.215458 0.058418
v -0.140729 2.218670 0.058123
v -0.161091 1.940000 0.034183
v -0.164798 1.944541 0.036847
v -0.162524 1.944541 0.029849
v -0.163755 1.941330 0.036053
v -0.164133 1.941919 0.033195
v -0.164768 1.944541 0.032988
v -0.162147 1.941330 0.031105
v -0.146825 2.220000 0.038818
v -0.148721 2.215458 0.034334
v -0.150995 2.215458 0.041332
v -0.148016 2.218670 0.035696
v -0.150063 2.218080 0.037766
v -0.150965 2.215458 0.037473
v -0.149624 2.218670 0.040645
v 0.580000 0.125000 0.024780
v 0.575677 0.129546 0.021405
v 0.584323 0.129546 0.021405
v 0.577547 0.126331 0.022197
v 0.580000 0.126921 0.021437
v 0.580000 0.129546 0.020823
v 0.582453 0.126331 0.022197
v 0.580000 2.175000 0.024780
v 0.584323 2.170454 0.021405
v 0.575677 2.170454 0.021405
v 0.582453 2.173669 0.022197
v 0.580000 2.173079 0.021437
v 0.580000 2.170454 0.020823
v 0.577547 2.173669 0.022197
v 0.600702 0.125000 0.031506
v 0.599188 0.129546 0.026235
v 0.606183 0.129546 0.031317
v 0.600236 0.126331 0.027975
v 0.602667 0.126921 0.028802
v 0.603028 0.129546 0.028305
v 0.604204 0.126331 0.030858
v 0.600702 2.175000 0.031506
v 0.606183 2.170454 0.031317
v 0.599188 2.170454 0.026235
v 0.604204 2.173669 0.030858
v 0.602666 2.173079 0.028802
v 0.603028 2.170454 0.028305
v 0.600236 2.173669 0.027975
v 0.613496 0.125000 0.049116
v 0.615370 0.129546 0.043962
v 0.618042 0.129546 0.052185
v 0.615195 0.126331 0.045986
v 0.616675 0.126921 0.048083
v 0.617260 0.129546 0.047894
v 0.616711 0.126331 0.050651
v 0.613496 2.175000 0.049116
v 0.618042 2.170454 0.052185
v 0.615370 2.170454 0.043962
v 0.616711 2.173669 0.050651
v 0.616675 2.173079 0.048083
v 0.617260 2.170454 0.047894
v 0.615195 2.173669 0.045986
v 0.613496 0.125000 0.070884
v 0.618042 0.129546 0.067815
v 0.615370 0.129546 0.076038
v 0.616711 0.126331 0.069349
v 0.616675 0.126921 0.071917
v 0.617260 0.129546 0.072106
v 0.615195 0.126331 0.074014
v 0.613496 2.175000 0.070884
v 0.615370 2.170454 0.076038
v 0.618042 2.170454 0.067815
v 0.615195 2.173669 0.074014
v 0.616675 2.173079 0.071917
v 0.617260 2.170454 0.072106
v 0.616711 2.173669 0.069349
v 0.600702 0.125000 0.088494
v 0.606183 0.129546 0.088683
v 0.599188 0.129546 0.093765
v 0.604204 0.126331 0.089142
v 0.602666 0.126921 0.091198
v 0.603028 0.129546 0.091695
v 0.600236 0.126331 0.092025
v 0.600702 2.175000 0.088494
v 0.599188 2.170454 0.093765
v 0.606183 2.170454 0.088683
v 0.600236 2.173669 0.092025
v 0.602667 2.173079 0.091198
v 0.603028 2.170454 0.091695
v 0.604204 2.173669 0.089142
v 0.580000 0.125000 0.095220
v 0.584323 0.129546 0.098595
v 0.575677 0.129546 0.098595
v 0.582452 0.126331 0.097803
v 0.580000 0.126921 0.098563
v 0.580000 0.129546 0.099177
v 0.577547 0.126331 0.097803
v 0.580000 2.175000 0.095220
v 0.575677 2.170454 0.098595
v 0.584323 2.170454 0.098595
v 0.577547 2.173669 0.097803
v 0.580000 2.173079 0.098563
v 0.580000 2.170454 0.099177
v 0.582453 2.173669 0.097803
v 0.559298 0.125000 0.088494
v 0.560812 0.129546 0.093765
v 0.553817 0.129546 0.088683
v 0.559764 0.126331 0.092025
v 0.557333 0.126921 0.091198
v 0.556972 0.129546 0.091695
v 0.555796 0.126331 0.089142
v 0.559298 2.175000 0.088494
v 0.553817 2.170454 0.088683
v 0.560812 2.170454 0.093765
v 0.555796 2.173669 0.089142
v 0.557333 2.173079 0.091198
v 0.556972 2.170454 0.091695
v 0.559764 2.173669 0.092025
v 0.546503 0.125000 0.070884
v 0.544630 0.129546 0.076038
v 0.541958 0.129546 0.067815
v 0.544805 0.126331 0.074014
v 0.543325 0.126921 0.071917
v 0.542740 0.129546 0.072106
v 0.543289 0.126331 0.069349
v 0.546503 2.175000 0.070884
v 0.541958 2.170454 0.067815
v 0.544630 2.170454 0.076038
v 0.543289 2.173669 0.069349
v 0.543325 2.173079 0.071917
v 0.542740 2.170454 0.072106
v 0.544805 2.173669 0.074014
v 0.546503 0.125000 0.049116
v 0.541958 0.129546 0.052185
v 0.544630 0.129546 0.043962
v 0.543289 0.126331 0.050651
v 0.543325 0.126921 0.048083
v 0.542740 0.129546 0.047894
v 0.544805 0.126331 0.045986
v 0.546503 2.175000 0.049116
v 0.544630 2.170454 0.043962
v 0.541958 2.170454 0.052185
v 0.544805 2.173669 0.045986
v 0.543325 2.173079 0.048083
v 0.542740 2.170454 0.047894
v 0.543289 2.173669 0.050651
v 0.559298 0.125000 0.031506
v 0.553817 0.129546 0.031317
v 0.560812 0.129546 0.026235
v 0.555796 0.126331 0.030858
v 0.557333 0.126921 0.028802
v 0.556972 0.129546 0.028305
v 0.559764 0.126331 0.027975
v 0.559298 2.175000 0.031506
v 0.560812 2.170454 0.026235
v 0.553817 2.170454 0.031317
v 0.559764 2.173669 0.027975
v 0.557333 2.173079 0.028802
v 0.556972 2.170454 0.028305
v 0.555796 2.173669 0.030858
v 0.574155 2.085519 0.064246
v 0.574155 2.085519 0.055754
v 0.582233 2.085519 0.053129
v 0.587225 2.085519 0.060000
v 0.582233 2.085519 0.066871
v 0.573802 2.084947 0.060000
v 0.580000 2.083204 0.060000
v 0.578085 2.084947 0.054105
v 0.585014 2.084948 0.056357
v 0.585014 2.084948 0.063643
v 0.578085 2.084948 0.065895
v 0.677692 2.154630 0.125727
v 0.682157 2.161855 0.125727
v 0.679924 2.166320 0.132598
v 0.674079 2.161855 0.136845
v 0.672700 2.154630 0.132598
v 0.680496 2.157889 0.125727
v 0.678985 2.158823 0.131916
v 0.681680 2.164088 0.129371
v 0.677397 2.164088 0.135265
v 0.673566 2.157889 0.135265
v 0.675482 2.154059 0.129371
v 0.539601 2.154630 0.170597
v 0.547678 2.154630 0.173221
v 0.549058 2.161855 0.177468
v 0.541833 2.166320 0.177468
v 0.535988 2.161855 0.173221
v 0.543530 2.154059 0.172245
v 0.542192 2.158823 0.176364
v 0.548544 2.157889 0.175888
v 0.545445 2.164088 0.178139
v 0.538516 2.164088 0.175888
v 0.537332 2.157889 0.172245
v 0.462331 2.154630 0.055754
v 0.462331 2.154630 0.064246
v 0.458719 2.161855 0.066871
v 0.456486 2.166320 0.060000
v 0.458719 2.161855 0.053129
v 0.461978 2.154059 0.060000
v 0.457646 2.158823 0.060000
v 0.460062 2.157889 0.065895
v 0.456963 2.164088 0.063643
v 0.456963 2.164088 0.056357
v 0.460062 2.157889 0.054105
v 0.547678 2.154630 -0.053221
v 0.539601 2.154630 -0.050597
v 0.535988 2.161855 -0.053221
v 0.541833 2.166320 -0.057468
v 0.549058 2.161855 -0.057468
v 0.543530 2.154059 -0.052245
v 0.542192 2.158823 -0.056364
v 0.537332 2.157889 -0.052245
v 0.538516 2.164088 -0.055888
v 0.545445 2.164088 -0.058139
v 0.548544 2.157889 -0.055888
v 0.682157 2.161855 -0.005727
v 0.677692 2.154630 -0.005727
v 0.672700 2.154630 -0.012598
v 0.674079 2.161855 -0.016845
v 0.679924 2.166320 -0.012598
v 0.680496 2.157889 -0.005727
v 0.678986 2.158823 -0.011916
v 0.675481 2.154059 -0.009371
v 0.673566 2.157889 -0.015265
v 0.677397 2.164088 -0.015265
v 0.681679 2.164088 -0.009371
v 0.610942 2.278145 0.177468
v 0.618167 2.273680 0.177468
v 0.624012 2.278145 0.173221
v 0.620399 2.285370 0.170597
v 0.612322 2.285370 0.173221
v 0.614555 2.275913 0.178139
v 0.617808 2.281178 0.176364
v 0.621484 2.275913 0.175888
v 0.622668 2.282111 0.172245
v 0.616470 2.285941 0.172245
v 0.611456 2.282111 0.175888
v 0.477843 2.278145 0.125727
v 0.480076 2.273680 0.132598
v 0.485921 2.278145 0.136845
v 0.487300 2.285370 0.132598
v 0.482308 2.285370 0.125727
v 0.478321 2.275913 0.129371
v 0.481015 2.281178 0.131916
v 0.482603 2.275913 0.135265
v 0.486434 2.282111 0.135265
v 0.484518 2.285941 0.129371
v 0.479504 2.282111 0.125727
v 0.485921 2.278145 -0.016845
v 0.480076 2.273680 -0.012598
v 0.477843 2.278145 -0.005727
v 0.482308 2.285370 -0.005727
v 0.487300 2.285370 -0.012598
v 0.482603 2.275913 -0.015265
v 0.481015 2.281178 -0.011916
v 0.478320 2.275913 -0.009371
v 0.479504 2.282111 -0.005727
v 0.484518 2.285941 -0.009371
v 0.486434 2.282111 -0.015265
v 0.624012 2.278145 -0.053221
v 0.618167 2.273680 -0.057468
v 0.610942 2.278145 -0.057468
v 0.612322 2.285370 -0.053221
v 0.620399 2.285370 -0.050597
v 0.621484 2.275913 -0.055888
v 0.617808 2.281178 -0.056364
v 0.614555 2.275913 -0.058139
v 0.611456 2.282111 -0.055888
v 0.616470 2.285941 -0.052245
v 0.622668 2.282111 -0.052245
v 0.701281 2.278145 0.066871
v 0.703514 2.273680 0.060000
v 0.701281 2.278145 0.053129
v 0.697669 2.285370 0.055754
v 0.697669 2.285370 0.064246
v 0.703037 2.275913 0.063643
v 0.702354 2.281178 0.060000
v 0.703037 2.275913 0.056357
v 0.699938 2.282111 0.054105
v 0.698022 2.285941 0.060000
v 0.699938 2.282111 0.065895
v 0.577767 2.354481 0.066871
v 0.585845 2.354481 0.064246
v 0.585845 2.354481 0.055754
v 0.577767 2.354481 0.053129
v 0.572775 2.354481 0.060000
v 0.581915 2.355052 0.065895
v 0.580000 2.356796 0.060000
v 0.586198 2.355052 0.060000
v 0.581915 2.355052 0.054105
v 0.574986 2.355052 0.056357
v 0.574986 2.355052 0.063643
vn -0.0000 -0.6913 -0.7226
vn 0.2049 -0.9122 -0.3548
vn -0.0000 -0.9122 -0.4097
vn -0.0000 -0.0000 -1.0000
vn 0.4642 -0.3718 -0.8040
vn -0.0000 -0.3718 -0.9283
vn -0.0000 0.6913 -0.7226
vn 0.4642 0.3718 -0.8040
vn -0.0000 0.3718 -0.9283
vn -0.0000 0.9122 -0.4097
vn -0.0000 1.0000 -0.0000
vn 0.2049 0.9122 -0.3548
vn -0.0000 -1.0000 -0.0000
vn 0.3613 -0.6913 -0.6258
vn 0.5000 -0.0000 -0.8660
vn 0.3613 0.6913 -0.6258
vn 0.6258 0.6913 -0.3613
vn 0.8040 0.3718 -0.4642
vn 0.3548 0.9122 -0.2049
vn 0.3548 -0.9122 -0.2049
vn 0.6258 -0.6913 -0.3613
vn 0.8660 -0.0000 -0.5000
vn 0.8040 -0.3718 -0.4642
vn 0.4097 -0.9122 -0.0000
vn 0.7226 -0.6913 -0.0000
vn 1.0000 -0.0000 -0.0000
vn 0.7226 0.6913 -0.0000
vn 0.9283 -0.3718 -0.0000
vn 0.9283 0.3718 -0.0000
vn 0.4097 0.9122 -0.0000
vn 0.6258 0.6913 0.3613
vn 0.3548 -0.9122 0.2049
vn 0.8040 -0.3718 0.4642
vn 0.8040 0.3718 0.4642
vn 0.3548 0.9122 0.2049
vn 0.6258 -0.6913 0.3613
vn 0.8660 -0.0000 0.5000
vn 0.2049 -0.9122 0.3548
vn 0.5000 -0.0000 0.8660
vn 0.4642 -0.3718 0.8040
vn 0.4642 0.3718 0.8040
vn 0.2049 0.9122 0.3548
vn 0.3613 -0.6913 0.6258
vn 0.3613 0.6913 0.6258
vn -0.0000 0.9122 0.4097
vn -0.0000 -0.9122 0.4097
vn -0.0000 -0.6913 0.7226
vn -0.0000 -0.0000 1.0000
vn -0.0000 0.6913 0.7226
vn -0.0000 -0.3718 0.9283
vn -0.0000 0.3718 0.9283
vn -0.3613 -0.6913 0.6258
vn -0.5000 -0.0000 0.8660
vn -0.3613 0.6913 0.6258
vn -0.2049 -0.9122 0.3548
vn -0.4642 -0.3718 0.8040
vn -0.4642 0.3718 0.8040
vn -0.2049 0.9122 0.3548
vn -0.3548 -0.9122 0.2049
vn -0.8040 -0.3718 0.4642
vn -0.8040 0.3718 0.4642
vn -0.3548 0.9122 0.2049
vn -0.6258 -0.6913 0.3613
vn -0.8660 -0.0000 0.5000
vn -0.6258 0.6913 0.3613
vn -0.9283 -0.3718 -0.0000
vn -0.9283 0.3718 -0.0000
vn -0.4097 0.9122 -0.0000
vn -0.4097 -0.9122 -0.0000
vn -0.7226 -0.6913 -0.0000
vn -1.0000 -0.0000 -0.0000
vn -0.7226 0.6913 -0.0000
vn -0.3548 -0.9122 -0.2049
vn -0.6258 -0.6913 -0.3613
vn -0.8660 -0.0000 -0.5000
vn -0.3548 0.9122 -0.2049
vn -0.6258 0.6913 -0.3613
vn -0.8040 -0.3718 -0.4642
vn -0.8040 0.3718 -0.4642
vn -0.5000 -0.0000 -0.8660
vn -0.2049 0.9122 -0.3548
vn -0.3613 0.6913 -0.6258
vn -0.2049 -0.9122 -0.3548
vn -0.4642 -0.3718 -0.8040
vn -0.4642 0.3718 -0.8040
vn -0.3613 -0.6913 -0.6258
vn -0.2048 -0.9122 0.3548
vn -0.8040 0.3717 0.4642
vn 0.2048 -0.9122 -0.3548
vn 0.9283 0.3717 -0.0000
vn -0.0000 0.9099 -0.4149
vn 0.2439 0.9099 -0.3357
vn -0.0000 -0.9099 -0.4149
vn 0.2439 -0.9099 -0.3357
vn 0.3946 0.9099 -0.1282
vn 0.3946 -0.9099 -0.1282
vn 0.3946 -0.9099 0.1282
vn 0.3946 0.9099 0.1282
vn 0.2439 0.9099 0.3357
vn 0.2439 -0.9099 0.3357
vn -0.0000 0.9099 0.4149
vn -0.0000 -0.9099 0.4149
vn -0.2439 0.9099 0.3357
vn -0.2439 -0.9099 0.3357
vn -0.3946 0.9099 0.1282
vn -0.3946 -0.9099 0.1282
vn -0.3946 0.9099 -0.1282
vn -0.3946 -0.9099 -0.1282
vn -0.2439 0.9099 -0.3357
vn -0.2439 -0.9099 -0.3357
vn -0.0000 0.6175 -0.7866
vn 0.2158 0.7758 -0.5929
vn 0.2690 0.6175 -0.7391
vn -0.0000 -0.8961 -0.4439
vn 0.2158 -0.7758 -0.5929
vn 0.1518 -0.8961 -0.4171
vn 0.3089 0.4291 -0.8488
vn -0.0000 0.4291 -0.9032
vn 0.0801 -0.9722 -0.2201
vn -0.0000 -0.9722 -0.2343
vn -0.0000 0.2199 -0.9755
vn 0.3336 0.2199 -0.9167
vn 0.3420 -0.0000 -0.9397
vn 0.3336 -0.2199 -0.9167
vn -0.0000 -0.2199 -0.9755
vn -0.0000 0.9722 -0.2343
vn 0.0801 0.9722 -0.2201
vn 0.3089 -0.4291 -0.8488
vn -0.0000 -0.4291 -0.9032
vn 0.1518 0.8961 -0.4171
vn -0.0000 0.8961 -0.4439
vn 0.2690 -0.6175 -0.7391
vn -0.0000 -0.6175 -0.7866
vn -0.0000 0.7758 -0.6310
vn -0.0000 -0.7758 -0.6310
vn 0.5806 0.4291 -0.6919
vn 0.1506 -0.9722 -0.1795
vn 0.6271 0.2199 -0.7473
vn 0.6428 -0.0000 -0.7660
vn 0.6271 -0.2199 -0.7473
vn 0.1506 0.9722 -0.1795
vn 0.5806 -0.4291 -0.6919
vn 0.2853 0.8961 -0.3400
vn 0.5056 -0.6175 -0.6025
vn 0.4056 0.7758 -0.4833
vn 0.4056 -0.7758 -0.4833
vn 0.5056 0.6175 -0.6025
vn 0.2853 -0.8961 -0.3400
vn 0.2029 -0.9722 -0.1171
vn 0.8448 0.2199 -0.4878
vn 0.8448 -0.2199 -0.4878
vn 0.2029 0.9722 -0.1171
vn 0.7822 -0.4291 -0.4516
vn 0.3844 0.8961 -0.2219
vn 0.6812 -0.6175 -0.3933
vn 0.5464 0.7758 -0.3155
vn 0.5464 -0.7758 -0.3155
vn 0.6812 0.6175 -0.3933
vn 0.3844 -0.8961 -0.2219
vn 0.7822 0.4291 -0.4516
vn 0.9607 0.2199 -0.1694
vn 0.2307 -0.9722 -0.0407
vn 0.9848 -0.0000 -0.1736
vn 0.9607 -0.2199 -0.1694
vn 0.2307 0.9722 -0.0407
vn 0.8895 -0.4291 -0.1568
vn 0.4371 0.8961 -0.0771
vn 0.7746 -0.6175 -0.1366
vn 0.6214 0.7758 -0.1096
vn 0.6214 -0.7758 -0.1096
vn 0.7746 0.6175 -0.1366
vn 0.4371 -0.8961 -0.0771
vn 0.8895 0.4291 -0.1568
vn 0.2307 -0.9722 0.0407
vn 0.9607 0.2199 0.1694
vn 0.9848 -0.0000 0.1736
vn 0.9607 -0.2199 0.1694
vn 0.2307 0.9722 0.0407
vn 0.8895 -0.4291 0.1568
vn 0.4371 0.8961 0.0771
vn 0.7746 -0.6175 0.1366
vn 0.6214 0.7758 0.1096
vn 0.6214 -0.7758 0.1096
vn 0.7746 0.6175 0.1366
vn 0.4371 -0.8961 0.0771
vn 0.8895 0.4291 0.1568
vn 0.8448 -0.2199 0.4878
vn 0.2029 0.9722 0.1171
vn 0.7822 -0.4291 0.4516
vn 0.3844 0.8961 0.2219
vn 0.6812 -0.6175 0.3933
vn 0.5464 0.7758 0.3155
vn 0.5464 -0.7758 0.3155
vn 0.6812 0.6175 0.3933
vn 0.3844 -0.8961 0.2219
vn 0.7822 0.4291 0.4516
vn 0.2029 -0.9722 0.1171
vn 0.8448 0.2199 0.4878
vn 0.6271 -0.2199 0.7473
vn 0.1506 0.9722 0.1795
vn 0.5806 -0.4291 0.6919
vn 0.2853 0.8961 0.3400
vn 0.5056 -0.6175 0.6025
vn 0.4056 0.7758 0.4833
vn 0.4056 -0.7758 0.4833
vn 0.5056 0.6175 0.6025
vn 0.2853 -0.8961 0.3400
vn 0.5806 0.4291 0.6919
vn 0.1506 -0.9722 0.1795
vn 0.6271 0.2199 0.7473
vn 0.6428 -0.0000 0.7660
vn 0.0801 0.9722 0.2201
vn 0.3337 -0.2199 0.9167
vn 0.3089 -0.4291 0.8488
vn 0.1518 0.8961 0.4171
vn 0.2690 -0.6175 0.7391
vn 0.2158 0.7758 0.5929
vn 0.2158 -0.7758 0.5929
vn 0.2690 0.6175 0.7391
vn 0.1518 -0.8961 0.4171
vn 0.3089 0.4291 0.8488
vn 0.0801 -0.9722 0.2201
vn 0.3336 0.2199 0.9167
vn 0.3420 -0.0000 0.9397
vn -0.0000 -0.2199 0.9755
vn -0.0000 -0.4291 0.9032
vn -0.0000 0.9722 0.2343
vn -0.0000 0.8961 0.4439
vn -0.0000 -0.6175 0.7866
vn -0.0000 0.7758 0.6310
vn -0.0000 -0.7758 0.6310
vn -0.0000 0.6175 0.7866
vn -0.0000 -0.8961 0.4439
vn -0.0000 0.4291 0.9032
vn -0.0000 -0.9722 0.2343
vn -0.0000 0.2199 0.9755
vn -0.2690 -0.6175 0.7391
vn -0.2158 0.7758 0.5929
vn -0.2158 -0.7758 0.5929
vn -0.2690 0.6175 0.7391
vn -0.1518 -0.8961 0.4171
vn -0.3089 0.4291 0.8488
vn -0.0801 -0.9722 0.2201
vn -0.3336 0.2199 0.9167
vn -0.3420 -0.0000 0.9397
vn -0.3336 -0.2199 0.9167
vn -0.0801 0.9722 0.2201
vn -0.3089 -0.4291 0.8488
vn -0.1518 0.8961 0.4171
vn -0.4056 0.7758 0.4833
vn -0.4056 -0.7758 0.4833
vn -0.5056 0.6175 0.6025
vn -0.2853 -0.8961 0.3400
vn -0.5806 0.4291 0.6919
vn -0.1506 -0.9722 0.1795
vn -0.6271 0.2199 0.7473
vn -0.6428 -0.0000 0.7660
vn -0.6271 -0.2199 0.7473
vn -0.1506 0.9722 0.1795
vn -0.5806 -0.4291 0.6919
vn -0.2853 0.8961 0.3400
vn -0.5056 -0.6175 0.6025
vn -0.5464 -0.7758 0.3155
vn -0.6812 0.6175 0.3933
vn -0.3844 -0.8961 0.2219
vn -0.7822 0.4291 0.4516
vn -0.2029 -0.9722 0.1171
vn -0.8448 0.2199 0.4878
vn -0.8448 -0.2199 0.4878
vn -0.2029 0.9722 0.1171
vn -0.7822 -0.4291 0.4516
vn -0.3844 0.8961 0.2219
vn -0.6812 -0.6175 0.3933
vn -0.5464 0.7758 0.3155
vn -0.7746 0.6175 0.1366
vn -0.4371 -0.8961 0.0771
vn -0.8895 0.4291 0.1568
vn -0.2307 -0.9722 0.0407
vn -0.9607 0.2199 0.1694
vn -0.9848 -0.0000 0.1736
vn -0.9607 -0.2199 0.1694
vn -0.2307 0.9722 0.0407
vn -0.8895 -0.4291 0.1568
vn -0.4371 0.8961 0.0771
vn -0.7746 -0.6175 0.1366
vn -0.6214 0.7758 0.1096
vn -0.6214 -0.7758 0.1096
vn -0.4371 -0.8961 -0.0771
vn -0.7746 0.6175 -0.1366
vn -0.8895 0.4291 -0.1568
vn -0.2307 -0.9722 -0.0407
vn -0.9607 0.2199 -0.1694
vn -0.9848 -0.0000 -0.1736
vn -0.9607 -0.2199 -0.1694
vn -0.2307 0.9722 -0.0407
vn -0.8895 -0.4291 -0.1568
vn -0.4371 0.8961 -0.0771
vn -0.7746 -0.6175 -0.1366
vn -0.6214 0.7758 -0.1096
vn -0.6214 -0.7758 -0.1096
vn -0.2029 -0.9722 -0.1171
vn -0.8448 0.2199 -0.4878
vn -0.8448 -0.2199 -0.4878
vn -0.2029 0.9722 -0.1171
vn -0.7822 -0.4291 -0.4516
vn -0.3844 0.8961 -0.2219
vn -0.6812 -0.6175 -0.3933
vn -0.5464 0.7758 -0.3155
vn -0.5464 -0.7758 -0.3155
vn -0.6812 0.6175 -0.3933
vn -0.3844 -0.8961 -0.2219
vn -0.7822 0.4291 -0.4516
vn -0.6271 0.2199 -0.7473
vn -0.1506 -0.9722 -0.1795
vn -0.6428 -0.0000 -0.7660
vn -0.6271 -0.2199 -0.7473
vn -0.1506 0.9722 -0.1795
vn -0.5806 -0.4291 -0.6919
vn -0.2853 0.8961 -0.3400
vn -0.5056 -0.6175 -0.6025
vn -0.4056 0.7758 -0.4833
vn -0.4056 -0.7758 -0.4833
vn -0.5056 0.6175 -0.6025
vn -0.2853 -0.8961 -0.3400
vn -0.5806 0.4291 -0.6919
vn -0.0801 -0.9722 -0.2201
vn -0.3336 0.2199 -0.9167
vn -0.3420 -0.0000 -0.9397
vn -0.3337 -0.2199 -0.9167
vn -0.0801 0.9722 -0.2201
vn -0.3089 -0.4291 -0.8488
vn -0.1518 0.8961 -0.4171
vn -0.2690 -0.6175 -0.7391
vn -0.2158 0.7758 -0.5929
vn -0.2158 -0.7758 -0.5929
vn -0.2690 0.6175 -0.7391
vn -0.1518 -0.8961 -0.4171
vn -0.3089 0.4291 -0.8488
vn -0.0000 -0.9688 -0.2480
vn -0.0000 -0.8700 -0.4931
vn 0.0365 -0.9075 -0.4185
vn -0.0000 -0.1414 -0.9899
vn -0.1836 -0.3224 -0.9286
vn -0.1923 -0.1816 -0.9644
vn 0.1836 -0.3224 -0.9286
vn 0.1923 -0.1816 -0.9644
vn -0.0000 0.9688 -0.2480
vn -0.0000 0.8700 -0.4931
vn -0.0365 0.9075 -0.4185
vn -0.0000 0.1414 -0.9899
vn 0.1836 0.3224 -0.9286
vn 0.1923 0.1816 -0.9644
vn -0.1836 0.3224 -0.9286
vn -0.1923 0.1816 -0.9644
vn 0.1240 -0.9688 -0.2147
vn 0.2465 -0.8700 -0.4270
vn 0.2409 -0.9075 -0.3442
vn 0.4950 -0.1414 -0.8573
vn 0.3053 -0.3224 -0.8960
vn 0.3157 -0.1816 -0.9313
vn 0.6233 -0.3224 -0.7124
vn 0.6487 -0.1816 -0.7390
vn 0.1240 0.9688 -0.2147
vn 0.2466 0.8700 -0.4270
vn 0.1777 0.9075 -0.3807
vn 0.4950 0.1414 -0.8573
vn 0.6233 0.3224 -0.7124
vn 0.6487 0.1816 -0.7390
vn 0.3053 0.3224 -0.8960
vn 0.3157 0.1816 -0.9313
vn 0.2147 -0.9688 -0.1240
vn 0.4270 -0.8700 -0.2465
vn 0.3807 -0.9075 -0.1776
vn 0.8573 -0.1414 -0.4950
vn 0.7124 -0.3224 -0.6233
vn 0.7390 -0.1816 -0.6487
vn 0.8960 -0.3224 -0.3053
vn 0.9313 -0.1816 -0.3157
vn 0.2148 0.9688 -0.1240
vn 0.4271 0.8700 -0.2465
vn 0.3442 0.9075 -0.2409
vn 0.8573 0.1414 -0.4950
vn 0.8960 0.3224 -0.3053
vn 0.9313 0.1816 -0.3157
vn 0.7124 0.3224 -0.6233
vn 0.7390 0.1816 -0.6487
vn 0.2480 -0.9688 -0.0000
vn 0.4931 -0.8700 -0.0000
vn 0.4186 -0.9075 0.0365
vn 0.9899 -0.1414 -0.0000
vn 0.9286 -0.3224 -0.1836
vn 0.9644 -0.1816 -0.1923
vn 0.9286 -0.3224 0.1836
vn 0.9644 -0.1816 0.1923
vn 0.2480 0.9688 -0.0000
vn 0.4931 0.8700 -0.0000
vn 0.4186 0.9075 -0.0365
vn 0.9899 0.1414 -0.0000
vn 0.9286 0.3224 0.1836
vn 0.9644 0.1816 0.1923
vn 0.9286 0.3224 -0.1836
vn 0.9644 0.1816 -0.1923
vn 0.2147 -0.9688 0.1240
vn 0.4270 -0.8700 0.2465
vn 0.3442 -0.9075 0.2409
vn 0.8573 -0.1414 0.4950
vn 0.8960 -0.3224 0.3053
vn 0.9313 -0.1816 0.3157
vn 0.7124 -0.3224 0.6233
vn 0.7390 -0.1816 0.6487
vn 0.2147 0.9688 0.1240
vn 0.4270 0.8700 0.2466
vn 0.3807 0.9075 0.1777
vn 0.8573 0.1414 0.4950
vn 0.7124 0.3224 0.6233
vn 0.7390 0.1816 0.6487
vn 0.8960 0.3224 0.3053
vn 0.9313 0.1816 0.3157
vn 0.1240 -0.9688 0.2147
vn 0.2466 -0.8700 0.4270
vn 0.1777 -0.9075 0.3807
vn 0.4950 -0.1414 0.8573
vn 0.6233 -0.3224 0.7124
vn 0.6487 -0.1816 0.7390
vn 0.3053 -0.3224 0.8960
vn 0.3157 -0.1816 0.9313
vn 0.1240 0.9688 0.2147
vn 0.2465 0.8700 0.4271
vn 0.2409 0.9075 0.3442
vn 0.4950 0.1414 0.8573
vn 0.3053 0.3224 0.8960
vn 0.3157 0.1816 0.9313
vn 0.6233 0.3224 0.7124
vn 0.6487 0.1816 0.7390
vn -0.0000 -0.9688 0.2480
vn -0.0000 -0.8700 0.4931
vn -0.0365 -0.9075 0.4185
vn -0.0000 -0.1414 0.9899
vn 0.1836 -0.3224 0.9286
vn 0.1923 -0.1816 0.9644
vn -0.1836 -0.3224 0.9286
vn -0.1923 -0.1816 0.9644
vn -0.0000 0.9688 0.2480
vn -0.0000 0.8700 0.4931
vn 0.0366 0.9075 0.4185
vn -0.0000 0.1414 0.9899
vn -0.1836 0.3224 0.9286
vn -0.1923 0.1816 0.9644
vn 0.1836 0.3224 0.9286
vn 0.1923 0.1816 0.9644
vn -0.1240 -0.9688 0.2147
vn -0.2466 -0.8700 0.4270
vn -0.2409 -0.9075 0.3442
vn -0.4950 -0.1414 0.8573
vn -0.3053 -0.3224 0.8960
vn -0.3157 -0.1816 0.9313
vn -0.6233 -0.3224 0.7124
vn -0.6487 -0.1816 0.7390
vn -0.1240 0.9688 0.2147
vn -0.2466 0.8700 0.4270
vn -0.1777 0.9075 0.3807
vn -0.4950 0.1414 0.8573
vn -0.6233 0.3224 0.7124
vn -0.6487 0.1816 0.7390
vn -0.3053 0.3224 0.8960
vn -0.3157 0.1816 0.9313
vn -0.2147 -0.9688 0.1240
vn -0.4270 -0.8700 0.2465
vn -0.3807 -0.9075 0.1776
vn -0.8573 -0.1414 0.4950
vn -0.7124 -0.3224 0.6233
vn -0.7390 -0.1816 0.6487
vn -0.8960 -0.3224 0.3053
vn -0.9313 -0.1816 0.3157
vn -0.2148 0.9688 0.1240
vn -0.4271 0.8700 0.2465
vn -0.3442 0.9075 0.2409
vn -0.8573 0.1414 0.4950
vn -0.8960 0.3224 0.3053
vn -0.9313 0.1816 0.3157
vn -0.7124 0.3224 0.6233
vn -0.7390 0.1816 0.6487
vn -0.2480 -0.9688 -0.0000
vn -0.4931 -0.8700 -0.0000
vn -0.4185 -0.9075 -0.0365
vn -0.9899 -0.1414 -0.0000
vn -0.9286 -0.3224 0.1836
vn -0.9644 -0.1816 0.1923
vn -0.9286 -0.3224 -0.1836
vn -0.9644 -0.1816 -0.1923
vn -0.2480 0.9688 -0.0000
vn -0.4931 0.8700 -0.0000
vn -0.4186 0.9075 0.0365
vn -0.9899 0.1414 -0.0000
vn -0.9286 0.3224 -0.1836
vn -0.9644 0.1816 -0.1923
vn -0.9286 0.3224 0.1836
vn -0.9644 0.1816 0.1923
vn -0.2147 -0.9688 -0.1240
vn -0.4271 -0.8700 -0.2465
vn -0.3442 -0.9075 -0.2409
vn -0.8573 -0.1414 -0.4950
vn -0.8960 -0.3224 -0.3053
vn -0.9313 -0.1816 -0.3157
vn -0.7124 -0.3224 -0.6233
vn -0.7390 -0.1816 -0.6487
vn -0.2148 0.9688 -0.1240
vn -0.4271 0.8700 -0.2465
vn -0.3808 0.9074 -0.1776
vn -0.8573 0.1414 -0.4950
vn -0.7124 0.3224 -0.6233
vn -0.7390 0.1816 -0.6487
vn -0.8960 0.3224 -0.3053
vn -0.9313 0.1816 -0.3157
vn -0.1240 -0.9688 -0.2147
vn -0.2465 -0.8700 -0.4270
vn -0.1777 -0.9075 -0.3807
vn -0.4950 -0.1414 -0.8573
vn -0.6233 -0.3224 -0.7124
vn -0.6487 -0.1816 -0.7390
vn -0.3053 -0.3224 -0.8960
vn -0.3157 -0.1816 -0.9313
vn -0.1240 0.9688 -0.2147
vn -0.2465 0.8700 -0.4271
vn -0.2409 0.9075 -0.3442
vn -0.4950 0.1414 -0.8573
vn -0.3053 0.3224 -0.8960
vn -0.3157 0.1816 -0.9313
vn -0.6233 0.3224 -0.7124
vn -0.6487 0.1816 -0.7390
vn -0.1794 -0.9673 0.1794
vn -0.3251 -0.8881 0.3251
vn -0.3791 -0.9152 0.1369
vn -0.1794 -0.1794 0.9673
vn -0.3251 -0.3251 0.8881
vn -0.1369 -0.3791 0.9152
vn -0.9673 -0.1794 0.1794
vn -0.8881 -0.3250 0.3251
vn -0.9152 -0.1368 0.3791
vn -0.1794 0.1794 0.9673
vn -0.3250 0.3251 0.8881
vn -0.3791 0.1368 0.9152
vn -0.1794 0.9673 0.1794
vn -0.3250 0.8881 0.3250
vn -0.1368 0.9152 0.3791
vn -0.9673 0.1794 0.1794
vn -0.8881 0.3251 0.3250
vn -0.9152 0.3791 0.1368
vn -0.1794 -0.9673 -0.1794
vn -0.3251 -0.8881 -0.3251
vn -0.1369 -0.9152 -0.3791
vn -0.9673 -0.1794 -0.1794
vn -0.8881 -0.3251 -0.3250
vn -0.9152 -0.3791 -0.1368
vn -0.1794 -0.1794 -0.9673
vn -0.3251 -0.3251 -0.8881
vn -0.3791 -0.1368 -0.9152
vn -0.1794 0.9673 -0.1794
vn -0.3250 0.8881 -0.3250
vn -0.3791 0.9152 -0.1368
vn -0.1794 0.1794 -0.9673
vn -0.3250 0.3251 -0.8881
vn -0.1368 0.3791 -0.9152
vn -0.9673 0.1794 -0.1794
vn -0.8881 0.3250 -0.3250
vn -0.9152 0.1369 -0.3791
vn 0.1794 -0.9673 0.1794
vn 0.3251 -0.8881 0.3251
vn 0.1369 -0.9152 0.3791
vn 0.9673 -0.1794 0.1794
vn 0.8881 -0.3251 0.3250
vn 0.9152 -0.3791 0.1369
vn 0.1794 -0.1794 0.9673
vn 0.3251 -0.3250 0.8881
vn 0.3791 -0.1368 0.9152
vn 0.1794 0.9673 0.1794
vn 0.3250 0.8881 0.3250
vn 0.3791 0.9152 0.1368
vn 0.1794 0.1794 0.9673
vn 0.3250 0.3251 0.8881
vn 0.1368 0.3791 0.9152
vn 0.9673 0.1794 0.1794
vn 0.8881 0.3251 0.3250
vn 0.9152 0.1369 0.3791
vn 0.1794 -0.9673 -0.1794
vn 0.3251 -0.8881 -0.3251
vn 0.3791 -0.9152 -0.1369
vn 0.1794 -0.1794 -0.9673
vn 0.3251 -0.3251 -0.8881
vn 0.1369 -0.3791 -0.9152
vn 0.9673 -0.1794 -0.1794
vn 0.8881 -0.3250 -0.3251
vn 0.9152 -0.1368 -0.3791
vn 0.1794 0.9673 -0.1794
vn 0.3250 0.8881 -0.3250
vn 0.1368 0.9152 -0.3791
vn 0.9673 0.1794 -0.1794
vn 0.8881 0.3251 -0.3250
vn 0.9152 0.3791 -0.1368
vn 0.1794 0.1794 -0.9673
vn 0.3250 0.3251 -0.8881
vn 0.3791 0.1369 -0.9152
vn -0.8881 -0.3251 0.3251
vn -0.9152 -0.1369 0.3791
vn -0.3251 0.3251 0.8881
vn -0.3791 0.1369 0.9152
vn -0.3251 0.8881 0.3251
vn -0.1369 0.9152 0.3791
vn -0.8881 0.3251 0.3251
vn -0.9152 0.3791 0.1369
vn -0.8881 -0.3251 -0.3251
vn -0.9152 -0.3791 -0.1369
vn -0.3791 -0.1369 -0.9152
vn -0.3251 0.8881 -0.3251
vn -0.3791 0.9152 -0.1369
vn -0.3251 0.3251 -0.8881
vn -0.1369 0.3791 -0.9152
vn -0.8881 0.3251 -0.3251
vn 0.8881 -0.3251 0.3251
vn 0.3251 -0.3251 0.8881
vn 0.3791 -0.1369 0.9152
vn 0.3251 0.8881 0.3251
vn 0.3791 0.9152 0.1369
vn 0.3251 0.3251 0.8881
vn 0.1369 0.3791 0.9152
vn 0.8881 0.3251 0.3251
vn 0.8881 -0.3251 -0.3251
vn 0.9152 -0.1369 -0.3791
vn 0.3251 0.8881 -0.3251
vn 0.1369 0.9152 -0.3791
vn 0.8881 0.3251 -0.3251
vn 0.9152 0.3791 -0.1369
vn 0.3251 0.3251 -0.8881
vn 0.5611 0.6806 -0.4710
vn 0.4425 0.6581 -0.6091
vn 0.3433 0.8117 -0.4726
vn 0.2746 0.6806 -0.6792
vn 0.2746 -0.6806 -0.6792
vn 0.4426 -0.6581 -0.6091
vn 0.3433 -0.8117 -0.4726
vn 0.5611 -0.6807 -0.4710
vn 0.7308 0.6807 -0.0513
vn 0.7161 0.6581 -0.2327
vn 0.5555 0.8117 -0.1805
vn 0.6214 0.6806 -0.3881
vn 0.6214 -0.6806 -0.3881
vn 0.7161 -0.6581 -0.2327
vn 0.5555 -0.8117 -0.1805
vn 0.7308 -0.6807 -0.0513
vn 0.6214 0.6806 0.3881
vn 0.7161 0.6581 0.2327
vn 0.5555 0.8117 0.1805
vn 0.7308 0.6806 0.0513
vn 0.7308 -0.6806 0.0513
vn 0.7161 -0.6581 0.2327
vn 0.5555 -0.8117 0.1805
vn 0.6214 -0.6807 0.3881
vn 0.2746 0.6806 0.6792
vn 0.4426 0.6581 0.6091
vn 0.3433 0.8117 0.4726
vn 0.5611 0.6806 0.4710
vn 0.5611 -0.6806 0.4710
vn 0.4425 -0.6581 0.6091
vn 0.3433 -0.8117 0.4726
vn 0.2746 -0.6806 0.6792
vn -0.1771 0.6806 0.7109
vn -0.0000 0.6581 0.7529
vn -0.0000 0.8117 0.5841
vn 0.1771 0.6806 0.7109
vn 0.1771 -0.6806 0.7109
vn -0.0000 -0.6581 0.7529
vn -0.0000 -0.8117 0.5841
vn -0.1771 -0.6806 0.7109
vn -0.5611 0.6807 0.4710
vn -0.4425 0.6581 0.6091
vn -0.3433 0.8117 0.4726
vn -0.2746 0.6806 0.6792
vn -0.2746 -0.6806 0.6792
vn -0.4425 -0.6581 0.6091
vn -0.3433 -0.8117 0.4726
vn -0.5611 -0.6806 0.4710
vn -0.7308 0.6806 0.0512
vn -0.7161 0.6581 0.2327
vn -0.5555 0.8117 0.1805
vn -0.6214 0.6806 0.3881
vn -0.6214 -0.6806 0.3881
vn -0.7161 -0.6581 0.2327
vn -0.5555 -0.8117 0.1805
vn -0.7308 -0.6807 0.0512
vn -0.6214 0.6806 -0.3881
vn -0.7161 0.6581 -0.2327
vn -0.5555 0.8117 -0.1805
vn -0.7308 0.6806 -0.0513
vn -0.7308 -0.6806 -0.0513
vn -0.7161 -0.6581 -0.2327
vn -0.5555 -0.8117 -0.1805
vn -0.6214 -0.6807 -0.3881
vn -0.2746 0.6806 -0.6792
vn -0.4426 0.6581 -0.6091
vn -0.3433 0.8117 -0.4726
vn -0.5611 0.6806 -0.4710
vn -0.5611 -0.6806 -0.4710
vn -0.4426 -0.6581 -0.6091
vn -0.3433 -0.8117 -0.4726
vn -0.2746 -0.6806 -0.6792
vn 0.1771 0.6806 -0.7109
vn -0.0000 0.6581 -0.7529
vn -0.0000 0.8117 -0.5841
vn -0.1771 0.6806 -0.7109
vn -0.1771 -0.6806 -0.7109
vn -0.0000 -0.6581 -0.7529
vn -0.0000 -0.8117 -0.5841
vn 0.1771 -0.6806 -0.7109
vn 0.7308 0.6807 -0.0512
vn 0.6214 -0.6806 0.3881
vn -0.7308 0.6807 0.0512
vn -0.7308 0.6806 -0.0512
vn -0.7308 -0.6806 -0.0512
vn 0.6764 0.4674 -0.5692
vn 0.5309 0.4293 -0.7307
vn 0.4325 0.6771 -0.5953
vn 0.3323 0.4674 -0.8192
vn 0.3323 -0.4674 -0.8192
vn 0.5309 -0.4293 -0.7307
vn 0.4325 -0.6771 -0.5953
vn 0.6764 -0.4674 -0.5692
vn 0.8818 0.4674 -0.0629
vn 0.8590 0.4293 -0.2791
vn 0.6998 0.6771 -0.2274
vn 0.7504 0.4674 -0.4674
vn 0.7504 -0.4674 -0.4674
vn 0.8590 -0.4293 -0.2791
vn 0.6998 -0.6771 -0.2274
vn 0.8818 -0.4674 -0.0629
vn 0.7504 0.4674 0.4674
vn 0.8590 0.4293 0.2791
vn 0.6998 0.6771 0.2274
vn 0.8818 0.4674 0.0629
vn 0.8818 -0.4674 0.0629
vn 0.8590 -0.4293 0.2791
vn 0.6998 -0.6771 0.2274
vn 0.7504 -0.4674 0.4674
vn 0.3323 0.4674 0.8192
vn 0.5309 0.4293 0.7307
vn 0.4325 0.6771 0.5953
vn 0.6764 0.4674 0.5692
vn 0.6764 -0.4674 0.5692
vn 0.5309 -0.4293 0.7307
vn 0.4325 -0.6771 0.5953
vn 0.3323 -0.4674 0.8192
vn -0.2126 0.4674 0.8581
vn -0.0000 0.4293 0.9032
vn -0.0000 0.6771 0.7359
vn 0.2126 0.4674 0.8581
vn 0.2126 -0.4674 0.8581
vn -0.0000 -0.4293 0.9032
vn -0.0000 -0.6771 0.7359
vn -0.2126 -0.4674 0.8581
vn -0.6764 0.4674 0.5692
vn -0.5309 0.4293 0.7307
vn -0.4325 0.6771 0.5953
vn -0.3323 0.4674 0.8192
vn -0.3323 -0.4674 0.8192
vn -0.5309 -0.4293 0.7307
vn -0.4325 -0.6771 0.5953
vn -0.6764 -0.4674 0.5692
vn -0.8818 0.4674 0.0629
vn -0.8590 0.4293 0.2791
vn -0.6998 0.6771 0.2274
vn -0.7504 0.4674 0.4674
vn -0.7504 -0.4674 0.4674
vn -0.8590 -0.4293 0.2791
vn -0.6998 -0.6771 0.2274
vn -0.8818 -0.4674 0.0629
vn -0.7504 0.4674 -0.4674
vn -0.8590 0.4293 -0.2791
vn -0.6998 0.6771 -0.2274
vn -0.8818 0.4674 -0.0629
vn -0.8818 -0.4674 -0.0629
vn -0.8590 -0.4293 -0.2791
vn -0.6998 -0.6772 -0.2274
vn -0.7504 -0.4674 -0.4674
vn -0.3323 0.4674 -0.8192
vn -0.5309 0.4293 -0.7307
vn -0.4325 0.6771 -0.5953
vn -0.6764 0.4674 -0.5692
vn -0.6764 -0.4674 -0.5692
vn -0.5309 -0.4293 -0.7307
vn -0.4325 -0.6771 -0.5953
vn -0.3324 -0.4674 -0.8192
vn 0.2126 0.4674 -0.8581
vn -0.0000 0.4293 -0.9032
vn -0.0000 0.6771 -0.7358
vn -0.2126 0.4674 -0.8581
vn -0.2126 -0.4674 -0.8581
vn -0.0000 -0.4293 -0.9032
vn -0.0000 -0.6771 -0.7358
vn 0.2126 -0.4674 -0.8581
vn 0.6998 0.6772 0.2274
vn -0.0000 -0.6771 0.7358
vn -0.6998 -0.6771 -0.2274
vn -0.0000 0.6771 -0.7359
vn -0.3250 -0.8881 0.3250
vn -0.3251 -0.3250 0.8881
vn -0.3251 0.3250 0.8881
vn -0.8881 0.3250 0.3251
vn -0.3251 -0.8881 -0.3250
vn -0.8881 -0.3250 -0.3250
vn -0.3250 -0.3250 -0.8881
vn -0.3251 0.3250 -0.8881
vn 0.3250 -0.8881 0.3250
vn 0.1368 -0.9152 0.3791
vn 0.3251 0.3250 0.8881
vn 0.8881 0.3250 0.3251
vn 0.3251 -0.8881 -0.3250
vn 0.3250 -0.3250 -0.8881
vn 0.3251 0.3250 -0.8881
vn -0.3250 -0.8881 0.3251
vn -0.8881 0.3250 0.3250
vn 0.3250 -0.8881 0.3251
vn 0.8881 -0.3251 -0.3250
vn -0.8881 -0.3251 0.3250
vn -0.8881 0.3251 -0.3250
vn -0.8881 -0.3250 -0.3251
vn 0.8881 -0.3250 0.3251
vn 0.3251 0.8881 -0.3250
vn 0.8881 0.3250 -0.3251
vn 0.9152 -0.3791 0.1368
vn 0.3790 0.9152 0.1369
vn 0.8881 0.3250 0.3250
vn 0.8881 -0.3250 0.3250
vn 0.2466 -0.8700 -0.4270
vn 0.2466 0.8699 -0.4271
vn 0.4271 -0.8700 -0.2465
vn 0.4271 0.8699 -0.2466
vn 0.3443 0.9074 -0.2409
vn 0.4932 0.8699 -0.0000
vn 0.4185 0.9075 -0.0365
vn 0.4270 -0.8700 0.2466
vn 0.2148 0.9688 0.1240
vn 0.4271 0.8699 0.2466
vn 0.3808 0.9074 0.1777
vn 0.2466 0.8700 0.4271
vn 0.0365 0.9075 0.4185
vn -0.2466 0.8700 0.4271
vn -0.4271 -0.8700 0.2465
vn -0.3807 -0.9075 0.1777
vn -0.4271 0.8699 0.2466
vn -0.2479 -0.9688 -0.0000
vn -0.4932 0.8699 -0.0000
vn -0.2148 -0.9688 -0.1240
vn -0.2147 0.9688 -0.1240
vn -0.4271 0.8699 -0.2466
vn -0.3807 0.9075 -0.1777
vn -0.2466 -0.8700 -0.4270
vn -0.2466 0.8699 -0.4271
vn -0.8881 -0.3250 0.3250
vn -0.3250 0.8881 0.3251
vn -0.3250 0.8881 -0.3251
vn 0.3250 0.8881 0.3251
vn 0.3791 -0.9152 -0.1368
vn 0.8881 -0.3250 -0.3250
vn 0.3250 0.8881 -0.3251
vn -0.3251 -0.8881 0.3250
vn -0.3791 -0.9152 0.1368
vn -0.3250 -0.3251 0.8881
vn -0.1368 -0.3791 0.9152
vn -0.1368 -0.9152 -0.3791
vn -0.3250 -0.3251 -0.8881
vn 0.3251 -0.8881 0.3250
vn 0.3250 -0.3251 0.8881
vn 0.3250 -0.3251 -0.8881
vn 0.1368 -0.3791 -0.9152
vn -0.2026 0.7318 -0.6507
vn -0.0000 0.8110 -0.5851
vn -0.0000 0.7338 -0.6794
vn -0.0000 0.9337 -0.3580
vn -0.1404 0.8455 -0.5152
vn 0.2025 0.7318 -0.6507
vn 0.1404 0.8455 -0.5152
vn -0.2021 -0.7319 -0.6507
vn -0.0000 -0.8110 -0.5851
vn -0.1404 -0.8455 -0.5152
vn 0.2024 -0.7319 -0.6507
vn -0.0000 -0.7338 -0.6794
vn -0.0000 -0.9337 -0.3580
vn 0.1404 -0.8455 -0.5152
vn 0.6031 0.7319 -0.3171
vn 0.4137 0.8110 -0.4137
vn 0.4636 0.8455 -0.2650
vn 0.3173 0.7318 -0.6032
vn 0.4804 0.7338 -0.4804
vn 0.2531 0.9337 -0.2531
vn 0.2650 0.8455 -0.4636
vn 0.6031 -0.7319 -0.3171
vn 0.4137 -0.8110 -0.4137
vn 0.4803 -0.7338 -0.4804
vn 0.2531 -0.9337 -0.2531
vn 0.4636 -0.8455 -0.2650
vn 0.3172 -0.7318 -0.6032
vn 0.2651 -0.8455 -0.4636
vn 0.6507 0.7318 0.2023
vn 0.5850 0.8110 -0.0000
vn 0.5152 0.8455 0.1404
vn 0.6506 0.7319 -0.2023
vn 0.6794 0.7338 -0.0000
vn 0.3580 0.9337 -0.0000
vn 0.5152 0.8455 -0.1404
vn 0.6506 -0.7319 0.2023
vn 0.5850 -0.8110 -0.0000
vn 0.6793 -0.7338 -0.0000
vn 0.3580 -0.9337 -0.0000
vn 0.5152 -0.8455 0.1404
vn 0.6507 -0.7319 -0.2023
vn 0.5152 -0.8455 -0.1404
vn 0.3169 0.7319 0.6032
vn 0.4137 0.8110 0.4137
vn 0.2651 0.8455 0.4636
vn 0.6033 0.7318 0.3170
vn 0.4804 0.7338 0.4804
vn 0.2531 0.9337 0.2531
vn 0.4636 0.8455 0.2650
vn 0.3168 -0.7319 0.6032
vn 0.4137 -0.8110 0.4137
vn 0.4804 -0.7338 0.4804
vn 0.2531 -0.9337 0.2531
vn 0.2651 -0.8455 0.4636
vn 0.6031 -0.7319 0.3171
vn 0.4636 -0.8455 0.2650
vn -0.2026 0.7318 0.6507
vn -0.0000 0.8110 0.5851
vn -0.1404 0.8455 0.5152
vn 0.2022 0.7319 0.6507
vn -0.0000 0.7338 0.6794
vn -0.0000 0.9337 0.3580
vn 0.1404 0.8455 0.5152
vn -0.2022 -0.7319 0.6507
vn -0.0000 -0.8110 0.5851
vn -0.0000 -0.7338 0.6794
vn -0.0000 -0.9337 0.3580
vn -0.1404 -0.8455 0.5152
vn 0.2021 -0.7319 0.6507
vn 0.1404 -0.8455 0.5152
vn -0.6031 0.7319 0.3171
vn -0.4137 0.8110 0.4137
vn -0.4636 0.8455 0.2650
vn -0.3173 0.7318 0.6031
vn -0.4804 0.7338 0.4804
vn -0.2532 0.9337 0.2531
vn -0.2650 0.8455 0.4636
vn -0.6031 -0.7320 0.3171
vn -0.4137 -0.8110 0.4137
vn -0.4803 -0.7338 0.4804
vn -0.2531 -0.9337 0.2531
vn -0.4636 -0.8455 0.2650
vn -0.3170 -0.7319 0.6032
vn -0.2651 -0.8455 0.4636
vn -0.6507 0.7319 -0.2023
vn -0.5850 0.8110 -0.0000
vn -0.5152 0.8455 -0.1404
vn -0.6506 0.7320 0.2024
vn -0.6794 0.7338 -0.0000
vn -0.3580 0.9337 -0.0000
vn -0.5152 0.8455 0.1404
vn -0.6506 -0.7319 -0.2023
vn -0.5850 -0.8110 -0.0000
vn -0.6793 -0.7338 -0.0000
vn -0.3580 -0.9337 -0.0000
vn -0.5152 -0.8455 -0.1404
vn -0.6506 -0.7320 0.2024
vn -0.5152 -0.8455 0.1404
vn -0.3172 0.7318 -0.6032
vn -0.4137 0.8110 -0.4137
vn -0.2650 0.8455 -0.4636
vn -0.6032 0.7319 -0.3170
vn -0.4804 0.7338 -0.4804
vn -0.2531 0.9337 -0.2531
vn -0.4636 0.8455 -0.2650
vn -0.3168 -0.7319 -0.6032
vn -0.4137 -0.8110 -0.4137
vn -0.4804 -0.7338 -0.4804
vn -0.2531 -0.9337 -0.2531
vn -0.2651 -0.8455 -0.4636
vn -0.6031 -0.7319 -0.3171
vn -0.4636 -0.8455 -0.2650
vn -0.2022 0.7319 -0.6507
vn 0.2021 -0.7319 -0.6507
vn 0.6032 0.7319 -0.3170
vn 0.3169 -0.7319 -0.6032
vn 0.6507 0.7319 0.2023
vn 0.6507 0.7319 -0.2023
vn 0.6506 -0.7319 0.2024
vn 0.3172 0.7318 0.6031
vn 0.2650 0.8455 0.4636
vn 0.6032 0.7319 0.3170
vn 0.3167 -0.7320 0.6032
vn 0.2026 0.7318 0.6507
vn 0.2019 -0.7320 0.6507
vn -0.6031 -0.7319 0.3170
vn -0.6507 -0.7319 0.2023
vn -0.3169 0.7319 -0.6032
vn -0.2651 0.8455 -0.4636
vn -0.3792 -0.9152 0.1368
vn 0.3792 -0.9152 -0.1368
vn -0.3790 -0.9152 0.1368
vn -0.3250 -0.8881 -0.3250
vn 0.3250 -0.8881 -0.3250
vn 0.3790 -0.9152 -0.1368
vn 0.2023 0.7319 -0.6507
vn -0.2023 0.7319 -0.6507
vn 0.2023 -0.7319 -0.6507
vn -0.2023 -0.7319 -0.6507
vn 0.6032 0.7319 -0.3171
vn 0.4635 0.8455 -0.2650
vn 0.3171 0.7319 -0.6032
vn 0.2650 0.8455 -0.4635
vn 0.6032 -0.7319 -0.3171
vn 0.4804 -0.7338 -0.4804
vn 0.4635 -0.8455 -0.2651
vn 0.3171 -0.7319 -0.6032
vn 0.2651 -0.8455 -0.4635
vn 0.5851 0.8110 -0.0000
vn 0.6507 -0.7319 0.2023
vn 0.5851 -0.8110 -0.0000
vn 0.6794 -0.7338 -0.0000
vn 0.5152 -0.8455 -0.1403
vn 0.3171 0.7319 0.6032
vn 0.2651 0.8455 0.4635
vn 0.6032 0.7319 0.3171
vn 0.4635 0.8455 0.2651
vn 0.3171 -0.7319 0.6032
vn 0.2651 -0.8455 0.4635
vn 0.6032 -0.7319 0.3171
vn -0.2023 0.7319 0.6507
vn 0.2023 0.7319 0.6507
vn -0.2023 -0.7319 0.6507
vn 0.2023 -0.7319 0.6507
vn -0.6032 0.7319 0.3171
vn -0.4635 0.8455 0.2650
vn -0.3171 0.7319 0.6032
vn -0.2531 0.9337 0.2531
vn -0.2650 0.8455 0.4635
vn -0.6032 -0.7319 0.3171
vn -0.4804 -0.7338 0.4804
vn -0.3171 -0.7319 0.6032
vn -0.2650 -0.8455 0.4635
vn -0.5851 0.8110 -0.0000
vn -0.6507 0.7319 0.2023
vn -0.6507 -0.7319 -0.2023
vn -0.5851 -0.8110 -0.0000
vn -0.6794 -0.7338 -0.0000
vn -0.5152 -0.8455 0.1403
vn -0.3171 0.7319 -0.6032
vn -0.2650 0.8455 -0.4635
vn -0.6032 0.7319 -0.3171
vn -0.4635 0.8455 -0.2650
vn -0.3171 -0.7319 -0.6032
vn -0.2651 -0.8455 -0.4635
vn -0.6032 -0.7319 -0.3171
vn 0.1403 -0.8455 -0.5152
vn 0.2650 0.8455 0.4635
vn -0.4636 -0.8455 0.2651
vn -0.4636 -0.8455 -0.2651
vn -0.3271 -0.9450 -0.0000
vn -0.1228 -0.8973 0.4241
vn -0.3044 -0.8900 0.3395
vn -0.1228 -0.8973 -0.4241
vn -0.3044 -0.8900 -0.3395
vn 0.1037 -0.8734 -0.4758
vn -0.0030 -1.0000 -0.0000
vn 0.2857 -0.9252 0.2496
vn 0.2857 -0.9253 -0.2496
vn 0.4200 -0.9075 -0.0000
vn 0.1037 -0.8734 0.4758
vn 0.5877 -0.7874 0.1860
vn 0.6267 -0.4761 0.6170
vn 0.4142 -0.7923 0.4481
vn 0.8622 -0.1575 0.4815
vn 0.7979 -0.5739 0.1844
vn 0.9277 -0.3245 0.1844
vn 0.6871 0.0224 0.7262
vn 0.3199 -0.2546 0.9126
vn 0.5059 -0.1061 0.8560
vn 0.2828 -0.5171 0.8079
vn 0.2495 -0.7180 0.6498
vn -0.3597 -0.7340 0.5760
vn -0.2829 -0.5342 0.7966
vn -0.5011 -0.5189 0.6926
vn 0.0468 -0.5332 0.8447
vn -0.1466 -0.7505 0.6444
vn 0.0643 -0.7066 0.7047
vn -0.1030 -0.1888 0.9766
vn -0.4183 -0.1761 0.8911
vn -0.5735 -0.2522 0.7794
vn -0.5500 -0.8351 -0.0000
vn -0.6480 -0.5876 -0.4845
vn -0.5286 -0.7739 -0.3486
vn -0.6481 -0.5876 0.4845
vn -0.5286 -0.7739 0.3486
vn -0.7741 -0.3023 0.5562
vn -0.8522 -0.5232 -0.0000
vn -0.9493 -0.1045 -0.2965
vn -0.9493 -0.1045 0.2965
vn -0.9972 0.0750 -0.0000
vn -0.7741 -0.3023 -0.5562
vn -0.1467 -0.7505 -0.6444
vn 0.0467 -0.5332 -0.8447
vn 0.0643 -0.7066 -0.7047
vn -0.3597 -0.7340 -0.5760
vn -0.2830 -0.5342 -0.7966
vn -0.4183 -0.1761 -0.8911
vn -0.5010 -0.5189 -0.6926
vn -0.5735 -0.2522 -0.7794
vn -0.1030 -0.1888 -0.9766
vn 0.7979 -0.5739 -0.1844
vn 0.8622 -0.1575 -0.4815
vn 0.9277 -0.3245 -0.1844
vn 0.5877 -0.7874 -0.1860
vn 0.6267 -0.4761 -0.6170
vn 0.2828 -0.5171 -0.8079
vn 0.4142 -0.7922 -0.4481
vn 0.2495 -0.7180 -0.6498
vn 0.3199 -0.2546 -0.9126
vn 0.6871 0.0224 -0.7262
vn 0.5059 -0.1061 -0.8560
vn 0.5011 0.5189 0.6926
vn 0.4183 0.1761 0.8911
vn 0.5735 0.2521 0.7794
vn 0.3597 0.7340 0.5760
vn 0.2829 0.5342 0.7966
vn -0.0467 0.5332 0.8447
vn 0.1467 0.7505 0.6444
vn -0.0643 0.7066 0.7047
vn 0.1030 0.1888 0.9766
vn -0.8622 0.1575 0.4815
vn -0.7979 0.5739 0.1844
vn -0.9277 0.3245 0.1844
vn -0.6871 -0.0224 0.7262
vn -0.6267 0.4761 0.6170
vn -0.3199 0.2546 0.9126
vn -0.5059 0.1061 0.8560
vn -0.4142 0.7922 0.4481
vn -0.2828 0.5171 0.8079
vn -0.2495 0.7180 0.6498
vn -0.5877 0.7874 0.1860
vn -0.3199 0.2546 -0.9126
vn -0.6266 0.4761 -0.6170
vn -0.2828 0.5171 -0.8079
vn -0.6871 -0.0224 -0.7262
vn -0.5059 0.1061 -0.8560
vn -0.7979 0.5739 -0.1844
vn -0.8622 0.1575 -0.4815
vn -0.9277 0.3245 -0.1844
vn -0.5877 0.7874 -0.1860
vn -0.4142 0.7922 -0.4481
vn -0.2495 0.7180 -0.6498
vn 0.4183 0.1761 -0.8911
vn 0.5011 0.5189 -0.6926
vn 0.5735 0.2521 -0.7794
vn 0.1030 0.1888 -0.9766
vn 0.2830 0.5342 -0.7966
vn 0.1467 0.7505 -0.6444
vn -0.0468 0.5332 -0.8447
vn -0.0643 0.7066 -0.7047
vn 0.3598 0.7340 -0.5760
vn 0.7741 0.3023 0.5562
vn 0.8522 0.5232 -0.0000
vn 0.6481 0.5876 0.4845
vn 0.9493 0.1045 -0.2965
vn 0.9493 0.1045 0.2965
vn 0.9972 -0.0750 -0.0000
vn 0.7741 0.3023 -0.5562
vn 0.5500 0.8351 -0.0000
vn 0.6480 0.5876 -0.4845
vn 0.5286 0.7739 -0.3486
vn 0.5286 0.7739 0.3486
vn -0.1037 0.8734 0.4758
vn 0.0030 1.0000 -0.0000
vn -0.2857 0.9252 0.2496
vn 0.3271 0.9450 -0.0000
vn 0.1228 0.8973 0.4241
vn 0.3044 0.8900 0.3395
vn 0.1228 0.8973 -0.4241
vn 0.3044 0.8900 -0.3395
vn -0.1037 0.8734 -0.4758
vn -0.2857 0.9253 -0.2496
vn -0.4199 0.9076 -0.0000
vn 0.1240 -0.9688 -0.2148
vn 0.2466 -0.8700 -0.4271
vn 0.2465 0.8700 -0.4270
vn 0.1776 0.9075 -0.3807
vn 0.4271 -0.8699 -0.2465
vn 0.2147 0.9688 -0.1240
vn 0.4270 0.8700 -0.2465
vn 0.4185 -0.9075 0.0365
vn 0.4186 0.9074 -0.0365
vn 0.9900 0.1414 -0.0000
vn 0.2148 -0.9688 0.1240
vn 0.4271 -0.8700 0.2465
vn 0.4270 0.8700 0.2465
vn 0.3807 0.9075 0.1776
vn 0.1776 -0.9075 0.3807
vn 0.2465 0.8700 0.4270
vn -0.1240 -0.9688 0.2148
vn -0.2466 -0.8700 0.4271
vn -0.2465 0.8700 0.4270
vn -0.1776 0.9075 0.3807
vn -0.4271 -0.8699 0.2465
vn -0.2147 0.9688 0.1240
vn -0.4270 0.8700 0.2465
vn -0.4186 0.9074 0.0365
vn -0.9900 0.1414 -0.0000
vn -0.4270 0.8700 -0.2465
vn -0.3807 0.9075 -0.1776
vn -0.1776 -0.9075 -0.3807
vn -0.2465 0.8700 -0.4270
vn -0.0000 -0.9591 -0.2831
vn -0.0000 -0.8575 -0.5145
vn 0.1611 -0.9024 -0.3996
vn -0.4589 -0.1403 -0.8773
vn -0.3190 -0.2759 -0.9067
vn -0.4474 -0.3423 -0.8262
vn 0.4589 -0.1403 -0.8773
vn 0.3190 -0.2759 -0.9067
vn 0.3003 -0.0906 -0.9495
vn -0.0000 0.9628 -0.2702
vn -0.0000 0.8711 -0.4911
vn -0.1536 0.9095 -0.3862
vn 0.4516 0.2252 -0.8634
vn 0.3098 0.3624 -0.8790
vn 0.4364 0.4173 -0.7971
vn -0.4516 0.2252 -0.8634
vn -0.3098 0.3624 -0.8790
vn -0.2963 0.1850 -0.9370
vn 0.2693 -0.9591 -0.0875
vn 0.4893 -0.8575 -0.1590
vn 0.4298 -0.9024 0.0298
vn 0.6926 -0.1403 -0.7076
vn 0.7638 -0.2759 -0.5835
vn 0.6476 -0.3423 -0.6808
vn 0.9762 -0.1403 0.1653
vn 0.9609 -0.2759 0.0232
vn 0.9959 -0.0906 -0.0078
vn 0.2569 0.9628 -0.0835
vn 0.4671 0.8711 -0.1518
vn 0.3198 0.9095 -0.2654
vn 0.9606 0.2252 0.1627
vn 0.9317 0.3624 0.0230
vn 0.8930 0.4173 0.1687
vn 0.6815 0.2252 -0.6963
vn 0.7403 0.3624 -0.5663
vn 0.7995 0.1850 -0.5714
vn 0.1664 -0.9591 0.2291
vn 0.3025 -0.8575 0.4163
vn 0.1045 -0.9024 0.4179
vn 0.8870 -0.1403 0.4400
vn 0.7910 -0.2759 0.5461
vn 0.8476 -0.3423 0.4055
vn 0.1444 -0.1403 0.9795
vn 0.2749 -0.2759 0.9210
vn 0.3151 -0.0906 0.9447
vn 0.1588 0.9628 0.2186
vn 0.2886 0.8711 0.3974
vn 0.3513 0.9095 0.2222
vn 0.1421 0.2252 0.9639
vn 0.2661 0.3624 0.8932
vn 0.1155 0.4173 0.9014
vn 0.8728 0.2252 0.4330
vn 0.7673 0.3624 0.5291
vn 0.7905 0.1850 0.5839
vn -0.1664 -0.9591 0.2291
vn -0.3025 -0.8575 0.4163
vn -0.3652 -0.9024 0.2285
vn -0.1444 -0.1403 0.9795
vn -0.2749 -0.2759 0.9210
vn -0.1237 -0.3423 0.9314
vn -0.8870 -0.1403 0.4400
vn -0.7910 -0.2759 0.5461
vn -0.8011 -0.0906 0.5917
vn -0.1588 0.9628 0.2186
vn -0.2886 0.8711 0.3974
vn -0.1027 0.9095 0.4027
vn -0.8728 0.2252 0.4330
vn -0.7673 0.3624 0.5291
vn -0.8216 0.4173 0.3884
vn -0.1421 0.2252 0.9639
vn -0.2661 0.3624 0.8932
vn -0.3110 0.1850 0.9322
vn -0.2693 -0.9591 -0.0875
vn -0.4893 -0.8575 -0.1590
vn -0.3302 -0.9024 -0.2767
vn -0.9762 -0.1403 0.1653
vn -0.9609 -0.2759 0.0232
vn -0.9240 -0.3423 0.1701
vn -0.6926 -0.1403 -0.7076
vn -0.7638 -0.2759 -0.5835
vn -0.8103 -0.0906 -0.5790
vn -0.2569 0.9628 -0.0835
vn -0.4671 0.8711 -0.1518
vn -0.4147 0.9095 0.0268
vn -0.6815 0.2252 -0.6963
vn -0.7403 0.3624 -0.5663
vn -0.6233 0.4173 -0.6614
vn -0.9606 0.2252 0.1627
vn -0.9317 0.3624 0.0230
vn -0.9827 0.1850 -0.0077
vn 0.4516 0.2252 -0.8633
vn 0.4894 -0.8575 -0.1590
vn 0.4297 -0.9025 0.0298
vn 0.7638 -0.2759 -0.5836
vn 0.3199 0.9095 -0.2654
vn 0.7403 0.3624 -0.5662
vn 0.7996 0.1850 -0.5714
vn 0.8869 -0.1403 0.4400
vn 0.8476 -0.3424 0.4055
vn 0.3152 -0.0906 0.9447
vn 0.2887 0.8711 0.3973
vn -0.8869 -0.1403 0.4400
vn -0.2887 0.8711 0.3973
vn -0.9241 -0.3423 0.1701
vn -0.8102 -0.0906 -0.5790
vn -0.4670 0.8711 -0.1518
vn -0.4147 0.9096 0.0267
vn -0.6816 0.2252 -0.6963
vn -0.7403 0.3624 -0.5662
vn -0.6233 0.4173 -0.6613
vn -0.4516 0.2252 -0.8633
vn 0.4298 -0.9025 0.0298
vn 0.6476 -0.3424 -0.6808
vn 0.4670 0.8711 -0.1518
vn 0.3024 -0.8575 0.4163
vn 0.1045 -0.9024 0.4180
vn -0.3024 -0.8575 0.4163
vn -0.1237 -0.3424 0.9314
vn -0.9240 -0.3424 0.1701
vn -0.4148 0.9095 0.0267
vn -0.6232 0.4173 -0.6614
vn -0.1537 0.9095 -0.3862
vn -0.4147 0.9096 0.0268
vn -0.1535 0.9095 -0.3862
vn 0.3512 0.9095 0.2222
vn -0.4894 -0.8575 -0.1590
vn -0.3303 -0.9024 -0.2767
vn -0.7638 -0.2759 -0.5836
vn -0.2570 0.9628 -0.0835
vn -0.0000 -0.9672 -0.2540
vn -0.0000 -0.8670 -0.4983
vn 0.0524 -0.9070 -0.4178
vn -0.0000 -0.1378 -0.9905
vn -0.2152 -0.3191 -0.9230
vn -0.2299 -0.1797 -0.9565
vn 0.2152 -0.3191 -0.9230
vn 0.2299 -0.1797 -0.9565
vn -0.0000 0.9672 -0.2540
vn -0.0001 0.8670 -0.4983
vn -0.0524 0.9070 -0.4178
vn -0.0000 0.1378 -0.9905
vn 0.2152 0.3191 -0.9230
vn 0.2299 0.1797 -0.9565
vn -0.2152 0.3191 -0.9230
vn -0.2299 0.1797 -0.9565
vn 0.1493 -0.9672 -0.2055
vn 0.2929 -0.8670 -0.4032
vn 0.2880 -0.9070 -0.3072
vn 0.5822 -0.1378 -0.8013
vn 0.3684 -0.3191 -0.8732
vn 0.3762 -0.1797 -0.9089
vn 0.7166 -0.3191 -0.6202
vn 0.7482 -0.1797 -0.6387
vn 0.1493 0.9672 -0.2055
vn 0.2929 0.8670 -0.4031
vn 0.2032 0.9070 -0.3688
vn 0.5822 0.1378 -0.8013
vn 0.7166 0.3191 -0.6202
vn 0.7482 0.1797 -0.6387
vn 0.3684 0.3191 -0.8732
vn 0.3762 0.1797 -0.9089
vn 0.2416 -0.9672 -0.0785
vn 0.4740 -0.8670 -0.1540
vn 0.4135 -0.9070 -0.0793
vn 0.9420 -0.1378 -0.3061
vn 0.8113 -0.3191 -0.4898
vn 0.8386 -0.1797 -0.5142
vn 0.9443 -0.3191 -0.0806
vn 0.9807 -0.1797 -0.0769
vn 0.2416 0.9672 -0.0785
vn 0.4739 0.8670 -0.1540
vn 0.3812 0.9070 -0.1789
vn 0.9420 0.1378 -0.3061
vn 0.9443 0.3191 -0.0806
vn 0.9807 0.1797 -0.0769
vn 0.8113 0.3191 -0.4899
vn 0.8386 0.1797 -0.5142
vn 0.2416 -0.9672 0.0785
vn 0.4740 -0.8670 0.1540
vn 0.3812 -0.9070 0.1789
vn 0.9420 -0.1378 0.3061
vn 0.9443 -0.3191 0.0806
vn 0.9807 -0.1797 0.0769
vn 0.8113 -0.3191 0.4899
vn 0.8386 -0.1797 0.5142
vn 0.2416 0.9672 0.0785
vn 0.4739 0.8670 0.1540
vn 0.4136 0.9070 0.0793
vn 0.9420 0.1378 0.3061
vn 0.8113 0.3191 0.4899
vn 0.8386 0.1797 0.5142
vn 0.9443 0.3191 0.0806
vn 0.9807 0.1797 0.0769
vn 0.1493 -0.9672 0.2055
vn 0.2929 -0.8670 0.4032
vn 0.2032 -0.9070 0.3688
vn 0.5822 -0.1378 0.8013
vn 0.7166 -0.3191 0.6202
vn 0.7482 -0.1797 0.6387
vn 0.3684 -0.3191 0.8732
vn 0.3762 -0.1797 0.9089
vn 0.1493 0.9672 0.2055
vn 0.2929 0.8670 0.4031
vn 0.2880 0.9070 0.3072
vn 0.5822 0.1378 0.8013
vn 0.3684 0.3191 0.8732
vn 0.3762 0.1797 0.9089
vn 0.7166 0.3191 0.6202
vn 0.7482 0.1797 0.6387
vn -0.0000 -0.9672 0.2540
vn -0.0000 -0.8670 0.4983
vn -0.0524 -0.9070 0.4178
vn -0.0000 -0.1378 0.9905
vn 0.2152 -0.3191 0.9230
vn 0.2299 -0.1797 0.9565
vn -0.2152 -0.3191 0.9230
vn -0.2299 -0.1797 0.9565
vn -0.0000 0.9672 0.2540
vn -0.0000 0.8670 0.4983
vn 0.0524 0.9070 0.4178
vn -0.0000 0.1378 0.9905
vn -0.2152 0.3191 0.9230
vn -0.2299 0.1797 0.9565
vn 0.2152 0.3191 0.9230
vn 0.2299 0.1797 0.9565
vn -0.1493 -0.9672 0.2055
vn -0.2929 -0.8670 0.4032
vn -0.2880 -0.9070 0.3072
vn -0.5822 -0.1378 0.8013
vn -0.3684 -0.3191 0.8732
vn -0.3762 -0.1797 0.9089
vn -0.7166 -0.3191 0.6202
vn -0.7482 -0.1797 0.6387
vn -0.1493 0.9672 0.2055
vn -0.2929 0.8670 0.4031
vn -0.2032 0.9070 0.3688
vn -0.5822 0.1378 0.8013
vn -0.7166 0.3191 0.6202
vn -0.7482 0.1797 0.6387
vn -0.3684 0.3191 0.8732
vn -0.3762 0.1797 0.9089
vn -0.2416 -0.9672 0.0785
vn -0.4740 -0.8670 0.1540
vn -0.4135 -0.9070 0.0793
vn -0.9420 -0.1378 0.3061
vn -0.8113 -0.3191 0.4898
vn -0.8386 -0.1797 0.5142
vn -0.9443 -0.3191 0.0806
vn -0.9807 -0.1797 0.0769
vn -0.2416 0.9672 0.0785
vn -0.4740 0.8670 0.1540
vn -0.3811 0.9071 0.1789
vn -0.9420 0.1378 0.3061
vn -0.9443 0.3191 0.0806
vn -0.9807 0.1797 0.0769
vn -0.8113 0.3191 0.4898
vn -0.8386 0.1797 0.5142
vn -0.2416 -0.9672 -0.0785
vn -0.4740 -0.8670 -0.1540
vn -0.3812 -0.9070 -0.1789
vn -0.9420 -0.1378 -0.3061
vn -0.9443 -0.3191 -0.0806
vn -0.9807 -0.1797 -0.0769
vn -0.8113 -0.3191 -0.4898
vn -0.8386 -0.1797 -0.5142
vn -0.2416 0.9672 -0.0785
vn -0.4740 0.8670 -0.1540
vn -0.4135 0.9070 -0.0793
vn -0.9420 0.1378 -0.3061
vn -0.8113 0.3191 -0.4898
vn -0.8386 0.1797 -0.5142
vn -0.9443 0.3191 -0.0806
vn -0.9807 0.1797 -0.0769
vn -0.1493 -0.9672 -0.2055
vn -0.2929 -0.8670 -0.4032
vn -0.2032 -0.9070 -0.3688
vn -0.5822 -0.1378 -0.8013
vn -0.7166 -0.3191 -0.6202
vn -0.7482 -0.1797 -0.6387
vn -0.3684 -0.3191 -0.8732
vn -0.3762 -0.1797 -0.9089
vn -0.1493 0.9672 -0.2055
vn -0.2929 0.8670 -0.4032
vn -0.2878 0.9071 -0.3072
vn -0.5822 0.1378 -0.8013
vn -0.3684 0.3191 -0.8732
vn -0.3762 0.1797 -0.9089
vn -0.7166 0.3191 -0.6202
vn -0.7482 0.1797 -0.6387
vn -0.3789 -0.8835 0.2753
vn -0.1248 -0.9148 0.3841
vn -0.3789 -0.8835 -0.2753
vn -0.4039 -0.9148 -0.0000
vn 0.1448 -0.8835 -0.4454
vn -0.1248 -0.9148 -0.3841
vn 0.4683 -0.8836 -0.0000
vn 0.3268 -0.9148 -0.2374
vn 0.1448 -0.8835 0.4454
vn 0.3268 -0.9148 0.2374
vn 0.6641 -0.7340 0.1422
vn 0.7236 -0.4472 0.5257
vn 0.5158 -0.7704 0.3748
vn 0.9535 -0.2657 0.1422
vn 0.8426 -0.5208 0.1374
vn 0.8088 0.0238 0.5876
vn 0.9197 -0.1169 0.3747
vn 0.4299 -0.2657 0.8629
vn 0.6406 -0.1168 0.7589
vn 0.3405 -0.7340 0.5876
vn 0.3910 -0.5207 0.7589
vn -0.4536 -0.7340 0.5054
vn -0.2764 -0.4472 0.8507
vn -0.6009 -0.5207 0.6064
vn 0.0700 -0.7340 0.6755
vn -0.1970 -0.7704 0.6064
vn 0.1594 -0.2657 0.9508
vn 0.1297 -0.5207 0.8438
vn -0.3089 0.0238 0.9508
vn -0.0722 -0.1168 0.9905
vn -0.6878 -0.2657 0.6755
vn -0.5238 -0.1168 0.8438
vn -0.6208 -0.7340 -0.2753
vn -0.8944 -0.4472 -0.0000
vn -0.7624 -0.5208 -0.3841
vn -0.6208 -0.7340 0.2753
vn -0.6376 -0.7704 -0.0000
vn -0.8550 -0.2657 0.4454
vn -0.7624 -0.5208 0.3841
vn -0.9997 0.0238 -0.0000
vn -0.9644 -0.1168 0.2374
vn -0.8550 -0.2657 -0.4454
vn -0.9644 -0.1168 -0.2374
vn 0.0700 -0.7340 -0.6755
vn -0.2764 -0.4472 -0.8507
vn 0.1297 -0.5208 -0.8438
vn -0.4537 -0.7340 -0.5054
vn -0.1970 -0.7704 -0.6064
vn -0.6878 -0.2657 -0.6755
vn -0.6009 -0.5207 -0.6064
vn -0.3089 0.0238 -0.9508
vn -0.5238 -0.1168 -0.8438
vn 0.1594 -0.2657 -0.9508
vn -0.0722 -0.1168 -0.9905
vn 0.9535 -0.2657 -0.1422
vn 0.7236 -0.4472 -0.5257
vn 0.9197 -0.1168 -0.3748
vn 0.6641 -0.7340 -0.1422
vn 0.8426 -0.5208 -0.1374
vn 0.3405 -0.7340 -0.5876
vn 0.5159 -0.7704 -0.3748
vn 0.4299 -0.2657 -0.8629
vn 0.3910 -0.5207 -0.7589
vn 0.8088 0.0238 -0.5876
vn 0.6406 -0.1168 -0.7589
vn -0.1594 0.2657 0.9508
vn 0.2764 0.4472 0.8507
vn -0.1297 0.5207 0.8438
vn 0.3089 -0.0238 0.9508
vn 0.0722 0.1168 0.9905
vn 0.6878 0.2657 0.6755
vn 0.5238 0.1168 0.8438
vn 0.4536 0.7340 0.5054
vn 0.6009 0.5207 0.6064
vn -0.0700 0.7340 0.6755
vn 0.1970 0.7704 0.6064
vn -0.9535 0.2657 0.1422
vn -0.7236 0.4472 0.5257
vn -0.8426 0.5207 0.1373
vn -0.8088 -0.0238 0.5876
vn -0.9197 0.1168 0.3748
vn -0.4299 0.2657 0.8629
vn -0.6406 0.1168 0.7589
vn -0.3405 0.7340 0.5876
vn -0.3910 0.5207 0.7589
vn -0.6641 0.7340 0.1422
vn -0.5158 0.7704 0.3748
vn -0.4299 0.2657 -0.8629
vn -0.7236 0.4472 -0.5257
vn -0.3910 0.5207 -0.7589
vn -0.8088 -0.0238 -0.5876
vn -0.6406 0.1168 -0.7589
vn -0.9535 0.2657 -0.1422
vn -0.9197 0.1168 -0.3748
vn -0.6641 0.7340 -0.1422
vn -0.8426 0.5207 -0.1373
vn -0.3405 0.7340 -0.5876
vn -0.5158 0.7704 -0.3748
vn 0.6878 0.2657 -0.6755
vn 0.2764 0.4472 -0.8506
vn 0.6010 0.5207 -0.6064
vn 0.3089 -0.0238 -0.9508
vn 0.5238 0.1168 -0.8438
vn -0.1594 0.2657 -0.9508
vn 0.0722 0.1168 -0.9905
vn -0.0700 0.7340 -0.6755
vn -0.1298 0.5208 -0.8438
vn 0.4537 0.7340 -0.5054
vn 0.1970 0.7704 -0.6064
vn 0.8550 0.2657 0.4454
vn 0.8944 0.4472 -0.0000
vn 0.7624 0.5207 0.3841
vn 0.9997 -0.0238 -0.0000
vn 0.9644 0.1168 0.2374
vn 0.8550 0.2657 -0.4454
vn 0.9644 0.1168 -0.2374
vn 0.6208 0.7340 -0.2753
vn 0.7624 0.5207 -0.3841
vn 0.6208 0.7340 0.2753
vn 0.6376 0.7704 -0.0000
vn -0.1447 0.8836 0.4454
vn -0.3268 0.9148 0.2374
vn 0.3789 0.8836 0.2753
vn 0.1248 0.9148 0.3841
vn 0.3789 0.8836 -0.2753
vn 0.4039 0.9148 -0.0000
vn -0.1447 0.8835 -0.4454
vn 0.1248 0.9148 -0.3841
vn -0.4683 0.8836 -0.0000
vn -0.3268 0.9148 -0.2374
vn 0.1777 -0.9075 -0.3807
vn 0.0365 0.9075 -0.4185
vn 0.3442 -0.9075 -0.2409
vn 0.4185 -0.9075 -0.0365
vn 0.3807 -0.9075 0.1776
vn 0.2409 -0.9075 0.3442
vn 0.1776 0.9075 0.3807
vn -0.1777 -0.9075 0.3807
vn -0.0366 0.9075 0.4185
vn -0.2409 0.9075 0.3442
vn -0.3808 0.9074 0.1776
vn -0.3807 -0.9075 -0.1776
vn -0.4185 0.9075 -0.0365
vn -0.2409 -0.9075 -0.3442
vn -0.3442 0.9075 -0.2409
vn -0.1776 0.9075 -0.3807
vn 0.4256 -0.1942 -0.8838
vn -0.0000 -0.3910 -0.9204
vn -0.0000 -0.1942 -0.9810
vn 0.1625 -0.9272 -0.3374
vn -0.0000 -0.9762 -0.2167
vn -0.0000 -0.9273 -0.3744
vn 0.4256 0.1942 -0.8838
vn -0.0000 0.3911 -0.9204
vn 0.3993 0.3911 -0.8292
vn -0.0000 0.9272 -0.3745
vn 0.0940 0.9762 -0.1952
vn 0.1625 0.9272 -0.3374
vn 0.7669 -0.1942 -0.6116
vn 0.3993 -0.3910 -0.8292
vn 0.2928 -0.9272 -0.2335
vn 0.0940 -0.9762 -0.1952
vn 0.7669 0.1942 -0.6116
vn 0.7196 0.3910 -0.5739
vn 0.1694 0.9762 -0.1351
vn 0.2928 0.9272 -0.2335
vn 0.9564 -0.1942 -0.2183
vn 0.7196 -0.3910 -0.5738
vn 0.2113 -0.9762 -0.0482
vn 0.1694 -0.9762 -0.1351
vn 0.9564 0.1942 -0.2183
vn 0.8973 0.3910 -0.2048
vn 0.2112 0.9762 -0.0482
vn 0.3650 0.9273 -0.0833
vn 0.9564 -0.1942 0.2183
vn 0.8973 -0.3910 -0.2048
vn 0.3651 -0.9272 -0.0833
vn 0.2112 -0.9762 0.0482
vn 0.9564 0.1942 0.2183
vn 0.8973 0.3911 0.2048
vn 0.2113 0.9762 0.0482
vn 0.3651 0.9272 0.0833
vn 0.7669 -0.1942 0.6116
vn 0.8973 -0.3910 0.2048
vn 0.3650 -0.9273 0.0833
vn 0.1694 -0.9762 0.1351
vn 0.7196 0.3910 0.5738
vn 0.7669 0.1942 0.6116
vn 0.1694 0.9762 0.1351
vn 0.2928 0.9272 0.2335
vn 0.4256 -0.1942 0.8838
vn 0.7196 -0.3910 0.5738
vn 0.1625 -0.9272 0.3374
vn 0.2928 -0.9272 0.2335
vn 0.3993 0.3910 0.8292
vn 0.4256 0.1942 0.8838
vn 0.0940 0.9762 0.1952
vn 0.1625 0.9272 0.3374
vn -0.0000 -0.1942 0.9810
vn 0.3993 -0.3910 0.8292
vn -0.0000 -0.9272 0.3744
vn 0.0940 -0.9762 0.1952
vn -0.0000 0.3910 0.9204
vn -0.0000 0.1942 0.9810
vn -0.0000 0.9272 0.3745
vn -0.0000 0.9762 0.2167
vn -0.3993 -0.3910 0.8292
vn -0.0000 -0.3910 0.9204
vn -0.1625 -0.9272 0.3374
vn -0.0000 -0.9762 0.2167
vn -0.4256 0.1942 0.8838
vn -0.3993 0.3911 0.8292
vn -0.0940 0.9762 0.1952
vn -0.1625 0.9272 0.3374
vn -0.7669 -0.1942 0.6116
vn -0.4256 -0.1942 0.8838
vn -0.2928 -0.9272 0.2335
vn -0.0940 -0.9762 0.1952
vn -0.7196 0.3910 0.5738
vn -0.7669 0.1942 0.6116
vn -0.2928 0.9272 0.2335
vn -0.1694 0.9762 0.1351
vn -0.9564 -0.1942 0.2183
vn -0.7196 -0.3910 0.5738
vn -0.3650 -0.9273 0.0833
vn -0.1694 -0.9762 0.1351
vn -0.9564 0.1942 0.2183
vn -0.8973 0.3911 0.2048
vn -0.3650 0.9273 0.0833
vn -0.2113 0.9762 0.0482
vn -0.9564 -0.1942 -0.2183
vn -0.8973 -0.3910 0.2048
vn -0.3651 -0.9272 -0.0833
vn -0.2112 -0.9762 0.0482
vn -0.8973 0.3910 -0.2048
vn -0.9564 0.1942 -0.2183
vn -0.2113 0.9762 -0.0482
vn -0.3651 0.9272 -0.0833
vn -0.7669 -0.1942 -0.6116
vn -0.8973 -0.3910 -0.2048
vn -0.2927 -0.9273 -0.2335
vn -0.2113 -0.9762 -0.0482
vn -0.7196 0.3910 -0.5739
vn -0.7669 0.1942 -0.6116
vn -0.2928 0.9272 -0.2335
vn -0.1694 0.9762 -0.1351
vn -0.3993 -0.3910 -0.8292
vn -0.7196 -0.3910 -0.5738
vn -0.1625 -0.9272 -0.3374
vn -0.1694 -0.9762 -0.1351
vn -0.3993 0.3911 -0.8292
vn -0.4256 0.1942 -0.8838
vn -0.0940 0.9762 -0.1952
vn -0.1625 0.9272 -0.3374
vn -0.4256 -0.1942 -0.8838
vn -0.0940 -0.9762 -0.1952
vn -0.0000 0.1942 -0.9810
vn -0.0000 0.9762 -0.2167
vn -0.3791 -0.9152 -0.1369
vn -0.3791 -0.1368 0.9152
vn -0.3791 0.9152 0.1368
vn -0.9152 0.3791 -0.1368
vn -0.3791 0.1369 -0.9152
vn -0.9152 -0.1369 -0.3791
vn 0.1369 -0.9152 -0.3791
vn -0.1369 -0.3791 -0.9152
vn -0.1368 0.9152 -0.3791
vn 0.1368 0.3791 -0.9152
vn 0.9152 0.1369 -0.3791
vn 0.3791 -0.1368 -0.9152
vn 0.3791 -0.9152 0.1369
vn 0.3790 0.9152 -0.1368
vn 0.3791 0.1368 0.9152
vn 0.9152 -0.1369 0.3791
vn -0.1369 -0.9152 0.3791
vn 0.1369 -0.3791 0.9152
vn 0.1368 0.9152 0.3791
vn -0.1368 0.3791 0.9152
vn -0.0000 -0.9272 -0.3744
vn 0.3993 0.3910 -0.8292
vn 0.2927 -0.9273 -0.2335
vn 0.7196 0.3910 -0.5738
vn 0.2927 0.9273 -0.2335
vn 0.3651 -0.9273 -0.0833
vn 0.2113 0.9762 -0.0482
vn 0.3651 -0.9272 0.0833
vn 0.8973 0.3910 0.2048
vn 0.2112 0.9762 0.0482
vn 0.3650 0.9273 0.0833
vn 0.2927 -0.9273 0.2335
vn 0.2113 -0.9762 0.0482
vn 0.2928 0.9273 0.2335
vn -0.0000 0.9272 0.3744
vn -0.3993 0.3910 0.8292
vn -0.1625 0.9273 0.3374
vn -0.2927 -0.9273 0.2335
vn -0.1625 -0.9273 0.3374
vn -0.3651 -0.9272 0.0833
vn -0.8973 0.3910 0.2048
vn -0.3651 0.9272 0.0833
vn -0.3651 -0.9273 -0.0833
vn -0.2113 -0.9762 0.0482
vn -0.2112 0.9762 -0.0482
vn -0.3650 0.9273 -0.0833
vn -0.7196 0.3910 -0.5738
vn -0.2928 0.9273 -0.2335
vn -0.1625 -0.9273 -0.3374
vn -0.3993 0.3910 -0.8292
vn -0.0000 0.3910 -0.9204
vn -0.0000 0.9272 -0.3744
vn 0.1625 0.9273 -0.3374
vn 0.1625 -0.9273 -0.3374
vn 0.3651 0.9272 -0.0833
vn 0.3651 -0.9273 0.0833
vn 0.1625 -0.9273 0.3374
vn -0.2927 0.9273 0.2335
vn -0.3651 -0.9273 0.0833
vn -0.2112 0.9762 0.0482
vn 0.3651 0.9273 -0.0833
vn -0.2927 0.9273 -0.2335
vn -0.2928 -0.9272 -0.2335
vn 0.2927 0.9273 0.2335
vn -0.3651 0.9273 -0.0833
vn -0.9152 -0.3791 0.1369
vn -0.3791 -0.1369 0.9152
vn -0.9152 0.1369 0.3791
vn -0.3791 0.9152 0.1369
vn -0.9152 0.3791 -0.1369
vn -0.1369 0.9152 -0.3791
vn 0.1369 0.3791 -0.9152
vn 0.3791 -0.1369 -0.9152
vn 0.9152 -0.3791 -0.1369
vn 0.3791 0.9152 -0.1369
vn 0.9152 0.3791 0.1369
vn 0.3791 0.1369 0.9152
vn 0.1369 0.9152 0.3791
vn -0.1369 0.3791 0.9152
vn -0.0535 -0.1867 -0.9810
vn 0.2761 -0.4859 -0.8292
vn -0.1078 -0.3759 -0.9204
vn -0.2556 -0.8913 -0.3744
vn -0.1787 -0.9643 -0.1952
vn -0.2691 -0.9384 -0.2167
vn 0.4627 0.0694 -0.8838
vn 0.1078 0.3759 -0.9204
vn 0.4917 0.2658 -0.8292
vn 0.4118 0.8465 -0.3374
vn 0.2691 0.9384 -0.2167
vn 0.3595 0.9125 -0.1952
vn 0.6837 -0.3981 -0.6116
vn 0.3556 -0.3040 -0.8838
vn 0.0259 -0.9720 -0.2335
vn -0.0994 -0.9361 -0.3374
vn 0.7908 -0.0247 -0.6116
vn 0.7995 0.1775 -0.5739
vn 0.5370 0.8106 -0.2335
vn 0.4319 0.8917 -0.1351
vn 0.8658 -0.4503 -0.2183
vn 0.5839 -0.5742 -0.5738
vn -0.0660 -0.9967 -0.0482
vn -0.1062 -0.9851 -0.1351
vn 0.9703 0.1286 -0.2048
vn 0.9729 -0.0769 -0.2183
vn 0.4722 0.8802 -0.0482
vn 0.6065 0.7907 -0.0833
vn 0.8658 -0.4503 0.2183
vn 0.7548 -0.6232 -0.2048
vn 0.0953 -0.9920 0.0833
vn 0.0953 -0.9920 -0.0833
vn 0.9703 0.1286 0.2048
vn 0.9729 -0.0769 0.2183
vn 0.4722 0.8802 0.0482
vn 0.6065 0.7907 0.0833
vn 0.6837 -0.3981 0.6116
vn 0.7548 -0.6232 0.2048
vn 0.0258 -0.9720 0.2334
vn -0.0661 -0.9967 0.0482
vn 0.7995 0.1775 0.5739
vn 0.7908 -0.0247 0.6116
vn 0.5370 0.8106 0.2335
vn 0.4319 0.8917 0.1351
vn 0.2761 -0.4860 0.8292
vn 0.5839 -0.5742 0.5738
vn -0.1787 -0.9643 0.1952
vn -0.1063 -0.9851 0.1351
vn 0.4916 0.2658 0.8292
vn 0.4627 0.0694 0.8838
vn 0.3595 0.9125 0.1952
vn 0.4118 0.8465 0.3373
vn -0.0535 -0.1867 0.9810
vn 0.3556 -0.3040 0.8838
vn -0.2556 -0.8913 0.3744
vn -0.0994 -0.9361 0.3374
vn 0.1078 0.3759 0.9204
vn 0.0535 0.1867 0.9810
vn 0.2691 0.9384 0.2167
vn 0.2556 0.8913 0.3745
vn -0.4627 -0.0694 0.8838
vn -0.1078 -0.3759 0.9204
vn -0.4118 -0.8466 0.3374
vn -0.2691 -0.9384 0.2167
vn -0.2761 0.4860 0.8292
vn -0.3556 0.3040 0.8838
vn 0.1787 0.9643 0.1952
vn 0.0994 0.9361 0.3374
vn -0.7908 0.0247 0.6116
vn -0.4916 -0.2658 0.8292
vn -0.4319 -0.8917 0.1351
vn -0.3595 -0.9125 0.1952
vn -0.5839 0.5742 0.5738
vn -0.6837 0.3981 0.6116
vn -0.0258 0.9720 0.2335
vn 0.1062 0.9851 0.1351
vn -0.9703 -0.1286 0.2048
vn -0.7995 -0.1776 0.5738
vn -0.5370 -0.8106 0.2335
vn -0.4722 -0.8802 0.0482
vn -0.7547 0.6232 0.2048
vn -0.8658 0.4503 0.2183
vn 0.0660 0.9967 0.0482
vn -0.0953 0.9920 0.0833
vn -0.9728 0.0769 -0.2183
vn -0.9728 0.0769 0.2183
vn -0.6065 -0.7907 0.0833
vn -0.4722 -0.8802 -0.0482
vn -0.7548 0.6232 -0.2048
vn -0.8658 0.4503 -0.2183
vn 0.0660 0.9967 -0.0482
vn -0.0953 0.9920 -0.0833
vn -0.7908 0.0247 -0.6116
vn -0.9703 -0.1286 -0.2048
vn -0.6065 -0.7907 -0.0833
vn -0.4319 -0.8917 -0.1351
vn -0.6837 0.3981 -0.6116
vn -0.5839 0.5742 -0.5738
vn -0.0258 0.9720 -0.2335
vn 0.1062 0.9851 -0.1351
vn -0.4627 -0.0694 -0.8838
vn -0.7995 -0.1776 -0.5738
vn -0.5370 -0.8106 -0.2335
vn -0.3595 -0.9125 -0.1952
vn -0.3556 0.3040 -0.8838
vn -0.2761 0.4859 -0.8292
vn 0.1787 0.9643 -0.1952
vn 0.0994 0.9361 -0.3373
vn -0.4916 -0.2658 -0.8292
vn -0.4117 -0.8466 -0.3374
vn 0.0535 0.1867 -0.9810
vn 0.2556 0.8913 -0.3745
vn 0.4627 -0.0694 -0.8838
vn 0.1078 -0.3759 -0.9204
vn 0.0535 -0.1867 -0.9810
vn 0.4118 -0.8465 -0.3374
vn 0.2691 -0.9384 -0.2167
vn 0.2556 -0.8913 -0.3744
vn 0.3556 0.3040 -0.8838
vn -0.1078 0.3759 -0.9204
vn 0.2761 0.4860 -0.8292
vn -0.2556 0.8913 -0.3745
vn -0.1787 0.9643 -0.1952
vn -0.0994 0.9361 -0.3373
vn 0.7908 0.0247 -0.6116
vn 0.4916 -0.2658 -0.8292
vn 0.5370 -0.8106 -0.2335
vn 0.3595 -0.9125 -0.1952
vn 0.5839 0.5742 -0.5738
vn 0.6837 0.3981 -0.6116
vn 0.0258 0.9720 -0.2335
vn -0.1062 0.9851 -0.1351
vn 0.9703 -0.1286 -0.2048
vn 0.7995 -0.1775 -0.5738
vn 0.4722 -0.8802 -0.0482
vn 0.4320 -0.8917 -0.1351
vn 0.8658 0.4503 -0.2183
vn 0.7548 0.6232 -0.2048
vn -0.0661 0.9967 -0.0482
vn 0.0953 0.9920 -0.0833
vn 0.9728 0.0769 0.2183
vn 0.9728 0.0769 -0.2183
vn 0.6065 -0.7907 -0.0833
vn 0.4721 -0.8802 0.0482
vn 0.7548 0.6232 0.2048
vn 0.8658 0.4503 0.2183
vn -0.0660 0.9967 0.0482
vn 0.0953 0.9920 0.0833
vn 0.7908 0.0247 0.6116
vn 0.9703 -0.1286 0.2048
vn 0.5370 -0.8106 0.2335
vn 0.6065 -0.7907 0.0833
vn 0.5839 0.5742 0.5738
vn 0.6837 0.3981 0.6116
vn 0.0259 0.9720 0.2335
vn -0.1062 0.9851 0.1351
vn 0.4916 -0.2658 0.8292
vn 0.7995 -0.1775 0.5738
vn 0.4117 -0.8466 0.3374
vn 0.4320 -0.8917 0.1351
vn 0.3556 0.3040 0.8838
vn 0.2761 0.4859 0.8292
vn -0.0994 0.9361 0.3373
vn -0.1787 0.9643 0.1952
vn 0.0535 -0.1867 0.9810
vn 0.4627 -0.0694 0.8838
vn 0.2691 -0.9384 0.2167
vn 0.3595 -0.9125 0.1952
vn -0.1078 0.3759 0.9204
vn -0.0535 0.1867 0.9810
vn -0.2556 0.8913 0.3745
vn -0.2691 0.9384 0.2167
vn -0.3556 -0.3040 0.8838
vn 0.1078 -0.3759 0.9204
vn 0.2556 -0.8913 0.3744
vn 0.1787 -0.9643 0.1952
vn -0.4627 0.0694 0.8838
vn -0.4916 0.2658 0.8292
vn -0.4117 0.8466 0.3374
vn -0.3595 0.9125 0.1952
vn -0.6837 -0.3981 0.6116
vn -0.2761 -0.4860 0.8292
vn -0.0258 -0.9720 0.2335
vn 0.0994 -0.9361 0.3374
vn -0.7995 0.1775 0.5738
vn -0.7908 -0.0247 0.6116
vn -0.4319 0.8917 0.1351
vn -0.5370 0.8106 0.2335
vn -0.8658 -0.4503 0.2183
vn -0.5839 -0.5742 0.5738
vn -0.0953 -0.9920 0.0833
vn 0.1062 -0.9851 0.1351
vn -0.9728 -0.0769 0.2183
vn -0.9703 0.1286 0.2048
vn -0.6065 0.7907 0.0833
vn -0.4722 0.8802 0.0482
vn -0.8658 -0.4503 -0.2183
vn -0.7548 -0.6232 0.2048
vn -0.0953 -0.9920 -0.0833
vn 0.0660 -0.9967 0.0482
vn -0.9703 0.1286 -0.2048
vn -0.9729 -0.0769 -0.2183
vn -0.4722 0.8802 -0.0482
vn -0.6065 0.7907 -0.0833
vn -0.5839 -0.5742 -0.5738
vn -0.7548 -0.6232 -0.2048
vn -0.0258 -0.9720 -0.2334
vn 0.0661 -0.9967 -0.0482
vn -0.7908 -0.0247 -0.6116
vn -0.7995 0.1775 -0.5738
vn -0.4319 0.8917 -0.1351
vn -0.5370 0.8106 -0.2335
vn -0.3556 -0.3040 -0.8838
vn -0.6837 -0.3981 -0.6116
vn 0.0994 -0.9361 -0.3374
vn 0.1063 -0.9851 -0.1351
vn -0.4916 0.2658 -0.8292
vn -0.4627 0.0694 -0.8838
vn -0.3595 0.9125 -0.1952
vn -0.4118 0.8466 -0.3373
vn -0.2761 -0.4860 -0.8292
vn 0.1787 -0.9643 -0.1952
vn -0.0535 0.1867 -0.9810
vn -0.2691 0.9384 -0.2167
vn 0.6979 0.3716 -0.6123
vn 0.3667 0.3716 -0.8529
vn 0.7512 -0.0000 -0.6601
vn 0.5444 0.3770 -0.7493
vn 0.3957 -0.0000 -0.9184
vn 0.5444 -0.3770 -0.7493
vn 0.5878 -0.0000 -0.8090
vn 0.6979 -0.3716 -0.6123
vn 0.3667 -0.3716 -0.8529
vn 0.9245 0.3716 -0.0852
vn 0.7980 0.3716 -0.4745
vn 0.9957 -0.0000 -0.0925
vn 0.8809 0.3770 -0.2862
vn 0.8599 -0.0000 -0.5104
vn 0.8809 -0.3770 -0.2862
vn 0.9511 -0.0000 -0.3090
vn 0.9245 -0.3716 -0.0852
vn 0.7980 -0.3716 -0.4745
vn 0.7980 0.3716 0.4745
vn 0.9245 0.3716 0.0852
vn 0.8599 -0.0000 0.5104
vn 0.8809 0.3770 0.2862
vn 0.9957 -0.0000 0.0925
vn 0.8809 -0.3770 0.2862
vn 0.9511 -0.0000 0.3090
vn 0.7980 -0.3716 0.4745
vn 0.9245 -0.3716 0.0852
vn 0.3667 0.3716 0.8529
vn 0.6979 0.3716 0.6123
vn 0.3957 -0.0000 0.9184
vn 0.5444 0.3770 0.7493
vn 0.7512 -0.0000 0.6601
vn 0.5444 -0.3770 0.7493
vn 0.5878 -0.0000 0.8090
vn 0.3667 -0.3716 0.8529
vn 0.6979 -0.3716 0.6123
vn -0.2047 0.3716 0.9056
vn 0.2047 0.3716 0.9055
vn -0.2197 -0.0000 0.9756
vn -0.0000 0.3770 0.9262
vn 0.2197 -0.0000 0.9756
vn -0.0000 -0.3770 0.9262
vn -0.2047 -0.3716 0.9055
vn 0.2047 -0.3716 0.9055
vn -0.6979 0.3716 0.6123
vn -0.3667 0.3716 0.8529
vn -0.7512 -0.0000 0.6601
vn -0.5444 0.3770 0.7493
vn -0.3957 -0.0000 0.9184
vn -0.5444 -0.3770 0.7493
vn -0.5878 -0.0000 0.8090
vn -0.6979 -0.3716 0.6123
vn -0.3667 -0.3716 0.8529
vn -0.9245 0.3716 0.0852
vn -0.7980 0.3716 0.4745
vn -0.9957 -0.0000 0.0925
vn -0.8809 0.3770 0.2862
vn -0.8599 -0.0000 0.5104
vn -0.8809 -0.3770 0.2862
vn -0.9511 -0.0000 0.3090
vn -0.9245 -0.3716 0.0852
vn -0.7980 -0.3716 0.4745
vn -0.7980 0.3716 -0.4745
vn -0.9245 0.3716 -0.0852
vn -0.8599 -0.0000 -0.5104
vn -0.8809 0.3770 -0.2862
vn -0.9957 -0.0000 -0.0925
vn -0.8809 -0.3770 -0.2862
vn -0.9511 -0.0000 -0.3090
vn -0.7980 -0.3716 -0.4745
vn -0.9245 -0.3716 -0.0852
vn -0.3667 0.3716 -0.8529
vn -0.6979 0.3716 -0.6123
vn -0.3957 -0.0000 -0.9184
vn -0.5444 0.3770 -0.7493
vn -0.7512 -0.0000 -0.6601
vn -0.5444 -0.3770 -0.7493
vn -0.5878 -0.0000 -0.8090
vn -0.3667 -0.3716 -0.8529
vn -0.6979 -0.3716 -0.6123
vn 0.2047 0.3716 -0.9056
vn -0.2047 0.3716 -0.9055
vn 0.2197 -0.0000 -0.9756
vn -0.0000 0.3770 -0.9262
vn -0.2197 -0.0000 -0.9756
vn -0.0000 -0.3770 -0.9262
vn 0.2047 -0.3716 -0.9055
vn -0.2047 -0.3716 -0.9055
vn 0.2047 0.3716 0.9056
vn 0.3854 -0.2652 -0.8838
vn -0.0679 -0.3851 -0.9204
vn -0.0337 -0.1913 -0.9810
vn -0.1610 -0.9132 -0.3744
vn -0.0769 -0.9777 -0.1952
vn -0.1695 -0.9614 -0.2167
vn 0.4529 0.1173 -0.8838
vn 0.0679 0.3851 -0.9204
vn 0.4612 0.3157 -0.8292
vn 0.1610 0.9132 -0.3744
vn 0.2621 0.9451 -0.1952
vn 0.3210 0.8850 -0.3373
vn 0.7216 -0.3244 -0.6116
vn 0.3254 -0.4544 -0.8292
vn 0.1273 -0.9640 -0.2335
vn -0.0010 -0.9414 -0.3374
vn 0.7766 0.2601 -0.5738
vn 0.7890 0.0581 -0.6116
vn 0.4493 0.8623 -0.2335
vn 0.3364 0.9320 -0.1351
vn 0.9081 -0.3573 -0.2183
vn 0.6407 -0.5101 -0.5738
vn 0.1985 -0.9766 -0.0833
vn -0.0027 -0.9908 -0.1351
vn 0.9756 0.0252 -0.2183
vn 0.9516 0.2293 -0.2048
vn 0.3776 0.9247 -0.0482
vn 0.5206 0.8498 -0.0833
vn 0.9081 -0.3573 0.2183
vn 0.8158 -0.5409 -0.2048
vn 0.1985 -0.9766 0.0833
vn 0.0385 -0.9981 -0.0482
vn 0.9516 0.2293 0.2048
vn 0.9756 0.0252 0.2183
vn 0.3776 0.9247 0.0482
vn 0.5205 0.8498 0.0833
vn 0.6407 -0.5101 0.5738
vn 0.8158 -0.5409 0.2048
vn -0.0027 -0.9908 0.1351
vn 0.0385 -0.9981 0.0482
vn 0.7765 0.2602 0.5738
vn 0.7890 0.0581 0.6116
vn 0.3364 0.9320 0.1351
vn 0.4493 0.8623 0.2335
vn 0.7216 -0.3244 0.6116
vn 0.3254 -0.4544 0.8292
vn 0.1273 -0.9640 0.2335
vn -0.0769 -0.9777 0.1952
vn 0.4529 0.1173 0.8838
vn 0.4612 0.3157 0.8292
vn 0.2621 0.9451 0.1952
vn 0.3210 0.8850 0.3373
vn 0.3854 -0.2652 0.8838
vn -0.0679 -0.3851 0.9204
vn -0.1610 -0.9132 0.3744
vn -0.0010 -0.9414 0.3374
vn 0.0679 0.3851 0.9204
vn 0.0337 0.1913 0.9810
vn 0.1695 0.9614 0.2167
vn 0.1610 0.9132 0.3745
vn -0.0337 -0.1913 0.9810
vn -0.4612 -0.3158 0.8292
vn -0.3210 -0.8849 0.3374
vn -0.1695 -0.9614 0.2167
vn -0.3254 0.4544 0.8292
vn -0.3854 0.2652 0.8838
vn 0.0010 0.9414 0.3374
vn 0.0769 0.9777 0.1953
vn -0.4529 -0.1174 0.8838
vn -0.7765 -0.2601 0.5739
vn -0.4493 -0.8623 0.2335
vn -0.2621 -0.9451 0.1952
vn -0.7216 0.3245 0.6116
vn -0.6407 0.5101 0.5739
vn 0.0027 0.9908 0.1351
vn -0.1273 0.9640 0.2335
vn -0.9756 -0.0252 0.2183
vn -0.7890 -0.0581 0.6116
vn -0.3776 -0.9247 0.0482
vn -0.3364 -0.9320 0.1351
vn -0.9081 0.3573 0.2183
vn -0.8158 0.5409 0.2048
vn -0.1984 0.9766 0.0833
vn -0.0385 0.9981 0.0482
vn -0.9756 -0.0252 -0.2183
vn -0.9516 -0.2293 0.2048
vn -0.5205 -0.8498 -0.0833
vn -0.5205 -0.8498 0.0833
vn -0.8158 0.5409 -0.2048
vn -0.9081 0.3573 -0.2183
vn -0.1985 0.9766 -0.0833
vn -0.0385 0.9981 -0.0482
vn -0.7765 -0.2601 -0.5739
vn -0.9516 -0.2293 -0.2048
vn -0.3364 -0.9320 -0.1351
vn -0.3776 -0.9247 -0.0482
vn -0.7216 0.3244 -0.6116
vn -0.6408 0.5100 -0.5738
vn -0.1273 0.9640 -0.2334
vn 0.0027 0.9908 -0.1351
vn -0.4529 -0.1174 -0.8838
vn -0.7890 -0.0581 -0.6116
vn -0.3210 -0.8850 -0.3374
vn -0.4493 -0.8623 -0.2335
vn -0.3254 0.4544 -0.8292
vn -0.3854 0.2652 -0.8838
vn 0.0769 0.9777 -0.1952
vn 0.0010 0.9414 -0.3374
vn -0.4612 -0.3158 -0.8292
vn -0.2621 -0.9451 -0.1952
vn 0.0337 0.1913 -0.9810
vn 0.1695 0.9614 -0.2167
vn 0.0337 -0.1913 -0.9810
vn 0.4612 -0.3158 -0.8292
vn 0.0679 -0.3851 -0.9204
vn 0.3210 -0.8850 -0.3374
vn 0.1695 -0.9614 -0.2167
vn 0.1610 -0.9132 -0.3744
vn -0.0337 0.1913 -0.9810
vn 0.3254 0.4544 -0.8292
vn 0.3854 0.2652 -0.8838
vn -0.0010 0.9414 -0.3374
vn -0.1695 0.9614 -0.2167
vn -0.0769 0.9777 -0.1952
vn 0.4529 -0.1174 -0.8838
vn 0.7765 -0.2601 -0.5739
vn 0.3364 -0.9320 -0.1351
vn 0.2621 -0.9451 -0.1952
vn 0.7216 0.3245 -0.6116
vn 0.6407 0.5101 -0.5739
vn 0.1273 0.9640 -0.2335
vn -0.0027 0.9908 -0.1351
vn 0.7890 -0.0581 -0.6116
vn 0.9516 -0.2293 -0.2048
vn 0.5205 -0.8498 -0.0833
vn 0.4493 -0.8623 -0.2335
vn 0.9081 0.3573 -0.2183
vn 0.8158 0.5409 -0.2048
vn 0.1984 0.9766 -0.0833
vn 0.0385 0.9981 -0.0482
vn 0.9756 -0.0252 0.2183
vn 0.9756 -0.0252 -0.2183
vn 0.5205 -0.8498 0.0833
vn 0.3776 -0.9247 -0.0482
vn 0.8158 0.5409 0.2048
vn 0.9081 0.3573 0.2183
vn 0.1985 0.9765 0.0833
vn 0.0386 0.9981 0.0482
vn 0.7766 -0.2601 0.5738
vn 0.9516 -0.2293 0.2048
vn 0.3363 -0.9320 0.1351
vn 0.3776 -0.9247 0.0482
vn 0.7216 0.3244 0.6116
vn 0.6408 0.5100 0.5738
vn -0.0027 0.9908 0.1351
vn 0.1272 0.9640 0.2334
vn 0.7890 -0.0581 0.6116
vn 0.4612 -0.3158 0.8292
vn 0.4493 -0.8623 0.2335
vn 0.2621 -0.9451 0.1952
vn 0.3254 0.4544 0.8292
vn 0.3854 0.2652 0.8838
vn -0.0769 0.9777 0.1952
vn -0.0010 0.9414 0.3374
vn 0.0337 -0.1913 0.9810
vn 0.4529 -0.1174 0.8838
vn 0.1610 -0.9132 0.3744
vn 0.3210 -0.8849 0.3374
vn -0.0337 0.1913 0.9810
vn -0.0679 0.3851 0.9204
vn -0.1695 0.9614 0.2167
vn -0.1610 0.9132 0.3744
vn -0.3854 -0.2652 0.8838
vn 0.0679 -0.3851 0.9204
vn 0.0769 -0.9777 0.1952
vn 0.1695 -0.9614 0.2167
vn -0.4529 0.1173 0.8838
vn -0.4612 0.3157 0.8292
vn -0.2621 0.9451 0.1952
vn -0.3210 0.8850 0.3373
vn -0.7216 -0.3244 0.6116
vn -0.3254 -0.4544 0.8292
vn -0.1273 -0.9640 0.2335
vn 0.0010 -0.9414 0.3374
vn -0.7766 0.2601 0.5738
vn -0.7890 0.0581 0.6116
vn -0.4494 0.8623 0.2335
vn -0.3364 0.9320 0.1351
vn -0.9081 -0.3573 0.2183
vn -0.6407 -0.5101 0.5738
vn -0.1985 -0.9766 0.0833
vn 0.0027 -0.9908 0.1351
vn -0.9756 0.0252 0.2183
vn -0.9516 0.2293 0.2048
vn -0.5206 0.8498 0.0833
vn -0.3776 0.9247 0.0482
vn -0.9081 -0.3573 -0.2183
vn -0.8158 -0.5409 0.2048
vn -0.1985 -0.9766 -0.0833
vn -0.0385 -0.9981 0.0482
vn -0.9516 0.2293 -0.2048
vn -0.9756 0.0252 -0.2183
vn -0.3776 0.9247 -0.0482
vn -0.5205 0.8498 -0.0833
vn -0.6407 -0.5101 -0.5738
vn -0.8158 -0.5409 -0.2048
vn -0.1273 -0.9640 -0.2335
vn -0.0385 -0.9981 -0.0482
vn -0.7765 0.2602 -0.5738
vn -0.7890 0.0581 -0.6116
vn -0.3364 0.9320 -0.1351
vn -0.4493 0.8623 -0.2335
vn -0.7216 -0.3244 -0.6116
vn -0.3254 -0.4544 -0.8292
vn 0.0769 -0.9777 -0.1952
vn 0.0027 -0.9908 -0.1351
vn -0.4529 0.1174 -0.8838
vn -0.4612 0.3157 -0.8292
vn -0.2621 0.9451 -0.1952
vn -0.3210 0.8850 -0.3373
vn -0.3854 -0.2652 -0.8838
vn 0.0010 -0.9414 -0.3374
vn -0.0679 0.3851 -0.9204
vn -0.1610 0.9132 -0.3744
vn 0.7507 -0.0000 -0.6607
vn 0.3964 -0.0000 -0.9181
vn 0.9956 -0.0000 -0.0933
vn 0.8603 -0.0000 -0.5098
vn 0.2016 -0.9393 -0.2775
vn 0.4889 -0.8578 -0.1589
vn 0.3262 -0.9393 -0.1060
vn 0.3022 -0.8578 -0.4159
vn 0.6271 -0.7518 -0.2037
vn 0.6271 0.7518 -0.2037
vn 0.3022 0.8578 -0.4159
vn 0.4889 0.8578 -0.1588
vn 0.2016 0.9393 -0.2775
vn 0.3262 0.9393 -0.1060
vn 0.8603 -0.0000 0.5098
vn 0.9956 -0.0000 0.0933
vn 0.4889 0.8578 0.1589
vn 0.6271 0.7518 0.2037
vn 0.3262 0.9393 0.1060
vn 0.6271 -0.7518 0.2037
vn 0.4889 -0.8578 0.1588
vn 0.3964 -0.0000 0.9181
vn 0.7507 -0.0000 0.6607
vn 0.3022 0.8578 0.4159
vn 0.3876 0.7518 0.5334
vn 0.2016 0.9393 0.2775
vn 0.3022 -0.8578 0.4159
vn 0.3262 -0.9393 0.1060
vn -0.2190 -0.0000 0.9757
vn 0.2190 -0.0000 0.9757
vn 0.3876 -0.7518 0.5334
vn -0.0000 -0.8578 0.5141
vn -0.0000 -0.9393 0.3430
vn 0.2016 -0.9393 0.2775
vn -0.0000 0.9393 0.3430
vn -0.0000 0.8578 0.5141
vn -0.7507 -0.0000 0.6607
vn -0.3964 -0.0000 0.9181
vn -0.3876 -0.7518 0.5334
vn -0.0000 -0.7518 0.6593
vn -0.3022 -0.8578 0.4159
vn -0.3022 0.8578 0.4159
vn -0.0000 0.7518 0.6593
vn -0.9956 -0.0000 0.0933
vn -0.8603 -0.0000 0.5097
vn -0.6271 -0.7518 0.2037
vn -0.4889 -0.8578 0.1589
vn -0.2016 -0.9393 0.2775
vn -0.2016 0.9393 0.2775
vn -0.4889 0.8578 0.1589
vn -0.6271 0.7518 0.2037
vn -0.3875 0.7518 0.5334
vn -0.8603 -0.0000 -0.5097
vn -0.9956 -0.0000 -0.0933
vn -0.3262 0.9393 -0.1060
vn -0.3262 0.9393 0.1060
vn -0.6271 0.7518 -0.2037
vn -0.3262 -0.9393 0.1060
vn -0.4889 -0.8578 -0.1589
vn -0.3262 -0.9393 -0.1060
vn -0.6271 -0.7518 -0.2037
vn -0.3964 -0.0000 -0.9181
vn -0.7507 -0.0000 -0.6607
vn -0.3022 0.8578 -0.4159
vn -0.4889 0.8578 -0.1589
vn -0.3022 -0.8578 -0.4159
vn -0.2016 -0.9393 -0.2775
vn -0.3876 -0.7518 -0.5334
vn 0.2190 -0.0000 -0.9757
vn -0.2190 -0.0000 -0.9757
vn -0.0000 -0.8578 -0.5141
vn -0.0000 -0.9393 -0.3430
vn -0.0000 -0.7518 -0.6593
vn -0.3876 0.7518 -0.5334
vn -0.0000 0.8578 -0.5141
vn -0.0000 0.7518 -0.6593
vn -0.2016 0.9393 -0.2775
vn -0.0000 0.9393 -0.3430
vn 0.3876 -0.7518 -0.5334
vn 0.3876 0.7518 -0.5334
vn 0.8603 -0.0000 0.5097
vn 0.4889 -0.8578 0.1589
vn -0.3021 0.8578 0.4159
vn -0.8603 -0.0000 0.5098
vn -0.8603 -0.0000 -0.5098
vn -0.4889 -0.8578 -0.1588
vn -0.4889 0.8578 -0.1588
vn -0.3790 -0.9152 -0.1369
vn -0.3790 0.9152 0.1369
vn -0.1368 -0.9152 0.3791
vn -0.9152 -0.3791 0.1368
vn 0.9152 0.3791 0.1368
vn 0.3791 -0.9152 0.1368
vn 0.9152 -0.3791 -0.1368
vn 0.3790 -0.9152 0.1369
vn 0.2408 0.9075 -0.3442
vn 0.4186 0.9075 0.0365
vn 0.3442 0.9075 0.2409
vn 0.0365 -0.9075 0.4185
vn -0.0365 0.9075 0.4185
vn -0.4185 -0.9075 0.0365
vn -0.2408 -0.9075 -0.3442
vn -0.0365 -0.9075 -0.4185
vn -0.3791 -0.9152 -0.1368
vn -0.9152 -0.1368 -0.3791
vn 0.3791 0.9152 -0.1368
vn 0.9152 -0.1368 0.3791
vn 0.1368 -0.9152 -0.3791
vn -0.1368 -0.3791 -0.9152
vn 0.1368 -0.3791 0.9152
vn 0.2416 0.4802 -0.8432
vn -0.2416 0.4802 -0.8432
vn 0.2728 -0.0000 -0.9621
vn -0.0000 0.4884 -0.8726
vn -0.2728 -0.0000 -0.9621
vn -0.0000 -0.4884 -0.8726
vn 0.2416 -0.4802 -0.8432
vn -0.2416 -0.4802 -0.8432
vn 0.7671 0.4802 -0.4254
vn 0.4254 0.4802 -0.7671
vn 0.8732 -0.0000 -0.4874
vn 0.6170 0.4884 -0.6171
vn 0.4874 -0.0000 -0.8732
vn 0.6170 -0.4884 -0.6171
vn 0.7071 -0.0000 -0.7071
vn 0.7671 -0.4802 -0.4254
vn 0.4254 -0.4802 -0.7671
vn 0.8432 0.4802 0.2416
vn 0.8432 0.4802 -0.2416
vn 0.9621 -0.0000 0.2728
vn 0.8726 0.4884 -0.0000
vn 0.9621 -0.0000 -0.2728
vn 0.8726 -0.4884 -0.0000
vn 0.8433 -0.4802 0.2416
vn 0.8433 -0.4802 -0.2416
vn 0.4254 0.4802 0.7671
vn 0.7671 0.4802 0.4254
vn 0.4874 -0.0000 0.8732
vn 0.6171 0.4884 0.6170
vn 0.8732 -0.0000 0.4874
vn 0.6170 -0.4884 0.6170
vn 0.7071 -0.0000 0.7071
vn 0.4254 -0.4802 0.7671
vn 0.7671 -0.4802 0.4254
vn -0.2416 0.4802 0.8432
vn 0.2416 0.4802 0.8432
vn -0.2728 -0.0000 0.9621
vn -0.0000 0.4884 0.8726
vn 0.2728 -0.0000 0.9621
vn -0.0000 -0.4884 0.8726
vn -0.2416 -0.4802 0.8432
vn 0.2416 -0.4802 0.8432
vn -0.7671 0.4802 0.4254
vn -0.4254 0.4802 0.7671
vn -0.8732 -0.0000 0.4874
vn -0.6170 0.4884 0.6171
vn -0.4874 -0.0000 0.8732
vn -0.6170 -0.4884 0.6171
vn -0.7071 -0.0000 0.7071
vn -0.7671 -0.4802 0.4254
vn -0.4254 -0.4802 0.7671
vn -0.8432 0.4802 -0.2416
vn -0.8432 0.4802 0.2416
vn -0.9621 -0.0000 -0.2728
vn -0.8726 0.4884 -0.0000
vn -0.9621 -0.0000 0.2728
vn -0.8726 -0.4884 -0.0000
vn -0.8432 -0.4802 -0.2416
vn -0.8433 -0.4802 0.2416
vn -0.4254 0.4802 -0.7671
vn -0.7671 0.4802 -0.4254
vn -0.4874 -0.0000 -0.8732
vn -0.6171 0.4884 -0.6170
vn -0.8732 -0.0000 -0.4874
vn -0.6170 -0.4884 -0.6170
vn -0.7071 -0.0000 -0.7071
vn -0.4254 -0.4802 -0.7671
vn -0.7671 -0.4802 -0.4254
vn 0.8432 -0.4802 0.2416
vn -0.3792 -0.9152 -0.1368
vn 0.3792 -0.9152 0.1368
vn -0.3790 -0.9152 -0.1368
vn 0.3790 -0.9152 0.1368
vn 0.7671 0.4801 -0.4254
vn 0.4254 0.4801 -0.7671
vn 0.6171 0.4883 -0.6171
vn 0.6171 -0.4883 -0.6171
vn 0.7671 -0.4801 -0.4254
vn 0.4254 -0.4801 -0.7671
vn 0.8433 0.4801 0.2416
vn 0.8433 0.4801 -0.2416
vn 0.8727 0.4883 -0.0000
vn 0.8727 -0.4883 -0.0000
vn 0.8433 -0.4801 0.2416
vn 0.8433 -0.4801 -0.2416
vn 0.4254 0.4801 0.7671
vn 0.7671 0.4801 0.4254
vn 0.6171 0.4883 0.6171
vn 0.6171 -0.4883 0.6171
vn 0.4254 -0.4801 0.7671
vn 0.7671 -0.4801 0.4254
vn -0.2416 0.4801 0.8433
vn 0.2416 0.4801 0.8433
vn -0.0000 0.4883 0.8727
vn -0.0000 -0.4883 0.8727
vn -0.2416 -0.4801 0.8433
vn 0.2416 -0.4801 0.8433
vn -0.7671 0.4801 0.4254
vn -0.4254 0.4801 0.7671
vn -0.6171 0.4883 0.6171
vn -0.6171 -0.4883 0.6171
vn -0.4254 -0.4801 0.7671
vn -0.8433 0.4801 -0.2416
vn -0.8433 0.4801 0.2416
vn -0.8727 0.4883 -0.0000
vn -0.8727 -0.4883 -0.0000
vn -0.8433 -0.4801 -0.2416
vn -0.8433 -0.4801 0.2416
vn -0.4254 0.4801 -0.7671
vn -0.7671 0.4801 -0.4254
vn -0.6171 0.4883 -0.6171
vn -0.6171 -0.4883 -0.6171
vn -0.4254 -0.4801 -0.7671
vn -0.7671 -0.4801 -0.4254
vn 0.2416 0.4801 -0.8433
vn -0.2416 0.4801 -0.8433
vn -0.0000 0.4883 -0.8727
vn -0.0000 -0.4883 -0.8727
vn 0.2416 -0.4801 -0.8433
vn -0.2416 -0.4801 -0.8433
vn -0.7671 -0.4801 0.4254
vn 0.3807 0.9075 -0.1776
vn -0.3807 0.9075 0.1776
vn 0.4474 -0.3423 -0.8262
vn 0.3302 -0.9024 -0.2767
vn 0.6233 0.4173 -0.6614
vn -0.3003 -0.0906 -0.9495
vn 0.2963 0.1850 -0.9370
vn 0.9827 0.1850 -0.0077
vn 0.9240 -0.3423 0.1701
vn 0.3652 -0.9024 0.2285
vn 0.8216 0.4173 0.3884
vn 0.3110 0.1850 0.9322
vn 0.1237 -0.3424 0.9314
vn -0.1045 -0.9024 0.4179
vn -0.1155 0.4173 0.9014
vn -0.7905 0.1850 0.5839
vn -0.8476 -0.3423 0.4055
vn -0.4298 -0.9025 0.0298
vn -0.8930 0.4173 0.1687
vn -0.3513 0.9095 0.2222
vn -0.7995 0.1850 -0.5714
vn -0.6476 -0.3424 -0.6808
vn -0.4364 0.4173 -0.7971
vn -0.3198 0.9095 -0.2654
vn 0.9241 -0.3423 0.1701
vn 0.1237 -0.3423 0.9314
vn 0.1027 0.9095 0.4027
vn -0.8476 -0.3424 0.4055
vn -0.6476 -0.3423 -0.6808
vn 0.6232 0.4173 -0.6614
vn 0.1537 0.9095 -0.3862
vn 0.9240 -0.3424 0.1701
vn -0.7996 0.1850 -0.5714
vn -0.1611 -0.9024 -0.3996
vn 0.4148 0.9095 0.0267
vn 0.2964 0.1850 -0.9370
vn 0.4147 0.9096 0.0268
vn 0.2032 -0.9070 -0.3688
vn 0.0523 0.9071 -0.4177
vn 0.3812 -0.9070 -0.1789
vn 0.3812 0.9070 0.1789
vn 0.0524 -0.9070 0.4178
vn 0.2032 0.9070 0.3688
vn -0.0524 0.9070 0.4178
vn -0.4136 0.9070 0.0793
vn -0.3812 0.9070 -0.1789
vn -0.2032 0.9070 -0.3688
vn -0.0000 -0.2324 -0.9726
vn -0.0000 0.2325 -0.9726
vn 0.4863 -0.2324 -0.8423
vn 0.2409 0.9075 -0.3442
vn 0.4863 0.2324 -0.8423
vn 0.8423 -0.2324 -0.4863
vn 0.8423 0.2324 -0.4863
vn 0.9726 -0.2324 -0.0000
vn 0.9726 0.2325 -0.0000
vn 0.8423 -0.2324 0.4863
vn 0.8423 0.2324 0.4863
vn 0.4863 -0.2324 0.8423
vn 0.4863 0.2324 0.8423
vn -0.0000 -0.2324 0.9726
vn -0.0000 0.2324 0.9726
vn -0.4863 -0.2324 0.8423
vn -0.4863 0.2324 0.8423
vn -0.3442 -0.9075 0.2409
vn -0.8423 -0.2324 0.4863
vn -0.8423 0.2324 0.4863
vn -0.4186 -0.9075 0.0365
vn -0.9726 -0.2324 -0.0000
vn -0.9726 0.2325 -0.0000
vn -0.8423 -0.2324 -0.4863
vn -0.8423 0.2324 -0.4863
vn -0.4863 -0.2324 -0.8423
vn -0.4863 0.2324 -0.8423
vn -0.0000 0.2324 -0.9726
vn 0.4863 0.2325 -0.8423
vn 0.3807 0.9075 -0.1777
vn 0.8423 0.2325 -0.4863
vn 0.9726 -0.2325 -0.0000
vn 0.3807 -0.9075 0.1777
vn 0.8423 0.2325 0.4863
vn 0.1777 0.9075 0.3807
vn 0.4863 0.2325 0.8423
vn -0.1776 -0.9075 0.3807
vn -0.4863 0.2325 0.8423
vn -0.8423 -0.2325 0.4863
vn -0.3807 0.9075 0.1777
vn -0.8423 0.2325 0.4863
vn -0.8423 -0.2325 -0.4863
vn -0.8423 0.2325 -0.4863
vn -0.1777 0.9075 -0.3807
vn -0.4863 0.2325 -0.8423
vn 0.8423 -0.2325 -0.4863
vn 0.4186 -0.9074 -0.0365
vn 0.9726 0.2324 -0.0000
vn 0.3808 -0.9074 0.1776
vn 0.8423 -0.2325 0.4863
vn -0.4186 -0.9074 0.0365
vn -0.4186 0.9075 -0.0365
vn -0.9726 0.2324 -0.0000
vn -0.3808 -0.9074 -0.1776
vn 0.1536 0.9095 -0.3862
vn 0.8103 -0.0906 -0.5790
vn 0.8011 -0.0906 0.5917
vn -0.3151 -0.0906 0.9447
vn -0.9959 -0.0906 -0.0078
vn -0.1610 -0.9024 -0.3996
vn 0.3303 -0.9024 -0.2767
vn 0.8102 -0.0906 -0.5790
vn -0.3152 -0.0906 0.9447
vn -0.4298 -0.9024 0.0298
vn -0.1045 -0.9024 0.4180
vn -0.0524 -0.9070 -0.4178
vn -0.0000 -0.2280 -0.9737
vn 0.0001 0.2280 -0.9737
vn 0.5723 -0.2279 -0.7877
vn 0.2879 0.9070 -0.3072
vn 0.5723 0.2279 -0.7878
vn 0.9260 -0.2279 -0.3009
vn 0.4135 0.9070 -0.0793
vn 0.9260 0.2279 -0.3009
vn 0.4135 -0.9070 0.0793
vn 0.9260 -0.2279 0.3009
vn 0.9260 0.2279 0.3009
vn 0.2880 -0.9070 0.3072
vn 0.5723 -0.2280 0.7877
vn 0.5723 0.2279 0.7877
vn -0.0000 -0.2280 0.9737
vn -0.0000 0.2280 0.9737
vn -0.2032 -0.9070 0.3688
vn -0.5723 -0.2280 0.7877
vn -0.2879 0.9070 0.3072
vn -0.5723 0.2280 0.7878
vn -0.3812 -0.9070 0.1789
vn -0.9260 -0.2280 0.3009
vn -0.9260 0.2280 0.3009
vn -0.4135 -0.9070 -0.0793
vn -0.9260 -0.2280 -0.3009
vn -0.9260 0.2280 -0.3010
vn -0.2880 -0.9070 -0.3072
vn -0.5723 -0.2280 -0.7877
vn -0.5723 0.2279 -0.7877
vt 0.494604 0.833016
vt 0.497128 0.835822
vt 0.495354 0.835822
vt 0.807796 0.395806
vt 0.804379 0.399945
vt 0.804372 0.395809
vt 0.814136 0.395800
vt 0.811232 0.399939
vt 0.811224 0.395803
vt 0.545813 0.836707
vt 0.543389 0.839130
vt 0.544277 0.835820
vt 0.496241 0.839132
vt 0.801474 0.395811
vt 0.801479 0.398977
vt 0.807804 0.400282
vt 0.547868 0.834654
vt 0.545029 0.833016
vt 0.811327 0.488903
vt 0.814162 0.492884
vt 0.811179 0.491896
vt 0.542503 0.835820
vt 0.498664 0.836709
vt 0.801489 0.401294
vt 0.807818 0.403560
vt 0.541752 0.833016
vt 0.497881 0.833016
vt 0.804392 0.402973
vt 0.499551 0.838245
vt 0.804334 0.491900
vt 0.801474 0.496047
vt 0.801515 0.492891
vt 0.807669 0.496013
vt 0.807727 0.491550
vt 0.538914 0.834654
vt 0.500719 0.834654
vt 0.804280 0.496023
vt 0.811124 0.496019
vt 0.540967 0.836707
vt 0.537275 0.837492
vt 0.502358 0.837492
vt 0.499551 0.840018
vt 0.804334 0.500171
vt 0.814121 0.496040
vt 0.811179 0.500167
vt 0.540080 0.838243
vt 0.801515 0.499221
vt 0.807727 0.500503
vt 0.502358 0.840770
vt 0.498664 0.841554
vt 0.396421 0.842767
vt 0.399108 0.839357
vt 0.399449 0.842781
vt 0.814162 0.499214
vt 0.811327 0.503229
vt 0.540080 0.840017
vt 0.400419 0.845678
vt 0.398102 0.845667
vt 0.807888 0.503817
vt 0.537275 0.840770
vt 0.540967 0.841553
vt 0.497128 0.842441
vt 0.403585 0.845682
vt 0.399449 0.835928
vt 0.403585 0.839363
vt 0.538914 0.843608
vt 0.500719 0.843608
vt 0.403585 0.842786
vt 0.400419 0.833016
vt 0.403585 0.835933
vt 0.406750 0.845678
vt 0.408062 0.839357
vt 0.541752 0.845246
vt 0.494604 0.845246
vt 0.495354 0.842441
vt 0.407721 0.842781
vt 0.406750 0.833016
vt 0.407721 0.835928
vt 0.542503 0.842440
vt 0.493818 0.841554
vt 0.301459 0.839355
vt 0.305112 0.842788
vt 0.302049 0.842779
vt 0.303708 0.833016
vt 0.305105 0.835935
vt 0.302042 0.835926
vt 0.544277 0.842440
vt 0.303722 0.845678
vt 0.306066 0.845685
vt 0.304775 0.839365
vt 0.545029 0.845246
vt 0.309261 0.842788
vt 0.306053 0.833023
vt 0.309254 0.835935
vt 0.545813 0.841553
vt 0.492931 0.840018
vt 0.309241 0.845685
vt 0.309265 0.839365
vt 0.547868 0.843608
vt 0.491766 0.843608
vt 0.492931 0.838245
vt 0.312397 0.845678
vt 0.313728 0.839355
vt 0.546699 0.840017
vt 0.549506 0.840770
vt 0.490127 0.840770
vt 0.313384 0.842779
vt 0.309228 0.833023
vt 0.313376 0.835926
vt 0.811232 0.388639
vt 0.807796 0.391329
vt 0.807804 0.388052
vt 0.546699 0.838243
vt 0.549506 0.837492
vt 0.490127 0.837492
vt 0.493818 0.836709
vt 0.804379 0.388645
vt 0.804372 0.391673
vt 0.814136 0.392634
vt 0.811224 0.391667
vt 0.801474 0.392646
vt 0.801479 0.390328
vt 0.491766 0.834654
vt 0.589651 0.835822
vt 0.592178 0.833016
vt 0.591424 0.835822
vt 0.807796 0.446231
vt 0.804379 0.450370
vt 0.804372 0.446234
vt 0.814136 0.446225
vt 0.811232 0.450364
vt 0.811224 0.446228
vt 0.640109 0.836707
vt 0.637686 0.839130
vt 0.638573 0.835820
vt 0.590537 0.839131
vt 0.801474 0.446237
vt 0.801479 0.449402
vt 0.807804 0.450708
vt 0.639326 0.833016
vt 0.642164 0.834654
vt 0.814276 0.540425
vt 0.811179 0.541728
vt 0.811327 0.538735
vt 0.636800 0.835820
vt 0.592960 0.836709
vt 0.804392 0.453398
vt 0.801489 0.451720
vt 0.807818 0.453985
vt 0.636049 0.833016
vt 0.593847 0.838245
vt 0.804334 0.541732
vt 0.801474 0.545879
vt 0.801515 0.542723
vt 0.807669 0.545846
vt 0.807727 0.541383
vt 0.635264 0.836707
vt 0.633211 0.834654
vt 0.595016 0.834654
vt 0.804280 0.545855
vt 0.814162 0.542716
vt 0.811124 0.545852
vt 0.631572 0.837492
vt 0.596654 0.840770
vt 0.593847 0.840018
vt 0.804334 0.550004
vt 0.814121 0.545872
vt 0.811179 0.550000
vt 0.634377 0.838243
vt 0.801515 0.549054
vt 0.807727 0.550336
vt 0.592960 0.841554
vt 0.442979 0.839342
vt 0.446597 0.842781
vt 0.443569 0.842767
vt 0.814162 0.549047
vt 0.811327 0.553062
vt 0.634377 0.840017
vt 0.447567 0.845678
vt 0.445250 0.845667
vt 0.807888 0.553650
vt 0.631572 0.840770
vt 0.635264 0.841553
vt 0.591424 0.842441
vt 0.450733 0.845682
vt 0.446597 0.835928
vt 0.450733 0.839363
vt 0.446256 0.839357
vt 0.633211 0.843608
vt 0.595016 0.843608
vt 0.450733 0.842786
vt 0.447567 0.833016
vt 0.450733 0.835933
vt 0.454869 0.842781
vt 0.453899 0.845678
vt 0.455210 0.839357
vt 0.636800 0.842440
vt 0.636049 0.845246
vt 0.588900 0.845246
vt 0.589651 0.842441
vt 0.450733 0.833019
vt 0.454869 0.835928
vt 0.588115 0.841554
vt 0.349235 0.842779
vt 0.351960 0.839365
vt 0.352298 0.842788
vt 0.350894 0.833016
vt 0.352291 0.835935
vt 0.349228 0.835926
vt 0.638573 0.842440
vt 0.353252 0.845685
vt 0.350907 0.845678
vt 0.348645 0.839355
vt 0.639326 0.845246
vt 0.356451 0.839364
vt 0.356446 0.842788
vt 0.353238 0.833023
vt 0.356439 0.835935
vt 0.640109 0.841553
vt 0.587228 0.840018
vt 0.356427 0.845685
vt 0.642164 0.843608
vt 0.586062 0.843608
vt 0.587228 0.838245
vt 0.359582 0.845678
vt 0.360913 0.839355
vt 0.640996 0.840017
vt 0.643803 0.840770
vt 0.584424 0.840770
vt 0.360569 0.842779
vt 0.359569 0.833016
vt 0.360562 0.835926
vt 0.811232 0.439064
vt 0.807796 0.441754
vt 0.807804 0.438477
vt 0.643803 0.837492
vt 0.584424 0.837492
vt 0.588115 0.836709
vt 0.804372 0.442098
vt 0.804379 0.439070
vt 0.814141 0.440742
vt 0.811224 0.442092
vt 0.640996 0.838243
vt 0.801474 0.443071
vt 0.801479 0.440754
vt 0.586062 0.834654
vt 0.401765 0.710428
vt 0.405723 0.706869
vt 0.405723 0.709370
vt 0.707247 0.195714
vt 0.702429 0.201551
vt 0.702419 0.195718
vt 0.712083 0.195709
vt 0.716196 0.200170
vt 0.712093 0.201542
vt 0.465971 0.704699
vt 0.462553 0.708115
vt 0.463805 0.703448
vt 0.410390 0.708120
vt 0.698339 0.200186
vt 0.698331 0.195722
vt 0.707259 0.202027
vt 0.468869 0.701804
vt 0.464866 0.699493
vt 0.716386 0.243950
vt 0.712018 0.245788
vt 0.712227 0.241566
vt 0.461303 0.703448
vt 0.406973 0.704703
vt 0.698353 0.203454
vt 0.707279 0.206649
vt 0.460245 0.699493
vt 0.404076 0.701804
vt 0.702447 0.205821
vt 0.409139 0.703452
vt 0.698390 0.247191
vt 0.702289 0.251608
vt 0.698331 0.251641
vt 0.707068 0.251594
vt 0.707151 0.245300
vt 0.456242 0.701804
vt 0.702365 0.245793
vt 0.716226 0.247181
vt 0.711941 0.251603
vt 0.459137 0.704699
vt 0.457886 0.706865
vt 0.453931 0.705807
vt 0.408079 0.699493
vt 0.411641 0.703452
vt 0.702365 0.257458
vt 0.716167 0.251631
vt 0.712018 0.257453
vt 0.698390 0.256119
vt 0.707151 0.257926
vt 0.412700 0.699493
vt 0.413807 0.704703
vt 0.297433 0.708415
vt 0.302535 0.713264
vt 0.298265 0.713245
vt 0.716226 0.256109
vt 0.712227 0.261770
vt 0.457886 0.709367
vt 0.300636 0.717335
vt 0.303904 0.717350
vt 0.707377 0.262600
vt 0.453931 0.710428
vt 0.459137 0.711533
vt 0.415057 0.706869
vt 0.308368 0.717355
vt 0.302535 0.703600
vt 0.308368 0.708444
vt 0.302055 0.708436
vt 0.456242 0.714431
vt 0.416703 0.701804
vt 0.308368 0.713272
vt 0.303904 0.699493
vt 0.308368 0.703607
vt 0.314201 0.713264
vt 0.312833 0.717350
vt 0.314201 0.703600
vt 0.314682 0.708436
vt 0.460245 0.716742
vt 0.419014 0.705807
vt 0.415057 0.709370
vt 0.308368 0.699499
vt 0.461303 0.712783
vt 0.419014 0.710428
vt 0.413807 0.711536
vt 0.192996 0.708433
vt 0.198147 0.713275
vt 0.193827 0.713262
vt 0.193817 0.703598
vt 0.199473 0.699503
vt 0.198137 0.703611
vt 0.463805 0.712783
vt 0.199492 0.717360
vt 0.196186 0.717350
vt 0.197671 0.708447
vt 0.464866 0.716742
vt 0.203998 0.713275
vt 0.203987 0.703611
vt 0.465971 0.711533
vt 0.411641 0.712787
vt 0.203970 0.717360
vt 0.204004 0.708447
vt 0.468869 0.714431
vt 0.416703 0.714431
vt 0.409139 0.712787
vt 0.209812 0.713262
vt 0.208420 0.717350
vt 0.210297 0.708433
vt 0.471180 0.710428
vt 0.408079 0.716742
vt 0.203951 0.699503
vt 0.209801 0.703598
vt 0.467221 0.709367
vt 0.712093 0.185606
vt 0.707247 0.189400
vt 0.707259 0.184778
vt 0.471180 0.705807
vt 0.406973 0.711536
vt 0.702429 0.185615
vt 0.702419 0.189885
vt 0.716188 0.191241
vt 0.712083 0.189876
vt 0.467221 0.706865
vt 0.698331 0.191257
vt 0.698339 0.187989
vt 0.404076 0.714431
vt 0.512411 0.716742
vt 0.511307 0.711535
vt 0.513473 0.712785
vt 0.707247 0.138926
vt 0.702429 0.144763
vt 0.702419 0.138930
vt 0.712083 0.138922
vt 0.716196 0.143382
vt 0.712093 0.144754
vt 0.570303 0.704699
vt 0.566885 0.708115
vt 0.568137 0.703448
vt 0.514724 0.708118
vt 0.698339 0.143398
vt 0.698331 0.138934
vt 0.707259 0.145239
vt 0.569198 0.699493
vt 0.573201 0.701804
vt 0.712227 0.297517
vt 0.716226 0.303132
vt 0.712018 0.301739
vt 0.565635 0.703448
vt 0.510056 0.709369
vt 0.698353 0.146666
vt 0.712112 0.149024
vt 0.707279 0.149861
vt 0.564577 0.699493
vt 0.508408 0.714431
vt 0.702447 0.149033
vt 0.510056 0.706867
vt 0.702365 0.301744
vt 0.698331 0.307592
vt 0.698390 0.303142
vt 0.707151 0.301252
vt 0.711941 0.307554
vt 0.707068 0.307546
vt 0.560574 0.701804
vt 0.506097 0.710428
vt 0.702289 0.307559
vt 0.716167 0.307582
vt 0.563469 0.704699
vt 0.558263 0.705806
vt 0.508408 0.701804
vt 0.511307 0.704701
vt 0.702365 0.313409
vt 0.712018 0.313404
vt 0.562218 0.706865
vt 0.698390 0.312070
vt 0.707151 0.313878
vt 0.513473 0.703451
vt 0.350431 0.713245
vt 0.354221 0.708436
vt 0.354701 0.713264
vt 0.716386 0.315365
vt 0.712227 0.317722
vt 0.562218 0.709366
vt 0.356070 0.717350
vt 0.352802 0.717335
vt 0.707377 0.318551
vt 0.558263 0.710428
vt 0.563469 0.711533
vt 0.515974 0.703451
vt 0.360534 0.713272
vt 0.360534 0.717355
vt 0.354701 0.703600
vt 0.360534 0.708444
vt 0.560574 0.714431
vt 0.512411 0.699493
vt 0.356070 0.699493
vt 0.360534 0.703607
vt 0.364999 0.717350
vt 0.366848 0.708436
vt 0.564577 0.716742
vt 0.517032 0.699493
vt 0.518140 0.704701
vt 0.366367 0.713264
vt 0.364999 0.699493
vt 0.366367 0.703600
vt 0.565635 0.712783
vt 0.521035 0.701804
vt 0.519391 0.706867
vt 0.245214 0.708433
vt 0.250366 0.713275
vt 0.246046 0.713262
vt 0.248386 0.699493
vt 0.250355 0.703611
vt 0.246036 0.703598
vt 0.568137 0.712783
vt 0.251711 0.717360
vt 0.248405 0.717350
vt 0.249890 0.708447
vt 0.569198 0.716742
vt 0.256216 0.713275
vt 0.251692 0.699503
vt 0.256206 0.703611
vt 0.570303 0.711533
vt 0.519391 0.709369
vt 0.256189 0.717360
vt 0.256222 0.708447
vt 0.573201 0.714431
vt 0.523346 0.710428
vt 0.518140 0.711535
vt 0.260639 0.717350
vt 0.262516 0.708433
vt 0.571553 0.709366
vt 0.575512 0.710428
vt 0.262031 0.713262
vt 0.256170 0.699503
vt 0.262020 0.703598
vt 0.712093 0.128819
vt 0.707247 0.132612
vt 0.707259 0.127991
vt 0.575512 0.705806
vt 0.521035 0.714431
vt 0.515974 0.712785
vt 0.702419 0.133097
vt 0.702429 0.128827
vt 0.716196 0.131185
vt 0.712083 0.133089
vt 0.571553 0.706865
vt 0.698331 0.134470
vt 0.698339 0.131202
vt 0.517032 0.716742
vt 0.716188 0.138918
vt 0.328489 0.889692
vt 0.326991 0.891753
vt 0.326991 0.889206
vt 0.370864 0.891756
vt 0.368441 0.890968
vt 0.369366 0.889694
vt 0.325493 0.889692
vt 0.370864 0.889207
vt 0.372361 0.889694
vt 0.324568 0.890966
vt 0.324568 0.892541
vt 0.373287 0.890968
vt 0.325493 0.893815
vt 0.373287 0.892542
vt 0.326991 0.894301
vt 0.372361 0.893816
vt 0.328489 0.893815
vt 0.370864 0.894303
vt 0.329414 0.892541
vt 0.369366 0.893816
vt 0.329414 0.890966
vt 0.368441 0.892542
vt 0.284616 0.889692
vt 0.283119 0.891753
vt 0.283119 0.889206
vt 0.414736 0.891756
vt 0.412313 0.890968
vt 0.413238 0.889694
vt 0.281621 0.889692
vt 0.414736 0.889207
vt 0.416233 0.889694
vt 0.280696 0.890966
vt 0.280696 0.892541
vt 0.417159 0.890968
vt 0.281621 0.893815
vt 0.417159 0.892542
vt 0.283119 0.894301
vt 0.416233 0.893816
vt 0.284616 0.893815
vt 0.414736 0.894303
vt 0.285542 0.892541
vt 0.413238 0.893816
vt 0.285542 0.890966
vt 0.412313 0.892542
vt 0.560405 0.626728
vt 0.563709 0.624264
vt 0.564548 0.626726
vt 0.467845 0.565583
vt 0.463799 0.565262
vt 0.466344 0.563794
vt 0.565180 0.629670
vt 0.560405 0.629673
vt 0.469182 0.562157
vt 0.469952 0.563075
vt 0.560405 0.632952
vt 0.565572 0.632949
vt 0.472168 0.560433
vt 0.565705 0.636398
vt 0.560405 0.636401
vt 0.565572 0.639845
vt 0.560405 0.639848
vt 0.077515 0.636191
vt 0.074067 0.636191
vt 0.077307 0.635012
vt 0.565180 0.643117
vt 0.560405 0.643120
vt 0.080385 0.633893
vt 0.080790 0.636192
vt 0.564548 0.646049
vt 0.560405 0.646052
vt 0.083146 0.632889
vt 0.083729 0.636194
vt 0.464377 0.569711
vt 0.465956 0.567833
vt 0.569379 0.629662
vt 0.468772 0.561032
vt 0.570116 0.632940
vt 0.570366 0.636389
vt 0.570116 0.639836
vt 0.076708 0.633975
vt 0.569379 0.643109
vt 0.079217 0.631870
vt 0.568192 0.646042
vt 0.081468 0.629983
vt 0.461672 0.566488
vt 0.462651 0.562109
vt 0.083348 0.628408
vt 0.085452 0.632052
vt 0.465546 0.561600
vt 0.468772 0.559834
vt 0.261319 0.646763
vt 0.264818 0.643696
vt 0.264618 0.647675
vt 0.268277 0.643922
vt 0.268072 0.648004
vt 0.271706 0.643752
vt 0.271507 0.647731
vt 0.075791 0.633205
vt 0.274934 0.643193
vt 0.274749 0.646871
vt 0.077428 0.630369
vt 0.277638 0.645467
vt 0.277798 0.642275
vt 0.078898 0.627826
vt 0.460233 0.562534
vt 0.462651 0.558754
vt 0.080124 0.625703
vt 0.465546 0.559265
vt 0.258338 0.645311
vt 0.261503 0.643085
vt 0.264948 0.638787
vt 0.469182 0.558709
vt 0.268410 0.638887
vt 0.271836 0.638842
vt 0.074665 0.632795
vt 0.275054 0.638657
vt 0.075234 0.629571
vt 0.277903 0.638338
vt 0.075744 0.626679
vt 0.460233 0.558326
vt 0.463799 0.555600
vt 0.076170 0.624264
vt 0.466344 0.557070
vt 0.258498 0.642120
vt 0.261623 0.638548
vt 0.469952 0.557791
vt 0.264993 0.633540
vt 0.268457 0.633505
vt 0.271881 0.633596
vt 0.073468 0.632795
vt 0.275096 0.633808
vt 0.072899 0.629571
vt 0.277939 0.634131
vt 0.072389 0.626679
vt 0.464377 0.551149
vt 0.465956 0.553030
vt 0.256037 0.637709
vt 0.258639 0.633975
vt 0.258603 0.638183
vt 0.467845 0.555282
vt 0.261665 0.633700
vt 0.271836 0.628645
vt 0.072342 0.633205
vt 0.275054 0.629233
vt 0.070705 0.630369
vt 0.277903 0.630161
vt 0.069236 0.627826
vt 0.468862 0.551352
vt 0.256066 0.634353
vt 0.258603 0.630005
vt 0.469868 0.554114
vt 0.261623 0.629124
vt 0.470989 0.557193
vt 0.264948 0.628589
vt 0.268410 0.628427
vt 0.271706 0.624587
vt 0.071425 0.633975
vt 0.274934 0.625482
vt 0.068916 0.631870
vt 0.277798 0.626906
vt 0.066665 0.629983
vt 0.468021 0.549045
vt 0.472166 0.550769
vt 0.068009 0.625703
vt 0.064785 0.628408
vt 0.472167 0.553709
vt 0.258498 0.626750
vt 0.261503 0.625374
vt 0.472168 0.556985
vt 0.264818 0.624531
vt 0.268277 0.624264
vt 0.070826 0.635012
vt 0.496591 0.643111
vt 0.500398 0.639851
vt 0.500790 0.643122
vt 0.067748 0.633893
vt 0.501421 0.646052
vt 0.497777 0.646042
vt 0.064987 0.632889
vt 0.472165 0.548314
vt 0.475471 0.551352
vt 0.062682 0.632052
vt 0.474467 0.554114
vt 0.497777 0.626719
vt 0.500790 0.629674
vt 0.496591 0.629663
vt 0.473347 0.557193
vt 0.500398 0.632955
vt 0.495854 0.632943
vt 0.495604 0.636392
vt 0.500265 0.636405
vt 0.495854 0.639839
vt 0.505565 0.639856
vt 0.505565 0.643126
vt 0.070618 0.636191
vt 0.067343 0.636192
vt 0.505565 0.646055
vt 0.064405 0.636194
vt 0.476309 0.549045
vt 0.478377 0.553030
vt 0.502261 0.624264
vt 0.505565 0.626732
vt 0.501421 0.626728
vt 0.476489 0.555282
vt 0.505565 0.629678
vt 0.474385 0.557791
vt 0.505565 0.632959
vt 0.505565 0.636409
vt 0.509709 0.646052
vt 0.064987 0.639498
vt 0.479953 0.551149
vt 0.480534 0.555600
vt 0.505565 0.624267
vt 0.509709 0.626728
vt 0.477990 0.557070
vt 0.510340 0.629674
vt 0.475154 0.558709
vt 0.510732 0.632955
vt 0.510865 0.636405
vt 0.510732 0.639851
vt 0.070826 0.637371
vt 0.510340 0.643122
vt 0.067748 0.638492
vt 0.066665 0.642404
vt 0.482657 0.554372
vt 0.481681 0.558754
vt 0.064785 0.643983
vt 0.062682 0.640339
vt 0.478789 0.559265
vt 0.513353 0.626719
vt 0.514540 0.629663
vt 0.475564 0.559834
vt 0.515276 0.632943
vt 0.515526 0.636392
vt 0.515276 0.639839
vt 0.071425 0.638408
vt 0.514540 0.643111
vt 0.068916 0.640514
vt 0.513353 0.646042
vt 0.484096 0.558326
vt 0.481681 0.562109
vt 0.068009 0.646688
vt 0.478789 0.561600
vt 0.521579 0.550761
vt 0.523929 0.553717
vt 0.520178 0.553704
vt 0.475564 0.561032
vt 0.523367 0.556997
vt 0.519309 0.556983
vt 0.519014 0.560432
vt 0.523177 0.560446
vt 0.523367 0.563893
vt 0.519308 0.563879
vt 0.072342 0.639178
vt 0.520177 0.567152
vt 0.523928 0.567164
vt 0.070705 0.642015
vt 0.524832 0.570096
vt 0.521578 0.570085
vt 0.069236 0.644561
vt 0.071963 0.648127
vt 0.477990 0.563794
vt 0.524833 0.550772
vt 0.528504 0.553724
vt 0.475154 0.562157
vt 0.528318 0.557004
vt 0.528255 0.560454
vt 0.528318 0.563901
vt 0.073468 0.639587
vt 0.528504 0.567171
vt 0.072899 0.642814
vt 0.528803 0.570102
vt 0.072389 0.645709
vt 0.484096 0.562534
vt 0.480534 0.565262
vt 0.476489 0.565583
vt 0.533011 0.550778
vt 0.533353 0.553724
vt 0.474385 0.563075
vt 0.533565 0.557004
vt 0.533637 0.560454
vt 0.533565 0.563901
vt 0.074665 0.639587
vt 0.533352 0.567171
vt 0.075234 0.642814
vt 0.533010 0.570102
vt 0.075744 0.645709
vt 0.532556 0.572546
vt 0.529201 0.572546
vt 0.529202 0.548315
vt 0.528804 0.550778
vt 0.473347 0.563673
vt 0.538474 0.556997
vt 0.538672 0.560446
vt 0.538474 0.563893
vt 0.075791 0.639178
vt 0.537889 0.567165
vt 0.077428 0.642015
vt 0.536947 0.570096
vt 0.078898 0.644561
vt 0.479953 0.569711
vt 0.475471 0.569511
vt 0.478377 0.567833
vt 0.076170 0.648127
vt 0.080124 0.646688
vt 0.474467 0.566751
vt 0.537890 0.553717
vt 0.542454 0.556983
vt 0.472168 0.563881
vt 0.542754 0.560432
vt 0.542454 0.563879
vt 0.076708 0.638408
vt 0.541567 0.567152
vt 0.079217 0.640514
vt 0.540139 0.570085
vt 0.081468 0.642404
vt 0.476309 0.571815
vt 0.472166 0.570093
vt 0.083348 0.643983
vt 0.472167 0.567156
vt 0.536948 0.550772
vt 0.541568 0.553704
vt 0.470989 0.563673
vt 0.550444 0.636389
vt 0.555237 0.632949
vt 0.555104 0.636398
vt 0.555237 0.639845
vt 0.550693 0.639836
vt 0.077307 0.637371
vt 0.551430 0.643109
vt 0.555629 0.643117
vt 0.080385 0.638492
vt 0.556261 0.646049
vt 0.552617 0.646042
vt 0.083146 0.639498
vt 0.472165 0.572546
vt 0.468862 0.569511
vt 0.085452 0.640339
vt 0.469868 0.566751
vt 0.552617 0.626719
vt 0.555629 0.629670
vt 0.551430 0.629662
vt 0.550693 0.632940
vt 0.468021 0.571815
vt 0.556261 0.626726
vt 0.560405 0.624266
vt 0.410186 0.119049
vt 0.410085 0.118673
vt 0.410377 0.118680
vt 0.269100 0.462097
vt 0.268731 0.461817
vt 0.269100 0.461593
vt 0.268732 0.462377
vt 0.269101 0.462601
vt 0.421790 0.198025
vt 0.421891 0.197650
vt 0.422140 0.197801
vt 0.295606 0.462074
vt 0.295975 0.462353
vt 0.295606 0.462578
vt 0.295975 0.461793
vt 0.295606 0.461570
vt 0.421790 0.119049
vt 0.421891 0.118673
vt 0.422140 0.118825
vt 0.269120 0.473536
vt 0.268751 0.473217
vt 0.269119 0.473071
vt 0.268752 0.473702
vt 0.269122 0.473944
vt 0.410186 0.198025
vt 0.410085 0.197650
vt 0.410377 0.197657
vt 0.295626 0.473513
vt 0.295996 0.473678
vt 0.295627 0.473922
vt 0.295995 0.473193
vt 0.295625 0.473049
vt 0.431840 0.124851
vt 0.432115 0.124576
vt 0.432255 0.124832
vt 0.206569 0.450556
vt 0.206214 0.450394
vt 0.206584 0.450151
vt 0.206200 0.450875
vt 0.206559 0.451018
vt 0.400136 0.203828
vt 0.399861 0.203552
vt 0.400117 0.203413
vt 0.233043 0.450541
vt 0.233412 0.450860
vt 0.233033 0.451003
vt 0.233425 0.450379
vt 0.233058 0.450136
vt 0.437642 0.134901
vt 0.438018 0.134800
vt 0.438011 0.135091
vt 0.206419 0.461960
vt 0.206058 0.461682
vt 0.206422 0.461457
vt 0.206058 0.462242
vt 0.206422 0.462465
vt 0.394334 0.213877
vt 0.393958 0.213777
vt 0.394110 0.213527
vt 0.232893 0.461945
vt 0.233269 0.462227
vt 0.232896 0.462450
vt 0.233269 0.461667
vt 0.232896 0.461442
vt 0.437642 0.146505
vt 0.438018 0.146605
vt 0.437866 0.146855
vt 0.206569 0.473433
vt 0.206200 0.473114
vt 0.206559 0.472966
vt 0.206214 0.473602
vt 0.206584 0.473845
vt 0.394334 0.225481
vt 0.393958 0.225582
vt 0.393965 0.225290
vt 0.233043 0.473418
vt 0.233425 0.473587
vt 0.233058 0.473830
vt 0.233412 0.473099
vt 0.233033 0.472952
vt 0.431840 0.156554
vt 0.432115 0.156829
vt 0.431859 0.156969
vt 0.473317 0.262219
vt 0.472950 0.262053
vt 0.473319 0.261810
vt 0.472948 0.262538
vt 0.473317 0.262683
vt 0.400136 0.235531
vt 0.399861 0.235806
vt 0.399721 0.235550
vt 0.499823 0.262219
vt 0.500192 0.262538
vt 0.499822 0.262683
vt 0.500193 0.262053
vt 0.499824 0.261810
vt 0.421790 0.162356
vt 0.421891 0.162732
vt 0.421599 0.162725
vt 0.473303 0.273658
vt 0.472935 0.273378
vt 0.473304 0.273154
vt 0.472935 0.273938
vt 0.473304 0.274162
vt 0.410186 0.241333
vt 0.410085 0.241709
vt 0.409836 0.241557
vt 0.499809 0.273658
vt 0.500179 0.273938
vt 0.499809 0.274162
vt 0.500179 0.273378
vt 0.499809 0.273154
vt 0.410186 0.162356
vt 0.410085 0.162732
vt 0.409836 0.162580
vt 0.473317 0.285097
vt 0.472948 0.284778
vt 0.473317 0.284633
vt 0.472950 0.285263
vt 0.473319 0.285506
vt 0.421790 0.241333
vt 0.421891 0.241709
vt 0.421599 0.241702
vt 0.499823 0.285097
vt 0.500193 0.285263
vt 0.499824 0.285506
vt 0.500192 0.284778
vt 0.499822 0.284633
vt 0.400136 0.156554
vt 0.399861 0.156829
vt 0.399721 0.156573
vt 0.473316 0.195918
vt 0.472948 0.195750
vt 0.473317 0.195506
vt 0.472947 0.196238
vt 0.473315 0.196385
vt 0.431840 0.235531
vt 0.432115 0.235806
vt 0.431859 0.235946
vt 0.499821 0.195918
vt 0.500190 0.196238
vt 0.499821 0.196385
vt 0.500192 0.195750
vt 0.499823 0.195506
vt 0.394334 0.146505
vt 0.393958 0.146605
vt 0.393965 0.146314
vt 0.473304 0.207393
vt 0.472935 0.207111
vt 0.473304 0.206888
vt 0.472935 0.207671
vt 0.473304 0.207896
vt 0.437642 0.225481
vt 0.438018 0.225582
vt 0.437866 0.225831
vt 0.499809 0.207393
vt 0.500179 0.207671
vt 0.499809 0.207896
vt 0.500179 0.207111
vt 0.499809 0.206888
vt 0.394334 0.134901
vt 0.393958 0.134800
vt 0.394110 0.134551
vt 0.473317 0.218796
vt 0.472948 0.218476
vt 0.473316 0.218333
vt 0.472949 0.218958
vt 0.473318 0.219201
vt 0.437642 0.213877
vt 0.438018 0.213776
vt 0.438011 0.214068
vt 0.499823 0.218796
vt 0.500193 0.218958
vt 0.499824 0.219201
vt 0.500191 0.218476
vt 0.499822 0.218333
vt 0.400136 0.124851
vt 0.399861 0.124576
vt 0.400117 0.124436
vt 0.269101 0.450657
vt 0.268732 0.450492
vt 0.269101 0.450249
vt 0.268732 0.450977
vt 0.269100 0.451122
vt 0.431840 0.203828
vt 0.432115 0.203552
vt 0.432255 0.203809
vt 0.295606 0.450634
vt 0.295975 0.450954
vt 0.295606 0.451099
vt 0.295976 0.450469
vt 0.295607 0.450226
vt 0.030559 0.513028
vt 0.030860 0.513329
vt 0.030559 0.513397
vt 0.193735 0.137312
vt 0.194036 0.137613
vt 0.193735 0.137681
vt 0.322198 0.137313
vt 0.321894 0.137614
vt 0.321827 0.137313
vt 0.193735 0.017828
vt 0.194036 0.017526
vt 0.194104 0.017828
vt 0.394327 0.347121
vt 0.394026 0.347423
vt 0.393958 0.347121
vt 0.322198 0.017829
vt 0.321894 0.017527
vt 0.322196 0.017459
vt 0.017828 0.513028
vt 0.017526 0.513329
vt 0.017459 0.513028
vt 0.334928 0.137313
vt 0.335227 0.137613
vt 0.334926 0.137681
vt 0.017828 0.137313
vt 0.017526 0.137613
vt 0.017459 0.137312
vt 0.407059 0.347121
vt 0.407360 0.347423
vt 0.407059 0.347490
vt 0.017828 0.017828
vt 0.017526 0.017526
vt 0.017828 0.017459
vt 0.334928 0.017828
vt 0.335227 0.017526
vt 0.335295 0.017828
vt 0.030559 0.442902
vt 0.030860 0.442601
vt 0.030928 0.442902
vt 0.334925 0.292324
vt 0.335228 0.292614
vt 0.334926 0.292685
vt 0.123609 0.137312
vt 0.123308 0.137613
vt 0.123240 0.137312
vt 0.394327 0.276995
vt 0.394026 0.276694
vt 0.394327 0.276626
vt 0.123609 0.017828
vt 0.123308 0.017526
vt 0.123609 0.017459
vt 0.334925 0.172982
vt 0.335228 0.172671
vt 0.335295 0.172975
vt 0.017828 0.442902
vt 0.017526 0.442601
vt 0.017828 0.442533
vt 0.087954 0.137313
vt 0.088255 0.137613
vt 0.087954 0.137681
vt 0.322194 0.292317
vt 0.321895 0.292607
vt 0.321827 0.292309
vt 0.407059 0.276995
vt 0.407360 0.276694
vt 0.407427 0.276995
vt 0.322194 0.172975
vt 0.321895 0.172663
vt 0.322196 0.172599
vt 0.087954 0.017828
vt 0.088255 0.017526
vt 0.088323 0.017828
vt 0.555129 0.188082
vt 0.555430 0.187781
vt 0.555498 0.188082
vt 0.766188 0.017828
vt 0.766488 0.017526
vt 0.766556 0.017828
vt 0.608290 0.053513
vt 0.608590 0.053817
vt 0.608289 0.053884
vt 0.753457 0.017828
vt 0.753155 0.017526
vt 0.753456 0.017459
vt 0.555129 0.295116
vt 0.555430 0.295417
vt 0.555129 0.295485
vt 0.595559 0.053512
vt 0.595257 0.053816
vt 0.595189 0.053514
vt 0.555129 0.223771
vt 0.555430 0.224073
vt 0.555129 0.224140
vt 0.608290 0.017826
vt 0.608590 0.017528
vt 0.608658 0.017828
vt 0.623530 0.719481
vt 0.623830 0.719782
vt 0.623529 0.719850
vt 0.555129 0.259427
vt 0.555430 0.259125
vt 0.555498 0.259427
vt 0.610799 0.719481
vt 0.610497 0.719782
vt 0.610429 0.719481
vt 0.595559 0.017826
vt 0.595257 0.017527
vt 0.595558 0.017459
vt 0.535511 0.188082
vt 0.535209 0.187781
vt 0.535511 0.187713
vt 0.595550 0.267554
vt 0.595260 0.267858
vt 0.595189 0.267556
vt 0.766188 0.037446
vt 0.766488 0.037747
vt 0.766187 0.037815
vt 0.535510 0.295116
vt 0.535209 0.295417
vt 0.535142 0.295116
vt 0.753457 0.037446
vt 0.753155 0.037747
vt 0.753087 0.037446
vt 0.608266 0.267547
vt 0.608578 0.267850
vt 0.608274 0.267918
vt 0.535511 0.223771
vt 0.535209 0.224073
vt 0.535142 0.223771
vt 0.623530 0.699862
vt 0.623830 0.699561
vt 0.623898 0.699862
vt 0.595550 0.231867
vt 0.595260 0.231569
vt 0.595558 0.231500
vt 0.535510 0.259427
vt 0.535209 0.259125
vt 0.535510 0.259058
vt 0.608266 0.231860
vt 0.608578 0.231561
vt 0.608642 0.231862
vt 0.610799 0.699862
vt 0.610497 0.699561
vt 0.610798 0.699493
vt 0.555129 0.330771
vt 0.555430 0.330470
vt 0.555498 0.330771
vt 0.766188 0.073102
vt 0.766488 0.072800
vt 0.766556 0.073102
vt 0.608290 0.124856
vt 0.608590 0.125159
vt 0.608289 0.125226
vt 0.753457 0.073102
vt 0.753155 0.072800
vt 0.753456 0.072733
vt 0.555129 0.437805
vt 0.555430 0.438106
vt 0.555129 0.438174
vt 0.595559 0.124855
vt 0.595257 0.125159
vt 0.595189 0.124857
vt 0.555129 0.366460
vt 0.555430 0.366761
vt 0.555129 0.366829
vt 0.608290 0.089169
vt 0.608590 0.088870
vt 0.608658 0.089171
vt 0.671916 0.719481
vt 0.672217 0.719782
vt 0.671916 0.719849
vt 0.555129 0.402116
vt 0.555430 0.401814
vt 0.555498 0.402116
vt 0.659185 0.719481
vt 0.658883 0.719782
vt 0.658816 0.719481
vt 0.595559 0.089168
vt 0.595257 0.088870
vt 0.595558 0.088801
vt 0.535511 0.330771
vt 0.535209 0.330470
vt 0.535511 0.330402
vt 0.595550 0.196205
vt 0.595260 0.196509
vt 0.595189 0.196207
vt 0.766188 0.092720
vt 0.766488 0.093021
vt 0.766187 0.093089
vt 0.535510 0.437805
vt 0.535209 0.438106
vt 0.535142 0.437805
vt 0.753457 0.092720
vt 0.753155 0.093021
vt 0.753087 0.092720
vt 0.608266 0.196198
vt 0.608578 0.196501
vt 0.608274 0.196568
vt 0.535511 0.366460
vt 0.535209 0.366761
vt 0.535142 0.366460
vt 0.671916 0.699862
vt 0.672217 0.699561
vt 0.672285 0.699862
vt 0.595550 0.160518
vt 0.595260 0.160219
vt 0.595558 0.160151
vt 0.535510 0.402116
vt 0.535209 0.401814
vt 0.535510 0.401747
vt 0.608266 0.160511
vt 0.608578 0.160212
vt 0.608642 0.160513
vt 0.659185 0.699862
vt 0.658883 0.699561
vt 0.659185 0.699493
vt 0.814574 0.602356
vt 0.814875 0.602657
vt 0.814574 0.602725
vt 0.852434 0.237650
vt 0.852134 0.237951
vt 0.852066 0.237650
vt 0.858279 0.426167
vt 0.858579 0.426471
vt 0.858278 0.426538
vt 0.858277 0.237650
vt 0.858580 0.237951
vt 0.858278 0.238019
vt 0.801843 0.651431
vt 0.801541 0.651733
vt 0.801474 0.651431
vt 0.852435 0.426167
vt 0.852133 0.426471
vt 0.852066 0.426169
vt 0.801843 0.602356
vt 0.801541 0.602657
vt 0.801474 0.602356
vt 0.858279 0.413437
vt 0.858579 0.413138
vt 0.858647 0.413439
vt 0.858279 0.139499
vt 0.858579 0.139801
vt 0.858278 0.139868
vt 0.814574 0.651431
vt 0.814875 0.651733
vt 0.814574 0.651800
vt 0.852435 0.139499
vt 0.852133 0.139801
vt 0.852066 0.139499
vt 0.852435 0.413437
vt 0.852133 0.413138
vt 0.852434 0.413070
vt 0.814574 0.588936
vt 0.814875 0.588635
vt 0.814943 0.588936
vt 0.852427 0.522942
vt 0.852136 0.523246
vt 0.852066 0.522944
vt 0.852434 0.224230
vt 0.852134 0.223929
vt 0.852435 0.223861
vt 0.801843 0.638011
vt 0.801541 0.637710
vt 0.801843 0.637642
vt 0.858277 0.224230
vt 0.858580 0.223929
vt 0.858647 0.224230
vt 0.858263 0.522939
vt 0.858575 0.523242
vt 0.858271 0.523310
vt 0.801843 0.588936
vt 0.801541 0.588635
vt 0.801843 0.588567
vt 0.858279 0.126080
vt 0.858579 0.125778
vt 0.858647 0.126080
vt 0.852427 0.510212
vt 0.852136 0.509913
vt 0.852434 0.509845
vt 0.814574 0.638011
vt 0.814875 0.637710
vt 0.814943 0.638011
vt 0.858263 0.510209
vt 0.858575 0.509910
vt 0.858639 0.510210
vt 0.852435 0.126080
vt 0.852133 0.125778
vt 0.852435 0.125711
vt 0.814574 0.700507
vt 0.814875 0.700808
vt 0.814574 0.700875
vt 0.858279 0.273305
vt 0.858579 0.273004
vt 0.858647 0.273305
vt 0.858279 0.474553
vt 0.858579 0.474857
vt 0.858278 0.474924
vt 0.852435 0.273305
vt 0.852133 0.273004
vt 0.852434 0.272936
vt 0.801843 0.749582
vt 0.801541 0.749883
vt 0.801474 0.749582
vt 0.852435 0.474553
vt 0.852133 0.474857
vt 0.852066 0.474555
vt 0.801843 0.700507
vt 0.801541 0.700808
vt 0.801474 0.700507
vt 0.858279 0.461823
vt 0.858579 0.461524
vt 0.858647 0.461825
vt 0.858279 0.188575
vt 0.858579 0.188876
vt 0.858278 0.188944
vt 0.814574 0.749582
vt 0.814875 0.749883
vt 0.814574 0.749951
vt 0.852435 0.188575
vt 0.852133 0.188876
vt 0.852066 0.188575
vt 0.852435 0.461823
vt 0.852133 0.461524
vt 0.852434 0.461456
vt 0.814574 0.687087
vt 0.814875 0.686785
vt 0.814943 0.687087
vt 0.852427 0.571331
vt 0.852136 0.571635
vt 0.852066 0.571333
vt 0.858279 0.286725
vt 0.858579 0.287026
vt 0.858278 0.287094
vt 0.801843 0.736162
vt 0.801541 0.735861
vt 0.801843 0.735793
vt 0.852435 0.286725
vt 0.852133 0.287026
vt 0.852065 0.286725
vt 0.858263 0.571328
vt 0.858575 0.571631
vt 0.858271 0.571699
vt 0.801843 0.687087
vt 0.801541 0.686785
vt 0.801843 0.686718
vt 0.858279 0.175155
vt 0.858579 0.174854
vt 0.858647 0.175155
vt 0.852427 0.558601
vt 0.852136 0.558302
vt 0.852434 0.558234
vt 0.814574 0.736162
vt 0.814875 0.735861
vt 0.814943 0.736162
vt 0.858263 0.558598
vt 0.858575 0.558299
vt 0.858639 0.558599
vt 0.852435 0.175155
vt 0.852133 0.174854
vt 0.852435 0.174786
vt 0.326491 0.887209
vt 0.326992 0.887142
vt 0.326992 0.887480
vt 0.327493 0.887209
vt 0.367788 0.888371
vt 0.368153 0.888022
vt 0.368352 0.888297
vt 0.368597 0.887783
vt 0.323915 0.888371
vt 0.324281 0.888022
vt 0.324480 0.888296
vt 0.324725 0.887783
vt 0.370364 0.887209
vt 0.370864 0.887142
vt 0.370864 0.887480
vt 0.371365 0.887209
vt 0.322515 0.890826
vt 0.322605 0.890329
vt 0.322927 0.890433
vt 0.322824 0.889874
vt 0.373131 0.887783
vt 0.373575 0.888022
vt 0.373376 0.888297
vt 0.373941 0.888371
vt 0.322824 0.893635
vt 0.322605 0.893179
vt 0.322927 0.893075
vt 0.322515 0.892683
vt 0.375032 0.889873
vt 0.375251 0.890329
vt 0.374929 0.890434
vt 0.375341 0.890826
vt 0.324725 0.895725
vt 0.324281 0.895486
vt 0.324480 0.895212
vt 0.323915 0.895137
vt 0.375341 0.892682
vt 0.375251 0.893179
vt 0.374929 0.893075
vt 0.375032 0.893635
vt 0.327493 0.896299
vt 0.326992 0.896367
vt 0.326992 0.896028
vt 0.326491 0.896299
vt 0.373941 0.895137
vt 0.373575 0.895486
vt 0.373376 0.895212
vt 0.373131 0.895725
vt 0.330068 0.895137
vt 0.329703 0.895486
vt 0.329504 0.895212
vt 0.329259 0.895725
vt 0.371365 0.896299
vt 0.370864 0.896367
vt 0.370864 0.896028
vt 0.370364 0.896299
vt 0.331469 0.892683
vt 0.331379 0.893179
vt 0.331057 0.893075
vt 0.331160 0.893635
vt 0.368597 0.895725
vt 0.368153 0.895486
vt 0.368352 0.895212
vt 0.367788 0.895137
vt 0.331160 0.889874
vt 0.331379 0.890329
vt 0.331057 0.890433
vt 0.331469 0.890826
vt 0.366696 0.893635
vt 0.366477 0.893179
vt 0.366799 0.893075
vt 0.366387 0.892682
vt 0.329259 0.887783
vt 0.329703 0.888022
vt 0.329504 0.888296
vt 0.330068 0.888371
vt 0.366387 0.890826
vt 0.366477 0.890329
vt 0.366799 0.890434
vt 0.366696 0.889873
vt 0.282619 0.887209
vt 0.283120 0.887142
vt 0.283120 0.887480
vt 0.283620 0.887209
vt 0.411660 0.888371
vt 0.412025 0.888022
vt 0.412224 0.888297
vt 0.412470 0.887783
vt 0.280043 0.888371
vt 0.280409 0.888022
vt 0.280607 0.888296
vt 0.280853 0.887783
vt 0.414236 0.887209
vt 0.414736 0.887142
vt 0.414736 0.887480
vt 0.415237 0.887209
vt 0.278642 0.890826
vt 0.278733 0.890329
vt 0.279055 0.890433
vt 0.278952 0.889873
vt 0.417003 0.887783
vt 0.417447 0.888022
vt 0.417248 0.888297
vt 0.417813 0.888371
vt 0.278952 0.893635
vt 0.278733 0.893179
vt 0.279055 0.893075
vt 0.278642 0.892682
vt 0.418904 0.889873
vt 0.419123 0.890329
vt 0.418801 0.890434
vt 0.419214 0.890826
vt 0.280853 0.895725
vt 0.280409 0.895486
vt 0.280607 0.895212
vt 0.280043 0.895137
vt 0.419214 0.892682
vt 0.419123 0.893179
vt 0.418801 0.893075
vt 0.418904 0.893635
vt 0.283620 0.896299
vt 0.283120 0.896366
vt 0.283120 0.896028
vt 0.282619 0.896299
vt 0.417813 0.895137
vt 0.417447 0.895486
vt 0.417248 0.895212
vt 0.417003 0.895725
vt 0.286196 0.895137
vt 0.285831 0.895486
vt 0.285632 0.895212
vt 0.285386 0.895725
vt 0.415237 0.896299
vt 0.414736 0.896367
vt 0.414736 0.896028
vt 0.414236 0.896299
vt 0.287597 0.892682
vt 0.287507 0.893179
vt 0.287184 0.893075
vt 0.287288 0.893635
vt 0.412470 0.895725
vt 0.412025 0.895486
vt 0.412224 0.895212
vt 0.411660 0.895137
vt 0.287288 0.889873
vt 0.287507 0.890329
vt 0.287184 0.890433
vt 0.287597 0.890826
vt 0.410568 0.893635
vt 0.410349 0.893179
vt 0.410671 0.893075
vt 0.410259 0.892682
vt 0.285386 0.887783
vt 0.285831 0.888022
vt 0.285632 0.888296
vt 0.286196 0.888371
vt 0.410259 0.890826
vt 0.410349 0.890329
vt 0.410671 0.890434
vt 0.410568 0.889873
vt 0.243378 0.888512
vt 0.243725 0.888876
vt 0.243503 0.889037
vt 0.903944 0.019397
vt 0.903502 0.019397
vt 0.903783 0.019027
vt 0.903502 0.025711
vt 0.903944 0.025710
vt 0.903783 0.026078
vt 0.853800 0.377193
vt 0.853436 0.376846
vt 0.853961 0.376971
vt 0.854835 0.699732
vt 0.854352 0.699832
vt 0.854357 0.699440
vt 0.853909 0.699916
vt 0.855246 0.706079
vt 0.855689 0.705994
vt 0.855850 0.706323
vt 0.856171 0.705894
vt 0.858040 0.699023
vt 0.857597 0.699129
vt 0.857436 0.698774
vt 0.857114 0.699238
vt 0.858451 0.705401
vt 0.858934 0.705292
vt 0.858929 0.705657
vt 0.859376 0.705185
vt 0.801868 0.889082
vt 0.801426 0.889081
vt 0.801588 0.888711
vt 0.235032 0.888876
vt 0.235378 0.888512
vt 0.235253 0.889037
vt 0.853436 0.368847
vt 0.853800 0.368500
vt 0.853961 0.368722
vt 0.801426 0.895395
vt 0.801868 0.895396
vt 0.801588 0.895762
vt 0.805082 0.889086
vt 0.804584 0.889086
vt 0.804584 0.888716
vt 0.804087 0.889086
vt 0.804087 0.895399
vt 0.804584 0.895399
vt 0.804584 0.895767
vt 0.805082 0.895399
vt 0.235378 0.895555
vt 0.235032 0.895192
vt 0.235253 0.895030
vt 0.807742 0.889081
vt 0.807300 0.889082
vt 0.807581 0.888711
vt 0.807300 0.895396
vt 0.807742 0.895395
vt 0.807581 0.895762
vt 0.860116 0.368500
vt 0.860479 0.368847
vt 0.859955 0.368722
vt 0.856181 0.653833
vt 0.855697 0.653729
vt 0.855855 0.653384
vt 0.855252 0.653632
vt 0.853924 0.659804
vt 0.854369 0.659901
vt 0.854372 0.660278
vt 0.854853 0.660005
vt 0.859383 0.654520
vt 0.858943 0.654427
vt 0.858935 0.654046
vt 0.858461 0.654323
vt 0.857133 0.660496
vt 0.857616 0.660599
vt 0.857452 0.660940
vt 0.858056 0.660693
vt 0.898070 0.019397
vt 0.897628 0.019397
vt 0.897789 0.019027
vt 0.243725 0.895192
vt 0.243378 0.895555
vt 0.243503 0.895030
vt 0.860479 0.376846
vt 0.860116 0.377193
vt 0.859955 0.376971
vt 0.897628 0.025710
vt 0.898070 0.025711
vt 0.897789 0.026078
vt 0.901284 0.019400
vt 0.900786 0.019400
vt 0.900786 0.019030
vt 0.900288 0.019400
vt 0.900288 0.025713
vt 0.900786 0.025713
vt 0.900786 0.026081
vt 0.901284 0.025713
vt 0.199767 0.888512
vt 0.200114 0.888876
vt 0.199892 0.889037
vt 0.903944 0.062937
vt 0.903502 0.062937
vt 0.903783 0.062567
vt 0.903502 0.069251
vt 0.903944 0.069250
vt 0.903783 0.069618
vt 0.853800 0.331664
vt 0.853436 0.331317
vt 0.853961 0.331442
vt 0.854835 0.745047
vt 0.854352 0.745147
vt 0.854357 0.744755
vt 0.853909 0.745231
vt 0.855246 0.751394
vt 0.855689 0.751309
vt 0.855850 0.751638
vt 0.856172 0.751209
vt 0.858040 0.744338
vt 0.857597 0.744444
vt 0.857436 0.744089
vt 0.857114 0.744553
vt 0.858451 0.750716
vt 0.858934 0.750607
vt 0.858929 0.750972
vt 0.859377 0.750500
vt 0.844823 0.889082
vt 0.844381 0.889081
vt 0.844542 0.888711
vt 0.191421 0.888876
vt 0.191768 0.888512
vt 0.191643 0.889037
vt 0.853436 0.323318
vt 0.853800 0.322971
vt 0.853961 0.323193
vt 0.844381 0.895395
vt 0.844823 0.895396
vt 0.844542 0.895762
vt 0.848037 0.889086
vt 0.847539 0.889086
vt 0.847539 0.888716
vt 0.847041 0.889086
vt 0.847041 0.895399
vt 0.847539 0.895399
vt 0.847539 0.895767
vt 0.848037 0.895399
vt 0.191768 0.895555
vt 0.191421 0.895192
vt 0.191643 0.895030
vt 0.850697 0.889081
vt 0.850255 0.889082
vt 0.850536 0.888711
vt 0.850255 0.895396
vt 0.850697 0.895395
vt 0.850536 0.895762
vt 0.860116 0.322971
vt 0.860479 0.323318
vt 0.859955 0.323193
vt 0.856181 0.608505
vt 0.855697 0.608401
vt 0.855855 0.608056
vt 0.855252 0.608304
vt 0.853924 0.614476
vt 0.854369 0.614573
vt 0.854372 0.614950
vt 0.854853 0.614677
vt 0.859383 0.609192
vt 0.858943 0.609099
vt 0.858935 0.608719
vt 0.858461 0.608995
vt 0.857133 0.615168
vt 0.857616 0.615271
vt 0.857452 0.615612
vt 0.858056 0.615365
vt 0.898070 0.062937
vt 0.897628 0.062937
vt 0.897789 0.062567
vt 0.200114 0.895192
vt 0.199767 0.895555
vt 0.199892 0.895030
vt 0.860479 0.331317
vt 0.860116 0.331664
vt 0.859955 0.331442
vt 0.897628 0.069250
vt 0.898070 0.069251
vt 0.897789 0.069618
vt 0.901284 0.062940
vt 0.900786 0.062940
vt 0.900786 0.062570
vt 0.900288 0.062940
vt 0.900288 0.069253
vt 0.900786 0.069253
vt 0.900786 0.069621
vt 0.901284 0.069253
vt 0.899307 0.577527
vt 0.899608 0.577226
vt 0.899676 0.577527
vt 0.588210 0.978548
vt 0.588510 0.978247
vt 0.588578 0.978548
vt 0.209128 0.942890
vt 0.209428 0.943193
vt 0.209128 0.943260
vt 0.586039 0.978548
vt 0.585737 0.978247
vt 0.586039 0.978179
vt 0.899307 0.766586
vt 0.899608 0.766887
vt 0.899307 0.766955
vt 0.206958 0.942889
vt 0.206655 0.943193
vt 0.206588 0.942891
vt 0.899307 0.586815
vt 0.899608 0.587116
vt 0.899307 0.587184
vt 0.209128 0.933603
vt 0.209428 0.933304
vt 0.209496 0.933604
vt 0.209951 0.980718
vt 0.210252 0.981020
vt 0.209951 0.981087
vt 0.899307 0.757298
vt 0.899608 0.756997
vt 0.899676 0.757298
vt 0.207781 0.980718
vt 0.207479 0.981020
vt 0.207411 0.980718
vt 0.206958 0.933603
vt 0.206655 0.933304
vt 0.206957 0.933235
vt 0.897137 0.577527
vt 0.896835 0.577226
vt 0.897136 0.577158
vt 0.585201 0.942891
vt 0.584911 0.943195
vt 0.584840 0.942893
vt 0.588210 0.980718
vt 0.588510 0.981019
vt 0.588209 0.981087
vt 0.897136 0.766586
vt 0.896835 0.766887
vt 0.896767 0.766586
vt 0.586039 0.980718
vt 0.585737 0.981019
vt 0.585670 0.980718
vt 0.587369 0.942889
vt 0.587680 0.943193
vt 0.587376 0.943260
vt 0.897137 0.586815
vt 0.896835 0.587116
vt 0.896767 0.586815
vt 0.209951 0.978548
vt 0.210252 0.978247
vt 0.210320 0.978548
vt 0.585201 0.933604
vt 0.584911 0.933305
vt 0.585208 0.933237
vt 0.897136 0.757298
vt 0.896835 0.756997
vt 0.897136 0.756929
vt 0.587369 0.933603
vt 0.587680 0.933304
vt 0.587745 0.933604
vt 0.207781 0.978548
vt 0.207479 0.978247
vt 0.207780 0.978179
vt 0.133476 0.933604
vt 0.133777 0.933303
vt 0.133845 0.933604
vt 0.739513 0.978548
vt 0.739813 0.978246
vt 0.739881 0.978548
vt 0.246954 0.942890
vt 0.247254 0.943193
vt 0.246953 0.943260
vt 0.737343 0.978548
vt 0.737040 0.978246
vt 0.737342 0.978179
vt 0.899307 0.811529
vt 0.899608 0.811830
vt 0.899307 0.811898
vt 0.244783 0.942889
vt 0.244481 0.943193
vt 0.244414 0.942891
vt 0.133476 0.942892
vt 0.133777 0.943193
vt 0.133476 0.943261
vt 0.246954 0.933603
vt 0.247254 0.933304
vt 0.247322 0.933604
vt 0.436906 0.980718
vt 0.437207 0.981020
vt 0.436906 0.981087
vt 0.899307 0.802241
vt 0.899608 0.801940
vt 0.899676 0.802241
vt 0.434736 0.980718
vt 0.434434 0.981020
vt 0.434366 0.980718
vt 0.244783 0.933603
vt 0.244481 0.933304
vt 0.244783 0.933235
vt 0.131305 0.933604
vt 0.131004 0.933303
vt 0.131305 0.933235
vt 0.623023 0.942891
vt 0.622733 0.943195
vt 0.622662 0.942893
vt 0.739513 0.980718
vt 0.739813 0.981019
vt 0.739513 0.981087
vt 0.897136 0.811529
vt 0.896835 0.811830
vt 0.896767 0.811529
vt 0.737343 0.980718
vt 0.737040 0.981019
vt 0.736973 0.980718
vt 0.625191 0.942889
vt 0.625503 0.943193
vt 0.625198 0.943260
vt 0.131305 0.942892
vt 0.131004 0.943193
vt 0.130936 0.942892
vt 0.436906 0.978548
vt 0.437207 0.978247
vt 0.437275 0.978548
vt 0.623023 0.933604
vt 0.622733 0.933305
vt 0.623031 0.933237
vt 0.897136 0.802241
vt 0.896835 0.801940
vt 0.897136 0.801872
vt 0.625191 0.933603
vt 0.625503 0.933304
vt 0.625567 0.933604
vt 0.434736 0.978548
vt 0.434434 0.978247
vt 0.434735 0.978179
vt 0.899307 0.397756
vt 0.899608 0.397455
vt 0.899676 0.397756
vt 0.626036 0.978548
vt 0.626336 0.978247
vt 0.626404 0.978548
vt 0.284780 0.942889
vt 0.285080 0.943193
vt 0.284779 0.943260
vt 0.623865 0.978548
vt 0.623563 0.978247
vt 0.623865 0.978179
vt 0.899307 0.856471
vt 0.899608 0.856773
vt 0.899307 0.856840
vt 0.282609 0.942889
vt 0.282307 0.943193
vt 0.282240 0.942891
vt 0.899307 0.407043
vt 0.899608 0.407345
vt 0.899307 0.407412
vt 0.284780 0.933603
vt 0.285080 0.933304
vt 0.285148 0.933604
vt 0.247777 0.980718
vt 0.248078 0.981019
vt 0.247777 0.981087
vt 0.899307 0.847184
vt 0.899608 0.846883
vt 0.899676 0.847184
vt 0.245607 0.980718
vt 0.245305 0.981019
vt 0.245237 0.980718
vt 0.282609 0.933602
vt 0.282307 0.933304
vt 0.282609 0.933235
vt 0.897137 0.397756
vt 0.896835 0.397455
vt 0.897137 0.397387
vt 0.698668 0.942891
vt 0.698378 0.943195
vt 0.698307 0.942893
vt 0.626036 0.980718
vt 0.626336 0.981020
vt 0.626035 0.981087
vt 0.897136 0.856471
vt 0.896835 0.856773
vt 0.896767 0.856471
vt 0.623865 0.980718
vt 0.623563 0.981020
vt 0.623496 0.980718
vt 0.700836 0.942889
vt 0.701147 0.943193
vt 0.700843 0.943260
vt 0.897137 0.407043
vt 0.896835 0.407345
vt 0.896768 0.407043
vt 0.247777 0.978548
vt 0.248078 0.978246
vt 0.248146 0.978548
vt 0.698668 0.933604
vt 0.698378 0.933305
vt 0.698675 0.933237
vt 0.897136 0.847184
vt 0.896835 0.846883
vt 0.897136 0.846815
vt 0.700836 0.933603
vt 0.701147 0.933304
vt 0.701212 0.933604
vt 0.245607 0.978548
vt 0.245305 0.978246
vt 0.245606 0.978179
vt 0.899307 0.667413
vt 0.899608 0.667112
vt 0.899676 0.667413
vt 0.663862 0.978548
vt 0.664162 0.978246
vt 0.664230 0.978548
vt 0.322606 0.942889
vt 0.322906 0.943193
vt 0.322605 0.943260
vt 0.661691 0.978548
vt 0.661389 0.978246
vt 0.661690 0.978179
vt 0.019998 0.942892
vt 0.020299 0.943193
vt 0.019998 0.943261
vt 0.320435 0.942889
vt 0.320133 0.943193
vt 0.320066 0.942891
vt 0.899307 0.676700
vt 0.899608 0.677002
vt 0.899307 0.677069
vt 0.322606 0.933603
vt 0.322906 0.933304
vt 0.322974 0.933604
vt 0.361255 0.980718
vt 0.361555 0.981019
vt 0.361254 0.981087
vt 0.019998 0.933604
vt 0.020299 0.933303
vt 0.020367 0.933604
vt 0.359084 0.980718
vt 0.358782 0.981019
vt 0.358715 0.980718
vt 0.320435 0.933603
vt 0.320133 0.933304
vt 0.320435 0.933235
vt 0.897137 0.667413
vt 0.896835 0.667112
vt 0.897137 0.667044
vt 0.509556 0.942891
vt 0.509266 0.943195
vt 0.509195 0.942893
vt 0.663862 0.980718
vt 0.664162 0.981019
vt 0.663861 0.981087
vt 0.017828 0.942892
vt 0.017526 0.943193
vt 0.017459 0.942892
vt 0.661691 0.980718
vt 0.661389 0.981019
vt 0.661321 0.980718
vt 0.511724 0.942889
vt 0.512035 0.943193
vt 0.511731 0.943260
vt 0.897137 0.676700
vt 0.896835 0.677002
vt 0.896768 0.676700
vt 0.361255 0.978548
vt 0.361555 0.978246
vt 0.361623 0.978548
vt 0.509556 0.933604
vt 0.509266 0.933305
vt 0.509563 0.933237
vt 0.017828 0.933604
vt 0.017526 0.933303
vt 0.017828 0.933235
vt 0.511724 0.933603
vt 0.512035 0.933304
vt 0.512100 0.933604
vt 0.359084 0.978548
vt 0.358782 0.978246
vt 0.359084 0.978179
vt 0.899307 0.712356
vt 0.899608 0.712054
vt 0.899676 0.712356
vt 0.701687 0.978548
vt 0.701988 0.978246
vt 0.702056 0.978548
vt 0.360432 0.942890
vt 0.360732 0.943193
vt 0.360431 0.943260
vt 0.699517 0.978548
vt 0.699215 0.978246
vt 0.699516 0.978179
vt 0.899307 0.451986
vt 0.899608 0.452287
vt 0.899307 0.452355
vt 0.358261 0.942889
vt 0.357959 0.943193
vt 0.357891 0.942891
vt 0.899307 0.721643
vt 0.899608 0.721944
vt 0.899307 0.722012
vt 0.360432 0.933603
vt 0.360732 0.933304
vt 0.360800 0.933604
vt 0.399080 0.980718
vt 0.399381 0.981020
vt 0.399080 0.981087
vt 0.899307 0.442699
vt 0.899608 0.442397
vt 0.899676 0.442699
vt 0.396910 0.980718
vt 0.396608 0.981020
vt 0.396540 0.980718
vt 0.358261 0.933603
vt 0.357959 0.933304
vt 0.358260 0.933235
vt 0.897137 0.712356
vt 0.896835 0.712054
vt 0.897137 0.711987
vt 0.736490 0.942891
vt 0.736200 0.943195
vt 0.736129 0.942893
vt 0.701687 0.980718
vt 0.701988 0.981019
vt 0.701687 0.981087
vt 0.897136 0.451986
vt 0.896835 0.452287
vt 0.896767 0.451986
vt 0.699517 0.980718
vt 0.699215 0.981019
vt 0.699147 0.980718
vt 0.738658 0.942889
vt 0.738970 0.943193
vt 0.738666 0.943260
vt 0.897137 0.721643
vt 0.896835 0.721944
vt 0.896768 0.721643
vt 0.399080 0.978548
vt 0.399381 0.978247
vt 0.399449 0.978548
vt 0.736490 0.933604
vt 0.736200 0.933305
vt 0.736498 0.933237
vt 0.897136 0.442699
vt 0.896835 0.442397
vt 0.897136 0.442330
vt 0.738658 0.933603
vt 0.738970 0.933304
vt 0.739034 0.933604
vt 0.396910 0.978548
vt 0.396608 0.978247
vt 0.396909 0.978179
vt 0.899307 0.487641
vt 0.899608 0.487340
vt 0.899676 0.487641
vt 0.512558 0.978548
vt 0.512858 0.978246
vt 0.512926 0.978548
vt 0.398257 0.942890
vt 0.398558 0.943193
vt 0.398257 0.943260
vt 0.510388 0.978548
vt 0.510085 0.978246
vt 0.510387 0.978179
vt 0.899307 0.631757
vt 0.899608 0.632059
vt 0.899307 0.632126
vt 0.396087 0.942889
vt 0.395785 0.943193
vt 0.395717 0.942891
vt 0.899307 0.496929
vt 0.899608 0.497230
vt 0.899307 0.497298
vt 0.398257 0.933603
vt 0.398558 0.933304
vt 0.398626 0.933604
vt 0.285603 0.980718
vt 0.285903 0.981019
vt 0.285602 0.981087
vt 0.899307 0.622470
vt 0.899608 0.622169
vt 0.899676 0.622470
vt 0.283432 0.980718
vt 0.283130 0.981019
vt 0.283063 0.980718
vt 0.396087 0.933603
vt 0.395785 0.933304
vt 0.396086 0.933235
vt 0.897137 0.487641
vt 0.896835 0.487340
vt 0.897137 0.487272
vt 0.660845 0.942891
vt 0.660555 0.943195
vt 0.660484 0.942893
vt 0.512558 0.980718
vt 0.512858 0.981019
vt 0.512557 0.981087
vt 0.897136 0.631757
vt 0.896835 0.632059
vt 0.896767 0.631757
vt 0.510388 0.980718
vt 0.510085 0.981019
vt 0.510018 0.980718
vt 0.663013 0.942889
vt 0.663325 0.943193
vt 0.663021 0.943260
vt 0.897137 0.496929
vt 0.896835 0.497230
vt 0.896768 0.496929
vt 0.285603 0.978548
vt 0.285903 0.978247
vt 0.285971 0.978548
vt 0.660845 0.933604
vt 0.660555 0.933305
vt 0.660853 0.933237
vt 0.897136 0.622470
vt 0.896835 0.622169
vt 0.897136 0.622101
vt 0.663013 0.933603
vt 0.663325 0.933304
vt 0.663389 0.933604
vt 0.283432 0.978548
vt 0.283130 0.978247
vt 0.283432 0.978179
vt 0.171302 0.933604
vt 0.171603 0.933303
vt 0.171671 0.933604
vt 0.777339 0.978548
vt 0.777639 0.978246
vt 0.777707 0.978548
vt 0.436083 0.942890
vt 0.436384 0.943193
vt 0.436083 0.943260
vt 0.775169 0.978548
vt 0.774866 0.978246
vt 0.775168 0.978179
vt 0.057824 0.942892
vt 0.058125 0.943193
vt 0.057824 0.943261
vt 0.433913 0.942889
vt 0.433611 0.943193
vt 0.433543 0.942891
vt 0.171302 0.942892
vt 0.171603 0.943193
vt 0.171302 0.943261
vt 0.436083 0.933603
vt 0.436384 0.933304
vt 0.436452 0.933604
vt 0.474732 0.980718
vt 0.475033 0.981019
vt 0.474732 0.981087
vt 0.057824 0.933604
vt 0.058125 0.933303
vt 0.058193 0.933604
vt 0.472562 0.980718
vt 0.472260 0.981019
vt 0.472192 0.980718
vt 0.433913 0.933603
vt 0.433611 0.933304
vt 0.433912 0.933235
vt 0.169131 0.933604
vt 0.168830 0.933303
vt 0.169131 0.933235
vt 0.774313 0.942891
vt 0.774023 0.943195
vt 0.773952 0.942893
vt 0.777339 0.980718
vt 0.777639 0.981019
vt 0.777338 0.981087
vt 0.055653 0.942892
vt 0.055352 0.943193
vt 0.055285 0.942892
vt 0.775169 0.980718
vt 0.774866 0.981019
vt 0.774799 0.980718
vt 0.776481 0.942889
vt 0.776792 0.943193
vt 0.776488 0.943260
vt 0.169131 0.942892
vt 0.168830 0.943193
vt 0.168762 0.942892
vt 0.474732 0.978548
vt 0.475033 0.978247
vt 0.475101 0.978548
vt 0.774313 0.933604
vt 0.774023 0.933305
vt 0.774320 0.933237
vt 0.055653 0.933604
vt 0.055352 0.933303
vt 0.055654 0.933235
vt 0.776481 0.933603
vt 0.776792 0.933304
vt 0.776857 0.933604
vt 0.472562 0.978548
vt 0.472260 0.978247
vt 0.472561 0.978179
vt 0.899307 0.532584
vt 0.899608 0.532283
vt 0.899676 0.532584
vt 0.550384 0.978548
vt 0.550684 0.978246
vt 0.550752 0.978548
vt 0.473909 0.942889
vt 0.474209 0.943193
vt 0.473908 0.943260
vt 0.548214 0.978548
vt 0.547911 0.978246
vt 0.548213 0.978179
vt 0.095650 0.942892
vt 0.095951 0.943193
vt 0.095650 0.943261
vt 0.471739 0.942889
vt 0.471436 0.943193
vt 0.471369 0.942891
vt 0.899307 0.541872
vt 0.899608 0.542173
vt 0.899307 0.542241
vt 0.473909 0.933603
vt 0.474209 0.933304
vt 0.474277 0.933604
vt 0.323429 0.980718
vt 0.323729 0.981019
vt 0.323428 0.981087
vt 0.095650 0.933604
vt 0.095951 0.933303
vt 0.096019 0.933604
vt 0.321258 0.980718
vt 0.320956 0.981019
vt 0.320889 0.980718
vt 0.471739 0.933603
vt 0.471436 0.933304
vt 0.471738 0.933235
vt 0.897137 0.532584
vt 0.896835 0.532283
vt 0.897136 0.532215
vt 0.547378 0.942891
vt 0.547088 0.943195
vt 0.547017 0.942893
vt 0.550384 0.980718
vt 0.550684 0.981019
vt 0.550383 0.981087
vt 0.093479 0.942892
vt 0.093178 0.943193
vt 0.093110 0.942892
vt 0.548214 0.980718
vt 0.547911 0.981019
vt 0.547844 0.980718
vt 0.549546 0.942889
vt 0.549858 0.943193
vt 0.549554 0.943260
vt 0.897137 0.541872
vt 0.896835 0.542173
vt 0.896767 0.541872
vt 0.323429 0.978548
vt 0.323729 0.978246
vt 0.323797 0.978548
vt 0.547378 0.933604
vt 0.547088 0.933305
vt 0.547386 0.933237
vt 0.093479 0.933604
vt 0.093178 0.933303
vt 0.093479 0.933235
vt 0.549546 0.933603
vt 0.549858 0.933304
vt 0.549922 0.933604
vt 0.321258 0.978548
vt 0.320956 0.978246
vt 0.321258 0.978179
vt 0.803849 0.081453
vt 0.803574 0.081728
vt 0.803434 0.081472
vt 0.607220 0.783960
vt 0.606940 0.784328
vt 0.606716 0.783960
vt 0.607500 0.784328
vt 0.607724 0.783960
vt 0.811310 0.119121
vt 0.811411 0.118745
vt 0.811660 0.118897
vt 0.607220 0.766637
vt 0.607500 0.766268
vt 0.607724 0.766637
vt 0.606940 0.766268
vt 0.606716 0.766637
vt 0.801850 0.077990
vt 0.801474 0.078091
vt 0.801481 0.077799
vt 0.611313 0.783956
vt 0.610993 0.784325
vt 0.610848 0.783957
vt 0.611478 0.784324
vt 0.611721 0.783955
vt 0.807311 0.119121
vt 0.807211 0.118745
vt 0.807502 0.118752
vt 0.611313 0.766634
vt 0.611478 0.766264
vt 0.611721 0.766633
vt 0.610993 0.766265
vt 0.610848 0.766634
vt 0.801850 0.073992
vt 0.801474 0.073891
vt 0.801625 0.073642
vt 0.554557 0.784064
vt 0.554395 0.784419
vt 0.554152 0.784050
vt 0.554877 0.784433
vt 0.555019 0.784074
vt 0.803849 0.121120
vt 0.803574 0.120845
vt 0.803830 0.120705
vt 0.554548 0.766762
vt 0.554867 0.766394
vt 0.555010 0.766772
vt 0.554385 0.766380
vt 0.554142 0.766748
vt 0.803849 0.070529
vt 0.803574 0.070253
vt 0.803830 0.070114
vt 0.558637 0.784118
vt 0.558359 0.784479
vt 0.558134 0.784115
vt 0.558919 0.784479
vt 0.559142 0.784115
vt 0.801849 0.124583
vt 0.801474 0.124483
vt 0.801625 0.124233
vt 0.558628 0.766816
vt 0.558909 0.766440
vt 0.559132 0.766813
vt 0.558349 0.766440
vt 0.558124 0.766813
vt 0.807312 0.068529
vt 0.807211 0.068153
vt 0.807503 0.068160
vt 0.562742 0.784064
vt 0.562423 0.784433
vt 0.562276 0.784074
vt 0.562911 0.784419
vt 0.563154 0.784050
vt 0.801849 0.128582
vt 0.801474 0.128683
vt 0.801480 0.128391
vt 0.562733 0.766762
vt 0.562901 0.766380
vt 0.563145 0.766748
vt 0.562413 0.766394
vt 0.562266 0.766772
vt 0.811310 0.068529
vt 0.811411 0.068153
vt 0.811660 0.068305
vt 0.804196 0.352761
vt 0.804031 0.353129
vt 0.803788 0.352760
vt 0.804516 0.353130
vt 0.804661 0.352762
vt 0.803849 0.132045
vt 0.803574 0.132320
vt 0.803434 0.132064
vt 0.804196 0.335438
vt 0.804516 0.335069
vt 0.804661 0.335439
vt 0.804031 0.335068
vt 0.803788 0.335437
vt 0.814773 0.070529
vt 0.815048 0.070253
vt 0.815188 0.070510
vt 0.808289 0.352766
vt 0.808009 0.353134
vt 0.807785 0.352766
vt 0.808569 0.353134
vt 0.808793 0.352766
vt 0.807311 0.134044
vt 0.807211 0.134420
vt 0.806962 0.134268
vt 0.808289 0.335443
vt 0.808569 0.335074
vt 0.808793 0.335443
vt 0.808009 0.335074
vt 0.807785 0.335443
vt 0.816772 0.073992
vt 0.817148 0.073891
vt 0.817141 0.074182
vt 0.812382 0.352761
vt 0.812063 0.353130
vt 0.811918 0.352762
vt 0.812547 0.353129
vt 0.812791 0.352760
vt 0.811310 0.134044
vt 0.811411 0.134420
vt 0.811119 0.134413
vt 0.812382 0.335438
vt 0.812547 0.335068
vt 0.812791 0.335437
vt 0.812063 0.335069
vt 0.811918 0.335439
vt 0.816772 0.077990
vt 0.817148 0.078091
vt 0.816996 0.078340
vt 0.804229 0.299778
vt 0.804061 0.300146
vt 0.803817 0.299777
vt 0.804549 0.300147
vt 0.804696 0.299779
vt 0.814773 0.132045
vt 0.815048 0.132320
vt 0.814792 0.132460
vt 0.804229 0.282455
vt 0.804549 0.282087
vt 0.804696 0.282456
vt 0.804061 0.282085
vt 0.803817 0.282454
vt 0.814773 0.081453
vt 0.815048 0.081728
vt 0.814792 0.081868
vt 0.808334 0.299782
vt 0.808053 0.300151
vt 0.807830 0.299782
vt 0.808613 0.300151
vt 0.808838 0.299782
vt 0.816772 0.128582
vt 0.817148 0.128683
vt 0.816996 0.128932
vt 0.808334 0.282460
vt 0.808613 0.282090
vt 0.808838 0.282460
vt 0.808053 0.282090
vt 0.807830 0.282460
vt 0.811310 0.083452
vt 0.811411 0.083828
vt 0.811119 0.083821
vt 0.812414 0.299778
vt 0.812095 0.300147
vt 0.811952 0.299778
vt 0.812576 0.300145
vt 0.812819 0.299776
vt 0.816772 0.124583
vt 0.817148 0.124483
vt 0.817141 0.124774
vt 0.812414 0.282455
vt 0.812576 0.282085
vt 0.812819 0.282454
vt 0.812095 0.282086
vt 0.811952 0.282456
vt 0.807312 0.083452
vt 0.807211 0.083828
vt 0.806962 0.083676
vt 0.603127 0.783956
vt 0.602962 0.784324
vt 0.602719 0.783955
vt 0.603447 0.784325
vt 0.603592 0.783957
vt 0.814773 0.121120
vt 0.815048 0.120845
vt 0.815188 0.121101
vt 0.603127 0.766634
vt 0.603447 0.766265
vt 0.603592 0.766634
vt 0.602962 0.766264
vt 0.602719 0.766633
vt 0.943639 0.058963
vt 0.943940 0.058662
vt 0.944008 0.058963
vt 0.943639 0.597746
vt 0.943940 0.598046
vt 0.943639 0.598114
vt 0.816840 0.940020
vt 0.817140 0.940324
vt 0.816839 0.940391
vt 0.943639 0.593050
vt 0.943940 0.592748
vt 0.944008 0.593050
vt 0.943639 0.107454
vt 0.943940 0.107755
vt 0.943639 0.107823
vt 0.812144 0.940020
vt 0.811841 0.940324
vt 0.811774 0.940022
vt 0.943639 0.065381
vt 0.943940 0.065682
vt 0.943639 0.065750
vt 0.816840 0.933603
vt 0.817140 0.933304
vt 0.817208 0.933605
vt 0.940091 0.557395
vt 0.939790 0.557696
vt 0.939722 0.557394
vt 0.943639 0.101036
vt 0.943940 0.100735
vt 0.944008 0.101036
vt 0.940091 0.552699
vt 0.939790 0.552397
vt 0.940091 0.552330
vt 0.812144 0.933603
vt 0.811841 0.933304
vt 0.812143 0.933235
vt 0.940091 0.058963
vt 0.939790 0.058662
vt 0.940091 0.058594
vt 0.852486 0.940022
vt 0.852196 0.940326
vt 0.852125 0.940024
vt 0.940091 0.597746
vt 0.939790 0.598046
vt 0.939722 0.597746
vt 0.940091 0.107454
vt 0.939790 0.107755
vt 0.939722 0.107454
vt 0.940091 0.593050
vt 0.939790 0.592748
vt 0.940091 0.592681
vt 0.857176 0.940020
vt 0.857488 0.940323
vt 0.857184 0.940391
vt 0.940091 0.065381
vt 0.939790 0.065682
vt 0.939722 0.065381
vt 0.943639 0.557395
vt 0.943940 0.557696
vt 0.943639 0.557763
vt 0.852486 0.933605
vt 0.852196 0.933307
vt 0.852494 0.933238
vt 0.940091 0.101036
vt 0.939790 0.100735
vt 0.940091 0.100667
vt 0.857176 0.933603
vt 0.857488 0.933304
vt 0.857552 0.933604
vt 0.943639 0.552699
vt 0.943940 0.552397
vt 0.944008 0.552699
vt 0.682063 0.851855
vt 0.682364 0.852156
vt 0.682063 0.852224
vt 0.854606 0.071954
vt 0.854906 0.071652
vt 0.854974 0.071954
vt 0.942262 0.915671
vt 0.942563 0.915975
vt 0.942262 0.916042
vt 0.852435 0.071954
vt 0.852133 0.071652
vt 0.852434 0.071585
vt 0.717718 0.851855
vt 0.717417 0.852156
vt 0.717350 0.851855
vt 0.940092 0.915671
vt 0.939790 0.915975
vt 0.939722 0.915673
vt 0.679089 0.851855
vt 0.678788 0.852156
vt 0.678720 0.851855
vt 0.942262 0.912697
vt 0.942563 0.912398
vt 0.942631 0.912699
vt 0.854606 0.036298
vt 0.854906 0.036600
vt 0.854605 0.036667
vt 0.720693 0.851855
vt 0.720994 0.852156
vt 0.720693 0.852224
vt 0.852435 0.036298
vt 0.852133 0.036600
vt 0.852066 0.036298
vt 0.940092 0.912697
vt 0.939790 0.912398
vt 0.940091 0.912330
vt 0.682063 0.833385
vt 0.682364 0.833083
vt 0.682432 0.833385
vt 0.017820 0.981521
vt 0.017530 0.981825
vt 0.017459 0.981523
vt 0.854606 0.090424
vt 0.854906 0.090726
vt 0.854605 0.090793
vt 0.717718 0.833384
vt 0.717417 0.833083
vt 0.717718 0.833016
vt 0.852435 0.090424
vt 0.852133 0.090726
vt 0.852066 0.090424
vt 0.019988 0.981520
vt 0.020299 0.981823
vt 0.019995 0.981890
vt 0.679089 0.833385
vt 0.678788 0.833083
vt 0.679089 0.833016
vt 0.854606 0.017828
vt 0.854906 0.017526
vt 0.854974 0.017828
vt 0.017820 0.978547
vt 0.017530 0.978249
vt 0.017827 0.978180
vt 0.720693 0.833384
vt 0.720994 0.833083
vt 0.721062 0.833384
vt 0.019988 0.978546
vt 0.020299 0.978247
vt 0.020364 0.978548
vt 0.852435 0.017828
vt 0.852133 0.017526
vt 0.852435 0.017459
vt 0.134381 0.980140
vt 0.134175 0.979647
vt 0.134423 0.979647
vt 0.133659 0.979647
vt 0.134048 0.979905
vt 0.134381 0.979155
vt 0.134048 0.979389
vt 0.056630 0.981099
vt 0.056346 0.980647
vt 0.056630 0.980692
vt 0.055825 0.980530
vt 0.056203 0.980849
vt 0.056644 0.980226
vt 0.056209 0.980394
vt 0.133678 0.978442
vt 0.133881 0.978935
vt 0.133608 0.978843
vt 0.134374 0.979139
vt 0.134056 0.978760
vt 0.133516 0.979300
vt 0.133973 0.979208
vt 0.055649 0.979544
vt 0.055935 0.979995
vt 0.055691 0.980037
vt 0.056444 0.979908
vt 0.056017 0.979719
vt 0.055816 0.980515
vt 0.056104 0.980228
vt 0.132676 0.978435
vt 0.133169 0.978641
vt 0.132911 0.978768
vt 0.133661 0.978435
vt 0.133169 0.978393
vt 0.133169 0.979156
vt 0.133427 0.978768
vt 0.056222 0.978723
vt 0.056105 0.979244
vt 0.055903 0.979101
vt 0.056527 0.979542
vt 0.056358 0.979106
vt 0.055653 0.979527
vt 0.056060 0.979528
vt 0.131963 0.979139
vt 0.132457 0.978935
vt 0.132364 0.979208
vt 0.132660 0.978442
vt 0.132282 0.978760
vt 0.132822 0.979300
vt 0.132729 0.978843
vt 0.057208 0.978547
vt 0.056757 0.978833
vt 0.056715 0.978588
vt 0.056845 0.979341
vt 0.057033 0.978914
vt 0.056237 0.978713
vt 0.056524 0.979002
vt 0.131956 0.980140
vt 0.132162 0.979647
vt 0.132289 0.979905
vt 0.131956 0.979155
vt 0.131914 0.979647
vt 0.132678 0.979647
vt 0.132289 0.979389
vt 0.058029 0.979119
vt 0.057509 0.979003
vt 0.057652 0.978800
vt 0.057211 0.979424
vt 0.057646 0.979256
vt 0.057225 0.978551
vt 0.057225 0.978958
vt 0.132660 0.980853
vt 0.132457 0.980359
vt 0.132729 0.980452
vt 0.131963 0.980156
vt 0.132282 0.980535
vt 0.132822 0.979994
vt 0.132364 0.980087
vt 0.058205 0.980105
vt 0.057920 0.979655
vt 0.058164 0.979613
vt 0.057411 0.979742
vt 0.057838 0.979930
vt 0.058039 0.979134
vt 0.057751 0.979422
vt 0.133661 0.980860
vt 0.133169 0.980654
vt 0.133427 0.980527
vt 0.132676 0.980860
vt 0.133169 0.980902
vt 0.133169 0.980138
vt 0.132911 0.980527
vt 0.057633 0.980927
vt 0.057749 0.980406
vt 0.057952 0.980549
vt 0.057328 0.980108
vt 0.057497 0.980543
vt 0.058201 0.980122
vt 0.057795 0.980122
vt 0.134374 0.980156
vt 0.133881 0.980359
vt 0.133973 0.980087
vt 0.133678 0.980853
vt 0.134056 0.980535
vt 0.133516 0.979994
vt 0.133608 0.980452
vt 0.056647 0.981103
vt 0.057098 0.980817
vt 0.057139 0.981061
vt 0.057011 0.980309
vt 0.056822 0.980736
vt 0.057618 0.980936
vt 0.057330 0.980648
vt 0.172237 0.980140
vt 0.172031 0.979647
vt 0.172279 0.979648
vt 0.171515 0.979647
vt 0.171904 0.979905
vt 0.172237 0.979155
vt 0.171904 0.979389
vt 0.094839 0.981099
vt 0.094555 0.980647
vt 0.094839 0.980692
vt 0.094034 0.980530
vt 0.094412 0.980849
vt 0.094853 0.980226
vt 0.094418 0.980394
vt 0.171533 0.978442
vt 0.171736 0.978936
vt 0.171464 0.978843
vt 0.172230 0.979139
vt 0.171912 0.978760
vt 0.171372 0.979300
vt 0.171829 0.979208
vt 0.093858 0.979544
vt 0.094144 0.979995
vt 0.093900 0.980037
vt 0.094653 0.979908
vt 0.094226 0.979719
vt 0.094025 0.980515
vt 0.094313 0.980228
vt 0.170532 0.978435
vt 0.171025 0.978641
vt 0.170767 0.978768
vt 0.171517 0.978435
vt 0.171025 0.978393
vt 0.171025 0.979156
vt 0.171283 0.978768
vt 0.094431 0.978723
vt 0.094315 0.979244
vt 0.094112 0.979101
vt 0.094736 0.979542
vt 0.094567 0.979106
vt 0.093862 0.979527
vt 0.094269 0.979528
vt 0.169819 0.979139
vt 0.170313 0.978936
vt 0.170220 0.979208
vt 0.170516 0.978442
vt 0.170137 0.978760
vt 0.170678 0.979300
vt 0.170585 0.978843
vt 0.095417 0.978547
vt 0.094966 0.978833
vt 0.094924 0.978588
vt 0.095054 0.979342
vt 0.095242 0.978914
vt 0.094446 0.978713
vt 0.094734 0.979002
vt 0.169812 0.980140
vt 0.170018 0.979647
vt 0.170145 0.979905
vt 0.169812 0.979155
vt 0.169770 0.979648
vt 0.170534 0.979647
vt 0.170145 0.979389
vt 0.096239 0.979119
vt 0.095718 0.979003
vt 0.095861 0.978801
vt 0.095420 0.979424
vt 0.095855 0.979256
vt 0.095434 0.978551
vt 0.095434 0.978958
vt 0.170516 0.980853
vt 0.170313 0.980359
vt 0.170585 0.980452
vt 0.169819 0.980156
vt 0.170137 0.980535
vt 0.170678 0.979994
vt 0.170220 0.980087
vt 0.096415 0.980105
vt 0.096129 0.979655
vt 0.096373 0.979613
vt 0.095620 0.979742
vt 0.096047 0.979931
vt 0.096248 0.979134
vt 0.095960 0.979422
vt 0.171517 0.980860
vt 0.171025 0.980654
vt 0.171283 0.980527
vt 0.170532 0.980860
vt 0.171025 0.980902
vt 0.171025 0.980138
vt 0.170767 0.980527
vt 0.095842 0.980927
vt 0.095959 0.980406
vt 0.096161 0.980549
vt 0.095537 0.980108
vt 0.095706 0.980543
vt 0.096411 0.980123
vt 0.096004 0.980122
vt 0.172230 0.980156
vt 0.171736 0.980359
vt 0.171829 0.980087
vt 0.171533 0.980853
vt 0.171912 0.980535
vt 0.171372 0.979994
vt 0.171464 0.980452
vt 0.094856 0.981103
vt 0.095307 0.980817
vt 0.095349 0.981061
vt 0.095220 0.980309
vt 0.095031 0.980736
vt 0.095827 0.980936
vt 0.095540 0.980648
vt 0.220082 0.846690
vt 0.220384 0.846991
vt 0.220082 0.847059
vt 0.805987 0.833385
vt 0.806287 0.833083
vt 0.806355 0.833385
vt 0.113497 0.897944
vt 0.113798 0.898247
vt 0.113497 0.898314
vt 0.798996 0.833385
vt 0.798693 0.833083
vt 0.798995 0.833016
vt 0.255738 0.846689
vt 0.255436 0.846991
vt 0.255369 0.846690
vt 0.106506 0.897943
vt 0.106204 0.898247
vt 0.106136 0.897945
vt 0.209647 0.846690
vt 0.209346 0.846991
vt 0.209278 0.846690
vt 0.113497 0.887509
vt 0.113798 0.887210
vt 0.113866 0.887511
vt 0.763340 0.846690
vt 0.763641 0.846991
vt 0.763340 0.847059
vt 0.266173 0.846689
vt 0.266474 0.846991
vt 0.266173 0.847059
vt 0.756348 0.846690
vt 0.756046 0.846991
vt 0.755979 0.846690
vt 0.106506 0.887509
vt 0.106204 0.887210
vt 0.106505 0.887142
vt 0.220082 0.833385
vt 0.220384 0.833083
vt 0.220451 0.833385
vt 0.149144 0.897947
vt 0.148854 0.898251
vt 0.148783 0.897949
vt 0.805987 0.846690
vt 0.806287 0.846991
vt 0.805986 0.847059
vt 0.255738 0.833384
vt 0.255436 0.833083
vt 0.255738 0.833016
vt 0.798996 0.846690
vt 0.798693 0.846991
vt 0.798626 0.846690
vt 0.156127 0.897943
vt 0.156439 0.898247
vt 0.156135 0.898314
vt 0.209647 0.833385
vt 0.209346 0.833083
vt 0.209647 0.833016
vt 0.763340 0.833385
vt 0.763641 0.833083
vt 0.763709 0.833385
vt 0.149144 0.887513
vt 0.148854 0.887214
vt 0.149152 0.887145
vt 0.266173 0.833384
vt 0.266474 0.833083
vt 0.266542 0.833384
vt 0.156127 0.887509
vt 0.156439 0.887210
vt 0.156503 0.887510
vt 0.756348 0.833385
vt 0.756046 0.833083
vt 0.756348 0.833016
vt 0.941917 0.474396
vt 0.942218 0.474697
vt 0.941917 0.474765
vt 0.941344 0.676048
vt 0.941644 0.675747
vt 0.941712 0.676048
vt 0.981680 0.170335
vt 0.981980 0.170638
vt 0.981679 0.170705
vt 0.940092 0.676048
vt 0.939790 0.675747
vt 0.940091 0.675679
vt 0.940091 0.517043
vt 0.939790 0.517345
vt 0.939722 0.517043
vt 0.980428 0.170334
vt 0.980125 0.170638
vt 0.980058 0.170336
vt 0.940091 0.474396
vt 0.939790 0.474697
vt 0.939722 0.474396
vt 0.981680 0.168508
vt 0.981980 0.168210
vt 0.982048 0.168510
vt 0.941344 0.640393
vt 0.941644 0.640694
vt 0.941343 0.640762
vt 0.941917 0.517043
vt 0.942218 0.517345
vt 0.941917 0.517412
vt 0.940092 0.640393
vt 0.939790 0.640694
vt 0.939722 0.640393
vt 0.980428 0.168508
vt 0.980125 0.168210
vt 0.980427 0.168141
vt 0.941917 0.467405
vt 0.942218 0.467103
vt 0.942286 0.467405
vt 0.980419 0.207817
vt 0.980129 0.208120
vt 0.980058 0.207819
vt 0.941344 0.683040
vt 0.941644 0.683341
vt 0.941343 0.683409
vt 0.940091 0.510051
vt 0.939790 0.509750
vt 0.940091 0.509683
vt 0.940092 0.683040
vt 0.939790 0.683341
vt 0.939722 0.683040
vt 0.981670 0.207816
vt 0.981981 0.208119
vt 0.981677 0.208187
vt 0.940091 0.467405
vt 0.939790 0.467103
vt 0.940091 0.467036
vt 0.941344 0.633401
vt 0.941644 0.633100
vt 0.941712 0.633401
vt 0.980419 0.205991
vt 0.980129 0.205692
vt 0.980426 0.205623
vt 0.941917 0.510051
vt 0.942218 0.509750
vt 0.942286 0.510052
vt 0.981670 0.205990
vt 0.981981 0.205691
vt 0.982046 0.205991
vt 0.940092 0.633401
vt 0.939790 0.633100
vt 0.940091 0.633032
vt 0.944574 0.144911
vt 0.944369 0.145403
vt 0.944242 0.145145
vt 0.944574 0.145896
vt 0.944617 0.145404
vt 0.943853 0.145403
vt 0.944242 0.145661
vt 0.898149 0.316617
vt 0.898150 0.317151
vt 0.897921 0.317056
vt 0.898627 0.317349
vt 0.898366 0.316961
vt 0.897772 0.317527
vt 0.898169 0.317438
vt 0.943585 0.143508
vt 0.943788 0.144002
vt 0.943516 0.143909
vt 0.944282 0.144205
vt 0.943963 0.143827
vt 0.943423 0.144366
vt 0.943881 0.144274
vt 0.899600 0.315699
vt 0.899223 0.316078
vt 0.899128 0.315849
vt 0.899420 0.316555
vt 0.899510 0.316097
vt 0.898689 0.316076
vt 0.899033 0.316294
vt 0.941894 0.143216
vt 0.942386 0.143421
vt 0.942128 0.143548
vt 0.942879 0.143216
vt 0.942386 0.143173
vt 0.942386 0.143937
vt 0.942644 0.143548
vt 0.901274 0.316076
vt 0.900740 0.316078
vt 0.900835 0.315849
vt 0.900543 0.316555
vt 0.900930 0.316294
vt 0.900364 0.315699
vt 0.900453 0.316097
vt 0.940491 0.144205
vt 0.940984 0.144002
vt 0.940892 0.144274
vt 0.941188 0.143508
vt 0.940809 0.143827
vt 0.941349 0.144366
vt 0.941257 0.143909
vt 0.902192 0.317527
vt 0.901813 0.317151
vt 0.902042 0.317056
vt 0.901336 0.317349
vt 0.901795 0.317438
vt 0.901815 0.316617
vt 0.901597 0.316961
vt 0.940198 0.145896
vt 0.940404 0.145403
vt 0.940531 0.145661
vt 0.940198 0.144911
vt 0.940156 0.145404
vt 0.940920 0.145403
vt 0.940531 0.145145
vt 0.901815 0.319202
vt 0.901813 0.318668
vt 0.902042 0.318763
vt 0.901336 0.318471
vt 0.901597 0.318858
vt 0.902192 0.318291
vt 0.901795 0.318381
vt 0.941188 0.147299
vt 0.940984 0.146805
vt 0.941257 0.146898
vt 0.940491 0.146602
vt 0.940809 0.146981
vt 0.941349 0.146440
vt 0.940892 0.146533
vt 0.900364 0.320119
vt 0.900740 0.319741
vt 0.900835 0.319970
vt 0.900543 0.319264
vt 0.900453 0.319722
vt 0.901274 0.319742
vt 0.900930 0.319525
vt 0.942879 0.147592
vt 0.942386 0.147386
vt 0.942644 0.147259
vt 0.941894 0.147592
vt 0.942386 0.147634
vt 0.942386 0.146870
vt 0.942128 0.147259
vt 0.898689 0.319742
vt 0.899223 0.319741
vt 0.899128 0.319970
vt 0.899420 0.319264
vt 0.899033 0.319525
vt 0.899600 0.320119
vt 0.899510 0.319722
vt 0.944282 0.146602
vt 0.943788 0.146805
vt 0.943881 0.146533
vt 0.943585 0.147299
vt 0.943963 0.146981
vt 0.943423 0.146440
vt 0.943516 0.146898
vt 0.897772 0.318291
vt 0.898150 0.318668
vt 0.897921 0.318763
vt 0.898627 0.318471
vt 0.898169 0.318381
vt 0.898149 0.319202
vt 0.898366 0.318858
vt 0.944574 0.185768
vt 0.944369 0.186261
vt 0.944242 0.186002
vt 0.944574 0.186753
vt 0.944617 0.186261
vt 0.943853 0.186260
vt 0.944242 0.186518
vt 0.899599 0.357045
vt 0.899222 0.357424
vt 0.899128 0.357195
vt 0.899420 0.357901
vt 0.899509 0.357443
vt 0.898689 0.357422
vt 0.899033 0.357640
vt 0.943585 0.184365
vt 0.943788 0.184859
vt 0.943516 0.184766
vt 0.944282 0.185062
vt 0.943963 0.184684
vt 0.943423 0.185223
vt 0.943881 0.185131
vt 0.901274 0.357422
vt 0.900740 0.357424
vt 0.900835 0.357195
vt 0.900542 0.357901
vt 0.900929 0.357640
vt 0.900363 0.357045
vt 0.900453 0.357443
vt 0.941894 0.184073
vt 0.942386 0.184278
vt 0.942128 0.184405
vt 0.942879 0.184073
vt 0.942386 0.184030
vt 0.942386 0.184794
vt 0.942644 0.184405
vt 0.902191 0.358873
vt 0.901813 0.358497
vt 0.902042 0.358402
vt 0.901336 0.358694
vt 0.901794 0.358784
vt 0.901814 0.357963
vt 0.901596 0.358307
vt 0.940491 0.185062
vt 0.940985 0.184859
vt 0.940892 0.185131
vt 0.941188 0.184365
vt 0.940809 0.184684
vt 0.941349 0.185223
vt 0.941257 0.184766
vt 0.901814 0.360548
vt 0.901813 0.360014
vt 0.902042 0.360109
vt 0.901336 0.359817
vt 0.901596 0.360204
vt 0.902191 0.359637
vt 0.901794 0.359727
vt 0.940198 0.186753
vt 0.940404 0.186261
vt 0.940531 0.186518
vt 0.940198 0.185768
vt 0.940156 0.186261
vt 0.940920 0.186260
vt 0.940531 0.186003
vt 0.900363 0.361465
vt 0.900740 0.361087
vt 0.900835 0.361316
vt 0.900542 0.360610
vt 0.900453 0.361068
vt 0.901274 0.361088
vt 0.900929 0.360871
vt 0.941188 0.188156
vt 0.940985 0.187662
vt 0.941257 0.187755
vt 0.940491 0.187460
vt 0.940809 0.187838
vt 0.941349 0.187297
vt 0.940892 0.187390
vt 0.898689 0.361088
vt 0.899222 0.361087
vt 0.899128 0.361316
vt 0.899420 0.360610
vt 0.899033 0.360871
vt 0.899599 0.361465
vt 0.899509 0.361068
vt 0.942879 0.188449
vt 0.942386 0.188243
vt 0.942644 0.188116
vt 0.941894 0.188449
vt 0.942386 0.188491
vt 0.942386 0.187727
vt 0.942128 0.188116
vt 0.897771 0.359637
vt 0.898149 0.360014
vt 0.897921 0.360109
vt 0.898626 0.359817
vt 0.898168 0.359727
vt 0.898148 0.360548
vt 0.898366 0.360204
vt 0.944282 0.187460
vt 0.943788 0.187662
vt 0.943881 0.187390
vt 0.943585 0.188156
vt 0.943963 0.187838
vt 0.943423 0.187297
vt 0.943516 0.187755
vt 0.898148 0.357963
vt 0.898149 0.358497
vt 0.897921 0.358402
vt 0.898626 0.358694
vt 0.898366 0.358307
vt 0.897771 0.358873
vt 0.898168 0.358784
vt 0.260305 0.776161
vt 0.260870 0.775603
vt 0.260774 0.776120
vt 0.259741 0.775603
vt 0.259837 0.776120
vt 0.259714 0.775071
vt 0.260305 0.775297
vt 0.260630 0.774550
vt 0.259981 0.774550
vt 0.260305 0.774086
vt 0.260896 0.775071
vt 0.263760 0.766610
vt 0.264353 0.766489
vt 0.264112 0.767015
vt 0.765331 0.894976
vt 0.764962 0.895657
vt 0.764933 0.895233
vt 0.809544 0.189017
vt 0.810402 0.188875
vt 0.809800 0.189263
vt 0.810099 0.188233
vt 0.809816 0.188662
vt 0.810940 0.188351
vt 0.810530 0.188077
vt 0.810912 0.187889
vt 0.810891 0.176375
vt 0.810546 0.176598
vt 0.810526 0.176031
vt 0.810553 0.177180
vt 0.810962 0.176879
vt 0.810934 0.177399
vt 0.810124 0.176948
vt 0.810100 0.176320
vt 0.810075 0.175773
vt 0.260305 0.785457
vt 0.259706 0.785764
vt 0.259837 0.785415
vt 0.260905 0.785764
vt 0.260774 0.785415
vt 0.717776 0.895293
vt 0.718408 0.895619
vt 0.717805 0.895744
vt 0.718766 0.894952
vt 0.718053 0.894952
vt 0.718410 0.894615
vt 0.719038 0.895293
vt 0.801474 0.233247
vt 0.801884 0.233547
vt 0.801502 0.233766
vt 0.801545 0.232743
vt 0.801890 0.232966
vt 0.802336 0.232687
vt 0.801910 0.232398
vt 0.802361 0.232141
vt 0.802313 0.233316
vt 0.758105 0.895657
vt 0.757731 0.894976
vt 0.758128 0.895233
vt 0.256850 0.766610
vt 0.256258 0.766489
vt 0.256877 0.766255
vt 0.801901 0.244445
vt 0.801490 0.244718
vt 0.801518 0.244256
vt 0.802332 0.244601
vt 0.802028 0.245243
vt 0.802886 0.245385
vt 0.802615 0.245030
vt 0.801910 0.184094
vt 0.802339 0.183805
vt 0.802362 0.184352
vt 0.801544 0.183750
vt 0.801892 0.183527
vt 0.801887 0.182945
vt 0.801474 0.183246
vt 0.801503 0.182726
vt 0.802318 0.183177
vt 0.714590 0.887832
vt 0.714959 0.887142
vt 0.714988 0.887578
vt 0.802873 0.171108
vt 0.802014 0.171250
vt 0.802613 0.170862
vt 0.802321 0.171892
vt 0.802603 0.171463
vt 0.801474 0.171774
vt 0.801889 0.172048
vt 0.801504 0.172236
vt 0.304307 0.785791
vt 0.303715 0.785912
vt 0.303955 0.785387
vt 0.810114 0.228262
vt 0.810421 0.227620
vt 0.810546 0.228418
vt 0.809562 0.227478
vt 0.809832 0.227833
vt 0.721816 0.887142
vt 0.722189 0.887832
vt 0.721793 0.887578
vt 0.311217 0.785791
vt 0.311809 0.785912
vt 0.311190 0.786146
vt 0.810961 0.228144
vt 0.810931 0.228606
vt 0.810095 0.240175
vt 0.810524 0.240464
vt 0.810073 0.240722
vt 0.810117 0.239547
vt 0.810542 0.239897
vt 0.810961 0.239616
vt 0.810548 0.239315
vt 0.810932 0.239096
vt 0.810890 0.240120
vt 0.762141 0.887605
vt 0.761508 0.887286
vt 0.762112 0.887141
vt 0.761150 0.887958
vt 0.761864 0.887958
vt 0.761507 0.888297
vt 0.760878 0.887605
vt 0.307762 0.766944
vt 0.308361 0.766637
vt 0.308230 0.766986
vt 0.307162 0.766637
vt 0.307294 0.766986
vt 0.307171 0.777330
vt 0.307762 0.777105
vt 0.307437 0.777851
vt 0.307762 0.776240
vt 0.307197 0.776798
vt 0.307294 0.776281
vt 0.308327 0.776798
vt 0.308230 0.776281
vt 0.308353 0.777330
vt 0.308087 0.777851
vt 0.307762 0.778315
vt 0.078826 0.477347
vt 0.078725 0.477722
vt 0.078476 0.477571
vt 0.643944 0.444009
vt 0.643575 0.443729
vt 0.643944 0.443505
vt 0.643576 0.444289
vt 0.643945 0.444513
vt 0.166151 0.447523
vt 0.166426 0.447248
vt 0.166566 0.447504
vt 0.654379 0.444000
vt 0.654749 0.444280
vt 0.654380 0.444504
vt 0.654749 0.443720
vt 0.654379 0.443496
vt 0.070835 0.472733
vt 0.070560 0.473008
vt 0.070420 0.472752
vt 0.643960 0.453153
vt 0.643591 0.452833
vt 0.643959 0.452688
vt 0.643592 0.453318
vt 0.643962 0.453561
vt 0.158160 0.442909
vt 0.158261 0.442533
vt 0.158510 0.442685
vt 0.654396 0.453144
vt 0.654766 0.453309
vt 0.654397 0.453552
vt 0.654764 0.452824
vt 0.654394 0.452679
vt 0.066221 0.464742
vt 0.065845 0.464842
vt 0.065852 0.464551
vt 0.644056 0.307837
vt 0.643701 0.307674
vt 0.644071 0.307431
vt 0.643688 0.308156
vt 0.644047 0.308299
vt 0.148932 0.442909
vt 0.148832 0.442533
vt 0.149124 0.442540
vt 0.654479 0.307831
vt 0.654848 0.308150
vt 0.654469 0.308293
vt 0.654861 0.307668
vt 0.654494 0.307426
vt 0.066221 0.455514
vt 0.065845 0.455413
vt 0.065997 0.455164
vt 0.643937 0.316952
vt 0.643576 0.316674
vt 0.643939 0.316449
vt 0.643576 0.317234
vt 0.643939 0.317457
vt 0.140941 0.447523
vt 0.140666 0.447248
vt 0.140922 0.447108
vt 0.654359 0.316946
vt 0.654735 0.317228
vt 0.654362 0.317451
vt 0.654735 0.316668
vt 0.654362 0.316443
vt 0.070835 0.447523
vt 0.070560 0.447248
vt 0.070816 0.447108
vt 0.644056 0.326123
vt 0.643688 0.325803
vt 0.644047 0.325656
vt 0.643701 0.326291
vt 0.644071 0.326534
vt 0.136327 0.455514
vt 0.135952 0.455413
vt 0.136103 0.455164
vt 0.654479 0.326117
vt 0.654861 0.326285
vt 0.654494 0.326529
vt 0.654848 0.325797
vt 0.654469 0.325650
vt 0.078826 0.442909
vt 0.078725 0.442533
vt 0.079017 0.442540
vt 0.147273 0.705913
vt 0.146905 0.705748
vt 0.147274 0.705505
vt 0.146904 0.706233
vt 0.147272 0.706378
vt 0.136327 0.464741
vt 0.135952 0.464842
vt 0.135959 0.464550
vt 0.157708 0.705913
vt 0.158077 0.706233
vt 0.157707 0.706378
vt 0.158078 0.705748
vt 0.157709 0.705505
vt 0.088054 0.442909
vt 0.088154 0.442533
vt 0.088403 0.442685
vt 0.147261 0.715057
vt 0.146893 0.714777
vt 0.147262 0.714553
vt 0.146893 0.715337
vt 0.147262 0.715561
vt 0.140941 0.472733
vt 0.140666 0.473008
vt 0.140526 0.472752
vt 0.157697 0.715057
vt 0.158066 0.715337
vt 0.157697 0.715561
vt 0.158066 0.714777
vt 0.157697 0.714553
vt 0.096045 0.447523
vt 0.096320 0.447248
vt 0.096460 0.447504
vt 0.147273 0.724200
vt 0.146904 0.723881
vt 0.147272 0.723736
vt 0.146905 0.724366
vt 0.147274 0.724609
vt 0.148932 0.477346
vt 0.148832 0.477722
vt 0.148583 0.477571
vt 0.157708 0.724200
vt 0.158078 0.724366
vt 0.157709 0.724609
vt 0.158077 0.723881
vt 0.157707 0.723736
vt 0.100659 0.455514
vt 0.101034 0.455413
vt 0.101027 0.455705
vt 0.101151 0.706000
vt 0.100783 0.705831
vt 0.101152 0.705588
vt 0.100782 0.706320
vt 0.101151 0.706466
vt 0.158160 0.477346
vt 0.158261 0.477722
vt 0.157969 0.477715
vt 0.111586 0.705989
vt 0.111956 0.706308
vt 0.111586 0.706456
vt 0.111956 0.705820
vt 0.111587 0.705577
vt 0.100659 0.464742
vt 0.101034 0.464842
vt 0.100883 0.465091
vt 0.101150 0.715171
vt 0.100782 0.714890
vt 0.101150 0.714667
vt 0.100782 0.715450
vt 0.101151 0.715675
vt 0.166151 0.472733
vt 0.166426 0.473008
vt 0.166170 0.473148
vt 0.111586 0.715161
vt 0.111956 0.715439
vt 0.111586 0.715664
vt 0.111955 0.714879
vt 0.111585 0.714656
vt 0.096045 0.472733
vt 0.096320 0.473008
vt 0.096064 0.473148
vt 0.101170 0.724286
vt 0.100801 0.723967
vt 0.101169 0.723824
vt 0.100803 0.724448
vt 0.101172 0.724691
vt 0.170765 0.464741
vt 0.171141 0.464842
vt 0.170989 0.465091
vt 0.111605 0.724275
vt 0.111976 0.724437
vt 0.111607 0.724680
vt 0.111974 0.723955
vt 0.111604 0.723813
vt 0.088054 0.477347
vt 0.088154 0.477722
vt 0.087863 0.477716
vt 0.643945 0.434866
vt 0.643577 0.434700
vt 0.643945 0.434457
vt 0.643576 0.435185
vt 0.643944 0.435330
vt 0.170765 0.455514
vt 0.171141 0.455413
vt 0.171134 0.455705
vt 0.654380 0.434857
vt 0.654749 0.435176
vt 0.654380 0.435321
vt 0.654750 0.434691
vt 0.654381 0.434448
vt 0.899465 0.104888
vt 0.899352 0.104539
vt 0.899680 0.104582
vt 0.062070 0.730969
vt 0.062492 0.731271
vt 0.062194 0.731338
vt 0.062915 0.730969
vt 0.062492 0.730970
vt 0.941938 0.760638
vt 0.942059 0.761010
vt 0.941729 0.760960
vt 0.062915 0.699866
vt 0.062492 0.699565
vt 0.062791 0.699497
vt 0.062070 0.699866
vt 0.062492 0.699866
vt 0.903236 0.106113
vt 0.903533 0.105897
vt 0.903593 0.106223
vt 0.753087 0.159503
vt 0.753464 0.159818
vt 0.753226 0.159871
vt 0.753887 0.159528
vt 0.753444 0.159521
vt 0.943079 0.759068
vt 0.943470 0.759069
vt 0.943320 0.759367
vt 0.754896 0.128402
vt 0.754493 0.128089
vt 0.754825 0.128024
vt 0.754096 0.128376
vt 0.754454 0.128394
vt 0.903236 0.110078
vt 0.903533 0.110294
vt 0.903242 0.110452
vt 0.757368 0.159528
vt 0.757661 0.159818
vt 0.757367 0.159889
vt 0.057436 0.797729
vt 0.057061 0.798029
vt 0.057016 0.797728
vt 0.941938 0.757498
vt 0.942059 0.757127
vt 0.942297 0.757362
vt 0.058416 0.766625
vt 0.058060 0.766323
vt 0.058389 0.766255
vt 0.756507 0.128402
vt 0.756784 0.128089
vt 0.756867 0.128394
vt 0.899465 0.111303
vt 0.899352 0.111652
vt 0.899112 0.111424
vt 0.061083 0.797729
vt 0.061458 0.798029
vt 0.061132 0.798097
vt 0.753446 0.560239
vt 0.753149 0.560539
vt 0.753087 0.560238
vt 0.940093 0.758098
vt 0.939776 0.757869
vt 0.940073 0.757715
vt 0.754764 0.529136
vt 0.754491 0.528834
vt 0.754790 0.528767
vt 0.060103 0.766625
vt 0.060460 0.766323
vt 0.060524 0.766624
vt 0.897134 0.108096
vt 0.896767 0.108096
vt 0.896910 0.107797
vt 0.756927 0.560242
vt 0.757346 0.560542
vt 0.757017 0.560610
vt 0.757727 0.560240
vt 0.757370 0.560241
vt 0.940093 0.760039
vt 0.939776 0.760269
vt 0.939722 0.759939
vt 0.757175 0.529136
vt 0.756782 0.528836
vt 0.757017 0.528767
vt 0.756375 0.529137
vt 0.756818 0.529137
vt 0.899465 0.146919
vt 0.899352 0.146570
vt 0.899680 0.146613
vt 0.701281 0.500538
vt 0.701703 0.500839
vt 0.701405 0.500907
vt 0.702126 0.500538
vt 0.701703 0.500539
vt 0.941938 0.799439
vt 0.942059 0.799811
vt 0.941729 0.799761
vt 0.702126 0.469434
vt 0.701703 0.469133
vt 0.702002 0.469065
vt 0.701281 0.469434
vt 0.701703 0.469435
vt 0.903236 0.148144
vt 0.903533 0.147928
vt 0.903593 0.148254
vt 0.753087 0.226303
vt 0.753464 0.226618
vt 0.753226 0.226671
vt 0.753887 0.226328
vt 0.753444 0.226321
vt 0.943079 0.797869
vt 0.943470 0.797869
vt 0.943320 0.798168
vt 0.754896 0.195202
vt 0.754493 0.194889
vt 0.754825 0.194825
vt 0.754096 0.195176
vt 0.754454 0.195194
vt 0.903236 0.152109
vt 0.903533 0.152325
vt 0.903242 0.152483
vt 0.757368 0.226328
vt 0.757661 0.226618
vt 0.757367 0.226689
vt 0.096840 0.797729
vt 0.096465 0.798029
vt 0.096420 0.797728
vt 0.941938 0.796299
vt 0.942059 0.795928
vt 0.942297 0.796163
vt 0.097820 0.766625
vt 0.097463 0.766323
vt 0.097793 0.766255
vt 0.756507 0.195202
vt 0.756784 0.194889
vt 0.756867 0.195194
vt 0.899465 0.153334
vt 0.899352 0.153683
vt 0.899112 0.153455
vt 0.100486 0.797729
vt 0.100862 0.798029
vt 0.100536 0.798097
vt 0.753447 0.627000
vt 0.753149 0.627299
vt 0.753087 0.626999
vt 0.940093 0.796899
vt 0.939776 0.796669
vt 0.940073 0.796516
vt 0.754764 0.595896
vt 0.754492 0.595594
vt 0.754790 0.595527
vt 0.099507 0.766625
vt 0.099863 0.766323
vt 0.099927 0.766624
vt 0.897134 0.150127
vt 0.896767 0.150127
vt 0.896910 0.149828
vt 0.756927 0.627002
vt 0.757346 0.627302
vt 0.757017 0.627370
vt 0.757727 0.627000
vt 0.757370 0.627002
vt 0.940093 0.798840
vt 0.939776 0.799069
vt 0.939722 0.798739
vt 0.757175 0.595896
vt 0.756783 0.595596
vt 0.757017 0.595527
vt 0.756375 0.595898
vt 0.756818 0.595897
vt 0.899465 0.188950
vt 0.899352 0.188601
vt 0.899680 0.188644
vt 0.701281 0.567300
vt 0.701703 0.567602
vt 0.701405 0.567669
vt 0.702126 0.567300
vt 0.701703 0.567301
vt 0.941938 0.838240
vt 0.942059 0.838612
vt 0.941729 0.838561
vt 0.702126 0.536197
vt 0.701703 0.535896
vt 0.702002 0.535827
vt 0.701281 0.536197
vt 0.701703 0.536197
vt 0.903236 0.190175
vt 0.903533 0.189960
vt 0.903593 0.190285
vt 0.753087 0.293103
vt 0.753464 0.293418
vt 0.753226 0.293471
vt 0.753887 0.293128
vt 0.753444 0.293121
vt 0.943079 0.836670
vt 0.943470 0.836670
vt 0.943320 0.836969
vt 0.754896 0.262002
vt 0.754493 0.261689
vt 0.754825 0.261624
vt 0.754096 0.261976
vt 0.754453 0.261994
vt 0.903236 0.194140
vt 0.903533 0.194356
vt 0.903242 0.194514
vt 0.757368 0.293128
vt 0.757661 0.293418
vt 0.757367 0.293489
vt 0.175648 0.797729
vt 0.175273 0.798029
vt 0.175228 0.797728
vt 0.941938 0.835100
vt 0.942059 0.834728
vt 0.942297 0.834963
vt 0.176627 0.766625
vt 0.176271 0.766323
vt 0.176601 0.766255
vt 0.756507 0.262002
vt 0.756784 0.261689
vt 0.756867 0.261994
vt 0.899465 0.195365
vt 0.899352 0.195715
vt 0.899112 0.195486
vt 0.179294 0.797729
vt 0.179669 0.798029
vt 0.179344 0.798097
vt 0.753447 0.493479
vt 0.753149 0.493779
vt 0.753087 0.493478
vt 0.940093 0.835700
vt 0.939776 0.835470
vt 0.940073 0.835317
vt 0.754764 0.462376
vt 0.754492 0.462074
vt 0.754791 0.462006
vt 0.178315 0.766625
vt 0.178671 0.766323
vt 0.178735 0.766624
vt 0.897135 0.192158
vt 0.896767 0.192158
vt 0.896910 0.191859
vt 0.756927 0.493481
vt 0.757346 0.493782
vt 0.757017 0.493849
vt 0.757727 0.493480
vt 0.757370 0.493481
vt 0.940093 0.837640
vt 0.939776 0.837870
vt 0.939722 0.837540
vt 0.757175 0.462375
vt 0.756783 0.462075
vt 0.757018 0.462006
vt 0.756375 0.462377
vt 0.756818 0.462377
vt 0.899465 0.230981
vt 0.899352 0.230632
vt 0.899680 0.230675
vt 0.701281 0.634063
vt 0.701703 0.634364
vt 0.701405 0.634431
vt 0.702126 0.634063
vt 0.701703 0.634063
vt 0.941938 0.721838
vt 0.942059 0.722209
vt 0.941729 0.722159
vt 0.702126 0.602959
vt 0.701703 0.602658
vt 0.702002 0.602590
vt 0.701281 0.602959
vt 0.701703 0.602959
vt 0.903236 0.232206
vt 0.903533 0.231991
vt 0.903593 0.232316
vt 0.753087 0.359903
vt 0.753464 0.360218
vt 0.753226 0.360271
vt 0.753887 0.359928
vt 0.753444 0.359921
vt 0.943079 0.720268
vt 0.943470 0.720268
vt 0.943320 0.720566
vt 0.754896 0.328801
vt 0.754493 0.328489
vt 0.754825 0.328424
vt 0.754096 0.328776
vt 0.754454 0.328794
vt 0.903236 0.236171
vt 0.903533 0.236387
vt 0.903242 0.236545
vt 0.757368 0.359928
vt 0.757661 0.360218
vt 0.757367 0.360289
vt 0.215052 0.797729
vt 0.214677 0.798029
vt 0.214632 0.797728
vt 0.941938 0.718698
vt 0.942059 0.718326
vt 0.942297 0.718561
vt 0.216031 0.766625
vt 0.215675 0.766323
vt 0.216005 0.766255
vt 0.756507 0.328801
vt 0.756784 0.328489
vt 0.756867 0.328794
vt 0.899465 0.237396
vt 0.899352 0.237746
vt 0.899112 0.237518
vt 0.218698 0.797729
vt 0.219073 0.798029
vt 0.218748 0.798097
vt 0.753447 0.693760
vt 0.753149 0.694060
vt 0.753087 0.693759
vt 0.940093 0.719297
vt 0.939776 0.719068
vt 0.940073 0.718914
vt 0.754764 0.662657
vt 0.754492 0.662355
vt 0.754790 0.662287
vt 0.217719 0.766625
vt 0.218075 0.766323
vt 0.218139 0.766624
vt 0.897134 0.234189
vt 0.896767 0.234189
vt 0.896910 0.233890
vt 0.756927 0.693762
vt 0.757346 0.694063
vt 0.757017 0.694130
vt 0.757727 0.693761
vt 0.757370 0.693762
vt 0.940093 0.721238
vt 0.939776 0.721468
vt 0.939722 0.721138
vt 0.757175 0.662656
vt 0.756783 0.662356
vt 0.757017 0.662287
vt 0.756375 0.662658
vt 0.756818 0.662658
vt 0.899465 0.273012
vt 0.899352 0.272663
vt 0.899680 0.272706
vt 0.020408 0.730969
vt 0.020831 0.731271
vt 0.020532 0.731338
vt 0.021253 0.730969
vt 0.020831 0.730970
vt 0.941938 0.877041
vt 0.942059 0.877412
vt 0.941728 0.877362
vt 0.021253 0.699866
vt 0.020831 0.699565
vt 0.021129 0.699497
vt 0.020408 0.699866
vt 0.020831 0.699866
vt 0.903236 0.274237
vt 0.903533 0.274022
vt 0.903593 0.274347
vt 0.753087 0.426703
vt 0.753464 0.427018
vt 0.753226 0.427071
vt 0.753887 0.426728
vt 0.753444 0.426721
vt 0.943079 0.875471
vt 0.943470 0.875471
vt 0.943320 0.875769
vt 0.754896 0.395602
vt 0.754493 0.395289
vt 0.754825 0.395224
vt 0.754096 0.395576
vt 0.754453 0.395594
vt 0.903236 0.278202
vt 0.903533 0.278418
vt 0.903242 0.278576
vt 0.757368 0.426728
vt 0.757661 0.427018
vt 0.757367 0.427089
vt 0.136244 0.797729
vt 0.135869 0.798029
vt 0.135824 0.797728
vt 0.941938 0.873901
vt 0.942059 0.873529
vt 0.942297 0.873764
vt 0.137224 0.766625
vt 0.136867 0.766323
vt 0.137197 0.766255
vt 0.756507 0.395602
vt 0.756784 0.395289
vt 0.756867 0.395594
vt 0.899465 0.279427
vt 0.899352 0.279777
vt 0.899112 0.279548
vt 0.139890 0.797729
vt 0.140266 0.798029
vt 0.139940 0.798097
vt 0.017818 0.797728
vt 0.017520 0.798028
vt 0.017459 0.797727
vt 0.940093 0.874500
vt 0.939776 0.874271
vt 0.940073 0.874117
vt 0.019135 0.766625
vt 0.018863 0.766322
vt 0.019162 0.766255
vt 0.138911 0.766625
vt 0.139267 0.766323
vt 0.139331 0.766624
vt 0.897135 0.276220
vt 0.896768 0.276220
vt 0.896910 0.275921
vt 0.021299 0.797730
vt 0.021717 0.798030
vt 0.021389 0.798098
vt 0.022099 0.797728
vt 0.021741 0.797730
vt 0.940093 0.876441
vt 0.939776 0.876671
vt 0.939722 0.876341
vt 0.021546 0.766624
vt 0.021154 0.766324
vt 0.021389 0.766255
vt 0.020746 0.766626
vt 0.021189 0.766625
vt 0.627950 0.892818
vt 0.627585 0.892936
vt 0.627581 0.892641
vt 0.104851 0.407244
vt 0.104570 0.407613
vt 0.104355 0.407244
vt 0.105133 0.407613
vt 0.105347 0.407244
vt 0.678986 0.892817
vt 0.679350 0.892936
vt 0.679180 0.893177
vt 0.104851 0.172971
vt 0.105133 0.172601
vt 0.105347 0.172970
vt 0.104570 0.172601
vt 0.104355 0.172970
vt 0.627950 0.890319
vt 0.627585 0.890200
vt 0.627755 0.889959
vt 0.107494 0.407241
vt 0.107174 0.407610
vt 0.107054 0.407242
vt 0.107630 0.407609
vt 0.107857 0.407240
vt 0.678986 0.890319
vt 0.679350 0.890200
vt 0.679354 0.890495
vt 0.059652 0.172961
vt 0.059944 0.172599
vt 0.059994 0.172978
vt 0.107174 0.172599
vt 0.107494 0.172968
vt 0.107054 0.172968
vt 0.629419 0.888297
vt 0.629193 0.887987
vt 0.629472 0.887892
vt 0.061882 0.407036
vt 0.061666 0.407392
vt 0.061433 0.407025
vt 0.062199 0.407401
vt 0.062374 0.407040
vt 0.677517 0.888297
vt 0.677742 0.887987
vt 0.677919 0.888223
vt 0.061882 0.173042
vt 0.062199 0.172670
vt 0.062374 0.173046
vt 0.061666 0.172662
vt 0.061433 0.173031
vt 0.631795 0.887525
vt 0.631795 0.887142
vt 0.632077 0.887229
vt 0.064661 0.407037
vt 0.064346 0.407402
vt 0.064168 0.407041
vt 0.064883 0.407394
vt 0.065115 0.407027
vt 0.675140 0.887525
vt 0.675140 0.887141
vt 0.675422 0.887229
vt 0.064661 0.173043
vt 0.064883 0.172663
vt 0.065115 0.173033
vt 0.064346 0.172672
vt 0.064168 0.173047
vt 0.634171 0.888297
vt 0.634397 0.887987
vt 0.634573 0.888223
vt 0.066928 0.406958
vt 0.066634 0.407333
vt 0.066578 0.406976
vt 0.143457 0.407609
vt 0.143136 0.407240
vt 0.143577 0.407241
vt 0.672764 0.888297
vt 0.672539 0.887987
vt 0.672818 0.887892
vt 0.143136 0.172968
vt 0.143457 0.172599
vt 0.143577 0.172969
vt 0.066634 0.172602
vt 0.066928 0.172965
vt 0.066578 0.172982
vt 0.635640 0.890319
vt 0.636005 0.890200
vt 0.636009 0.890495
vt 0.145780 0.407244
vt 0.145498 0.407612
vt 0.145283 0.407244
vt 0.146061 0.407612
vt 0.146276 0.407244
vt 0.671295 0.890319
vt 0.670931 0.890200
vt 0.671100 0.889959
vt 0.145780 0.172972
vt 0.146061 0.172602
vt 0.146276 0.172971
vt 0.145498 0.172602
vt 0.145283 0.172971
vt 0.635640 0.892818
vt 0.636005 0.892936
vt 0.635835 0.893177
vt 0.148423 0.407240
vt 0.148103 0.407609
vt 0.147982 0.407241
vt 0.017753 0.407610
vt 0.017459 0.407240
vt 0.017809 0.407242
vt 0.671295 0.892817
vt 0.670931 0.892936
vt 0.670926 0.892641
vt 0.017459 0.172968
vt 0.017753 0.172599
vt 0.017809 0.172969
vt 0.148103 0.172599
vt 0.148423 0.172968
vt 0.147982 0.172969
vt 0.634171 0.894839
vt 0.634397 0.895149
vt 0.634118 0.895244
vt 0.019726 0.407247
vt 0.019504 0.407615
vt 0.019272 0.407246
vt 0.020042 0.407616
vt 0.020220 0.407247
vt 0.672764 0.894839
vt 0.672539 0.895149
vt 0.672362 0.894913
vt 0.019726 0.172974
vt 0.020042 0.172605
vt 0.020220 0.172975
vt 0.019504 0.172604
vt 0.019272 0.172973
vt 0.631795 0.895611
vt 0.631795 0.895995
vt 0.631514 0.895908
vt 0.022505 0.407247
vt 0.022188 0.407616
vt 0.022014 0.407247
vt 0.022722 0.407615
vt 0.022954 0.407246
vt 0.675141 0.895611
vt 0.675140 0.895995
vt 0.674859 0.895907
vt 0.022505 0.172974
vt 0.022722 0.172604
vt 0.022954 0.172973
vt 0.022188 0.172605
vt 0.022014 0.172975
vt 0.629419 0.894839
vt 0.629193 0.895149
vt 0.629017 0.894913
vt 0.024735 0.407240
vt 0.024443 0.407610
vt 0.024393 0.407242
vt 0.102528 0.407610
vt 0.102208 0.407241
vt 0.102649 0.407242
vt 0.677517 0.894839
vt 0.677742 0.895149
vt 0.677463 0.895244
vt 0.102208 0.172968
vt 0.102528 0.172599
vt 0.102649 0.172968
vt 0.024443 0.172599
vt 0.024735 0.172967
vt 0.024393 0.172969
vt 0.547182 0.485600
vt 0.546511 0.486088
vt 0.546731 0.485411
vt 0.547182 0.486575
vt 0.547222 0.486088
vt 0.546255 0.486876
vt 0.546731 0.486764
vt 0.545682 0.486088
vt 0.545935 0.486506
vt 0.546255 0.485299
vt 0.545935 0.485669
vt 0.643629 0.514969
vt 0.644102 0.515677
vt 0.643575 0.515390
vt 0.644432 0.514963
vt 0.643986 0.514965
vt 0.644956 0.515754
vt 0.644690 0.515381
vt 0.699161 0.375675
vt 0.698809 0.376234
vt 0.698706 0.375613
vt 0.535864 0.477754
vt 0.535142 0.477832
vt 0.535764 0.477448
vt 0.713378 0.369601
vt 0.712899 0.369304
vt 0.713446 0.369151
vt 0.712547 0.370013
vt 0.713003 0.369860
vt 0.712039 0.369341
vt 0.712293 0.369723
vt 0.712555 0.368515
vt 0.712297 0.368928
vt 0.713383 0.368675
vt 0.713010 0.368575
vt 0.658659 0.379937
vt 0.658180 0.380418
vt 0.658286 0.379745
vt 0.658659 0.380912
vt 0.658725 0.380424
vt 0.657831 0.381208
vt 0.658286 0.381098
vt 0.657320 0.380417
vt 0.657576 0.380835
vt 0.657831 0.379631
vt 0.657576 0.379999
vt 0.699230 0.427803
vt 0.698878 0.427094
vt 0.699485 0.427513
vt 0.698399 0.427392
vt 0.698775 0.427651
vt 0.698394 0.426465
vt 0.698331 0.426942
vt 0.699222 0.426304
vt 0.698768 0.426365
vt 0.699739 0.427131
vt 0.699480 0.426718
vt 0.644432 0.499874
vt 0.644102 0.499168
vt 0.644690 0.499456
vt 0.643629 0.499880
vt 0.643986 0.499876
vt 0.535864 0.494421
vt 0.535142 0.494343
vt 0.535544 0.494051
vt 0.712613 0.433472
vt 0.712965 0.434032
vt 0.712359 0.433854
vt 0.644956 0.499088
vt 0.644715 0.498785
vt 0.699760 0.360517
vt 0.698898 0.360553
vt 0.699505 0.360134
vt 0.699243 0.361343
vt 0.699501 0.360930
vt 0.698413 0.361179
vt 0.698788 0.361281
vt 0.698417 0.360250
vt 0.698350 0.360702
vt 0.699249 0.359841
vt 0.698793 0.359993
vt 0.644474 0.387989
vt 0.644124 0.388703
vt 0.644018 0.387991
vt 0.644985 0.388781
vt 0.644730 0.388408
vt 0.712618 0.354144
vt 0.712968 0.353581
vt 0.713073 0.354205
vt 0.041867 0.569645
vt 0.042589 0.569566
vt 0.041967 0.569951
vt 0.643642 0.387995
vt 0.643575 0.388416
vt 0.699159 0.411939
vt 0.698809 0.411376
vt 0.699414 0.411557
vt 0.644985 0.372115
vt 0.644124 0.372194
vt 0.644728 0.371812
vt 0.644474 0.372900
vt 0.644730 0.372483
vt 0.643642 0.372906
vt 0.644018 0.372902
vt 0.041867 0.552978
vt 0.042589 0.553056
vt 0.042186 0.553348
vt 0.713365 0.418971
vt 0.712880 0.418345
vt 0.713429 0.418495
vt 0.712536 0.419135
vt 0.712991 0.419074
vt 0.712019 0.418309
vt 0.712278 0.418722
vt 0.712529 0.417634
vt 0.712274 0.417926
vt 0.713361 0.418043
vt 0.712986 0.417785
vt 0.657657 0.508175
vt 0.657999 0.507385
vt 0.658119 0.508064
vt 0.657133 0.507384
vt 0.657391 0.507802
vt 0.657657 0.506598
vt 0.657391 0.506966
vt 0.658506 0.506903
vt 0.658119 0.506711
vt 0.658506 0.507878
vt 0.658569 0.507390
vt 0.031476 0.562100
vt 0.031219 0.561311
vt 0.031795 0.561729
vt 0.030549 0.561798
vt 0.031000 0.561988
vt 0.030549 0.560824
vt 0.030508 0.561311
vt 0.031476 0.560522
vt 0.031000 0.560634
vt 0.032049 0.561311
vt 0.031795 0.560893
vt 0.421599 0.118680
vt 0.421599 0.197657
vt 0.269154 0.481610
vt 0.431859 0.124436
vt 0.233434 0.442558
vt 0.437866 0.134551
vt 0.438011 0.146314
vt 0.472986 0.254118
vt 0.473354 0.254145
vt 0.432255 0.156573
vt 0.233814 0.481611
vt 0.233434 0.481582
vt 0.400117 0.235946
vt 0.410377 0.162725
vt 0.410377 0.241702
vt 0.472981 0.187722
vt 0.473349 0.187752
vt 0.499854 0.187752
vt 0.422140 0.241557
vt 0.432255 0.235550
vt 0.393965 0.135091
vt 0.438011 0.225290
vt 0.269121 0.442583
vt 0.268752 0.442557
vt 0.399721 0.124832
vt 0.295626 0.442561
vt 0.437866 0.213527
vt 0.431859 0.203413
vt 0.265305 0.373219
vt 0.252355 0.373597
vt 0.252355 0.373229
vt 0.229021 0.040541
vt 0.229390 0.053669
vt 0.229021 0.053754
vt 0.265305 0.307685
vt 0.252355 0.307326
vt 0.265237 0.307316
vt 0.257965 0.111753
vt 0.245248 0.115034
vt 0.245084 0.114693
vt 0.275689 0.373191
vt 0.265237 0.373588
vt 0.234754 0.028637
vt 0.229390 0.040625
vt 0.275689 0.307657
vt 0.275567 0.307288
vt 0.235050 0.123167
vt 0.234754 0.122931
vt 0.333728 0.393722
vt 0.321926 0.393795
vt 0.321827 0.393433
vt 0.245248 0.020740
vt 0.235050 0.028873
vt 0.333728 0.328266
vt 0.321926 0.327603
vt 0.333765 0.327890
vt 0.229390 0.134920
vt 0.229021 0.134835
vt 0.347010 0.393729
vt 0.333765 0.394083
vt 0.245084 0.020399
vt 0.257965 0.017837
vt 0.347010 0.328273
vt 0.346976 0.327897
vt 0.229390 0.147964
vt 0.229021 0.148048
vt 0.359041 0.393453
vt 0.346976 0.394090
vt 0.257965 0.017459
vt 0.270683 0.020740
vt 0.358945 0.327623
vt 0.359041 0.327998
vt 0.235050 0.159716
vt 0.234754 0.159952
vt 0.239406 0.271989
vt 0.229144 0.272319
vt 0.229021 0.271951
vt 0.281177 0.028637
vt 0.270847 0.020399
vt 0.229021 0.206417
vt 0.239474 0.206085
vt 0.239406 0.206455
vt 0.245248 0.167849
vt 0.245084 0.168190
vt 0.252355 0.272002
vt 0.239474 0.272357
vt 0.286909 0.040541
vt 0.280881 0.028873
vt 0.252355 0.206099
vt 0.252355 0.206469
vt 0.257965 0.171130
vt 0.257965 0.170752
vt 0.265237 0.272357
vt 0.252355 0.272370
vt 0.286909 0.053753
vt 0.286541 0.040625
vt 0.265305 0.206455
vt 0.265237 0.206085
vt 0.270682 0.167849
vt 0.270847 0.168190
vt 0.275689 0.271951
vt 0.265305 0.271989
vt 0.281177 0.065658
vt 0.286541 0.053669
vt 0.275567 0.206048
vt 0.275689 0.206417
vt 0.281177 0.159952
vt 0.280881 0.159716
vt 0.405992 0.083387
vt 0.394055 0.083732
vt 0.393958 0.083364
vt 0.270847 0.073896
vt 0.280881 0.065422
vt 0.405992 0.017853
vt 0.394055 0.017461
vt 0.406025 0.017484
vt 0.286909 0.148048
vt 0.286540 0.147964
vt 0.419273 0.083386
vt 0.406025 0.083755
vt 0.257965 0.076836
vt 0.270683 0.073555
vt 0.419237 0.017483
vt 0.419273 0.017853
vt 0.286540 0.134920
vt 0.286909 0.134835
vt 0.431172 0.083362
vt 0.419237 0.083755
vt 0.245084 0.073896
vt 0.257965 0.076457
vt 0.431073 0.017459
vt 0.431172 0.017828
vt 0.281177 0.122931
vt 0.280881 0.123167
vt 0.229021 0.373191
vt 0.239474 0.373588
vt 0.229144 0.373560
vt 0.234754 0.065658
vt 0.245248 0.073555
vt 0.229021 0.307657
vt 0.239474 0.307316
vt 0.239406 0.307685
vt 0.270682 0.115034
vt 0.270847 0.114693
vt 0.239406 0.373219
vt 0.235050 0.065422
vt 0.252355 0.307695
vt 0.257965 0.112132
vt 0.017828 0.513397
vt 0.194104 0.137312
vt 0.394327 0.347490
vt 0.334926 0.017459
vt 0.017459 0.017828
vt 0.335295 0.137312
vt 0.017459 0.442902
vt 0.017828 0.137681
vt 0.407428 0.347121
vt 0.087954 0.017459
vt 0.321827 0.172967
vt 0.088323 0.137312
vt 0.030559 0.442533
vt 0.407059 0.276626
vt 0.123240 0.017828
vt 0.335295 0.292317
vt 0.030928 0.513028
vt 0.123609 0.137681
vt 0.393958 0.276995
vt 0.193735 0.017459
vt 0.485495 0.067301
vt 0.481012 0.067673
vt 0.481012 0.067305
vt 0.643575 0.563310
vt 0.643945 0.567754
vt 0.643575 0.567838
vt 0.481012 0.017841
vt 0.485427 0.017468
vt 0.485495 0.017838
vt 0.663414 0.623104
vt 0.661154 0.626947
vt 0.663045 0.623019
vt 0.489089 0.067292
vt 0.485427 0.067670
vt 0.645540 0.559230
vt 0.643945 0.563394
vt 0.488967 0.017459
vt 0.489089 0.017828
vt 0.663414 0.618576
vt 0.663045 0.618660
vt 0.477055 0.370302
vt 0.473034 0.370565
vt 0.472935 0.370202
vt 0.649080 0.556407
vt 0.645836 0.559466
vt 0.472935 0.320798
vt 0.477091 0.320522
vt 0.477055 0.320898
vt 0.661154 0.614732
vt 0.661449 0.614496
vt 0.481652 0.370305
vt 0.477091 0.370663
vt 0.653495 0.555400
vt 0.649244 0.556748
vt 0.481619 0.320524
vt 0.481652 0.320900
vt 0.657745 0.612014
vt 0.657909 0.611673
vt 0.485817 0.370209
vt 0.481619 0.370666
vt 0.657909 0.556407
vt 0.653495 0.555778
vt 0.485721 0.320430
vt 0.485817 0.320805
vt 0.653495 0.611044
vt 0.653495 0.610665
vt 0.334508 0.492379
vt 0.331036 0.492734
vt 0.330913 0.492366
vt 0.661153 0.559466
vt 0.657745 0.556748
vt 0.330913 0.442903
vt 0.334576 0.442546
vt 0.334508 0.442916
vt 0.649245 0.612014
vt 0.649080 0.611673
vt 0.338991 0.492384
vt 0.334576 0.492747
vt 0.663414 0.563310
vt 0.661449 0.559230
vt 0.338991 0.442551
vt 0.338991 0.442921
vt 0.645836 0.614732
vt 0.645540 0.614496
vt 0.343473 0.492379
vt 0.338991 0.492752
vt 0.663045 0.567754
vt 0.663045 0.563394
vt 0.343405 0.442546
vt 0.343473 0.442916
vt 0.643945 0.618660
vt 0.643576 0.618576
vt 0.346945 0.492734
vt 0.343405 0.492747
vt 0.661449 0.571917
vt 0.663414 0.567838
vt 0.346945 0.442533
vt 0.347068 0.442903
vt 0.643945 0.623019
vt 0.643576 0.623104
vt 0.539307 0.152428
vt 0.535238 0.152788
vt 0.535142 0.152419
vt 0.657909 0.574741
vt 0.661153 0.571681
vt 0.539307 0.102964
vt 0.535238 0.102587
vt 0.539340 0.102595
vt 0.645540 0.627183
vt 0.645836 0.626947
vt 0.543904 0.152427
vt 0.539340 0.152796
vt 0.653495 0.575748
vt 0.657745 0.574400
vt 0.543868 0.102594
vt 0.543904 0.102964
vt 0.649245 0.629665
vt 0.649080 0.630006
vt 0.547924 0.152787
vt 0.543868 0.152796
vt 0.649244 0.574400
vt 0.653495 0.575370
vt 0.547924 0.102586
vt 0.548023 0.102955
vt 0.653495 0.630635
vt 0.653495 0.631014
vt 0.476530 0.067301
vt 0.473058 0.067660
vt 0.472935 0.067292
vt 0.645540 0.571917
vt 0.649080 0.574741
vt 0.472935 0.017828
vt 0.476598 0.017468
vt 0.476530 0.017838
vt 0.657745 0.629665
vt 0.657909 0.630006
vt 0.476598 0.067670
vt 0.645836 0.571682
vt 0.481012 0.017472
vt 0.661449 0.627183
vt 0.485495 0.152433
vt 0.481012 0.152805
vt 0.481012 0.152436
vt 0.698331 0.025369
vt 0.700592 0.021526
vt 0.698700 0.025453
vt 0.481012 0.102973
vt 0.485427 0.102600
vt 0.485495 0.102970
vt 0.716205 0.089243
vt 0.717801 0.085079
vt 0.718170 0.085163
vt 0.488967 0.152792
vt 0.485427 0.152802
vt 0.703836 0.018466
vt 0.700296 0.021289
vt 0.488967 0.102591
vt 0.489089 0.102960
vt 0.717801 0.080719
vt 0.718170 0.080635
vt 0.477055 0.455462
vt 0.473034 0.455725
vt 0.472935 0.455362
vt 0.708251 0.017459
vt 0.704000 0.018807
vt 0.477055 0.406058
vt 0.473034 0.405583
vt 0.477091 0.405682
vt 0.716205 0.076555
vt 0.715909 0.076791
vt 0.481652 0.455465
vt 0.477091 0.455823
vt 0.712665 0.018466
vt 0.708251 0.017837
vt 0.481619 0.405684
vt 0.481652 0.406060
vt 0.712501 0.074073
vt 0.712665 0.073732
vt 0.485721 0.455732
vt 0.481619 0.455826
vt 0.715909 0.021526
vt 0.712501 0.018807
vt 0.485721 0.405590
vt 0.485817 0.405965
vt 0.708251 0.073103
vt 0.708251 0.072725
vt 0.385580 0.492379
vt 0.382108 0.492734
vt 0.381985 0.492366
vt 0.718170 0.025369
vt 0.716205 0.021289
vt 0.381985 0.442903
vt 0.385648 0.442546
vt 0.385580 0.442916
vt 0.704000 0.074073
vt 0.703836 0.073732
vt 0.390062 0.492752
vt 0.385648 0.492747
vt 0.718170 0.029897
vt 0.717801 0.025453
vt 0.390062 0.442551
vt 0.390062 0.442921
vt 0.700296 0.076555
vt 0.700592 0.076791
vt 0.394545 0.492379
vt 0.390062 0.492384
vt 0.716205 0.033977
vt 0.717801 0.029813
vt 0.394477 0.442546
vt 0.394545 0.442916
vt 0.698331 0.080635
vt 0.698700 0.080719
vt 0.398139 0.492366
vt 0.394477 0.492747
vt 0.712665 0.036800
vt 0.715909 0.033741
vt 0.398017 0.442533
vt 0.398139 0.442903
vt 0.698331 0.085163
vt 0.698700 0.085079
vt 0.539307 0.067300
vt 0.535238 0.067661
vt 0.535142 0.067292
vt 0.708251 0.037807
vt 0.712501 0.036459
vt 0.535142 0.017829
vt 0.539340 0.017467
vt 0.539307 0.017837
vt 0.700592 0.089006
vt 0.700296 0.089243
vt 0.543904 0.067300
vt 0.539340 0.067669
vt 0.703836 0.036800
vt 0.708251 0.037429
vt 0.543868 0.017467
vt 0.543904 0.017837
vt 0.704000 0.091725
vt 0.703836 0.092066
vt 0.548023 0.067292
vt 0.543868 0.067668
vt 0.700296 0.033977
vt 0.704000 0.036459
vt 0.547924 0.017459
vt 0.548023 0.017828
vt 0.708251 0.092695
vt 0.708251 0.093073
vt 0.476530 0.152433
vt 0.473058 0.152792
vt 0.472935 0.152423
vt 0.698700 0.029813
vt 0.700592 0.033741
vt 0.472935 0.102960
vt 0.476598 0.102600
vt 0.476530 0.102970
vt 0.712501 0.091725
vt 0.712665 0.092066
vt 0.476598 0.152802
vt 0.698331 0.029897
vt 0.481012 0.102603
vt 0.715909 0.089006
vt 0.278917 0.588972
vt 0.275331 0.589343
vt 0.275331 0.588975
vt 0.348949 0.772559
vt 0.349318 0.776084
vt 0.348949 0.776168
vt 0.278917 0.548692
vt 0.275331 0.548325
vt 0.278849 0.548322
vt 0.411098 0.767058
vt 0.407580 0.766634
vt 0.407580 0.766255
vt 0.281793 0.588964
vt 0.278849 0.589340
vt 0.350810 0.769544
vt 0.349318 0.772644
vt 0.281671 0.548314
vt 0.281793 0.548684
vt 0.404227 0.767399
vt 0.404063 0.767058
vt 0.598485 0.343529
vt 0.595288 0.343811
vt 0.595189 0.343449
vt 0.353336 0.767058
vt 0.350514 0.769308
vt 0.595189 0.303217
vt 0.598521 0.302921
vt 0.598485 0.303297
vt 0.401241 0.769308
vt 0.401537 0.769544
vt 0.602130 0.343892
vt 0.598521 0.343890
vt 0.356854 0.766255
vt 0.353500 0.767399
vt 0.602130 0.302923
vt 0.602163 0.303299
vt 0.399676 0.772559
vt 0.400045 0.772643
vt 0.605495 0.343455
vt 0.602163 0.343531
vt 0.360207 0.767399
vt 0.356854 0.766634
vt 0.605398 0.302848
vt 0.605495 0.303222
vt 0.400045 0.776083
vt 0.399676 0.776167
vt 0.080382 0.588975
vt 0.077629 0.589333
vt 0.077506 0.588964
vt 0.363193 0.769308
vt 0.360372 0.767058
vt 0.077506 0.548684
vt 0.080450 0.548325
vt 0.080382 0.548694
vt 0.401537 0.779182
vt 0.401241 0.779419
vt 0.083968 0.588978
vt 0.080450 0.589343
vt 0.364389 0.772644
vt 0.362897 0.769544
vt 0.083968 0.548698
vt 0.083968 0.548328
vt 0.404227 0.781327
vt 0.404063 0.781668
vt 0.087486 0.589343
vt 0.083968 0.589347
vt 0.364758 0.776168
vt 0.364758 0.772559
vt 0.087486 0.548325
vt 0.087554 0.548694
vt 0.407580 0.782093
vt 0.407580 0.782471
vt 0.090430 0.588964
vt 0.087554 0.588975
vt 0.362897 0.779183
vt 0.364389 0.776084
vt 0.090307 0.548314
vt 0.090430 0.548684
vt 0.410934 0.781327
vt 0.411098 0.781668
vt 0.598521 0.495433
vt 0.595285 0.495795
vt 0.595189 0.495427
vt 0.360372 0.781669
vt 0.363193 0.779419
vt 0.598521 0.455153
vt 0.595285 0.454777
vt 0.598555 0.454783
vt 0.413920 0.779419
vt 0.413624 0.779182
vt 0.602199 0.495433
vt 0.598555 0.495802
vt 0.356854 0.782471
vt 0.360207 0.781328
vt 0.602163 0.454783
vt 0.602199 0.455153
vt 0.415116 0.776083
vt 0.415485 0.776167
vt 0.605495 0.495426
vt 0.602163 0.495801
vt 0.353500 0.781328
vt 0.356854 0.782093
vt 0.605395 0.454776
vt 0.605495 0.455146
vt 0.415485 0.772559
vt 0.415116 0.772643
vt 0.271745 0.588972
vt 0.268992 0.589333
vt 0.268870 0.588964
vt 0.350514 0.779419
vt 0.353336 0.781668
vt 0.271745 0.548692
vt 0.268992 0.548314
vt 0.271813 0.548322
vt 0.413624 0.769544
vt 0.413920 0.769308
vt 0.271813 0.589340
vt 0.350810 0.779183
vt 0.275331 0.548694
vt 0.410934 0.767399
vt 0.326758 0.588972
vt 0.323172 0.589343
vt 0.323172 0.588975
vt 0.450403 0.776168
vt 0.450772 0.772643
vt 0.450772 0.776083
vt 0.326758 0.548692
vt 0.323172 0.548325
vt 0.326690 0.548322
vt 0.516939 0.772559
vt 0.515078 0.769544
vt 0.515374 0.769308
vt 0.329511 0.589333
vt 0.326690 0.589340
vt 0.450403 0.772559
vt 0.452264 0.769544
vt 0.329511 0.548314
vt 0.329634 0.548684
vt 0.512388 0.767399
vt 0.512553 0.767058
vt 0.598485 0.419496
vt 0.595288 0.419779
vt 0.595189 0.419416
vt 0.454790 0.767058
vt 0.451968 0.769308
vt 0.595189 0.379184
vt 0.598521 0.378888
vt 0.598485 0.379264
vt 0.509035 0.766255
vt 0.509035 0.766634
vt 0.602163 0.419498
vt 0.598521 0.419857
vt 0.458308 0.766255
vt 0.454954 0.767399
vt 0.602130 0.378890
vt 0.602163 0.379266
vt 0.505681 0.767399
vt 0.505517 0.767058
vt 0.605495 0.419422
vt 0.602130 0.419859
vt 0.461661 0.767399
vt 0.458308 0.766634
vt 0.605398 0.378815
vt 0.605495 0.379189
vt 0.502991 0.769544
vt 0.502695 0.769308
vt 0.125347 0.588964
vt 0.128291 0.589343
vt 0.125470 0.589333
vt 0.464647 0.769308
vt 0.461825 0.767058
vt 0.125347 0.548684
vt 0.128291 0.548325
vt 0.128223 0.548694
vt 0.501130 0.772559
vt 0.501499 0.772643
vt 0.131809 0.588978
vt 0.128223 0.588975
vt 0.466212 0.772559
vt 0.464351 0.769544
vt 0.131809 0.548698
vt 0.131809 0.548328
vt 0.501499 0.776083
vt 0.501130 0.776168
vt 0.135395 0.588975
vt 0.131809 0.589347
vt 0.466212 0.776168
vt 0.465843 0.772643
vt 0.135395 0.548694
vt 0.135327 0.548325
vt 0.502991 0.779183
vt 0.502695 0.779419
vt 0.138148 0.589333
vt 0.135327 0.589343
vt 0.464647 0.779419
vt 0.465843 0.776083
vt 0.138148 0.548314
vt 0.138271 0.548684
vt 0.505681 0.781327
vt 0.505517 0.781668
vt 0.595189 0.571369
vt 0.598555 0.571744
vt 0.595285 0.571738
vt 0.461825 0.781668
vt 0.464351 0.779183
vt 0.595189 0.531089
vt 0.598555 0.530726
vt 0.598521 0.531095
vt 0.509035 0.782471
vt 0.509035 0.782093
vt 0.602199 0.571376
vt 0.598521 0.571376
vt 0.458308 0.782471
vt 0.461661 0.781328
vt 0.602163 0.530726
vt 0.602199 0.531095
vt 0.512388 0.781327
vt 0.512553 0.781668
vt 0.605495 0.571369
vt 0.602163 0.571744
vt 0.454954 0.781328
vt 0.458308 0.782093
vt 0.605395 0.530719
vt 0.605495 0.531088
vt 0.515078 0.779183
vt 0.515374 0.779419
vt 0.316711 0.588964
vt 0.319654 0.589340
vt 0.316833 0.589333
vt 0.451968 0.779419
vt 0.454790 0.781668
vt 0.316711 0.548684
vt 0.319654 0.548322
vt 0.319586 0.548692
vt 0.516570 0.776083
vt 0.516939 0.776168
vt 0.319586 0.588972
vt 0.452264 0.779183
vt 0.323172 0.548694
vt 0.516570 0.772643
vt 0.555498 0.223771
vt 0.608658 0.053515
vt 0.766187 0.017459
vt 0.595558 0.053883
vt 0.555498 0.295116
vt 0.595189 0.017828
vt 0.610798 0.719850
vt 0.608289 0.017459
vt 0.535511 0.224140
vt 0.555129 0.259058
vt 0.610429 0.699862
vt 0.608274 0.231493
vt 0.623529 0.699493
vt 0.535142 0.188082
vt 0.595189 0.231869
vt 0.535142 0.259427
vt 0.608642 0.267548
vt 0.753456 0.037815
vt 0.595558 0.267925
vt 0.555129 0.187713
vt 0.766556 0.037446
vt 0.535510 0.295485
vt 0.555498 0.366460
vt 0.608658 0.124857
vt 0.766187 0.072733
vt 0.595558 0.125226
vt 0.555498 0.437805
vt 0.595189 0.089170
vt 0.659185 0.719849
vt 0.608289 0.088802
vt 0.535511 0.366829
vt 0.672285 0.719481
vt 0.555129 0.401747
vt 0.608274 0.160144
vt 0.671916 0.699493
vt 0.535142 0.330771
vt 0.595189 0.160520
vt 0.535142 0.402116
vt 0.608642 0.196199
vt 0.753456 0.093089
vt 0.595558 0.196576
vt 0.555129 0.330402
vt 0.535510 0.438174
vt 0.753087 0.073102
vt 0.801843 0.602725
vt 0.858647 0.426169
vt 0.852435 0.238019
vt 0.852434 0.426538
vt 0.801843 0.651800
vt 0.852066 0.413439
vt 0.852435 0.139868
vt 0.858278 0.413070
vt 0.801474 0.588936
vt 0.858647 0.139499
vt 0.814943 0.651431
vt 0.858271 0.509841
vt 0.858278 0.125711
vt 0.814574 0.588567
vt 0.852066 0.510214
vt 0.814574 0.637642
vt 0.858639 0.522940
vt 0.858278 0.223861
vt 0.852434 0.523313
vt 0.814943 0.602356
vt 0.801474 0.638011
vt 0.858647 0.237650
vt 0.801843 0.700875
vt 0.858647 0.474555
vt 0.858278 0.272936
vt 0.852434 0.474924
vt 0.801843 0.749951
vt 0.852066 0.461825
vt 0.852435 0.188944
vt 0.858278 0.461456
vt 0.801474 0.687087
vt 0.814943 0.749582
vt 0.852066 0.175155
vt 0.858271 0.558230
vt 0.858278 0.174786
vt 0.814574 0.686718
vt 0.852066 0.558603
vt 0.814574 0.735793
vt 0.858639 0.571329
vt 0.852434 0.287094
vt 0.852434 0.571702
vt 0.814943 0.700507
vt 0.858647 0.286725
vt 0.801474 0.736162
vt 0.371016 0.588974
vt 0.374533 0.589340
vt 0.371016 0.589343
vt 0.807408 0.033236
vt 0.804578 0.031388
vt 0.807537 0.032878
vt 0.374601 0.548691
vt 0.371016 0.548324
vt 0.374533 0.548322
vt 0.653169 0.767058
vt 0.656508 0.766634
vt 0.653284 0.767399
vt 0.377475 0.588964
vt 0.374601 0.588972
vt 0.802186 0.028858
vt 0.804304 0.031674
vt 0.377475 0.548684
vt 0.377352 0.548315
vt 0.650458 0.769308
vt 0.650700 0.769544
vt 0.214109 0.663310
vt 0.210914 0.663093
vt 0.210815 0.662783
vt 0.801879 0.025357
vt 0.802559 0.028704
vt 0.210815 0.624652
vt 0.214146 0.624781
vt 0.214109 0.625180
vt 0.649265 0.772643
vt 0.648953 0.772559
vt 0.217787 0.663324
vt 0.214146 0.663610
vt 0.802307 0.021837
vt 0.801474 0.025347
vt 0.217754 0.624795
vt 0.217787 0.625194
vt 0.649265 0.776083
vt 0.648953 0.776168
vt 0.221120 0.662822
vt 0.217754 0.663624
vt 0.804523 0.019021
vt 0.802674 0.022010
vt 0.221024 0.624303
vt 0.221120 0.624692
vt 0.650458 0.779419
vt 0.650700 0.779183
vt 0.173188 0.588964
vt 0.176129 0.589343
vt 0.173311 0.589333
vt 0.807796 0.017837
vt 0.804786 0.019326
vt 0.173188 0.548684
vt 0.176129 0.548324
vt 0.176061 0.548694
vt 0.653284 0.781327
vt 0.653169 0.781668
vt 0.179646 0.588978
vt 0.176061 0.588974
vt 0.811155 0.017459
vt 0.807680 0.017459
vt 0.179646 0.548328
vt 0.179646 0.548698
vt 0.656508 0.782093
vt 0.656550 0.782471
vt 0.183233 0.588974
vt 0.179646 0.589346
vt 0.814259 0.019021
vt 0.811109 0.017837
vt 0.183165 0.548324
vt 0.183233 0.548694
vt 0.659731 0.781327
vt 0.659931 0.781668
vt 0.186111 0.588964
vt 0.183165 0.589343
vt 0.816087 0.022010
vt 0.814068 0.019326
vt 0.185989 0.548315
vt 0.186111 0.548684
vt 0.662642 0.779419
vt 0.662315 0.779183
vt 0.120369 0.663766
vt 0.123735 0.663741
vt 0.120465 0.664155
vt 0.816377 0.021837
vt 0.816766 0.025357
vt 0.120369 0.625000
vt 0.123735 0.624264
vt 0.123702 0.624578
vt 0.663750 0.776083
vt 0.664147 0.776167
vt 0.127380 0.663356
vt 0.123702 0.663344
vt 0.817090 0.025347
vt 0.815972 0.028704
vt 0.127343 0.624276
vt 0.127380 0.624590
vt 0.663750 0.772643
vt 0.664147 0.772559
vt 0.130674 0.663800
vt 0.127343 0.663752
vt 0.816256 0.028858
vt 0.813860 0.031388
vt 0.130674 0.625034
vt 0.130575 0.624712
vt 0.662642 0.769308
vt 0.662315 0.769544
vt 0.367429 0.588972
vt 0.364674 0.589333
vt 0.364551 0.588964
vt 0.814041 0.031674
vt 0.810849 0.032878
vt 0.367429 0.548691
vt 0.364674 0.548315
vt 0.367497 0.548322
vt 0.659731 0.767399
vt 0.659931 0.767058
vt 0.367497 0.589340
vt 0.810883 0.033236
vt 0.371016 0.548694
vt 0.656550 0.766255
vt 0.422438 0.588972
vt 0.418851 0.589343
vt 0.418851 0.588974
vt 0.701897 0.780470
vt 0.705049 0.781655
vt 0.705003 0.782033
vt 0.422438 0.548691
vt 0.418851 0.548324
vt 0.422370 0.548322
vt 0.759289 0.782033
vt 0.762121 0.780185
vt 0.762394 0.780470
vt 0.425316 0.588964
vt 0.422370 0.589340
vt 0.699778 0.777655
vt 0.702089 0.780165
vt 0.425193 0.548315
vt 0.425316 0.548684
vt 0.764514 0.777655
vt 0.764142 0.777501
vt 0.017459 0.664189
vt 0.020791 0.664210
vt 0.017558 0.664576
vt 0.699388 0.774134
vt 0.700068 0.777481
vt 0.020754 0.624598
vt 0.017558 0.624639
vt 0.020791 0.624274
vt 0.764822 0.774154
vt 0.765228 0.774144
vt 0.024432 0.663806
vt 0.020754 0.663816
vt 0.699064 0.774144
vt 0.700182 0.770787
vt 0.024399 0.624264
vt 0.024432 0.624588
vt 0.764028 0.770807
vt 0.764394 0.770633
vt 0.027764 0.664161
vt 0.024399 0.664200
vt 0.702113 0.767818
vt 0.699898 0.770633
vt 0.027668 0.624613
vt 0.027764 0.624944
vt 0.762179 0.767818
vt 0.761916 0.768123
vt 0.221029 0.588964
vt 0.223975 0.589343
vt 0.221151 0.589333
vt 0.705272 0.766255
vt 0.702295 0.768103
vt 0.223907 0.548694
vt 0.221151 0.548315
vt 0.223975 0.548324
vt 0.759020 0.766255
vt 0.758904 0.766633
vt 0.227495 0.588978
vt 0.223907 0.588974
vt 0.708620 0.766614
vt 0.705306 0.766614
vt 0.227494 0.548328
vt 0.227495 0.548698
vt 0.755543 0.766255
vt 0.755590 0.766633
vt 0.231079 0.588974
vt 0.227494 0.589346
vt 0.708748 0.766255
vt 0.711581 0.768103
vt 0.231079 0.548694
vt 0.231011 0.548324
vt 0.752438 0.767818
vt 0.752629 0.768123
vt 0.233952 0.588964
vt 0.231011 0.589343
vt 0.713973 0.770633
vt 0.711854 0.767818
vt 0.233830 0.548315
vt 0.233952 0.548684
vt 0.750609 0.770807
vt 0.750318 0.770633
vt 0.168925 0.663796
vt 0.165688 0.663681
vt 0.165592 0.663361
vt 0.714687 0.774144
vt 0.713601 0.770787
vt 0.168925 0.625122
vt 0.165688 0.624298
vt 0.168958 0.624725
vt 0.749605 0.774144
vt 0.749928 0.774154
vt 0.172603 0.663784
vt 0.168958 0.664107
vt 0.713854 0.777655
vt 0.714282 0.774134
vt 0.172566 0.624713
vt 0.172603 0.625110
vt 0.750723 0.777501
vt 0.750438 0.777655
vt 0.175798 0.663646
vt 0.172566 0.664095
vt 0.711638 0.780470
vt 0.713487 0.777481
vt 0.175897 0.624652
vt 0.175798 0.624264
vt 0.752835 0.780185
vt 0.752654 0.780470
vt 0.415266 0.588972
vt 0.412515 0.589333
vt 0.412392 0.588964
vt 0.708479 0.782033
vt 0.711375 0.780165
vt 0.412392 0.548684
vt 0.415334 0.548322
vt 0.415266 0.548691
vt 0.755846 0.781674
vt 0.755812 0.782033
vt 0.415334 0.589340
vt 0.708364 0.781655
vt 0.418851 0.548694
vt 0.759161 0.781674
vt 0.549003 0.889305
vt 0.547790 0.887143
vt 0.548155 0.887142
vt 0.548194 0.889307
vt 0.547345 0.887144
vt 0.549301 0.891855
vt 0.548638 0.889307
vt 0.548492 0.891857
vt 0.548638 0.894402
vt 0.548936 0.891856
vt 0.549003 0.894401
vt 0.547790 0.896558
vt 0.548194 0.894403
vt 0.854364 0.839092
vt 0.852135 0.839122
vt 0.852140 0.838626
vt 0.854346 0.840040
vt 0.852123 0.839574
vt 0.856932 0.839259
vt 0.854358 0.839587
vt 0.856914 0.840207
vt 0.859448 0.839597
vt 0.856926 0.839754
vt 0.859453 0.839102
vt 0.861539 0.839140
vt 0.859436 0.840050
vt 0.854358 0.835387
vt 0.852142 0.836271
vt 0.852132 0.835813
vt 0.854371 0.836343
vt 0.852145 0.836769
vt 0.856927 0.835241
vt 0.854367 0.835845
vt 0.856939 0.836196
vt 0.859457 0.835855
vt 0.856936 0.835699
vt 0.859447 0.835397
vt 0.861546 0.836289
vt 0.859460 0.836353
vt 0.455239 0.889308
vt 0.455644 0.887141
vt 0.456088 0.887143
vt 0.852066 0.833946
vt 0.854284 0.833145
vt 0.852083 0.834299
vt 0.454940 0.891857
vt 0.454795 0.889306
vt 0.454131 0.891854
vt 0.454430 0.889305
vt 0.454793 0.894402
vt 0.454496 0.891856
vt 0.455238 0.894403
vt 0.455641 0.896557
vt 0.454428 0.894400
vt 0.458855 0.889313
vt 0.458355 0.887146
vt 0.458855 0.887146
vt 0.457854 0.889312
vt 0.457854 0.887146
vt 0.458854 0.891863
vt 0.458354 0.889313
vt 0.457853 0.891862
vt 0.458353 0.894408
vt 0.458354 0.891863
vt 0.458853 0.894408
vt 0.458352 0.896562
vt 0.457852 0.894408
vt 0.462279 0.889307
vt 0.461066 0.887143
vt 0.461431 0.887141
vt 0.461469 0.889309
vt 0.460621 0.887144
vt 0.462576 0.891857
vt 0.461914 0.889308
vt 0.461767 0.891859
vt 0.461912 0.894404
vt 0.462211 0.891858
vt 0.462278 0.894403
vt 0.461063 0.896558
vt 0.461468 0.894405
vt 0.019630 0.893457
vt 0.017464 0.893525
vt 0.017465 0.893027
vt 0.019629 0.894413
vt 0.017463 0.893983
vt 0.022180 0.893609
vt 0.019630 0.893955
vt 0.022179 0.894564
vt 0.024725 0.893955
vt 0.022180 0.894106
vt 0.024726 0.893458
vt 0.026880 0.893525
vt 0.024725 0.894413
vt 0.019629 0.889760
vt 0.017464 0.890674
vt 0.017463 0.890222
vt 0.019630 0.890708
vt 0.017465 0.891170
vt 0.022179 0.889598
vt 0.019630 0.890213
vt 0.022180 0.890546
vt 0.024725 0.890213
vt 0.022180 0.890051
vt 0.024725 0.889760
vt 0.026880 0.890675
vt 0.024726 0.890709
vt 0.541964 0.889307
vt 0.542367 0.887143
vt 0.542812 0.887144
vt 0.541154 0.889305
vt 0.542002 0.887142
vt 0.541665 0.891857
vt 0.541519 0.889307
vt 0.540856 0.891855
vt 0.541519 0.894402
vt 0.541221 0.891856
vt 0.541964 0.894403
vt 0.542367 0.896558
vt 0.541154 0.894401
vt 0.545579 0.889310
vt 0.545079 0.887146
vt 0.545579 0.887146
vt 0.544578 0.889310
vt 0.544578 0.887146
vt 0.545579 0.891860
vt 0.545079 0.889311
vt 0.544578 0.891860
vt 0.545079 0.894406
vt 0.545079 0.891860
vt 0.545579 0.894406
vt 0.545079 0.896561
vt 0.544578 0.894406
vt 0.592366 0.889305
vt 0.591152 0.887143
vt 0.591518 0.887142
vt 0.591556 0.889307
vt 0.590708 0.887144
vt 0.592664 0.891855
vt 0.592001 0.889307
vt 0.591854 0.891857
vt 0.592001 0.894402
vt 0.592298 0.891856
vt 0.592366 0.894401
vt 0.591152 0.896558
vt 0.591556 0.894403
vt 0.854364 0.794253
vt 0.852135 0.794283
vt 0.852140 0.793788
vt 0.854346 0.795202
vt 0.852123 0.794736
vt 0.856932 0.794421
vt 0.854358 0.794749
vt 0.856914 0.795369
vt 0.859448 0.794759
vt 0.856926 0.794916
vt 0.859453 0.794263
vt 0.861539 0.794302
vt 0.859436 0.795212
vt 0.854358 0.790549
vt 0.852142 0.791433
vt 0.852132 0.790975
vt 0.854371 0.791505
vt 0.852145 0.791931
vt 0.856927 0.790403
vt 0.854367 0.791007
vt 0.856939 0.791358
vt 0.859457 0.791017
vt 0.856936 0.790861
vt 0.859447 0.790559
vt 0.861546 0.791451
vt 0.859460 0.791514
vt 0.498602 0.889308
vt 0.499006 0.887141
vt 0.499451 0.887143
vt 0.852066 0.789108
vt 0.854284 0.788307
vt 0.852083 0.789460
vt 0.498303 0.891857
vt 0.498157 0.889307
vt 0.497493 0.891854
vt 0.497792 0.889305
vt 0.498156 0.894402
vt 0.497859 0.891856
vt 0.498600 0.894403
vt 0.499004 0.896557
vt 0.497791 0.894400
vt 0.502217 0.889313
vt 0.501717 0.887146
vt 0.502218 0.887146
vt 0.501216 0.889312
vt 0.501217 0.887146
vt 0.502216 0.891863
vt 0.501717 0.889313
vt 0.501216 0.891863
vt 0.501715 0.894408
vt 0.501716 0.891863
vt 0.502216 0.894408
vt 0.501715 0.896562
vt 0.501215 0.894408
vt 0.505641 0.889307
vt 0.504428 0.887143
vt 0.504794 0.887141
vt 0.504832 0.889309
vt 0.503984 0.887144
vt 0.505939 0.891857
vt 0.505276 0.889308
vt 0.505129 0.891859
vt 0.505275 0.894404
vt 0.505573 0.891858
vt 0.505640 0.894403
vt 0.504426 0.896558
vt 0.504830 0.894405
vt 0.063969 0.893457
vt 0.061803 0.893525
vt 0.061803 0.893027
vt 0.063968 0.894413
vt 0.061802 0.893983
vt 0.066519 0.893609
vt 0.063969 0.893955
vt 0.066517 0.894564
vt 0.069064 0.893955
vt 0.066518 0.894106
vt 0.069065 0.893458
vt 0.071218 0.893525
vt 0.069063 0.894413
vt 0.063968 0.889760
vt 0.061803 0.890674
vt 0.061802 0.890222
vt 0.063969 0.890708
vt 0.061803 0.891170
vt 0.066517 0.889598
vt 0.063969 0.890213
vt 0.066519 0.890546
vt 0.069064 0.890213
vt 0.066518 0.890051
vt 0.069063 0.889760
vt 0.071218 0.890675
vt 0.069065 0.890709
vt 0.585326 0.889307
vt 0.585730 0.887143
vt 0.586174 0.887144
vt 0.584516 0.889305
vt 0.585365 0.887142
vt 0.585028 0.891857
vt 0.584882 0.889307
vt 0.584219 0.891855
vt 0.584882 0.894402
vt 0.584584 0.891856
vt 0.585326 0.894403
vt 0.585730 0.896558
vt 0.584516 0.894401
vt 0.588941 0.889310
vt 0.588441 0.887146
vt 0.588942 0.887146
vt 0.587941 0.889310
vt 0.587941 0.887146
vt 0.588941 0.891860
vt 0.588441 0.889311
vt 0.587941 0.891860
vt 0.588441 0.894406
vt 0.588441 0.891860
vt 0.588941 0.894406
vt 0.588441 0.896561
vt 0.587941 0.894406
vt 0.412604 0.660329
vt 0.409616 0.660699
vt 0.409617 0.660331
vt 0.116966 0.845808
vt 0.114970 0.843747
vt 0.117152 0.845478
vt 0.412604 0.624640
vt 0.409616 0.624272
vt 0.412536 0.624270
vt 0.174361 0.841168
vt 0.173998 0.838271
vt 0.174361 0.838216
vt 0.415000 0.660322
vt 0.412536 0.660697
vt 0.113370 0.841299
vt 0.114653 0.843974
vt 0.414877 0.624264
vt 0.415000 0.624633
vt 0.173062 0.835548
vt 0.172772 0.835753
vt 0.646322 0.266233
vt 0.643675 0.266264
vt 0.643576 0.265932
vt 0.113370 0.838312
vt 0.113758 0.841222
vt 0.646322 0.231432
vt 0.643675 0.230744
vt 0.646358 0.231039
vt 0.170564 0.834001
vt 0.170722 0.833692
vt 0.649387 0.266241
vt 0.646358 0.266559
vt 0.114653 0.835605
vt 0.113758 0.838403
vt 0.649353 0.231046
vt 0.649387 0.231440
vt 0.167810 0.833363
vt 0.167804 0.833016
vt 0.652067 0.266286
vt 0.649353 0.266567
vt 0.117152 0.834064
vt 0.114970 0.835848
vt 0.652067 0.230765
vt 0.652163 0.231152
vt 0.165056 0.833964
vt 0.164886 0.833653
vt 0.312856 0.660322
vt 0.315319 0.660699
vt 0.312979 0.660691
vt 0.116966 0.833715
vt 0.119874 0.833404
vt 0.315251 0.624642
vt 0.312979 0.624264
vt 0.315319 0.624273
vt 0.162847 0.835686
vt 0.162546 0.835478
vt 0.315251 0.660331
vt 0.318239 0.660702
vt 0.122734 0.833645
vt 0.119850 0.833016
vt 0.318239 0.624276
vt 0.318239 0.624645
vt 0.161622 0.838188
vt 0.161247 0.838128
vt 0.318239 0.660334
vt 0.321160 0.660699
vt 0.125046 0.835480
vt 0.122595 0.833999
vt 0.321160 0.624273
vt 0.321228 0.624642
vt 0.161247 0.841080
vt 0.161622 0.840974
vt 0.321228 0.660331
vt 0.323503 0.660691
vt 0.126330 0.838155
vt 0.124778 0.835730
vt 0.323626 0.624634
vt 0.323503 0.624264
vt 0.162847 0.843492
vt 0.162546 0.843748
vt 0.646353 0.124197
vt 0.643672 0.124802
vt 0.643575 0.124417
vt 0.125989 0.841074
vt 0.125989 0.838255
vt 0.646353 0.089025
vt 0.643672 0.088902
vt 0.646386 0.088687
vt 0.164886 0.845604
vt 0.165056 0.845243
vt 0.649418 0.124204
vt 0.646386 0.124587
vt 0.125046 0.843849
vt 0.126330 0.841142
vt 0.649381 0.088693
vt 0.649418 0.089031
vt 0.167804 0.846281
vt 0.167810 0.845882
vt 0.652064 0.124819
vt 0.649381 0.124593
vt 0.122596 0.845412
vt 0.124778 0.843628
vt 0.652163 0.089262
vt 0.652064 0.088919
vt 0.170722 0.845643
vt 0.170564 0.845280
vt 0.406628 0.660329
vt 0.404353 0.660691
vt 0.404230 0.660322
vt 0.119850 0.846438
vt 0.122734 0.845739
vt 0.404230 0.624633
vt 0.406696 0.624270
vt 0.406628 0.624640
vt 0.172772 0.843558
vt 0.173062 0.843819
vt 0.406696 0.660697
vt 0.119874 0.846072
vt 0.409617 0.624642
vt 0.173998 0.841057
vt 0.455300 0.660331
vt 0.458221 0.660697
vt 0.455301 0.660699
vt 0.018742 0.843974
vt 0.021194 0.845455
vt 0.021056 0.845808
vt 0.455300 0.624642
vt 0.458221 0.624270
vt 0.458289 0.624640
vt 0.078453 0.838217
vt 0.078078 0.841110
vt 0.078078 0.838323
vt 0.458289 0.660329
vt 0.460564 0.660691
vt 0.017799 0.841198
vt 0.019011 0.843723
vt 0.460687 0.624633
vt 0.460564 0.624264
vt 0.077154 0.835548
vt 0.076852 0.835804
vt 0.643575 0.053389
vt 0.646358 0.053603
vt 0.643675 0.053770
vt 0.017459 0.838311
vt 0.017459 0.841298
vt 0.646322 0.017810
vt 0.643675 0.017630
vt 0.646358 0.017463
vt 0.074814 0.833692
vt 0.074644 0.834053
vt 0.649387 0.053214
vt 0.646322 0.053218
vt 0.018742 0.835604
vt 0.017799 0.838379
vt 0.649354 0.017459
vt 0.649387 0.017806
vt 0.071896 0.833016
vt 0.071890 0.833414
vt 0.652067 0.053758
vt 0.649354 0.053599
vt 0.021194 0.834041
vt 0.019011 0.835825
vt 0.652163 0.017968
vt 0.652067 0.017618
vt 0.069136 0.834016
vt 0.068978 0.833653
vt 0.358543 0.660322
vt 0.361009 0.660699
vt 0.358666 0.660691
vt 0.021056 0.833714
vt 0.023916 0.833382
vt 0.358543 0.624634
vt 0.361009 0.624273
vt 0.360941 0.624642
vt 0.066927 0.835739
vt 0.066637 0.835479
vt 0.363930 0.660334
vt 0.360941 0.660331
vt 0.026825 0.833646
vt 0.023940 0.833016
vt 0.363930 0.624645
vt 0.363930 0.624276
vt 0.065702 0.838242
vt 0.065339 0.838130
vt 0.366918 0.660331
vt 0.363930 0.660702
vt 0.028822 0.835708
vt 0.026638 0.833977
vt 0.366918 0.624642
vt 0.366850 0.624273
vt 0.065702 0.841028
vt 0.065339 0.841083
vt 0.369313 0.660322
vt 0.366850 0.660699
vt 0.030421 0.838157
vt 0.029138 0.835481
vt 0.369190 0.624264
vt 0.369313 0.624633
vt 0.066637 0.843752
vt 0.066927 0.843547
vt 0.646353 0.195490
vt 0.643672 0.195601
vt 0.643576 0.195260
vt 0.030421 0.841144
vt 0.030033 0.838234
vt 0.646353 0.160369
vt 0.643672 0.159754
vt 0.646386 0.159979
vt 0.068978 0.845608
vt 0.069136 0.845299
vt 0.649418 0.195484
vt 0.646386 0.195826
vt 0.029138 0.843850
vt 0.030033 0.841053
vt 0.649381 0.159973
vt 0.649418 0.160363
vt 0.071890 0.845937
vt 0.071896 0.846284
vt 0.652064 0.195583
vt 0.649381 0.195820
vt 0.026825 0.845740
vt 0.028822 0.843607
vt 0.652064 0.159736
vt 0.652163 0.160121
vt 0.074644 0.845335
vt 0.074814 0.845647
vt 0.449917 0.660322
vt 0.452381 0.660697
vt 0.450040 0.660691
vt 0.023916 0.846050
vt 0.026638 0.845391
vt 0.452312 0.624640
vt 0.450040 0.624264
vt 0.452381 0.624270
vt 0.076852 0.843612
vt 0.077154 0.843821
vt 0.452312 0.660329
vt 0.023940 0.846439
vt 0.455301 0.624272
vt 0.078453 0.841169
vt 0.904805 0.022554
vt 0.904308 0.019395
vt 0.903999 0.022556
vt 0.904441 0.022556
vt 0.855247 0.702909
vt 0.854322 0.703093
vt 0.854764 0.703009
vt 0.855415 0.374973
vt 0.853999 0.373808
vt 0.854460 0.373659
vt 0.855130 0.375365
vt 0.853598 0.373939
vt 0.240471 0.888670
vt 0.241897 0.890202
vt 0.240340 0.889072
vt 0.241505 0.890487
vt 0.240191 0.889532
vt 0.858963 0.702089
vt 0.858037 0.702305
vt 0.858520 0.702196
vt 0.238416 0.889072
vt 0.238286 0.888670
vt 0.238566 0.889532
vt 0.853598 0.371754
vt 0.853999 0.371885
vt 0.801371 0.892242
vt 0.800566 0.892239
vt 0.801063 0.889080
vt 0.800929 0.892241
vt 0.236860 0.890202
vt 0.236519 0.889955
vt 0.237252 0.890487
vt 0.855130 0.370328
vt 0.854460 0.372034
vt 0.805082 0.892246
vt 0.804087 0.892246
vt 0.804584 0.892246
vt 0.854882 0.369987
vt 0.856960 0.369734
vt 0.856960 0.370218
vt 0.855415 0.370720
vt 0.236750 0.892032
vt 0.236266 0.892032
vt 0.808603 0.892239
vt 0.808106 0.889080
vt 0.807797 0.892242
vt 0.808240 0.892241
vt 0.859037 0.369987
vt 0.856959 0.369312
vt 0.858789 0.370328
vt 0.236860 0.893862
vt 0.235843 0.892032
vt 0.855270 0.656870
vt 0.854341 0.656668
vt 0.854786 0.656765
vt 0.860321 0.371754
vt 0.859920 0.371885
vt 0.858505 0.370720
vt 0.237252 0.893577
vt 0.238416 0.894992
vt 0.238286 0.895394
vt 0.236519 0.894110
vt 0.858984 0.657667
vt 0.858061 0.657470
vt 0.858543 0.657573
vt 0.240191 0.894532
vt 0.238566 0.894532
vt 0.240471 0.895394
vt 0.859460 0.372034
vt 0.859920 0.373808
vt 0.859460 0.373659
vt 0.860321 0.373939
vt 0.897573 0.022556
vt 0.896767 0.022554
vt 0.897265 0.019395
vt 0.897131 0.022556
vt 0.241897 0.893862
vt 0.240340 0.894992
vt 0.858789 0.375365
vt 0.858505 0.374973
vt 0.859037 0.375706
vt 0.901284 0.022559
vt 0.900288 0.022559
vt 0.900786 0.022560
vt 0.856960 0.375959
vt 0.856960 0.375475
vt 0.856959 0.376381
vt 0.242238 0.894110
vt 0.242491 0.892032
vt 0.242913 0.892032
vt 0.241505 0.893577
vt 0.242007 0.892032
vt 0.854882 0.375706
vt 0.242238 0.889955
vt 0.904805 0.066094
vt 0.904308 0.062935
vt 0.903999 0.066096
vt 0.904441 0.066096
vt 0.855247 0.748224
vt 0.854322 0.748408
vt 0.854764 0.748324
vt 0.854460 0.328130
vt 0.855130 0.329836
vt 0.853999 0.328279
vt 0.853598 0.328410
vt 0.196860 0.888670
vt 0.198286 0.890202
vt 0.196729 0.889072
vt 0.196580 0.889532
vt 0.858963 0.747404
vt 0.858037 0.747620
vt 0.858520 0.747511
vt 0.194806 0.889072
vt 0.194675 0.888670
vt 0.194955 0.889532
vt 0.853598 0.326225
vt 0.853999 0.326356
vt 0.844326 0.892242
vt 0.843520 0.892239
vt 0.844018 0.889080
vt 0.843884 0.892241
vt 0.193249 0.890202
vt 0.192908 0.889955
vt 0.193641 0.890487
vt 0.855130 0.324799
vt 0.855415 0.325191
vt 0.854460 0.326505
vt 0.848037 0.892246
vt 0.847041 0.892246
vt 0.847539 0.892246
vt 0.856959 0.323783
vt 0.854882 0.324458
vt 0.856960 0.324205
vt 0.193139 0.892032
vt 0.192655 0.892032
vt 0.851558 0.892239
vt 0.851061 0.889080
vt 0.850752 0.892242
vt 0.851194 0.892241
vt 0.859037 0.324458
vt 0.858789 0.324799
vt 0.856960 0.324689
vt 0.193249 0.893862
vt 0.192908 0.894110
vt 0.192233 0.892032
vt 0.855270 0.611542
vt 0.854341 0.611341
vt 0.854786 0.611437
vt 0.860321 0.326225
vt 0.859460 0.326505
vt 0.858505 0.325191
vt 0.194955 0.894532
vt 0.193641 0.893577
vt 0.194675 0.895394
vt 0.858984 0.612339
vt 0.858061 0.612142
vt 0.858543 0.612245
vt 0.196580 0.894532
vt 0.194806 0.894992
vt 0.196860 0.895394
vt 0.859920 0.328279
vt 0.859460 0.328130
vt 0.859920 0.326356
vt 0.860321 0.328410
vt 0.897573 0.066096
vt 0.896767 0.066094
vt 0.897265 0.062935
vt 0.897131 0.066096
vt 0.197894 0.893577
vt 0.196729 0.894992
vt 0.198286 0.893862
vt 0.858789 0.329836
vt 0.858505 0.329444
vt 0.859037 0.330177
vt 0.901284 0.066099
vt 0.900288 0.066099
vt 0.900786 0.066100
vt 0.856960 0.330430
vt 0.856960 0.329946
vt 0.856959 0.330852
vt 0.198627 0.894110
vt 0.198880 0.892032
vt 0.199302 0.892032
vt 0.198396 0.892032
vt 0.855415 0.329444
vt 0.854882 0.330177
vt 0.198627 0.889955
vt 0.197894 0.890487
vt 0.899676 0.586815
vt 0.209496 0.942891
vt 0.588209 0.978179
vt 0.206957 0.943260
vt 0.899676 0.766586
vt 0.207780 0.981087
vt 0.897136 0.587184
vt 0.899307 0.756929
vt 0.207411 0.978548
vt 0.587376 0.933235
vt 0.896767 0.577527
vt 0.896767 0.757298
vt 0.587745 0.942891
vt 0.586039 0.981087
vt 0.899307 0.577158
vt 0.588578 0.980718
vt 0.897136 0.766955
vt 0.585670 0.978548
vt 0.133845 0.942892
vt 0.247322 0.942891
vt 0.739513 0.978179
vt 0.244783 0.943260
vt 0.899676 0.811529
vt 0.244414 0.933604
vt 0.434735 0.981087
vt 0.131305 0.943261
vt 0.437275 0.980718
vt 0.899307 0.801872
vt 0.434366 0.978548
vt 0.625198 0.933235
vt 0.130936 0.933604
vt 0.622662 0.933606
vt 0.896767 0.802241
vt 0.625567 0.942891
vt 0.737342 0.981087
vt 0.133476 0.933235
vt 0.739881 0.980718
vt 0.897136 0.811898
vt 0.736973 0.978548
vt 0.899676 0.407043
vt 0.285148 0.942891
vt 0.626035 0.978179
vt 0.282609 0.943260
vt 0.899676 0.856471
vt 0.245606 0.981087
vt 0.897137 0.407412
vt 0.899307 0.846815
vt 0.245237 0.978548
vt 0.700843 0.933235
vt 0.896768 0.397756
vt 0.896767 0.847184
vt 0.701212 0.942891
vt 0.623865 0.981087
vt 0.899307 0.397387
vt 0.626404 0.980718
vt 0.897136 0.856840
vt 0.623496 0.978548
vt 0.899676 0.676700
vt 0.322974 0.942891
vt 0.663861 0.978179
vt 0.320435 0.943260
vt 0.020367 0.942892
vt 0.359084 0.981087
vt 0.897137 0.677069
vt 0.361623 0.980718
vt 0.019998 0.933235
vt 0.358715 0.978548
vt 0.511731 0.933235
vt 0.896768 0.667413
vt 0.509195 0.933606
vt 0.017459 0.933604
vt 0.512100 0.942891
vt 0.661690 0.981087
vt 0.899307 0.667044
vt 0.664230 0.980718
vt 0.017828 0.943261
vt 0.661321 0.978548
vt 0.899676 0.721643
vt 0.360800 0.942891
vt 0.701687 0.978179
vt 0.358260 0.943260
vt 0.899676 0.451986
vt 0.396909 0.981087
vt 0.897137 0.722012
vt 0.399449 0.980718
vt 0.899307 0.442330
vt 0.396540 0.978548
vt 0.738666 0.933235
vt 0.896768 0.712356
vt 0.896767 0.442699
vt 0.739034 0.942891
vt 0.699516 0.981087
vt 0.899307 0.711987
vt 0.702056 0.980718
vt 0.897136 0.452355
vt 0.699147 0.978548
vt 0.899676 0.496929
vt 0.398626 0.942891
vt 0.512557 0.978179
vt 0.396086 0.943260
vt 0.899676 0.631757
vt 0.283432 0.981087
vt 0.897137 0.497298
vt 0.285971 0.980718
vt 0.899307 0.622101
vt 0.663021 0.933235
vt 0.896768 0.487641
vt 0.660484 0.933606
vt 0.896767 0.622470
vt 0.663389 0.942891
vt 0.510387 0.981087
vt 0.899307 0.487272
vt 0.897136 0.632126
vt 0.510018 0.978548
vt 0.171671 0.942892
vt 0.436452 0.942891
vt 0.777338 0.978179
vt 0.433912 0.943260
vt 0.058193 0.942892
vt 0.472561 0.981087
vt 0.169131 0.943261
vt 0.475101 0.980718
vt 0.057824 0.933235
vt 0.472192 0.978548
vt 0.776488 0.933235
vt 0.168762 0.933604
vt 0.773952 0.933606
vt 0.055285 0.933604
vt 0.776857 0.942891
vt 0.775168 0.981087
vt 0.171302 0.933235
vt 0.777707 0.980718
vt 0.055654 0.943261
vt 0.774799 0.978548
vt 0.899676 0.541872
vt 0.474277 0.942891
vt 0.550383 0.978179
vt 0.471738 0.943260
vt 0.096019 0.942892
vt 0.321258 0.981087
vt 0.897136 0.542241
vt 0.323797 0.980718
vt 0.095650 0.933235
vt 0.549554 0.933235
vt 0.896767 0.532584
vt 0.547017 0.933606
vt 0.093110 0.933604
vt 0.549922 0.942891
vt 0.548213 0.981087
vt 0.899307 0.532215
vt 0.093479 0.943261
vt 0.547844 0.978548
vt 0.811119 0.118752
vt 0.614009 0.783948
vt 0.801481 0.074182
vt 0.551857 0.766255
vt 0.806962 0.118897
vt 0.803434 0.070510
vt 0.801480 0.124774
vt 0.801501 0.352749
vt 0.801474 0.353117
vt 0.565487 0.766255
vt 0.565458 0.766636
vt 0.801625 0.128932
vt 0.814792 0.070114
vt 0.807502 0.134413
vt 0.801474 0.300135
vt 0.801503 0.299767
vt 0.801474 0.282075
vt 0.815188 0.081472
vt 0.817141 0.128391
vt 0.600404 0.784316
vt 0.600431 0.783948
vt 0.807503 0.083821
vt 0.600404 0.766255
vt 0.816996 0.124233
vt 0.803830 0.081868
vt 0.944008 0.065381
vt 0.817208 0.940022
vt 0.944008 0.597746
vt 0.812143 0.940391
vt 0.944008 0.107454
vt 0.811774 0.933604
vt 0.939722 0.552699
vt 0.816839 0.933236
vt 0.940091 0.065750
vt 0.940091 0.557763
vt 0.943639 0.100667
vt 0.943639 0.552330
vt 0.857184 0.933235
vt 0.944008 0.557394
vt 0.939722 0.058963
vt 0.852125 0.933607
vt 0.939722 0.101036
vt 0.857552 0.940021
vt 0.939722 0.593050
vt 0.852494 0.940393
vt 0.943639 0.058594
vt 0.940091 0.598114
vt 0.940091 0.107823
vt 0.943639 0.592681
vt 0.679089 0.852224
vt 0.942631 0.915673
vt 0.854605 0.071585
vt 0.940091 0.916042
vt 0.717718 0.852224
vt 0.852435 0.036667
vt 0.678720 0.833385
vt 0.854974 0.036298
vt 0.721062 0.851855
vt 0.852066 0.017828
vt 0.019995 0.978179
vt 0.682063 0.833016
vt 0.017459 0.978549
vt 0.720693 0.833016
vt 0.852434 0.090793
vt 0.682432 0.851855
vt 0.854974 0.090424
vt 0.717350 0.833384
vt 0.852066 0.071954
vt 0.980474 0.093684
vt 0.980058 0.094176
vt 0.980100 0.093683
vt 0.980474 0.094668
vt 0.980100 0.094668
vt 0.981508 0.093685
vt 0.980474 0.094176
vt 0.981508 0.094669
vt 0.982541 0.094177
vt 0.981508 0.094177
vt 0.055610 0.980835
vt 0.055963 0.981188
vt 0.056414 0.981403
vt 0.133942 0.978179
vt 0.134638 0.978875
vt 0.889330 0.980527
vt 0.888273 0.980725
vt 0.888290 0.980321
vt 0.980474 0.092995
vt 0.981508 0.093208
vt 0.980474 0.093403
vt 0.890336 0.980742
vt 0.889313 0.980932
vt 0.982540 0.092996
vt 0.981507 0.092800
vt 0.055281 0.979608
vt 0.055281 0.980107
vt 0.055448 0.980578
vt 0.888307 0.979057
vt 0.887872 0.979542
vt 0.887916 0.979050
vt 0.888298 0.980042
vt 0.887908 0.980035
vt 0.889352 0.979069
vt 0.888307 0.979550
vt 0.889344 0.980053
vt 0.890370 0.979567
vt 0.889352 0.979562
vt 0.055917 0.978507
vt 0.055563 0.978860
vt 0.055348 0.979311
vt 0.131699 0.978875
vt 0.132396 0.978179
vt 0.981507 0.019804
vt 0.980472 0.020015
vt 0.980474 0.019607
vt 0.888293 0.978364
vt 0.889346 0.978590
vt 0.888303 0.978775
vt 0.982538 0.020017
vt 0.981506 0.020212
vt 0.890356 0.978380
vt 0.889336 0.978179
vt 0.057144 0.978179
vt 0.056645 0.978179
vt 0.056174 0.978345
vt 0.980475 0.018342
vt 0.980058 0.018834
vt 0.980100 0.018342
vt 0.980474 0.019327
vt 0.980100 0.019327
vt 0.981510 0.018343
vt 0.980475 0.018835
vt 0.981509 0.019327
vt 0.982541 0.018836
vt 0.981510 0.018835
vt 0.058244 0.978814
vt 0.057891 0.978461
vt 0.057440 0.978246
vt 0.132396 0.981117
vt 0.131699 0.980421
vt 0.850652 0.979479
vt 0.850629 0.978422
vt 0.851033 0.978498
vt 0.980474 0.017654
vt 0.981509 0.017866
vt 0.980475 0.018062
vt 0.850248 0.980452
vt 0.850248 0.979402
vt 0.982540 0.017655
vt 0.981508 0.017459
vt 0.058573 0.980042
vt 0.058573 0.979542
vt 0.058406 0.979071
vt 0.852278 0.978732
vt 0.851867 0.978231
vt 0.852343 0.978363
vt 0.851310 0.978551
vt 0.851374 0.978182
vt 0.852090 0.979749
vt 0.851795 0.978642
vt 0.851123 0.979568
vt 0.851414 0.980673
vt 0.851607 0.979659
vt 0.057937 0.981142
vt 0.058290 0.980789
vt 0.058506 0.980338
vt 0.134638 0.980421
vt 0.133942 0.981117
vt 0.981507 0.095146
vt 0.980472 0.095357
vt 0.980473 0.094949
vt 0.852950 0.978856
vt 0.852557 0.979836
vt 0.852552 0.978783
vt 0.982538 0.095358
vt 0.981506 0.095553
vt 0.852569 0.980887
vt 0.852954 0.979909
vt 0.056710 0.981471
vt 0.057209 0.981471
vt 0.057680 0.981304
vt 0.980475 0.131354
vt 0.980058 0.131846
vt 0.980100 0.131354
vt 0.980474 0.132339
vt 0.980100 0.132339
vt 0.981509 0.131355
vt 0.980475 0.131847
vt 0.981508 0.132339
vt 0.982541 0.131848
vt 0.981509 0.131847
vt 0.093819 0.980835
vt 0.094172 0.981188
vt 0.094623 0.981403
vt 0.171797 0.978179
vt 0.172494 0.978875
vt 0.926746 0.980528
vt 0.925689 0.980726
vt 0.925707 0.980321
vt 0.980474 0.130666
vt 0.981508 0.130878
vt 0.980474 0.131074
vt 0.927753 0.980742
vt 0.926729 0.980932
vt 0.982540 0.130667
vt 0.981507 0.130471
vt 0.093490 0.979608
vt 0.093490 0.980107
vt 0.093657 0.980578
vt 0.925723 0.979057
vt 0.925288 0.979543
vt 0.925332 0.979050
vt 0.925715 0.980042
vt 0.925324 0.980035
vt 0.926768 0.979069
vt 0.925723 0.979551
vt 0.926760 0.980053
vt 0.927787 0.979567
vt 0.926768 0.979562
vt 0.094126 0.978507
vt 0.093773 0.978861
vt 0.093557 0.979311
vt 0.169555 0.978875
vt 0.170252 0.978179
vt 0.981507 0.057475
vt 0.980472 0.057686
vt 0.980474 0.057278
vt 0.925709 0.978364
vt 0.926763 0.978590
vt 0.925719 0.978776
vt 0.982538 0.057688
vt 0.981506 0.057883
vt 0.927773 0.978380
vt 0.926752 0.978179
vt 0.095353 0.978179
vt 0.094854 0.978179
vt 0.094383 0.978345
vt 0.980475 0.056013
vt 0.980058 0.056505
vt 0.980100 0.056012
vt 0.980474 0.056998
vt 0.980100 0.056998
vt 0.981510 0.056014
vt 0.980475 0.056505
vt 0.981509 0.056998
vt 0.982541 0.056507
vt 0.981510 0.056506
vt 0.096454 0.978814
vt 0.096100 0.978461
vt 0.095650 0.978246
vt 0.170252 0.981117
vt 0.169555 0.980421
vt 0.813028 0.979479
vt 0.813005 0.978422
vt 0.813409 0.978498
vt 0.980474 0.055324
vt 0.981509 0.055537
vt 0.980475 0.055732
vt 0.812625 0.980452
vt 0.812625 0.979402
vt 0.982540 0.055326
vt 0.981508 0.055129
vt 0.096782 0.980042
vt 0.096782 0.979542
vt 0.096616 0.979071
vt 0.814654 0.978732
vt 0.814243 0.978231
vt 0.814719 0.978363
vt 0.813686 0.978551
vt 0.813751 0.978182
vt 0.814466 0.979749
vt 0.814171 0.978642
vt 0.813499 0.979568
vt 0.813791 0.980673
vt 0.813984 0.979659
vt 0.096146 0.981142
vt 0.096500 0.980789
vt 0.096715 0.980338
vt 0.172494 0.980421
vt 0.171797 0.981117
vt 0.981507 0.132816
vt 0.980472 0.133027
vt 0.980473 0.132620
vt 0.815327 0.978857
vt 0.814933 0.979836
vt 0.814929 0.978783
vt 0.982538 0.133029
vt 0.981506 0.133224
vt 0.814946 0.980887
vt 0.815331 0.979909
vt 0.094919 0.981471
vt 0.095419 0.981471
vt 0.095890 0.981304
vt 0.209647 0.847059
vt 0.805986 0.833016
vt 0.255738 0.847059
vt 0.106136 0.887510
vt 0.756348 0.847059
vt 0.113497 0.887142
vt 0.209278 0.833385
vt 0.763709 0.846690
vt 0.266542 0.846690
vt 0.755979 0.833385
vt 0.156135 0.887142
vt 0.763340 0.833016
vt 0.220082 0.833016
vt 0.148783 0.887515
vt 0.266173 0.833016
vt 0.798995 0.847059
vt 0.149152 0.898318
vt 0.220451 0.846690
vt 0.806355 0.846690
vt 0.255369 0.833384
vt 0.798626 0.833385
vt 0.940091 0.474765
vt 0.982048 0.170336
vt 0.941343 0.675679
vt 0.980427 0.170705
vt 0.940091 0.517412
vt 0.980058 0.168510
vt 0.940091 0.640762
vt 0.981679 0.168141
vt 0.939722 0.467405
vt 0.941712 0.640393
vt 0.942286 0.517043
vt 0.939722 0.633401
vt 0.981677 0.205623
vt 0.941343 0.633032
vt 0.941917 0.467036
vt 0.980058 0.205993
vt 0.941917 0.509683
vt 0.982046 0.207817
vt 0.940091 0.683409
vt 0.980426 0.208187
vt 0.942286 0.474396
vt 0.941712 0.683040
vt 0.939722 0.510052
vt 0.939722 0.676048
vt 0.944354 0.142740
vt 0.945051 0.143437
vt 0.942877 0.229563
vt 0.940838 0.229566
vt 0.940855 0.229162
vt 0.943745 0.391306
vt 0.941734 0.391280
vt 0.943743 0.390898
vt 0.944850 0.229598
vt 0.942859 0.229967
vt 0.939727 0.391308
vt 0.941735 0.391688
vt 0.899184 0.314694
vt 0.898696 0.314804
vt 0.898274 0.315071
vt 0.940906 0.226709
vt 0.939722 0.227180
vt 0.939767 0.226687
vt 0.940897 0.227693
vt 0.939758 0.227672
vt 0.942938 0.226731
vt 0.940906 0.227202
vt 0.942930 0.227715
vt 0.944918 0.227233
vt 0.942938 0.227224
vt 0.901690 0.315071
vt 0.901268 0.314804
vt 0.900781 0.314694
vt 0.939722 0.143437
vt 0.940418 0.142740
vt 0.942862 0.310419
vt 0.940850 0.310445
vt 0.940852 0.310037
vt 0.940877 0.224815
vt 0.942916 0.224865
vt 0.940888 0.225226
vt 0.944868 0.310448
vt 0.942861 0.310827
vt 0.944890 0.224846
vt 0.942906 0.224455
vt 0.903197 0.317110
vt 0.903086 0.316623
vt 0.902820 0.316200
vt 0.940857 0.307577
vt 0.939722 0.308068
vt 0.939765 0.307575
vt 0.940856 0.308561
vt 0.939764 0.308561
vt 0.942868 0.307579
vt 0.940857 0.308069
vt 0.942867 0.308563
vt 0.944875 0.308072
vt 0.942868 0.308071
vt 0.902820 0.319617
vt 0.903086 0.319194
vt 0.903197 0.318707
vt 0.940418 0.148069
vt 0.939722 0.147372
vt 0.892874 0.936074
vt 0.893210 0.934090
vt 0.893614 0.934167
vt 0.940854 0.305693
vt 0.942866 0.305722
vt 0.940855 0.306101
vt 0.892470 0.938039
vt 0.892470 0.935997
vt 0.944872 0.305696
vt 0.942865 0.305314
vt 0.900781 0.321123
vt 0.901268 0.321013
vt 0.901690 0.320746
vt 0.896039 0.934624
vt 0.895752 0.933417
vt 0.896228 0.933549
vt 0.895071 0.934443
vt 0.895259 0.933367
vt 0.895674 0.936602
vt 0.895556 0.934534
vt 0.894707 0.936421
vt 0.894815 0.938483
vt 0.895191 0.936512
vt 0.898274 0.320746
vt 0.898696 0.321013
vt 0.899184 0.321123
vt 0.945051 0.147372
vt 0.944354 0.148069
vt 0.941731 0.386582
vt 0.943742 0.386554
vt 0.943741 0.386962
vt 0.897880 0.934965
vt 0.897491 0.936939
vt 0.897482 0.934892
vt 0.939724 0.386557
vt 0.941732 0.386175
vt 0.897140 0.938914
vt 0.897888 0.937012
vt 0.896768 0.318707
vt 0.896878 0.319194
vt 0.897144 0.319617
vt 0.943740 0.389423
vt 0.944873 0.388930
vt 0.944831 0.389422
vt 0.943740 0.388438
vt 0.944831 0.388437
vt 0.941730 0.389423
vt 0.943740 0.388930
vt 0.941729 0.388439
vt 0.939722 0.388933
vt 0.941729 0.388931
vt 0.897144 0.316200
vt 0.896878 0.316623
vt 0.896768 0.317110
vt 0.944354 0.183597
vt 0.945051 0.184294
vt 0.942877 0.269993
vt 0.940838 0.269996
vt 0.940855 0.269592
vt 0.940854 0.426985
vt 0.942865 0.427013
vt 0.940854 0.427393
vt 0.944850 0.270027
vt 0.942859 0.270397
vt 0.944871 0.426987
vt 0.942864 0.426605
vt 0.901690 0.356417
vt 0.901268 0.356151
vt 0.900781 0.356040
vt 0.940906 0.267139
vt 0.939722 0.267610
vt 0.939767 0.267117
vt 0.940897 0.268123
vt 0.939758 0.268102
vt 0.942938 0.267161
vt 0.940906 0.267632
vt 0.942930 0.268145
vt 0.944918 0.267663
vt 0.942938 0.267654
vt 0.903197 0.358456
vt 0.903086 0.357969
vt 0.902820 0.357547
vt 0.939722 0.184294
vt 0.940418 0.183597
vt 0.941731 0.346152
vt 0.943742 0.346124
vt 0.943741 0.346531
vt 0.940877 0.265245
vt 0.942916 0.265295
vt 0.940888 0.265656
vt 0.939725 0.346127
vt 0.941732 0.345745
vt 0.944890 0.265276
vt 0.942906 0.264884
vt 0.902820 0.360963
vt 0.903086 0.360541
vt 0.903197 0.360054
vt 0.943741 0.348992
vt 0.944875 0.348498
vt 0.944833 0.348991
vt 0.943740 0.348007
vt 0.944832 0.348006
vt 0.941729 0.348993
vt 0.943740 0.348499
vt 0.941729 0.348009
vt 0.939722 0.348503
vt 0.941729 0.348501
vt 0.900781 0.362469
vt 0.901268 0.362359
vt 0.901690 0.362093
vt 0.940418 0.188926
vt 0.939722 0.188230
vt 0.940126 0.020297
vt 0.940462 0.018314
vt 0.940866 0.018391
vt 0.943746 0.350875
vt 0.941734 0.350850
vt 0.943745 0.350467
vt 0.939722 0.022262
vt 0.939722 0.020220
vt 0.939729 0.350878
vt 0.941736 0.351257
vt 0.898274 0.362093
vt 0.898696 0.362359
vt 0.899183 0.362469
vt 0.943291 0.018847
vt 0.943004 0.017640
vt 0.943480 0.017772
vt 0.942323 0.018666
vt 0.942511 0.017591
vt 0.942926 0.020825
vt 0.942808 0.018757
vt 0.941959 0.020644
vt 0.942068 0.022706
vt 0.942444 0.020735
vt 0.896767 0.360054
vt 0.896878 0.360541
vt 0.897144 0.360963
vt 0.945051 0.188230
vt 0.944354 0.188926
vt 0.942862 0.431711
vt 0.940851 0.431736
vt 0.940852 0.431328
vt 0.945132 0.019189
vt 0.944743 0.021162
vt 0.944735 0.019115
vt 0.944868 0.431739
vt 0.942861 0.432118
vt 0.944392 0.023137
vt 0.945140 0.021236
vt 0.897144 0.357547
vt 0.896878 0.357969
vt 0.896767 0.358456
vt 0.940856 0.428868
vt 0.939722 0.429360
vt 0.939765 0.428867
vt 0.940855 0.429853
vt 0.939764 0.429853
vt 0.942866 0.428870
vt 0.940856 0.429361
vt 0.942866 0.429854
vt 0.944873 0.429363
vt 0.942866 0.429362
vt 0.899183 0.356040
vt 0.898696 0.356151
vt 0.898274 0.356417
vt 0.266523 0.778486
vt 0.266401 0.778990
vt 0.266575 0.777966
vt 0.264406 0.767476
vt 0.263734 0.766255
vt 0.256205 0.767476
vt 0.256498 0.767015
vt 0.810507 0.169600
vt 0.266537 0.779334
vt 0.254036 0.777966
vt 0.254087 0.778486
vt 0.254209 0.778990
vt 0.801924 0.225968
vt 0.802375 0.225705
vt 0.254073 0.779334
vt 0.765648 0.894707
vt 0.757419 0.894707
vt 0.714272 0.888089
vt 0.722501 0.888089
vt 0.301530 0.773067
vt 0.801877 0.190525
vt 0.802329 0.190788
vt 0.304333 0.786146
vt 0.313994 0.773067
vt 0.313858 0.773411
vt 0.810548 0.246895
vt 0.301492 0.774435
vt 0.301544 0.773915
vt 0.303661 0.784925
vt 0.311862 0.784925
vt 0.311569 0.785387
vt 0.313980 0.773915
vt 0.314031 0.774435
vt 0.643987 0.459546
vt 0.654787 0.301509
vt 0.148583 0.442685
vt 0.146934 0.699493
vt 0.147301 0.699520
vt 0.655168 0.332610
vt 0.654787 0.332580
vt 0.136103 0.465091
vt 0.100803 0.699504
vt 0.101171 0.699534
vt 0.111606 0.699523
vt 0.158510 0.477571
vt 0.643592 0.428446
vt 0.643961 0.428472
vt 0.654396 0.428463
vt 0.170989 0.455164
vt 0.065821 0.731330
vt 0.062791 0.731338
vt 0.903242 0.105740
vt 0.064199 0.699493
vt 0.064280 0.699862
vt 0.753792 0.159889
vt 0.903593 0.109968
vt 0.756487 0.128024
vt 0.057996 0.766624
vt 0.057387 0.798097
vt 0.899680 0.111609
vt 0.060130 0.766255
vt 0.754404 0.529135
vt 0.753442 0.560607
vt 0.896910 0.108394
vt 0.756451 0.528768
vt 0.939722 0.758198
vt 0.059164 0.731330
vt 0.059120 0.730962
vt 0.060786 0.699493
vt 0.062194 0.699497
vt 0.940073 0.760422
vt 0.705032 0.500899
vt 0.702002 0.500907
vt 0.703410 0.469062
vt 0.703491 0.469431
vt 0.753792 0.226689
vt 0.903593 0.151999
vt 0.756486 0.194825
vt 0.097399 0.766624
vt 0.096791 0.798097
vt 0.899680 0.153640
vt 0.099534 0.766255
vt 0.941729 0.795978
vt 0.754404 0.595896
vt 0.753442 0.627368
vt 0.756452 0.595528
vt 0.698375 0.500899
vt 0.698331 0.500531
vt 0.699916 0.469431
vt 0.701405 0.469065
vt 0.705032 0.567661
vt 0.702002 0.567669
vt 0.703410 0.535824
vt 0.703491 0.536193
vt 0.942297 0.838377
vt 0.753792 0.293489
vt 0.756486 0.261624
vt 0.176207 0.766624
vt 0.175599 0.798097
vt 0.178341 0.766255
vt 0.941729 0.834779
vt 0.754405 0.462375
vt 0.753442 0.493847
vt 0.896910 0.192456
vt 0.756452 0.462008
vt 0.698375 0.567661
vt 0.698331 0.567293
vt 0.899112 0.188829
vt 0.699997 0.535824
vt 0.701405 0.535827
vt 0.940073 0.838023
vt 0.705032 0.634423
vt 0.702002 0.634431
vt 0.703410 0.602586
vt 0.703491 0.602955
vt 0.753792 0.360289
vt 0.756486 0.328424
vt 0.943320 0.719969
vt 0.215611 0.766624
vt 0.215002 0.798097
vt 0.217745 0.766255
vt 0.941729 0.718376
vt 0.754404 0.662656
vt 0.753442 0.694128
vt 0.896910 0.234487
vt 0.756452 0.662289
vt 0.939722 0.719397
vt 0.698331 0.634055
vt 0.698375 0.634423
vt 0.899112 0.230860
vt 0.699997 0.602586
vt 0.701405 0.602590
vt 0.024203 0.730962
vt 0.021129 0.731338
vt 0.022538 0.699493
vt 0.022618 0.699862
vt 0.753792 0.427089
vt 0.903593 0.278092
vt 0.756486 0.395224
vt 0.943320 0.875172
vt 0.136803 0.766624
vt 0.136195 0.798097
vt 0.899680 0.279733
vt 0.138938 0.766255
vt 0.941728 0.873580
vt 0.018776 0.766624
vt 0.017813 0.798096
vt 0.896910 0.276518
vt 0.020823 0.766256
vt 0.017502 0.731330
vt 0.017459 0.730962
vt 0.899112 0.272891
vt 0.019043 0.699862
vt 0.020532 0.699497
vt 0.940073 0.876824
vt 0.627581 0.890495
vt 0.679354 0.892641
vt 0.107857 0.172966
vt 0.059994 0.406972
vt 0.059944 0.407330
vt 0.629017 0.888223
vt 0.674859 0.887229
vt 0.142774 0.172966
vt 0.635835 0.889959
vt 0.672362 0.888223
vt 0.670926 0.890495
vt 0.148785 0.407238
vt 0.148785 0.172966
vt 0.672818 0.895244
vt 0.675422 0.895907
vt 0.101846 0.172966
vt 0.677919 0.894913
vt 0.551142 0.473392
vt 0.550691 0.473203
vt 0.550215 0.473091
vt 0.535544 0.478125
vt 0.699415 0.376057
vt 0.699669 0.376347
vt 0.535291 0.493632
vt 0.560052 0.486088
vt 0.560012 0.486575
vt 0.560012 0.485600
vt 0.657795 0.393519
vt 0.658249 0.393409
vt 0.551402 0.473203
vt 0.550691 0.498972
vt 0.550215 0.499084
vt 0.551142 0.498783
vt 0.657795 0.367527
vt 0.551402 0.498972
vt 0.560272 0.486764
vt 0.698331 0.375511
vt 0.713446 0.354305
vt 0.698704 0.412000
vt 0.698331 0.412100
vt 0.713442 0.433308
vt 0.713068 0.433411
vt 0.017719 0.561798
vt 0.026328 0.574196
vt 0.017459 0.561988
vt 0.658092 0.520482
vt 0.712364 0.353761
vt 0.699669 0.411264
vt 0.017719 0.560824
vt 0.026328 0.548427
vt 0.026589 0.548616
vt 0.658092 0.494491
vt 0.658554 0.494604
vt 0.027040 0.574196
vt 0.017678 0.561311
vt 0.042186 0.569274
vt 0.042440 0.553766
vt 0.027040 0.548427
vt 0.206959 0.481596
vt 0.321827 0.327977
vt 0.393958 0.017830
vt 0.347068 0.492366
vt 0.535142 0.102956
vt 0.548023 0.152419
vt 0.489089 0.152423
vt 0.472935 0.405958
vt 0.485817 0.455369
vt 0.595189 0.455146
vt 0.268870 0.548684
vt 0.329634 0.588964
vt 0.138271 0.588964
vt 0.364551 0.548684
vt 0.221029 0.548684
vt 0.165592 0.624687
vt 0.175897 0.663326
vt 0.852066 0.841064
vt 0.854262 0.842246
vt 0.856820 0.842664
vt 0.859351 0.842255
vt 0.547345 0.896559
vt 0.545579 0.896561
vt 0.861527 0.839593
vt 0.861470 0.841082
vt 0.861545 0.838644
vt 0.861549 0.836787
vt 0.856845 0.832743
vt 0.859374 0.833155
vt 0.861487 0.834317
vt 0.861537 0.835832
vt 0.457852 0.896561
vt 0.456086 0.896558
vt 0.460619 0.896559
vt 0.458853 0.896561
vt 0.019622 0.896655
vt 0.022171 0.897062
vt 0.024718 0.896656
vt 0.026874 0.895498
vt 0.026879 0.893983
vt 0.026880 0.893028
vt 0.026880 0.891171
vt 0.017459 0.888732
vt 0.019622 0.887555
vt 0.022171 0.887142
vt 0.024718 0.887555
vt 0.026874 0.888733
vt 0.026879 0.890222
vt 0.542812 0.896559
vt 0.544578 0.896561
vt 0.852066 0.796226
vt 0.854261 0.797407
vt 0.856820 0.797826
vt 0.859351 0.797417
vt 0.590708 0.896559
vt 0.588942 0.896561
vt 0.861527 0.794754
vt 0.861470 0.796244
vt 0.861549 0.791949
vt 0.861544 0.793806
vt 0.856845 0.787905
vt 0.859374 0.788317
vt 0.861536 0.790994
vt 0.861487 0.789479
vt 0.501214 0.896561
vt 0.499448 0.896558
vt 0.503981 0.896559
vt 0.502215 0.896562
vt 0.061797 0.895498
vt 0.063961 0.896655
vt 0.066510 0.897062
vt 0.069056 0.896656
vt 0.071217 0.893983
vt 0.071213 0.895498
vt 0.071219 0.891171
vt 0.071219 0.893028
vt 0.063961 0.887555
vt 0.066510 0.887142
vt 0.069057 0.887555
vt 0.071213 0.888733
vt 0.071217 0.890222
vt 0.587941 0.896561
vt 0.586174 0.896559
vt 0.643576 0.231130
vt 0.652163 0.265954
vt 0.312856 0.624633
vt 0.323626 0.660322
vt 0.643575 0.089245
vt 0.652163 0.124435
vt 0.460687 0.660322
vt 0.643575 0.017980
vt 0.652163 0.053376
vt 0.652163 0.195242
vt 0.449917 0.624633
vt 0.241491 0.887142
vt 0.239378 0.892031
vt 0.902864 0.017459
vt 0.852066 0.703497
vt 0.853403 0.706409
vt 0.856958 0.377945
vt 0.854242 0.377432
vt 0.852066 0.374959
vt 0.856960 0.372846
vt 0.856634 0.697275
vt 0.858789 0.707211
vt 0.237803 0.887184
vt 0.861221 0.701516
vt 0.861221 0.704717
vt 0.852109 0.371271
vt 0.804584 0.887145
vt 0.856460 0.367541
vt 0.806662 0.887142
vt 0.856958 0.367748
vt 0.859674 0.368261
vt 0.237265 0.896926
vt 0.852066 0.656172
vt 0.852066 0.659399
vt 0.861850 0.370733
vt 0.858776 0.652406
vt 0.856636 0.662358
vt 0.240954 0.896883
vt 0.861224 0.658141
vt 0.859886 0.661080
vt 0.861807 0.374422
vt 0.900786 0.017461
vt 0.857456 0.378152
vt 0.197881 0.887141
vt 0.195767 0.892031
vt 0.902864 0.060999
vt 0.852066 0.748812
vt 0.853403 0.751724
vt 0.856958 0.332416
vt 0.854242 0.331903
vt 0.852066 0.329430
vt 0.856960 0.327317
vt 0.856634 0.742590
vt 0.858789 0.752526
vt 0.194192 0.887184
vt 0.861221 0.746831
vt 0.861221 0.750032
vt 0.852109 0.325742
vt 0.847539 0.887145
vt 0.856460 0.322012
vt 0.849617 0.887142
vt 0.856958 0.322219
vt 0.859674 0.322732
vt 0.193654 0.896926
vt 0.852066 0.610844
vt 0.852066 0.614071
vt 0.861850 0.325204
vt 0.858776 0.607078
vt 0.856636 0.617030
vt 0.197343 0.896883
vt 0.861224 0.612813
vt 0.859886 0.615752
vt 0.861807 0.328893
vt 0.900786 0.061001
vt 0.857456 0.332623
vt 0.565467 0.783938
vt 0.801503 0.282445
vt 0.600431 0.766625
vt 0.133169 0.979647
vt 0.982540 0.094670
vt 0.982540 0.094950
vt 0.982540 0.093404
vt 0.982541 0.093685
vt 0.056928 0.979825
vt 0.887907 0.980051
vt 0.890362 0.980058
vt 0.890354 0.980337
vt 0.890370 0.979073
vt 0.890367 0.978791
vt 0.982540 0.019609
vt 0.982541 0.019328
vt 0.982541 0.018063
vt 0.982541 0.018344
vt 0.851358 0.978179
vt 0.850929 0.980582
vt 0.850652 0.980529
vt 0.850856 0.980946
vt 0.850840 0.980943
vt 0.133661 0.981233
vt 0.851897 0.980763
vt 0.852171 0.980814
vt 0.171025 0.979647
vt 0.982540 0.132621
vt 0.982540 0.132340
vt 0.982540 0.131075
vt 0.982541 0.131356
vt 0.095137 0.979825
vt 0.925323 0.980051
vt 0.927778 0.980058
vt 0.927770 0.980337
vt 0.927783 0.978792
vt 0.927787 0.979074
vt 0.982540 0.057280
vt 0.982541 0.056999
vt 0.982541 0.055734
vt 0.982541 0.056014
vt 0.813735 0.978179
vt 0.813306 0.980582
vt 0.813029 0.980529
vt 0.813233 0.980946
vt 0.813217 0.980943
vt 0.171517 0.981233
vt 0.814548 0.980814
vt 0.814273 0.980763
vt 0.942386 0.145403
vt 0.944831 0.387731
vt 0.939726 0.390900
vt 0.939723 0.389425
vt 0.939722 0.388440
vt 0.939723 0.386965
vt 0.899981 0.317910
vt 0.939738 0.228375
vt 0.944868 0.229193
vt 0.944910 0.227725
vt 0.939758 0.225978
vt 0.944901 0.225258
vt 0.944918 0.226740
vt 0.939762 0.309267
vt 0.944874 0.308565
vt 0.944870 0.310040
vt 0.944873 0.306104
vt 0.944875 0.307580
vt 0.894562 0.933235
vt 0.894331 0.938392
vt 0.892874 0.938116
vt 0.894118 0.939453
vt 0.893421 0.939321
vt 0.942879 0.148680
vt 0.895298 0.938573
vt 0.896742 0.938841
vt 0.942386 0.186260
vt 0.939764 0.428161
vt 0.939763 0.430559
vt 0.944872 0.427395
vt 0.944873 0.428871
vt 0.944873 0.429855
vt 0.944870 0.431331
vt 0.899980 0.359256
vt 0.939738 0.268805
vt 0.944910 0.268155
vt 0.944868 0.269623
vt 0.944918 0.267170
vt 0.944901 0.265687
vt 0.939722 0.348010
vt 0.939724 0.346535
vt 0.939727 0.350471
vt 0.939723 0.348995
vt 0.941814 0.017459
vt 0.941583 0.022615
vt 0.940126 0.022339
vt 0.941371 0.023677
vt 0.940674 0.023545
vt 0.942879 0.189537
vt 0.943994 0.023064
vt 0.942551 0.022796
vt 0.810056 0.169337
vt 0.810097 0.247157
vt 0.301666 0.773411
vt 0.644364 0.332586
vt 0.065864 0.730962
vt 0.060705 0.699862
vt 0.705076 0.500531
vt 0.705076 0.567293
vt 0.699916 0.536193
vt 0.705076 0.634055
vt 0.699916 0.602955
vt 0.535291 0.478543
vt 0.027516 0.574308
vt 0.026589 0.574006
vt 0.042440 0.568856
vt 0.027516 0.548314
vt 0.814141 0.398965
vt 0.814276 0.490593
vt 0.811245 0.402966
vt 0.395831 0.839342
vt 0.814276 0.501558
vt 0.497881 0.845246
vt 0.403585 0.833019
vt 0.312383 0.833016
vt 0.814141 0.390317
vt 0.588900 0.833016
vt 0.814141 0.449391
vt 0.811245 0.453392
vt 0.596654 0.837492
vt 0.814276 0.551390
vt 0.592178 0.845246
vt 0.453899 0.833016
vt 0.356413 0.833023
vt 0.814136 0.443060
vt 0.401765 0.705807
vt 0.716188 0.195706
vt 0.712112 0.205812
vt 0.716386 0.259413
vt 0.312833 0.699493
vt 0.196167 0.699493
vt 0.412700 0.716742
vt 0.208401 0.699493
vt 0.716196 0.187973
vt 0.716386 0.299901
vt 0.506097 0.705806
vt 0.716226 0.312060
vt 0.349599 0.708415
vt 0.360534 0.699499
vt 0.523346 0.705806
vt 0.260620 0.699493
vt 0.716188 0.134454
vt 0.568192 0.626719
vt 0.461672 0.554372
vt 0.256037 0.631187
vt 0.508870 0.624264
vt 0.482657 0.566488
vt 0.532557 0.548315
vt 0.540140 0.550761
vt 0.557100 0.624264
vt 0.409836 0.118825
vt 0.268799 0.462097
vt 0.295907 0.462073
vt 0.268819 0.473500
vt 0.409836 0.197801
vt 0.295927 0.473477
vt 0.206271 0.450593
vt 0.399721 0.203809
vt 0.233347 0.450578
vt 0.206122 0.461961
vt 0.393965 0.214068
vt 0.233198 0.461946
vt 0.206271 0.473398
vt 0.394110 0.225831
vt 0.233347 0.473383
vt 0.473017 0.262255
vt 0.500125 0.262255
vt 0.422140 0.162580
vt 0.473002 0.273658
vt 0.500111 0.273658
vt 0.473017 0.285061
vt 0.500125 0.285061
vt 0.400117 0.156969
vt 0.473015 0.195954
vt 0.500123 0.195954
vt 0.394110 0.146855
vt 0.473003 0.207392
vt 0.500111 0.207392
vt 0.473016 0.218759
vt 0.500124 0.218759
vt 0.268800 0.450693
vt 0.295908 0.450670
vt 0.322196 0.137682
vt 0.321827 0.017828
vt 0.334926 0.172606
vt 0.322196 0.292678
vt 0.753087 0.017828
vt 0.623898 0.719481
vt 0.766556 0.092720
vt 0.658816 0.699862
vt 0.852066 0.224230
vt 0.852066 0.126080
vt 0.852065 0.273305
vt 0.858647 0.188575
vt 0.209128 0.933236
vt 0.210320 0.980718
vt 0.206588 0.933604
vt 0.585208 0.943261
vt 0.209951 0.978179
vt 0.584840 0.933606
vt 0.246953 0.933236
vt 0.623031 0.943261
vt 0.436906 0.978179
vt 0.284779 0.933235
vt 0.248146 0.980718
vt 0.282240 0.933604
vt 0.698675 0.943261
vt 0.247777 0.978179
vt 0.698307 0.933606
vt 0.322605 0.933235
vt 0.320066 0.933604
vt 0.509563 0.943261
vt 0.361254 0.978179
vt 0.360431 0.933236
vt 0.357891 0.933604
vt 0.736498 0.943261
vt 0.399080 0.978179
vt 0.736129 0.933606
vt 0.398257 0.933236
vt 0.395717 0.933604
vt 0.660853 0.943261
vt 0.512926 0.980718
vt 0.285602 0.978179
vt 0.283063 0.978548
vt 0.436083 0.933236
vt 0.433543 0.933604
vt 0.774320 0.943261
vt 0.474732 0.978179
vt 0.473908 0.933235
vt 0.471369 0.933604
vt 0.547386 0.943261
vt 0.550752 0.980718
vt 0.323428 0.978179
vt 0.320889 0.978548
vt 0.607220 0.784261
vt 0.607220 0.766336
vt 0.801625 0.078340
vt 0.611277 0.784257
vt 0.611277 0.766332
vt 0.554594 0.784362
vt 0.803434 0.121101
vt 0.554584 0.766458
vt 0.558638 0.784415
vt 0.558628 0.766512
vt 0.806962 0.068305
vt 0.562707 0.784362
vt 0.562697 0.766458
vt 0.811119 0.068160
vt 0.804232 0.353062
vt 0.803830 0.132460
vt 0.804232 0.335137
vt 0.808289 0.353067
vt 0.808289 0.335142
vt 0.816996 0.073642
vt 0.812346 0.353062
vt 0.811660 0.134268
vt 0.812346 0.335137
vt 0.817141 0.077799
vt 0.804264 0.300079
vt 0.815188 0.132064
vt 0.804264 0.282154
vt 0.808334 0.300083
vt 0.808334 0.282158
vt 0.811660 0.083676
vt 0.812378 0.300079
vt 0.812378 0.282154
vt 0.603163 0.784257
vt 0.814792 0.120705
vt 0.603163 0.766332
vt 0.942262 0.912330
vt 0.939722 0.912699
vt 0.017827 0.981892
vt 0.020364 0.981521
vt 0.854605 0.017459
vt 0.113866 0.897945
vt 0.106505 0.898314
vt 0.156503 0.897945
vt 0.765583 0.895557
vt 0.260305 0.786146
vt 0.719003 0.895744
vt 0.757489 0.895557
vt 0.802630 0.245631
vt 0.714338 0.887230
vt 0.809821 0.227232
vt 0.722432 0.887230
vt 0.760913 0.887141
vt 0.307762 0.766255
vt 0.079017 0.477716
vt 0.643643 0.444009
vt 0.166170 0.447108
vt 0.654681 0.444000
vt 0.070816 0.473148
vt 0.643659 0.453117
vt 0.157969 0.442540
vt 0.654697 0.453108
vt 0.065997 0.465091
vt 0.643759 0.307873
vt 0.654783 0.307867
vt 0.065852 0.455705
vt 0.643639 0.316953
vt 0.140526 0.447504
vt 0.654664 0.316947
vt 0.070420 0.447504
vt 0.643759 0.326087
vt 0.135959 0.455705
vt 0.654783 0.326081
vt 0.078476 0.442685
vt 0.146972 0.705949
vt 0.158009 0.705949
vt 0.087863 0.442540
vt 0.146961 0.715057
vt 0.140922 0.473148
vt 0.157998 0.715057
vt 0.096064 0.447108
vt 0.146972 0.724164
vt 0.149123 0.477715
vt 0.158009 0.724164
vt 0.100883 0.455164
vt 0.100850 0.706035
vt 0.111888 0.706024
vt 0.101027 0.464551
vt 0.100850 0.715171
vt 0.166566 0.472752
vt 0.111887 0.715160
vt 0.096460 0.472752
vt 0.100869 0.724249
vt 0.171134 0.464550
vt 0.111907 0.724238
vt 0.088403 0.477571
vt 0.643644 0.434902
vt 0.654682 0.434892
vt 0.899112 0.104767
vt 0.942297 0.760775
vt 0.943320 0.758770
vt 0.754259 0.128006
vt 0.757727 0.159521
vt 0.941729 0.757177
vt 0.061503 0.797728
vt 0.757583 0.560609
vt 0.899112 0.146798
vt 0.942297 0.799576
vt 0.903242 0.147771
vt 0.943320 0.797571
vt 0.754259 0.194806
vt 0.757727 0.226321
vt 0.100907 0.797728
vt 0.939722 0.796999
vt 0.896910 0.150425
vt 0.757583 0.627369
vt 0.940073 0.799223
vt 0.903242 0.189802
vt 0.943320 0.836371
vt 0.754259 0.261606
vt 0.903593 0.194030
vt 0.757727 0.293121
vt 0.899680 0.195671
vt 0.179714 0.797728
vt 0.939722 0.835800
vt 0.757583 0.493848
vt 0.942297 0.721974
vt 0.903242 0.231833
vt 0.754259 0.328406
vt 0.903593 0.236061
vt 0.757727 0.359921
vt 0.899680 0.237702
vt 0.219118 0.797728
vt 0.757583 0.694129
vt 0.940073 0.721621
vt 0.942297 0.877178
vt 0.903242 0.273864
vt 0.754259 0.395206
vt 0.757727 0.426721
vt 0.140311 0.797728
vt 0.939722 0.874601
vt 0.021954 0.798097
vt 0.627755 0.893177
vt 0.104851 0.407545
vt 0.104851 0.172669
vt 0.107453 0.407542
vt 0.679180 0.889959
vt 0.059710 0.172658
vt 0.107453 0.172666
vt 0.061905 0.407333
vt 0.677463 0.887892
vt 0.061905 0.172738
vt 0.631514 0.887229
vt 0.064640 0.407335
vt 0.064640 0.172739
vt 0.634118 0.887892
vt 0.066872 0.407257
vt 0.143178 0.407541
vt 0.143178 0.172666
vt 0.066872 0.172662
vt 0.145780 0.407545
vt 0.145780 0.172670
vt 0.636009 0.892641
vt 0.148382 0.407541
vt 0.017515 0.407542
vt 0.671100 0.893177
vt 0.017515 0.172666
vt 0.148382 0.172666
vt 0.634573 0.894913
vt 0.019747 0.407548
vt 0.019747 0.172673
vt 0.632077 0.895908
vt 0.022483 0.407548
vt 0.022483 0.172673
vt 0.629472 0.895244
vt 0.024677 0.407541
vt 0.102249 0.407542
vt 0.102249 0.172666
vt 0.024677 0.172666
vt 0.644715 0.516064
vt 0.643575 0.499465
vt 0.535764 0.494727
vt 0.644728 0.389090
vt 0.643575 0.372491
vt 0.041967 0.552671
vt 0.268786 0.481637
vt 0.233814 0.442533
vt 0.500224 0.187722
vt 0.295996 0.442533
vt 0.275567 0.373560
vt 0.358945 0.393816
vt 0.229144 0.206048
vt 0.275567 0.272319
vt 0.431073 0.083730
vt 0.229144 0.307288
vt 0.488967 0.067660
vt 0.473034 0.320423
vt 0.485721 0.370572
vt 0.331036 0.442533
vt 0.473058 0.017459
vt 0.382108 0.442533
vt 0.398017 0.492734
vt 0.535238 0.017459
vt 0.547924 0.067660
vt 0.473058 0.102591
vt 0.281671 0.589333
vt 0.595288 0.302842
vt 0.605398 0.343817
vt 0.077629 0.548314
vt 0.090307 0.589333
vt 0.605395 0.495795
vt 0.595288 0.378809
vt 0.605398 0.419784
vt 0.125470 0.548314
vt 0.595285 0.530719
vt 0.605395 0.571737
vt 0.316833 0.548314
vt 0.377352 0.589333
vt 0.210914 0.624264
vt 0.221024 0.663132
vt 0.173311 0.548315
vt 0.185989 0.589333
vt 0.120465 0.624679
vt 0.130575 0.664188
vt 0.425193 0.589333
vt 0.017459 0.624971
vt 0.027668 0.664549
vt 0.233830 0.589333
vt 0.412515 0.548315
vt 0.548155 0.896557
vt 0.854267 0.832792
vt 0.455276 0.896555
vt 0.461429 0.896557
vt 0.542002 0.896557
vt 0.591518 0.896557
vt 0.854267 0.787954
vt 0.498638 0.896555
vt 0.504791 0.896557
vt 0.585365 0.896557
vt 0.414877 0.660691
vt 0.404353 0.624264
vt 0.358666 0.624264
vt 0.369190 0.660691
vt 0.643576 0.160139
vt 0.904308 0.025709
vt 0.801063 0.895393
vt 0.808106 0.895393
vt 0.897265 0.025709
vt 0.904308 0.069249
vt 0.844018 0.895393
vt 0.851061 0.895393
vt 0.897265 0.069249
vt 0.614036 0.784316
vt 0.551881 0.766636
vt 0.134349 0.978467
vt 0.131988 0.978467
vt 0.131988 0.980829
vt 0.134349 0.980829
vt 0.172205 0.978467
vt 0.169844 0.978467
vt 0.169844 0.980829
vt 0.172205 0.980829
vt 0.944762 0.143029
vt 0.940010 0.143029
vt 0.940010 0.147780
vt 0.944762 0.147780
vt 0.944762 0.183886
vt 0.940011 0.183886
vt 0.940011 0.188637
vt 0.944762 0.188637
vt 0.643619 0.459573
vt 0.655168 0.301484
vt 0.111976 0.699493
vt 0.654766 0.428436
vt 0.699997 0.469062
vt 0.024160 0.731330
vt 0.019124 0.699493
vt 0.142774 0.407238
vt 0.101846 0.407240
vt 0.560272 0.485411
vt 0.658249 0.367641
vt 0.712105 0.434144
vt 0.658554 0.520371
vt 0.712108 0.353469
vt 0.017459 0.560634
vt 0.295660 0.481587
vt 0.017459 0.895498
vt 0.061797 0.888732
vt 0.240954 0.887184
vt 0.852066 0.700247
vt 0.856460 0.378152
vt 0.852109 0.374422
vt 0.854499 0.697737
vt 0.856654 0.707673
vt 0.237265 0.887142
vt 0.859885 0.698555
vt 0.852066 0.370733
vt 0.802507 0.887142
vt 0.854242 0.368261
vt 0.857456 0.367541
vt 0.237803 0.896883
vt 0.853393 0.653227
vt 0.861807 0.371271
vt 0.856640 0.651947
vt 0.854500 0.661898
vt 0.241491 0.896926
vt 0.861213 0.654908
vt 0.861850 0.374959
vt 0.898708 0.017459
vt 0.859674 0.377432
vt 0.197343 0.887184
vt 0.852066 0.745561
vt 0.856460 0.332623
vt 0.852109 0.328893
vt 0.854499 0.743052
vt 0.856654 0.752988
vt 0.193654 0.887141
vt 0.859885 0.743870
vt 0.852066 0.325204
vt 0.845461 0.887142
vt 0.854242 0.322732
vt 0.857456 0.322012
vt 0.194192 0.896883
vt 0.853393 0.607899
vt 0.861807 0.325742
vt 0.856640 0.606619
vt 0.854500 0.616570
vt 0.197881 0.896926
vt 0.861213 0.609580
vt 0.861850 0.329430
vt 0.898708 0.060999
vt 0.859674 0.331903
vt 0.614009 0.766625
vt 0.980100 0.094685
vt 0.980100 0.093667
vt 0.887916 0.979033
vt 0.980100 0.019343
vt 0.980100 0.018325
vt 0.980100 0.132355
vt 0.980100 0.131338
vt 0.925332 0.979034
vt 0.980100 0.057014
vt 0.980100 0.055996
vt 0.944833 0.390128
vt 0.939764 0.306869
vt 0.939758 0.266408
vt 0.944833 0.347300
vt 0.944835 0.349697
vt 0.654422 0.459537
s 1
f 6/1/1 14/2/2 86/3/3
f 4/4/4 12/5/5 5/6/6
f 2/7/7 10/8/8 3/9/9
f 85/10/10 1/11/11 8/12/12
f 7/13/13 86/3/3 14/2/2
f 6/14/1 12/5/5 13/15/14
f 3/9/9 11/16/15 4/4/4
f 2/17/7 8/12/12 9/18/16
f 10/19/8 16/20/17 17/21/18
f 8/12/12 1/11/11 15/22/19
f 7/13/13 14/2/2 21/23/20
f 12/5/5 20/24/21 13/15/14
f 10/8/8 18/25/22 11/16/15
f 8/12/12 16/26/17 9/18/16
f 13/27/14 21/23/20 14/2/2
f 11/16/15 19/28/23 12/5/5
f 7/13/13 21/23/20 28/29/24
f 19/30/23 27/31/25 20/32/21
f 17/21/18 25/33/26 18/34/22
f 15/22/19 23/35/27 16/26/17
f 20/36/21 28/29/24 21/23/20
f 18/34/22 26/37/28 19/30/23
f 16/20/17 24/38/29 17/21/18
f 15/22/19 1/11/11 22/39/30
f 22/39/30 30/40/31 23/35/27
f 27/41/25 35/42/32 28/29/24
f 25/33/26 33/43/33 26/37/28
f 23/44/27 31/45/34 24/38/29
f 22/39/30 1/11/11 29/46/35
f 7/13/13 28/29/24 35/42/32
f 27/31/25 33/43/33 34/47/36
f 24/38/29 32/48/37 25/33/26
f 34/49/36 42/50/38 35/42/32
f 33/51/33 39/52/39 40/53/40
f 30/54/31 38/55/41 31/45/34
f 29/46/35 1/11/11 36/56/42
f 7/13/13 35/42/32 42/50/38
f 33/51/33 41/57/43 34/58/36
f 31/45/34 39/59/39 32/48/37
f 29/46/35 37/60/44 30/40/31
f 36/56/42 1/11/11 43/61/45
f 7/13/13 42/50/38 49/62/46
f 40/53/40 48/63/47 41/57/43
f 38/64/41 46/65/48 39/52/39
f 37/60/44 43/61/45 44/66/49
f 41/67/43 49/62/46 42/50/38
f 39/52/39 47/68/50 40/53/40
f 37/69/44 45/70/51 38/64/41
f 47/68/50 55/71/52 48/63/47
f 45/70/51 53/72/53 46/65/48
f 43/61/45 51/73/54 44/66/49
f 49/62/46 55/74/52 56/75/55
f 46/65/48 54/76/56 47/68/50
f 45/70/51 51/77/54 52/78/57
f 43/61/45 1/11/11 50/79/58
f 7/13/13 49/62/46 56/75/55
f 55/74/52 63/80/59 56/75/55
f 53/81/53 61/82/60 54/83/56
f 51/84/54 59/85/61 52/86/57
f 50/79/58 1/11/11 57/87/62
f 7/13/13 56/75/55 63/80/59
f 55/88/52 61/82/60 62/89/63
f 53/81/53 59/85/61 60/90/64
f 51/73/54 57/87/62 58/91/65
f 60/90/64 68/92/66 61/82/60
f 58/93/65 66/94/67 59/85/61
f 57/87/62 1/11/11 64/95/68
f 7/13/13 63/80/59 70/96/69
f 61/82/60 69/97/70 62/89/63
f 59/85/61 67/98/71 60/90/64
f 58/91/65 64/95/68 65/99/72
f 62/100/63 70/96/69 63/80/59
f 7/13/13 70/96/69 77/101/73
f 68/92/66 76/102/74 69/97/70
f 66/94/67 74/103/75 67/98/71
f 65/99/72 71/104/76 72/105/77
f 69/106/70 77/101/73 70/96/69
f 67/98/71 75/107/78 68/92/66
f 65/108/72 73/109/79 66/94/67
f 64/95/68 1/11/11 71/104/76
f 73/110/79 81/111/80 74/112/75
f 72/105/77 78/113/81 79/114/82
f 76/115/74 84/116/83 77/101/73
f 75/117/78 81/111/80 82/118/84
f 73/110/79 79/119/82 80/120/85
f 71/104/76 1/11/11 78/113/81
f 7/13/13 77/101/73 84/116/83
f 75/117/78 83/121/86 76/122/74
f 83/123/86 86/3/3 84/116/83
f 81/111/80 5/6/6 82/118/84
f 80/120/85 2/7/7 3/9/9
f 78/113/81 1/11/11 85/10/10
f 7/13/13 84/116/83 86/3/3
f 82/118/84 6/14/1 83/121/86
f 80/120/85 4/4/4 81/111/80
f 79/114/82 85/10/10 2/17/7
f 172/124/3 99/125/14 100/126/2
f 90/127/4 98/128/5 91/129/6
f 88/130/7 96/131/8 89/132/9
f 171/133/10 87/134/11 94/135/12
f 93/136/13 172/124/3 100/126/2
f 92/137/1 98/128/5 99/138/14
f 89/132/9 97/139/15 90/127/4
f 171/133/10 95/140/16 88/141/7
f 95/142/16 103/143/18 96/144/8
f 94/135/12 87/134/11 101/145/19
f 93/136/13 100/126/2 107/146/20
f 99/138/14 105/147/23 106/148/21
f 96/131/8 104/149/22 97/139/15
f 94/135/12 102/150/17 95/140/16
f 99/125/14 107/146/20 100/126/2
f 98/128/5 104/149/22 105/147/23
f 93/136/13 107/146/20 114/151/24
f 105/152/23 113/153/25 106/154/21
f 103/143/18 111/155/26 104/156/22
f 102/150/17 108/157/30 109/158/27
f 106/159/21 114/151/24 107/146/20
f 104/156/22 112/160/28 105/152/23
f 102/161/17 110/162/29 103/143/18
f 101/145/19 87/134/11 108/157/30
f 108/157/30 116/163/31 109/158/27
f 114/151/24 120/164/36 121/165/32
f 111/155/26 119/166/33 112/160/28
f 109/167/27 117/168/34 110/162/29
f 108/157/30 87/134/11 115/169/35
f 93/136/13 114/151/24 121/165/32
f 113/153/25 119/166/33 120/170/36
f 110/162/29 118/171/37 111/155/26
f 120/164/36 128/172/38 121/165/32
f 118/173/37 126/174/40 119/175/33
f 116/176/31 124/177/41 117/168/34
f 115/169/35 87/134/11 122/178/42
f 93/136/13 121/165/32 128/172/38
f 119/175/33 127/179/43 120/180/36
f 117/168/34 125/181/39 118/171/37
f 116/163/31 122/178/42 123/182/44
f 122/178/42 87/134/11 129/183/45
f 93/136/13 128/172/38 135/184/46
f 126/174/40 134/185/47 127/179/43
f 124/186/41 132/187/48 125/188/39
f 123/182/44 129/183/45 130/189/49
f 127/190/43 135/184/46 128/172/38
f 125/188/39 133/191/50 126/174/40
f 123/192/44 131/193/51 124/186/41
f 134/185/47 140/194/56 141/195/52
f 131/193/51 139/196/53 132/187/48
f 130/189/49 136/197/58 137/198/54
f 135/184/46 141/199/52 142/200/55
f 132/187/48 140/194/56 133/191/50
f 130/201/49 138/202/57 131/193/51
f 129/183/45 87/134/11 136/197/58
f 93/136/13 135/184/46 142/200/55
f 141/199/52 149/203/59 142/200/55
f 140/204/56 146/205/64 147/206/60
f 137/207/54 145/208/61 138/209/57
f 136/197/58 87/134/11 143/210/62
f 93/136/13 142/200/55 149/203/59
f 140/204/56 148/211/63 141/212/52
f 138/209/57 146/205/64 139/213/53
f 137/198/54 143/210/62 144/214/65
f 147/206/60 153/215/71 154/216/66
f 144/217/65 152/218/67 145/208/61
f 143/210/62 87/134/11 150/219/68
f 93/136/13 149/203/59 156/220/69
f 147/206/60 155/221/70 148/211/63
f 145/208/61 153/215/71 146/205/64
f 144/214/65 150/219/68 151/222/72
f 148/223/63 156/220/69 149/203/59
f 93/136/13 156/220/69 163/224/73
f 154/216/66 162/225/74 155/221/70
f 152/218/67 160/226/75 153/215/71
f 151/222/72 157/227/76 158/228/77
f 155/229/70 163/224/73 156/220/69
f 153/215/71 161/230/78 154/216/66
f 152/218/67 158/231/77 159/232/79
f 150/219/68 87/134/11 157/227/76
f 159/233/79 167/234/80 160/235/75
f 157/227/76 165/236/82 158/228/77
f 162/237/74 170/238/83 163/224/73
f 160/235/75 168/239/84 161/240/78
f 158/241/77 166/242/85 159/233/79
f 157/227/76 87/134/11 164/243/81
f 93/136/13 163/224/73 170/238/83
f 161/240/78 169/244/86 162/245/74
f 169/246/86 172/124/3 170/238/83
f 167/234/80 91/129/6 168/239/84
f 166/242/85 88/130/7 89/132/9
f 164/243/81 87/134/11 171/133/10
f 93/136/13 170/238/83 172/124/3
f 168/239/84 92/137/1 169/244/86
f 166/242/85 90/127/4 167/234/80
f 164/243/81 88/141/7 165/236/82
f 258/247/1 186/248/2 178/249/3
f 176/250/4 184/251/5 177/252/6
f 175/253/9 181/254/16 182/255/8
f 174/256/10 173/257/11 180/258/12
f 179/259/13 178/249/3 186/248/2
f 177/252/6 185/260/14 258/261/1
f 175/253/9 183/262/15 176/250/4
f 257/263/7 180/258/12 181/264/16
f 181/265/16 189/266/18 182/267/8
f 180/258/12 173/257/11 187/268/19
f 179/259/13 186/248/2 193/269/20
f 184/251/5 192/270/21 185/260/14
f 182/255/8 190/271/22 183/262/15
f 180/258/12 188/272/17 181/264/16
f 186/248/2 192/273/21 193/269/20
f 183/262/15 191/274/23 184/251/5
f 179/259/13 193/269/20 200/275/24
f 192/276/21 198/277/28 199/278/25
f 189/266/18 197/279/26 190/280/22
f 187/268/19 195/281/27 188/272/17
f 192/273/21 200/275/24 193/269/20
f 190/280/22 198/277/28 191/282/23
f 188/283/17 196/284/29 189/266/18
f 187/268/19 173/257/11 194/285/30
f 195/281/27 201/286/35 202/287/31
f 199/288/25 207/289/32 200/275/24
f 197/279/26 205/290/33 198/277/28
f 195/291/27 203/292/34 196/284/29
f 194/285/30 173/257/11 201/286/35
f 179/259/13 200/275/24 207/289/32
f 199/278/25 205/290/33 206/293/36
f 196/284/29 204/294/37 197/279/26
f 206/295/36 214/296/38 207/289/32
f 204/297/37 212/298/40 205/299/33
f 202/300/31 210/301/41 203/292/34
f 201/286/35 173/257/11 208/302/42
f 179/259/13 207/289/32 214/296/38
f 206/303/36 212/298/40 213/304/43
f 203/292/34 211/305/39 204/294/37
f 201/286/35 209/306/44 202/287/31
f 208/302/42 173/257/11 215/307/45
f 179/259/13 214/296/38 221/308/46
f 212/298/40 220/309/47 213/304/43
f 210/310/41 218/311/48 211/312/39
f 208/302/42 216/313/49 209/306/44
f 213/314/43 221/308/46 214/296/38
f 212/298/40 218/311/48 219/315/50
f 209/316/44 217/317/51 210/310/41
f 220/309/47 226/318/56 227/319/52
f 218/311/48 224/320/57 225/321/53
f 215/307/45 223/322/54 216/313/49
f 220/323/47 228/324/87 221/308/46
f 218/311/48 226/318/56 219/315/50
f 216/325/49 224/320/57 217/317/51
f 215/307/45 173/257/11 222/326/58
f 179/259/13 221/308/46 228/324/87
f 227/327/52 235/328/59 228/324/87
f 225/329/53 233/330/60 226/331/56
f 224/332/57 230/333/65 231/334/88
f 222/326/58 173/257/11 229/335/62
f 179/259/13 228/324/87 235/328/59
f 226/331/56 234/336/63 227/337/52
f 225/329/53 231/334/88 232/338/64
f 222/326/58 230/339/65 223/322/54
f 232/338/64 240/340/66 233/330/60
f 230/333/65 238/341/67 231/334/88
f 229/335/62 173/257/11 236/342/68
f 179/259/13 235/328/59 242/343/69
f 233/330/60 241/344/70 234/336/63
f 231/334/88 239/345/71 232/338/64
f 230/339/65 236/342/68 237/346/72
f 234/347/63 242/343/69 235/328/59
f 179/259/13 242/343/69 249/348/73
f 241/344/70 247/349/78 248/350/74
f 238/341/67 246/351/75 239/345/71
f 236/342/68 244/352/77 237/346/72
f 242/343/69 248/353/74 249/348/73
f 240/340/66 246/351/75 247/349/78
f 237/354/72 245/355/79 238/341/67
f 236/342/68 173/257/11 243/356/76
f 245/357/79 253/358/80 246/359/75
f 243/356/76 251/360/82 244/352/77
f 248/353/74 256/361/83 249/348/73
f 247/362/78 253/358/80 254/363/84
f 245/357/79 251/364/82 252/365/85
f 243/356/76 173/257/11 250/366/81
f 179/259/13 249/348/73 256/361/83
f 247/362/78 255/367/86 248/368/74
f 255/369/86 178/249/3 256/361/83
f 253/358/80 177/252/6 254/363/84
f 251/364/82 175/253/9 252/365/85
f 250/366/81 173/257/11 174/256/10
f 179/259/13 256/361/83 178/249/3
f 254/363/84 258/261/1 255/367/86
f 252/365/85 176/250/4 253/358/80
f 250/366/81 257/263/7 251/360/82
f 344/370/1 272/371/89 264/372/3
f 262/373/4 270/374/5 263/375/6
f 261/376/9 267/377/16 268/378/8
f 260/379/10 259/380/11 266/381/12
f 265/382/13 264/372/3 272/371/89
f 263/375/6 271/383/14 344/384/1
f 261/376/9 269/385/15 262/373/4
f 260/379/10 267/386/16 343/387/7
f 268/388/8 274/389/17 275/390/18
f 266/381/12 259/380/11 273/391/19
f 265/382/13 272/371/89 279/392/20
f 270/374/5 278/393/21 271/383/14
f 269/385/15 275/394/18 276/395/22
f 266/381/12 274/396/17 267/386/16
f 271/397/14 279/392/20 272/371/89
f 269/385/15 277/398/23 270/374/5
f 265/382/13 279/392/20 286/399/24
f 277/400/23 285/401/25 278/402/21
f 276/403/22 282/404/90 283/405/26
f 273/391/19 281/406/27 274/396/17
f 278/407/21 286/399/24 279/392/20
f 276/403/22 284/408/28 277/400/23
f 275/390/18 281/409/27 282/404/90
f 273/391/19 259/380/11 280/410/30
f 280/410/30 288/411/31 281/406/27
f 286/399/24 292/412/36 293/413/32
f 283/405/26 291/414/33 284/408/28
f 281/409/27 289/415/34 282/404/90
f 280/410/30 259/380/11 287/416/35
f 265/382/13 286/399/24 293/413/32
f 285/401/25 291/414/33 292/417/36
f 282/404/90 290/418/37 283/405/26
f 292/412/36 300/419/38 293/413/32
f 291/420/33 297/421/39 298/422/40
f 289/415/34 295/423/44 296/424/41
f 287/416/35 259/380/11 294/425/42
f 265/382/13 293/413/32 300/419/38
f 291/420/33 299/426/43 292/427/36
f 289/415/34 297/428/39 290/418/37
f 287/416/35 295/429/44 288/411/31
f 294/425/42 259/380/11 301/430/45
f 265/382/13 300/419/38 307/431/46
f 299/426/43 305/432/50 306/433/47
f 296/434/41 304/435/48 297/421/39
f 294/425/42 302/436/49 295/429/44
f 299/437/43 307/431/46 300/419/38
f 298/422/40 304/435/48 305/432/50
f 295/438/44 303/439/51 296/434/41
f 305/432/50 313/440/52 306/433/47
f 303/439/51 311/441/53 304/435/48
f 301/430/45 309/442/54 302/436/49
f 306/443/47 314/444/87 307/431/46
f 305/432/50 311/441/53 312/445/56
f 303/439/51 309/446/54 310/447/57
f 301/430/45 259/380/11 308/448/58
f 265/382/13 307/431/46 314/444/87
f 313/449/52 321/450/59 314/444/87
f 311/451/53 319/452/60 312/453/56
f 309/454/54 317/455/61 310/456/57
f 308/448/58 259/380/11 315/457/62
f 265/382/13 314/444/87 321/450/59
f 312/453/56 320/458/63 313/459/52
f 310/456/57 318/460/64 311/451/53
f 309/442/54 315/457/62 316/461/65
f 318/460/64 326/462/66 319/452/60
f 316/463/65 324/464/67 317/455/61
f 315/457/62 259/380/11 322/465/68
f 265/382/13 321/450/59 328/466/69
f 319/452/60 327/467/70 320/458/63
f 317/455/61 325/468/71 318/460/64
f 315/457/62 323/469/72 316/461/65
f 321/450/59 327/470/70 328/466/69
f 265/382/13 328/466/69 335/471/73
f 326/462/66 334/472/74 327/467/70
f 324/464/67 332/473/75 325/468/71
f 323/469/72 329/474/76 330/475/77
f 327/470/70 335/471/73 328/466/69
f 325/468/71 333/476/78 326/462/66
f 323/477/72 331/478/79 324/464/67
f 322/465/68 259/380/11 329/474/76
f 331/479/79 339/480/80 332/481/75
f 329/474/76 337/482/82 330/475/77
f 334/483/74 342/484/83 335/471/73
f 332/481/75 340/485/84 333/486/78
f 330/487/77 338/488/85 331/479/79
f 329/474/76 259/380/11 336/489/81
f 265/382/13 335/471/73 342/484/83
f 333/486/78 341/490/86 334/491/74
f 341/492/86 264/372/3 342/484/83
f 339/480/80 263/375/6 340/485/84
f 338/488/85 343/493/7 261/376/9
f 336/489/81 259/380/11 260/379/10
f 265/382/13 342/484/83 264/372/3
f 340/485/84 344/384/1 341/490/86
f 338/488/85 262/373/4 339/480/80
f 336/489/81 343/387/7 337/482/82
f 365/494/91 345/495/11 347/496/92
f 346/497/13 366/498/93 348/499/94
f 347/496/92 345/495/11 349/500/95
f 346/497/13 348/499/94 350/501/96
f 346/497/13 350/501/96 352/502/97
f 349/500/95 345/495/11 351/503/98
f 351/503/98 345/495/11 353/504/99
f 346/497/13 352/502/97 354/505/100
f 353/504/99 345/495/11 355/506/101
f 346/497/13 354/505/100 356/507/102
f 355/506/101 345/495/11 357/508/103
f 346/497/13 356/507/102 358/509/104
f 357/508/103 345/495/11 359/510/105
f 346/497/13 358/509/104 360/511/106
f 359/510/105 345/495/11 361/512/107
f 346/497/13 360/511/106 362/513/108
f 361/512/107 345/495/11 363/514/109
f 346/497/13 362/513/108 364/515/110
f 346/497/13 364/515/110 366/498/93
f 363/514/109 345/495/11 365/494/91
f 387/516/91 367/517/11 369/518/92
f 368/519/13 388/520/93 370/521/94
f 369/518/92 367/517/11 371/522/95
f 368/519/13 370/521/94 372/523/96
f 368/519/13 372/523/96 374/524/97
f 371/522/95 367/517/11 373/525/98
f 373/525/98 367/517/11 375/526/99
f 368/519/13 374/524/97 376/527/100
f 375/526/99 367/517/11 377/528/101
f 368/519/13 376/527/100 378/529/102
f 377/528/101 367/517/11 379/530/103
f 368/519/13 378/529/102 380/531/104
f 379/530/103 367/517/11 381/532/105
f 368/519/13 380/531/104 382/533/106
f 381/532/105 367/517/11 383/534/107
f 368/519/13 382/533/106 384/535/108
f 383/534/107 367/517/11 385/536/109
f 368/519/13 384/535/108 386/537/110
f 368/519/13 386/537/110 388/520/93
f 385/536/109 367/517/11 387/516/91
f 619/538/111 397/539/112 398/540/113
f 627/541/114 405/542/115 406/543/116
f 619/538/111 399/544/117 620/545/118
f 627/541/114 407/546/119 628/547/120
f 621/548/121 399/544/117 400/549/122
f 394/550/13 628/547/120 407/546/119
f 621/548/121 401/551/123 622/552/4
f 622/552/4 402/553/124 623/554/125
f 616/555/126 393/556/11 395/557/127
f 623/554/125 403/558/128 624/559/129
f 616/555/126 396/560/130 617/561/131
f 624/559/129 404/562/132 625/563/133
f 617/561/131 397/564/112 618/565/134
f 625/566/133 405/542/115 626/567/135
f 398/540/113 412/568/136 399/544/117
f 406/543/116 420/569/137 407/546/119
f 399/544/117 413/570/138 400/549/122
f 394/550/13 407/546/119 420/569/137
f 400/549/122 414/571/139 401/551/123
f 401/551/123 415/572/140 402/553/124
f 395/557/127 393/556/11 408/573/141
f 402/553/124 416/574/142 403/558/128
f 395/557/127 409/575/143 396/560/130
f 403/558/128 417/576/144 404/562/132
f 396/560/130 410/577/145 397/564/112
f 404/578/132 418/579/146 405/542/115
f 397/564/112 411/580/147 398/581/113
f 405/542/115 419/582/148 406/543/116
f 419/582/148 433/583/149 420/569/137
f 412/584/136 426/585/150 413/586/138
f 394/550/13 420/569/137 433/583/149
f 413/586/138 427/587/22 414/588/139
f 414/588/139 428/589/151 415/590/140
f 408/573/141 393/556/11 421/591/152
f 415/590/140 429/592/153 416/593/142
f 408/573/141 422/594/154 409/575/143
f 417/595/144 429/592/153 430/596/155
f 409/575/143 423/597/156 410/577/145
f 417/598/144 431/599/157 418/579/146
f 411/580/147 423/597/156 424/600/158
f 418/579/146 432/601/159 419/582/148
f 411/602/147 425/603/160 412/584/136
f 425/603/160 439/604/161 426/585/150
f 394/550/13 433/583/149 446/605/162
f 426/585/150 440/606/163 427/587/22
f 427/587/22 441/607/164 428/589/151
f 421/591/152 393/556/11 434/608/165
f 429/592/153 441/607/164 442/609/166
f 421/591/152 435/610/167 422/594/154
f 429/592/153 443/611/168 430/596/155
f 422/594/154 436/612/169 423/597/156
f 430/613/155 444/614/170 431/599/157
f 423/597/156 437/615/171 424/600/158
f 431/599/157 445/616/172 432/601/159
f 424/617/158 438/618/173 425/603/160
f 432/601/159 446/605/162 433/583/149
f 394/550/13 446/605/162 459/619/174
f 440/606/163 452/620/175 453/621/176
f 440/606/163 454/622/177 441/607/164
f 434/608/165 393/556/11 447/623/178
f 442/609/166 454/622/177 455/624/179
f 434/608/165 448/625/180 435/610/167
f 442/609/166 456/626/181 443/611/168
f 435/610/167 449/627/182 436/612/169
f 444/614/170 456/628/181 457/629/183
f 436/630/169 450/631/184 437/632/171
f 444/614/170 458/633/185 445/616/172
f 437/632/171 451/634/186 438/618/173
f 445/616/172 459/619/174 446/605/162
f 438/618/173 452/620/175 439/604/161
f 453/621/176 467/635/187 454/622/177
f 447/623/178 393/556/11 460/636/188
f 455/624/179 467/635/187 468/637/189
f 448/625/180 460/636/188 461/638/190
f 455/624/179 469/639/191 456/626/181
f 448/625/180 462/640/192 449/627/182
f 456/628/181 470/641/193 457/629/183
f 449/642/182 463/643/194 450/631/184
f 457/629/183 471/644/195 458/633/185
f 450/631/184 464/645/196 451/634/186
f 458/633/185 472/646/197 459/619/174
f 451/634/186 465/647/198 452/620/175
f 394/550/13 459/619/174 472/646/197
f 453/621/176 465/647/198 466/648/37
f 466/648/37 480/649/199 467/635/187
f 460/636/188 393/556/11 473/650/200
f 468/637/189 480/649/199 481/651/201
f 460/636/188 474/652/202 461/638/190
f 468/637/189 482/653/203 469/639/191
f 461/638/190 475/654/204 462/640/192
f 469/655/191 483/656/205 470/641/193
f 463/657/194 475/654/204 476/658/206
f 471/644/195 483/656/205 484/659/207
f 464/645/196 476/660/206 477/661/208
f 471/644/195 485/662/209 472/646/197
f 464/645/196 478/663/210 465/647/198
f 394/550/13 472/646/197 485/662/209
f 465/647/198 479/664/211 466/648/37
f 473/650/200 393/556/11 486/665/212
f 481/666/201 493/667/213 494/668/214
f 474/652/202 486/665/212 487/669/215
f 481/666/201 495/670/216 482/671/203
f 474/652/202 488/672/217 475/654/204
f 482/673/203 496/674/218 483/656/205
f 476/658/206 488/672/217 489/675/219
f 483/656/205 497/676/220 484/659/207
f 476/677/206 490/678/221 477/679/208
f 484/659/207 498/680/222 485/662/209
f 477/679/208 491/681/223 478/682/210
f 394/550/13 485/662/209 498/680/222
f 479/683/211 491/681/223 492/684/224
f 479/683/211 493/667/213 480/685/199
f 494/668/214 506/686/225 507/687/226
f 487/669/215 499/688/227 500/689/228
f 494/668/214 508/690/229 495/670/216
f 487/669/215 501/691/230 488/672/217
f 495/692/216 509/693/231 496/674/218
f 488/694/217 502/695/232 489/696/219
f 496/674/218 510/697/233 497/676/220
f 489/696/219 503/698/234 490/678/221
f 497/676/220 511/699/235 498/680/222
f 490/678/221 504/700/236 491/681/223
f 394/550/13 498/680/222 511/699/235
f 491/681/223 505/701/48 492/684/224
f 492/684/224 506/686/225 493/667/213
f 486/665/212 393/556/11 499/688/227
f 507/687/226 521/702/237 508/690/229
f 500/689/228 514/703/238 501/691/230
f 508/704/229 522/705/239 509/693/231
f 501/706/230 515/707/240 502/695/232
f 509/693/231 523/708/241 510/697/233
f 503/698/234 515/707/240 516/709/242
f 510/697/233 524/710/243 511/699/235
f 503/698/234 517/711/244 504/700/236
f 394/550/13 511/699/235 524/710/243
f 504/700/236 518/712/245 505/701/48
f 505/701/48 519/713/246 506/686/225
f 499/688/227 393/556/11 512/714/247
f 507/687/226 519/713/246 520/715/248
f 500/689/228 512/714/247 513/716/249
f 513/716/249 527/717/250 514/703/238
f 521/718/237 535/719/251 522/705/239
f 514/703/238 528/720/252 515/721/240
f 523/708/241 535/719/251 536/722/253
f 516/709/242 528/723/252 529/724/254
f 524/710/243 536/722/253 537/725/255
f 516/709/242 530/726/256 517/711/244
f 394/550/13 524/710/243 537/725/255
f 518/712/245 530/726/256 531/727/257
f 518/712/245 532/728/258 519/713/246
f 512/714/247 393/556/11 525/729/259
f 520/715/248 532/728/258 533/730/260
f 512/714/247 526/731/261 513/716/249
f 520/715/248 534/732/262 521/702/237
f 534/733/262 548/734/263 535/719/251
f 527/717/250 541/735/264 528/720/252
f 535/719/251 549/736/265 536/722/253
f 528/737/252 542/738/266 529/739/254
f 536/722/253 550/740/267 537/725/255
f 529/739/254 543/741/268 530/742/256
f 394/550/13 537/725/255 550/740/267
f 531/743/257 543/741/268 544/744/64
f 531/743/257 545/745/269 532/746/258
f 525/729/259 393/556/11 538/747/270
f 533/748/260 545/745/269 546/749/271
f 525/729/259 539/750/272 526/731/261
f 533/748/260 547/751/273 534/752/262
f 526/731/261 540/753/274 527/717/250
f 540/753/274 554/754/275 541/735/264
f 548/734/263 562/755/276 549/736/265
f 541/756/264 555/757/277 542/738/266
f 549/736/265 563/758/278 550/740/267
f 542/738/266 556/759/279 543/741/268
f 394/550/13 550/740/267 563/758/278
f 543/741/268 557/760/280 544/744/64
f 544/744/64 558/761/281 545/745/269
f 538/747/270 393/556/11 551/762/282
f 546/749/271 558/761/281 559/763/283
f 539/750/272 551/762/282 552/764/284
f 546/749/271 560/765/285 547/751/273
f 539/750/272 553/766/286 540/753/274
f 547/767/273 561/768/287 548/734/263
f 561/768/287 575/769/288 562/755/276
f 555/757/277 567/770/289 568/771/290
f 562/755/276 576/772/291 563/758/278
f 555/757/277 569/773/292 556/759/279
f 394/550/13 563/758/278 576/772/291
f 557/760/280 569/773/292 570/774/293
f 557/760/280 571/775/294 558/761/281
f 551/762/282 393/556/11 564/776/295
f 559/763/283 571/775/294 572/777/296
f 552/764/284 564/776/295 565/778/297
f 559/763/283 573/779/298 560/765/285
f 553/766/286 565/778/297 566/780/299
f 560/765/285 574/781/300 561/782/287
f 553/783/286 567/770/289 554/784/275
f 575/769/288 589/785/301 576/772/291
f 568/771/290 582/786/302 569/773/292
f 394/550/13 576/772/291 589/785/301
f 570/774/293 582/786/302 583/787/75
f 570/774/293 584/788/303 571/775/294
f 564/776/295 393/556/11 577/789/304
f 572/777/296 584/788/303 585/790/305
f 564/776/295 578/791/306 565/778/297
f 573/779/298 585/790/305 586/792/307
f 565/778/297 579/793/308 566/780/299
f 573/794/298 587/795/309 574/796/300
f 567/797/289 579/793/308 580/798/310
f 574/796/300 588/799/311 575/769/288
f 567/770/289 581/800/312 568/771/290
f 581/800/312 595/801/313 582/786/302
f 394/550/13 589/785/301 602/802/314
f 583/787/75 595/801/313 596/803/315
f 583/787/75 597/804/316 584/788/303
f 577/789/304 393/556/11 590/805/317
f 585/790/305 597/804/316 598/806/318
f 578/791/306 590/805/317 591/807/319
f 585/790/305 599/808/320 586/792/307
f 578/791/306 592/809/321 579/793/308
f 586/810/307 600/811/322 587/795/309
f 579/793/308 593/812/323 580/798/310
f 587/795/309 601/813/324 588/799/311
f 580/814/310 594/815/325 581/800/312
f 588/799/311 602/802/314 589/785/301
f 394/550/13 602/802/314 615/816/326
f 596/817/315 608/818/327 609/819/328
f 596/817/315 610/820/329 597/821/316
f 590/805/317 393/556/11 603/822/330
f 598/823/318 610/820/329 611/824/331
f 590/805/317 604/825/332 591/807/319
f 598/823/318 612/826/333 599/827/320
f 591/807/319 605/828/334 592/809/321
f 599/829/320 613/830/335 600/811/322
f 593/812/323 605/828/334 606/831/336
f 601/813/324 613/830/335 614/832/337
f 593/833/323 607/834/338 594/835/325
f 601/813/324 615/816/326 602/802/314
f 594/835/325 608/818/327 595/836/313
f 609/819/328 621/548/121 622/552/4
f 609/819/328 623/554/125 610/820/329
f 603/822/330 393/556/11 616/555/126
f 611/824/331 623/554/125 624/559/129
f 604/825/332 616/555/126 617/561/131
f 611/824/331 625/563/133 612/826/333
f 604/825/332 618/565/134 605/828/334
f 612/837/333 626/567/135 613/830/335
f 606/838/336 618/839/134 619/538/111
f 614/832/337 626/567/135 627/541/114
f 606/838/336 620/545/118 607/834/338
f 615/816/326 627/541/114 628/547/120
f 607/834/338 621/548/121 608/818/327
f 394/550/13 615/816/326 628/547/120
f 637/840/339 641/841/340 643/842/341
f 642/843/342 640/844/343 638/845/344
f 643/846/345 642/843/342 639/847/346
f 644/848/347 648/849/348 650/850/349
f 649/851/350 647/852/351 645/853/352
f 650/854/353 649/851/350 646/855/354
f 651/856/355 655/857/356 657/858/357
f 656/859/358 654/860/359 652/861/360
f 657/862/361 656/859/358 653/863/362
f 658/864/363 662/865/364 664/866/365
f 663/867/366 661/868/367 659/869/368
f 664/870/369 663/867/366 660/871/370
f 665/872/371 669/873/372 671/874/373
f 670/875/374 668/876/375 666/877/376
f 671/878/377 670/875/374 667/879/378
f 672/880/379 676/881/380 678/882/381
f 677/883/382 675/884/383 673/885/384
f 678/886/385 677/883/382 674/887/386
f 679/888/387 683/889/388 685/890/389
f 684/891/390 682/892/391 680/893/392
f 685/894/393 684/891/390 681/895/394
f 686/896/395 690/897/396 692/898/397
f 691/899/398 689/900/399 687/901/400
f 692/902/401 691/899/398 688/903/402
f 693/904/403 697/905/404 699/906/405
f 698/907/406 696/908/407 694/909/408
f 699/910/409 698/907/406 695/911/410
f 700/912/411 704/913/412 706/914/413
f 705/915/414 703/916/415 701/917/416
f 706/918/417 705/915/414 702/919/418
f 707/920/419 711/921/420 713/922/421
f 712/923/422 710/924/423 708/925/424
f 713/926/425 712/923/422 709/927/426
f 714/928/427 718/929/428 720/930/429
f 719/931/430 717/932/431 715/933/432
f 720/934/433 719/931/430 716/935/434
f 721/936/435 725/937/436 727/938/437
f 726/939/438 724/940/439 722/941/440
f 727/942/441 726/939/438 723/943/442
f 728/944/443 732/945/444 734/946/445
f 733/947/446 731/948/447 729/949/448
f 734/950/449 733/947/446 730/951/450
f 735/952/451 739/953/452 741/954/453
f 740/955/454 738/956/455 736/957/456
f 741/958/457 740/955/454 737/959/458
f 742/960/459 746/961/460 748/962/461
f 747/963/462 745/964/463 743/965/464
f 748/966/465 747/963/462 744/967/466
f 749/968/467 753/969/468 755/970/469
f 754/971/470 752/972/471 750/973/472
f 755/974/473 754/971/470 751/975/474
f 756/976/475 760/977/476 762/978/477
f 761/979/478 759/980/479 757/981/480
f 762/982/481 761/979/478 758/983/482
f 763/984/483 767/985/484 769/986/485
f 768/987/486 766/988/487 764/989/488
f 769/990/489 768/987/486 765/991/490
f 770/992/491 774/993/492 776/994/493
f 775/995/494 773/996/495 771/997/496
f 776/998/497 775/995/494 772/999/498
f 777/1000/499 781/1001/500 783/1002/501
f 782/1003/502 780/1004/503 778/1005/504
f 783/1006/505 782/1003/502 779/1007/506
f 784/1008/507 788/1009/508 790/1010/509
f 789/1011/510 787/1012/511 785/1013/512
f 790/1014/513 789/1011/510 786/1015/514
f 791/1016/515 795/1017/516 797/1018/517
f 796/1019/518 794/1020/519 792/1021/520
f 797/1022/521 796/1019/518 793/1023/522
f 798/1024/523 802/1025/524 804/1026/525
f 803/1027/526 801/1028/527 799/1029/528
f 804/1030/529 803/1027/526 800/1031/530
f 889/1032/531 893/1033/532 895/1034/533
f 890/1035/534 893/1036/535 892/1037/536
f 891/1038/537 893/1039/538 894/1040/539
f 896/1041/540 900/1042/541 902/1043/542
f 897/1044/543 900/1045/544 899/1046/545
f 898/1047/546 900/1048/547 901/1049/548
f 903/1050/549 907/1051/550 909/1052/551
f 904/1053/552 907/1054/553 906/1055/554
f 905/1056/555 907/1057/556 908/1058/557
f 910/1059/558 914/1060/559 916/1061/560
f 911/1062/561 914/1063/562 913/1064/563
f 912/1065/564 914/1066/565 915/1067/566
f 917/1068/567 921/1069/568 923/1070/569
f 918/1071/570 921/1072/571 920/1073/572
f 919/1074/573 921/1075/574 922/1076/575
f 924/1077/576 928/1078/577 930/1079/578
f 925/1080/579 928/1081/580 927/1082/581
f 926/1083/582 928/1084/583 929/1085/584
f 931/1086/585 935/1087/586 937/1088/587
f 932/1089/588 935/1090/589 934/1091/590
f 933/1092/591 935/1093/592 936/1094/593
f 938/1095/594 942/1096/595 944/1097/596
f 939/1098/597 942/1099/598 941/1100/599
f 940/1101/600 942/1102/601 943/1103/602
f 1281/1104/531 1285/1105/532 1287/1106/533
f 1282/1107/534 1285/1108/535 1284/1109/536
f 1283/1110/537 1285/1111/603 1286/1112/604
f 1288/1113/540 1292/1114/605 1294/1115/606
f 1289/1116/543 1292/1117/607 1291/1118/608
f 1290/1119/546 1292/1120/609 1293/1121/610
f 1295/1122/549 1299/1123/550 1301/1124/551
f 1296/1125/552 1299/1126/611 1298/1127/612
f 1297/1128/555 1299/1129/556 1300/1130/613
f 1302/1131/558 1306/1132/614 1308/1133/615
f 1303/1134/561 1306/1135/616 1305/1136/617
f 1304/1137/564 1306/1138/618 1307/1139/566
f 1309/1140/567 1313/1141/568 1315/1142/569
f 1310/1143/570 1313/1144/619 1312/1145/572
f 1311/1146/573 1313/1147/620 1314/1148/621
f 1316/1149/576 1320/1150/622 1322/1151/623
f 1317/1152/579 1320/1153/624 1319/1154/625
f 1318/1155/582 1320/1156/626 1321/1157/584
f 1323/1158/585 1327/1159/586 1329/1160/587
f 1324/1161/588 1327/1162/589 1326/1163/590
f 1325/1164/591 1327/1165/627 1328/1166/628
f 1330/1167/594 1334/1168/629 1336/1169/630
f 1331/1170/597 1334/1171/631 1333/1172/632
f 1332/1173/600 1334/1174/633 1335/1175/602
f 1337/1176/531 1341/1177/532 1343/1178/533
f 1338/1179/534 1341/1180/535 1340/1181/536
f 1339/1182/537 1341/1183/603 1342/1184/604
f 1344/1185/540 1348/1186/605 1350/1187/606
f 1345/1188/543 1348/1189/607 1347/1190/608
f 1346/1191/546 1348/1192/609 1349/1193/610
f 1351/1194/549 1355/1195/550 1357/1196/551
f 1352/1197/552 1355/1198/611 1354/1199/612
f 1353/1200/555 1355/1201/556 1356/1202/613
f 1358/1203/558 1362/1204/614 1364/1205/615
f 1359/1206/561 1362/1207/616 1361/1208/617
f 1360/1209/564 1362/1210/618 1363/1211/566
f 1365/1212/567 1369/1213/568 1371/1214/569
f 1366/1215/570 1369/1216/619 1368/1217/572
f 1367/1218/573 1369/1219/620 1370/1220/621
f 1372/1221/576 1376/1222/622 1378/1223/623
f 1373/1224/579 1376/1225/624 1375/1226/625
f 1374/1227/582 1376/1228/626 1377/1229/584
f 1379/1230/585 1383/1231/586 1385/1232/587
f 1380/1233/588 1383/1234/589 1382/1235/590
f 1381/1236/591 1383/1237/627 1384/1238/628
f 1386/1239/594 1390/1240/629 1392/1241/630
f 1387/1242/597 1390/1243/631 1389/1244/632
f 1388/1245/600 1390/1246/633 1391/1247/602
f 1393/1248/531 1397/1249/532 1399/1250/533
f 1394/1251/534 1397/1252/535 1396/1253/536
f 1395/1254/537 1397/1255/603 1398/1256/604
f 1400/1257/540 1404/1258/605 1406/1259/606
f 1401/1260/543 1404/1261/607 1403/1262/608
f 1402/1263/546 1404/1264/609 1405/1265/610
f 1407/1266/549 1411/1267/550 1413/1268/551
f 1408/1269/552 1411/1270/611 1410/1271/612
f 1409/1272/555 1411/1273/556 1412/1274/613
f 1414/1275/558 1418/1276/614 1420/1277/615
f 1415/1278/561 1418/1279/616 1417/1280/617
f 1416/1281/564 1418/1282/618 1419/1283/566
f 1421/1284/567 1425/1285/568 1427/1286/569
f 1422/1287/570 1425/1288/619 1424/1289/572
f 1423/1290/573 1425/1291/620 1426/1292/621
f 1428/1293/576 1432/1294/622 1434/1295/623
f 1429/1296/579 1432/1297/624 1431/1298/625
f 1430/1299/582 1432/1300/626 1433/1301/584
f 1435/1302/585 1439/1303/586 1441/1304/587
f 1436/1305/588 1439/1306/589 1438/1307/590
f 1437/1308/591 1439/1309/627 1440/1310/628
f 1442/1311/594 1446/1312/629 1448/1313/630
f 1443/1314/597 1446/1315/631 1445/1316/632
f 1444/1317/600 1446/1318/633 1447/1319/602
f 1449/1320/531 1453/1321/532 1455/1322/533
f 1450/1323/534 1453/1324/535 1452/1325/536
f 1451/1326/537 1453/1327/603 1454/1328/604
f 1456/1329/540 1460/1330/605 1462/1331/606
f 1457/1332/543 1460/1333/607 1459/1334/608
f 1458/1335/546 1460/1336/609 1461/1337/610
f 1463/1338/549 1467/1339/550 1469/1340/551
f 1464/1341/552 1467/1342/611 1466/1343/612
f 1465/1344/555 1467/1345/556 1468/1346/613
f 1470/1347/558 1474/1348/614 1476/1349/615
f 1471/1350/561 1474/1351/616 1473/1352/617
f 1472/1353/564 1474/1354/618 1475/1355/566
f 1477/1356/567 1481/1357/568 1483/1358/569
f 1478/1359/570 1481/1360/619 1480/1361/572
f 1479/1362/573 1481/1363/620 1482/1364/621
f 1484/1365/576 1488/1366/622 1490/1367/623
f 1485/1368/579 1488/1369/624 1487/1370/625
f 1486/1371/582 1488/1372/626 1489/1373/584
f 1491/1374/585 1495/1375/586 1497/1376/587
f 1492/1377/588 1495/1378/589 1494/1379/590
f 1493/1380/591 1495/1381/627 1496/1382/628
f 1498/1383/594 1502/1384/629 1504/1385/630
f 1499/1386/597 1502/1387/631 1501/1388/632
f 1500/1389/600 1502/1390/633 1503/1391/602
f 1673/1392/634 1676/1393/635 1675/1394/636
f 1676/1393/635 1674/1395/637 1675/1394/636
f 1686/1396/638 1689/1397/639 1688/1398/640
f 1689/1397/639 1687/1399/641 1688/1398/640
f 1690/1400/642 1693/1401/643 1692/1402/644
f 1693/1401/643 1691/1403/645 1692/1402/644
f 1703/1404/646 1706/1405/647 1705/1406/648
f 1706/1405/647 1704/1407/649 1705/1406/648
f 1707/1408/650 1710/1409/651 1709/1410/652
f 1710/1409/651 1708/1411/653 1709/1410/652
f 1720/1412/654 1723/1413/655 1722/1414/656
f 1723/1413/655 1721/1415/657 1722/1414/656
f 1724/1416/658 1727/1417/659 1726/1418/660
f 1727/1417/659 1725/1419/661 1726/1418/660
f 1737/1420/662 1740/1421/663 1739/1422/664
f 1740/1421/663 1738/1423/665 1739/1422/664
f 1741/1424/666 1744/1425/667 1743/1426/668
f 1744/1425/667 1742/1427/669 1743/1426/668
f 1754/1428/670 1757/1429/671 1756/1430/672
f 1757/1429/671 1755/1431/673 1756/1430/672
f 1758/1432/674 1761/1433/675 1760/1434/676
f 1761/1433/675 1759/1435/677 1760/1434/676
f 1771/1436/678 1774/1437/679 1773/1438/680
f 1774/1437/679 1772/1439/681 1773/1438/680
f 1775/1440/682 1778/1441/683 1777/1442/684
f 1778/1441/683 1776/1443/685 1777/1442/684
f 1788/1444/686 1791/1445/687 1790/1446/688
f 1791/1445/687 1789/1447/689 1790/1446/688
f 1792/1448/690 1795/1449/691 1794/1450/692
f 1795/1449/691 1793/1451/693 1794/1450/692
f 1805/1452/694 1808/1453/695 1807/1454/696
f 1808/1453/695 1806/1455/697 1807/1454/696
f 1809/1456/698 1812/1457/699 1811/1458/700
f 1812/1457/699 1810/1459/701 1811/1458/700
f 1822/1460/702 1825/1461/703 1824/1462/704
f 1825/1461/703 1823/1463/705 1824/1462/704
f 1826/1464/706 1829/1465/707 1828/1466/708
f 1829/1465/707 1827/1467/709 1828/1466/708
f 1839/1468/710 1842/1469/711 1841/1470/712
f 1842/1469/711 1840/1471/713 1841/1470/712
f 1843/1472/634 1846/1473/635 1845/1474/636
f 1846/1473/635 1844/1475/637 1845/1474/636
f 1856/1476/638 1859/1477/639 1858/1478/640
f 1859/1477/639 1857/1479/641 1858/1478/640
f 1860/1480/714 1863/1481/643 1862/1482/644
f 1863/1481/643 1861/1483/645 1862/1482/644
f 1873/1484/646 1876/1485/647 1875/1486/648
f 1876/1485/647 1874/1487/649 1875/1486/648
f 1877/1488/650 1880/1489/651 1879/1490/652
f 1880/1489/651 1878/1491/653 1879/1490/652
f 1890/1492/654 1893/1493/655 1892/1494/656
f 1893/1493/655 1891/1495/715 1892/1494/656
f 1894/1496/658 1897/1497/659 1896/1498/660
f 1897/1497/659 1895/1499/661 1896/1498/660
f 1907/1500/662 1910/1501/663 1909/1502/664
f 1910/1501/663 1908/1503/665 1909/1502/664
f 1911/1504/666 1914/1505/667 1913/1506/668
f 1914/1505/667 1912/1507/669 1913/1506/668
f 1924/1508/670 1927/1509/671 1926/1510/672
f 1927/1509/671 1925/1511/673 1926/1510/672
f 1928/1512/674 1931/1513/675 1930/1514/676
f 1931/1513/675 1929/1515/677 1930/1514/676
f 1941/1516/678 1944/1517/679 1943/1518/680
f 1944/1517/679 1942/1519/681 1943/1518/680
f 1945/1520/716 1948/1521/683 1947/1522/684
f 1948/1521/683 1946/1523/685 1947/1522/684
f 1958/1524/686 1961/1525/687 1960/1526/688
f 1961/1525/687 1959/1527/689 1960/1526/688
f 1962/1528/690 1965/1529/691 1964/1530/692
f 1965/1529/691 1963/1531/717 1964/1530/692
f 1975/1532/718 1978/1533/695 1977/1534/696
f 1978/1533/695 1976/1535/697 1977/1534/696
f 1979/1536/698 1982/1537/699 1981/1538/700
f 1982/1537/699 1980/1539/701 1981/1538/700
f 1992/1540/702 1995/1541/703 1994/1542/704
f 1995/1541/703 1993/1543/705 1994/1542/704
f 1996/1544/706 1999/1545/707 1998/1546/708
f 1999/1545/707 1997/1547/709 1998/1546/708
f 2009/1548/710 2012/1549/711 2011/1550/712
f 2012/1549/711 2010/1551/713 2011/1550/712
f 2184/1552/719 2187/1553/720 2186/1554/721
f 2187/1555/720 2185/1556/722 2186/1557/721
f 2191/1558/723 2194/1559/724 2193/1560/725
f 2194/1561/724 2192/1562/726 2193/1563/725
f 2201/1564/727 2204/1565/728 2203/1566/729
f 2204/1565/728 2202/1567/730 2203/1566/729
f 2208/1568/731 2211/1569/732 2210/1570/733
f 2211/1569/732 2209/1571/734 2210/1570/733
f 2218/1572/735 2221/1573/736 2220/1574/737
f 2221/1573/736 2219/1575/738 2220/1574/737
f 2225/1576/739 2228/1577/740 2227/1578/741
f 2228/1577/740 2226/1579/742 2227/1578/741
f 2235/1580/743 2238/1581/744 2237/1582/745
f 2238/1583/744 2236/1584/746 2237/1585/745
f 2242/1586/747 2245/1587/748 2244/1588/749
f 2245/1589/748 2243/1590/750 2244/1591/749
f 2252/1592/751 2255/1593/752 2254/1594/753
f 2255/1593/752 2253/1595/754 2254/1594/753
f 2259/1596/755 2262/1597/756 2261/1598/757
f 2262/1597/756 2260/1599/758 2261/1598/757
f 2269/1600/759 2272/1601/760 2271/1602/761
f 2272/1603/760 2270/1604/762 2271/1605/761
f 2276/1606/763 2279/1607/764 2278/1608/765
f 2279/1609/764 2277/1610/766 2278/1611/765
f 2286/1612/767 2289/1613/768 2288/1614/769
f 2289/1613/768 2287/1615/770 2288/1614/769
f 2293/1616/771 2296/1617/772 2295/1618/773
f 2296/1617/772 2294/1619/774 2295/1618/773
f 2303/1620/775 2306/1621/776 2305/1622/777
f 2306/1621/776 2304/1623/778 2305/1622/777
f 2310/1624/779 2313/1625/780 2312/1626/781
f 2313/1625/780 2311/1627/782 2312/1626/781
f 2320/1628/783 2323/1629/784 2322/1630/785
f 2323/1631/784 2321/1632/786 2322/1633/785
f 2327/1634/787 2330/1635/788 2329/1636/789
f 2330/1637/788 2328/1638/790 2329/1639/789
f 2337/1640/791 2340/1641/792 2339/1642/793
f 2340/1641/792 2338/1643/794 2339/1642/793
f 2344/1644/795 2347/1645/796 2346/1646/797
f 2347/1645/796 2345/1647/798 2346/1646/797
f 2354/1648/719 2357/1649/720 2356/1650/721
f 2357/1651/720 2355/1652/722 2356/1653/721
f 2361/1654/723 2364/1655/724 2363/1656/725
f 2364/1657/724 2362/1658/726 2363/1659/725
f 2371/1660/727 2374/1661/728 2373/1662/729
f 2374/1661/728 2372/1663/730 2373/1662/729
f 2378/1664/731 2381/1665/732 2380/1666/733
f 2381/1665/732 2379/1667/734 2380/1666/733
f 2388/1668/735 2391/1669/736 2390/1670/799
f 2391/1669/736 2389/1671/738 2390/1670/799
f 2395/1672/739 2398/1673/740 2397/1674/741
f 2398/1673/740 2396/1675/742 2397/1674/741
f 2405/1676/743 2408/1677/744 2407/1678/745
f 2408/1679/744 2406/1680/746 2407/1681/745
f 2412/1682/747 2415/1683/748 2414/1684/749
f 2415/1685/748 2413/1686/750 2414/1687/749
f 2422/1688/751 2425/1689/752 2424/1690/753
f 2425/1689/752 2423/1691/754 2424/1690/753
f 2429/1692/755 2432/1693/756 2431/1694/800
f 2432/1693/756 2430/1695/758 2431/1694/800
f 2439/1696/759 2442/1697/760 2441/1698/761
f 2442/1699/760 2440/1700/762 2441/1701/761
f 2446/1702/763 2449/1703/764 2448/1704/765
f 2449/1705/764 2447/1706/766 2448/1707/765
f 2456/1708/767 2459/1709/768 2458/1710/769
f 2459/1709/768 2457/1711/770 2458/1710/769
f 2463/1712/771 2466/1713/772 2465/1714/773
f 2466/1713/772 2464/1715/774 2465/1714/773
f 2473/1716/775 2476/1717/776 2475/1718/777
f 2476/1717/776 2474/1719/778 2475/1718/777
f 2480/1720/779 2483/1721/780 2482/1722/801
f 2483/1721/780 2481/1723/782 2482/1722/801
f 2490/1724/783 2493/1725/784 2492/1726/785
f 2493/1727/784 2491/1728/786 2492/1729/785
f 2497/1730/787 2500/1731/788 2499/1732/789
f 2500/1733/788 2498/1734/790 2499/1735/789
f 2507/1736/791 2510/1737/792 2509/1738/802
f 2510/1737/792 2508/1739/794 2509/1738/802
f 2514/1740/795 2517/1741/796 2516/1742/797
f 2517/1741/796 2515/1743/798 2516/1742/797
f 2521/1744/531 2525/1745/803 2527/1746/533
f 2522/1747/534 2525/1748/804 2524/1749/536
f 2523/1750/537 2525/1751/603 2526/1752/604
f 2528/1753/540 2532/1754/805 2534/1755/606
f 2529/1756/543 2532/1757/607 2531/1758/608
f 2530/1759/546 2532/1760/806 2533/1761/610
f 2535/1762/549 2539/1763/807 2541/1764/551
f 2536/1765/552 2539/1766/808 2538/1767/612
f 2537/1768/555 2539/1769/809 2540/1770/613
f 2542/1771/558 2546/1772/614 2548/1773/615
f 2543/1774/561 2546/1775/810 2545/1776/617
f 2544/1777/564 2546/1778/618 2547/1779/566
f 2549/1780/567 2553/1781/811 2555/1782/812
f 2550/1783/570 2553/1784/619 2552/1785/572
f 2551/1786/573 2553/1787/574 2554/1788/621
f 2556/1789/576 2560/1790/622 2562/1791/623
f 2557/1792/579 2560/1793/813 2559/1794/625
f 2558/1795/582 2560/1796/814 2561/1797/584
f 2563/1798/585 2567/1799/815 2569/1800/587
f 2564/1801/588 2567/1802/816 2566/1803/590
f 2565/1804/591 2567/1805/627 2568/1806/628
f 2570/1807/594 2574/1808/629 2576/1809/630
f 2571/1810/597 2574/1811/631 2573/1812/632
f 2572/1813/600 2574/1814/817 2575/1815/602
f 2577/1816/531 2581/1817/818 2583/1818/533
f 2578/1819/534 2581/1820/804 2580/1821/536
f 2579/1822/537 2581/1823/603 2582/1824/604
f 2584/1825/540 2588/1826/605 2590/1827/606
f 2585/1828/543 2588/1829/607 2587/1830/608
f 2586/1831/546 2588/1832/819 2589/1833/548
f 2591/1834/549 2595/1835/807 2597/1836/551
f 2592/1837/552 2595/1838/553 2594/1839/612
f 2593/1840/555 2595/1841/809 2596/1842/613
f 2598/1843/558 2602/1844/614 2604/1845/615
f 2599/1846/561 2602/1847/810 2601/1848/617
f 2600/1849/564 2602/1850/618 2603/1851/566
f 2605/1852/567 2609/1853/820 2611/1854/812
f 2606/1855/570 2609/1856/571 2608/1857/572
f 2607/1858/573 2609/1859/574 2610/1860/621
f 2612/1861/576 2616/1862/622 2618/1863/623
f 2613/1864/579 2616/1865/813 2615/1866/625
f 2614/1867/582 2616/1868/583 2617/1869/584
f 2619/1870/585 2623/1871/815 2625/1872/587
f 2620/1873/588 2623/1874/816 2622/1875/590
f 2621/1876/591 2623/1877/821 2624/1878/628
f 2626/1879/594 2630/1880/629 2632/1881/630
f 2627/1882/597 2630/1883/598 2629/1884/632
f 2628/1885/600 2630/1886/817 2631/1887/602
f 2633/1888/531 2637/1889/818 2639/1890/533
f 2634/1891/534 2637/1892/804 2636/1893/536
f 2635/1894/537 2637/1895/603 2638/1896/604
f 2640/1897/540 2644/1898/805 2646/1899/606
f 2641/1900/543 2644/1901/607 2643/1902/608
f 2642/1903/546 2644/1904/806 2645/1905/610
f 2647/1906/549 2651/1907/807 2653/1908/551
f 2648/1909/552 2651/1910/808 2650/1911/612
f 2649/1912/555 2651/1913/809 2652/1914/613
f 2654/1915/558 2658/1916/614 2660/1917/615
f 2655/1918/561 2658/1919/810 2657/1920/617
f 2656/1921/564 2658/1922/618 2659/1923/566
f 2661/1924/567 2665/1925/811 2667/1926/812
f 2662/1927/570 2665/1928/619 2664/1929/572
f 2663/1930/573 2665/1931/574 2666/1932/621
f 2668/1933/576 2672/1934/622 2674/1935/623
f 2669/1936/579 2672/1937/624 2671/1938/625
f 2670/1939/582 2672/1940/814 2673/1941/584
f 2675/1942/585 2679/1943/815 2681/1944/587
f 2676/1945/588 2679/1946/816 2678/1947/590
f 2677/1948/591 2679/1949/592 2680/1950/628
f 2682/1951/594 2686/1952/629 2688/1953/630
f 2683/1954/597 2686/1955/631 2685/1956/632
f 2684/1957/600 2686/1958/817 2687/1959/602
f 2689/1960/531 2693/1961/803 2695/1962/533
f 2690/1963/534 2693/1964/804 2692/1965/536
f 2691/1966/537 2693/1967/603 2694/1968/604
f 2696/1969/540 2700/1970/605 2702/1971/606
f 2697/1972/543 2700/1973/607 2699/1974/608
f 2698/1975/546 2700/1976/806 2701/1977/610
f 2703/1978/549 2707/1979/807 2709/1980/551
f 2704/1981/552 2707/1982/611 2706/1983/612
f 2705/1984/555 2707/1985/809 2708/1986/613
f 2710/1987/558 2714/1988/614 2716/1989/615
f 2711/1990/561 2714/1991/810 2713/1992/617
f 2712/1993/564 2714/1994/618 2715/1995/566
f 2717/1996/567 2721/1997/811 2723/1998/812
f 2718/1999/570 2721/2000/571 2720/2001/572
f 2719/2002/573 2721/2003/574 2722/2004/621
f 2724/2005/576 2728/2006/622 2730/2007/623
f 2725/2008/579 2728/2009/813 2727/2010/625
f 2726/2011/582 2728/2012/583 2729/2013/584
f 2731/2014/585 2735/2015/815 2737/2016/587
f 2732/2017/588 2735/2018/816 2734/2019/590
f 2733/2020/591 2735/2021/821 2736/2022/628
f 2738/2023/594 2742/2024/629 2744/2025/630
f 2739/2026/597 2742/2027/598 2741/2028/632
f 2740/2029/600 2742/2030/817 2743/2031/602
f 2745/2032/531 2749/2033/803 2751/2034/533
f 2746/2035/534 2749/2036/804 2748/2037/536
f 2747/2038/537 2749/2039/822 2750/2040/604
f 2752/2041/540 2756/2042/805 2758/2043/606
f 2753/2044/543 2756/2045/607 2755/2046/608
f 2754/2047/546 2756/2048/547 2757/2049/548
f 2759/2050/549 2763/2051/807 2765/2052/551
f 2760/2053/552 2763/2054/553 2762/2055/612
f 2761/2056/555 2763/2057/809 2764/2058/613
f 2766/2059/558 2770/2060/614 2772/2061/615
f 2767/2062/561 2770/2063/810 2769/2064/617
f 2768/2065/564 2770/2066/823 2771/2067/566
f 2773/2068/567 2777/2069/811 2779/2070/812
f 2774/2071/570 2777/2072/619 2776/2073/572
f 2775/2074/573 2777/2075/574 2778/2076/621
f 2780/2077/576 2784/2078/622 2786/2079/623
f 2781/2080/579 2784/2081/624 2783/2082/625
f 2782/2083/582 2784/2084/814 2785/2085/584
f 2787/2086/585 2791/2087/815 2793/2088/587
f 2788/2089/588 2791/2090/816 2790/2091/590
f 2789/2092/591 2791/2093/627 2792/2094/628
f 2794/2095/594 2798/2096/629 2800/2097/630
f 2795/2098/597 2798/2099/631 2797/2100/632
f 2796/2101/600 2798/2102/817 2799/2103/602
f 2801/2104/531 2805/2105/803 2807/2106/533
f 2802/2107/534 2805/2108/804 2804/2109/536
f 2803/2110/537 2805/2111/603 2806/2112/604
f 2808/2113/540 2812/2114/605 2814/2115/606
f 2809/2116/543 2812/2117/607 2811/2118/608
f 2810/2119/546 2812/2120/806 2813/2121/548
f 2815/2122/549 2819/2123/807 2821/2124/551
f 2816/2125/552 2819/2126/824 2818/2127/612
f 2817/2128/555 2819/2129/809 2820/2130/613
f 2822/2131/558 2826/2132/614 2828/2133/615
f 2823/2134/561 2826/2135/810 2825/2136/617
f 2824/2137/564 2826/2138/618 2827/2139/566
f 2829/2140/567 2833/2141/811 2835/2142/812
f 2830/2143/570 2833/2144/825 2832/2145/572
f 2831/2146/573 2833/2147/574 2834/2148/621
f 2836/2149/576 2840/2150/622 2842/2151/623
f 2837/2152/579 2840/2153/813 2839/2154/625
f 2838/2155/582 2840/2156/814 2841/2157/584
f 2843/2158/585 2847/2159/815 2849/2160/587
f 2844/2161/588 2847/2162/816 2846/2163/590
f 2845/2164/591 2847/2165/627 2848/2166/628
f 2850/2167/594 2854/2168/826 2856/2169/630
f 2851/2170/597 2854/2171/827 2853/2172/632
f 2852/2173/600 2854/2174/817 2855/2175/602
f 2857/2176/531 2861/2177/818 2863/2178/533
f 2858/2179/534 2861/2180/804 2860/2181/536
f 2859/2182/537 2861/2183/822 2862/2184/604
f 2864/2185/540 2868/2186/805 2870/2187/606
f 2865/2188/543 2868/2189/607 2867/2190/608
f 2866/2191/546 2868/2192/547 2869/2193/548
f 2871/2194/549 2875/2195/807 2877/2196/551
f 2872/2197/552 2875/2198/553 2874/2199/612
f 2873/2200/555 2875/2201/809 2876/2202/613
f 2878/2203/558 2882/2204/614 2884/2205/615
f 2879/2206/561 2882/2207/810 2881/2208/617
f 2880/2209/564 2882/2210/823 2883/2211/566
f 2885/2212/567 2889/2213/820 2891/2214/812
f 2886/2215/570 2889/2216/619 2888/2217/828
f 2887/2218/573 2889/2219/574 2890/2220/621
f 2892/2221/576 2896/2222/622 2898/2223/829
f 2893/2224/579 2896/2225/624 2895/2226/625
f 2894/2227/582 2896/2228/830 2897/2229/584
f 2899/2230/585 2903/2231/815 2905/2232/587
f 2900/2233/588 2903/2234/816 2902/2235/590
f 2901/2236/591 2903/2237/821 2904/2238/628
f 2906/2239/594 2910/2240/629 2912/2241/630
f 2907/2242/597 2910/2243/631 2909/2244/632
f 2908/2245/600 2910/2246/817 2911/2247/602
f 2913/2248/531 2917/2249/803 2919/2250/533
f 2914/2251/534 2917/2252/804 2916/2253/536
f 2915/2254/537 2917/2255/603 2918/2256/604
f 2920/2257/540 2924/2258/805 2926/2259/606
f 2921/2260/543 2924/2261/607 2923/2262/608
f 2922/2263/546 2924/2264/806 2925/2265/610
f 2927/2266/549 2931/2267/807 2933/2268/551
f 2928/2269/552 2931/2270/611 2930/2271/612
f 2929/2272/555 2931/2273/809 2932/2274/613
f 2934/2275/558 2938/2276/614 2940/2277/615
f 2935/2278/561 2938/2279/810 2937/2280/617
f 2936/2281/564 2938/2282/618 2939/2283/566
f 2941/2284/567 2945/2285/811 2947/2286/812
f 2942/2287/570 2945/2288/831 2944/2289/572
f 2943/2290/573 2945/2291/574 2946/2292/621
f 2948/2293/576 2952/2294/622 2954/2295/829
f 2949/2296/579 2952/2297/813 2951/2298/625
f 2950/2299/582 2952/2300/814 2953/2301/584
f 2955/2302/585 2959/2303/815 2961/2304/587
f 2956/2305/588 2959/2306/816 2958/2307/590
f 2957/2308/591 2959/2309/627 2960/2310/628
f 2962/2311/594 2966/2312/826 2968/2313/630
f 2963/2314/597 2966/2315/827 2965/2316/632
f 2964/2317/600 2966/2318/817 2967/2319/602
f 2969/2320/339 2973/2321/340 2975/2322/341
f 2974/2323/342 2972/2324/343 2970/2325/344
f 2975/2326/345 2974/2323/342 2971/2327/346
f 2976/2328/347 2980/2329/348 2982/2330/349
f 2981/2331/350 2979/2332/351 2977/2333/352
f 2982/2334/353 2981/2331/350 2978/2335/354
f 2983/2336/355 2987/2337/832 2989/2338/357
f 2988/2339/358 2986/2340/359 2984/2341/360
f 2989/2342/361 2988/2339/358 2985/2343/362
f 2990/2344/363 2994/2345/833 2996/2346/365
f 2995/2347/366 2993/2348/367 2991/2349/368
f 2996/2350/369 2995/2347/366 2992/2351/370
f 2997/2352/371 3001/2353/834 3003/2354/373
f 3002/2355/374 3000/2356/375 2998/2357/376
f 3003/2358/377 3002/2355/374 2999/2359/378
f 3004/2360/379 3008/2361/835 3010/2362/836
f 3009/2363/382 3007/2364/383 3005/2365/384
f 3010/2366/385 3009/2363/382 3006/2367/386
f 3011/2368/387 3015/2369/388 3017/2370/389
f 3016/2371/390 3014/2372/391 3012/2373/392
f 3017/2374/393 3016/2371/390 3013/2375/394
f 3018/2376/395 3022/2377/837 3024/2378/838
f 3023/2379/398 3021/2380/399 3019/2381/400
f 3024/2382/401 3023/2379/398 3020/2383/402
f 3025/2384/403 3029/2385/839 3031/2386/405
f 3030/2387/406 3028/2388/407 3026/2389/408
f 3031/2390/409 3030/2387/406 3027/2391/410
f 3032/2392/840 3036/2393/841 3038/2394/842
f 3037/2395/414 3035/2396/415 3033/2397/416
f 3038/2398/417 3037/2395/414 3034/2399/418
f 3039/2400/419 3043/2401/420 3045/2402/421
f 3044/2403/422 3042/2404/423 3040/2405/424
f 3045/2406/425 3044/2403/422 3041/2407/426
f 3046/2408/427 3050/2409/843 3052/2410/429
f 3051/2411/430 3049/2412/431 3047/2413/432
f 3052/2414/433 3051/2411/430 3048/2415/434
f 3053/2416/435 3057/2417/436 3059/2418/437
f 3058/2419/438 3056/2420/439 3054/2421/440
f 3059/2422/441 3058/2419/438 3055/2423/442
f 3060/2424/443 3064/2425/444 3066/2426/844
f 3065/2427/446 3063/2428/447 3061/2429/448
f 3066/2430/449 3065/2427/446 3062/2431/450
f 3067/2432/451 3071/2433/452 3073/2434/453
f 3072/2435/454 3070/2436/455 3068/2437/456
f 3073/2438/457 3072/2435/454 3069/2439/458
f 3074/2440/459 3078/2441/845 3080/2442/461
f 3079/2443/462 3077/2444/463 3075/2445/464
f 3080/2446/465 3079/2443/462 3076/2447/466
f 3081/2448/467 3085/2449/846 3087/2450/847
f 3086/2451/470 3084/2452/471 3082/2453/472
f 3087/2454/473 3086/2451/470 3083/2455/474
f 3088/2456/475 3092/2457/848 3094/2458/477
f 3093/2459/478 3091/2460/479 3089/2461/480
f 3094/2462/481 3093/2459/478 3090/2463/482
f 3095/2464/849 3099/2465/484 3101/2466/485
f 3100/2467/486 3098/2468/487 3096/2469/488
f 3101/2470/489 3100/2467/486 3097/2471/490
f 3102/2472/491 3106/2473/850 3108/2474/493
f 3107/2475/494 3105/2476/495 3103/2477/496
f 3108/2478/497 3107/2475/494 3104/2479/498
f 3109/2480/851 3113/2481/500 3115/2482/501
f 3114/2483/502 3112/2484/503 3110/2485/504
f 3115/2486/505 3114/2483/502 3111/2487/506
f 3116/2488/852 3120/2489/853 3122/2490/854
f 3121/2491/510 3119/2492/511 3117/2493/512
f 3122/2494/513 3121/2491/510 3118/2495/514
f 3123/2496/515 3127/2497/855 3129/2498/517
f 3128/2499/518 3126/2500/519 3124/2501/520
f 3129/2502/521 3128/2499/518 3125/2503/522
f 3130/2504/523 3134/2505/856 3136/2506/525
f 3135/2507/526 3133/2508/527 3131/2509/528
f 3136/2510/529 3135/2507/526 3132/2511/530
f 3137/2512/531 3141/2513/818 3143/2514/533
f 3138/2515/534 3141/2516/535 3140/2517/536
f 3139/2518/537 3141/2519/857 3142/2520/539
f 3144/2521/540 3148/2522/605 3150/2523/606
f 3145/2524/543 3148/2525/858 3147/2526/608
f 3146/2527/546 3148/2528/819 3149/2529/548
f 3151/2530/549 3155/2531/550 3157/2532/551
f 3152/2533/552 3155/2534/808 3154/2535/554
f 3153/2536/555 3155/2537/556 3156/2538/613
f 3158/2539/558 3162/2540/859 3164/2541/560
f 3159/2542/561 3162/2543/616 3161/2544/617
f 3160/2545/564 3162/2546/618 3163/2547/566
f 3165/2548/567 3169/2549/820 3171/2550/569
f 3166/2551/570 3169/2552/831 3168/2553/828
f 3167/2554/573 3169/2555/620 3170/2556/621
f 3172/2557/576 3176/2558/860 3178/2559/623
f 3173/2560/579 3176/2561/624 3175/2562/625
f 3174/2563/582 3176/2564/830 3177/2565/584
f 3179/2566/585 3183/2567/586 3185/2568/861
f 3180/2569/588 3183/2570/589 3182/2571/590
f 3181/2572/591 3183/2573/862 3184/2574/593
f 3186/2575/594 3190/2576/863 3192/2577/596
f 3187/2578/597 3190/2579/631 3189/2580/599
f 3188/2581/600 3190/2582/633 3191/2583/602
f 3193/2584/531 3197/2585/864 3199/2586/865
f 3194/2587/534 3197/2588/866 3196/2589/867
f 3195/2590/537 3197/2591/822 3198/2592/604
f 3200/2593/540 3204/2594/605 3206/2595/606
f 3201/2596/543 3204/2597/544 3203/2598/545
f 3202/2599/546 3204/2600/609 3205/2601/548
f 3207/2602/549 3211/2603/807 3213/2604/868
f 3208/2605/552 3211/2606/553 3210/2607/612
f 3209/2608/555 3211/2609/869 3212/2610/613
f 3214/2611/558 3218/2612/559 3220/2613/560
f 3215/2614/561 3218/2615/616 3217/2616/617
f 3216/2617/564 3218/2618/618 3219/2619/566
f 3221/2620/567 3225/2621/870 3227/2622/812
f 3222/2623/570 3225/2624/571 3224/2625/572
f 3223/2626/573 3225/2627/871 3226/2628/621
f 3228/2629/576 3232/2630/577 3234/2631/578
f 3229/2632/579 3232/2633/624 3231/2634/625
f 3230/2635/582 3232/2636/626 3233/2637/584
f 3235/2638/585 3239/2639/815 3241/2640/861
f 3236/2641/588 3239/2642/872 3238/2643/873
f 3237/2644/591 3239/2645/821 3240/2646/628
f 3242/2647/594 3246/2648/595 3248/2649/596
f 3243/2650/597 3246/2651/631 3245/2652/599
f 3244/2653/600 3246/2654/633 3247/2655/602
f 3249/2656/874 3253/2657/875 3255/2658/876
f 3250/2659/877 3253/2657/875 3252/2660/878
f 3251/2661/879 3253/2657/875 3254/2662/880
f 3265/2663/881 3269/2664/882 3271/2665/883
f 3266/2666/884 3269/2664/882 3268/2667/885
f 3267/2668/886 3269/2664/882 3270/2669/887
f 3272/2670/888 3276/2671/889 3278/2672/890
f 3273/2673/891 3276/2671/889 3275/2674/892
f 3274/2675/893 3276/2671/889 3277/2676/894
f 3288/2677/895 3292/2678/896 3294/2679/897
f 3289/2680/898 3292/2678/896 3291/2681/899
f 3290/2682/900 3292/2678/896 3293/2683/901
f 3295/2684/902 3299/2685/903 3301/2686/904
f 3296/2687/905 3299/2685/903 3298/2688/906
f 3297/2689/907 3299/2685/903 3300/2690/908
f 3311/2691/909 3315/2692/910 3317/2693/911
f 3312/2694/912 3315/2692/910 3314/2695/913
f 3313/2696/914 3315/2692/910 3316/2697/915
f 3318/2698/916 3322/2699/917 3324/2700/918
f 3319/2701/919 3322/2699/917 3321/2702/920
f 3320/2703/921 3322/2699/917 3323/2704/922
f 3334/2705/923 3338/2706/924 3340/2707/925
f 3335/2708/926 3338/2706/924 3337/2709/927
f 3336/2710/928 3338/2706/924 3339/2711/929
f 3341/2712/930 3345/2713/931 3347/2714/932
f 3342/2715/933 3345/2713/931 3344/2716/934
f 3343/2717/935 3345/2713/931 3346/2718/936
f 3357/2719/937 3361/2720/938 3363/2721/939
f 3358/2722/940 3361/2720/938 3360/2723/941
f 3359/2724/942 3361/2720/938 3362/2725/943
f 3364/2726/944 3368/2727/945 3370/2728/946
f 3365/2729/947 3368/2727/945 3367/2730/948
f 3366/2731/949 3368/2727/945 3369/2732/950
f 3380/2733/951 3384/2734/952 3386/2735/953
f 3381/2736/954 3384/2734/952 3383/2737/955
f 3382/2738/956 3384/2734/952 3385/2739/957
f 3387/2740/958 3391/2741/959 3393/2742/960
f 3388/2743/961 3391/2741/959 3390/2744/962
f 3389/2745/963 3391/2741/959 3392/2746/964
f 3403/2747/965 3407/2748/966 3409/2749/967
f 3404/2750/968 3407/2748/966 3406/2751/969
f 3405/2752/970 3407/2748/966 3408/2753/971
f 3410/2754/972 3414/2755/973 3416/2756/974
f 3411/2757/975 3414/2755/973 3413/2758/976
f 3412/2759/977 3414/2755/973 3415/2760/978
f 3426/2761/979 3430/2762/980 3432/2763/981
f 3427/2764/982 3430/2762/980 3429/2765/983
f 3428/2766/984 3430/2762/980 3431/2767/985
f 3433/2768/986 3437/2769/875 3439/2770/876
f 3434/2771/877 3437/2769/875 3436/2772/878
f 3435/2773/879 3437/2769/875 3438/2774/880
f 3449/2775/881 3453/2776/882 3455/2777/883
f 3450/2778/987 3453/2776/882 3452/2779/885
f 3451/2780/886 3453/2776/882 3454/2781/887
f 3456/2782/988 3460/2783/889 3462/2784/890
f 3457/2785/891 3460/2783/889 3459/2786/892
f 3458/2787/893 3460/2783/889 3461/2788/894
f 3472/2789/895 3476/2790/896 3478/2791/897
f 3473/2792/898 3476/2790/896 3475/2793/899
f 3474/2794/989 3476/2790/896 3477/2795/901
f 3479/2796/990 3483/2797/903 3485/2798/904
f 3480/2799/991 3483/2797/903 3482/2800/906
f 3481/2801/907 3483/2797/903 3484/2802/908
f 3495/2803/992 3499/2804/910 3501/2805/911
f 3496/2806/912 3499/2804/910 3498/2807/913
f 3497/2808/914 3499/2804/910 3500/2809/915
f 3502/2810/993 3506/2811/917 3508/2812/994
f 3503/2813/995 3506/2811/917 3505/2814/920
f 3504/2815/921 3506/2811/917 3507/2816/922
f 3518/2817/996 3522/2818/924 3524/2819/925
f 3519/2820/926 3522/2818/924 3521/2821/927
f 3520/2822/928 3522/2818/924 3523/2823/929
f 3525/2824/930 3529/2825/931 3531/2826/932
f 3526/2827/997 3529/2825/931 3528/2828/934
f 3527/2829/935 3529/2825/931 3530/2830/936
f 3541/2831/937 3545/2832/938 3547/2833/939
f 3542/2834/940 3545/2832/938 3544/2835/941
f 3543/2836/998 3545/2832/938 3546/2837/943
f 3548/2838/944 3552/2839/945 3554/2840/946
f 3549/2841/947 3552/2839/945 3551/2842/948
f 3550/2843/949 3552/2839/945 3553/2844/950
f 3564/2845/999 3568/2846/952 3570/2847/953
f 3565/2848/954 3568/2846/952 3567/2849/955
f 3566/2850/956 3568/2846/952 3569/2851/957
f 3571/2852/958 3575/2853/959 3577/2854/960
f 3572/2855/961 3575/2853/959 3574/2856/962
f 3573/2857/963 3575/2853/959 3576/2858/964
f 3587/2859/965 3591/2860/966 3593/2861/967
f 3588/2862/968 3591/2860/966 3590/2863/969
f 3589/2864/1000 3591/2860/966 3592/2865/971
f 3594/2866/1001 3598/2867/973 3600/2868/1002
f 3595/2869/975 3598/2867/973 3597/2870/976
f 3596/2871/977 3598/2867/973 3599/2872/978
f 3610/2873/979 3614/2874/980 3616/2875/981
f 3611/2876/982 3614/2874/980 3613/2877/983
f 3612/2878/984 3614/2874/980 3615/2879/985
f 3617/2880/531 3621/2881/532 3623/2882/1003
f 3618/2883/534 3621/2884/535 3620/2885/536
f 3619/2886/537 3621/2887/603 3622/2888/539
f 3624/2889/540 3628/2890/605 3630/2891/606
f 3625/2892/543 3628/2893/858 3627/2894/545
f 3626/2895/546 3628/2896/547 3629/2897/548
f 3631/2898/549 3635/2899/550 3637/2900/868
f 3632/2901/552 3635/2902/611 3634/2903/612
f 3633/2904/555 3635/2905/556 3636/2906/557
f 3638/2907/558 3642/2908/859 3644/2909/560
f 3639/2910/561 3642/2911/616 3641/2912/617
f 3640/2913/564 3642/2914/823 3643/2915/566
f 3645/2916/567 3649/2917/568 3651/2918/569
f 3646/2919/570 3649/2920/619 3648/2921/572
f 3647/2922/573 3649/2923/620 3650/2924/621
f 3652/2925/576 3656/2926/860 3658/2927/578
f 3653/2928/579 3656/2929/624 3655/2930/625
f 3654/2931/582 3656/2932/583 3657/2933/584
f 3659/2934/585 3663/2935/586 3665/2936/1004
f 3660/2937/588 3663/2938/589 3662/2939/873
f 3661/2940/591 3663/2941/627 3664/2942/628
f 3666/2943/594 3670/2944/863 3672/2945/630
f 3667/2946/597 3670/2947/598 3669/2948/599
f 3668/2949/600 3670/2950/633 3671/2951/602
f 3673/2952/531 3677/2953/803 3679/2954/1005
f 3674/2955/534 3677/2956/866 3676/2957/867
f 3675/2958/537 3677/2959/822 3678/2960/604
f 3680/2961/540 3684/2962/805 3686/2963/606
f 3681/2964/543 3684/2965/544 3683/2966/545
f 3682/2967/546 3684/2968/547 3685/2969/610
f 3687/2970/549 3691/2971/1006 3693/2972/551
f 3688/2973/552 3691/2974/553 3690/2975/612
f 3689/2976/555 3691/2977/869 3692/2978/613
f 3694/2979/558 3698/2980/559 3700/2981/560
f 3695/2982/561 3698/2983/810 3697/2984/617
f 3696/2985/564 3698/2986/823 3699/2987/566
f 3701/2988/567 3705/2989/811 3707/2990/569
f 3702/2991/570 3705/2992/571 3704/2993/572
f 3703/2994/573 3705/2995/871 3706/2996/621
f 3708/2997/576 3712/2998/577 3714/2999/578
f 3709/3000/579 3712/3001/813 3711/3002/625
f 3710/3003/582 3712/3004/583 3713/3005/584
f 3715/3006/585 3719/3007/1007 3721/3008/1008
f 3716/3009/588 3719/3010/872 3718/3011/873
f 3717/3012/591 3719/3013/821 3720/3014/628
f 3722/3015/594 3726/3016/595 3728/3017/596
f 3723/3018/597 3726/3019/598 3725/3020/632
f 3724/3021/600 3726/3022/817 3727/3023/602
f 3729/3024/1009 3733/3025/875 3735/3026/880
f 3730/3027/1010 3733/3025/875 3732/3028/876
f 3731/3029/877 3733/3025/875 3734/3030/878
f 3739/3031/1011 3743/3032/882 3745/3033/885
f 3740/3034/886 3743/3032/882 3742/3035/887
f 3741/3036/1012 3743/3032/882 3744/3037/883
f 3746/3038/1013 3750/3039/889 3752/3040/1014
f 3747/3041/1015 3750/3039/889 3749/3042/892
f 3748/3043/893 3750/3039/889 3751/3044/1016
f 3762/3045/1017 3766/3046/896 3768/3047/1018
f 3763/3048/898 3766/3046/896 3765/3049/1019
f 3764/3050/1020 3766/3046/896 3767/3051/1021
f 3769/3052/990 3773/3053/1022 3775/3054/904
f 3770/3055/991 3773/3053/1022 3772/3056/906
f 3771/3057/907 3773/3053/1022 3774/3058/908
f 3785/3059/1023 3789/3060/1024 3791/3061/1025
f 3786/3062/912 3789/3060/1024 3788/3063/913
f 3787/3064/914 3789/3060/1024 3790/3065/1026
f 3792/3066/1027 3796/3067/917 3798/3068/1028
f 3793/3069/1029 3796/3067/917 3795/3070/920
f 3794/3071/921 3796/3067/917 3797/3072/1030
f 3808/3073/1031 3812/3074/924 3814/3075/925
f 3809/3076/926 3812/3074/924 3811/3077/1032
f 3810/3078/1033 3812/3074/924 3813/3079/929
f 3815/3080/1034 3819/3081/931 3821/3082/932
f 3816/3083/1035 3819/3081/931 3818/3084/934
f 3817/3085/935 3819/3081/931 3820/3086/936
f 3831/3087/1036 3835/3088/938 3837/3089/939
f 3832/3090/940 3835/3088/938 3834/3091/941
f 3833/3092/1037 3835/3088/938 3836/3093/943
f 3838/3094/1038 3842/3095/945 3844/3096/1039
f 3839/3097/1040 3842/3095/945 3841/3098/948
f 3840/3099/1041 3842/3095/945 3843/3100/1042
f 3854/3101/1043 3858/3102/952 3860/3103/1044
f 3855/3104/954 3858/3102/952 3857/3105/955
f 3856/3106/1045 3858/3102/952 3859/3107/1046
f 3861/3108/958 3865/3109/1047 3867/3110/960
f 3862/3111/1048 3865/3109/1047 3864/3112/962
f 3863/3113/963 3865/3109/1047 3866/3114/964
f 3877/3115/1049 3881/3116/1050 3883/3117/1051
f 3878/3118/968 3881/3116/1050 3880/3119/969
f 3879/3120/1000 3881/3116/1050 3882/3121/1052
f 3884/3122/1053 3888/3123/973 3890/3124/1054
f 3885/3125/1055 3888/3123/973 3887/3126/976
f 3886/3127/977 3888/3123/973 3889/3128/1056
f 3900/3129/1057 3904/3130/980 3906/3131/981
f 3901/3132/982 3904/3130/980 3903/3133/1058
f 3902/3134/1059 3904/3130/980 3905/3135/985
f 3913/3136/1009 3917/3137/875 3919/3138/880
f 3914/3139/1010 3917/3137/875 3916/3140/876
f 3915/3141/877 3917/3137/875 3918/3142/878
f 3923/3143/1011 3927/3144/882 3929/3145/885
f 3924/3146/886 3927/3144/882 3926/3147/1060
f 3925/3148/1012 3927/3144/882 3928/3149/883
f 3930/3150/1013 3934/3151/889 3936/3152/890
f 3931/3153/1015 3934/3151/889 3933/3154/892
f 3932/3155/893 3934/3151/889 3935/3156/1016
f 3946/3157/1017 3950/3158/896 3952/3159/1018
f 3947/3160/898 3950/3158/896 3949/3161/899
f 3948/3162/1020 3950/3158/896 3951/3163/1021
f 3953/3164/990 3957/3165/1022 3959/3166/904
f 3954/3167/991 3957/3165/1022 3956/3168/906
f 3955/3169/907 3957/3165/1022 3958/3170/908
f 3969/3171/1023 3973/3172/1024 3975/3173/1025
f 3970/3174/912 3973/3172/1024 3972/3175/913
f 3971/3176/914 3973/3172/1024 3974/3177/1026
f 3976/3178/1027 3980/3179/917 3982/3180/1061
f 3977/3181/1029 3980/3179/917 3979/3182/920
f 3978/3183/921 3980/3179/917 3981/3184/922
f 3992/3185/1031 3996/3186/924 3998/3187/925
f 3993/3188/926 3996/3186/924 3995/3189/1032
f 3994/3190/1033 3996/3186/924 3997/3191/929
f 3999/3192/1034 4003/3193/931 4005/3194/932
f 4000/3195/1035 4003/3193/931 4002/3196/934
f 4001/3197/935 4003/3193/931 4004/3198/936
f 4015/3199/1036 4019/3200/938 4021/3201/939
f 4016/3202/940 4019/3200/938 4018/3203/941
f 4017/3204/1037 4019/3200/938 4020/3205/943
f 4022/3206/1038 4026/3207/945 4028/3208/946
f 4023/3209/1040 4026/3207/945 4025/3210/948
f 4024/3211/1041 4026/3207/945 4027/3212/1042
f 4038/3213/1043 4042/3214/952 4044/3215/1044
f 4039/3216/954 4042/3214/952 4041/3217/1062
f 4040/3218/1045 4042/3214/952 4043/3219/1046
f 4045/3220/958 4049/3221/1047 4051/3222/960
f 4046/3223/1048 4049/3221/1047 4048/3224/962
f 4047/3225/963 4049/3221/1047 4050/3226/964
f 4061/3227/1049 4065/3228/1050 4067/3229/1051
f 4062/3230/968 4065/3228/1050 4064/3231/969
f 4063/3232/1000 4065/3228/1050 4066/3233/1052
f 4068/3234/1053 4072/3235/973 4074/3236/1054
f 4069/3237/1055 4072/3235/973 4071/3238/976
f 4070/3239/977 4072/3235/973 4073/3240/978
f 4084/3241/1057 4088/3242/980 4090/3243/981
f 4085/3244/982 4088/3242/980 4087/3245/1058
f 4086/3246/1059 4088/3242/980 4089/3247/1063
f 4102/3248/1064 4107/3249/1065 4097/3250/1066
f 4104/3251/1067 4102/3248/1064 4098/3252/1068
f 4099/3253/1069 4103/3254/1070 4104/3251/1067
f 4106/3255/1071 4105/3256/1072 4100/3257/1073
f 4101/3258/1074 4103/3254/1070 4106/3255/1071
f 4108/3259/1075 4114/3260/1076 4118/3261/1077
f 4115/3262/1078 4113/3263/1079 4109/3264/1080
f 4110/3265/1081 4114/3266/1076 4115/3267/1078
f 4111/3268/1082 4114/3266/1076 4116/3269/1083
f 4118/3270/1077 4117/3271/1084 4112/3272/1085
f 4119/3273/1086 4124/3274/1087 4127/3275/1088
f 4125/3276/1089 4123/3277/1090 4120/3278/1091
f 4121/3279/1092 4124/3274/1087 4125/3276/1089
f 4127/3275/1088 4126/3280/1093 4122/3281/1094
f 4133/3282/1095 4138/3283/1096 4128/3284/1097
f 4135/3285/1098 4133/3282/1095 4129/3286/1099
f 4130/3287/1100 4134/3288/1101 4135/3289/1098
f 4137/3290/1102 4136/3291/1103 4131/3292/1104
f 4132/3293/1105 4134/3288/1101 4137/3290/1102
f 4143/3294/1106 4147/3295/1107 4139/3296/1108
f 4140/3297/1109 4144/3298/1110 4143/3294/1106
f 4146/3299/1111 4145/3300/1112 4141/3301/1113
f 4142/3302/1114 4144/3298/1110 4146/3299/1111
f 4153/3303/1115 4158/3304/1116 4148/3305/1117
f 4149/3306/1118 4154/3307/1119 4153/3308/1115
f 4156/3309/1120 4155/3310/1121 4150/3311/1122
f 4151/3312/1123 4154/3313/1119 4156/3309/1120
f 4152/3314/1124 4154/3313/1119 4157/3315/1125
f 4163/3316/1126 4167/3317/1127 4159/3318/1128
f 4160/3319/1129 4164/3320/1130 4163/3316/1126
f 4166/3321/1131 4165/3322/1132 4161/3323/1133
f 4162/3324/1134 4164/3320/1130 4166/3321/1131
f 4173/3325/1135 4178/3326/1136 4168/3327/1137
f 4169/3328/1138 4174/3329/1139 4173/3330/1135
f 4170/3331/1140 4174/3329/1139 4175/3332/1141
f 4177/3333/1142 4176/3334/1143 4171/3335/1144
f 4172/3336/1145 4174/3337/1139 4177/3338/1142
f 4179/3339/1146 4185/3340/1147 4189/3341/1148
f 4180/3342/1149 4185/3340/1147 4184/3343/1150
f 4187/3344/1151 4186/3345/1152 4181/3346/1153
f 4182/3347/1154 4185/3348/1147 4187/3349/1151
f 4189/3341/1148 4188/3350/1155 4183/3351/1156
f 4194/3352/1157 4198/3353/1158 4190/3354/1159
f 4191/3355/1160 4195/3356/1161 4194/3352/1157
f 4197/3357/1162 4196/3358/1163 4192/3359/1164
f 4193/3360/1165 4195/3356/1161 4197/3357/1162
f 4199/3361/1166 4205/3362/1167 4209/3363/1168
f 4206/3364/1169 4204/3365/1170 4200/3366/1171
f 4201/3367/1172 4205/3362/1167 4206/3364/1169
f 4208/3368/1173 4207/3369/1174 4202/3370/1175
f 4209/3371/1168 4208/3368/1173 4203/3372/1176
f 4210/3373/1177 4216/3374/1178 4220/3375/1179
f 4217/3376/1180 4215/3377/1181 4211/3378/1182
f 4218/3379/1183 4217/3376/1180 4212/3380/1184
f 4213/3381/1185 4216/3374/1178 4218/3379/1183
f 4220/3375/1179 4219/3382/1186 4214/3383/1187
f 4221/3384/339 4225/3385/340 4227/3386/341
f 4226/3387/342 4224/3388/343 4222/3389/344
f 4227/3390/345 4226/3387/342 4223/3391/346
f 4228/3392/347 4232/3393/348 4234/3394/349
f 4233/3395/350 4231/3396/351 4229/3397/352
f 4234/3398/353 4233/3395/350 4230/3399/354
f 4235/3400/1188 4239/3401/1189 4241/3402/357
f 4240/3403/358 4238/3404/359 4236/3405/360
f 4241/3406/361 4240/3403/358 4237/3407/362
f 4242/3408/363 4246/3409/1190 4248/3410/1191
f 4247/3411/366 4245/3412/367 4243/3413/368
f 4248/3414/369 4247/3411/366 4244/3415/370
f 4249/3416/371 4253/3417/1192 4255/3418/373
f 4254/3419/374 4252/3420/375 4250/3421/376
f 4255/3422/377 4254/3419/374 4251/3423/378
f 4256/3424/1193 4260/3425/1194 4262/3426/381
f 4261/3427/382 4259/3428/383 4257/3429/384
f 4262/3430/385 4261/3427/382 4258/3431/386
f 4263/3432/387 4267/3433/388 4269/3434/1195
f 4268/3435/390 4266/3436/391 4264/3437/392
f 4269/3438/393 4268/3435/390 4265/3439/394
f 4270/3440/395 4274/3441/396 4276/3442/1196
f 4275/3443/1197 4273/3444/399 4271/3445/400
f 4276/3446/401 4275/3443/1197 4272/3447/402
f 4277/3448/1198 4281/3449/1199 4283/3450/405
f 4282/3451/406 4280/3452/407 4278/3453/408
f 4283/3454/409 4282/3451/406 4279/3455/410
f 4284/3456/411 4288/3457/1200 4290/3458/1201
f 4289/3459/414 4287/3460/415 4285/3461/416
f 4290/3462/417 4289/3459/414 4286/3463/418
f 4291/3464/419 4295/3465/420 4297/3466/1202
f 4296/3467/422 4294/3468/423 4292/3469/424
f 4297/3470/425 4296/3467/422 4293/3471/426
f 4298/3472/427 4302/3473/1203 4304/3474/429
f 4303/3475/430 4301/3476/431 4299/3477/432
f 4304/3478/433 4303/3475/430 4300/3479/434
f 4305/3480/435 4309/3481/436 4311/3482/437
f 4310/3483/438 4308/3484/439 4306/3485/440
f 4311/3486/441 4310/3483/438 4307/3487/442
f 4312/3488/443 4316/3489/444 4318/3490/844
f 4317/3491/446 4315/3492/447 4313/3493/448
f 4318/3494/449 4317/3491/446 4314/3495/450
f 4319/3496/1204 4323/3497/1205 4325/3498/453
f 4324/3499/454 4322/3500/455 4320/3501/456
f 4325/3502/457 4324/3499/454 4321/3503/458
f 4326/3504/459 4330/3505/1206 4332/3506/1207
f 4331/3507/462 4329/3508/463 4327/3509/464
f 4332/3510/465 4331/3507/462 4328/3511/466
f 4333/3512/467 4337/3513/1208 4339/3514/469
f 4338/3515/470 4336/3516/471 4334/3517/472
f 4339/3518/473 4338/3515/470 4335/3519/474
f 4340/3520/1209 4344/3521/1210 4346/3522/477
f 4345/3523/478 4343/3524/479 4341/3525/480
f 4346/3526/481 4345/3523/478 4342/3527/482
f 4347/3528/483 4351/3529/484 4353/3530/485
f 4352/3531/486 4350/3532/487 4348/3533/488
f 4353/3534/489 4352/3531/486 4349/3535/490
f 4354/3536/491 4358/3537/492 4360/3538/1211
f 4359/3539/1212 4357/3540/495 4355/3541/496
f 4360/3542/497 4359/3539/1212 4356/3543/498
f 4361/3544/851 4365/3545/500 4367/3546/501
f 4366/3547/502 4364/3548/503 4362/3549/504
f 4367/3550/505 4366/3547/502 4363/3551/506
f 4368/3552/852 4372/3553/1213 4374/3554/1214
f 4373/3555/510 4371/3556/511 4369/3557/512
f 4374/3558/513 4373/3555/510 4370/3559/514
f 4375/3560/515 4379/3561/855 4381/3562/1215
f 4380/3563/518 4378/3564/519 4376/3565/520
f 4381/3566/521 4380/3563/518 4377/3567/522
f 4382/3568/523 4386/3569/1216 4388/3570/525
f 4387/3571/526 4385/3572/527 4383/3573/528
f 4388/3574/529 4387/3571/526 4384/3575/530
f 4389/3576/1217 4393/3577/1218 4395/3578/1219
f 4390/3579/1220 4393/3580/1221 4392/3581/1222
f 4391/3582/1223 4393/3580/1224 4394/3583/1225
f 4396/3584/1226 4400/3585/1227 4402/3586/1228
f 4397/3587/1229 4400/3588/1230 4399/3589/1231
f 4398/3590/1232 4400/3588/1233 4401/3591/1234
f 4403/3592/1235 4407/3593/1236 4409/3594/1237
f 4404/3595/1238 4407/3596/1239 4406/3597/1240
f 4405/3598/1241 4407/3596/1242 4408/3599/1243
f 4410/3600/1244 4414/3601/1245 4416/3602/1246
f 4411/3603/1247 4414/3604/1248 4413/3605/1249
f 4412/3606/1250 4414/3604/1251 4415/3607/1252
f 4417/3608/1253 4421/3609/1254 4423/3610/1255
f 4418/3611/1256 4421/3612/1257 4420/3613/1258
f 4419/3614/1259 4421/3615/1260 4422/3616/1261
f 4424/3617/1262 4428/3618/1263 4430/3619/1264
f 4425/3620/1265 4428/3621/1266 4427/3622/1267
f 4426/3623/1268 4428/3624/1269 4429/3625/1270
f 4431/3626/1271 4435/3627/1272 4437/3628/1273
f 4432/3629/1274 4435/3630/1275 4434/3631/1276
f 4433/3632/1277 4435/3633/1278 4436/3634/1279
f 4438/3635/1280 4442/3636/1281 4444/3637/1282
f 4439/3638/1283 4442/3639/1284 4441/3640/1285
f 4440/3641/1286 4442/3642/1287 4443/3643/1288
f 4445/3644/1289 4449/3645/1290 4451/3646/1291
f 4446/3647/1292 4449/3648/1293 4448/3649/1294
f 4447/3650/1295 4449/3648/1296 4450/3651/1297
f 4452/3652/1298 4456/3653/1299 4458/3654/1300
f 4453/3655/1301 4456/3656/1302 4455/3657/1303
f 4454/3658/1304 4456/3656/1305 4457/3659/1306
f 4459/3660/1217 4463/3661/1218 4465/3662/1219
f 4460/3663/1220 4463/3664/1221 4462/3665/1222
f 4461/3666/1223 4463/3664/1224 4464/3667/1225
f 4466/3668/1226 4470/3669/1227 4472/3670/1228
f 4467/3671/1307 4470/3672/1230 4469/3673/1231
f 4468/3674/1232 4470/3672/1233 4471/3675/1234
f 4473/3676/1235 4477/3677/1308 4479/3678/1309
f 4474/3679/1238 4477/3680/1310 4476/3681/1240
f 4475/3682/1241 4477/3680/1242 4478/3683/1243
f 4480/3684/1244 4484/3685/1245 4486/3686/1311
f 4481/3687/1247 4484/3688/1248 4483/3689/1249
f 4482/3690/1250 4484/3688/1312 4485/3691/1313
f 4487/3692/1253 4491/3693/1254 4493/3694/1255
f 4488/3695/1314 4491/3696/1257 4490/3697/1315
f 4489/3698/1259 4491/3699/1260 4492/3700/1316
f 4494/3701/1262 4498/3702/1317 4500/3703/1264
f 4495/3704/1265 4498/3705/1266 4497/3706/1267
f 4496/3707/1268 4498/3708/1269 4499/3709/1270
f 4501/3710/1271 4505/3711/1272 4507/3712/1273
f 4502/3713/1274 4505/3714/1275 4504/3715/1276
f 4503/3716/1318 4505/3717/1278 4506/3718/1279
f 4508/3719/1280 4512/3720/1319 4514/3721/1282
f 4509/3722/1283 4512/3723/1284 4511/3724/1285
f 4510/3725/1286 4512/3726/1287 4513/3727/1288
f 4515/3728/1289 4519/3729/1290 4521/3730/1291
f 4516/3731/1292 4519/3732/1293 4518/3733/1320
f 4517/3734/1295 4519/3732/1296 4520/3735/1321
f 4522/3736/1298 4526/3737/1322 4528/3738/1323
f 4523/3739/1324 4526/3740/1325 4525/3741/1326
f 4524/3742/1304 4526/3740/1305 4527/3743/1306
f 4529/3744/1217 4533/3745/1218 4535/3746/1219
f 4530/3747/1220 4533/3748/1221 4532/3749/1222
f 4531/3750/1223 4533/3748/1224 4534/3751/1225
f 4536/3752/1226 4540/3753/1227 4542/3754/1228
f 4537/3755/1307 4540/3756/1230 4539/3757/1231
f 4538/3758/1327 4540/3756/1233 4541/3759/1234
f 4543/3760/1235 4547/3761/1236 4549/3762/1328
f 4544/3763/1238 4547/3764/1239 4546/3765/1329
f 4545/3766/1241 4547/3764/1242 4548/3767/1243
f 4550/3768/1244 4554/3769/1330 4556/3770/1246
f 4551/3771/1247 4554/3772/1248 4553/3773/1249
f 4552/3774/1250 4554/3772/1312 4555/3775/1313
f 4557/3776/1253 4561/3777/1331 4563/3778/1332
f 4558/3779/1256 4561/3780/1257 4560/3781/1315
f 4559/3782/1259 4561/3783/1260 4562/3784/1316
f 4564/3785/1262 4568/3786/1317 4570/3787/1264
f 4565/3788/1265 4568/3789/1266 4567/3790/1267
f 4566/3791/1268 4568/3792/1269 4569/3793/1270
f 4571/3794/1271 4575/3795/1333 4577/3796/1273
f 4572/3797/1274 4575/3798/1275 4574/3799/1334
f 4573/3800/1277 4575/3801/1278 4576/3802/1279
f 4578/3803/1280 4582/3804/1319 4584/3805/1282
f 4579/3806/1283 4582/3807/1284 4581/3808/1285
f 4580/3809/1286 4582/3810/1287 4583/3811/1288
f 4585/3812/1289 4589/3813/1290 4591/3814/1291
f 4586/3815/1292 4589/3816/1293 4588/3817/1335
f 4587/3818/1295 4589/3816/1296 4590/3819/1297
f 4592/3820/1298 4596/3821/1322 4598/3822/1336
f 4593/3823/1301 4596/3824/1325 4595/3825/1337
f 4594/3826/1304 4596/3824/1305 4597/3827/1306
f 4599/3828/1217 4603/3829/1218 4605/3830/1219
f 4600/3831/1220 4603/3832/1221 4602/3833/1222
f 4601/3834/1223 4603/3832/1224 4604/3835/1225
f 4606/3836/1226 4610/3837/1227 4612/3838/1338
f 4607/3839/1307 4610/3840/1230 4609/3841/1231
f 4608/3842/1327 4610/3840/1233 4611/3843/1234
f 4613/3844/1235 4617/3845/1236 4619/3846/1328
f 4614/3847/1238 4617/3848/1239 4616/3849/1329
f 4615/3850/1241 4617/3848/1242 4618/3851/1243
f 4620/3852/1244 4624/3853/1330 4626/3854/1246
f 4621/3855/1247 4624/3856/1248 4623/3857/1249
f 4622/3858/1250 4624/3856/1312 4625/3859/1313
f 4627/3860/1253 4631/3861/1331 4633/3862/1332
f 4628/3863/1256 4631/3864/1257 4630/3865/1315
f 4629/3866/1259 4631/3867/1260 4632/3868/1316
f 4634/3869/1262 4638/3870/1317 4640/3871/1264
f 4635/3872/1265 4638/3873/1266 4637/3874/1267
f 4636/3875/1268 4638/3876/1269 4639/3877/1270
f 4641/3878/1271 4645/3879/1333 4647/3880/1273
f 4642/3881/1274 4645/3882/1275 4644/3883/1334
f 4643/3884/1277 4645/3885/1278 4646/3886/1279
f 4648/3887/1280 4652/3888/1319 4654/3889/1282
f 4649/3890/1283 4652/3891/1284 4651/3892/1285
f 4650/3893/1286 4652/3894/1287 4653/3895/1288
f 4655/3896/1289 4659/3897/1290 4661/3898/1291
f 4656/3899/1292 4659/3900/1293 4658/3901/1335
f 4657/3902/1295 4659/3900/1296 4660/3903/1297
f 4662/3904/1298 4666/3905/1322 4668/3906/1339
f 4663/3907/1301 4666/3908/1325 4665/3909/1337
f 4664/3910/1304 4666/3908/1305 4667/3911/1306
f 4669/3912/1217 4673/3913/1218 4675/3914/1219
f 4670/3915/1220 4673/3916/1221 4672/3917/1222
f 4671/3918/1223 4673/3916/1224 4674/3919/1225
f 4676/3920/1226 4680/3921/1227 4682/3922/1340
f 4677/3923/1307 4680/3924/1230 4679/3925/1231
f 4678/3926/1232 4680/3924/1233 4681/3927/1234
f 4683/3928/1235 4687/3929/1308 4689/3930/1309
f 4684/3931/1238 4687/3932/1310 4686/3933/1240
f 4685/3934/1241 4687/3932/1242 4688/3935/1243
f 4690/3936/1244 4694/3937/1245 4696/3938/1311
f 4691/3939/1247 4694/3940/1248 4693/3941/1249
f 4692/3942/1250 4694/3940/1312 4695/3943/1252
f 4697/3944/1253 4701/3945/1254 4703/3946/1255
f 4698/3947/1314 4701/3948/1257 4700/3949/1315
f 4699/3950/1259 4701/3951/1260 4702/3952/1316
f 4704/3953/1262 4708/3954/1317 4710/3955/1341
f 4705/3956/1265 4708/3957/1266 4707/3958/1267
f 4706/3959/1268 4708/3960/1269 4709/3961/1270
f 4711/3962/1271 4715/3963/1272 4717/3964/1273
f 4712/3965/1274 4715/3966/1275 4714/3967/1276
f 4713/3968/1318 4715/3969/1278 4716/3970/1279
f 4718/3971/1280 4722/3972/1319 4724/3973/1282
f 4719/3974/1283 4722/3975/1284 4721/3976/1285
f 4720/3977/1286 4722/3978/1287 4723/3979/1288
f 4725/3980/1289 4729/3981/1342 4731/3982/1343
f 4726/3983/1292 4729/3984/1293 4728/3985/1320
f 4727/3986/1295 4729/3984/1344 4730/3987/1321
f 4732/3988/1345 4736/3989/1322 4738/3990/1336
f 4733/3991/1324 4736/3992/1325 4735/3993/1326
f 4734/3994/1304 4736/3992/1305 4737/3995/1306
f 4739/3996/1346 4743/3997/1347 4745/3998/1348
f 4744/3999/1349 4742/4000/1350 4740/4001/1351
f 4745/4002/1352 4744/3999/1349 4741/4003/1353
f 4746/4004/1354 4750/4005/1355 4752/4006/1356
f 4751/4007/1357 4749/4008/1358 4747/4009/1359
f 4752/4010/1360 4751/4007/1357 4748/4011/1361
f 4753/4012/1362 4757/4013/1363 4759/4014/1364
f 4758/4015/1365 4756/4016/1366 4754/4017/1367
f 4759/4018/1368 4758/4015/1365 4755/4019/1369
f 4760/4020/1370 4764/4021/1371 4766/4022/1372
f 4765/4023/1373 4763/4024/1374 4761/4025/1375
f 4766/4026/1376 4765/4027/1373 4762/4028/1377
f 4767/4029/1378 4771/4030/1379 4773/4031/1380
f 4772/4032/1381 4770/4033/1382 4768/4034/1383
f 4773/4035/1384 4772/4032/1381 4769/4036/1385
f 4774/4037/1386 4778/4038/1387 4780/4039/1388
f 4779/4040/1389 4777/4041/1390 4775/4042/1391
f 4780/4043/1392 4779/4040/1389 4776/4044/1393
f 4781/4045/1394 4785/4046/1395 4787/4047/1396
f 4786/4048/1397 4784/4049/1398 4782/4050/1399
f 4787/4051/1400 4786/4048/1397 4783/4052/1401
f 4788/4053/1402 4792/4054/1403 4794/4055/1404
f 4793/4056/1405 4791/4057/1406 4789/4058/1407
f 4794/4059/1408 4793/4056/1405 4790/4060/1409
f 4795/4061/1410 4799/4062/1411 4801/4063/1412
f 4800/4064/1413 4798/4065/1414 4796/4066/1415
f 4801/4067/1416 4800/4068/1413 4797/4069/1417
f 4802/4070/1418 4806/4071/1419 4808/4072/1420
f 4807/4073/1421 4805/4074/1422 4803/4075/1423
f 4808/4076/1424 4807/4077/1421 4804/4078/1425
f 4809/4079/1426 4813/4080/1427 4815/4081/1428
f 4814/4082/1429 4812/4083/1430 4810/4084/1431
f 4815/4085/1432 4814/4082/1429 4811/4086/1433
f 4816/4087/1434 4820/4088/1435 4822/4089/1436
f 4821/4090/1437 4819/4091/1438 4817/4092/1439
f 4822/4093/1440 4821/4090/1437 4818/4094/1441
f 4823/4095/1442 4827/4096/1443 4829/4097/1444
f 4828/4098/1445 4826/4099/1446 4824/4100/1447
f 4829/4101/1448 4828/4102/1445 4825/4103/1449
f 4830/4104/1450 4834/4105/1451 4836/4106/1452
f 4835/4107/1453 4833/4108/1454 4831/4109/1455
f 4836/4110/1456 4835/4111/1453 4832/4112/1457
f 4837/4113/1458 4841/4114/1459 4843/4115/1460
f 4842/4116/1461 4840/4117/1462 4838/4118/1463
f 4843/4119/1464 4842/4116/1461 4839/4120/1465
f 4844/4121/1466 4848/4122/1467 4850/4123/1468
f 4849/4124/1469 4847/4125/1470 4845/4126/1471
f 4850/4127/1472 4849/4124/1469 4846/4128/1473
f 4851/4129/1474 4855/4130/1475 4857/4131/1476
f 4856/4132/1477 4854/4133/1478 4852/4134/1479
f 4857/4135/1480 4856/4132/1477 4853/4136/1481
f 4858/4137/1482 4862/4138/1483 4864/4139/1484
f 4863/4140/1485 4861/4141/1486 4859/4142/1487
f 4864/4143/1488 4863/4140/1485 4860/4144/1489
f 4865/4145/1490 4869/4146/1491 4871/4147/1492
f 4870/4148/1493 4868/4149/1494 4866/4150/1495
f 4871/4151/1496 4870/4152/1493 4867/4153/1497
f 4872/4154/1498 4876/4155/1499 4878/4156/1500
f 4877/4157/1501 4875/4158/1502 4873/4159/1503
f 4878/4160/1504 4877/4161/1501 4874/4162/1505
f 4879/4163/1506 4885/4164/13 4889/4165/1507
f 4880/4166/1508 4885/4164/13 4884/4167/1509
f 4881/4168/1510 4885/4164/13 4886/4169/1511
f 4882/4170/1512 4885/4164/13 4887/4171/1513
f 4883/4172/1514 4885/4164/13 4888/4173/1515
f 4890/4174/1516 4896/4175/1517 4900/4176/1518
f 4891/4177/1519 4896/4175/1517 4895/4178/1520
f 4892/4179/1521 4896/4175/1517 4897/4180/1522
f 4893/4181/1523 4896/4182/1517 4898/4183/1524
f 4894/4184/1525 4896/4185/1517 4899/4186/1526
f 4901/4187/1527 4907/4188/1528 4911/4189/1529
f 4902/4190/1530 4907/4188/1528 4906/4191/1531
f 4903/4192/1532 4907/4188/1528 4908/4193/1533
f 4904/4194/1534 4907/4188/1528 4909/4195/1535
f 4905/4196/1536 4907/4188/1528 4910/4197/1537
f 4912/4198/1538 4918/4199/1539 4922/4200/1540
f 4913/4201/1541 4918/4199/1539 4917/4202/1542
f 4914/4203/1543 4918/4199/1539 4919/4204/1544
f 4915/4205/1545 4918/4199/1539 4920/4206/1546
f 4916/4207/1547 4918/4199/1539 4921/4208/1548
f 4923/4209/1549 4929/4210/1550 4933/4211/1551
f 4924/4212/1552 4929/4210/1550 4928/4213/1553
f 4925/4214/1554 4929/4210/1550 4930/4215/1555
f 4926/4216/1556 4929/4210/1550 4931/4217/1557
f 4927/4218/1558 4929/4210/1550 4932/4219/1559
f 4934/4220/1560 4940/4221/1561 4944/4222/1562
f 4935/4223/1563 4940/4221/1561 4939/4224/1564
f 4936/4225/1565 4940/4226/1561 4941/4227/1566
f 4937/4228/1567 4940/4229/1561 4942/4230/1568
f 4938/4231/1569 4940/4221/1561 4943/4232/1570
f 4945/4233/1571 4951/4234/1572 4955/4235/1573
f 4946/4236/1574 4951/4234/1572 4950/4237/1575
f 4947/4238/1576 4951/4234/1572 4952/4239/1577
f 4948/4240/1578 4951/4234/1572 4953/4241/1579
f 4949/4242/1580 4951/4234/1572 4954/4243/1581
f 4956/4244/1582 4962/4245/1583 4966/4246/1584
f 4957/4247/1585 4962/4245/1583 4961/4248/1586
f 4958/4249/1587 4962/4250/1583 4963/4251/1588
f 4959/4252/1589 4962/4253/1583 4964/4254/1590
f 4960/4255/1591 4962/4245/1583 4965/4256/1592
f 4967/4257/1593 4973/4258/1594 4977/4259/1595
f 4968/4260/1596 4973/4261/1594 4972/4262/1597
f 4969/4263/1598 4973/4261/1594 4974/4264/1599
f 4970/4265/1600 4973/4261/1594 4975/4266/1601
f 4971/4267/1602 4973/4268/1594 4976/4269/1603
f 4978/4270/1604 4984/4271/1605 4988/4272/1606
f 4979/4273/1607 4984/4271/1605 4983/4274/1608
f 4980/4275/1609 4984/4271/1605 4985/4276/1610
f 4981/4277/1611 4984/4271/1605 4986/4278/1612
f 4982/4279/1613 4984/4271/1605 4987/4280/1614
f 4989/4281/1615 4995/4282/1616 4999/4283/1617
f 4990/4284/1618 4995/4282/1616 4994/4285/1619
f 4991/4286/1620 4995/4282/1616 4996/4287/1621
f 4992/4288/1622 4995/4282/1616 4997/4289/1623
f 4993/4290/1624 4995/4282/1616 4998/4291/1625
f 5000/4292/1626 5006/4293/11 5010/4294/1627
f 5001/4295/1628 5006/4293/11 5005/4296/1629
f 5002/4297/1630 5006/4293/11 5007/4298/1631
f 5003/4299/1632 5006/4293/11 5008/4300/1633
f 5004/4301/1634 5006/4293/11 5009/4302/1635
f 652/861/360 643/846/345 639/847/346
f 654/4303/1636 637/840/339 643/842/341
f 660/871/370 647/852/351 664/870/369
f 647/4304/1637 658/864/363 664/866/365
f 646/855/354 642/843/342 638/845/344
f 649/851/350 639/847/346 642/843/342
f 653/863/362 663/867/366 659/869/368
f 656/859/358 660/871/370 663/867/366
f 666/4305/376 657/862/361 653/863/362
f 668/4306/1638 651/856/355 657/858/357
f 659/4307/368 678/886/385 674/887/386
f 678/882/381 658/864/363 672/880/379
f 667/879/378 677/883/382 673/885/384
f 670/875/374 674/887/386 677/883/382
f 667/879/378 682/892/391 671/878/377
f 682/4308/1639 665/872/371 671/874/373
f 673/885/384 692/902/401 688/903/402
f 692/898/397 672/880/379 686/896/395
f 681/895/394 691/899/398 687/901/400
f 684/891/390 688/903/402 691/899/398
f 694/909/408 685/894/393 681/895/394
f 696/4309/1640 679/888/387 685/890/389
f 687/901/400 706/918/417 702/919/418
f 706/914/413 686/896/395 700/912/411
f 695/911/410 705/915/414 701/917/416
f 698/907/406 702/919/418 705/915/414
f 708/925/424 699/4310/409 695/4311/410
f 710/4312/1641 693/904/403 699/906/405
f 701/917/416 720/4313/433 716/4314/434
f 720/930/429 700/912/411 714/928/427
f 709/927/426 719/931/430 715/933/432
f 712/923/422 716/935/434 719/931/430
f 709/927/426 724/940/439 713/926/425
f 713/922/421 721/936/435 707/920/419
f 715/933/432 734/950/449 730/951/450
f 717/4315/1642 728/944/443 734/946/445
f 723/943/442 733/947/446 729/949/448
f 726/939/438 730/951/450 733/947/446
f 736/957/456 727/942/441 723/943/442
f 738/4316/1643 721/936/435 727/938/437
f 729/949/448 748/966/465 744/967/466
f 731/4317/1644 742/960/459 748/962/461
f 737/959/458 747/963/462 743/965/464
f 740/955/454 744/967/466 747/963/462
f 750/973/472 741/4318/457 737/4319/458
f 741/954/453 749/968/467 735/952/451
f 743/4320/464 762/982/481 758/983/482
f 745/4321/1645 756/976/475 762/978/477
f 751/975/474 761/979/478 757/981/480
f 754/971/470 758/983/482 761/979/478
f 764/989/488 755/974/473 751/975/474
f 755/970/469 763/984/483 749/968/467
f 757/981/480 776/998/497 772/999/498
f 759/4322/1646 770/992/491 776/994/493
f 765/991/490 775/995/494 771/997/496
f 768/987/486 772/999/498 775/995/494
f 778/1005/504 769/990/489 765/991/490
f 780/4323/1647 763/984/483 769/986/485
f 771/997/496 790/1014/513 786/1015/514
f 773/4324/1648 784/1008/507 790/1010/509
f 779/1007/506 789/1011/510 785/1013/512
f 782/1003/502 786/1015/514 789/1011/510
f 779/4325/506 794/1020/519 783/4326/505
f 794/4327/1649 777/1000/499 783/1002/501
f 785/4328/512 804/1030/529 800/1031/530
f 787/4329/1650 798/1024/523 804/1026/525
f 793/1023/522 803/1027/526 799/1029/528
f 796/1019/518 800/1031/530 803/1027/526
f 638/845/344 797/1022/521 793/1023/522
f 797/1018/517 637/840/339 791/1016/515
f 799/1029/528 650/854/353 646/855/354
f 801/4330/1651 644/848/347 650/850/349
f 812/4331/1652 807/4332/1653 806/4333/1654
f 813/4334/1655 805/4335/1656 807/4336/1657
f 815/4337/1658 810/4338/1659 816/4339/1660
f 810/4340/1661 814/4341/1662 816/4342/1663
f 818/4343/1664 813/4344/1665 812/4331/1652
f 819/4345/1666 811/4346/1667 813/4334/1655
f 821/4347/1668 816/4339/1660 822/4348/1669
f 816/4342/1663 820/4349/1670 822/4350/1671
f 824/4351/1672 819/4352/1673 818/4353/1664
f 819/4345/1666 823/4354/1674 817/4355/1675
f 827/4356/1676 822/4357/1669 828/4358/1677
f 822/4350/1671 826/4359/1678 828/4360/1679
f 830/4361/1680 825/4362/1681 824/4351/1672
f 825/4363/1682 829/4364/1683 823/4354/1674
f 833/4365/1684 828/4358/1677 834/4366/1685
f 828/4360/1679 832/4367/1686 834/4368/1687
f 836/4369/1688 831/4370/1689 830/4361/1680
f 831/4371/1690 835/4372/1691 829/4364/1683
f 833/4365/1684 840/4373/1692 839/4374/1693
f 834/4368/1687 838/4375/1694 840/4376/1695
f 842/4377/1696 837/4378/1697 836/4379/1688
f 843/4380/1698 835/4372/1691 837/4381/1699
f 839/4382/1693 846/4383/1700 845/4384/1701
f 840/4376/1695 844/4385/1702 846/4386/1703
f 848/4387/1704 843/4388/1705 842/4377/1696
f 849/4389/1706 841/4390/1707 843/4380/1698
f 845/4384/1701 852/4391/1708 851/4392/1709
f 852/4393/1710 844/4385/1702 850/4394/1711
f 848/4387/1704 855/4395/1712 849/4396/1713
f 855/4397/1714 847/4398/1715 849/4389/1706
f 857/4399/1716 852/4391/1708 858/4400/1717
f 852/4393/1710 856/4401/1718 858/4402/1719
f 860/4403/1720 855/4395/1712 854/4404/1721
f 861/4405/1722 853/4406/1723 855/4397/1714
f 857/4399/1716 864/4407/1724 863/4408/1725
f 864/4409/1726 856/4401/1718 862/4410/1727
f 866/4411/1728 861/4412/1729 860/4413/1720
f 867/4414/1730 859/4415/1731 861/4405/1722
f 869/4416/1732 864/4417/1724 870/4418/1733
f 870/4419/1734 862/4410/1727 868/4420/1735
f 872/4421/1736 867/4422/1737 866/4411/1728
f 873/4423/1738 865/4424/1739 867/4414/1730
f 869/4416/1732 876/4425/1740 875/4426/1741
f 870/4419/1734 874/4427/1742 876/4428/1743
f 878/4429/1744 873/4430/1745 872/4421/1736
f 879/4431/1746 871/4432/1747 873/4423/1738
f 875/4426/1741 882/4433/1748 881/4434/1749
f 882/4435/1750 874/4427/1742 880/4436/1751
f 878/4437/1744 885/4438/1752 879/4439/1753
f 885/4440/1754 877/4441/1755 879/4431/1746
f 881/4442/1749 888/4443/1756 887/4444/1757
f 882/4435/1750 886/4445/1758 888/4446/1759
f 884/4447/1760 807/4332/1653 885/4438/1752
f 885/4440/1754 805/4335/1656 883/4448/1761
f 887/4444/1757 810/4338/1659 809/4449/1762
f 888/4446/1759 808/4450/1763 810/4340/1661
f 889/1032/531 906/4451/1764 903/1050/549
f 906/1055/554 891/1038/537 904/1053/552
f 896/1041/540 894/4452/1765 890/1035/534
f 894/1040/539 898/1047/546 891/1038/537
f 910/1059/558 901/4453/1766 897/1044/543
f 916/4454/1767 898/1047/546 901/1049/548
f 905/1056/555 915/4455/1768 911/1062/561
f 908/4456/1769 912/1065/564 915/1067/566
f 903/1050/549 934/4457/1770 931/1086/585
f 909/4458/1771 932/1089/588 934/1091/590
f 938/1095/594 913/4459/1772 910/1059/558
f 944/4460/1773 911/1062/561 913/1064/563
f 939/1098/597 936/1094/593 943/4461/1774
f 936/4462/1775 940/1101/600 943/1103/602
f 931/1086/585 920/4463/1776 917/1068/567
f 920/1073/572 933/1092/591 918/1071/570
f 924/1077/576 941/4464/1777 938/1095/594
f 941/1100/599 926/1083/582 939/1098/597
f 925/1080/579 922/1076/575 929/4465/1778
f 922/4466/1779 926/1083/582 929/1085/584
f 917/1068/567 892/4467/1780 889/1032/531
f 923/4468/1781 890/1035/534 892/1037/536
f 897/1044/543 927/4469/1782 924/1077/576
f 899/4470/1783 925/1080/579 927/1082/581
f 952/4471/1652 947/4472/1653 946/4473/1654
f 953/4474/1655 945/4475/1656 947/4476/1784
f 949/4477/1762 956/4478/1785 955/4479/1658
f 956/4480/1663 948/4481/1763 954/4482/1662
f 958/4483/1664 953/4484/1665 952/4471/1652
f 959/4485/1786 951/4486/1667 953/4474/1655
f 955/4479/1658 962/4487/1787 961/4488/1668
f 962/4489/1788 954/4482/1662 960/4490/1670
f 964/4491/1672 959/4492/1673 958/4493/1664
f 965/4494/1789 957/4495/1675 959/4485/1786
f 961/4496/1668 968/4497/1677 967/4498/1676
f 962/4489/1788 966/4499/1790 968/4500/1679
f 970/4501/1680 965/4502/1681 964/4491/1672
f 971/4503/1791 963/4504/1674 965/4494/1789
f 967/4498/1676 974/4505/1792 973/4506/1684
f 968/4500/1679 972/4507/1793 974/4508/1794
f 976/4509/1688 971/4510/1689 970/4501/1680
f 977/4511/1795 969/4512/1796 971/4503/1791
f 973/4506/1684 980/4513/1692 979/4514/1693
f 974/4508/1794 978/4515/1694 980/4516/1797
f 982/4517/1696 977/4518/1697 976/4519/1688
f 977/4511/1795 981/4520/1707 975/4521/1691
f 979/4522/1693 986/4523/1700 985/4524/1701
f 980/4516/1797 984/4525/1702 986/4526/1703
f 988/4527/1704 983/4528/1705 982/4517/1696
f 989/4529/1706 981/4520/1707 983/4530/1698
f 985/4524/1701 992/4531/1708 991/4532/1709
f 986/4526/1703 990/4533/1711 992/4534/1798
f 994/4535/1721 989/4536/1713 988/4527/1704
f 989/4529/1706 993/4537/1723 987/4538/1715
f 991/4532/1709 998/4539/1799 997/4540/1716
f 992/4534/1798 996/4541/1718 998/4542/1800
f 994/4535/1721 1001/4543/1729 995/4544/1712
f 1001/4545/1801 993/4537/1723 995/4546/1802
f 997/4540/1716 1004/4547/1724 1003/4548/1725
f 998/4542/1800 1002/4549/1727 1004/4550/1726
f 1006/4551/1728 1001/4552/1729 1000/4553/1720
f 1007/4554/1803 999/4555/1731 1001/4545/1801
f 1009/4556/1732 1004/4557/1724 1010/4558/1804
f 1010/4559/1805 1002/4549/1727 1008/4560/1735
f 1012/4561/1736 1007/4562/1737 1006/4551/1728
f 1013/4563/1806 1005/4564/1807 1007/4554/1803
f 1009/4556/1732 1016/4565/1740 1015/4566/1741
f 1010/4559/1805 1014/4567/1808 1016/4568/1809
f 1012/4561/1736 1019/4569/1753 1013/4570/1745
f 1013/4563/1806 1017/4571/1755 1011/4572/1747
f 1015/4566/1741 1022/4573/1810 1021/4574/1749
f 1016/4568/1809 1020/4575/1751 1022/4576/1811
f 1024/4577/1760 1019/4578/1753 1018/4579/1744
f 1025/4580/1812 1017/4571/1755 1019/4581/1746
f 1021/4582/1749 1028/4583/1813 1027/4584/1757
f 1022/4576/1811 1026/4585/1758 1028/4586/1759
f 1024/4577/1760 947/4472/1653 1025/4587/1752
f 947/4476/1784 1023/4588/1761 1025/4580/1812
f 1027/4584/1757 950/4589/1814 949/4477/1762
f 950/4590/1815 1026/4585/1758 948/4481/1763
f 1036/4591/1652 1031/4592/1653 1030/4593/1654
f 1031/4594/1784 1035/4595/1667 1029/4596/1656
f 1033/4597/1762 1040/4598/1785 1039/4599/1658
f 1034/4600/1815 1038/4601/1662 1040/4602/1816
f 1036/4591/1652 1043/4603/1673 1037/4604/1665
f 1043/4605/1786 1035/4595/1667 1037/4606/1817
f 1039/4599/1658 1046/4607/1787 1045/4608/1668
f 1040/4602/1816 1044/4609/1670 1046/4610/1671
f 1048/4611/1672 1043/4612/1673 1042/4613/1664
f 1049/4614/1682 1041/4615/1675 1043/4605/1786
f 1051/4616/1676 1046/4617/1787 1052/4618/1677
f 1052/4619/1818 1044/4609/1670 1050/4620/1678
f 1054/4621/1680 1049/4622/1681 1048/4611/1672
f 1055/4623/1819 1047/4624/1674 1049/4614/1682
f 1051/4616/1676 1058/4625/1792 1057/4626/1684
f 1052/4619/1818 1056/4627/1793 1058/4628/1794
f 1054/4621/1680 1061/4629/1697 1055/4630/1689
f 1055/4623/1819 1059/4631/1691 1053/4632/1796
f 1057/4626/1684 1064/4633/1692 1063/4634/1693
f 1058/4628/1794 1062/4635/1694 1064/4636/1797
f 1066/4637/1696 1061/4638/1697 1060/4639/1688
f 1067/4640/1820 1059/4631/1691 1061/4641/1795
f 1063/4642/1693 1070/4643/1700 1069/4644/1701
f 1064/4636/1797 1068/4645/1702 1070/4646/1703
f 1066/4637/1696 1073/4647/1713 1067/4648/1705
f 1073/4649/1706 1065/4650/1707 1067/4640/1820
f 1069/4644/1701 1076/4651/1708 1075/4652/1709
f 1076/4653/1798 1068/4645/1702 1074/4654/1711
f 1078/4655/1721 1073/4647/1713 1072/4656/1704
f 1079/4657/1714 1071/4658/1715 1073/4649/1706
f 1075/4652/1709 1082/4659/1799 1081/4660/1716
f 1082/4661/1719 1074/4654/1711 1080/4662/1718
f 1084/4663/1720 1079/4664/1712 1078/4655/1721
f 1085/4665/1801 1077/4666/1723 1079/4657/1714
f 1081/4660/1716 1088/4667/1724 1087/4668/1725
f 1088/4669/1821 1080/4662/1718 1086/4670/1727
f 1090/4671/1728 1085/4672/1729 1084/4673/1720
f 1091/4674/1822 1083/4675/1731 1085/4665/1801
f 1087/4676/1725 1094/4677/1804 1093/4678/1732
f 1088/4669/1821 1092/4679/1823 1094/4680/1734
f 1096/4681/1736 1091/4682/1737 1090/4671/1728
f 1097/4683/1738 1089/4684/1739 1091/4674/1822
f 1093/4678/1732 1100/4685/1740 1099/4686/1741
f 1094/4680/1734 1098/4687/1808 1100/4688/1809
f 1102/4689/1744 1097/4690/1745 1096/4681/1736
f 1103/4691/1746 1095/4692/1747 1097/4683/1738
f 1099/4686/1741 1106/4693/1810 1105/4694/1749
f 1100/4688/1809 1104/4695/1751 1106/4696/1811
f 1108/4697/1760 1103/4698/1753 1102/4699/1744
f 1103/4691/1746 1107/4700/1761 1101/4701/1755
f 1105/4702/1749 1112/4703/1813 1111/4704/1757
f 1106/4696/1811 1110/4705/1758 1112/4706/1759
f 1030/4593/1654 1109/4707/1752 1108/4697/1760
f 1031/4594/1784 1107/4700/1761 1109/4708/1754
f 1111/4704/1757 1034/4709/1814 1033/4597/1762
f 1112/4706/1759 1032/4710/1763 1034/4600/1815
f 1120/4711/1652 1115/4712/1653 1114/4713/1654
f 1121/4714/1655 1113/4715/1656 1115/4716/1784
f 1123/4717/1658 1118/4718/1814 1124/4719/1785
f 1118/4720/1815 1122/4721/1662 1124/4722/1816
f 1126/4723/1664 1121/4724/1665 1120/4711/1652
f 1121/4714/1655 1125/4725/1675 1119/4726/1667
f 1123/4717/1658 1130/4727/1787 1129/4728/1668
f 1124/4722/1816 1128/4729/1670 1130/4730/1671
f 1132/4731/1672 1127/4732/1673 1126/4733/1664
f 1133/4734/1682 1125/4725/1675 1127/4735/1666
f 1129/4736/1668 1136/4737/1677 1135/4738/1676
f 1136/4739/1824 1128/4729/1670 1134/4740/1790
f 1132/4731/1672 1139/4741/1689 1133/4742/1681
f 1139/4743/1791 1131/4744/1674 1133/4734/1682
f 1135/4738/1676 1142/4745/1792 1141/4746/1684
f 1142/4747/1794 1134/4740/1790 1140/4748/1686
f 1144/4749/1688 1139/4741/1689 1138/4750/1680
f 1139/4743/1791 1143/4751/1691 1137/4752/1796
f 1141/4746/1684 1148/4753/1692 1147/4754/1693
f 1142/4747/1794 1146/4755/1694 1148/4756/1695
f 1150/4757/1696 1145/4758/1697 1144/4759/1688
f 1151/4760/1698 1143/4751/1691 1145/4761/1699
f 1147/4762/1693 1154/4763/1700 1153/4764/1701
f 1148/4756/1695 1152/4765/1702 1154/4766/1703
f 1156/4767/1704 1151/4768/1705 1150/4757/1696
f 1151/4760/1698 1155/4769/1715 1149/4770/1707
f 1159/4771/1709 1154/4763/1700 1160/4772/1708
f 1154/4766/1703 1158/4773/1711 1160/4774/1798
f 1156/4767/1704 1163/4775/1712 1157/4776/1713
f 1163/4777/1714 1155/4769/1715 1157/4778/1706
f 1159/4771/1709 1166/4779/1799 1165/4780/1716
f 1160/4774/1798 1164/4781/1718 1166/4782/1719
f 1168/4783/1720 1163/4775/1712 1162/4784/1721
f 1163/4777/1714 1167/4785/1731 1161/4786/1723
f 1165/4780/1716 1172/4787/1724 1171/4788/1725
f 1166/4782/1719 1170/4789/1727 1172/4790/1821
f 1174/4791/1728 1169/4792/1729 1168/4793/1720
f 1175/4794/1803 1167/4785/1731 1169/4795/1722
f 1177/4796/1732 1172/4797/1724 1178/4798/1804
f 1178/4799/1805 1170/4789/1727 1176/4800/1735
f 1180/4801/1736 1175/4802/1737 1174/4791/1728
f 1181/4803/1738 1173/4804/1807 1175/4794/1803
f 1177/4796/1732 1184/4805/1740 1183/4806/1741
f 1178/4799/1805 1182/4807/1742 1184/4808/1743
f 1186/4809/1744 1181/4810/1745 1180/4801/1736
f 1181/4803/1738 1185/4811/1755 1179/4812/1747
f 1183/4806/1741 1190/4813/1810 1189/4814/1749
f 1190/4815/1825 1182/4807/1742 1188/4816/1751
f 1192/4817/1760 1187/4818/1753 1186/4819/1744
f 1193/4820/1754 1185/4811/1755 1187/4821/1826
f 1195/4822/1757 1190/4823/1810 1196/4824/1813
f 1190/4815/1825 1194/4825/1758 1196/4826/1759
f 1192/4817/1760 1115/4712/1653 1193/4827/1752
f 1115/4716/1784 1191/4828/1761 1193/4820/1754
f 1195/4822/1757 1118/4718/1814 1117/4829/1762
f 1196/4826/1759 1116/4830/1763 1118/4720/1815
f 1204/4831/1652 1199/4832/1653 1198/4833/1654
f 1199/4834/1784 1203/4835/1667 1197/4836/1656
f 1207/4837/1658 1202/4838/1814 1208/4839/1785
f 1202/4840/1815 1206/4841/1662 1208/4842/1816
f 1204/4831/1652 1211/4843/1673 1205/4844/1665
f 1205/4845/1655 1209/4846/1675 1203/4835/1667
f 1207/4837/1658 1214/4847/1787 1213/4848/1668
f 1208/4842/1816 1212/4849/1670 1214/4850/1671
f 1216/4851/1672 1211/4852/1673 1210/4853/1664
f 1217/4854/1682 1209/4846/1675 1211/4855/1666
f 1213/4856/1668 1220/4857/1677 1219/4858/1676
f 1220/4859/1818 1212/4849/1670 1218/4860/1790
f 1222/4861/1680 1217/4862/1681 1216/4851/1672
f 1223/4863/1791 1215/4864/1674 1217/4854/1682
f 1219/4858/1676 1226/4865/1792 1225/4866/1684
f 1220/4859/1818 1224/4867/1686 1226/4868/1687
f 1228/4869/1688 1223/4870/1689 1222/4861/1680
f 1223/4863/1791 1227/4871/1691 1221/4872/1796
f 1225/4866/1684 1232/4873/1692 1231/4874/1693
f 1226/4868/1687 1230/4875/1694 1232/4876/1827
f 1228/4877/1688 1235/4878/1705 1229/4879/1697
f 1235/4880/1698 1227/4871/1691 1229/4881/1699
f 1231/4882/1693 1238/4883/1700 1237/4884/1701
f 1238/4885/1703 1230/4875/1694 1236/4886/1702
f 1240/4887/1704 1235/4878/1705 1234/4888/1696
f 1241/4889/1706 1233/4890/1707 1235/4880/1698
f 1243/4891/1709 1238/4883/1700 1244/4892/1708
f 1238/4885/1703 1242/4893/1711 1244/4894/1798
f 1246/4895/1721 1241/4896/1713 1240/4887/1704
f 1247/4897/1714 1239/4898/1715 1241/4889/1706
f 1249/4899/1716 1244/4892/1708 1250/4900/1799
f 1244/4894/1798 1248/4901/1718 1250/4902/1719
f 1246/4895/1721 1253/4903/1729 1247/4904/1712
f 1253/4905/1722 1245/4906/1723 1247/4897/1714
f 1249/4899/1716 1256/4907/1724 1255/4908/1725
f 1250/4902/1719 1254/4909/1727 1256/4910/1726
f 1252/4911/1720 1259/4912/1737 1253/4913/1729
f 1259/4914/1803 1251/4915/1731 1253/4905/1722
f 1255/4916/1725 1262/4917/1804 1261/4918/1732
f 1262/4919/1734 1254/4909/1727 1260/4920/1735
f 1264/4921/1736 1259/4912/1737 1258/4922/1728
f 1265/4923/1738 1257/4924/1807 1259/4914/1803
f 1261/4918/1732 1268/4925/1740 1267/4926/1741
f 1262/4919/1734 1266/4927/1742 1268/4928/1828
f 1270/4929/1744 1265/4930/1745 1264/4921/1736
f 1265/4923/1738 1269/4931/1755 1263/4932/1747
f 1267/4926/1741 1274/4933/1810 1273/4934/1749
f 1268/4928/1828 1272/4935/1751 1274/4936/1825
f 1270/4937/1744 1277/4938/1752 1271/4939/1753
f 1277/4940/1754 1269/4931/1755 1271/4941/1826
f 1273/4942/1749 1280/4943/1813 1279/4944/1757
f 1274/4936/1825 1278/4945/1758 1280/4946/1759
f 1198/4833/1654 1277/4938/1752 1276/4947/1760
f 1199/4834/1784 1275/4948/1761 1277/4940/1754
f 1279/4944/1757 1202/4838/1814 1201/4949/1762
f 1202/4840/1815 1278/4945/1758 1200/4950/1763
f 1281/1104/531 1298/4951/1764 1295/1122/549
f 1287/4952/1829 1296/1125/552 1298/1127/612
f 1288/1113/540 1286/4953/1830 1282/1107/534
f 1294/4954/1831 1283/1110/537 1286/1112/604
f 1302/1131/558 1293/4955/1832 1289/1116/543
f 1308/4956/1833 1290/1119/546 1293/1121/610
f 1297/1128/555 1307/4957/1768 1303/1134/561
f 1300/4958/1769 1304/1137/564 1307/1139/566
f 1295/1122/549 1326/4959/1770 1323/1158/585
f 1326/1163/590 1297/1128/555 1324/1161/588
f 1302/1131/558 1336/1169/630 1305/4960/1834
f 1336/4961/1835 1303/1134/561 1305/1136/617
f 1325/1164/591 1335/4962/1774 1331/1170/597
f 1328/4963/1836 1332/1173/600 1335/1175/602
f 1323/1158/585 1312/4964/1776 1309/1140/567
f 1329/4965/1837 1310/1143/570 1312/1145/572
f 1316/1149/576 1333/4966/1838 1330/1167/594
f 1322/4967/1839 1331/1170/597 1333/1172/632
f 1311/1146/573 1321/4968/1840 1317/1152/579
f 1314/4969/1779 1318/1155/582 1321/1157/584
f 1309/1140/567 1284/4970/1780 1281/1104/531
f 1315/4971/1781 1282/1107/534 1284/1109/536
f 1289/1116/543 1319/4972/1841 1316/1149/576
f 1319/1154/625 1288/1113/540 1317/1152/579
f 1337/1176/531 1354/4973/1764 1351/1194/549
f 1343/4974/1829 1352/1197/552 1354/1199/612
f 1344/1185/540 1342/4975/1830 1338/1179/534
f 1350/4976/1831 1339/1182/537 1342/1184/604
f 1358/1203/558 1349/4977/1832 1345/1188/543
f 1364/4978/1833 1346/1191/546 1349/1193/610
f 1353/1200/555 1363/4979/1768 1359/1206/561
f 1356/4980/1769 1360/1209/564 1363/1211/566
f 1379/1230/585 1357/1196/551 1382/4981/1770
f 1357/4982/1771 1380/1233/588 1382/1235/590
f 1386/1239/594 1361/4983/1834 1358/1203/558
f 1361/1208/617 1388/1245/600 1359/1206/561
f 1381/1236/591 1391/4984/1774 1387/1242/597
f 1384/4985/1836 1388/1245/600 1391/1247/602
f 1379/1230/585 1368/4986/1776 1365/1212/567
f 1385/4987/1837 1366/1215/570 1368/1217/572
f 1372/1221/576 1389/4988/1838 1386/1239/594
f 1378/4989/1839 1387/1242/597 1389/1244/632
f 1367/1218/573 1377/4990/1840 1373/1224/579
f 1370/4991/1779 1374/1227/582 1377/1229/584
f 1365/1212/567 1340/4992/1780 1337/1176/531
f 1340/1181/536 1367/1218/573 1338/1179/534
f 1372/1221/576 1347/1190/608 1375/4993/1841
f 1347/4994/1842 1373/1224/579 1375/1226/625
f 1393/1248/531 1410/4995/1764 1407/1266/549
f 1399/4996/1829 1408/1269/552 1410/1271/612
f 1400/1257/540 1398/4997/1830 1394/1251/534
f 1406/4998/1831 1395/1254/537 1398/1256/604
f 1414/1275/558 1405/4999/1832 1401/1260/543
f 1420/5000/1833 1402/1263/546 1405/1265/610
f 1409/1272/555 1419/5001/1768 1415/1278/561
f 1412/5002/1769 1416/1281/564 1419/1283/566
f 1435/1302/585 1413/1268/551 1438/5003/1770
f 1413/5004/1771 1436/1305/588 1438/1307/590
f 1442/1311/594 1417/5005/1834 1414/1275/558
f 1417/1280/617 1444/1317/600 1415/1278/561
f 1437/1308/591 1447/5006/1774 1443/1314/597
f 1440/5007/1836 1444/1317/600 1447/1319/602
f 1435/1302/585 1424/5008/1776 1421/1284/567
f 1441/5009/1837 1422/1287/570 1424/1289/572
f 1428/1293/576 1445/5010/1838 1442/1311/594
f 1434/5011/1839 1443/1314/597 1445/1316/632
f 1423/1290/573 1433/5012/1840 1429/1296/579
f 1426/5013/1779 1430/1299/582 1433/1301/584
f 1421/1284/567 1396/5014/1780 1393/1248/531
f 1396/1253/536 1423/1290/573 1394/1251/534
f 1401/1260/543 1431/5015/1841 1428/1293/576
f 1403/5016/1842 1429/1296/579 1431/1298/625
f 1449/1320/531 1466/5017/1764 1463/1338/549
f 1455/5018/1829 1464/1341/552 1466/1343/612
f 1456/1329/540 1454/5019/1830 1450/1323/534
f 1462/5020/1831 1451/1326/537 1454/1328/604
f 1470/1347/558 1461/5021/1832 1457/1332/543
f 1476/5022/1833 1458/1335/546 1461/1337/610
f 1465/1344/555 1475/5023/1768 1471/1350/561
f 1468/5024/1769 1472/1353/564 1475/1355/566
f 1463/1338/549 1494/5025/1770 1491/1374/585
f 1494/1379/590 1465/1344/555 1492/1377/588
f 1498/1383/594 1473/5026/1834 1470/1347/558
f 1504/5027/1835 1471/1350/561 1473/1352/617
f 1493/1380/591 1503/5028/1774 1499/1386/597
f 1496/5029/1836 1500/1389/600 1503/1391/602
f 1491/1374/585 1480/5030/1776 1477/1356/567
f 1497/5031/1837 1478/1359/570 1480/1361/572
f 1484/1365/576 1501/5032/1838 1498/1383/594
f 1490/5033/1839 1499/1386/597 1501/1388/632
f 1479/1362/573 1489/5034/1840 1485/1368/579
f 1482/5035/1779 1486/1371/582 1489/1373/584
f 1449/1320/531 1483/1358/569 1452/5036/1780
f 1483/5037/1781 1450/1323/534 1452/1325/536
f 1457/1332/543 1487/5038/1841 1484/1365/576
f 1487/1370/625 1456/1329/540 1485/1368/579
f 1506/5039/1843 1513/5040/1844 1507/5041/1845
f 1507/5042/1846 1511/5043/1847 1505/5044/1848
f 1515/5045/1849 1510/5046/1850 1516/5047/1851
f 1516/5048/1852 1508/5049/1853 1514/5050/1854
f 1518/5051/1855 1513/5040/1844 1512/5052/1856
f 1519/5053/1857 1511/5043/1847 1513/5054/1858
f 1521/5055/1859 1516/5047/1851 1522/5056/1860
f 1522/5057/1861 1514/5050/1854 1520/5058/1862
f 1524/5059/1863 1519/5060/1864 1518/5061/1855
f 1519/5053/1857 1523/5062/1865 1517/5063/1866
f 1521/5064/1859 1528/5065/1867 1527/5066/1868
f 1522/5057/1861 1526/5067/1869 1528/5068/1870
f 1530/5069/1871 1525/5070/1872 1524/5059/1863
f 1531/5071/1873 1523/5062/1865 1525/5072/1874
f 1527/5066/1868 1534/5073/1875 1533/5074/1876
f 1528/5068/1870 1532/5075/1877 1534/5076/1878
f 1536/5077/1879 1531/5078/1880 1530/5069/1871
f 1537/5079/1881 1529/5080/1882 1531/5071/1873
f 1533/5074/1876 1540/5081/1883 1539/5082/1884
f 1540/5083/1885 1532/5075/1877 1538/5084/1886
f 1536/5085/1879 1543/5086/1887 1537/5087/1888
f 1537/5079/1881 1541/5088/1889 1535/5089/1890
f 1539/5090/1884 1546/5091/1891 1545/5092/1892
f 1540/5083/1885 1544/5093/1893 1546/5094/1894
f 1548/5095/1895 1543/5086/1887 1542/5096/1896
f 1549/5097/1897 1541/5088/1889 1543/5098/1898
f 1545/5092/1892 1552/5099/1899 1551/5100/1900
f 1546/5094/1894 1550/5101/1901 1552/5102/1902
f 1554/5103/1903 1549/5104/1904 1548/5095/1895
f 1555/5105/1905 1547/5106/1906 1549/5097/1897
f 1551/5100/1900 1558/5107/1907 1557/5108/1908
f 1552/5102/1902 1556/5109/1909 1558/5110/1910
f 1560/5111/1911 1555/5112/1912 1554/5103/1903
f 1555/5105/1905 1559/5113/1913 1553/5114/1914
f 1557/5108/1908 1564/5115/1915 1563/5116/1916
f 1564/5117/1917 1556/5109/1909 1562/5118/1918
f 1560/5119/1911 1567/5120/1919 1561/5121/1920
f 1561/5122/1921 1565/5123/1922 1559/5113/1913
f 1563/5124/1916 1570/5125/1923 1569/5126/1924
f 1564/5117/1917 1568/5127/1925 1570/5128/1926
f 1572/5129/1927 1567/5120/1919 1566/5130/1928
f 1567/5131/1929 1571/5132/1930 1565/5123/1922
f 1569/5126/1924 1576/5133/1931 1575/5134/1932
f 1570/5128/1926 1574/5135/1933 1576/5136/1934
f 1578/5137/1935 1573/5138/1936 1572/5129/1927
f 1573/5139/1937 1577/5140/1938 1571/5132/1930
f 1581/5141/1939 1576/5133/1931 1582/5142/1940
f 1582/5143/1941 1574/5135/1933 1580/5144/1942
f 1584/5145/1943 1579/5146/1944 1578/5147/1935
f 1579/5148/1945 1583/5149/1946 1577/5140/1938
f 1587/5150/1947 1582/5151/1940 1588/5152/1948
f 1582/5143/1941 1586/5153/1949 1588/5154/1950
f 1506/5039/1843 1585/5155/1951 1584/5145/1943
f 1585/5156/1952 1505/5044/1848 1583/5149/1946
f 1587/5150/1947 1510/5046/1850 1509/5157/1953
f 1510/5158/1954 1586/5153/1949 1508/5049/1853
f 1596/5159/1955 1591/5160/1956 1590/5161/1957
f 1597/5162/1958 1589/5163/1959 1591/5164/1960
f 1599/5165/1961 1594/5166/1962 1600/5167/1963
f 1594/5168/1964 1598/5169/1965 1600/5170/1966
f 1602/5171/1967 1597/5172/1968 1596/5159/1955
f 1603/5173/1969 1595/5174/1970 1597/5162/1958
f 1599/5165/1961 1606/5175/1971 1605/5176/1972
f 1606/5177/1973 1598/5169/1965 1604/5178/1974
f 1602/5179/1967 1609/5180/1975 1603/5181/1976
f 1603/5173/1969 1607/5182/1977 1601/5183/1978
f 1611/5184/1979 1606/5185/1971 1612/5186/1980
f 1606/5177/1973 1610/5187/1981 1612/5188/1982
f 1614/5189/1983 1609/5180/1975 1608/5190/1984
f 1609/5191/1985 1613/5192/1986 1607/5182/1977
f 1611/5184/1979 1618/5193/1987 1617/5194/1988
f 1612/5188/1982 1616/5195/1989 1618/5196/1990
f 1620/5197/1991 1615/5198/1992 1614/5189/1983
f 1621/5199/1993 1613/5192/1986 1615/5200/1994
f 1617/5194/1988 1624/5201/1995 1623/5202/1996
f 1624/5203/1997 1616/5195/1989 1622/5204/1998
f 1620/5205/1991 1627/5206/1999 1621/5207/2000
f 1627/5208/2001 1619/5209/2002 1621/5199/1993
f 1629/5210/2003 1624/5211/1995 1630/5212/2004
f 1630/5213/2005 1622/5204/1998 1628/5214/2006
f 1632/5215/2007 1627/5206/1999 1626/5216/2008
f 1627/5208/2001 1631/5217/2009 1625/5218/2010
f 1629/5210/2003 1636/5219/2011 1635/5220/2012
f 1636/5221/2013 1628/5214/2006 1634/5222/2014
f 1638/5223/2015 1633/5224/2016 1632/5215/2007
f 1633/5225/2017 1637/5226/2018 1631/5217/2009
f 1641/5227/2019 1636/5219/2011 1642/5228/2020
f 1642/5229/2021 1634/5222/2014 1640/5230/2022
f 1644/5231/2023 1639/5232/2024 1638/5223/2015
f 1645/5233/2025 1637/5226/2018 1639/5234/2026
f 1641/5227/2019 1648/5235/2027 1647/5236/2028
f 1642/5229/2021 1646/5237/2029 1648/5238/2030
f 1650/5239/2031 1645/5240/2032 1644/5241/2023
f 1651/5242/2033 1643/5243/2034 1645/5233/2025
f 1653/5244/2035 1648/5245/2027 1654/5246/2036
f 1654/5247/2037 1646/5237/2029 1652/5248/2038
f 1656/5249/2039 1651/5250/2040 1650/5239/2031
f 1657/5251/2041 1649/5252/2042 1651/5242/2033
f 1653/5244/2035 1660/5253/2043 1659/5254/2044
f 1654/5247/2037 1658/5255/2045 1660/5256/2046
f 1656/5249/2039 1663/5257/2047 1657/5258/2048
f 1663/5259/2049 1655/5260/2050 1657/5251/2041
f 1665/5261/2051 1660/5253/2043 1666/5262/2052
f 1660/5256/2046 1664/5263/2053 1666/5264/2054
f 1668/5265/2055 1663/5266/2047 1662/5267/2056
f 1669/5268/2057 1661/5269/2058 1663/5259/2049
f 1665/5270/2051 1672/5271/2059 1671/5272/2060
f 1666/5264/2054 1670/5273/2061 1672/5274/2062
f 1668/5265/2055 1591/5160/1956 1669/5275/2063
f 1591/5164/1960 1667/5276/2064 1669/5268/2057
f 1671/5272/2060 1594/5166/1962 1593/5277/2065
f 1594/5168/1964 1670/5273/2061 1592/5278/2066
f 1677/5279/2067 1676/5280/635 1673/5281/634
f 1676/5280/635 1678/5282/2068 1674/5283/637
f 1680/5284/2069 1679/5285/2070 1677/5279/2067
f 1679/5285/2070 1681/5286/2071 1678/5282/2068
f 1680/5284/2069 1685/5287/2072 1682/5288/2073
f 1685/5287/2072 1681/5286/2071 1682/5288/2073
f 1683/5289/2074 1689/5290/639 1685/5287/2072
f 1689/5290/639 1684/5291/2075 1685/5287/2072
f 1694/5292/2076 1693/5293/643 1690/5294/642
f 1693/5293/643 1695/5295/2077 1691/5296/645
f 1697/5297/2078 1696/5298/2079 1694/5292/2076
f 1696/5298/2079 1698/5299/2080 1695/5295/2077
f 1697/5297/2078 1702/5300/2081 1699/5301/2082
f 1702/5300/2081 1698/5299/2080 1699/5301/2082
f 1700/5302/2083 1706/5303/647 1702/5300/2081
f 1706/5303/647 1701/5304/2084 1702/5300/2081
f 1711/5305/2085 1710/5306/651 1707/5307/650
f 1710/5306/651 1712/5308/2086 1708/5309/653
f 1714/5310/2087 1713/5311/2088 1711/5305/2085
f 1713/5311/2088 1715/5312/2089 1712/5308/2086
f 1714/5310/2087 1719/5313/2090 1716/5314/2091
f 1719/5313/2090 1715/5312/2089 1716/5314/2091
f 1717/5315/2092 1723/5316/655 1719/5313/2090
f 1723/5316/655 1718/5317/2093 1719/5313/2090
f 1728/5318/2094 1727/5319/659 1724/5320/658
f 1727/5321/659 1729/5322/2095 1725/5323/661
f 1731/5324/2096 1730/5325/2097 1728/5318/2094
f 1730/5325/2097 1732/5326/2098 1729/5327/2095
f 1731/5324/2096 1736/5328/2099 1733/5329/2100
f 1736/5328/2099 1732/5326/2098 1733/5329/2100
f 1734/5330/2101 1740/5331/663 1736/5328/2099
f 1740/5331/663 1735/5332/2102 1736/5328/2099
f 1745/5333/2103 1744/5334/667 1741/5335/666
f 1744/5334/667 1746/5336/2104 1742/5337/669
f 1748/5338/2105 1747/5339/2106 1745/5333/2103
f 1747/5339/2106 1749/5340/2107 1746/5336/2104
f 1748/5338/2105 1753/5341/2108 1750/5342/48
f 1753/5341/2108 1749/5340/2107 1750/5342/48
f 1751/5343/2109 1757/5344/671 1753/5341/2108
f 1757/5344/671 1752/5345/2110 1753/5341/2108
f 1762/5346/2111 1761/5347/675 1758/5348/674
f 1761/5347/675 1763/5349/2112 1759/5350/677
f 1765/5351/2113 1764/5352/2114 1762/5346/2111
f 1764/5352/2114 1766/5353/2115 1763/5349/2112
f 1765/5351/2113 1770/5354/2116 1767/5355/2117
f 1770/5354/2116 1766/5353/2115 1767/5355/2117
f 1768/5356/2118 1774/5357/679 1770/5354/2116
f 1774/5357/679 1769/5358/2119 1770/5354/2116
f 1779/5359/2120 1778/5360/683 1775/5361/682
f 1778/5360/683 1780/5362/2121 1776/5363/685
f 1782/5364/2122 1781/5365/2123 1779/5359/2120
f 1781/5365/2123 1783/5366/2124 1780/5362/2121
f 1782/5364/2122 1787/5367/2125 1784/5368/2126
f 1787/5367/2125 1783/5366/2124 1784/5368/2126
f 1785/5369/2127 1791/5370/687 1787/5367/2125
f 1791/5370/687 1786/5371/2128 1787/5367/2125
f 1796/5372/2129 1795/5373/691 1792/5374/690
f 1795/5373/691 1797/5375/2130 1793/5376/693
f 1799/5377/2131 1798/5378/2132 1796/5372/2129
f 1798/5378/2132 1800/5379/2133 1797/5375/2130
f 1799/5377/2131 1804/5380/2134 1801/5381/2135
f 1804/5380/2134 1800/5379/2133 1801/5381/2135
f 1802/5382/2136 1808/5383/695 1804/5380/2134
f 1808/5383/695 1803/5384/2137 1804/5380/2134
f 1813/5385/2138 1812/5386/699 1809/5387/698
f 1812/5386/699 1814/5388/2139 1810/5389/701
f 1816/5390/2140 1815/5391/2141 1813/5385/2138
f 1815/5391/2141 1817/5392/2142 1814/5388/2139
f 1816/5390/2140 1821/5393/2143 1818/5394/2144
f 1821/5393/2143 1817/5392/2142 1818/5394/2144
f 1819/5395/2145 1825/5396/703 1821/5393/2143
f 1825/5396/703 1820/5397/2146 1821/5393/2143
f 1830/5398/2147 1829/5399/707 1826/5400/706
f 1829/5399/707 1831/5401/2148 1827/5402/709
f 1833/5403/2149 1832/5404/2150 1830/5398/2147
f 1832/5404/2150 1834/5405/2151 1831/5401/2148
f 1833/5403/2149 1838/5406/2152 1835/5407/4
f 1838/5406/2152 1834/5405/2151 1835/5407/4
f 1836/5408/2153 1842/5409/711 1838/5406/2152
f 1842/5409/711 1837/5410/2154 1838/5406/2152
f 1847/5411/2067 1846/5412/635 1843/5413/634
f 1846/5412/635 1848/5414/2068 1844/5415/637
f 1850/5416/2069 1849/5417/2070 1847/5411/2067
f 1849/5417/2070 1851/5418/2071 1848/5414/2068
f 1850/5416/2069 1855/5419/2072 1852/5420/2073
f 1855/5419/2072 1851/5418/2071 1852/5420/2073
f 1853/5421/2074 1859/5422/639 1855/5419/2072
f 1859/5422/639 1854/5423/2075 1855/5419/2072
f 1864/5424/2076 1863/5425/643 1860/5426/714
f 1863/5425/643 1865/5427/2077 1861/5428/645
f 1867/5429/2078 1866/5430/2079 1864/5424/2076
f 1866/5430/2079 1868/5431/2080 1865/5427/2077
f 1867/5429/2078 1872/5432/2081 1869/5433/2082
f 1872/5432/2081 1868/5431/2080 1869/5433/2082
f 1870/5434/2083 1876/5435/647 1872/5432/2081
f 1876/5435/647 1871/5436/2084 1872/5432/2081
f 1881/5437/2085 1880/5438/651 1877/5439/650
f 1880/5438/651 1882/5440/2086 1878/5441/653
f 1884/5442/2087 1883/5443/2088 1881/5437/2085
f 1883/5443/2088 1885/5444/2089 1882/5440/2086
f 1884/5442/2087 1889/5445/2090 1886/5446/2091
f 1889/5445/2090 1885/5444/2089 1886/5446/2091
f 1887/5447/2092 1893/5448/655 1889/5445/2090
f 1893/5448/655 1888/5449/2093 1889/5445/2090
f 1898/5450/2094 1897/5451/659 1894/5452/658
f 1897/5453/659 1899/5454/2095 1895/5455/661
f 1901/5456/2096 1900/5457/2097 1898/5450/2094
f 1900/5457/2097 1902/5458/2098 1899/5459/2095
f 1901/5456/2096 1906/5460/2099 1903/5461/2100
f 1906/5460/2099 1902/5458/2098 1903/5461/2100
f 1904/5462/2101 1910/5463/663 1906/5460/2099
f 1910/5463/663 1905/5464/2102 1906/5460/2099
f 1915/5465/2103 1914/5466/667 1911/5467/666
f 1914/5466/667 1916/5468/2155 1912/5469/669
f 1918/5470/2105 1917/5471/2106 1915/5465/2103
f 1917/5471/2106 1919/5472/2107 1916/5468/2155
f 1918/5470/2105 1923/5473/2108 1920/5474/48
f 1923/5473/2108 1919/5472/2107 1920/5474/48
f 1921/5475/2109 1927/5476/671 1923/5473/2108
f 1927/5476/671 1922/5477/2110 1923/5473/2108
f 1932/5478/2111 1931/5479/675 1928/5480/674
f 1931/5479/675 1933/5481/2112 1929/5482/677
f 1935/5483/2113 1934/5484/2114 1932/5478/2111
f 1934/5484/2114 1936/5485/2115 1933/5481/2112
f 1935/5483/2113 1940/5486/2116 1937/5487/2117
f 1940/5486/2116 1936/5485/2115 1937/5487/2117
f 1938/5488/2118 1944/5489/679 1940/5486/2116
f 1944/5489/679 1939/5490/2119 1940/5486/2116
f 1949/5491/2120 1948/5492/683 1945/5493/716
f 1948/5492/683 1950/5494/2121 1946/5495/685
f 1952/5496/2122 1951/5497/2123 1949/5491/2120
f 1951/5497/2123 1953/5498/2124 1950/5494/2121
f 1952/5496/2122 1957/5499/2125 1954/5500/2126
f 1957/5499/2125 1953/5498/2124 1954/5500/2126
f 1955/5501/2127 1961/5502/687 1957/5499/2125
f 1961/5502/687 1956/5503/2128 1957/5499/2125
f 1966/5504/2129 1965/5505/691 1962/5506/690
f 1965/5505/691 1967/5507/2130 1963/5508/717
f 1969/5509/2131 1968/5510/2132 1966/5504/2129
f 1968/5510/2132 1970/5511/2133 1967/5507/2130
f 1969/5509/2131 1974/5512/2134 1971/5513/2135
f 1974/5512/2134 1970/5511/2133 1971/5513/2135
f 1972/5514/2136 1978/5515/695 1974/5512/2134
f 1978/5515/695 1973/5516/2137 1974/5512/2134
f 1983/5517/2138 1982/5518/699 1979/5519/698
f 1982/5518/699 1984/5520/2139 1980/5521/701
f 1986/5522/2140 1985/5523/2141 1983/5517/2138
f 1985/5523/2141 1987/5524/2142 1984/5520/2139
f 1986/5522/2140 1991/5525/2143 1988/5526/2144
f 1991/5525/2143 1987/5524/2142 1988/5526/2144
f 1989/5527/2145 1995/5528/703 1991/5525/2143
f 1995/5528/703 1990/5529/2146 1991/5525/2143
f 2000/5530/2147 1999/5531/707 1996/5532/706
f 1999/5531/707 2001/5533/2148 1997/5534/709
f 2003/5535/2149 2002/5536/2150 2000/5530/2147
f 2002/5536/2150 2004/5537/2151 2001/5533/2148
f 2003/5535/2149 2008/5538/2152 2005/5539/4
f 2008/5538/2152 2004/5537/2151 2005/5539/4
f 2006/5540/2153 2012/5541/711 2008/5538/2152
f 2012/5541/711 2007/5542/2154 2008/5538/2152
f 2020/5543/2156 2015/5544/2157 2014/5545/2158
f 2015/5546/2159 2019/5547/2160 2013/5548/2161
f 2023/5549/2162 2018/5550/2163 2024/5551/2164
f 2018/5552/2165 2022/5553/2166 2024/5554/2167
f 2026/5555/2168 2021/5556/2169 2020/5543/2156
f 2027/5557/2170 2019/5547/2160 2021/5558/2171
f 2023/5549/2162 2030/5559/2172 2029/5560/2173
f 2030/5561/2174 2022/5553/2166 2028/5562/2175
f 2032/5563/2176 2027/5564/2177 2026/5565/2168
f 2033/5566/2178 2025/5567/2179 2027/5557/2170
f 2035/5568/2180 2030/5569/2172 2036/5570/2181
f 2030/5561/2174 2034/5571/2182 2036/5572/2183
f 2038/5573/2184 2033/5574/2185 2032/5563/2176
f 2039/5575/2186 2031/5576/2187 2033/5566/2178
f 2035/5568/2180 2042/5577/2188 2041/5578/2189
f 2036/5572/2183 2040/5579/2190 2042/5580/2191
f 2038/5573/2184 2045/5581/2192 2039/5582/2193
f 2039/5575/2186 2043/5583/2194 2037/5584/2195
f 2041/5578/2189 2048/5585/2196 2047/5586/2197
f 2042/5580/2191 2046/5587/2198 2048/5588/2199
f 2044/5589/2200 2051/5590/2201 2045/5591/2192
f 2045/5592/2202 2049/5593/2203 2043/5583/2194
f 2053/5594/2204 2048/5595/2196 2054/5596/2205
f 2048/5588/2199 2052/5597/2206 2054/5598/2207
f 2050/5599/2208 2057/5600/2209 2051/5590/2201
f 2057/5601/2210 2049/5593/2203 2051/5602/2211
f 2053/5594/2204 2060/5603/2212 2059/5604/2213
f 2054/5598/2207 2058/5605/2214 2060/5606/2215
f 2056/5607/2216 2063/5608/2217 2057/5600/2209
f 2063/5609/2218 2055/5610/2219 2057/5601/2210
f 2059/5604/2213 2066/5611/2220 2065/5612/2221
f 2066/5613/2222 2058/5605/2214 2064/5614/2223
f 2062/5615/2224 2069/5616/2225 2063/5608/2217
f 2069/5617/2226 2061/5618/2227 2063/5609/2218
f 2071/5619/2228 2066/5611/2220 2072/5620/2229
f 2066/5613/2222 2070/5621/2230 2072/5622/2231
f 2074/5623/2232 2069/5624/2225 2068/5625/2233
f 2069/5617/2226 2073/5626/2234 2067/5627/2235
f 2077/5628/2236 2072/5629/2229 2078/5630/2237
f 2078/5631/2238 2070/5621/2230 2076/5632/2239
f 2080/5633/2240 2075/5634/2241 2074/5623/2232
f 2081/5635/2242 2073/5626/2234 2075/5636/2243
f 2077/5628/2236 2084/5637/2244 2083/5638/2245
f 2084/5639/2246 2076/5632/2239 2082/5640/2247
f 2080/5633/2240 2087/5641/2248 2081/5642/2249
f 2081/5635/2242 2085/5643/2250 2079/5644/2251
f 2089/5645/2252 2084/5637/2244 2090/5646/2253
f 2090/5647/2254 2082/5640/2247 2088/5648/2255
f 2092/5649/2256 2087/5650/2248 2086/5651/2257
f 2093/5652/2258 2085/5643/2250 2087/5653/2259
f 2089/5654/2252 2096/5655/2260 2095/5656/2261
f 2090/5647/2254 2094/5657/2262 2096/5658/2263
f 2014/5545/2158 2093/5659/2264 2092/5649/2256
f 2093/5652/2258 2013/5548/2161 2091/5660/2265
f 2017/5661/2266 2096/5655/2260 2018/5550/2163
f 2096/5658/2263 2016/5662/2267 2018/5552/2165
f 2098/5663/2268 2105/5664/2269 2099/5665/2270
f 2105/5666/2271 2097/5667/2272 2099/5668/2273
f 2101/5669/2274 2108/5670/2275 2107/5671/2276
f 2108/5672/2277 2100/5673/2278 2106/5674/2279
f 2104/5675/2280 2111/5676/2281 2105/5664/2269
f 2105/5666/2271 2109/5677/2282 2103/5678/2283
f 2113/5679/2284 2108/5670/2275 2114/5680/2285
f 2114/5681/2286 2106/5674/2279 2112/5682/2287
f 2110/5683/2288 2117/5684/2289 2111/5685/2281
f 2117/5686/2290 2109/5677/2282 2111/5687/2291
f 2119/5688/2292 2114/5689/2285 2120/5690/2293
f 2120/5691/2294 2112/5682/2287 2118/5692/2295
f 2122/5693/2296 2117/5684/2289 2116/5694/2297
f 2123/5695/2298 2115/5696/2299 2117/5686/2290
f 2119/5688/2292 2126/5697/2300 2125/5698/2301
f 2126/5699/2302 2118/5692/2295 2124/5700/2303
f 2122/5693/2296 2129/5701/2304 2123/5702/2305
f 2123/5695/2298 2127/5703/2306 2121/5704/2307
f 2131/5705/2308 2126/5697/2300 2132/5706/2309
f 2126/5699/2302 2130/5707/2310 2132/5708/2311
f 2128/5709/2312 2135/5710/2313 2129/5711/2304
f 2129/5712/2314 2133/5713/2315 2127/5703/2306
f 2131/5714/2308 2138/5715/2316 2137/5716/2317
f 2132/5708/2311 2136/5717/2318 2138/5718/2319
f 2140/5719/2320 2135/5710/2313 2134/5720/2321
f 2141/5721/2322 2133/5713/2315 2135/5722/2323
f 2143/5723/2324 2138/5715/2316 2144/5724/2325
f 2138/5718/2319 2142/5725/2326 2144/5726/2327
f 2146/5727/2328 2141/5728/2329 2140/5719/2320
f 2141/5721/2322 2145/5729/2330 2139/5730/2331
f 2149/5731/2332 2144/5724/2325 2150/5732/2333
f 2144/5726/2327 2148/5733/2334 2150/5734/2335
f 2152/5735/2336 2147/5736/2337 2146/5727/2328
f 2153/5737/2338 2145/5729/2330 2147/5738/2339
f 2149/5731/2332 2156/5739/2340 2155/5740/2341
f 2156/5741/2342 2148/5733/2334 2154/5742/2343
f 2158/5743/2344 2153/5744/2345 2152/5745/2336
f 2159/5746/2346 2151/5747/2347 2153/5737/2338
f 2161/5748/2348 2156/5749/2340 2162/5750/2349
f 2162/5751/2350 2154/5742/2343 2160/5752/2351
f 2164/5753/2352 2159/5754/2353 2158/5743/2344
f 2165/5755/2354 2157/5756/2355 2159/5746/2346
f 2161/5748/2348 2168/5757/2356 2167/5758/2357
f 2162/5751/2350 2166/5759/2358 2168/5760/2359
f 2164/5753/2352 2171/5761/2360 2165/5762/2361
f 2171/5763/2362 2163/5764/2363 2165/5755/2354
f 2167/5758/2357 2174/5765/2364 2173/5766/2365
f 2168/5760/2359 2172/5767/2366 2174/5768/2367
f 2170/5769/2368 2177/5770/2369 2171/5771/2360
f 2171/5763/2362 2175/5772/2370 2169/5773/2371
f 2179/5774/2372 2174/5775/2364 2180/5776/2373
f 2174/5768/2367 2178/5777/2374 2180/5778/2375
f 2176/5779/2376 2099/5665/2270 2177/5770/2369
f 2099/5668/2273 2175/5772/2370 2177/5780/2377
f 2101/5669/2274 2180/5776/2373 2102/5781/2378
f 2102/5782/2379 2178/5777/2374 2100/5673/2278
f 2188/5783/2380 2187/1555/720 2184/5784/719
f 2187/1555/720 2189/5785/2381 2185/1556/722
f 2188/5783/2380 2194/1559/724 2190/5786/2073
f 2194/1559/724 2189/5785/2381 2190/5786/2073
f 2205/5787/2382 2204/1565/728 2201/1564/727
f 2204/1565/728 2206/5788/2383 2202/1567/730
f 2205/5787/2382 2211/1569/732 2207/5789/2082
f 2211/1569/732 2206/5788/2383 2207/5789/2082
f 2195/5790/2384 2214/5791/2385 2213/5792/2386
f 2197/5793/2387 2212/5794/2388 2214/5791/2385
f 2199/5795/2389 2183/5796/2390 2200/5797/2391
f 2200/5797/2391 2182/5798/2392 2198/5799/2393
f 2222/5800/2394 2221/1573/736 2218/1572/735
f 2221/1573/736 2223/5801/2395 2219/1575/738
f 2222/5800/2394 2228/1577/740 2224/5802/2091
f 2228/1577/740 2223/5801/2395 2224/5802/2091
f 2199/5795/2389 2217/5803/2396 2216/5804/2397
f 2200/5797/2391 2215/5805/2398 2217/5803/2396
f 2229/5806/2399 2214/5791/2385 2212/5794/2388
f 2231/5807/2400 2213/5792/2386 2214/5791/2385
f 2239/5808/2401 2238/1581/744 2235/1580/743
f 2238/1581/744 2240/5809/2402 2236/5810/746
f 2239/5808/2401 2245/1589/748 2241/5811/2100
f 2245/1589/748 2240/5809/2402 2241/5811/2100
f 2216/5804/2397 2234/5812/2403 2233/5813/2404
f 2234/5812/2403 2215/5805/2398 2232/5814/2405
f 2229/5806/2399 2248/5815/2406 2231/5807/2400
f 2248/5815/2406 2230/5816/2407 2231/5807/2400
f 2256/5817/2408 2255/1593/752 2252/1592/751
f 2255/1593/752 2257/5818/2409 2253/1595/754
f 2256/5817/2408 2262/1597/756 2258/5819/48
f 2262/1597/756 2257/5818/2409 2258/5819/48
f 2246/5820/2410 2265/5821/2411 2248/5815/2406
f 2248/5815/2406 2264/5822/2412 2247/5823/2413
f 2249/5824/2414 2234/5812/2403 2232/5814/2405
f 2251/5825/2415 2233/5813/2404 2234/5812/2403
f 2273/5826/2416 2272/1603/760 2269/5827/759
f 2272/1603/760 2274/5828/2417 2270/1604/762
f 2273/5826/2416 2279/1607/764 2275/5829/2117
f 2279/1607/764 2274/5828/2417 2275/5829/2117
f 2280/5830/2418 2265/5821/2411 2263/5831/2419
f 2282/5832/2420 2264/5822/2412 2265/5821/2411
f 2249/5824/2414 2268/5833/2421 2251/5825/2415
f 2268/5833/2421 2250/5834/2422 2251/5825/2415
f 2290/5835/2423 2289/1613/768 2286/1612/767
f 2289/1613/768 2291/5836/2424 2287/1615/770
f 2290/5835/2423 2296/1617/772 2292/5837/2126
f 2296/1617/772 2291/5836/2424 2292/5837/2126
f 2297/5838/2425 2282/5832/2420 2280/5830/2418
f 2299/5839/2426 2281/5840/2427 2282/5832/2420
f 2266/5841/2428 2285/5842/2429 2268/5833/2421
f 2268/5833/2421 2284/5843/2430 2267/5844/2431
f 2307/5845/2432 2306/1621/776 2303/1620/775
f 2306/1621/776 2308/5846/2433 2304/1623/778
f 2307/5845/2432 2313/1625/780 2309/5847/2135
f 2313/1625/780 2308/5846/2433 2309/5847/2135
f 2300/5848/2434 2285/5842/2429 2283/5849/2435
f 2285/5842/2429 2301/5850/2436 2284/5843/2430
f 2298/5851/2437 2316/5852/2438 2315/5853/2439
f 2299/5839/2426 2314/5854/2440 2316/5852/2438
f 2324/5855/2441 2323/1629/784 2320/1628/783
f 2323/1629/784 2325/5856/2442 2321/5857/786
f 2324/5855/2441 2330/1637/788 2326/5858/2144
f 2330/1637/788 2325/5856/2442 2326/5858/2144
f 2300/5848/2434 2319/5859/2443 2302/5860/2444
f 2319/5859/2443 2301/5850/2436 2302/5860/2444
f 2315/5853/2439 2333/5861/2445 2332/5862/2446
f 2333/5861/2445 2314/5854/2440 2331/5863/2447
f 2341/5864/2448 2340/1641/792 2337/1640/791
f 2340/1641/792 2342/5865/2449 2338/1643/794
f 2341/5864/2448 2347/1645/796 2343/5866/4
f 2347/1645/796 2342/5865/2449 2343/5866/4
f 2332/5862/2446 2350/5867/2450 2349/5868/2451
f 2350/5867/2450 2331/5863/2447 2348/5869/2452
f 2318/5870/2453 2336/5871/2454 2335/5872/2455
f 2336/5871/2454 2317/5873/2456 2334/5874/2457
f 2195/5790/2384 2350/5867/2450 2197/5793/2387
f 2350/5867/2450 2196/5875/2458 2197/5793/2387
f 2181/5876/2459 2336/5871/2454 2183/5796/2390
f 2336/5871/2454 2182/5798/2392 2183/5796/2390
f 2358/5877/2380 2357/1651/720 2354/5878/719
f 2357/1651/720 2359/5879/2381 2355/1652/722
f 2358/5877/2380 2364/1655/724 2360/5880/2073
f 2364/1655/724 2359/5879/2381 2360/5880/2073
f 2375/5881/2382 2374/1661/728 2371/1660/727
f 2374/1661/728 2376/5882/2383 2372/1663/730
f 2375/5881/2382 2381/1665/732 2377/5883/2082
f 2381/1665/732 2376/5882/2383 2377/5883/2082
f 2383/5884/2386 2367/5885/2387 2384/5886/2385
f 2367/5885/2387 2382/5887/2388 2384/5886/2385
f 2369/5888/2389 2353/5889/2390 2370/5890/2391
f 2353/5889/2390 2368/5891/2393 2370/5890/2391
f 2392/5892/2460 2391/1669/736 2388/1668/735
f 2391/1669/736 2393/5893/2395 2389/1671/738
f 2392/5892/2460 2398/1673/740 2394/5894/2091
f 2398/1673/740 2393/5893/2395 2394/5894/2091
f 2369/5888/2389 2387/5895/2396 2386/5896/2397
f 2370/5890/2391 2385/5897/2398 2387/5895/2396
f 2399/5898/2399 2384/5886/2385 2382/5887/2388
f 2401/5899/2461 2383/5884/2386 2384/5886/2385
f 2409/5900/2401 2408/1677/744 2405/1676/743
f 2408/1677/744 2410/5901/2402 2406/5902/746
f 2409/5900/2401 2415/1685/748 2411/5903/2100
f 2415/1685/748 2410/5901/2402 2411/5903/2100
f 2386/5896/2397 2404/5904/2403 2403/5905/2404
f 2387/5895/2396 2402/5906/2405 2404/5904/2403
f 2399/5898/2399 2418/5907/2406 2401/5899/2461
f 2401/5899/2461 2417/5908/2413 2400/5909/2407
f 2426/5910/2408 2425/1689/752 2422/1688/751
f 2425/1689/752 2427/5911/2409 2423/1691/754
f 2426/5910/2408 2432/1693/756 2428/5912/48
f 2432/1693/756 2427/5911/2409 2428/5912/48
f 2433/5913/2419 2418/5907/2406 2416/5914/2410
f 2435/5915/2411 2417/5908/2413 2418/5907/2406
f 2419/5916/2414 2404/5904/2403 2402/5906/2405
f 2421/5917/2415 2403/5905/2404 2404/5904/2403
f 2443/5918/2416 2442/1699/760 2439/5919/759
f 2442/1699/760 2444/5920/2417 2440/1700/762
f 2443/5918/2416 2449/1703/764 2445/5921/2117
f 2449/1703/764 2444/5920/2417 2445/5921/2117
f 2450/5922/2418 2435/5915/2411 2433/5913/2419
f 2452/5923/2420 2434/5924/2412 2435/5915/2411
f 2419/5916/2414 2438/5925/2462 2421/5917/2415
f 2421/5917/2415 2437/5926/2431 2420/5927/2422
f 2460/5928/2423 2459/1709/768 2456/1708/767
f 2459/1709/768 2461/5929/2463 2457/1711/770
f 2460/5928/2423 2466/1713/772 2462/5930/2126
f 2466/1713/772 2461/5929/2463 2462/5930/2126
f 2467/5931/2425 2452/5923/2420 2450/5922/2418
f 2452/5923/2420 2468/5932/2437 2451/5933/2427
f 2453/5934/2435 2438/5925/2462 2436/5935/2428
f 2438/5925/2462 2454/5936/2430 2437/5926/2431
f 2477/5937/2464 2476/1717/776 2473/1716/775
f 2476/1717/776 2478/5938/2433 2474/1719/778
f 2477/5937/2464 2483/1721/780 2479/5939/2135
f 2483/1721/780 2478/5938/2433 2479/5939/2135
f 2470/5940/2434 2455/5941/2429 2453/5934/2435
f 2455/5941/2429 2471/5942/2436 2454/5936/2430
f 2468/5932/2437 2486/5943/2465 2485/5944/2439
f 2469/5945/2426 2484/5946/2440 2486/5943/2465
f 2494/5947/2441 2493/1725/784 2490/1724/783
f 2493/1725/784 2495/5948/2442 2491/5949/786
f 2494/5947/2441 2500/1733/788 2496/5950/2144
f 2500/1733/788 2495/5948/2442 2496/5950/2144
f 2487/5951/2456 2472/5952/2466 2470/5940/2434
f 2489/5953/2443 2471/5942/2436 2472/5952/2466
f 2485/5944/2439 2503/5954/2445 2502/5955/2446
f 2503/5954/2445 2484/5946/2440 2501/5956/2447
f 2511/5957/2448 2510/1737/792 2507/1736/791
f 2510/1737/792 2512/5958/2449 2508/1739/794
f 2511/5957/2448 2517/1741/796 2513/5959/4
f 2517/1741/796 2512/5958/2449 2513/5959/4
f 2502/5955/2446 2520/5960/2450 2519/5961/2451
f 2520/5960/2450 2501/5956/2447 2518/5962/2452
f 2488/5963/2453 2506/5964/2454 2505/5965/2455
f 2506/5964/2454 2487/5951/2456 2504/5966/2457
f 2519/5961/2451 2367/5885/2387 2365/5967/2384
f 2520/5960/2450 2366/5968/2458 2367/5885/2387
f 2351/5969/2459 2506/5964/2454 2353/5889/2390
f 2506/5964/2454 2352/5970/2392 2353/5889/2390
f 2535/1762/549 2527/1746/533 2538/5971/2467
f 2527/5972/1829 2536/1765/552 2538/1767/612
f 2522/1747/534 2534/1755/606 2526/5973/1830
f 2534/5974/1831 2523/1750/537 2526/1752/604
f 2542/1771/558 2533/5975/2468 2529/1756/543
f 2533/1761/610 2544/1777/564 2530/1759/546
f 2537/1768/555 2547/5976/1768 2543/1774/561
f 2547/1779/566 2536/1765/552 2544/1777/564
f 2535/1762/549 2566/5977/1770 2563/1798/585
f 2566/1803/590 2537/1768/555 2564/1801/588
f 2570/1807/594 2545/5978/1834 2542/1771/558
f 2576/5979/1835 2543/1774/561 2545/1776/617
f 2565/1804/591 2575/5980/1774 2571/1810/597
f 2575/1815/602 2564/1801/588 2572/1813/600
f 2563/1798/585 2552/5981/1776 2549/1780/567
f 2552/1785/572 2565/1804/591 2550/1783/570
f 2556/1789/576 2573/5982/1838 2570/1807/594
f 2562/5983/1839 2571/1810/597 2573/1812/632
f 2551/1786/573 2561/5984/1840 2557/1792/579
f 2561/1797/584 2550/1783/570 2558/1795/582
f 2549/1780/567 2524/5985/2469 2521/1744/531
f 2555/5986/1781 2522/1747/534 2524/1749/536
f 2529/1756/543 2559/5987/1841 2556/1789/576
f 2531/5988/1842 2557/1792/579 2559/1794/625
f 2577/1816/531 2594/5989/1764 2591/1834/549
f 2583/5990/2470 2592/1837/552 2594/1839/612
f 2578/1819/534 2590/1827/606 2582/5991/1830
f 2590/5992/1831 2579/1822/537 2582/1824/604
f 2598/1843/558 2589/5993/2468 2585/1828/543
f 2604/5994/1767 2586/1831/546 2589/1833/548
f 2593/1840/555 2603/5995/1768 2599/1846/561
f 2603/1851/566 2592/1837/552 2600/1849/564
f 2591/1834/549 2622/5996/1770 2619/1870/585
f 2597/5997/1771 2620/1873/588 2622/1875/590
f 2626/1879/594 2601/5998/1834 2598/1843/558
f 2632/5999/1835 2599/1846/561 2601/1848/617
f 2621/1876/591 2631/6000/1774 2627/1882/597
f 2631/1887/602 2620/1873/588 2628/1885/600
f 2619/1870/585 2608/6001/1776 2605/1852/567
f 2625/6002/1837 2606/1855/570 2608/1857/572
f 2612/1861/576 2629/6003/1838 2626/1879/594
f 2618/6004/2471 2627/1882/597 2629/1884/632
f 2607/1858/573 2617/6005/1840 2613/1864/579
f 2617/1869/584 2606/1855/570 2614/1867/582
f 2605/1852/567 2580/6006/2469 2577/1816/531
f 2611/6007/1781 2578/1819/534 2580/1821/536
f 2585/1828/543 2615/6008/1841 2612/1861/576
f 2587/6009/1842 2613/1864/579 2615/1866/625
f 2647/1906/549 2639/1890/533 2650/6010/2467
f 2639/6011/1829 2648/1909/552 2650/1911/612
f 2634/1891/534 2646/1899/606 2638/6012/1830
f 2646/6013/1831 2635/1894/537 2638/1896/604
f 2654/1915/558 2645/6014/2468 2641/1900/543
f 2645/1905/610 2656/1921/564 2642/1903/546
f 2649/1912/555 2659/6015/1768 2655/1918/561
f 2659/1923/566 2648/1909/552 2656/1921/564
f 2647/1906/549 2678/6016/1770 2675/1942/585
f 2678/1947/590 2649/1912/555 2676/1945/588
f 2682/1951/594 2657/6017/1834 2654/1915/558
f 2688/6018/1835 2655/1918/561 2657/1920/617
f 2677/1948/591 2687/6019/1774 2683/1954/597
f 2687/1959/602 2676/1945/588 2684/1957/600
f 2675/1942/585 2664/6020/1776 2661/1924/567
f 2664/1929/572 2677/1948/591 2662/1927/570
f 2668/1933/576 2685/6021/1838 2682/1951/594
f 2674/6022/2471 2683/1954/597 2685/1956/632
f 2663/1930/573 2673/6023/1840 2669/1936/579
f 2673/1941/584 2662/1927/570 2670/1939/582
f 2661/1924/567 2636/6024/2469 2633/1888/531
f 2667/6025/1781 2634/1891/534 2636/1893/536
f 2641/1900/543 2671/6026/1841 2668/1933/576
f 2643/6027/1842 2669/1936/579 2671/1938/625
f 2689/1960/531 2706/6028/1764 2703/1978/549
f 2695/6029/1829 2704/1981/552 2706/1983/612
f 2690/1963/534 2702/1971/606 2694/6030/1830
f 2702/6031/1831 2691/1966/537 2694/1968/604
f 2710/1987/558 2701/6032/2468 2697/1972/543
f 2701/1977/610 2712/1993/564 2698/1975/546
f 2705/1984/555 2715/6033/1768 2711/1990/561
f 2715/1995/566 2704/1981/552 2712/1993/564
f 2703/1978/549 2734/6034/1770 2731/2014/585
f 2709/6035/1771 2732/2017/588 2734/2019/590
f 2738/2023/594 2713/6036/1834 2710/1987/558
f 2744/6037/1835 2711/1990/561 2713/1992/617
f 2733/2020/591 2743/6038/1774 2739/2026/597
f 2743/2031/602 2732/2017/588 2740/2029/600
f 2731/2014/585 2720/6039/1776 2717/1996/567
f 2737/6040/1837 2718/1999/570 2720/2001/572
f 2724/2005/576 2741/6041/1838 2738/2023/594
f 2730/6042/2471 2739/2026/597 2741/2028/632
f 2719/2002/573 2729/6043/1840 2725/2008/579
f 2729/2013/584 2718/1999/570 2726/2011/582
f 2717/1996/567 2692/6044/2469 2689/1960/531
f 2723/6045/1781 2690/1963/534 2692/1965/536
f 2697/1972/543 2727/6046/1841 2724/2005/576
f 2699/6047/1842 2725/2008/579 2727/2010/625
f 2745/2032/531 2762/6048/1764 2759/2050/549
f 2751/6049/1829 2760/2053/552 2762/2055/612
f 2746/2035/534 2758/2043/606 2750/6050/1830
f 2758/6051/1831 2747/2038/537 2750/2040/604
f 2766/2059/558 2757/6052/2468 2753/2044/543
f 2757/2049/548 2768/2065/564 2754/2047/546
f 2761/2056/555 2771/6053/1768 2767/2062/561
f 2771/2067/566 2760/2053/552 2768/2065/564
f 2759/2050/549 2790/6054/1770 2787/2086/585
f 2765/6055/1771 2788/2089/588 2790/2091/590
f 2794/2095/594 2769/6056/1834 2766/2059/558
f 2800/6057/1835 2767/2062/561 2769/2064/617
f 2789/2092/591 2799/6058/1774 2795/2098/597
f 2799/2103/602 2788/2089/588 2796/2101/600
f 2787/2086/585 2776/6059/1776 2773/2068/567
f 2776/2073/572 2789/2092/591 2774/2071/570
f 2780/2077/576 2797/6060/1838 2794/2095/594
f 2786/6061/1839 2795/2098/597 2797/2100/632
f 2775/2074/573 2785/6062/1840 2781/2080/579
f 2785/2085/584 2774/2071/570 2782/2083/582
f 2773/2068/567 2748/6063/2469 2745/2032/531
f 2779/6064/1781 2746/2035/534 2748/2037/536
f 2753/2044/543 2783/6065/1841 2780/2077/576
f 2755/6066/1842 2781/2080/579 2783/2082/625
f 2801/2104/531 2818/6067/1764 2815/2122/549
f 2807/6068/1829 2816/2125/552 2818/2127/612
f 2802/2107/534 2814/2115/606 2806/6069/1830
f 2814/6070/1831 2803/2110/537 2806/2112/604
f 2822/2131/558 2813/6071/2468 2809/2116/543
f 2813/2121/548 2824/2137/564 2810/2119/546
f 2817/2128/555 2827/6072/1768 2823/2134/561
f 2827/2139/566 2816/2125/552 2824/2137/564
f 2815/2122/549 2846/6073/1770 2843/2158/585
f 2821/6074/1771 2844/2161/588 2846/2163/590
f 2850/2167/594 2825/6075/1834 2822/2131/558
f 2825/2136/617 2852/2173/600 2823/2134/561
f 2845/2164/591 2855/6076/1774 2851/2170/597
f 2855/2175/602 2844/2161/588 2852/2173/600
f 2843/2158/585 2832/6077/2472 2829/2140/567
f 2849/6078/1837 2830/2143/570 2832/2145/572
f 2836/2149/576 2853/6079/1838 2850/2167/594
f 2842/6080/1839 2851/2170/597 2853/2172/632
f 2831/2146/573 2841/6081/1840 2837/2152/579
f 2841/2157/584 2830/2143/570 2838/2155/582
f 2829/2140/567 2804/6082/2469 2801/2104/531
f 2804/2109/536 2831/2146/573 2802/2107/534
f 2809/2116/543 2839/6083/1841 2836/2149/576
f 2811/6084/1842 2837/2152/579 2839/2154/625
f 2857/2176/531 2874/6085/1764 2871/2194/549
f 2863/6086/1829 2872/2197/552 2874/2199/612
f 2858/2179/534 2870/2187/606 2862/6087/1830
f 2870/6088/1831 2859/2182/537 2862/2184/604
f 2878/2203/558 2869/6089/2468 2865/2188/543
f 2869/2193/548 2880/2209/564 2866/2191/546
f 2873/2200/555 2883/6090/1768 2879/2206/561
f 2883/2211/566 2872/2197/552 2880/2209/564
f 2871/2194/549 2902/6091/1770 2899/2230/585
f 2877/6092/1771 2900/2233/588 2902/2235/590
f 2906/2239/594 2881/6093/1834 2878/2203/558
f 2912/6094/1835 2879/2206/561 2881/2208/617
f 2901/2236/591 2911/6095/1774 2907/2242/597
f 2911/2247/602 2900/2233/588 2908/2245/600
f 2899/2230/585 2888/6096/1776 2885/2212/567
f 2905/6097/2473 2886/2215/570 2888/2217/828
f 2906/2239/594 2898/2223/829 2909/6098/1838
f 2898/6099/2471 2907/2242/597 2909/2244/632
f 2887/2218/573 2897/6100/1840 2893/2224/579
f 2897/2229/584 2886/2215/570 2894/2227/582
f 2885/2212/567 2860/6101/2469 2857/2176/531
f 2891/6102/1781 2858/2179/534 2860/2181/536
f 2865/2188/543 2895/6103/1841 2892/2221/576
f 2867/6104/1842 2893/2224/579 2895/2226/625
f 2913/2248/531 2930/6105/1764 2927/2266/549
f 2919/6106/1829 2928/2269/552 2930/2271/612
f 2914/2251/534 2926/2259/606 2918/6107/1830
f 2926/6108/1831 2915/2254/537 2918/2256/604
f 2934/2275/558 2925/6109/2468 2921/2260/543
f 2925/2265/610 2936/2281/564 2922/2263/546
f 2929/2272/555 2939/6110/1768 2935/2278/561
f 2939/2283/566 2928/2269/552 2936/2281/564
f 2927/2266/549 2958/6111/1770 2955/2302/585
f 2933/6112/1771 2956/2305/588 2958/2307/590
f 2962/2311/594 2937/6113/1834 2934/2275/558
f 2937/2280/617 2964/2317/600 2935/2278/561
f 2957/2308/591 2967/6114/1774 2963/2314/597
f 2967/2319/602 2956/2305/588 2964/2317/600
f 2941/2284/567 2961/2304/587 2944/6115/2474
f 2961/6116/1837 2942/2287/570 2944/2289/572
f 2962/2311/594 2954/2295/829 2965/6117/1838
f 2954/6118/1839 2963/2314/597 2965/2316/632
f 2943/2290/573 2953/6119/1840 2949/2296/579
f 2953/2301/584 2942/2287/570 2950/2299/582
f 2941/2284/567 2916/6120/2469 2913/2248/531
f 2916/2253/536 2943/2290/573 2914/2251/534
f 2921/2260/543 2951/6121/1841 2948/2293/576
f 2923/6122/1842 2949/2296/579 2951/2298/625
f 2984/2341/360 2975/2326/345 2971/2327/346
f 2975/2322/341 2983/2336/355 2969/2320/339
f 2977/2333/352 2996/2350/369 2992/2351/370
f 2979/6123/1637 2990/2344/363 2996/2346/365
f 2978/2335/354 2974/2323/342 2970/2325/344
f 2981/2331/350 2971/2327/346 2974/2323/342
f 2985/2343/362 2995/2347/366 2991/2349/368
f 2988/2339/358 2992/2351/370 2995/2347/366
f 2998/6124/376 2989/2342/361 2985/2343/362
f 3000/6125/1638 2983/2336/355 2989/2338/357
f 3006/2367/386 2993/6126/367 3010/2366/385
f 2993/6127/2475 3004/2360/379 3010/2362/836
f 2999/2359/378 3009/2363/382 3005/2365/384
f 3002/2355/374 3006/2367/386 3009/2363/382
f 3012/2373/392 3003/2358/377 2999/2359/378
f 3014/6128/1639 2997/2352/371 3003/2354/373
f 3005/2365/384 3024/2382/401 3020/2383/402
f 3024/2378/838 3004/2360/379 3018/2376/395
f 3013/2375/394 3023/2379/398 3019/2381/400
f 3016/2371/390 3020/2383/402 3023/2379/398
f 3026/2389/408 3017/2374/393 3013/2375/394
f 3017/2370/389 3025/2384/403 3011/2368/387
f 3019/2381/400 3038/2398/417 3034/2399/418
f 3021/6129/2476 3032/2392/840 3038/2394/842
f 3027/2391/410 3037/2395/414 3033/2397/416
f 3030/2387/406 3034/2399/418 3037/2395/414
f 3027/6130/410 3042/2404/423 3031/6131/409
f 3031/2386/405 3039/2400/419 3025/2384/403
f 3033/2397/416 3052/6132/433 3048/6133/434
f 3035/6134/2477 3046/2408/427 3052/2410/429
f 3041/2407/426 3051/2411/430 3047/2413/432
f 3044/2403/422 3048/2415/434 3051/2411/430
f 3054/2421/440 3045/2406/425 3041/2407/426
f 3056/6135/2478 3039/2400/419 3045/2402/421
f 3047/2413/432 3066/2430/449 3062/2431/450
f 3066/2426/844 3046/2408/427 3060/2424/443
f 3055/2423/442 3065/2427/446 3061/2429/448
f 3058/2419/438 3062/2431/450 3065/2427/446
f 3055/2423/442 3070/2436/455 3059/2422/441
f 3059/2418/437 3067/2432/451 3053/2416/435
f 3061/2429/448 3080/2446/465 3076/2447/466
f 3063/6136/2479 3074/2440/459 3080/2442/461
f 3069/2439/458 3079/2443/462 3075/2445/464
f 3072/2435/454 3076/2447/466 3079/2443/462
f 3082/2453/472 3073/6137/457 3069/6138/458
f 3073/2434/453 3081/2448/467 3067/2432/451
f 3090/2463/482 3077/6139/463 3094/2462/481
f 3094/2458/477 3074/2440/459 3088/2456/475
f 3083/2455/474 3093/2459/478 3089/2461/480
f 3086/2451/470 3090/2463/482 3093/2459/478
f 3083/2455/474 3098/2468/487 3087/2454/473
f 3098/6140/2480 3081/2448/467 3087/2450/847
f 3089/2461/480 3108/2478/497 3104/2479/498
f 3108/2474/493 3088/2456/475 3102/2472/491
f 3097/2471/490 3107/2475/494 3103/2477/496
f 3100/2467/486 3104/2479/498 3107/2475/494
f 3110/2485/504 3101/2470/489 3097/2471/490
f 3101/2466/485 3109/2480/851 3095/2464/849
f 3103/2477/496 3122/2494/513 3118/2495/514
f 3105/6141/1648 3116/2488/852 3122/2490/854
f 3111/2487/506 3121/2491/510 3117/2493/512
f 3114/2483/502 3118/2495/514 3121/2491/510
f 3124/2501/520 3115/6142/505 3111/6143/506
f 3126/6144/2481 3109/2480/851 3115/2482/501
f 3132/2511/530 3119/6145/511 3136/2510/529
f 3119/6146/1650 3130/2504/523 3136/2506/525
f 3125/2503/522 3135/2507/526 3131/2509/528
f 3128/2499/518 3132/2511/530 3135/2507/526
f 2970/2325/344 3129/2502/521 3125/2503/522
f 2972/6147/2482 3123/2496/515 3129/2498/517
f 3131/2509/528 2982/2334/353 2978/2335/354
f 2982/2330/349 3130/2504/523 2976/2328/347
f 3137/2512/531 3154/6148/2483 3151/2530/549
f 3143/6149/2470 3152/2533/552 3154/2535/554
f 3144/2521/540 3142/6150/1830 3138/2515/534
f 3150/6151/1831 3139/2518/537 3142/2520/539
f 3158/2539/558 3149/6152/1766 3145/2524/543
f 3164/6153/1767 3146/2527/546 3149/2529/548
f 3153/2536/555 3163/6154/1768 3159/2542/561
f 3156/6155/2484 3160/2545/564 3163/2547/566
f 3151/2530/549 3182/6156/1770 3179/2566/585
f 3157/6157/1771 3180/2569/588 3182/2571/590
f 3186/2575/594 3161/6158/1772 3158/2539/558
f 3192/6159/1835 3159/2542/561 3161/2544/617
f 3181/2572/591 3191/6160/1774 3187/2578/597
f 3184/6161/1836 3188/2581/600 3191/2583/602
f 3179/2566/585 3168/6162/2472 3165/2548/567
f 3185/6163/2473 3166/2551/570 3168/2553/828
f 3172/2557/576 3189/6164/2485 3186/2575/594
f 3178/6165/2471 3187/2578/597 3189/2580/599
f 3167/2554/573 3177/6166/1840 3173/2560/579
f 3170/6167/2486 3174/2563/582 3177/2565/584
f 3165/2548/567 3140/6168/1780 3137/2512/531
f 3171/6169/1781 3138/2515/534 3140/2517/536
f 3145/2524/543 3175/6170/1841 3172/2557/576
f 3147/6171/1842 3173/2560/579 3175/2562/625
f 3193/2584/531 3210/6172/2483 3207/2602/549
f 3199/6173/1829 3208/2605/552 3210/2607/612
f 3194/2587/534 3206/2595/606 3198/6174/1830
f 3206/6175/1831 3195/2590/537 3198/2592/604
f 3214/2611/558 3205/6176/1766 3201/2596/543
f 3205/2601/548 3216/2617/564 3202/2599/546
f 3209/2608/555 3219/6177/1768 3215/2614/561
f 3219/2619/566 3208/2605/552 3216/2617/564
f 3235/2638/585 3213/2604/868 3238/6178/2487
f 3213/6179/2488 3236/2641/588 3238/2643/873
f 3214/2611/558 3248/2649/596 3217/6180/1772
f 3248/6181/1835 3215/2614/561 3217/2616/617
f 3237/2644/591 3247/6182/1774 3243/2650/597
f 3247/2655/602 3236/2641/588 3244/2653/600
f 3235/2638/585 3224/6183/2472 3221/2620/567
f 3241/6184/1837 3222/2623/570 3224/2625/572
f 3228/2629/576 3245/6185/2485 3242/2647/594
f 3245/2652/599 3230/2635/582 3243/2650/597
f 3223/2626/573 3233/6186/1840 3229/2632/579
f 3233/2637/584 3222/2623/570 3230/2635/582
f 3221/2620/567 3196/6187/2469 3193/2584/531
f 3227/6188/2489 3194/2587/534 3196/2589/867
f 3228/2629/576 3203/2598/545 3231/6189/1782
f 3203/6190/1842 3229/2632/579 3231/2634/625
f 3256/6191/2490 3255/6192/876 3251/6193/879
f 3255/6192/876 3257/6194/2491 3249/6195/874
f 3259/6196/2492 3258/6197/2493 3256/6191/2490
f 3258/6197/2493 3260/6198/2494 3257/6194/2491
f 3259/6196/2492 3264/6199/2495 3261/6200/4
f 3264/6199/2495 3260/6198/2494 3261/6200/4
f 3262/6201/2496 3268/2667/885 3264/6202/2495
f 3268/2667/885 3263/6203/2497 3264/6202/2495
f 3279/6204/2498 3275/2674/892 3272/2670/888
f 3275/2674/892 3280/6205/2499 3273/2673/891
f 3282/6206/2500 3281/6207/2501 3279/6208/2498
f 3281/6209/2501 3283/6210/2502 3280/6211/2499
f 3282/6206/2500 3287/6212/2503 3284/6213/2504
f 3287/6214/2503 3283/6210/2502 3284/6215/2504
f 3285/6216/2505 3294/2679/897 3287/6217/2503
f 3294/2679/897 3286/6218/2506 3287/6217/2503
f 3289/2680/898 3270/2669/887 3293/2683/901
f 3293/2683/901 3266/2666/884 3290/2682/900
f 3251/2661/879 3277/2676/894 3273/2673/891
f 3254/2662/880 3274/2675/893 3277/2676/894
f 3302/6219/2507 3298/6220/906 3295/6221/902
f 3298/6220/906 3303/6222/2508 3296/6223/905
f 3305/6224/2509 3304/6225/2510 3302/6219/2507
f 3304/6225/2510 3306/6226/2511 3303/6222/2508
f 3305/6224/2509 3310/6227/2512 3307/6228/26
f 3310/6227/2512 3306/6226/2511 3307/6228/26
f 3308/6229/2513 3317/2693/911 3310/6230/2512
f 3317/2693/911 3309/6231/2514 3310/6230/2512
f 3289/2680/898 3316/2697/915 3312/2694/912
f 3291/2681/899 3313/2696/914 3316/2697/915
f 3272/2670/888 3300/2690/908 3296/2687/905
f 3278/2672/890 3297/2689/907 3300/2690/908
f 3325/6232/2515 3321/2702/920 3318/2698/916
f 3321/2702/920 3326/6233/2516 3319/2701/919
f 3328/6234/2517 3327/6235/2518 3325/6236/2515
f 3327/6237/2518 3329/6238/2519 3326/6239/2516
f 3328/6234/2517 3333/6240/2520 3330/6241/2521
f 3333/6242/2520 3329/6238/2519 3330/6243/2521
f 3331/6244/2522 3340/2707/925 3333/6245/2520
f 3340/2707/925 3332/6246/2523 3333/6245/2520
f 3295/2684/902 3323/2704/922 3319/2701/919
f 3301/2686/904 3320/2703/921 3323/2704/922
f 3336/2710/928 3314/2695/913 3311/2691/909
f 3314/2695/913 3335/2708/926 3312/2694/912
f 3348/6247/2524 3344/6248/934 3341/6249/930
f 3344/6248/934 3349/6250/2525 3342/6251/933
f 3351/6252/2526 3350/6253/2527 3348/6247/2524
f 3350/6253/2527 3352/6254/2528 3349/6250/2525
f 3351/6252/2526 3356/6255/2529 3353/6256/48
f 3356/6255/2529 3352/6254/2528 3353/6256/48
f 3354/6257/2530 3363/2721/939 3356/6258/2529
f 3363/2721/939 3355/6259/2531 3356/6258/2529
f 3342/2715/933 3324/2700/918 3346/2718/936
f 3346/2718/936 3320/2703/921 3343/2717/935
f 3334/2705/923 3362/2725/943 3337/2709/927
f 3337/2709/927 3358/2722/940 3335/2708/926
f 3371/6260/2532 3367/2730/948 3364/2726/944
f 3367/2730/948 3372/6261/2533 3365/2729/947
f 3374/6262/2534 3373/6263/2535 3371/6264/2532
f 3373/6265/2535 3375/6266/2536 3372/6267/2533
f 3374/6262/2534 3379/6268/2537 3376/6269/2538
f 3379/6270/2537 3375/6266/2536 3376/6271/2538
f 3377/6272/2539 3386/2735/953 3379/6273/2537
f 3386/2735/953 3378/6274/2540 3379/6273/2537
f 3382/2738/956 3360/2723/941 3357/2719/937
f 3360/2723/941 3381/2736/954 3358/2722/940
f 3343/2717/935 3369/2732/950 3347/2714/932
f 3347/2714/932 3365/2729/947 3341/2712/930
f 3394/6275/2541 3390/6276/962 3387/6277/958
f 3390/6276/962 3395/6278/2542 3388/6279/961
f 3397/6280/2543 3396/6281/2544 3394/6275/2541
f 3396/6281/2544 3398/6282/2545 3395/6278/2542
f 3397/6280/2543 3402/6283/2546 3399/6284/71
f 3402/6283/2546 3398/6282/2545 3399/6284/71
f 3400/6285/2547 3409/2749/967 3402/6286/2546
f 3409/2749/967 3401/6287/2548 3402/6286/2546
f 3380/2733/951 3408/2753/971 3383/2737/955
f 3408/2753/971 3381/2736/954 3383/2737/955
f 3366/2731/949 3392/2746/964 3370/2728/946
f 3392/2746/964 3364/2726/944 3370/2728/946
f 3417/6288/2549 3413/2758/976 3410/2754/972
f 3413/2758/976 3418/6289/2550 3411/2757/975
f 3420/6290/2551 3419/6291/2552 3417/6292/2549
f 3419/6293/2552 3421/6294/2553 3418/6295/2550
f 3420/6290/2551 3425/6296/2554 3422/6297/2555
f 3425/6298/2554 3421/6294/2553 3422/6299/2555
f 3423/6300/2556 3432/2763/981 3425/6301/2554
f 3432/2763/981 3424/6302/2557 3425/6301/2554
f 3428/2766/984 3406/2751/969 3403/2747/965
f 3431/2767/985 3404/2750/968 3406/2751/969
f 3412/2759/977 3393/2742/960 3389/2745/963
f 3393/2742/960 3411/2757/975 3387/2740/958
f 3250/2659/877 3416/2756/974 3412/2759/977
f 3252/2660/878 3410/2754/972 3416/2756/974
f 3267/2668/886 3429/2765/983 3271/2665/883
f 3271/2665/883 3426/2761/979 3265/2663/881
f 3440/6303/2490 3439/6304/876 3435/6305/879
f 3439/6304/876 3441/6306/2491 3433/6307/986
f 3443/6308/2492 3442/6309/2493 3440/6303/2490
f 3442/6309/2493 3444/6310/2494 3441/6306/2491
f 3443/6308/2492 3448/6311/2495 3445/6312/4
f 3448/6311/2495 3444/6310/2494 3445/6312/4
f 3446/6313/2496 3452/2779/885 3448/6314/2495
f 3452/2779/885 3447/6315/2497 3448/6314/2495
f 3463/6316/2498 3459/2786/892 3456/2782/988
f 3459/2786/892 3464/6317/2499 3457/2785/891
f 3466/6318/2500 3465/6319/2501 3463/6320/2498
f 3465/6321/2501 3467/6322/2502 3464/6323/2499
f 3466/6318/2500 3471/6324/2503 3468/6325/2504
f 3471/6326/2503 3467/6322/2502 3468/6327/2504
f 3469/6328/2505 3478/2791/897 3471/6329/2503
f 3478/2791/897 3470/6330/2506 3471/6329/2503
f 3473/2792/898 3454/2781/887 3477/2795/901
f 3454/2781/887 3474/2794/989 3477/2795/901
f 3435/2773/879 3461/2788/894 3457/2785/891
f 3438/2774/880 3458/2787/893 3461/2788/894
f 3486/6331/2507 3482/6332/906 3479/6333/990
f 3482/6332/906 3487/6334/2508 3480/6335/991
f 3489/6336/2509 3488/6337/2510 3486/6331/2507
f 3488/6337/2510 3490/6338/2511 3487/6334/2508
f 3489/6336/2509 3494/6339/2512 3491/6340/26
f 3494/6339/2512 3490/6338/2511 3491/6340/26
f 3492/6341/2558 3501/2805/911 3494/6342/2512
f 3501/2805/911 3493/6343/2514 3494/6342/2512
f 3473/2792/898 3500/2809/915 3496/2806/912
f 3475/2793/899 3497/2808/914 3500/2809/915
f 3480/2799/991 3462/2784/890 3484/2802/908
f 3484/2802/908 3458/2787/893 3481/2801/907
f 3509/6344/2515 3505/2814/920 3502/2810/993
f 3505/2814/920 3510/6345/2516 3503/2813/995
f 3512/6346/2517 3511/6347/2518 3509/6348/2515
f 3511/6349/2518 3513/6350/2519 3510/6351/2516
f 3512/6346/2517 3517/6352/2520 3514/6353/2521
f 3517/6354/2520 3513/6350/2519 3514/6355/2521
f 3515/6356/2522 3524/2819/925 3517/6357/2520
f 3524/2819/925 3516/6358/2523 3517/6357/2520
f 3503/2813/995 3485/2798/904 3507/2816/922
f 3485/2798/904 3504/2815/921 3507/2816/922
f 3520/2822/928 3498/2807/913 3495/2803/992
f 3498/2807/913 3519/2820/926 3496/2806/912
f 3532/6359/2524 3528/6360/934 3525/6361/930
f 3528/6360/934 3533/6362/2525 3526/6363/997
f 3535/6364/2526 3534/6365/2527 3532/6359/2524
f 3534/6365/2527 3536/6366/2528 3533/6362/2525
f 3535/6364/2526 3540/6367/2529 3537/6368/48
f 3540/6367/2529 3536/6366/2528 3537/6368/48
f 3538/6369/2530 3547/2833/939 3540/6370/2529
f 3547/2833/939 3539/6371/2531 3540/6370/2529
f 3502/2810/993 3530/2830/936 3526/2827/997
f 3530/2830/936 3504/2815/921 3527/2829/935
f 3518/2817/996 3546/2837/943 3521/2821/927
f 3521/2821/927 3542/2834/940 3519/2820/926
f 3555/6372/2532 3551/2842/948 3548/2838/944
f 3551/2842/948 3556/6373/2533 3549/2841/947
f 3558/6374/2534 3557/6375/2535 3555/6376/2532
f 3557/6377/2535 3559/6378/2536 3556/6379/2533
f 3558/6374/2534 3563/6380/2537 3560/6381/2538
f 3563/6382/2537 3559/6378/2536 3560/6383/2538
f 3561/6384/2539 3570/2847/953 3563/6385/2537
f 3570/2847/953 3562/6386/2540 3563/6385/2537
f 3566/2850/956 3544/2835/941 3541/2831/937
f 3544/2835/941 3565/2848/954 3542/2834/940
f 3527/2829/935 3553/2844/950 3531/2826/932
f 3531/2826/932 3549/2841/947 3525/2824/930
f 3578/6387/2541 3574/6388/962 3571/6389/958
f 3574/6388/962 3579/6390/2542 3572/6391/961
f 3581/6392/2543 3580/6393/2544 3578/6387/2541
f 3580/6393/2544 3582/6394/2545 3579/6390/2542
f 3581/6392/2543 3586/6395/2546 3583/6396/71
f 3586/6395/2546 3582/6394/2545 3583/6396/71
f 3584/6397/2547 3593/2861/967 3586/6398/2546
f 3593/2861/967 3585/6399/2548 3586/6398/2546
f 3589/2864/1000 3567/2849/955 3564/2845/999
f 3592/2865/971 3565/2848/954 3567/2849/955
f 3550/2843/949 3576/2858/964 3554/2840/946
f 3576/2858/964 3548/2838/944 3554/2840/946
f 3601/6400/2549 3597/2870/976 3594/2866/1001
f 3597/2870/976 3602/6401/2550 3595/2869/975
f 3604/6402/2551 3603/6403/2552 3601/6404/2549
f 3603/6405/2552 3605/6406/2553 3602/6407/2550
f 3604/6402/2551 3609/6408/2554 3606/6409/2555
f 3609/6410/2554 3605/6406/2553 3606/6411/2555
f 3607/6412/2556 3616/2875/981 3609/6413/2554
f 3616/2875/981 3608/6414/2557 3609/6413/2554
f 3612/2878/984 3590/2863/969 3587/2859/965
f 3590/2863/969 3611/2876/982 3588/2862/968
f 3596/2871/977 3577/2854/960 3573/2857/963
f 3599/2872/978 3571/2852/958 3577/2854/960
f 3596/2871/977 3436/2772/878 3600/2868/1002
f 3600/2868/1002 3433/2768/986 3594/2866/1001
f 3451/2780/886 3613/2877/983 3455/2777/883
f 3455/2777/883 3610/2873/979 3449/2775/881
f 3617/2880/531 3634/6415/2559 3631/2898/549
f 3634/2903/612 3619/2886/537 3632/2901/552
f 3624/2889/540 3622/6416/1830 3618/2883/534
f 3622/2888/539 3626/2895/546 3619/2886/537
f 3638/2907/558 3629/6417/1766 3625/2892/543
f 3644/6418/1767 3626/2895/546 3629/2897/548
f 3639/2910/561 3636/2906/557 3643/6419/1768
f 3636/6420/1769 3640/2913/564 3643/2915/566
f 3631/2898/549 3662/6421/2487 3659/2934/585
f 3637/6422/2488 3660/2937/588 3662/2939/873
f 3666/2943/594 3641/6423/1834 3638/2907/558
f 3672/6424/1835 3639/2910/561 3641/2912/617
f 3667/2946/597 3664/2942/628 3671/6425/1774
f 3664/6426/1775 3668/2949/600 3671/2951/602
f 3645/2916/567 3665/2936/1004 3648/6427/2560
f 3665/6428/1837 3646/2919/570 3648/2921/572
f 3652/2925/576 3669/6429/1777 3666/2943/594
f 3669/2948/599 3654/2931/582 3667/2946/597
f 3653/2928/579 3650/2924/621 3657/6430/1840
f 3650/6431/2486 3654/2931/582 3657/2933/584
f 3645/2916/567 3620/6432/1780 3617/2880/531
f 3651/6433/1781 3618/2883/534 3620/2885/536
f 3625/2892/543 3655/6434/1782 3652/2925/576
f 3627/6435/1842 3653/2928/579 3655/2930/625
f 3673/2952/531 3690/6436/2561 3687/2970/549
f 3679/6437/1829 3688/2973/552 3690/2975/612
f 3680/2961/540 3678/6438/1830 3674/2955/534
f 3686/6439/1831 3675/2958/537 3678/2960/604
f 3694/2979/558 3685/6440/1766 3681/2964/543
f 3700/6441/1833 3682/2967/546 3685/2969/610
f 3689/2976/555 3699/6442/1768 3695/2982/561
f 3692/6443/1769 3696/2985/564 3699/2987/566
f 3687/2970/549 3718/6444/1770 3715/3006/585
f 3693/6445/2488 3716/3009/588 3718/3011/873
f 3722/3015/594 3697/6446/1772 3694/2979/558
f 3728/6447/1835 3695/2982/561 3697/2984/617
f 3717/3012/591 3727/6448/1774 3723/3018/597
f 3720/6449/1836 3724/3021/600 3727/3023/602
f 3715/3006/585 3704/6450/2562 3701/2988/567
f 3721/6451/1837 3702/2991/570 3704/2993/572
f 3708/2997/576 3725/6452/2485 3722/3015/594
f 3714/6453/1839 3723/3018/597 3725/3020/632
f 3703/2994/573 3713/6454/1840 3709/3000/579
f 3706/6455/1779 3710/3003/582 3713/3005/584
f 3701/2988/567 3676/6456/1780 3673/2952/531
f 3707/6457/2489 3674/2955/534 3676/2957/867
f 3681/2964/543 3711/6458/1782 3708/2997/576
f 3683/6459/1842 3709/3000/579 3711/3002/625
f 3753/6460/2563 3749/3042/892 3746/3038/1013
f 3749/3042/892 3754/6461/2564 3747/3041/1015
f 3756/6462/2500 3755/6463/2565 3753/6464/2563
f 3755/6465/2565 3757/6466/2502 3754/6467/2564
f 3756/6462/2500 3761/6468/2566 3758/6469/2504
f 3761/6470/2566 3757/6466/2502 3758/6471/2504
f 3759/6472/2567 3768/3047/1018 3761/6473/2566
f 3768/3047/1018 3760/6474/2568 3761/6473/2566
f 3763/3048/898 3742/3035/887 3767/3051/1021
f 3767/3051/1021 3739/3031/1011 3764/3050/1020
f 3747/3041/1015 3735/3026/880 3751/3044/1016
f 3735/3026/880 3748/3043/893 3751/3044/1016
f 3776/6475/2569 3772/6476/906 3769/6477/990
f 3772/6476/906 3777/6478/2570 3770/6479/991
f 3779/6480/2509 3778/6481/2571 3776/6475/2569
f 3778/6481/2571 3780/6482/2511 3777/6478/2570
f 3779/6480/2509 3784/6483/2572 3781/6484/26
f 3784/6483/2572 3780/6482/2511 3781/6484/26
f 3782/6485/2573 3791/3061/1025 3784/6486/2572
f 3791/3061/1025 3783/6487/2574 3784/6486/2572
f 3763/3048/898 3790/3065/1026 3786/3062/912
f 3790/3065/1026 3762/3045/1017 3787/3064/914
f 3770/3055/991 3752/3040/1014 3774/3058/908
f 3774/3058/908 3748/3043/893 3771/3057/907
f 3799/6488/2575 3795/3070/920 3792/3066/1027
f 3795/3070/920 3800/6489/2576 3793/3069/1029
f 3802/6490/2517 3801/6491/2577 3799/6492/2575
f 3801/6493/2577 3803/6494/2519 3800/6495/2576
f 3802/6490/2517 3807/6496/2578 3804/6497/2521
f 3807/6498/2578 3803/6494/2519 3804/6499/2521
f 3805/6500/2579 3814/3075/925 3807/6501/2578
f 3814/3075/925 3806/6502/2580 3807/6501/2578
f 3793/3069/1029 3775/3054/904 3797/3072/1030
f 3797/3072/1030 3771/3057/907 3794/3071/921
f 3785/3059/1023 3813/3079/929 3788/3063/913
f 3788/3063/913 3809/3076/926 3786/3062/912
f 3822/6503/2581 3818/6504/934 3815/6505/1034
f 3818/6504/934 3823/6506/2582 3816/6507/1035
f 3825/6508/2526 3824/6509/2583 3822/6503/2581
f 3824/6509/2583 3826/6510/2528 3823/6506/2582
f 3825/6508/2526 3830/6511/2584 3827/6512/48
f 3830/6511/2584 3826/6510/2528 3827/6512/48
f 3828/6513/2585 3837/3089/939 3830/6514/2584
f 3837/3089/939 3829/6515/2586 3830/6514/2584
f 3792/3066/1027 3820/3086/936 3816/3083/1035
f 3820/3086/936 3794/3071/921 3817/3085/935
f 3808/3073/1031 3836/3093/943 3811/3077/1032
f 3836/3093/943 3809/3076/926 3811/3077/1032
f 3845/6516/2587 3841/3098/948 3838/3094/1038
f 3841/3098/948 3846/6517/2588 3839/3097/1040
f 3848/6518/2534 3847/6519/2589 3845/6520/2587
f 3847/6521/2589 3849/6522/2536 3846/6523/2588
f 3848/6518/2534 3853/6524/2590 3850/6525/2538
f 3853/6526/2590 3849/6522/2536 3850/6527/2538
f 3851/6528/2539 3860/3103/1044 3853/6529/2590
f 3860/3103/1044 3852/6530/2591 3853/6529/2590
f 3831/3087/1036 3859/3107/1046 3834/3091/941
f 3859/3107/1046 3832/3090/940 3834/3091/941
f 3817/3085/935 3843/3100/1042 3821/3082/932
f 3821/3082/932 3839/3097/1040 3815/3080/1034
f 3868/6531/2592 3864/6532/962 3861/6533/958
f 3864/6532/962 3869/6534/2593 3862/6535/1048
f 3871/6536/2543 3870/6537/2594 3868/6531/2592
f 3870/6537/2594 3872/6538/2545 3869/6534/2593
f 3871/6536/2543 3876/6539/2595 3873/6540/71
f 3876/6539/2595 3872/6538/2545 3873/6540/71
f 3874/6541/2596 3883/3117/1051 3876/6542/2595
f 3883/3117/1051 3875/6543/2597 3876/6542/2595
f 3854/3101/1043 3882/3121/1052 3857/3105/955
f 3882/3121/1052 3855/3104/954 3857/3105/955
f 3840/3099/1041 3866/3114/964 3844/3096/1039
f 3844/3096/1039 3862/3111/1048 3838/3094/1038
f 3891/6544/2598 3887/3126/976 3884/3122/1053
f 3887/3126/976 3892/6545/2599 3885/3125/1055
f 3894/6546/2551 3893/6547/2600 3891/6548/2598
f 3893/6549/2600 3895/6550/2553 3892/6551/2599
f 3894/6546/2551 3899/6552/2601 3896/6553/2555
f 3899/6554/2601 3895/6550/2553 3896/6555/2555
f 3897/6556/2602 3906/3131/981 3899/6557/2601
f 3906/3131/981 3898/6558/2603 3899/6557/2601
f 3877/3115/1049 3905/3135/985 3880/3119/969
f 3880/3119/969 3901/3132/982 3878/3118/968
f 3886/3127/977 3867/3110/960 3863/3113/963
f 3867/3110/960 3885/3125/1055 3861/3108/958
f 3907/6559/2604 3732/6560/876 3729/6561/1009
f 3732/6560/876 3908/6562/2605 3730/6563/1010
f 3736/6564/2492 3909/6565/2606 3907/6559/2604
f 3909/6565/2606 3737/6566/2494 3908/6562/2605
f 3736/6564/2492 3912/6567/2607 3738/6568/4
f 3912/6567/2607 3737/6566/2494 3738/6568/4
f 3910/6569/2608 3745/3033/885 3912/6570/2607
f 3745/3033/885 3911/6571/2609 3912/6570/2607
f 3731/3029/877 3890/3124/1054 3886/3127/977
f 3890/3124/1054 3730/3027/1010 3884/3122/1053
f 3740/3034/886 3903/3133/1058 3744/3037/883
f 3744/3037/883 3900/3129/1057 3741/3036/1012
f 3937/6572/2563 3933/3154/892 3930/3150/1013
f 3933/3154/892 3938/6573/2564 3931/3153/1015
f 3940/6574/2500 3939/6575/2565 3937/6576/2563
f 3939/6577/2565 3941/6578/2502 3938/6579/2564
f 3940/6574/2500 3945/6580/2566 3942/6581/2504
f 3945/6582/2566 3941/6578/2502 3942/6583/2504
f 3943/6584/2567 3952/3159/1018 3945/6585/2566
f 3952/3159/1018 3944/6586/2568 3945/6585/2566
f 3924/3146/886 3951/3163/1021 3947/3160/898
f 3951/3163/1021 3923/3143/1011 3948/3162/1020
f 3931/3153/1015 3919/3138/880 3935/3156/1016
f 3935/3156/1016 3915/3141/877 3932/3155/893
f 3960/6587/2569 3956/6588/906 3953/6589/990
f 3956/6588/906 3961/6590/2570 3954/6591/991
f 3963/6592/2509 3962/6593/2571 3960/6587/2569
f 3962/6593/2571 3964/6594/2511 3961/6590/2570
f 3963/6592/2509 3968/6595/2572 3965/6596/26
f 3968/6595/2572 3964/6594/2511 3965/6596/26
f 3966/6597/2573 3975/3173/1025 3968/6598/2572
f 3975/3173/1025 3967/6599/2574 3968/6598/2572
f 3970/3174/912 3949/3161/899 3974/3177/1026
f 3974/3177/1026 3946/3157/1017 3971/3176/914
f 3954/3167/991 3936/3152/890 3958/3170/908
f 3958/3170/908 3932/3155/893 3955/3169/907
f 3983/6600/2575 3979/3182/920 3976/3178/1027
f 3979/3182/920 3984/6601/2576 3977/3181/1029
f 3986/6602/2517 3985/6603/2577 3983/6604/2575
f 3985/6605/2577 3987/6606/2519 3984/6607/2576
f 3986/6602/2517 3991/6608/2578 3988/6609/2521
f 3991/6610/2578 3987/6606/2519 3988/6611/2521
f 3989/6612/2579 3998/3187/925 3991/6613/2578
f 3998/3187/925 3990/6614/2580 3991/6613/2578
f 3977/3181/1029 3959/3166/904 3981/3184/922
f 3981/3184/922 3955/3169/907 3978/3183/921
f 3969/3171/1023 3997/3191/929 3972/3175/913
f 3972/3175/913 3993/3188/926 3970/3174/912
f 4006/6615/2581 4002/6616/934 3999/6617/1034
f 4002/6616/934 4007/6618/2582 4000/6619/1035
f 4009/6620/2526 4008/6621/2583 4006/6615/2581
f 4008/6621/2583 4010/6622/2528 4007/6618/2582
f 4009/6620/2526 4014/6623/2584 4011/6624/48
f 4014/6623/2584 4010/6622/2528 4011/6624/48
f 4012/6625/2585 4021/3201/939 4014/6626/2584
f 4021/3201/939 4013/6627/2586 4014/6626/2584
f 4000/3195/1035 3982/3180/1061 4004/3198/936
f 3982/3180/1061 4001/3197/935 4004/3198/936
f 3992/3185/1031 4020/3205/943 3995/3189/1032
f 4020/3205/943 3993/3188/926 3995/3189/1032
f 4029/6628/2587 4025/3210/948 4022/3206/1038
f 4025/3210/948 4030/6629/2588 4023/3209/1040
f 4032/6630/2534 4031/6631/2589 4029/6632/2587
f 4031/6633/2589 4033/6634/2536 4030/6635/2588
f 4032/6630/2534 4037/6636/2590 4034/6637/2538
f 4037/6638/2590 4033/6634/2536 4034/6639/2538
f 4035/6640/2610 4044/3215/1044 4037/6641/2590
f 4044/3215/1044 4036/6642/2591 4037/6641/2590
f 4015/3199/1036 4043/3219/1046 4018/3203/941
f 4018/3203/941 4039/3216/954 4016/3202/940
f 4024/3211/1041 4005/3194/932 4001/3197/935
f 4005/3194/932 4023/3209/1040 3999/3192/1034
f 4052/6643/2592 4048/6644/962 4045/6645/958
f 4048/6644/962 4053/6646/2593 4046/6647/1048
f 4055/6648/2543 4054/6649/2594 4052/6643/2592
f 4054/6649/2594 4056/6650/2545 4053/6646/2593
f 4055/6648/2543 4060/6651/2595 4057/6652/71
f 4060/6651/2595 4056/6650/2545 4057/6652/71
f 4058/6653/2596 4067/3229/1051 4060/6654/2595
f 4067/3229/1051 4059/6655/2597 4060/6654/2595
f 4038/3213/1043 4066/3233/1052 4041/3217/1062
f 4066/3233/1052 4039/3216/954 4041/3217/1062
f 4024/3211/1041 4050/3226/964 4028/3208/946
f 4028/3208/946 4046/3223/1048 4022/3206/1038
f 4075/6656/2598 4071/3238/976 4068/3234/1053
f 4071/3238/976 4076/6657/2599 4069/3237/1055
f 4078/6658/2551 4077/6659/2600 4075/6660/2598
f 4077/6661/2600 4079/6662/2553 4076/6663/2599
f 4078/6658/2551 4083/6664/2601 4080/6665/2555
f 4083/6666/2601 4079/6662/2553 4080/6667/2555
f 4081/6668/2602 4090/3243/981 4083/6669/2601
f 4090/3243/981 4082/6670/2603 4083/6669/2601
f 4061/3227/1049 4089/3247/1063 4064/3231/969
f 4089/3247/1063 4062/3230/968 4064/3231/969
f 4047/3225/963 4073/3240/978 4051/3222/960
f 4073/3240/978 4045/3220/958 4051/3222/960
f 4091/6671/2604 3916/6672/876 3913/6673/1009
f 3916/6672/876 4092/6674/2605 3914/6675/1010
f 3920/6676/2492 4093/6677/2606 4091/6671/2604
f 4093/6677/2606 3921/6678/2494 4092/6674/2605
f 3920/6676/2492 4096/6679/2607 3922/6680/4
f 4096/6679/2607 3921/6678/2494 3922/6680/4
f 4094/6681/2608 3929/3145/885 4096/6682/2607
f 3929/3145/885 4095/6683/2609 4096/6682/2607
f 4070/3239/977 3918/3142/878 4074/3236/1054
f 4074/3236/1054 3914/3139/1010 4068/3234/1053
f 4085/3244/982 3928/3149/883 3924/3146/886
f 3928/3149/883 4084/3241/1057 3925/3148/1012
f 4097/3250/1066 4123/6684/1090 4119/6685/1086
f 4107/3249/1065 4120/6686/1091 4123/6684/1090
f 4100/3257/1073 4118/3261/1077 4106/3255/1071
f 4106/3255/1071 4112/6687/1085 4101/3258/1074
f 4111/3268/1082 4125/3276/1089 4117/3271/1084
f 4117/3271/1084 4120/3278/1091 4112/3272/1085
f 4109/3264/1080 4153/3303/1115 4148/3305/1117
f 4113/6688/1079 4149/3306/1118 4153/3308/1115
f 4150/6689/1122 4105/3256/1072 4099/3253/1069
f 4155/6690/1121 4100/3257/1073 4105/3256/1072
f 4128/3284/1097 4102/3248/1064 4133/3282/1095
f 4102/3248/1064 4129/3286/1099 4133/3282/1095
f 4122/3281/1094 4135/6691/1098 4127/3275/1088
f 4127/6692/1088 4129/3286/1099 4119/6685/1086
f 4139/6693/1108 4104/3251/1067 4143/6694/1106
f 4143/6694/1106 4098/3252/1068 4140/6695/1109
f 4141/3301/1113 4138/6696/1096 4132/6697/1105
f 4145/6698/1112 4128/3284/1097 4138/3283/1096
f 4151/3312/1123 4147/3295/1107 4142/3302/1114
f 4156/3309/1120 4139/3296/1108 4147/3295/1107
f 4110/6699/1081 4204/3365/1170 4199/3361/1166
f 4115/3262/1078 4200/3366/1171 4204/3365/1170
f 4152/6700/1124 4206/3364/1169 4158/3304/1116
f 4158/3304/1116 4200/3366/1171 4148/3305/1117
f 4159/3318/1128 4116/3269/1083 4110/3265/1081
f 4167/3317/1127 4111/3268/1082 4116/3269/1083
f 4131/3292/1104 4173/3325/1135 4168/3327/1137
f 4136/3291/1103 4169/6701/1138 4173/3325/1135
f 4170/3331/1140 4126/3280/1093 4121/3279/1092
f 4175/3332/1141 4122/3281/1094 4126/3280/1093
f 4179/3339/1146 4146/3299/1111 4184/3343/1150
f 4184/3343/1150 4141/3301/1113 4180/3342/1149
f 4131/3292/1104 4186/3345/1152 4137/3290/1102
f 4137/3290/1102 4180/6702/1149 4132/3293/1105
f 4190/3354/1159 4157/3315/1125 4194/3352/1157
f 4194/3352/1157 4151/3312/1123 4191/3355/1160
f 4203/3372/1176 4163/6703/1126 4209/3371/1168
f 4209/6704/1168 4159/3318/1128 4199/6705/1166
f 4161/3323/1133 4176/3334/1143 4166/3321/1131
f 4166/3321/1131 4170/3331/1140 4162/3324/1134
f 4172/3336/1145 4187/3349/1151 4178/6706/1136
f 4187/3344/1151 4168/3327/1137 4178/3326/1136
f 4192/3359/1164 4189/3341/1148 4183/3351/1156
f 4196/3358/1163 4179/3339/1146 4189/3341/1148
f 4202/3370/1175 4198/6707/1158 4193/6708/1165
f 4207/6709/1174 4190/3354/1159 4198/3353/1158
f 4161/6710/1133 4215/3377/1181 4210/3373/1177
f 4165/6711/1132 4211/3378/1182 4215/3377/1181
f 4202/3370/1175 4217/3376/1180 4208/3368/1173
f 4217/3376/1180 4203/3372/1176 4208/3368/1173
f 4214/3383/1187 4177/3338/1142 4220/3375/1179
f 4220/3375/1179 4171/6712/1144 4210/3373/1177
f 4183/6713/1156 4219/3382/1186 4213/3381/1185
f 4188/6714/1155 4214/3383/1187 4219/3382/1186
f 4212/3380/1184 4197/6715/1162 4218/3379/1183
f 4218/3379/1183 4192/6716/1164 4213/3381/1185
f 4236/3405/360 4227/3390/345 4223/3391/346
f 4227/3386/341 4235/3400/1188 4221/3384/339
f 4244/3415/370 4231/3396/351 4248/3414/369
f 4248/3410/1191 4228/3392/347 4242/3408/363
f 4230/3399/354 4226/3387/342 4222/3389/344
f 4233/3395/350 4223/3391/346 4226/3387/342
f 4237/3407/362 4247/3411/366 4243/3413/368
f 4240/3403/358 4244/3415/370 4247/3411/366
f 4250/6717/376 4241/3406/361 4237/3407/362
f 4241/3402/357 4249/3416/371 4235/3400/1188
f 4243/6718/368 4262/3430/385 4258/3431/386
f 4262/3426/381 4242/3408/363 4256/3424/1193
f 4251/3423/378 4261/3427/382 4257/3429/384
f 4254/3419/374 4258/3431/386 4261/3427/382
f 4264/3437/392 4255/3422/377 4251/3423/378
f 4255/3418/373 4263/3432/387 4249/3416/371
f 4257/3429/384 4276/3446/401 4272/3447/402
f 4259/6719/2611 4270/3440/395 4276/3442/1196
f 4265/3439/394 4275/3443/1197 4271/3445/400
f 4268/3435/390 4272/3447/402 4275/3443/1197
f 4278/3453/408 4269/3438/393 4265/3439/394
f 4269/3434/1195 4277/3448/1198 4263/3432/387
f 4286/3463/418 4273/3444/399 4290/3462/417
f 4290/3458/1201 4270/3440/395 4284/3456/411
f 4279/3455/410 4289/3459/414 4285/3461/416
f 4282/3451/406 4286/3463/418 4289/3459/414
f 4292/3469/424 4283/6720/409 4279/6721/410
f 4283/3450/405 4291/3464/419 4277/3448/1198
f 4285/3461/416 4304/6722/433 4300/6723/434
f 4304/3474/429 4284/3456/411 4298/3472/427
f 4293/3471/426 4303/3475/430 4299/3477/432
f 4296/3467/422 4300/3479/434 4303/3475/430
f 4306/3485/440 4297/3470/425 4293/3471/426
f 4297/3466/1202 4305/3480/435 4291/3464/419
f 4299/3477/432 4318/3494/449 4314/3495/450
f 4301/6724/1642 4312/3488/443 4318/3490/844
f 4307/3487/442 4317/3491/446 4313/3493/448
f 4310/3483/438 4314/3495/450 4317/3491/446
f 4320/3501/456 4311/3486/441 4307/3487/442
f 4311/3482/437 4319/3496/1204 4305/3480/435
f 4328/3511/466 4315/3492/447 4332/3510/465
f 4332/3506/1207 4312/3488/443 4326/3504/459
f 4321/3503/458 4331/3507/462 4327/3509/464
f 4324/3499/454 4328/3511/466 4331/3507/462
f 4334/3517/472 4325/6725/457 4321/6726/458
f 4325/3498/453 4333/3512/467 4319/3496/1204
f 4327/6727/464 4346/3526/481 4342/3527/482
f 4346/3522/477 4326/3504/459 4340/3520/1209
f 4335/3519/474 4345/3523/478 4341/3525/480
f 4338/3515/470 4342/3527/482 4345/3523/478
f 4348/3533/488 4339/3518/473 4335/3519/474
f 4339/3514/469 4347/3528/483 4333/3512/467
f 4341/3525/480 4360/3542/497 4356/3543/498
f 4343/6728/2612 4354/3536/491 4360/3538/1211
f 4349/3535/490 4359/3539/1212 4355/3541/496
f 4352/3531/486 4356/3543/498 4359/3539/1212
f 4362/3549/504 4353/3534/489 4349/3535/490
f 4353/3530/485 4361/3544/851 4347/3528/483
f 4370/3559/514 4357/3540/495 4374/3558/513
f 4374/3554/1214 4354/3536/491 4368/3552/852
f 4363/3551/506 4373/3555/510 4369/3557/512
f 4366/3547/502 4370/3559/514 4373/3555/510
f 4376/3565/520 4367/6729/505 4363/6730/506
f 4367/3546/501 4375/3560/515 4361/3544/851
f 4369/6731/512 4388/3574/529 4384/3575/530
f 4388/3570/525 4368/3552/852 4382/3568/523
f 4377/3567/522 4387/3571/526 4383/3573/528
f 4380/3563/518 4384/3575/530 4387/3571/526
f 4222/3389/344 4381/3566/521 4377/3567/522
f 4381/3562/1215 4221/3384/339 4375/3560/515
f 4383/3573/528 4234/3398/353 4230/3399/354
f 4385/6732/1651 4228/3392/347 4234/3394/349
f 4391/3582/1223 4406/6733/1240 4395/6734/2613
f 4406/6735/2614 4389/3576/1217 4395/3578/1219
f 4397/3587/1229 4416/6736/2615 4412/6737/1250
f 4416/3602/1246 4396/3584/1226 4410/3600/1244
f 4390/3579/1220 4401/3591/1234 4394/3583/2616
f 4401/3591/2617 4391/3582/1223 4394/3583/1225
f 4405/3598/1241 4415/3607/2618 4411/3603/1247
f 4415/3607/1252 4404/3595/1238 4412/3606/1250
f 4405/3598/1241 4420/3613/1258 4409/6738/2619
f 4420/6739/2620 4403/3592/1235 4409/3594/1237
f 4411/3603/1247 4430/6740/2621 4426/3623/1268
f 4430/3619/1264 4410/3600/1244 4424/3617/1262
f 4419/3614/1259 4429/6741/2622 4425/3620/1265
f 4429/3625/1270 4418/3611/1256 4426/3623/1268
f 4432/3629/1274 4423/6742/2623 4419/3614/1259
f 4434/6743/2624 4417/3608/1253 4423/3610/1255
f 4425/3620/1265 4444/6744/2625 4440/3641/1286
f 4444/3637/1282 4424/3617/1262 4438/3635/1280
f 4433/3632/1277 4443/6745/2626 4439/3638/1283
f 4443/3643/1288 4432/3629/1274 4440/3641/1286
f 4446/3647/1292 4437/6746/2627 4433/3632/1277
f 4448/6747/2628 4431/3626/1271 4437/3628/1273
f 4439/3638/1283 4458/6748/2629 4454/3658/1304
f 4441/6749/2630 4452/3652/1298 4458/3654/1300
f 4447/3650/1295 4457/3659/2631 4453/3655/1301
f 4457/3659/1306 4446/3647/1292 4454/3658/1304
f 4390/3579/1220 4451/6750/2632 4447/6751/1295
f 4451/3646/1291 4389/3576/1217 4445/3644/1289
f 4398/3590/1232 4455/6752/1303 4402/6753/2633
f 4455/6754/2634 4396/3584/1226 4402/3586/1228
f 4461/3666/1223 4476/6755/1240 4465/6756/2613
f 4465/3662/1219 4473/3676/1235 4459/3660/1217
f 4467/3671/1307 4486/6757/2615 4482/6758/1250
f 4486/3686/1311 4466/3668/1226 4480/3684/1244
f 4460/3663/1220 4471/3675/1234 4464/3667/2616
f 4471/3675/2617 4461/3666/1223 4464/3667/1225
f 4475/3682/1241 4485/3691/2618 4481/3687/1247
f 4485/3691/1313 4474/3679/1238 4482/3690/1250
f 4475/3682/1241 4490/3697/1315 4479/6759/2635
f 4490/6760/2620 4473/3676/1235 4479/3678/1309
f 4496/3707/1268 4483/3689/1249 4500/6761/2621
f 4500/3703/1264 4480/3684/1244 4494/3701/1262
f 4489/3698/1259 4499/6762/2622 4495/3704/1265
f 4499/3709/1270 4488/3695/1314 4496/3707/1268
f 4502/3713/1274 4493/6763/2636 4489/3698/1259
f 4504/6764/2624 4487/3692/1253 4493/3694/1255
f 4510/3725/1286 4497/3706/1267 4514/6765/2625
f 4497/6766/2637 4508/3719/1280 4514/3721/1282
f 4503/3716/1318 4513/6767/2626 4509/3722/1283
f 4513/3727/1288 4502/3713/1274 4510/3725/1286
f 4516/3731/1292 4507/6768/2638 4503/3716/1318
f 4507/3712/1273 4515/3728/1289 4501/3710/1271
f 4509/3722/1283 4528/6769/2629 4524/3742/1304
f 4528/3738/1323 4508/3719/1280 4522/3736/1298
f 4517/3734/1295 4527/3743/2631 4523/3739/1324
f 4527/3743/1306 4516/3731/1292 4524/3742/1304
f 4460/3663/1220 4521/6770/2639 4517/6771/1295
f 4521/3730/1291 4459/3660/1217 4515/3728/1289
f 4523/6772/1324 4472/6773/2633 4468/3674/1232
f 4472/3670/1228 4522/3736/1298 4466/3668/1226
f 4531/3750/1223 4546/6774/1329 4535/6775/2613
f 4535/3746/1219 4543/3760/1235 4529/3744/1217
f 4537/3755/1307 4556/6776/2640 4552/6777/1250
f 4539/6778/2641 4550/3768/1244 4556/3770/1246
f 4530/3747/1220 4541/3759/1234 4534/3751/2616
f 4541/3759/2617 4531/3750/1223 4534/3751/1225
f 4545/3766/1241 4555/3775/2618 4551/3771/1247
f 4555/3775/1313 4544/3763/1238 4552/3774/1250
f 4545/3766/1241 4560/3781/1315 4549/6779/2642
f 4549/3762/1328 4557/3776/1253 4543/3760/1235
f 4551/3771/1247 4570/6780/2621 4566/3791/1268
f 4570/3787/1264 4550/3768/1244 4564/3785/1262
f 4559/3782/1259 4569/6781/2622 4565/3788/1265
f 4569/3793/1270 4558/3779/1256 4566/3791/1268
f 4572/3797/1274 4563/6782/2623 4559/3782/1259
f 4563/3778/1332 4571/3794/1271 4557/3776/1253
f 4565/3788/1265 4584/6783/2625 4580/3809/1286
f 4567/6784/2637 4578/3803/1280 4584/3805/1282
f 4573/3800/1277 4583/6785/2626 4579/3806/1283
f 4583/3811/1288 4572/3797/1274 4580/3809/1286
f 4586/3815/1292 4577/6786/2638 4573/3800/1277
f 4588/6787/2628 4571/3794/1271 4577/3796/1273
f 4594/3826/1304 4581/3808/1285 4598/6788/2629
f 4598/3822/1336 4578/3803/1280 4592/3820/1298
f 4587/3818/1295 4597/3827/2643 4593/3823/1301
f 4597/3827/1306 4586/3815/1292 4594/3826/1304
f 4530/3747/1220 4591/6789/2632 4587/6790/1295
f 4532/6791/2644 4585/3812/1289 4591/3814/1291
f 4538/3758/1327 4595/6792/1337 4542/6793/2633
f 4595/6794/2634 4536/3752/1226 4542/3754/1228
f 4601/3834/1223 4616/6795/1329 4605/6796/2613
f 4605/3830/1219 4613/3844/1235 4599/3828/1217
f 4607/3839/1307 4626/6797/2640 4622/6798/1250
f 4626/3854/1246 4606/3836/1226 4620/3852/1244
f 4600/3831/1220 4611/3843/1234 4604/3835/2616
f 4611/3843/2617 4601/3834/1223 4604/3835/1225
f 4615/3850/1241 4625/3859/2618 4621/3855/1247
f 4625/3859/1313 4614/3847/1238 4622/3858/1250
f 4615/3850/1241 4630/3865/1315 4619/6799/2642
f 4619/3846/1328 4627/3860/1253 4613/3844/1235
f 4621/3855/1247 4640/6800/2621 4636/3875/1268
f 4623/6801/2645 4634/3869/1262 4640/3871/1264
f 4629/3866/1259 4639/6802/2622 4635/3872/1265
f 4639/3877/1270 4628/3863/1256 4636/3875/1268
f 4642/3881/1274 4633/6803/2623 4629/3866/1259
f 4633/3862/1332 4641/3878/1271 4627/3860/1253
f 4635/3872/1265 4654/6804/2625 4650/3893/1286
f 4637/6805/2637 4648/3887/1280 4654/3889/1282
f 4643/3884/1277 4653/6806/2626 4649/3890/1283
f 4653/3895/1288 4642/3881/1274 4650/3893/1286
f 4656/3899/1292 4647/6807/2638 4643/3884/1277
f 4658/6808/2628 4641/3878/1271 4647/3880/1273
f 4649/3890/1283 4668/6809/2629 4664/3910/1304
f 4651/6810/2630 4662/3904/1298 4668/3906/1339
f 4657/3902/1295 4667/3911/2643 4663/3907/1301
f 4667/3911/1306 4656/3899/1292 4664/3910/1304
f 4657/6811/1295 4602/3833/1222 4661/6812/2639
f 4602/6813/2644 4655/3896/1289 4661/3898/1291
f 4608/3842/1327 4665/6814/1337 4612/6815/2633
f 4612/3838/1338 4662/3904/1298 4606/3836/1226
f 4684/6816/1238 4675/6817/2613 4671/3918/1223
f 4675/3914/1219 4683/3928/1235 4669/3912/1217
f 4677/3923/1307 4696/6818/2615 4692/6819/1250
f 4696/3938/1311 4676/3920/1226 4690/3936/1244
f 4670/3915/1220 4681/3927/1234 4674/3919/2616
f 4681/3927/2646 4671/3918/1223 4674/3919/1225
f 4685/3934/1241 4695/3943/2618 4691/3939/1247
f 4695/3943/1252 4684/3931/1238 4692/3942/1250
f 4685/3934/1241 4700/3949/1315 4689/6820/2635
f 4700/6821/2620 4683/3928/1235 4689/3930/1309
f 4706/3959/1268 4693/3941/1249 4710/6822/2621
f 4693/6823/2647 4704/3953/1262 4710/3955/1341
f 4699/3950/1259 4709/6824/2622 4705/3956/1265
f 4709/3961/1270 4698/3947/1314 4706/3959/1268
f 4699/3950/1259 4714/3967/1276 4703/6825/2636
f 4714/6826/2624 4697/3944/1253 4703/3946/1255
f 4720/3977/1286 4707/3958/1267 4724/6827/2625
f 4707/6828/2637 4718/3971/1280 4724/3973/1282
f 4713/3968/1318 4723/6829/2626 4719/3974/1283
f 4723/3979/1288 4712/3965/1274 4720/3977/1286
f 4726/3983/1292 4717/6830/2638 4713/3968/1318
f 4728/6831/2628 4711/3962/1271 4717/3964/1273
f 4719/3974/1283 4738/6832/2629 4734/3994/1304
f 4738/3990/1336 4718/3971/1280 4732/3988/1345
f 4727/3986/1295 4737/3995/2631 4733/3991/1324
f 4737/3995/1306 4726/3983/1292 4734/3994/1304
f 4670/3915/1220 4731/6833/2639 4727/6834/1295
f 4672/6835/2644 4725/3980/1289 4731/3982/1343
f 4733/6836/1324 4682/6837/2633 4678/3926/1232
f 4735/6838/2634 4676/3920/1226 4682/3922/1340
f 4754/4017/1367 4745/4002/1352 4741/4003/1353
f 4756/6839/2648 4739/3996/1346 4745/3998/1348
f 4747/4009/1359 4766/4026/1376 4762/4028/1377
f 4749/6840/2649 4760/4020/1370 4766/4022/1372
f 4748/4011/1361 4744/3999/1349 4740/4001/1351
f 4751/4007/1357 4741/4003/1353 4744/3999/1349
f 4755/4019/1369 4765/4027/1373 4761/6841/1375
f 4758/4015/1365 4762/4028/1377 4765/4027/1373
f 4755/6842/1369 4770/4033/1382 4759/6843/1368
f 4770/6844/2650 4753/4012/1362 4759/4014/1364
f 4761/4025/1375 4780/4043/1392 4776/4044/1393
f 4780/4039/1388 4760/4020/1370 4774/4037/1386
f 4769/4036/1385 4779/4040/1389 4775/4042/1391
f 4772/4032/1381 4776/4044/1393 4779/4040/1389
f 4782/4050/1399 4773/4035/1384 4769/4036/1385
f 4773/4031/1380 4781/4045/1394 4767/4029/1378
f 4790/4060/1409 4777/4041/1390 4794/4059/1408
f 4794/4055/1404 4774/4037/1386 4788/4053/1402
f 4789/4058/1407 4786/4048/1397 4793/4056/1405
f 4786/4048/1397 4790/4060/1409 4793/4056/1405
f 4796/4066/1415 4787/4051/1400 4783/4052/1401
f 4787/4047/1396 4795/4061/1410 4781/4045/1394
f 4804/4078/1425 4791/4057/1406 4808/4076/1424
f 4791/6845/2651 4802/4070/1418 4808/4072/1420
f 4797/4069/1417 4807/4073/1421 4803/4075/1423
f 4800/4068/1413 4804/6846/1425 4807/4073/1421
f 4810/4084/1431 4801/4067/1416 4797/4069/1417
f 4812/6847/2652 4795/4061/1410 4801/4063/1412
f 4803/4075/1423 4822/4093/1440 4818/4094/1441
f 4805/6848/2653 4816/4087/1434 4822/4089/1436
f 4811/4086/1433 4821/4090/1437 4817/4092/1439
f 4814/4082/1429 4818/4094/1441 4821/4090/1437
f 4824/4100/1447 4815/4085/1432 4811/4086/1433
f 4815/4081/1428 4823/4095/1442 4809/4079/1426
f 4817/4092/1439 4836/4110/1456 4832/4112/1457
f 4819/6849/2654 4830/4104/1450 4836/4106/1452
f 4825/6850/1449 4835/4111/1453 4831/6851/1455
f 4828/4098/1445 4832/4112/1457 4835/4111/1453
f 4825/4103/1449 4840/4117/1462 4829/4101/1448
f 4829/4097/1444 4837/4113/1458 4823/4095/1442
f 4831/4109/1455 4850/4127/1472 4846/4128/1473
f 4850/4123/1468 4830/4104/1450 4844/4121/1466
f 4845/4126/1471 4842/4116/1461 4849/4124/1469
f 4842/4116/1461 4846/4128/1473 4849/4124/1469
f 4839/4120/1465 4854/4133/1478 4843/4119/1464
f 4843/4115/1460 4851/4129/1474 4837/4113/1458
f 4860/4144/1489 4847/4125/1470 4864/4143/1488
f 4847/6852/2655 4858/4137/1482 4864/4139/1484
f 4859/4142/1487 4856/4132/1477 4863/4140/1485
f 4856/4132/1477 4860/4144/1489 4863/4140/1485
f 4853/4136/1481 4868/4149/1494 4857/4135/1480
f 4857/4131/1476 4865/4145/1490 4851/4129/1474
f 4859/4142/1487 4878/4160/1504 4874/4162/1505
f 4861/6853/2656 4872/4154/1498 4878/4156/1500
f 4867/4153/1497 4877/4157/1501 4873/4159/1503
f 4870/4152/1493 4874/6854/1505 4877/4157/1501
f 4740/4001/1351 4871/4151/1496 4867/4153/1497
f 4871/4147/1492 4739/3996/1346 4865/4145/1490
f 4873/4159/1503 4752/4010/1360 4748/4011/1361
f 4875/6855/2657 4746/4004/1354 4752/4006/1356
f 4901/6856/1527 4889/4165/1507 4906/6857/1531
f 4906/6857/1531 4883/4172/1514 4902/6858/1530
f 4882/4170/1512 4900/6859/1518 4888/4173/1515
f 4888/4173/1515 4894/4184/1525 4883/4172/1514
f 4893/4181/1523 4908/4193/1533 4899/6860/1526
f 4899/6860/1526 4902/4190/1530 4894/6861/1525
f 4891/4177/1519 4939/4224/1564 4934/4220/1560
f 4939/4224/1564 4890/4174/1516 4935/4223/1563
f 4936/4225/1565 4887/4171/1513 4881/4168/1510
f 4887/4171/1513 4935/6862/1563 4882/4170/1512
f 4880/4166/1508 4917/6863/1542 4912/6864/1538
f 4917/6863/1542 4879/4163/1506 4913/6865/1541
f 4905/6866/1536 4919/4204/1544 4911/6867/1529
f 4911/6868/1529 4913/6865/1541 4901/6856/1527
f 4881/4168/1510 4928/6869/1553 4923/6870/1549
f 4928/6869/1553 4880/4166/1508 4924/6871/1552
f 4925/6872/1554 4922/4200/1540 4916/4207/1547
f 4930/6873/1555 4912/6864/1538 4922/6874/1540
f 4937/4228/1567 4933/4211/1551 4927/4218/1558
f 4942/4230/1568 4923/4209/1549 4933/4211/1551
f 4892/4179/1521 4994/4285/1619 4989/4281/1615
f 4897/4180/1522 4990/4284/1618 4994/4285/1619
f 4991/4286/1620 4944/4222/1562 4938/4231/1569
f 4944/4222/1562 4990/4284/1618 4934/4220/1560
f 4904/4194/1534 4950/4237/1575 4945/4233/1571
f 4909/4195/1535 4946/4236/1574 4950/4237/1575
f 4947/4238/1576 4898/4183/1524 4892/6875/1521
f 4898/4183/1524 4946/4236/1574 4893/4181/1523
f 4915/4205/1545 4961/4248/1586 4956/4244/1582
f 4920/4206/1546 4957/4247/1585 4961/4248/1586
f 4958/4249/1587 4910/4197/1537 4904/4194/1534
f 4910/4197/1537 4957/6876/1585 4905/4196/1536
f 4967/4257/1593 4931/4217/1557 4972/6877/1597
f 4972/6877/1597 4925/4214/1554 4968/6878/1596
f 4915/4205/1545 4974/4264/1599 4921/4208/1548
f 4921/4208/1548 4968/4260/1596 4916/4207/1547
f 4938/6879/1569 4983/4274/1608 4978/4270/1604
f 4943/6880/1570 4979/4273/1607 4983/4274/1608
f 4926/4216/1556 4985/4276/1610 4932/4219/1559
f 4932/4219/1559 4979/4273/1607 4927/4218/1558
f 4993/6881/1624 4953/6882/1579 4999/6883/1617
f 4999/4283/1617 4947/6884/1576 4989/4281/1615
f 4949/4242/1580 4964/6885/1590 4955/4235/1573
f 4955/4235/1573 4958/4249/1587 4945/4233/1571
f 4960/4255/1591 4975/4266/1601 4966/4246/1584
f 4975/4266/1601 4956/4244/1582 4966/4246/1584
f 4981/4277/1611 4977/4259/1595 4971/6886/1602
f 4986/4278/1612 4967/4257/1593 4977/4259/1595
f 4992/6887/1622 4988/6888/1606 4982/6889/1613
f 4997/4289/1623 4978/6890/1604 4988/6891/1606
f 5000/4292/1626 4954/6892/1581 5005/4296/1629
f 4954/6892/1581 5001/4295/1628 5005/4296/1629
f 4992/6887/1622 5007/4298/1631 4998/6893/1625
f 5007/4298/1631 4993/6881/1624 4998/6893/1625
f 5004/4301/1634 4965/6894/1592 5010/4294/1627
f 5010/4294/1627 4959/4252/1589 5000/4292/1626
f 4971/4267/1602 5009/4302/1635 5003/4299/1632
f 5009/4302/1635 4970/6895/1600 5004/4301/1634
f 5002/4297/1630 4987/6896/1614 5008/4300/1633
f 4987/6896/1614 5003/4299/1632 5008/4300/1633
f 679/888/387 735/952/451 791/1016/515
f 645/853/352 652/861/360 639/847/346
f 799/1029/528 638/845/344 793/1023/522
f 784/1008/507 728/944/443 672/880/379
f 659/869/368 666/4305/376 653/863/362
f 673/885/384 680/893/392 667/879/378
f 687/901/400 694/909/408 681/895/394
f 701/917/416 708/6897/424 695/911/410
f 715/933/432 722/941/440 709/927/426
f 729/949/448 736/957/456 723/943/442
f 743/4320/464 750/973/472 737/4319/458
f 757/981/480 764/989/488 751/975/474
f 771/997/496 778/1005/504 765/991/490
f 785/4328/512 792/1021/520 779/4325/506
f 823/4354/1674 847/4398/1715 871/4432/1747
f 809/4449/1762 812/4331/1652 806/4333/1654
f 887/4444/1757 806/4333/1654 884/4447/1760
f 880/4436/1751 856/4401/1718 832/4367/1686
f 815/4337/1658 818/4343/1664 812/4331/1652
f 821/6898/1668 824/4351/1672 818/4353/1664
f 827/4356/1676 830/4361/1680 824/4351/1672
f 833/4365/1684 836/4369/1688 830/4361/1680
f 839/4382/1693 842/4377/1696 836/4379/1688
f 845/4384/1701 848/4387/1704 842/4377/1696
f 851/4392/1709 854/4404/1721 848/4387/1704
f 857/4399/1716 860/4403/1720 854/4404/1721
f 863/6899/1725 866/4411/1728 860/4413/1720
f 869/4416/1732 872/4421/1736 866/4411/1728
f 875/4426/1741 878/4429/1744 872/4421/1736
f 881/4442/1749 884/4447/1760 878/4437/1744
f 931/1086/585 889/1032/531 903/1050/549
f 898/1047/546 904/1053/552 891/1038/537
f 925/1080/579 890/1035/534 919/1074/573
f 910/1059/558 924/1077/576 938/1095/594
f 911/1062/561 932/1089/588 905/1056/555
f 939/1098/597 918/1071/570 933/1092/591
f 963/4504/1674 987/4538/1715 1011/4572/1747
f 949/4477/1762 952/4471/1652 946/4473/1654
f 1027/4584/1757 946/4473/1654 1024/4577/1760
f 1020/4575/1751 996/4541/1718 972/4507/1793
f 955/4479/1658 958/4483/1664 952/4471/1652
f 961/4496/1668 964/4491/1672 958/4493/1664
f 967/4498/1676 970/4501/1680 964/4491/1672
f 973/4506/1684 976/4509/1688 970/4501/1680
f 979/4522/1693 982/4517/1696 976/4519/1688
f 985/4524/1701 988/4527/1704 982/4517/1696
f 991/4532/1709 994/4535/1721 988/4527/1704
f 997/4540/1716 1000/6900/1720 994/4535/1721
f 1003/6901/1725 1006/4551/1728 1000/4553/1720
f 1009/4556/1732 1012/4561/1736 1006/4551/1728
f 1015/4566/1741 1018/6902/1744 1012/4561/1736
f 1021/4582/1749 1024/4577/1760 1018/4579/1744
f 1047/4624/1674 1071/4658/1715 1095/4692/1747
f 1033/4597/1762 1036/4591/1652 1030/4593/1654
f 1111/4704/1757 1030/4593/1654 1108/4697/1760
f 1104/4695/1751 1080/4662/1718 1056/4627/1793
f 1039/4599/1658 1042/6903/1664 1036/4591/1652
f 1045/6904/1668 1048/4611/1672 1042/4613/1664
f 1051/4616/1676 1054/4621/1680 1048/4611/1672
f 1057/4626/1684 1060/6905/1688 1054/4621/1680
f 1063/4642/1693 1066/4637/1696 1060/4639/1688
f 1069/4644/1701 1072/4656/1704 1066/4637/1696
f 1075/4652/1709 1078/4655/1721 1072/4656/1704
f 1081/4660/1716 1084/4663/1720 1078/4655/1721
f 1087/4676/1725 1090/4671/1728 1084/4673/1720
f 1093/4678/1732 1096/4681/1736 1090/4671/1728
f 1099/4686/1741 1102/4689/1744 1096/4681/1736
f 1105/4702/1749 1108/4697/1760 1102/4699/1744
f 1131/4744/1674 1155/4769/1715 1179/4812/1747
f 1117/4829/1762 1120/4711/1652 1114/4713/1654
f 1195/4822/1757 1114/4713/1654 1192/4817/1760
f 1188/4816/1751 1164/4781/1718 1140/4748/1686
f 1123/4717/1658 1126/4723/1664 1120/4711/1652
f 1129/4736/1668 1132/4731/1672 1126/4733/1664
f 1135/4738/1676 1138/4750/1680 1132/4731/1672
f 1141/4746/1684 1144/4749/1688 1138/4750/1680
f 1147/4762/1693 1150/4757/1696 1144/4759/1688
f 1153/4764/1701 1156/4767/1704 1150/4757/1696
f 1159/4771/1709 1162/4784/1721 1156/4767/1704
f 1165/4780/1716 1168/4783/1720 1162/4784/1721
f 1171/6906/1725 1174/4791/1728 1168/4793/1720
f 1177/4796/1732 1180/4801/1736 1174/4791/1728
f 1183/4806/1741 1186/4809/1744 1180/4801/1736
f 1189/6907/1749 1192/4817/1760 1186/4819/1744
f 1215/4864/1674 1239/4898/1715 1263/4932/1747
f 1201/4949/1762 1204/4831/1652 1198/4833/1654
f 1279/4944/1757 1198/4833/1654 1276/4947/1760
f 1272/4935/1751 1248/4901/1718 1224/4867/1686
f 1207/4837/1658 1210/6908/1664 1204/4831/1652
f 1213/4856/1668 1216/4851/1672 1210/4853/1664
f 1219/4858/1676 1222/4861/1680 1216/4851/1672
f 1225/4866/1684 1228/4869/1688 1222/4861/1680
f 1231/4882/1693 1234/4888/1696 1228/4877/1688
f 1237/4884/1701 1240/4887/1704 1234/4888/1696
f 1243/4891/1709 1246/4895/1721 1240/4887/1704
f 1249/4899/1716 1252/6909/1720 1246/4895/1721
f 1255/4916/1725 1258/4922/1728 1252/4911/1720
f 1261/4918/1732 1264/4921/1736 1258/4922/1728
f 1267/4926/1741 1270/4929/1744 1264/4921/1736
f 1273/4942/1749 1276/4947/1760 1270/4937/1744
f 1323/1158/585 1281/1104/531 1295/1122/549
f 1290/1119/546 1296/1125/552 1283/1110/537
f 1317/1152/579 1282/1107/534 1311/1146/573
f 1302/1131/558 1316/1149/576 1330/1167/594
f 1303/1134/561 1324/1161/588 1297/1128/555
f 1331/1170/597 1310/1143/570 1325/1164/591
f 1379/1230/585 1337/1176/531 1351/1194/549
f 1346/1191/546 1352/1197/552 1339/1182/537
f 1373/1224/579 1338/1179/534 1367/1218/573
f 1358/1203/558 1372/1221/576 1386/1239/594
f 1359/1206/561 1380/1233/588 1353/1200/555
f 1387/1242/597 1366/1215/570 1381/1236/591
f 1435/1302/585 1393/1248/531 1407/1266/549
f 1402/1263/546 1408/1269/552 1395/1254/537
f 1429/1296/579 1394/1251/534 1423/1290/573
f 1414/1275/558 1428/1293/576 1442/1311/594
f 1415/1278/561 1436/1305/588 1409/1272/555
f 1443/1314/597 1422/1287/570 1437/1308/591
f 1491/1374/585 1449/1320/531 1463/1338/549
f 1458/1335/546 1464/1341/552 1451/1326/537
f 1485/1368/579 1450/1323/534 1479/1362/573
f 1470/1347/558 1484/1365/576 1498/1383/594
f 1471/1350/561 1492/1377/588 1465/1344/555
f 1499/1386/597 1478/1359/570 1493/1380/591
f 1523/5062/1865 1547/5106/1906 1571/5132/1930
f 1509/5157/1953 1512/5052/1856 1506/5039/1843
f 1584/5145/1943 1509/5157/1953 1506/5039/1843
f 1580/5144/1942 1556/5109/1909 1532/5075/1877
f 1512/5052/1856 1521/5055/1859 1518/5051/1855
f 1521/5064/1859 1524/5059/1863 1518/5061/1855
f 1527/5066/1868 1530/5069/1871 1524/5059/1863
f 1530/5069/1871 1539/5082/1884 1536/5077/1879
f 1539/5090/1884 1542/5096/1896 1536/5085/1879
f 1542/5096/1896 1551/5100/1900 1548/5095/1895
f 1551/5100/1900 1554/5103/1903 1548/5095/1895
f 1554/5103/1903 1563/5116/1916 1560/5111/1911
f 1563/5124/1916 1566/5130/1928 1560/5119/1911
f 1569/5126/1924 1572/5129/1927 1566/5130/1928
f 1575/5134/1932 1578/5137/1935 1572/5129/1927
f 1581/6910/1939 1584/5145/1943 1578/5147/1935
f 1607/5182/1977 1631/5217/2009 1655/5260/2050
f 1593/5277/2065 1596/5159/1955 1590/5161/1957
f 1668/5265/2055 1593/5277/2065 1590/5161/1957
f 1664/5263/2053 1640/5230/2022 1616/5195/1989
f 1599/5165/1961 1602/5171/1967 1596/5159/1955
f 1602/5179/1967 1611/5184/1979 1608/5190/1984
f 1611/5184/1979 1614/5189/1983 1608/5190/1984
f 1617/5194/1988 1620/5197/1991 1614/5189/1983
f 1623/6911/1996 1626/5216/2008 1620/5205/1991
f 1626/5216/2008 1635/5220/2012 1632/5215/2007
f 1635/5220/2012 1638/5223/2015 1632/5215/2007
f 1638/5223/2015 1647/5236/2028 1644/5231/2023
f 1647/6912/2028 1650/5239/2031 1644/5241/2023
f 1653/5244/2035 1656/5249/2039 1650/5239/2031
f 1656/5249/2039 1665/5261/2051 1662/6913/2056
f 1665/5270/2051 1668/5265/2055 1662/5267/2056
f 1675/1394/636 349/500/95 1691/1403/645
f 1826/5400/706 1678/5282/2068 1830/5398/2147
f 1673/6914/634 1695/5295/2077 1677/6915/2067
f 1828/1466/708 347/496/92 1674/1395/637
f 1830/5398/2147 1681/5286/2071 1833/5403/2149
f 1680/6916/2069 1695/5295/2077 1698/5299/2080
f 1833/5403/2149 1684/5291/2075 1836/5408/2153
f 1680/6916/2069 1701/5304/2084 1683/6917/2074
f 1836/5408/2153 1686/6918/638 1840/6919/713
f 1683/6917/2074 1703/6920/646 1687/6921/641
f 1841/1470/712 1686/1396/638 348/499/94
f 1688/1398/640 1703/1404/646 350/501/96
f 1692/1402/644 351/503/98 1708/1411/653
f 1694/5292/2076 1708/5309/653 1712/5308/2086
f 1694/5292/2076 1715/5312/2089 1697/5297/2078
f 1700/5302/2083 1715/5312/2089 1718/5317/2093
f 1704/6922/649 1718/5317/2093 1720/6923/654
f 1705/1406/648 1720/1412/654 352/502/97
f 1709/1410/652 353/504/99 1725/1419/661
f 1707/5307/650 1729/5322/2095 1711/5305/2085
f 1714/5310/2087 1729/5322/2095 1732/6924/2098
f 1714/5310/2087 1735/6925/2102 1717/5315/2092
f 1717/5315/2092 1737/6926/662 1721/6927/657
f 1722/1414/656 1737/1420/662 354/505/100
f 1726/1418/660 355/506/101 1742/1427/669
f 1724/5320/658 1746/5336/2104 1728/5318/2094
f 1731/5324/2096 1746/5336/2104 1749/5340/2107
f 1731/5324/2096 1752/5345/2110 1734/5330/2101
f 1734/5330/2101 1754/6928/670 1738/6929/665
f 1739/1422/664 1754/1428/670 356/507/102
f 1743/1426/668 357/508/103 1759/1435/677
f 1745/5333/2103 1759/5350/677 1763/5349/2112
f 1745/5333/2103 1766/5353/2115 1748/5338/2105
f 1751/5343/2109 1766/5353/2115 1769/5358/2119
f 1751/5343/2109 1771/6930/678 1755/6931/673
f 1756/1430/672 1771/1436/678 358/509/104
f 1760/1434/676 359/510/105 1776/1443/685
f 1762/6932/2111 1776/5363/685 1780/5362/2121
f 1765/6933/2113 1780/5362/2121 1783/5366/2124
f 1765/6933/2113 1786/5371/2128 1768/6934/2118
f 1772/6935/681 1786/5371/2128 1788/6936/686
f 1773/1438/680 1788/1444/686 360/511/106
f 1777/1442/684 361/512/107 1793/1451/693
f 1775/5361/682 1797/5375/2130 1779/5359/2120
f 1782/5364/2122 1797/5375/2130 1800/5379/2133
f 1785/5369/2127 1800/5379/2133 1803/5384/2137
f 1789/6937/689 1803/5384/2137 1805/6938/694
f 1790/1446/688 1805/1452/694 362/513/108
f 1794/1450/692 363/514/109 1810/1459/701
f 1796/5372/2129 1810/6939/701 1814/6940/2139
f 1796/5372/2129 1817/6941/2142 1799/5377/2131
f 1802/5382/2136 1817/6941/2142 1820/6942/2146
f 1802/5382/2136 1822/6943/702 1806/6944/697
f 1807/1454/696 1822/1460/702 364/515/110
f 1811/1458/700 365/494/91 1827/1467/709
f 1809/5387/698 1831/5401/2148 1813/5385/2138
f 1813/5385/2138 1834/5405/2151 1816/5390/2140
f 1819/5395/2145 1834/5405/2151 1837/5410/2154
f 1823/6945/705 1837/5410/2154 1839/6946/710
f 1824/1462/704 1839/1468/710 366/498/93
f 1845/1474/636 371/522/95 1861/1483/645
f 1996/5532/706 1848/5414/2068 2000/5530/2147
f 1843/6947/634 1865/5427/2077 1847/6948/2067
f 1998/1546/708 369/518/92 1844/1475/637
f 2000/5530/2147 1851/5418/2071 2003/5535/2149
f 1847/6948/2067 1868/5431/2080 1850/6949/2069
f 2006/5540/2153 1851/5418/2071 1854/5423/2075
f 1853/6950/2074 1868/5431/2080 1871/5436/2084
f 2006/5540/2153 1856/6951/638 2010/6952/713
f 1853/6950/2074 1873/6953/646 1857/6954/641
f 2011/1550/712 1856/1476/638 370/521/94
f 1858/1478/640 1873/1484/646 372/523/96
f 1862/1482/644 373/525/98 1878/1491/653
f 1860/5426/714 1882/5440/2086 1864/5424/2076
f 1864/5424/2076 1885/5444/2089 1867/5429/2078
f 1870/5434/2083 1885/5444/2089 1888/5449/2093
f 1870/5434/2083 1890/6955/654 1874/6956/649
f 1875/1486/648 1890/1492/654 374/524/97
f 1879/1490/652 375/526/99 1895/1499/661
f 1881/5437/2085 1895/5455/661 1899/5454/2095
f 1884/5442/2087 1899/5454/2095 1902/6957/2098
f 1884/5442/2087 1905/6958/2102 1887/5447/2092
f 1891/6959/715 1905/6958/2102 1907/6960/662
f 1892/1494/656 1907/1500/662 376/527/100
f 1896/1498/660 377/528/101 1912/1507/669
f 1894/5452/658 1916/5468/2155 1898/5450/2094
f 1901/5456/2096 1916/5468/2155 1919/5472/2107
f 1901/5456/2096 1922/5477/2110 1904/5462/2101
f 1904/5462/2101 1924/6961/670 1908/6962/665
f 1909/1502/664 1924/1508/670 378/529/102
f 1913/1506/668 379/530/103 1929/1515/677
f 1911/5467/666 1933/5481/2112 1915/5465/2103
f 1915/5465/2103 1936/5485/2115 1918/5470/2105
f 1921/5475/2109 1936/5485/2115 1939/5490/2119
f 1921/5475/2109 1941/6963/678 1925/6964/673
f 1926/1510/672 1941/1516/678 380/531/104
f 1930/1514/676 381/532/105 1946/1523/685
f 1928/6965/674 1950/5494/2121 1932/6966/2111
f 1932/6966/2111 1953/5498/2124 1935/6967/2113
f 1935/6967/2113 1956/5503/2128 1938/6968/2118
f 1938/6968/2118 1958/6969/686 1942/6970/681
f 1943/1518/680 1958/1524/686 382/533/106
f 1947/1522/684 383/534/107 1963/1531/717
f 1949/5491/2120 1963/5508/717 1967/5507/2130
f 1952/5496/2122 1967/5507/2130 1970/5511/2133
f 1952/5496/2122 1973/5516/2137 1955/5501/2127
f 1955/5501/2127 1975/6971/718 1959/6972/689
f 1960/1526/688 1975/1532/718 384/535/108
f 1964/1530/692 385/536/109 1980/1539/701
f 1962/5506/690 1984/6973/2139 1966/5504/2129
f 1966/5504/2129 1987/6974/2142 1969/5509/2131
f 1972/5514/2136 1987/6974/2142 1990/6975/2146
f 1972/5514/2136 1992/6976/702 1976/6977/697
f 1977/1534/696 1992/1540/702 386/537/110
f 1981/1538/700 387/516/91 1997/1547/709
f 1979/5519/698 2001/5533/2148 1983/5517/2138
f 1983/5517/2138 2004/5537/2151 1986/5522/2140
f 1989/5527/2145 2004/5537/2151 2007/5542/2154
f 1989/5527/2145 2009/6978/710 1993/6979/705
f 1994/1542/704 2009/1548/710 388/520/93
f 2031/5576/2187 2055/5610/2219 2079/5644/2251
f 2017/5661/2266 2020/5543/2156 2014/5545/2158
f 2095/5656/2261 2014/5545/2158 2092/5649/2256
f 2088/5648/2255 2064/5614/2223 2040/5579/2190
f 2020/5543/2156 2029/5560/2173 2026/5555/2168
f 2029/6980/2173 2032/5563/2176 2026/5565/2168
f 2035/5568/2180 2038/5573/2184 2032/5563/2176
f 2038/5573/2184 2047/5586/2197 2044/6981/2200
f 2047/6982/2197 2050/5599/2208 2044/5589/2200
f 2053/5594/2204 2056/5607/2216 2050/5599/2208
f 2059/5604/2213 2062/5615/2224 2056/5607/2216
f 2062/5615/2224 2071/5619/2228 2068/6983/2233
f 2071/6984/2228 2074/5623/2232 2068/5625/2233
f 2077/5628/2236 2080/5633/2240 2074/5623/2232
f 2080/5633/2240 2089/5645/2252 2086/6985/2257
f 2089/5654/2252 2092/5649/2256 2086/5651/2257
f 2115/5696/2299 2139/5730/2331 2163/5764/2363
f 2101/5669/2274 2104/5675/2280 2098/5663/2268
f 2176/5779/2376 2101/5669/2274 2098/5663/2268
f 2172/5767/2366 2148/5733/2334 2124/5700/2303
f 2104/5675/2280 2113/5679/2284 2110/6986/2288
f 2113/6987/2284 2116/5694/2297 2110/5683/2288
f 2119/5688/2292 2122/5693/2296 2116/5694/2297
f 2125/5698/2301 2128/6988/2312 2122/5693/2296
f 2131/5714/2308 2134/5720/2321 2128/5709/2312
f 2137/5716/2317 2140/5719/2320 2134/5720/2321
f 2140/5719/2320 2149/5731/2332 2146/5727/2328
f 2149/5731/2332 2152/5735/2336 2146/5727/2328
f 2152/5745/2336 2161/5748/2348 2158/5743/2344
f 2161/5748/2348 2164/5753/2352 2158/5743/2344
f 2164/5753/2352 2173/5766/2365 2170/6989/2368
f 2173/6990/2365 2176/5779/2376 2170/5769/2368
f 2186/1554/721 2199/5795/2389 2202/6991/730
f 2182/5798/2392 389/6992/11 2198/5799/2393
f 2334/5874/2457 389/6992/11 2182/5798/2392
f 2339/1642/793 2181/6993/2459 2185/1556/722
f 2341/5864/2448 2185/1556/722 2189/5785/2381
f 2188/6994/2380 2202/1567/730 2206/5788/2383
f 2341/5864/2448 2191/1558/723 2345/1647/798
f 2188/6994/2380 2208/1568/731 2192/6995/726
f 2346/6996/797 2191/6997/723 2196/5875/2458
f 2193/1563/725 2208/6998/731 2212/5794/2388
f 390/6999/13 2195/5790/2384 2213/5792/2386
f 390/6999/13 2349/5868/2451 2195/5790/2384
f 2203/1566/729 2216/7000/2397 2219/1575/738
f 2198/5799/2393 389/6992/11 2215/5805/2398
f 2201/1564/727 2223/5801/2395 2205/5787/2382
f 2205/5787/2382 2225/1576/739 2209/1571/734
f 2210/1570/733 2225/1576/739 2229/7001/2399
f 390/6999/13 2213/5792/2386 2230/5816/2407
f 2220/7002/737 2233/5813/2404 2236/1584/746
f 2215/5805/2398 389/6992/11 2232/5814/2405
f 2218/1572/735 2240/7003/2402 2222/5800/2394
f 2226/1579/742 2240/7003/2402 2242/7004/747
f 2227/7005/741 2242/1586/747 2246/5820/2410
f 390/6999/13 2230/5816/2407 2247/5823/2413
f 2237/1582/745 2250/7006/2422 2253/1595/754
f 2232/5814/2405 389/6992/11 2249/5824/2414
f 2235/1580/743 2257/5818/2409 2239/5808/2401
f 2239/5808/2401 2259/1596/755 2243/1590/750
f 2244/1588/749 2259/7007/755 2263/5831/2419
f 390/6999/13 2247/5823/2413 2264/5822/2412
f 2254/1594/753 2267/7008/2431 2270/1604/762
f 2249/5824/2414 389/6992/11 2266/5841/2428
f 2256/5817/2408 2270/1604/762 2274/5828/2417
f 2256/5817/2408 2276/1606/763 2260/1599/758
f 2261/7009/757 2276/7010/763 2280/5830/2418
f 390/6999/13 2264/5822/2412 2281/5840/2427
f 2271/1602/761 2284/5843/2430 2287/7011/770
f 2266/5841/2428 389/6992/11 2283/5849/2435
f 2273/7012/2416 2287/1615/770 2291/5836/2424
f 2273/7012/2416 2293/1616/771 2277/7013/766
f 2278/1611/765 2293/7014/771 2297/5838/2425
f 390/6999/13 2281/5840/2427 2298/5851/2437
f 2288/1614/769 2301/7015/2436 2304/1623/778
f 2283/5849/2435 389/6992/11 2300/5848/2434
f 2286/1612/767 2308/5846/2433 2290/5835/2423
f 2290/5835/2423 2310/1624/779 2294/1619/774
f 2295/1618/773 2310/1624/779 2314/7016/2440
f 390/6999/13 2298/5851/2437 2315/5853/2439
f 2305/7017/777 2318/5870/2453 2321/1632/786
f 2300/5848/2434 389/6992/11 2317/5873/2456
f 2303/1620/775 2325/7018/2442 2307/5845/2432
f 2311/1627/782 2325/7018/2442 2327/7019/787
f 2312/7020/781 2327/1634/787 2331/5863/2447
f 390/6999/13 2315/5853/2439 2332/5862/2446
f 2322/1630/785 2335/7021/2455 2338/1643/794
f 2317/5873/2456 389/6992/11 2334/5874/2457
f 2320/1628/783 2342/5865/2449 2324/5855/2441
f 2328/1638/790 2342/5865/2449 2344/1644/795
f 2329/1636/789 2344/7022/795 2348/5869/2452
f 390/6999/13 2332/5862/2446 2349/5868/2451
f 2356/1650/721 2369/5888/2389 2372/7023/730
f 2352/5970/2392 391/7024/11 2368/5891/2393
f 2504/5966/2457 391/7024/11 2352/5970/2392
f 2509/1738/802 2351/7025/2459 2355/1652/722
f 2511/5957/2448 2355/1652/722 2359/5879/2381
f 2358/7026/2380 2372/1663/730 2376/5882/2383
f 2511/5957/2448 2361/1654/723 2515/1743/798
f 2358/7026/2380 2378/1664/731 2362/7027/726
f 2516/7028/797 2361/7029/723 2366/5968/2458
f 2363/1659/725 2378/7030/731 2382/5887/2388
f 392/7031/13 2365/5967/2384 2383/5884/2386
f 392/7031/13 2519/5961/2451 2365/5967/2384
f 2373/1662/729 2386/7032/2397 2389/1671/738
f 2368/5891/2393 391/7024/11 2385/5897/2398
f 2375/5881/2382 2389/1671/738 2393/5893/2395
f 2375/5881/2382 2395/1672/739 2379/1667/734
f 2380/1666/733 2395/1672/739 2399/7033/2399
f 392/7031/13 2383/5884/2386 2400/5909/2407
f 2390/7034/799 2403/5905/2404 2406/1680/746
f 2385/5897/2398 391/7024/11 2402/5906/2405
f 2388/1668/735 2410/7035/2402 2392/5892/2460
f 2396/1675/742 2410/7035/2402 2412/7036/747
f 2397/7037/741 2412/1682/747 2416/5914/2410
f 392/7031/13 2400/5909/2407 2417/5908/2413
f 2407/1678/745 2420/7038/2422 2423/1691/754
f 2402/5906/2405 391/7024/11 2419/5916/2414
f 2405/1676/743 2427/5911/2409 2409/5900/2401
f 2409/5900/2401 2429/1692/755 2413/1686/750
f 2414/1684/749 2429/7039/755 2433/5913/2419
f 392/7031/13 2417/5908/2413 2434/5924/2412
f 2424/1690/753 2437/7040/2431 2440/1700/762
f 2419/5916/2414 391/7024/11 2436/5935/2428
f 2422/1688/751 2444/5920/2417 2426/5910/2408
f 2426/5910/2408 2446/1702/763 2430/1695/758
f 2431/7041/800 2446/7042/763 2450/5922/2418
f 392/7031/13 2434/5924/2412 2451/5933/2427
f 2441/1698/761 2454/5936/2430 2457/7043/770
f 2436/5935/2428 391/7024/11 2453/5934/2435
f 2443/7044/2416 2457/1711/770 2461/5929/2463
f 2443/7044/2416 2463/1712/771 2447/7045/766
f 2448/1707/765 2463/7046/771 2467/5931/2425
f 392/7031/13 2451/5933/2427 2468/5932/2437
f 2458/1710/769 2471/7047/2436 2474/1719/778
f 2453/5934/2435 391/7024/11 2470/5940/2434
f 2456/1708/767 2478/5938/2433 2460/5928/2423
f 2460/5928/2423 2480/1720/779 2464/1715/774
f 2465/1714/773 2480/1720/779 2484/7048/2440
f 392/7031/13 2468/5932/2437 2485/5944/2439
f 2475/7049/777 2488/5963/2453 2491/1728/786
f 2470/5940/2434 391/7024/11 2487/5951/2456
f 2473/1716/775 2495/7050/2442 2477/5937/2464
f 2481/1723/782 2495/7050/2442 2497/7051/787
f 2482/7052/801 2497/1730/787 2501/5956/2447
f 392/7031/13 2485/5944/2439 2502/5955/2446
f 2492/1726/785 2505/7053/2455 2508/1739/794
f 2487/5951/2456 391/7024/11 2504/5966/2457
f 2490/1724/783 2512/5958/2449 2494/5947/2441
f 2494/5947/2441 2514/1740/795 2498/1734/790
f 2499/1732/789 2514/7054/795 2518/5962/2452
f 392/7031/13 2502/5955/2446 2519/5961/2451
f 2563/1798/585 2521/1744/531 2535/1762/549
f 2530/1759/546 2536/1765/552 2523/1750/537
f 2557/1792/579 2522/1747/534 2551/1786/573
f 2542/1771/558 2556/1789/576 2570/1807/594
f 2543/1774/561 2564/1801/588 2537/1768/555
f 2571/1810/597 2550/1783/570 2565/1804/591
f 2619/1870/585 2577/1816/531 2591/1834/549
f 2586/1831/546 2592/1837/552 2579/1822/537
f 2613/1864/579 2578/1819/534 2607/1858/573
f 2598/1843/558 2612/1861/576 2626/1879/594
f 2599/1846/561 2620/1873/588 2593/1840/555
f 2627/1882/597 2606/1855/570 2621/1876/591
f 2675/1942/585 2633/1888/531 2647/1906/549
f 2642/1903/546 2648/1909/552 2635/1894/537
f 2669/1936/579 2634/1891/534 2663/1930/573
f 2654/1915/558 2668/1933/576 2682/1951/594
f 2655/1918/561 2676/1945/588 2649/1912/555
f 2683/1954/597 2662/1927/570 2677/1948/591
f 2731/2014/585 2689/1960/531 2703/1978/549
f 2698/1975/546 2704/1981/552 2691/1966/537
f 2725/2008/579 2690/1963/534 2719/2002/573
f 2710/1987/558 2724/2005/576 2738/2023/594
f 2711/1990/561 2732/2017/588 2705/1984/555
f 2739/2026/597 2718/1999/570 2733/2020/591
f 2787/2086/585 2745/2032/531 2759/2050/549
f 2754/2047/546 2760/2053/552 2747/2038/537
f 2781/2080/579 2746/2035/534 2775/2074/573
f 2766/2059/558 2780/2077/576 2794/2095/594
f 2767/2062/561 2788/2089/588 2761/2056/555
f 2795/2098/597 2774/2071/570 2789/2092/591
f 2843/2158/585 2801/2104/531 2815/2122/549
f 2810/2119/546 2816/2125/552 2803/2110/537
f 2837/2152/579 2802/2107/534 2831/2146/573
f 2822/2131/558 2836/2149/576 2850/2167/594
f 2823/2134/561 2844/2161/588 2817/2128/555
f 2851/2170/597 2830/2143/570 2845/2164/591
f 2899/2230/585 2857/2176/531 2871/2194/549
f 2866/2191/546 2872/2197/552 2859/2182/537
f 2893/2224/579 2858/2179/534 2887/2218/573
f 2878/2203/558 2892/2221/576 2906/2239/594
f 2879/2206/561 2900/2233/588 2873/2200/555
f 2907/2242/597 2886/2215/570 2901/2236/591
f 2955/2302/585 2913/2248/531 2927/2266/549
f 2922/2263/546 2928/2269/552 2915/2254/537
f 2949/2296/579 2914/2251/534 2943/2290/573
f 2934/2275/558 2948/2293/576 2962/2311/594
f 2935/2278/561 2956/2305/588 2929/2272/555
f 2963/2314/597 2942/2287/570 2957/2308/591
f 3011/2368/387 3067/2432/451 3123/2496/515
f 2977/2333/352 2984/2341/360 2971/2327/346
f 3131/2509/528 2970/2325/344 3125/2503/522
f 3116/2488/852 3060/2424/443 3004/2360/379
f 2991/2349/368 2998/6124/376 2985/2343/362
f 3005/2365/384 3012/2373/392 2999/2359/378
f 3019/2381/400 3026/2389/408 3013/2375/394
f 3033/2397/416 3040/7055/424 3027/2391/410
f 3047/2413/432 3054/2421/440 3041/2407/426
f 3061/2429/448 3068/2437/456 3055/2423/442
f 3075/7056/464 3082/2453/472 3069/6138/458
f 3089/2461/480 3096/2469/488 3083/2455/474
f 3103/2477/496 3110/2485/504 3097/2471/490
f 3117/7057/512 3124/2501/520 3111/6143/506
f 3179/2566/585 3137/2512/531 3151/2530/549
f 3146/2527/546 3152/2533/552 3139/2518/537
f 3173/2560/579 3138/2515/534 3167/2554/573
f 3158/2539/558 3172/2557/576 3186/2575/594
f 3159/2542/561 3180/2569/588 3153/2536/555
f 3187/2578/597 3166/2551/570 3181/2572/591
f 3235/2638/585 3193/2584/531 3207/2602/549
f 3202/2599/546 3208/2605/552 3195/2590/537
f 3229/2632/579 3194/2587/534 3223/2626/573
f 3214/2611/558 3228/2629/576 3242/2647/594
f 3215/2614/561 3236/2641/588 3209/2608/555
f 3243/2650/597 3222/2623/570 3237/2644/591
f 3412/2759/977 629/7058/11 3250/2659/877
f 3250/2659/877 629/7058/11 3274/2675/893
f 3417/6292/2549 3249/6195/874 3257/6194/2491
f 3251/6193/879 3280/6211/2499 3256/6191/2490
f 3417/6292/2549 3260/6198/2494 3420/6290/2551
f 3259/6196/2492 3280/6211/2499 3283/6210/2502
f 3420/6290/2551 3263/7059/2497 3423/7060/2556
f 3259/6196/2492 3286/7061/2506 3262/7062/2496
f 3423/6300/2556 3265/2663/881 3426/2761/979
f 3266/2666/884 3286/6218/2506 3290/2682/900
f 630/7063/13 3427/2764/982 3267/2668/886
f 630/7063/13 3267/2668/886 3289/2680/898
f 3272/7064/888 3303/6222/2508 3279/6208/2498
f 3274/2675/893 629/7058/11 3297/2689/907
f 3279/6208/2498 3306/6226/2511 3282/6206/2500
f 3282/6206/2500 3309/7065/2514 3285/7066/2505
f 3285/6216/2505 3313/2696/914 3288/2677/895
f 630/7063/13 3289/2680/898 3312/2694/912
f 3295/6221/902 3326/6239/2516 3302/6219/2507
f 3297/2689/907 629/7058/11 3320/2703/921
f 3305/6224/2509 3326/6239/2516 3329/6238/2519
f 3308/7067/2513 3329/6238/2519 3332/7068/2523
f 3308/6229/2513 3336/2710/928 3311/2691/909
f 630/7063/13 3312/2694/912 3335/2708/926
f 3325/6236/2515 3342/6251/933 3349/6250/2525
f 3320/2703/921 629/7058/11 3343/2717/935
f 3325/6236/2515 3352/6254/2528 3328/6234/2517
f 3331/7069/2522 3352/6254/2528 3355/7070/2531
f 3331/6244/2522 3359/2724/942 3334/2705/923
f 630/7063/13 3335/2708/926 3358/2722/940
f 3341/6249/930 3372/6267/2533 3348/6247/2524
f 3343/2717/935 629/7058/11 3366/2731/949
f 3351/6252/2526 3372/6267/2533 3375/6266/2536
f 3351/6252/2526 3378/7071/2540 3354/7072/2530
f 3357/2719/937 3378/6274/2540 3382/2738/956
f 630/7063/13 3358/2722/940 3381/2736/954
f 3364/7073/944 3395/6278/2542 3371/6264/2532
f 3366/2731/949 629/7058/11 3389/2745/963
f 3371/6264/2532 3398/6282/2545 3374/6262/2534
f 3374/6262/2534 3401/7074/2548 3377/7075/2539
f 3377/7075/2539 3405/7076/970 3380/7077/951
f 630/7063/13 3381/2736/954 3404/2750/968
f 3387/2740/958 3418/6289/2550 3394/7078/2541
f 3389/2745/963 629/7058/11 3412/2759/977
f 3394/6275/2541 3421/6294/2553 3397/6280/2543
f 3400/7079/2547 3421/6294/2553 3424/7080/2557
f 3400/6285/2547 3428/2766/984 3403/2747/965
f 630/7063/13 3404/2750/968 3427/2764/982
f 3596/2871/977 631/7081/11 3434/2771/877
f 3434/2771/877 631/7081/11 3458/2787/893
f 3601/6404/2549 3433/6307/986 3441/6306/2491
f 3435/6305/879 3464/6323/2499 3440/6303/2490
f 3601/6404/2549 3444/6310/2494 3604/6402/2551
f 3440/6303/2490 3467/6322/2502 3443/6308/2492
f 3607/7082/2556 3444/6310/2494 3447/7083/2497
f 3443/6308/2492 3470/7084/2506 3446/7085/2496
f 3607/6412/2556 3449/2775/881 3610/2873/979
f 3450/2778/987 3470/6330/2506 3474/2794/989
f 632/7086/13 3611/2876/982 3451/2780/886
f 632/7086/13 3451/2780/886 3473/2792/898
f 3456/7087/988 3487/6334/2508 3463/6320/2498
f 3458/2787/893 631/7081/11 3481/2801/907
f 3466/6318/2500 3487/6334/2508 3490/6338/2511
f 3466/6318/2500 3493/7088/2514 3469/7089/2505
f 3469/6328/2505 3497/2808/914 3472/2789/895
f 632/7086/13 3473/2792/898 3496/2806/912
f 3479/6333/990 3510/6351/2516 3486/6331/2507
f 3481/2801/907 631/7081/11 3504/2815/921
f 3486/6331/2507 3513/6350/2519 3489/6336/2509
f 3489/6336/2509 3516/7090/2523 3492/7091/2558
f 3492/6341/2558 3520/2822/928 3495/2803/992
f 632/7086/13 3496/2806/912 3519/2820/926
f 3509/6348/2515 3526/6363/997 3533/6362/2525
f 3504/2815/921 631/7081/11 3527/2829/935
f 3509/6348/2515 3536/6366/2528 3512/6346/2517
f 3515/7092/2522 3536/6366/2528 3539/7093/2531
f 3518/2817/996 3539/6371/2531 3543/2836/998
f 632/7086/13 3519/2820/926 3542/2834/940
f 3525/6361/930 3556/6379/2533 3532/6359/2524
f 3527/2829/935 631/7081/11 3550/2843/949
f 3532/6359/2524 3559/6378/2536 3535/6364/2526
f 3535/6364/2526 3562/7094/2540 3538/7095/2530
f 3541/2831/937 3562/6386/2540 3566/2850/956
f 632/7086/13 3542/2834/940 3565/2848/954
f 3548/7096/944 3579/6390/2542 3555/6376/2532
f 3550/2843/949 631/7081/11 3573/2857/963
f 3555/6376/2532 3582/6394/2545 3558/6374/2534
f 3558/6374/2534 3585/7097/2548 3561/7098/2539
f 3561/7098/2539 3589/7099/1000 3564/7100/999
f 632/7086/13 3565/2848/954 3588/2862/968
f 3578/7101/2541 3595/2869/975 3602/6401/2550
f 3573/2857/963 631/7081/11 3596/2871/977
f 3578/6387/2541 3605/6406/2553 3581/6392/2543
f 3581/6392/2543 3608/7102/2557 3584/7103/2547
f 3584/6397/2547 3612/2878/984 3587/2859/965
f 632/7086/13 3588/2862/968 3611/2876/982
f 3659/2934/585 3617/2880/531 3631/2898/549
f 3626/2895/546 3632/2901/552 3619/2886/537
f 3653/2928/579 3618/2883/534 3647/2922/573
f 3638/2907/558 3652/2925/576 3666/2943/594
f 3639/2910/561 3660/2937/588 3633/2904/555
f 3667/2946/597 3646/2919/570 3661/2940/591
f 3715/3006/585 3673/2952/531 3687/2970/549
f 3682/2967/546 3688/2973/552 3675/2958/537
f 3709/3000/579 3674/2955/534 3703/2994/573
f 3694/2979/558 3708/2997/576 3722/3015/594
f 3695/2982/561 3716/3009/588 3689/2976/555
f 3723/3018/597 3702/2991/570 3717/3012/591
f 3886/3127/977 633/7104/11 3731/3029/877
f 3731/3029/877 633/7104/11 3748/3043/893
f 3729/6561/1009 3754/6467/2564 3907/6559/2604
f 3884/7105/1053 3908/6562/2605 3891/6548/2598
f 3736/6564/2492 3760/7106/2568 3910/7107/2608
f 3907/6559/2604 3757/6466/2502 3736/6564/2492
f 3894/6546/2551 3911/7108/2609 3897/7109/2602
f 3891/6548/2598 3737/6566/2494 3894/6546/2551
f 634/7110/13 3901/3132/982 3740/3034/886
f 634/7110/13 3740/3034/886 3763/3048/898
f 3910/6569/2608 3764/3050/1020 3739/3031/1011
f 3900/3129/1057 3911/6571/2609 3741/3036/1012
f 3746/7111/1013 3777/6478/2570 3753/6464/2563
f 3748/3043/893 633/7104/11 3771/3057/907
f 3753/6464/2563 3780/6482/2511 3756/6462/2500
f 3759/7112/2567 3780/6482/2511 3783/7113/2574
f 3759/6472/2567 3787/3064/914 3762/3045/1017
f 634/7110/13 3763/3048/898 3786/3062/912
f 3776/6475/2569 3793/7114/1029 3800/6495/2576
f 3771/3057/907 633/7104/11 3794/3071/921
f 3776/6475/2569 3803/6494/2519 3779/6480/2509
f 3779/6480/2509 3806/7115/2580 3782/7116/2573
f 3785/3059/1023 3806/6502/2580 3810/3078/1033
f 634/7110/13 3786/3062/912 3809/3076/926
f 3792/7117/1027 3823/6506/2582 3799/6492/2575
f 3794/3071/921 633/7104/11 3817/3085/935
f 3802/6490/2517 3823/6506/2582 3826/6510/2528
f 3802/6490/2517 3829/7118/2586 3805/7119/2579
f 3805/6500/2579 3833/3092/1037 3808/3073/1031
f 634/7110/13 3809/3076/926 3832/3090/940
f 3815/6505/1034 3846/6523/2588 3822/6503/2581
f 3817/3085/935 633/7104/11 3840/3099/1041
f 3825/6508/2526 3846/6523/2588 3849/6522/2536
f 3825/6508/2526 3852/7120/2591 3828/7121/2585
f 3831/3087/1036 3852/6530/2591 3856/3106/1045
f 634/7110/13 3832/3090/940 3855/3104/954
f 3838/7122/1038 3869/6534/2593 3845/6520/2587
f 3840/3099/1041 633/7104/11 3863/3113/963
f 3848/6518/2534 3869/6534/2593 3872/6538/2545
f 3848/6518/2534 3875/7123/2597 3851/7124/2539
f 3851/7124/2539 3879/7125/1000 3854/7126/1043
f 634/7110/13 3855/3104/954 3878/3118/968
f 3861/3108/958 3892/6545/2599 3868/7127/2592
f 3863/3113/963 633/7104/11 3886/3127/977
f 3868/6531/2592 3895/6550/2553 3871/6536/2543
f 3874/7128/2596 3895/6550/2553 3898/7129/2603
f 3874/6541/2596 3902/3134/1059 3877/3115/1049
f 634/7110/13 3878/3118/968 3901/3132/982
f 4070/3239/977 635/7130/11 3915/3141/877
f 3915/3141/877 635/7130/11 3932/3155/893
f 4091/6671/2604 3931/7131/1015 3938/6579/2564
f 4068/7132/1053 4092/6674/2605 4075/6660/2598
f 3920/6676/2492 3944/7133/2568 4094/7134/2608
f 3920/6676/2492 3938/6579/2564 3941/6578/2502
f 4078/6658/2551 4095/7135/2609 4081/7136/2602
f 4078/6658/2551 4092/6674/2605 3921/6678/2494
f 636/7137/13 4085/3244/982 3924/3146/886
f 636/7137/13 3924/3146/886 3947/3160/898
f 4094/6681/2608 3948/3162/1020 3923/3143/1011
f 4081/6668/2602 3925/3148/1012 4084/3241/1057
f 3930/7138/1013 3961/6590/2570 3937/6576/2563
f 3932/3155/893 635/7130/11 3955/3169/907
f 3940/6574/2500 3961/6590/2570 3964/6594/2511
f 3940/6574/2500 3967/7139/2574 3943/7140/2567
f 3943/6584/2567 3971/3176/914 3946/3157/1017
f 636/7137/13 3947/3160/898 3970/3174/912
f 3953/6589/990 3984/6607/2576 3960/6587/2569
f 3955/3169/907 635/7130/11 3978/3183/921
f 3960/6587/2569 3987/6606/2519 3963/6592/2509
f 3966/7141/2573 3987/6606/2519 3990/7142/2580
f 3966/6597/2573 3994/3190/1033 3969/3171/1023
f 636/7137/13 3970/3174/912 3993/3188/926
f 3983/6604/2575 4000/6619/1035 4007/6618/2582
f 3978/3183/921 635/7130/11 4001/3197/935
f 3986/6602/2517 4007/6618/2582 4010/6622/2528
f 3986/6602/2517 4013/7143/2586 3989/7144/2579
f 3989/6612/2579 4017/3204/1037 3992/3185/1031
f 636/7137/13 3993/3188/926 4016/3202/940
f 3999/6617/1034 4030/6635/2588 4006/6615/2581
f 4001/3197/935 635/7130/11 4024/3211/1041
f 4006/6615/2581 4033/6634/2536 4009/6620/2526
f 4009/6620/2526 4036/7145/2591 4012/7146/2585
f 4012/6625/2585 4040/3218/1045 4015/3199/1036
f 636/7137/13 4016/3202/940 4039/3216/954
f 4022/7147/1038 4053/6646/2593 4029/6632/2587
f 4024/3211/1041 635/7130/11 4047/3225/963
f 4029/6632/2587 4056/6650/2545 4032/6630/2534
f 4032/6630/2534 4059/7148/2597 4035/7149/2610
f 4035/7149/2610 4063/7150/1000 4038/7151/1043
f 636/7137/13 4039/3216/954 4062/3230/968
f 4045/3220/958 4076/6657/2599 4052/7152/2592
f 4047/3225/963 635/7130/11 4070/3239/977
f 4055/6648/2543 4076/6663/2599 4079/6662/2553
f 4055/6648/2543 4082/7153/2603 4058/7154/2596
f 4058/6653/2596 4086/3246/1059 4061/3227/1049
f 636/7137/13 4062/3230/968 4085/3244/982
f 4097/3250/1066 4119/6685/1086 4129/3286/1099
f 4101/3258/1074 4112/6687/1085 4120/6686/1091
f 4108/3259/1075 4100/3257/1073 4149/3306/1118
f 4098/3252/1068 4128/3284/1097 4140/6695/1109
f 4099/3253/1069 4139/6693/1108 4150/6689/1122
f 4109/3264/1080 4148/3305/1117 4200/3366/1171
f 4110/3265/1081 4199/6705/1166 4159/3318/1128
f 4121/3279/1092 4111/3268/1082 4162/3324/1134
f 4121/3279/1092 4162/3324/1134 4170/3331/1140
f 4130/7155/1100 4122/3281/1094 4169/3328/1138
f 4131/3292/1104 4168/3327/1137 4181/3346/1153
f 4141/3301/1113 4132/6697/1105 4180/3342/1149
f 4142/3302/1114 4179/3339/1146 4191/3355/1160
f 4151/3312/1123 4142/3302/1114 4191/3355/1160
f 4152/3314/1124 4190/3354/1159 4201/7156/1172
f 4171/6712/1144 4161/6710/1133 4210/3373/1177
f 4160/7157/1129 4203/3372/1176 4211/3378/1182
f 4182/3347/1154 4172/3336/1145 4214/3383/1187
f 4192/6716/1164 4183/6713/1156 4213/3381/1185
f 4202/3370/1175 4193/6708/1165 4212/3380/1184
f 4263/3432/387 4319/3496/1204 4375/3560/515
f 4229/3397/352 4236/3405/360 4223/3391/346
f 4383/3573/528 4222/3389/344 4377/3567/522
f 4368/3552/852 4312/3488/443 4256/3424/1193
f 4243/3413/368 4250/6717/376 4237/3407/362
f 4257/3429/384 4264/3437/392 4251/3423/378
f 4271/3445/400 4278/3453/408 4265/3439/394
f 4285/3461/416 4292/7158/424 4279/3455/410
f 4299/3477/432 4306/3485/440 4293/3471/426
f 4313/3493/448 4320/3501/456 4307/3487/442
f 4327/6727/464 4334/3517/472 4321/6726/458
f 4341/3525/480 4348/3533/488 4335/3519/474
f 4355/3541/496 4362/3549/504 4349/3535/490
f 4369/6731/512 4376/3565/520 4363/6730/506
f 4403/3592/1235 4431/3626/1271 4445/3644/1289
f 4397/3587/1229 4404/7159/1238 4391/3582/1223
f 4453/7160/1301 4390/3579/1220 4447/6751/1295
f 4396/3584/1226 4438/3635/1280 4424/3617/1262
f 4411/3603/1247 4418/3611/1256 4405/3598/1241
f 4425/3620/1265 4432/3629/1274 4419/3614/1259
f 4439/3638/1283 4446/3647/1292 4433/3632/1277
f 4473/3676/1235 4501/3710/1271 4515/3728/1289
f 4461/3666/1223 4482/6758/1250 4474/7161/1238
f 4523/6772/1324 4460/3663/1220 4517/6771/1295
f 4466/3668/1226 4508/3719/1280 4494/3701/1262
f 4481/3687/1247 4488/3695/1314 4475/3682/1241
f 4495/3704/1265 4502/3713/1274 4489/3698/1259
f 4509/3722/1283 4516/3731/1292 4503/3716/1318
f 4543/3760/1235 4571/3794/1271 4585/3812/1289
f 4537/3755/1307 4544/7162/1238 4531/3750/1223
f 4593/7163/1301 4530/3747/1220 4587/6790/1295
f 4536/3752/1226 4578/3803/1280 4564/3785/1262
f 4551/3771/1247 4558/3779/1256 4545/3766/1241
f 4565/3788/1265 4572/3797/1274 4559/3782/1259
f 4579/3806/1283 4586/3815/1292 4573/3800/1277
f 4613/3844/1235 4641/3878/1271 4655/3896/1289
f 4607/3839/1307 4614/7164/1238 4601/3834/1223
f 4663/7165/1301 4600/3831/1220 4657/6811/1295
f 4606/3836/1226 4648/3887/1280 4634/3869/1262
f 4621/3855/1247 4628/3863/1256 4615/3850/1241
f 4635/3872/1265 4642/3881/1274 4629/3866/1259
f 4649/3890/1283 4656/3899/1292 4643/3884/1277
f 4683/3928/1235 4711/3962/1271 4725/3980/1289
f 4677/3923/1307 4684/6816/1238 4671/3918/1223
f 4733/6836/1324 4670/3915/1220 4727/6834/1295
f 4676/3920/1226 4718/3971/1280 4704/3953/1262
f 4691/3939/1247 4698/3947/1314 4685/3934/1241
f 4705/3956/1265 4712/3965/1274 4699/3950/1259
f 4719/3974/1283 4726/3983/1292 4713/3968/1318
f 4781/4045/1394 4837/4113/1458 4865/4145/1490
f 4747/4009/1359 4754/4017/1367 4741/4003/1353
f 4873/4159/1503 4740/4001/1351 4867/4153/1497
f 4858/4137/1482 4802/4070/1418 4774/4037/1386
f 4761/4025/1375 4768/4034/1383 4755/6842/1369
f 4775/4042/1391 4782/4050/1399 4769/4036/1385
f 4789/4058/1407 4796/4066/1415 4783/4052/1401
f 4803/4075/1423 4810/4084/1431 4797/4069/1417
f 4817/4092/1439 4824/4100/1447 4811/4086/1433
f 4831/4109/1455 4838/4118/1463 4825/4103/1449
f 4845/4126/1471 4852/4134/1479 4839/4120/1465
f 4859/4142/1487 4866/4150/1495 4853/4136/1481
f 4879/4163/1506 4901/6856/1527 4913/6865/1541
f 4883/4172/1514 4894/4184/1525 4902/6858/1530
f 4890/7166/1516 4882/4170/1512 4935/6862/1563
f 4880/4166/1508 4912/6864/1538 4924/6871/1552
f 4881/4168/1510 4923/6870/1549 4936/4225/1565
f 4891/4177/1519 4934/4220/1560 4990/4284/1618
f 4892/4179/1521 4989/4281/1615 4947/6884/1576
f 4903/4192/1532 4893/4181/1523 4946/4236/1574
f 4904/4194/1534 4945/4233/1571 4958/4249/1587
f 4914/4203/1543 4905/6866/1536 4957/4247/1585
f 4915/4205/1545 4956/4244/1582 4969/4263/1598
f 4925/6872/1554 4916/4207/1547 4968/4260/1596
f 4926/4216/1556 4967/4257/1593 4980/4275/1609
f 4937/4228/1567 4927/4218/1558 4979/4273/1607
f 4938/4231/1569 4978/6890/1604 4991/4286/1620
f 4959/4252/1589 4949/7167/1580 5000/4292/1626
f 4948/7168/1578 4993/6881/1624 5001/4295/1628
f 4970/6895/1600 4960/7169/1591 5004/4301/1634
f 4981/7170/1611 4971/4267/1602 5003/4299/1632
f 4992/6887/1622 4982/6889/1613 5002/4297/1630
f 6/1/1 13/27/14 14/2/2
f 4/4/4 11/16/15 12/5/5
f 2/7/7 9/7171/16 10/8/8
f 6/14/1 5/6/6 12/5/5
f 3/9/9 10/8/8 11/16/15
f 2/17/7 85/10/10 8/12/12
f 10/19/8 9/7172/16 16/20/17
f 12/5/5 19/28/23 20/24/21
f 10/8/8 17/7173/18 18/25/22
f 8/12/12 15/22/19 16/26/17
f 13/27/14 20/36/21 21/23/20
f 11/16/15 18/25/22 19/28/23
f 19/30/23 26/37/28 27/31/25
f 17/21/18 24/38/29 25/33/26
f 15/22/19 22/39/30 23/35/27
f 20/36/21 27/41/25 28/29/24
f 18/34/22 25/33/26 26/37/28
f 16/20/17 23/44/27 24/38/29
f 22/39/30 29/46/35 30/40/31
f 27/41/25 34/49/36 35/42/32
f 25/33/26 32/48/37 33/43/33
f 23/44/27 30/54/31 31/45/34
f 27/31/25 26/37/28 33/43/33
f 24/38/29 31/45/34 32/48/37
f 34/49/36 41/67/43 42/50/38
f 33/51/33 32/7174/37 39/52/39
f 30/54/31 37/7175/44 38/55/41
f 33/51/33 40/53/40 41/57/43
f 31/45/34 38/55/41 39/59/39
f 29/46/35 36/56/42 37/60/44
f 40/53/40 47/68/50 48/63/47
f 38/64/41 45/70/51 46/65/48
f 37/60/44 36/56/42 43/61/45
f 41/67/43 48/7176/47 49/62/46
f 39/52/39 46/65/48 47/68/50
f 37/69/44 44/7177/49 45/70/51
f 47/68/50 54/76/56 55/71/52
f 45/70/51 52/78/57 53/72/53
f 43/61/45 50/79/58 51/73/54
f 49/62/46 48/7176/47 55/74/52
f 46/65/48 53/72/53 54/76/56
f 45/70/51 44/7177/49 51/77/54
f 55/74/52 62/100/63 63/80/59
f 53/81/53 60/90/64 61/82/60
f 51/84/54 58/93/65 59/85/61
f 55/88/52 54/83/56 61/82/60
f 53/81/53 52/86/57 59/85/61
f 51/73/54 50/79/58 57/87/62
f 60/90/64 67/98/71 68/92/66
f 58/93/65 65/108/72 66/94/67
f 61/82/60 68/92/66 69/97/70
f 59/85/61 66/94/67 67/98/71
f 58/91/65 57/87/62 64/95/68
f 62/100/63 69/106/70 70/96/69
f 68/92/66 75/107/78 76/102/74
f 66/94/67 73/109/79 74/103/75
f 65/99/72 64/95/68 71/104/76
f 69/106/70 76/115/74 77/101/73
f 67/98/71 74/103/75 75/107/78
f 65/108/72 72/7178/77 73/109/79
f 73/110/79 80/120/85 81/111/80
f 72/105/77 71/104/76 78/113/81
f 76/115/74 83/123/86 84/116/83
f 75/117/78 74/112/75 81/111/80
f 73/110/79 72/7179/77 79/119/82
f 75/117/78 82/118/84 83/121/86
f 83/123/86 6/1/1 86/3/3
f 81/111/80 4/4/4 5/6/6
f 80/120/85 79/119/82 2/7/7
f 82/118/84 5/6/6 6/14/1
f 80/120/85 3/9/9 4/4/4
f 79/114/82 78/113/81 85/10/10
f 172/124/3 92/7180/1 99/125/14
f 90/127/4 97/139/15 98/128/5
f 88/130/7 95/7181/16 96/131/8
f 92/137/1 91/129/6 98/128/5
f 89/132/9 96/131/8 97/139/15
f 171/133/10 94/135/12 95/140/16
f 95/142/16 102/161/17 103/143/18
f 99/138/14 98/128/5 105/147/23
f 96/131/8 103/7182/18 104/149/22
f 94/135/12 101/145/19 102/150/17
f 99/125/14 106/159/21 107/146/20
f 98/128/5 97/139/15 104/149/22
f 105/152/23 112/160/28 113/153/25
f 103/143/18 110/162/29 111/155/26
f 102/150/17 101/145/19 108/157/30
f 106/159/21 113/7183/25 114/151/24
f 104/156/22 111/155/26 112/160/28
f 102/161/17 109/167/27 110/162/29
f 108/157/30 115/169/35 116/163/31
f 114/151/24 113/7183/25 120/164/36
f 111/155/26 118/171/37 119/166/33
f 109/167/27 116/176/31 117/168/34
f 113/153/25 112/160/28 119/166/33
f 110/162/29 117/168/34 118/171/37
f 120/164/36 127/190/43 128/172/38
f 118/173/37 125/188/39 126/174/40
f 116/176/31 123/7184/44 124/177/41
f 119/175/33 126/174/40 127/179/43
f 117/168/34 124/177/41 125/181/39
f 116/163/31 115/169/35 122/178/42
f 126/174/40 133/191/50 134/185/47
f 124/186/41 131/193/51 132/187/48
f 123/182/44 122/178/42 129/183/45
f 127/190/43 134/7185/47 135/184/46
f 125/188/39 132/187/48 133/191/50
f 123/192/44 130/201/49 131/193/51
f 134/185/47 133/191/50 140/194/56
f 131/193/51 138/202/57 139/196/53
f 130/189/49 129/183/45 136/197/58
f 135/184/46 134/7185/47 141/199/52
f 132/187/48 139/196/53 140/194/56
f 130/201/49 137/7186/54 138/202/57
f 141/199/52 148/223/63 149/203/59
f 140/204/56 139/213/53 146/205/64
f 137/207/54 144/217/65 145/208/61
f 140/204/56 147/206/60 148/211/63
f 138/209/57 145/208/61 146/205/64
f 137/198/54 136/197/58 143/210/62
f 147/206/60 146/205/64 153/215/71
f 144/217/65 151/7187/72 152/218/67
f 147/206/60 154/216/66 155/221/70
f 145/208/61 152/218/67 153/215/71
f 144/214/65 143/210/62 150/219/68
f 148/223/63 155/229/70 156/220/69
f 154/216/66 161/230/78 162/225/74
f 152/218/67 159/232/79 160/226/75
f 151/222/72 150/219/68 157/227/76
f 155/229/70 162/237/74 163/224/73
f 153/215/71 160/226/75 161/230/78
f 152/218/67 151/7187/72 158/231/77
f 159/233/79 166/242/85 167/234/80
f 157/227/76 164/243/81 165/236/82
f 162/237/74 169/246/86 170/238/83
f 160/235/75 167/234/80 168/239/84
f 158/241/77 165/7188/82 166/242/85
f 161/240/78 168/239/84 169/244/86
f 169/246/86 92/7180/1 172/124/3
f 167/234/80 90/127/4 91/129/6
f 166/242/85 165/7188/82 88/130/7
f 168/239/84 91/129/6 92/137/1
f 166/242/85 89/132/9 90/127/4
f 164/243/81 171/133/10 88/141/7
f 258/247/1 185/7189/14 186/248/2
f 176/250/4 183/262/15 184/251/5
f 175/253/9 257/7190/7 181/254/16
f 177/252/6 184/251/5 185/260/14
f 175/253/9 182/255/8 183/262/15
f 257/263/7 174/256/10 180/258/12
f 181/265/16 188/283/17 189/266/18
f 184/251/5 191/274/23 192/270/21
f 182/255/8 189/7191/18 190/271/22
f 180/258/12 187/268/19 188/272/17
f 186/248/2 185/7189/14 192/273/21
f 183/262/15 190/271/22 191/274/23
f 192/276/21 191/282/23 198/277/28
f 189/266/18 196/284/29 197/279/26
f 187/268/19 194/285/30 195/281/27
f 192/273/21 199/288/25 200/275/24
f 190/280/22 197/279/26 198/277/28
f 188/283/17 195/291/27 196/284/29
f 195/281/27 194/285/30 201/286/35
f 199/288/25 206/295/36 207/289/32
f 197/279/26 204/294/37 205/290/33
f 195/291/27 202/300/31 203/292/34
f 199/278/25 198/277/28 205/290/33
f 196/284/29 203/292/34 204/294/37
f 206/295/36 213/314/43 214/296/38
f 204/297/37 211/312/39 212/298/40
f 202/300/31 209/7192/44 210/301/41
f 206/303/36 205/299/33 212/298/40
f 203/292/34 210/301/41 211/305/39
f 201/286/35 208/302/42 209/306/44
f 212/298/40 219/315/50 220/309/47
f 210/310/41 217/317/51 218/311/48
f 208/302/42 215/307/45 216/313/49
f 213/314/43 220/323/47 221/308/46
f 212/298/40 211/312/39 218/311/48
f 209/316/44 216/325/49 217/317/51
f 220/309/47 219/315/50 226/318/56
f 218/311/48 217/317/51 224/320/57
f 215/307/45 222/326/58 223/322/54
f 220/323/47 227/327/52 228/324/87
f 218/311/48 225/321/53 226/318/56
f 216/325/49 223/7193/54 224/320/57
f 227/327/52 234/347/63 235/328/59
f 225/329/53 232/338/64 233/330/60
f 224/332/57 223/7194/54 230/333/65
f 226/331/56 233/330/60 234/336/63
f 225/329/53 224/332/57 231/334/88
f 222/326/58 229/335/62 230/339/65
f 232/338/64 239/345/71 240/340/66
f 230/333/65 237/354/72 238/341/67
f 233/330/60 240/340/66 241/344/70
f 231/334/88 238/341/67 239/345/71
f 230/339/65 229/335/62 236/342/68
f 234/347/63 241/7195/70 242/343/69
f 241/344/70 240/340/66 247/349/78
f 238/341/67 245/355/79 246/351/75
f 236/342/68 243/356/76 244/352/77
f 242/343/69 241/7195/70 248/353/74
f 240/340/66 239/345/71 246/351/75
f 237/354/72 244/7196/77 245/355/79
f 245/357/79 252/365/85 253/358/80
f 243/356/76 250/366/81 251/360/82
f 248/353/74 255/369/86 256/361/83
f 247/362/78 246/359/75 253/358/80
f 245/357/79 244/7197/77 251/364/82
f 247/362/78 254/363/84 255/367/86
f 255/369/86 258/247/1 178/249/3
f 253/358/80 176/250/4 177/252/6
f 251/364/82 257/7190/7 175/253/9
f 254/363/84 177/252/6 258/261/1
f 252/365/85 175/253/9 176/250/4
f 250/366/81 174/256/10 257/263/7
f 344/370/1 271/397/14 272/371/89
f 262/373/4 269/385/15 270/374/5
f 261/376/9 343/493/7 267/377/16
f 263/375/6 270/374/5 271/383/14
f 261/376/9 268/378/8 269/385/15
f 260/379/10 266/381/12 267/386/16
f 268/388/8 267/7198/16 274/389/17
f 270/374/5 277/398/23 278/393/21
f 269/385/15 268/378/8 275/394/18
f 266/381/12 273/391/19 274/396/17
f 271/397/14 278/407/21 279/392/20
f 269/385/15 276/395/22 277/398/23
f 277/400/23 284/408/28 285/401/25
f 276/403/22 275/390/18 282/404/90
f 273/391/19 280/410/30 281/406/27
f 278/407/21 285/7199/25 286/399/24
f 276/403/22 283/405/26 284/408/28
f 275/390/18 274/389/17 281/409/27
f 280/410/30 287/416/35 288/411/31
f 286/399/24 285/7199/25 292/412/36
f 283/405/26 290/418/37 291/414/33
f 281/409/27 288/7200/31 289/415/34
f 285/401/25 284/408/28 291/414/33
f 282/404/90 289/415/34 290/418/37
f 292/412/36 299/437/43 300/419/38
f 291/420/33 290/7201/37 297/421/39
f 289/415/34 288/7200/31 295/423/44
f 291/420/33 298/422/40 299/426/43
f 289/415/34 296/424/41 297/428/39
f 287/416/35 294/425/42 295/429/44
f 299/426/43 298/422/40 305/432/50
f 296/434/41 303/439/51 304/435/48
f 294/425/42 301/430/45 302/436/49
f 299/437/43 306/443/47 307/431/46
f 298/422/40 297/421/39 304/435/48
f 295/438/44 302/7202/49 303/439/51
f 305/432/50 312/445/56 313/440/52
f 303/439/51 310/447/57 311/441/53
f 301/430/45 308/448/58 309/442/54
f 306/443/47 313/449/52 314/444/87
f 305/432/50 304/435/48 311/441/53
f 303/439/51 302/7202/49 309/446/54
f 313/449/52 320/7203/63 321/450/59
f 311/451/53 318/460/64 319/452/60
f 309/454/54 316/463/65 317/455/61
f 312/453/56 319/452/60 320/458/63
f 310/456/57 317/455/61 318/460/64
f 309/442/54 308/448/58 315/457/62
f 318/460/64 325/468/71 326/462/66
f 316/463/65 323/477/72 324/464/67
f 319/452/60 326/462/66 327/467/70
f 317/455/61 324/464/67 325/468/71
f 315/457/62 322/465/68 323/469/72
f 321/450/59 320/7203/63 327/470/70
f 326/462/66 333/476/78 334/472/74
f 324/464/67 331/478/79 332/473/75
f 323/469/72 322/465/68 329/474/76
f 327/470/70 334/483/74 335/471/73
f 325/468/71 332/473/75 333/476/78
f 323/477/72 330/7204/77 331/478/79
f 331/479/79 338/488/85 339/480/80
f 329/474/76 336/489/81 337/482/82
f 334/483/74 341/492/86 342/484/83
f 332/481/75 339/480/80 340/485/84
f 330/487/77 337/7205/82 338/488/85
f 333/486/78 340/485/84 341/490/86
f 341/492/86 344/370/1 264/372/3
f 339/480/80 262/373/4 263/375/6
f 338/488/85 337/7205/82 343/493/7
f 340/485/84 263/375/6 344/384/1
f 338/488/85 261/376/9 262/373/4
f 336/489/81 260/379/10 343/387/7
f 619/538/111 618/839/134 397/539/112
f 627/541/114 626/567/135 405/542/115
f 619/538/111 398/540/113 399/544/117
f 627/541/114 406/543/116 407/546/119
f 621/548/121 620/545/118 399/544/117
f 621/548/121 400/549/122 401/551/123
f 622/552/4 401/551/123 402/553/124
f 623/554/125 402/553/124 403/558/128
f 616/555/126 395/557/127 396/560/130
f 624/559/129 403/558/128 404/562/132
f 617/561/131 396/560/130 397/564/112
f 625/566/133 404/578/132 405/542/115
f 398/540/113 411/7206/147 412/568/136
f 406/543/116 419/582/148 420/569/137
f 399/544/117 412/568/136 413/570/138
f 400/549/122 413/570/138 414/571/139
f 401/551/123 414/571/139 415/572/140
f 402/553/124 415/572/140 416/574/142
f 395/557/127 408/573/141 409/575/143
f 403/558/128 416/574/142 417/576/144
f 396/560/130 409/575/143 410/577/145
f 404/578/132 417/598/144 418/579/146
f 397/564/112 410/577/145 411/580/147
f 405/542/115 418/579/146 419/582/148
f 419/582/148 432/601/159 433/583/149
f 412/584/136 425/603/160 426/585/150
f 413/586/138 426/585/150 427/587/22
f 414/588/139 427/587/22 428/589/151
f 415/590/140 428/589/151 429/592/153
f 408/573/141 421/591/152 422/594/154
f 417/595/144 416/593/142 429/592/153
f 409/575/143 422/594/154 423/597/156
f 417/598/144 430/613/155 431/599/157
f 411/580/147 410/577/145 423/597/156
f 418/579/146 431/599/157 432/601/159
f 411/602/147 424/617/158 425/603/160
f 425/603/160 438/618/173 439/604/161
f 426/585/150 439/604/161 440/606/163
f 427/587/22 440/606/163 441/607/164
f 429/592/153 428/589/151 441/607/164
f 421/591/152 434/608/165 435/610/167
f 429/592/153 442/609/166 443/611/168
f 422/594/154 435/610/167 436/612/169
f 430/613/155 443/7207/168 444/614/170
f 423/597/156 436/612/169 437/615/171
f 431/599/157 444/614/170 445/616/172
f 424/617/158 437/632/171 438/618/173
f 432/601/159 445/616/172 446/605/162
f 440/606/163 439/604/161 452/620/175
f 440/606/163 453/621/176 454/622/177
f 442/609/166 441/607/164 454/622/177
f 434/608/165 447/623/178 448/625/180
f 442/609/166 455/624/179 456/626/181
f 435/610/167 448/625/180 449/627/182
f 444/614/170 443/7207/168 456/628/181
f 436/630/169 449/642/182 450/631/184
f 444/614/170 457/629/183 458/633/185
f 437/632/171 450/631/184 451/634/186
f 445/616/172 458/633/185 459/619/174
f 438/618/173 451/634/186 452/620/175
f 453/621/176 466/648/37 467/635/187
f 455/624/179 454/622/177 467/635/187
f 448/625/180 447/623/178 460/636/188
f 455/624/179 468/637/189 469/639/191
f 448/625/180 461/638/190 462/640/192
f 456/628/181 469/655/191 470/641/193
f 449/642/182 462/7208/192 463/643/194
f 457/629/183 470/641/193 471/644/195
f 450/631/184 463/643/194 464/645/196
f 458/633/185 471/644/195 472/646/197
f 451/634/186 464/645/196 465/647/198
f 453/621/176 452/620/175 465/647/198
f 466/648/37 479/664/211 480/649/199
f 468/637/189 467/635/187 480/649/199
f 460/636/188 473/650/200 474/652/202
f 468/637/189 481/651/201 482/653/203
f 461/638/190 474/652/202 475/654/204
f 469/655/191 482/673/203 483/656/205
f 463/657/194 462/640/192 475/654/204
f 471/644/195 470/641/193 483/656/205
f 464/645/196 463/643/194 476/660/206
f 471/644/195 484/659/207 485/662/209
f 464/645/196 477/661/208 478/663/210
f 465/647/198 478/663/210 479/664/211
f 481/666/201 480/685/199 493/667/213
f 474/652/202 473/650/200 486/665/212
f 481/666/201 494/668/214 495/670/216
f 474/652/202 487/669/215 488/672/217
f 482/673/203 495/692/216 496/674/218
f 476/658/206 475/654/204 488/672/217
f 483/656/205 496/674/218 497/676/220
f 476/677/206 489/696/219 490/678/221
f 484/659/207 497/676/220 498/680/222
f 477/679/208 490/678/221 491/681/223
f 479/683/211 478/682/210 491/681/223
f 479/683/211 492/684/224 493/667/213
f 494/668/214 493/667/213 506/686/225
f 487/669/215 486/665/212 499/688/227
f 494/668/214 507/687/226 508/690/229
f 487/669/215 500/689/228 501/691/230
f 495/692/216 508/704/229 509/693/231
f 488/694/217 501/706/230 502/695/232
f 496/674/218 509/693/231 510/697/233
f 489/696/219 502/695/232 503/698/234
f 497/676/220 510/697/233 511/699/235
f 490/678/221 503/698/234 504/700/236
f 491/681/223 504/700/236 505/701/48
f 492/684/224 505/701/48 506/686/225
f 507/687/226 520/715/248 521/702/237
f 500/689/228 513/716/249 514/703/238
f 508/704/229 521/718/237 522/705/239
f 501/706/230 514/7209/238 515/707/240
f 509/693/231 522/705/239 523/708/241
f 503/698/234 502/695/232 515/707/240
f 510/697/233 523/708/241 524/710/243
f 503/698/234 516/709/242 517/711/244
f 504/700/236 517/711/244 518/712/245
f 505/701/48 518/712/245 519/713/246
f 507/687/226 506/686/225 519/713/246
f 500/689/228 499/688/227 512/714/247
f 513/716/249 526/731/261 527/717/250
f 521/718/237 534/733/262 535/719/251
f 514/703/238 527/717/250 528/720/252
f 523/708/241 522/705/239 535/719/251
f 516/709/242 515/707/240 528/723/252
f 524/710/243 523/708/241 536/722/253
f 516/709/242 529/724/254 530/726/256
f 518/712/245 517/711/244 530/726/256
f 518/712/245 531/727/257 532/728/258
f 520/715/248 519/713/246 532/728/258
f 512/714/247 525/729/259 526/731/261
f 520/715/248 533/730/260 534/732/262
f 534/733/262 547/767/273 548/734/263
f 527/717/250 540/753/274 541/735/264
f 535/719/251 548/734/263 549/736/265
f 528/737/252 541/756/264 542/738/266
f 536/722/253 549/736/265 550/740/267
f 529/739/254 542/738/266 543/741/268
f 531/743/257 530/742/256 543/741/268
f 531/743/257 544/744/64 545/745/269
f 533/748/260 532/746/258 545/745/269
f 525/729/259 538/747/270 539/750/272
f 533/748/260 546/749/271 547/751/273
f 526/731/261 539/750/272 540/753/274
f 540/753/274 553/766/286 554/754/275
f 548/734/263 561/768/287 562/755/276
f 541/756/264 554/784/275 555/757/277
f 549/736/265 562/755/276 563/758/278
f 542/738/266 555/757/277 556/759/279
f 543/741/268 556/759/279 557/760/280
f 544/744/64 557/760/280 558/761/281
f 546/749/271 545/745/269 558/761/281
f 539/750/272 538/747/270 551/762/282
f 546/749/271 559/763/283 560/765/285
f 539/750/272 552/764/284 553/766/286
f 547/767/273 560/7210/285 561/768/287
f 561/768/287 574/796/300 575/769/288
f 555/757/277 554/784/275 567/770/289
f 562/755/276 575/769/288 576/772/291
f 555/757/277 568/771/290 569/773/292
f 557/760/280 556/759/279 569/773/292
f 557/760/280 570/774/293 571/775/294
f 559/763/283 558/761/281 571/775/294
f 552/764/284 551/762/282 564/776/295
f 559/763/283 572/777/296 573/779/298
f 553/766/286 552/764/284 565/778/297
f 560/765/285 573/779/298 574/781/300
f 553/783/286 566/7211/299 567/770/289
f 575/769/288 588/799/311 589/785/301
f 568/771/290 581/800/312 582/786/302
f 570/774/293 569/773/292 582/786/302
f 570/774/293 583/787/75 584/788/303
f 572/777/296 571/775/294 584/788/303
f 564/776/295 577/789/304 578/791/306
f 573/779/298 572/777/296 585/790/305
f 565/778/297 578/791/306 579/793/308
f 573/794/298 586/810/307 587/795/309
f 567/797/289 566/780/299 579/793/308
f 574/796/300 587/795/309 588/799/311
f 567/770/289 580/814/310 581/800/312
f 581/800/312 594/815/325 595/801/313
f 583/787/75 582/786/302 595/801/313
f 583/787/75 596/803/315 597/804/316
f 585/790/305 584/788/303 597/804/316
f 578/791/306 577/789/304 590/805/317
f 585/790/305 598/806/318 599/808/320
f 578/791/306 591/807/319 592/809/321
f 586/810/307 599/829/320 600/811/322
f 579/793/308 592/809/321 593/812/323
f 587/795/309 600/811/322 601/813/324
f 580/814/310 593/7212/323 594/815/325
f 588/799/311 601/813/324 602/802/314
f 596/817/315 595/836/313 608/818/327
f 596/817/315 609/819/328 610/820/329
f 598/823/318 597/821/316 610/820/329
f 590/805/317 603/822/330 604/825/332
f 598/823/318 611/824/331 612/826/333
f 591/807/319 604/825/332 605/828/334
f 599/829/320 612/837/333 613/830/335
f 593/812/323 592/809/321 605/828/334
f 601/813/324 600/811/322 613/830/335
f 593/833/323 606/838/336 607/834/338
f 601/813/324 614/832/337 615/816/326
f 594/835/325 607/834/338 608/818/327
f 609/819/328 608/818/327 621/548/121
f 609/819/328 622/552/4 623/554/125
f 611/824/331 610/820/329 623/554/125
f 604/825/332 603/822/330 616/555/126
f 611/824/331 624/559/129 625/563/133
f 604/825/332 617/561/131 618/565/134
f 612/837/333 625/566/133 626/567/135
f 606/838/336 605/7213/334 618/839/134
f 614/832/337 613/830/335 626/567/135
f 606/838/336 619/538/111 620/545/118
f 615/816/326 614/832/337 627/541/114
f 607/834/338 620/545/118 621/548/121
f 637/840/339 640/7214/2482 641/841/340
f 642/843/342 641/7215/2658 640/844/343
f 643/846/345 641/7215/2658 642/843/342
f 644/848/347 647/4304/1637 648/849/348
f 649/851/350 648/7216/2659 647/852/351
f 650/854/353 648/7216/2659 649/851/350
f 651/856/355 654/4303/1636 655/857/356
f 656/859/358 655/7217/2660 654/860/359
f 657/862/361 655/7217/2660 656/859/358
f 658/864/363 661/7218/2661 662/865/364
f 663/867/366 662/7219/2662 661/868/367
f 664/870/369 662/7219/2662 663/867/366
f 665/872/371 668/4306/1638 669/873/372
f 670/875/374 669/7220/2663 668/876/375
f 671/878/377 669/7220/2663 670/875/374
f 672/880/379 675/7221/2611 676/881/380
f 677/883/382 676/7222/2664 675/884/383
f 678/886/385 676/7222/2664 677/883/382
f 679/888/387 682/4308/1639 683/889/388
f 684/891/390 683/7223/2665 682/892/391
f 685/894/393 683/7223/2665 684/891/390
f 686/896/395 689/7224/2476 690/897/396
f 691/899/398 690/7225/2666 689/900/399
f 692/902/401 690/7225/2666 691/899/398
f 693/904/403 696/4309/1640 697/905/404
f 698/907/406 697/7226/2667 696/908/407
f 699/910/409 697/7226/2667 698/907/406
f 700/912/411 703/7227/2477 704/913/412
f 705/915/414 704/7228/2668 703/916/415
f 706/918/417 704/7228/2668 705/915/414
f 707/920/419 710/4312/1641 711/921/420
f 712/923/422 711/7229/2669 710/924/423
f 713/926/425 711/7229/2669 712/923/422
f 714/928/427 717/4315/1642 718/929/428
f 719/931/430 718/7230/2670 717/932/431
f 720/934/433 718/7230/2670 719/931/430
f 721/936/435 724/7231/2478 725/937/436
f 726/939/438 725/7232/2671 724/940/439
f 727/942/441 725/7232/2671 726/939/438
f 728/944/443 731/4317/1644 732/945/444
f 733/947/446 732/7233/2672 731/948/447
f 734/950/449 732/7233/2672 733/947/446
f 735/952/451 738/4316/1643 739/953/452
f 740/955/454 739/7234/2673 738/956/455
f 741/958/457 739/7234/2673 740/955/454
f 742/960/459 745/4321/1645 746/961/460
f 747/963/462 746/7235/2674 745/964/463
f 748/966/465 746/7235/2674 747/963/462
f 749/968/467 752/7236/2675 753/969/468
f 754/971/470 753/7237/2676 752/972/471
f 755/974/473 753/7237/2676 754/971/470
f 756/976/475 759/4322/1646 760/977/476
f 761/979/478 760/7238/2677 759/980/479
f 762/982/481 760/7238/2677 761/979/478
f 763/984/483 766/7239/2678 767/985/484
f 768/987/486 767/7240/2679 766/988/487
f 769/990/489 767/7240/2679 768/987/486
f 770/992/491 773/4324/1648 774/993/492
f 775/995/494 774/7241/2680 773/996/495
f 776/998/497 774/7241/2680 775/995/494
f 777/1000/499 780/4323/1647 781/1001/500
f 782/1003/502 781/7242/2681 780/1004/503
f 783/1006/505 781/7242/2681 782/1003/502
f 784/1008/507 787/4329/1650 788/1009/508
f 789/1011/510 788/7243/2682 787/1012/511
f 790/1014/513 788/7243/2682 789/1011/510
f 791/1016/515 794/4327/1649 795/1017/516
f 796/1019/518 795/7244/2683 794/1020/519
f 797/1022/521 795/7244/2683 796/1019/518
f 798/1024/523 801/4330/1651 802/1025/524
f 803/1027/526 802/7245/2684 801/1028/527
f 804/1030/529 802/7245/2684 803/1027/526
f 889/1032/531 892/4467/1780 893/1033/532
f 890/1035/534 894/4452/1765 893/1036/535
f 891/1038/537 895/7246/1829 893/1039/538
f 896/1041/540 899/4470/1783 900/1042/541
f 897/1044/543 901/4453/1766 900/1045/544
f 898/1047/546 902/7247/1831 900/1048/547
f 903/1050/549 906/4451/1764 907/1051/550
f 904/1053/552 908/4456/1769 907/1054/553
f 905/1056/555 909/4458/1771 907/1057/556
f 910/1059/558 913/4459/1772 914/1060/559
f 911/1062/561 915/4455/1768 914/1063/562
f 912/1065/564 916/4454/1767 914/1066/565
f 917/1068/567 920/4463/1776 921/1069/568
f 918/1071/570 922/4466/1779 921/1072/571
f 919/1074/573 923/4468/1781 921/1075/574
f 924/1077/576 927/4469/1782 928/1078/577
f 925/1080/579 929/4465/1778 928/1081/580
f 926/1083/582 930/7248/2471 928/1084/583
f 931/1086/585 934/4457/1770 935/1087/586
f 932/1089/588 936/4462/1775 935/1090/589
f 933/1092/591 937/7249/1837 935/1093/592
f 938/1095/594 941/4464/1777 942/1096/595
f 939/1098/597 943/4461/1774 942/1099/598
f 940/1101/600 944/4460/1773 942/1102/601
f 1281/1104/531 1284/4970/1780 1285/1105/532
f 1282/1107/534 1286/4953/1830 1285/1108/535
f 1283/1110/537 1287/4952/1829 1285/1111/603
f 1288/1113/540 1291/7250/1842 1292/1114/605
f 1289/1116/543 1293/4955/1832 1292/1117/607
f 1290/1119/546 1294/4954/1831 1292/1120/609
f 1295/1122/549 1298/4951/1764 1299/1123/550
f 1296/1125/552 1300/4958/1769 1299/1126/611
f 1297/1128/555 1301/7251/1771 1299/1129/556
f 1302/1131/558 1305/4960/1834 1306/1132/614
f 1303/1134/561 1307/4957/1768 1306/1135/616
f 1304/1137/564 1308/4956/1833 1306/1138/618
f 1309/1140/567 1312/4964/1776 1313/1141/568
f 1310/1143/570 1314/4969/1779 1313/1144/619
f 1311/1146/573 1315/4971/1781 1313/1147/620
f 1316/1149/576 1319/4972/1841 1320/1150/622
f 1317/1152/579 1321/4968/1840 1320/1153/624
f 1318/1155/582 1322/4967/1839 1320/1156/626
f 1323/1158/585 1326/4959/1770 1327/1159/586
f 1324/1161/588 1328/4963/1836 1327/1162/589
f 1325/1164/591 1329/4965/1837 1327/1165/627
f 1330/1167/594 1333/4966/1838 1334/1168/629
f 1331/1170/597 1335/4962/1774 1334/1171/631
f 1332/1173/600 1336/4961/1835 1334/1174/633
f 1337/1176/531 1340/4992/1780 1341/1177/532
f 1338/1179/534 1342/4975/1830 1341/1180/535
f 1339/1182/537 1343/4974/1829 1341/1183/603
f 1344/1185/540 1347/4994/1842 1348/1186/605
f 1345/1188/543 1349/4977/1832 1348/1189/607
f 1346/1191/546 1350/4976/1831 1348/1192/609
f 1351/1194/549 1354/4973/1764 1355/1195/550
f 1352/1197/552 1356/4980/1769 1355/1198/611
f 1353/1200/555 1357/4982/1771 1355/1201/556
f 1358/1203/558 1361/4983/1834 1362/1204/614
f 1359/1206/561 1363/4979/1768 1362/1207/616
f 1360/1209/564 1364/4978/1833 1362/1210/618
f 1365/1212/567 1368/4986/1776 1369/1213/568
f 1366/1215/570 1370/4991/1779 1369/1216/619
f 1367/1218/573 1371/7252/1781 1369/1219/620
f 1372/1221/576 1375/4993/1841 1376/1222/622
f 1373/1224/579 1377/4990/1840 1376/1225/624
f 1374/1227/582 1378/4989/1839 1376/1228/626
f 1379/1230/585 1382/4981/1770 1383/1231/586
f 1380/1233/588 1384/4985/1836 1383/1234/589
f 1381/1236/591 1385/4987/1837 1383/1237/627
f 1386/1239/594 1389/4988/1838 1390/1240/629
f 1387/1242/597 1391/4984/1774 1390/1243/631
f 1388/1245/600 1392/7253/1835 1390/1246/633
f 1393/1248/531 1396/5014/1780 1397/1249/532
f 1394/1251/534 1398/4997/1830 1397/1252/535
f 1395/1254/537 1399/4996/1829 1397/1255/603
f 1400/1257/540 1403/5016/1842 1404/1258/605
f 1401/1260/543 1405/4999/1832 1404/1261/607
f 1402/1263/546 1406/4998/1831 1404/1264/609
f 1407/1266/549 1410/4995/1764 1411/1267/550
f 1408/1269/552 1412/5002/1769 1411/1270/611
f 1409/1272/555 1413/5004/1771 1411/1273/556
f 1414/1275/558 1417/5005/1834 1418/1276/614
f 1415/1278/561 1419/5001/1768 1418/1279/616
f 1416/1281/564 1420/5000/1833 1418/1282/618
f 1421/1284/567 1424/5008/1776 1425/1285/568
f 1422/1287/570 1426/5013/1779 1425/1288/619
f 1423/1290/573 1427/7254/1781 1425/1291/620
f 1428/1293/576 1431/5015/1841 1432/1294/622
f 1429/1296/579 1433/5012/1840 1432/1297/624
f 1430/1299/582 1434/5011/1839 1432/1300/626
f 1435/1302/585 1438/5003/1770 1439/1303/586
f 1436/1305/588 1440/5007/1836 1439/1306/589
f 1437/1308/591 1441/5009/1837 1439/1309/627
f 1442/1311/594 1445/5010/1838 1446/1312/629
f 1443/1314/597 1447/5006/1774 1446/1315/631
f 1444/1317/600 1448/7255/1835 1446/1318/633
f 1449/1320/531 1452/5036/1780 1453/1321/532
f 1450/1323/534 1454/5019/1830 1453/1324/535
f 1451/1326/537 1455/5018/1829 1453/1327/603
f 1456/1329/540 1459/7256/1842 1460/1330/605
f 1457/1332/543 1461/5021/1832 1460/1333/607
f 1458/1335/546 1462/5020/1831 1460/1336/609
f 1463/1338/549 1466/5017/1764 1467/1339/550
f 1464/1341/552 1468/5024/1769 1467/1342/611
f 1465/1344/555 1469/7257/1771 1467/1345/556
f 1470/1347/558 1473/5026/1834 1474/1348/614
f 1471/1350/561 1475/5023/1768 1474/1351/616
f 1472/1353/564 1476/5022/1833 1474/1354/618
f 1477/1356/567 1480/5030/1776 1481/1357/568
f 1478/1359/570 1482/5035/1779 1481/1360/619
f 1479/1362/573 1483/5037/1781 1481/1363/620
f 1484/1365/576 1487/5038/1841 1488/1366/622
f 1485/1368/579 1489/5034/1840 1488/1369/624
f 1486/1371/582 1490/5033/1839 1488/1372/626
f 1491/1374/585 1494/5025/1770 1495/1375/586
f 1492/1377/588 1496/5029/1836 1495/1378/589
f 1493/1380/591 1497/5031/1837 1495/1381/627
f 1498/1383/594 1501/5032/1838 1502/1384/629
f 1499/1386/597 1503/5028/1774 1502/1387/631
f 1500/1389/600 1504/5027/1835 1502/1390/633
f 2521/1744/531 2524/5985/2469 2525/1745/803
f 2522/1747/534 2526/5973/1830 2525/1748/804
f 2523/1750/537 2527/5972/1829 2525/1751/603
f 2528/1753/540 2531/5988/1842 2532/1754/805
f 2529/1756/543 2533/5975/2468 2532/1757/607
f 2530/1759/546 2534/5974/1831 2532/1760/806
f 2535/1762/549 2538/5971/2467 2539/1763/807
f 2536/1765/552 2540/7258/1769 2539/1766/808
f 2537/1768/555 2541/7259/1771 2539/1769/809
f 2542/1771/558 2545/5978/1834 2546/1772/614
f 2543/1774/561 2547/5976/1768 2546/1775/810
f 2544/1777/564 2548/7260/1833 2546/1778/618
f 2549/1780/567 2552/5981/1776 2553/1781/811
f 2550/1783/570 2554/7261/1779 2553/1784/619
f 2551/1786/573 2555/5986/1781 2553/1787/574
f 2556/1789/576 2559/5987/1841 2560/1790/622
f 2557/1792/579 2561/5984/1840 2560/1793/813
f 2558/1795/582 2562/5983/1839 2560/1796/814
f 2563/1798/585 2566/5977/1770 2567/1799/815
f 2564/1801/588 2568/7262/1836 2567/1802/816
f 2565/1804/591 2569/7263/1837 2567/1805/627
f 2570/1807/594 2573/5982/1838 2574/1808/629
f 2571/1810/597 2575/5980/1774 2574/1811/631
f 2572/1813/600 2576/5979/1835 2574/1814/817
f 2577/1816/531 2580/6006/2469 2581/1817/818
f 2578/1819/534 2582/5991/1830 2581/1820/804
f 2579/1822/537 2583/5990/2470 2581/1823/603
f 2584/1825/540 2587/6009/1842 2588/1826/605
f 2585/1828/543 2589/5993/2468 2588/1829/607
f 2586/1831/546 2590/5992/1831 2588/1832/819
f 2591/1834/549 2594/5989/1764 2595/1835/807
f 2592/1837/552 2596/7264/1769 2595/1838/553
f 2593/1840/555 2597/5997/1771 2595/1841/809
f 2598/1843/558 2601/5998/1834 2602/1844/614
f 2599/1846/561 2603/5995/1768 2602/1847/810
f 2600/1849/564 2604/5994/1767 2602/1850/618
f 2605/1852/567 2608/6001/1776 2609/1853/820
f 2606/1855/570 2610/7265/1779 2609/1856/571
f 2607/1858/573 2611/6007/1781 2609/1859/574
f 2612/1861/576 2615/6008/1841 2616/1862/622
f 2613/1864/579 2617/6005/1840 2616/1865/813
f 2614/1867/582 2618/6004/2471 2616/1868/583
f 2619/1870/585 2622/5996/1770 2623/1871/815
f 2620/1873/588 2624/7266/1836 2623/1874/816
f 2621/1876/591 2625/6002/1837 2623/1877/821
f 2626/1879/594 2629/6003/1838 2630/1880/629
f 2627/1882/597 2631/6000/1774 2630/1883/598
f 2628/1885/600 2632/5999/1835 2630/1886/817
f 2633/1888/531 2636/6024/2469 2637/1889/818
f 2634/1891/534 2638/6012/1830 2637/1892/804
f 2635/1894/537 2639/6011/1829 2637/1895/603
f 2640/1897/540 2643/6027/1842 2644/1898/805
f 2641/1900/543 2645/6014/2468 2644/1901/607
f 2642/1903/546 2646/6013/1831 2644/1904/806
f 2647/1906/549 2650/6010/2467 2651/1907/807
f 2648/1909/552 2652/7267/1769 2651/1910/808
f 2649/1912/555 2653/7268/1771 2651/1913/809
f 2654/1915/558 2657/6017/1834 2658/1916/614
f 2655/1918/561 2659/6015/1768 2658/1919/810
f 2656/1921/564 2660/7269/1833 2658/1922/618
f 2661/1924/567 2664/6020/1776 2665/1925/811
f 2662/1927/570 2666/7270/1779 2665/1928/619
f 2663/1930/573 2667/6025/1781 2665/1931/574
f 2668/1933/576 2671/6026/1841 2672/1934/622
f 2669/1936/579 2673/6023/1840 2672/1937/624
f 2670/1939/582 2674/6022/2471 2672/1940/814
f 2675/1942/585 2678/6016/1770 2679/1943/815
f 2676/1945/588 2680/7271/1836 2679/1946/816
f 2677/1948/591 2681/7272/1837 2679/1949/592
f 2682/1951/594 2685/6021/1838 2686/1952/629
f 2683/1954/597 2687/6019/1774 2686/1955/631
f 2684/1957/600 2688/6018/1835 2686/1958/817
f 2689/1960/531 2692/6044/2469 2693/1961/803
f 2690/1963/534 2694/6030/1830 2693/1964/804
f 2691/1966/537 2695/6029/1829 2693/1967/603
f 2696/1969/540 2699/6047/1842 2700/1970/605
f 2697/1972/543 2701/6032/2468 2700/1973/607
f 2698/1975/546 2702/6031/1831 2700/1976/806
f 2703/1978/549 2706/6028/1764 2707/1979/807
f 2704/1981/552 2708/7273/1769 2707/1982/611
f 2705/1984/555 2709/6035/1771 2707/1985/809
f 2710/1987/558 2713/6036/1834 2714/1988/614
f 2711/1990/561 2715/6033/1768 2714/1991/810
f 2712/1993/564 2716/7274/1833 2714/1994/618
f 2717/1996/567 2720/6039/1776 2721/1997/811
f 2718/1999/570 2722/7275/1779 2721/2000/571
f 2719/2002/573 2723/6045/1781 2721/2003/574
f 2724/2005/576 2727/6046/1841 2728/2006/622
f 2725/2008/579 2729/6043/1840 2728/2009/813
f 2726/2011/582 2730/6042/2471 2728/2012/583
f 2731/2014/585 2734/6034/1770 2735/2015/815
f 2732/2017/588 2736/7276/1836 2735/2018/816
f 2733/2020/591 2737/6040/1837 2735/2021/821
f 2738/2023/594 2741/6041/1838 2742/2024/629
f 2739/2026/597 2743/6038/1774 2742/2027/598
f 2740/2029/600 2744/6037/1835 2742/2030/817
f 2745/2032/531 2748/6063/2469 2749/2033/803
f 2746/2035/534 2750/6050/1830 2749/2036/804
f 2747/2038/537 2751/6049/1829 2749/2039/822
f 2752/2041/540 2755/6066/1842 2756/2042/805
f 2753/2044/543 2757/6052/2468 2756/2045/607
f 2754/2047/546 2758/6051/1831 2756/2048/547
f 2759/2050/549 2762/6048/1764 2763/2051/807
f 2760/2053/552 2764/7277/1769 2763/2054/553
f 2761/2056/555 2765/6055/1771 2763/2057/809
f 2766/2059/558 2769/6056/1834 2770/2060/614
f 2767/2062/561 2771/6053/1768 2770/2063/810
f 2768/2065/564 2772/7278/1833 2770/2066/823
f 2773/2068/567 2776/6059/1776 2777/2069/811
f 2774/2071/570 2778/7279/1779 2777/2072/619
f 2775/2074/573 2779/6064/1781 2777/2075/574
f 2780/2077/576 2783/6065/1841 2784/2078/622
f 2781/2080/579 2785/6062/1840 2784/2081/624
f 2782/2083/582 2786/6061/1839 2784/2084/814
f 2787/2086/585 2790/6054/1770 2791/2087/815
f 2788/2089/588 2792/7280/1836 2791/2090/816
f 2789/2092/591 2793/7281/1837 2791/2093/627
f 2794/2095/594 2797/6060/1838 2798/2096/629
f 2795/2098/597 2799/6058/1774 2798/2099/631
f 2796/2101/600 2800/6057/1835 2798/2102/817
f 2801/2104/531 2804/6082/2469 2805/2105/803
f 2802/2107/534 2806/6069/1830 2805/2108/804
f 2803/2110/537 2807/6068/1829 2805/2111/603
f 2808/2113/540 2811/6084/1842 2812/2114/605
f 2809/2116/543 2813/6071/2468 2812/2117/607
f 2810/2119/546 2814/6070/1831 2812/2120/806
f 2815/2122/549 2818/6067/1764 2819/2123/807
f 2816/2125/552 2820/7282/1769 2819/2126/824
f 2817/2128/555 2821/6074/1771 2819/2129/809
f 2822/2131/558 2825/6075/1834 2826/2132/614
f 2823/2134/561 2827/6072/1768 2826/2135/810
f 2824/2137/564 2828/7283/1833 2826/2138/618
f 2829/2140/567 2832/6077/2472 2833/2141/811
f 2830/2143/570 2834/7284/1779 2833/2144/825
f 2831/2146/573 2835/7285/1781 2833/2147/574
f 2836/2149/576 2839/6083/1841 2840/2150/622
f 2837/2152/579 2841/6081/1840 2840/2153/813
f 2838/2155/582 2842/6080/1839 2840/2156/814
f 2843/2158/585 2846/6073/1770 2847/2159/815
f 2844/2161/588 2848/7286/1836 2847/2162/816
f 2845/2164/591 2849/6078/1837 2847/2165/627
f 2850/2167/594 2853/6079/1838 2854/2168/826
f 2851/2170/597 2855/6076/1774 2854/2171/827
f 2852/2173/600 2856/7287/1835 2854/2174/817
f 2857/2176/531 2860/6101/2469 2861/2177/818
f 2858/2179/534 2862/6087/1830 2861/2180/804
f 2859/2182/537 2863/6086/1829 2861/2183/822
f 2864/2185/540 2867/6104/1842 2868/2186/805
f 2865/2188/543 2869/6089/2468 2868/2189/607
f 2866/2191/546 2870/6088/1831 2868/2192/547
f 2871/2194/549 2874/6085/1764 2875/2195/807
f 2872/2197/552 2876/7288/1769 2875/2198/553
f 2873/2200/555 2877/6092/1771 2875/2201/809
f 2878/2203/558 2881/6093/1834 2882/2204/614
f 2879/2206/561 2883/6090/1768 2882/2207/810
f 2880/2209/564 2884/7289/1833 2882/2210/823
f 2885/2212/567 2888/6096/1776 2889/2213/820
f 2886/2215/570 2890/7290/1779 2889/2216/619
f 2887/2218/573 2891/6102/1781 2889/2219/574
f 2892/2221/576 2895/6103/1841 2896/2222/622
f 2893/2224/579 2897/6100/1840 2896/2225/624
f 2894/2227/582 2898/6099/2471 2896/2228/830
f 2899/2230/585 2902/6091/1770 2903/2231/815
f 2900/2233/588 2904/7291/1836 2903/2234/816
f 2901/2236/591 2905/6097/2473 2903/2237/821
f 2906/2239/594 2909/6098/1838 2910/2240/629
f 2907/2242/597 2911/6095/1774 2910/2243/631
f 2908/2245/600 2912/6094/1835 2910/2246/817
f 2913/2248/531 2916/6120/2469 2917/2249/803
f 2914/2251/534 2918/6107/1830 2917/2252/804
f 2915/2254/537 2919/6106/1829 2917/2255/603
f 2920/2257/540 2923/6122/1842 2924/2258/805
f 2921/2260/543 2925/6109/2468 2924/2261/607
f 2922/2263/546 2926/6108/1831 2924/2264/806
f 2927/2266/549 2930/6105/1764 2931/2267/807
f 2928/2269/552 2932/7292/1769 2931/2270/611
f 2929/2272/555 2933/6112/1771 2931/2273/809
f 2934/2275/558 2937/6113/1834 2938/2276/614
f 2935/2278/561 2939/6110/1768 2938/2279/810
f 2936/2281/564 2940/7293/1833 2938/2282/618
f 2941/2284/567 2944/6115/2474 2945/2285/811
f 2942/2287/570 2946/7294/1779 2945/2288/831
f 2943/2290/573 2947/7295/1781 2945/2291/574
f 2948/2293/576 2951/6121/1841 2952/2294/622
f 2949/2296/579 2953/6119/1840 2952/2297/813
f 2950/2299/582 2954/6118/1839 2952/2300/814
f 2955/2302/585 2958/6111/1770 2959/2303/815
f 2956/2305/588 2960/7296/1836 2959/2306/816
f 2957/2308/591 2961/6116/1837 2959/2309/627
f 2962/2311/594 2965/6117/1838 2966/2312/826
f 2963/2314/597 2967/6114/1774 2966/2315/827
f 2964/2317/600 2968/7297/1835 2966/2318/817
f 2969/2320/339 2972/6147/2482 2973/2321/340
f 2974/2323/342 2973/7298/2658 2972/2324/343
f 2975/2326/345 2973/7298/2658 2974/2323/342
f 2976/2328/347 2979/6123/1637 2980/2329/348
f 2981/2331/350 2980/7299/2685 2979/2332/351
f 2982/2334/353 2980/7299/2685 2981/2331/350
f 2983/2336/355 2986/7300/1636 2987/2337/832
f 2988/2339/358 2987/7301/2660 2986/2340/359
f 2989/2342/361 2987/7301/2660 2988/2339/358
f 2990/2344/363 2993/6127/2475 2994/2345/833
f 2995/2347/366 2994/7302/2686 2993/2348/367
f 2996/2350/369 2994/7302/2686 2995/2347/366
f 2997/2352/371 3000/6125/1638 3001/2353/834
f 3002/2355/374 3001/7303/2663 3000/2356/375
f 3003/2358/377 3001/7303/2663 3002/2355/374
f 3004/2360/379 3007/7304/2687 3008/2361/835
f 3009/2363/382 3008/7305/2688 3007/2364/383
f 3010/2366/385 3008/7305/2688 3009/2363/382
f 3011/2368/387 3014/6128/1639 3015/2369/388
f 3016/2371/390 3015/7306/2689 3014/2372/391
f 3017/2374/393 3015/7306/2689 3016/2371/390
f 3018/2376/395 3021/6129/2476 3022/2377/837
f 3023/2379/398 3022/7307/2666 3021/2380/399
f 3024/2382/401 3022/7307/2666 3023/2379/398
f 3025/2384/403 3028/7308/2690 3029/2385/839
f 3030/2387/406 3029/7309/2667 3028/2388/407
f 3031/2390/409 3029/7309/2667 3030/2387/406
f 3032/2392/840 3035/6134/2477 3036/2393/841
f 3037/2395/414 3036/7310/2691 3035/2396/415
f 3038/2398/417 3036/7310/2691 3037/2395/414
f 3039/2400/419 3042/7311/1641 3043/2401/420
f 3044/2403/422 3043/7312/2669 3042/2404/423
f 3045/2406/425 3043/7312/2669 3044/2403/422
f 3046/2408/427 3049/7313/2692 3050/2409/843
f 3051/2411/430 3050/7314/2693 3049/2412/431
f 3052/2414/433 3050/7314/2693 3051/2411/430
f 3053/2416/435 3056/6135/2478 3057/2417/436
f 3058/2419/438 3057/7315/2671 3056/2420/439
f 3059/2422/441 3057/7315/2671 3058/2419/438
f 3060/2424/443 3063/6136/2479 3064/2425/444
f 3065/2427/446 3064/7316/2672 3063/2428/447
f 3066/2430/449 3064/7316/2672 3065/2427/446
f 3067/2432/451 3070/7317/2694 3071/2433/452
f 3072/2435/454 3071/7318/2673 3070/2436/455
f 3073/2438/457 3071/7318/2673 3072/2435/454
f 3074/2440/459 3077/7319/1645 3078/2441/845
f 3079/2443/462 3078/7320/2695 3077/2444/463
f 3080/2446/465 3078/7320/2695 3079/2443/462
f 3081/2448/467 3084/7321/2675 3085/2449/846
f 3086/2451/470 3085/7322/2696 3084/2452/471
f 3087/2454/473 3085/7322/2696 3086/2451/470
f 3088/2456/475 3091/7323/2697 3092/2457/848
f 3093/2459/478 3092/7324/2698 3091/2460/479
f 3094/2462/481 3092/7324/2698 3093/2459/478
f 3095/2464/849 3098/6140/2480 3099/2465/484
f 3100/2467/486 3099/7325/2679 3098/2468/487
f 3101/2470/489 3099/7325/2679 3100/2467/486
f 3102/2472/491 3105/6141/1648 3106/2473/850
f 3107/2475/494 3106/7326/2680 3105/2476/495
f 3108/2478/497 3106/7326/2680 3107/2475/494
f 3109/2480/851 3112/7327/1647 3113/2481/500
f 3114/2483/502 3113/7328/2699 3112/2484/503
f 3115/2486/505 3113/7328/2699 3114/2483/502
f 3116/2488/852 3119/6146/1650 3120/2489/853
f 3121/2491/510 3120/7329/2700 3119/2492/511
f 3122/2494/513 3120/7329/2700 3121/2491/510
f 3123/2496/515 3126/6144/2481 3127/2497/855
f 3128/2499/518 3127/7330/2683 3126/2500/519
f 3129/2502/521 3127/7330/2683 3128/2499/518
f 3130/2504/523 3133/7331/2701 3134/2505/856
f 3135/2507/526 3134/7332/2702 3133/2508/527
f 3136/2510/529 3134/7332/2702 3135/2507/526
f 3137/2512/531 3140/6168/1780 3141/2513/818
f 3138/2515/534 3142/6150/1830 3141/2516/535
f 3139/2518/537 3143/6149/2470 3141/2519/857
f 3144/2521/540 3147/6171/1842 3148/2522/605
f 3145/2524/543 3149/6152/1766 3148/2525/858
f 3146/2527/546 3150/6151/1831 3148/2528/819
f 3151/2530/549 3154/6148/2483 3155/2531/550
f 3152/2533/552 3156/6155/2484 3155/2534/808
f 3153/2536/555 3157/6157/1771 3155/2537/556
f 3158/2539/558 3161/6158/1772 3162/2540/859
f 3159/2542/561 3163/6154/1768 3162/2543/616
f 3160/2545/564 3164/6153/1767 3162/2546/618
f 3165/2548/567 3168/6162/2472 3169/2549/820
f 3166/2551/570 3170/6167/2486 3169/2552/831
f 3167/2554/573 3171/6169/1781 3169/2555/620
f 3172/2557/576 3175/6170/1841 3176/2558/860
f 3173/2560/579 3177/6166/1840 3176/2561/624
f 3174/2563/582 3178/6165/2471 3176/2564/830
f 3179/2566/585 3182/6156/1770 3183/2567/586
f 3180/2569/588 3184/6161/1836 3183/2570/589
f 3181/2572/591 3185/6163/2473 3183/2573/862
f 3186/2575/594 3189/6164/2485 3190/2576/863
f 3187/2578/597 3191/6160/1774 3190/2579/631
f 3188/2581/600 3192/6159/1835 3190/2582/633
f 3193/2584/531 3196/6187/2469 3197/2585/864
f 3194/2587/534 3198/6174/1830 3197/2588/866
f 3195/2590/537 3199/6173/1829 3197/2591/822
f 3200/2593/540 3203/6190/1842 3204/2594/605
f 3201/2596/543 3205/6176/1766 3204/2597/544
f 3202/2599/546 3206/6175/1831 3204/2600/609
f 3207/2602/549 3210/6172/2483 3211/2603/807
f 3208/2605/552 3212/7333/1769 3211/2606/553
f 3209/2608/555 3213/6179/2488 3211/2609/869
f 3214/2611/558 3217/6180/1772 3218/2612/559
f 3215/2614/561 3219/6177/1768 3218/2615/616
f 3216/2617/564 3220/7334/1767 3218/2618/618
f 3221/2620/567 3224/6183/2472 3225/2621/870
f 3222/2623/570 3226/7335/1779 3225/2624/571
f 3223/2626/573 3227/6188/2489 3225/2627/871
f 3228/2629/576 3231/6189/1782 3232/2630/577
f 3229/2632/579 3233/6186/1840 3232/2633/624
f 3230/2635/582 3234/7336/2471 3232/2636/626
f 3235/2638/585 3238/6178/2487 3239/2639/815
f 3236/2641/588 3240/7337/1836 3239/2642/872
f 3237/2644/591 3241/6184/1837 3239/2645/821
f 3242/2647/594 3245/6185/2485 3246/2648/595
f 3243/2650/597 3247/6182/1774 3246/2651/631
f 3244/2653/600 3248/6181/1835 3246/2654/633
f 3249/2656/874 3252/2660/878 3253/2657/875
f 3250/2659/877 3254/2662/880 3253/2657/875
f 3251/2661/879 3255/2658/876 3253/2657/875
f 3265/2663/881 3268/2667/885 3269/2664/882
f 3266/2666/884 3270/2669/887 3269/2664/882
f 3267/2668/886 3271/2665/883 3269/2664/882
f 3272/2670/888 3275/2674/892 3276/2671/889
f 3273/2673/891 3277/2676/894 3276/2671/889
f 3274/2675/893 3278/2672/890 3276/2671/889
f 3288/2677/895 3291/2681/899 3292/2678/896
f 3289/2680/898 3293/2683/901 3292/2678/896
f 3290/2682/900 3294/2679/897 3292/2678/896
f 3295/2684/902 3298/2688/906 3299/2685/903
f 3296/2687/905 3300/2690/908 3299/2685/903
f 3297/2689/907 3301/2686/904 3299/2685/903
f 3311/2691/909 3314/2695/913 3315/2692/910
f 3312/2694/912 3316/2697/915 3315/2692/910
f 3313/2696/914 3317/2693/911 3315/2692/910
f 3318/2698/916 3321/2702/920 3322/2699/917
f 3319/2701/919 3323/2704/922 3322/2699/917
f 3320/2703/921 3324/2700/918 3322/2699/917
f 3334/2705/923 3337/2709/927 3338/2706/924
f 3335/2708/926 3339/2711/929 3338/2706/924
f 3336/2710/928 3340/2707/925 3338/2706/924
f 3341/2712/930 3344/2716/934 3345/2713/931
f 3342/2715/933 3346/2718/936 3345/2713/931
f 3343/2717/935 3347/2714/932 3345/2713/931
f 3357/2719/937 3360/2723/941 3361/2720/938
f 3358/2722/940 3362/2725/943 3361/2720/938
f 3359/2724/942 3363/2721/939 3361/2720/938
f 3364/2726/944 3367/2730/948 3368/2727/945
f 3365/2729/947 3369/2732/950 3368/2727/945
f 3366/2731/949 3370/2728/946 3368/2727/945
f 3380/2733/951 3383/2737/955 3384/2734/952
f 3381/2736/954 3385/2739/957 3384/2734/952
f 3382/2738/956 3386/2735/953 3384/2734/952
f 3387/2740/958 3390/2744/962 3391/2741/959
f 3388/2743/961 3392/2746/964 3391/2741/959
f 3389/2745/963 3393/2742/960 3391/2741/959
f 3403/2747/965 3406/2751/969 3407/2748/966
f 3404/2750/968 3408/2753/971 3407/2748/966
f 3405/2752/970 3409/2749/967 3407/2748/966
f 3410/2754/972 3413/2758/976 3414/2755/973
f 3411/2757/975 3415/2760/978 3414/2755/973
f 3412/2759/977 3416/2756/974 3414/2755/973
f 3426/2761/979 3429/2765/983 3430/2762/980
f 3427/2764/982 3431/2767/985 3430/2762/980
f 3428/2766/984 3432/2763/981 3430/2762/980
f 3433/2768/986 3436/2772/878 3437/2769/875
f 3434/2771/877 3438/2774/880 3437/2769/875
f 3435/2773/879 3439/2770/876 3437/2769/875
f 3449/2775/881 3452/2779/885 3453/2776/882
f 3450/2778/987 3454/2781/887 3453/2776/882
f 3451/2780/886 3455/2777/883 3453/2776/882
f 3456/2782/988 3459/2786/892 3460/2783/889
f 3457/2785/891 3461/2788/894 3460/2783/889
f 3458/2787/893 3462/2784/890 3460/2783/889
f 3472/2789/895 3475/2793/899 3476/2790/896
f 3473/2792/898 3477/2795/901 3476/2790/896
f 3474/2794/989 3478/2791/897 3476/2790/896
f 3479/2796/990 3482/2800/906 3483/2797/903
f 3480/2799/991 3484/2802/908 3483/2797/903
f 3481/2801/907 3485/2798/904 3483/2797/903
f 3495/2803/992 3498/2807/913 3499/2804/910
f 3496/2806/912 3500/2809/915 3499/2804/910
f 3497/2808/914 3501/2805/911 3499/2804/910
f 3502/2810/993 3505/2814/920 3506/2811/917
f 3503/2813/995 3507/2816/922 3506/2811/917
f 3504/2815/921 3508/2812/994 3506/2811/917
f 3518/2817/996 3521/2821/927 3522/2818/924
f 3519/2820/926 3523/2823/929 3522/2818/924
f 3520/2822/928 3524/2819/925 3522/2818/924
f 3525/2824/930 3528/2828/934 3529/2825/931
f 3526/2827/997 3530/2830/936 3529/2825/931
f 3527/2829/935 3531/2826/932 3529/2825/931
f 3541/2831/937 3544/2835/941 3545/2832/938
f 3542/2834/940 3546/2837/943 3545/2832/938
f 3543/2836/998 3547/2833/939 3545/2832/938
f 3548/2838/944 3551/2842/948 3552/2839/945
f 3549/2841/947 3553/2844/950 3552/2839/945
f 3550/2843/949 3554/2840/946 3552/2839/945
f 3564/2845/999 3567/2849/955 3568/2846/952
f 3565/2848/954 3569/2851/957 3568/2846/952
f 3566/2850/956 3570/2847/953 3568/2846/952
f 3571/2852/958 3574/2856/962 3575/2853/959
f 3572/2855/961 3576/2858/964 3575/2853/959
f 3573/2857/963 3577/2854/960 3575/2853/959
f 3587/2859/965 3590/2863/969 3591/2860/966
f 3588/2862/968 3592/2865/971 3591/2860/966
f 3589/2864/1000 3593/2861/967 3591/2860/966
f 3594/2866/1001 3597/2870/976 3598/2867/973
f 3595/2869/975 3599/2872/978 3598/2867/973
f 3596/2871/977 3600/2868/1002 3598/2867/973
f 3610/2873/979 3613/2877/983 3614/2874/980
f 3611/2876/982 3615/2879/985 3614/2874/980
f 3612/2878/984 3616/2875/981 3614/2874/980
f 3617/2880/531 3620/6432/1780 3621/2881/532
f 3618/2883/534 3622/6416/1830 3621/2884/535
f 3619/2886/537 3623/7338/1829 3621/2887/603
f 3624/2889/540 3627/6435/1842 3628/2890/605
f 3625/2892/543 3629/6417/1766 3628/2893/858
f 3626/2895/546 3630/7339/1831 3628/2896/547
f 3631/2898/549 3634/6415/2559 3635/2899/550
f 3632/2901/552 3636/6420/1769 3635/2902/611
f 3633/2904/555 3637/6422/2488 3635/2905/556
f 3638/2907/558 3641/6423/1834 3642/2908/859
f 3639/2910/561 3643/6419/1768 3642/2911/616
f 3640/2913/564 3644/6418/1767 3642/2914/823
f 3645/2916/567 3648/6427/2560 3649/2917/568
f 3646/2919/570 3650/6431/2486 3649/2920/619
f 3647/2922/573 3651/6433/1781 3649/2923/620
f 3652/2925/576 3655/6434/1782 3656/2926/860
f 3653/2928/579 3657/6430/1840 3656/2929/624
f 3654/2931/582 3658/7340/2471 3656/2932/583
f 3659/2934/585 3662/6421/2487 3663/2935/586
f 3660/2937/588 3664/6426/1775 3663/2938/589
f 3661/2940/591 3665/6428/1837 3663/2941/627
f 3666/2943/594 3669/6429/1777 3670/2944/863
f 3667/2946/597 3671/6425/1774 3670/2947/598
f 3668/2949/600 3672/6424/1835 3670/2950/633
f 3673/2952/531 3676/6456/1780 3677/2953/803
f 3674/2955/534 3678/6438/1830 3677/2956/866
f 3675/2958/537 3679/6437/1829 3677/2959/822
f 3680/2961/540 3683/6459/1842 3684/2962/805
f 3681/2964/543 3685/6440/1766 3684/2965/544
f 3682/2967/546 3686/6439/1831 3684/2968/547
f 3687/2970/549 3690/6436/2561 3691/2971/1006
f 3688/2973/552 3692/6443/1769 3691/2974/553
f 3689/2976/555 3693/6445/2488 3691/2977/869
f 3694/2979/558 3697/6446/1772 3698/2980/559
f 3695/2982/561 3699/6442/1768 3698/2983/810
f 3696/2985/564 3700/6441/1833 3698/2986/823
f 3701/2988/567 3704/6450/2562 3705/2989/811
f 3702/2991/570 3706/6455/1779 3705/2992/571
f 3703/2994/573 3707/6457/2489 3705/2995/871
f 3708/2997/576 3711/6458/1782 3712/2998/577
f 3709/3000/579 3713/6454/1840 3712/3001/813
f 3710/3003/582 3714/6453/1839 3712/3004/583
f 3715/3006/585 3718/6444/1770 3719/3007/1007
f 3716/3009/588 3720/6449/1836 3719/3010/872
f 3717/3012/591 3721/6451/1837 3719/3013/821
f 3722/3015/594 3725/6452/2485 3726/3016/595
f 3723/3018/597 3727/6448/1774 3726/3019/598
f 3724/3021/600 3728/6447/1835 3726/3022/817
f 3729/3024/1009 3732/3028/876 3733/3025/875
f 3730/3027/1010 3734/3030/878 3733/3025/875
f 3731/3029/877 3735/3026/880 3733/3025/875
f 3739/3031/1011 3742/3035/887 3743/3032/882
f 3740/3034/886 3744/3037/883 3743/3032/882
f 3741/3036/1012 3745/3033/885 3743/3032/882
f 3746/3038/1013 3749/3042/892 3750/3039/889
f 3747/3041/1015 3751/3044/1016 3750/3039/889
f 3748/3043/893 3752/3040/1014 3750/3039/889
f 3762/3045/1017 3765/3049/1019 3766/3046/896
f 3763/3048/898 3767/3051/1021 3766/3046/896
f 3764/3050/1020 3768/3047/1018 3766/3046/896
f 3769/3052/990 3772/3056/906 3773/3053/1022
f 3770/3055/991 3774/3058/908 3773/3053/1022
f 3771/3057/907 3775/3054/904 3773/3053/1022
f 3785/3059/1023 3788/3063/913 3789/3060/1024
f 3786/3062/912 3790/3065/1026 3789/3060/1024
f 3787/3064/914 3791/3061/1025 3789/3060/1024
f 3792/3066/1027 3795/3070/920 3796/3067/917
f 3793/3069/1029 3797/3072/1030 3796/3067/917
f 3794/3071/921 3798/3068/1028 3796/3067/917
f 3808/3073/1031 3811/3077/1032 3812/3074/924
f 3809/3076/926 3813/3079/929 3812/3074/924
f 3810/3078/1033 3814/3075/925 3812/3074/924
f 3815/3080/1034 3818/3084/934 3819/3081/931
f 3816/3083/1035 3820/3086/936 3819/3081/931
f 3817/3085/935 3821/3082/932 3819/3081/931
f 3831/3087/1036 3834/3091/941 3835/3088/938
f 3832/3090/940 3836/3093/943 3835/3088/938
f 3833/3092/1037 3837/3089/939 3835/3088/938
f 3838/3094/1038 3841/3098/948 3842/3095/945
f 3839/3097/1040 3843/3100/1042 3842/3095/945
f 3840/3099/1041 3844/3096/1039 3842/3095/945
f 3854/3101/1043 3857/3105/955 3858/3102/952
f 3855/3104/954 3859/3107/1046 3858/3102/952
f 3856/3106/1045 3860/3103/1044 3858/3102/952
f 3861/3108/958 3864/3112/962 3865/3109/1047
f 3862/3111/1048 3866/3114/964 3865/3109/1047
f 3863/3113/963 3867/3110/960 3865/3109/1047
f 3877/3115/1049 3880/3119/969 3881/3116/1050
f 3878/3118/968 3882/3121/1052 3881/3116/1050
f 3879/3120/1000 3883/3117/1051 3881/3116/1050
f 3884/3122/1053 3887/3126/976 3888/3123/973
f 3885/3125/1055 3889/3128/1056 3888/3123/973
f 3886/3127/977 3890/3124/1054 3888/3123/973
f 3900/3129/1057 3903/3133/1058 3904/3130/980
f 3901/3132/982 3905/3135/985 3904/3130/980
f 3902/3134/1059 3906/3131/981 3904/3130/980
f 3913/3136/1009 3916/3140/876 3917/3137/875
f 3914/3139/1010 3918/3142/878 3917/3137/875
f 3915/3141/877 3919/3138/880 3917/3137/875
f 3923/3143/1011 3926/3147/1060 3927/3144/882
f 3924/3146/886 3928/3149/883 3927/3144/882
f 3925/3148/1012 3929/3145/885 3927/3144/882
f 3930/3150/1013 3933/3154/892 3934/3151/889
f 3931/3153/1015 3935/3156/1016 3934/3151/889
f 3932/3155/893 3936/3152/890 3934/3151/889
f 3946/3157/1017 3949/3161/899 3950/3158/896
f 3947/3160/898 3951/3163/1021 3950/3158/896
f 3948/3162/1020 3952/3159/1018 3950/3158/896
f 3953/3164/990 3956/3168/906 3957/3165/1022
f 3954/3167/991 3958/3170/908 3957/3165/1022
f 3955/3169/907 3959/3166/904 3957/3165/1022
f 3969/3171/1023 3972/3175/913 3973/3172/1024
f 3970/3174/912 3974/3177/1026 3973/3172/1024
f 3971/3176/914 3975/3173/1025 3973/3172/1024
f 3976/3178/1027 3979/3182/920 3980/3179/917
f 3977/3181/1029 3981/3184/922 3980/3179/917
f 3978/3183/921 3982/3180/1061 3980/3179/917
f 3992/3185/1031 3995/3189/1032 3996/3186/924
f 3993/3188/926 3997/3191/929 3996/3186/924
f 3994/3190/1033 3998/3187/925 3996/3186/924
f 3999/3192/1034 4002/3196/934 4003/3193/931
f 4000/3195/1035 4004/3198/936 4003/3193/931
f 4001/3197/935 4005/3194/932 4003/3193/931
f 4015/3199/1036 4018/3203/941 4019/3200/938
f 4016/3202/940 4020/3205/943 4019/3200/938
f 4017/3204/1037 4021/3201/939 4019/3200/938
f 4022/3206/1038 4025/3210/948 4026/3207/945
f 4023/3209/1040 4027/3212/1042 4026/3207/945
f 4024/3211/1041 4028/3208/946 4026/3207/945
f 4038/3213/1043 4041/3217/1062 4042/3214/952
f 4039/3216/954 4043/3219/1046 4042/3214/952
f 4040/3218/1045 4044/3215/1044 4042/3214/952
f 4045/3220/958 4048/3224/962 4049/3221/1047
f 4046/3223/1048 4050/3226/964 4049/3221/1047
f 4047/3225/963 4051/3222/960 4049/3221/1047
f 4061/3227/1049 4064/3231/969 4065/3228/1050
f 4062/3230/968 4066/3233/1052 4065/3228/1050
f 4063/3232/1000 4067/3229/1051 4065/3228/1050
f 4068/3234/1053 4071/3238/976 4072/3235/973
f 4069/3237/1055 4073/3240/978 4072/3235/973
f 4070/3239/977 4074/3236/1054 4072/3235/973
f 4084/3241/1057 4087/3245/1058 4088/3242/980
f 4085/3244/982 4089/3247/1063 4088/3242/980
f 4086/3246/1059 4090/3243/981 4088/3242/980
f 4102/3248/1064 4103/3254/1070 4107/3249/1065
f 4104/3251/1067 4103/3254/1070 4102/3248/1064
f 4099/3253/1069 4105/3256/1072 4103/3254/1070
f 4106/3255/1071 4103/3254/1070 4105/3256/1072
f 4101/3258/1074 4107/3249/1065 4103/3254/1070
f 4108/3259/1075 4113/6688/1079 4114/3260/1076
f 4115/3262/1078 4114/7341/1076 4113/3263/1079
f 4110/3265/1081 4116/3269/1083 4114/3266/1076
f 4111/3268/1082 4117/3271/1084 4114/3266/1076
f 4118/3270/1077 4114/3266/1076 4117/3271/1084
f 4119/3273/1086 4123/3277/1090 4124/3274/1087
f 4125/3276/1089 4124/3274/1087 4123/3277/1090
f 4121/3279/1092 4126/3280/1093 4124/3274/1087
f 4127/3275/1088 4124/3274/1087 4126/3280/1093
f 4133/3282/1095 4134/7342/1101 4138/3283/1096
f 4135/3285/1098 4134/7342/1101 4133/3282/1095
f 4130/3287/1100 4136/3291/1103 4134/3288/1101
f 4137/3290/1102 4134/3288/1101 4136/3291/1103
f 4132/3293/1105 4138/7343/1096 4134/3288/1101
f 4143/3294/1106 4144/3298/1110 4147/3295/1107
f 4140/3297/1109 4145/3300/1112 4144/3298/1110
f 4146/3299/1111 4144/3298/1110 4145/3300/1112
f 4142/3302/1114 4147/3295/1107 4144/3298/1110
f 4153/3303/1115 4154/7344/1119 4158/3304/1116
f 4149/3306/1118 4155/6690/1121 4154/3307/1119
f 4156/3309/1120 4154/3313/1119 4155/3310/1121
f 4151/3312/1123 4157/3315/1125 4154/3313/1119
f 4152/3314/1124 4158/7345/1116 4154/3313/1119
f 4163/3316/1126 4164/3320/1130 4167/3317/1127
f 4160/3319/1129 4165/3322/1132 4164/3320/1130
f 4166/3321/1131 4164/3320/1130 4165/3322/1132
f 4162/3324/1134 4167/3317/1127 4164/3320/1130
f 4173/3325/1135 4174/7346/1139 4178/3326/1136
f 4169/3328/1138 4175/3332/1141 4174/3329/1139
f 4170/3331/1140 4176/3334/1143 4174/3329/1139
f 4177/3333/1142 4174/3329/1139 4176/3334/1143
f 4172/3336/1145 4178/6706/1136 4174/3337/1139
f 4179/3339/1146 4184/3343/1150 4185/3340/1147
f 4180/3342/1149 4186/7347/1152 4185/3340/1147
f 4187/3344/1151 4185/7348/1147 4186/3345/1152
f 4182/3347/1154 4188/6714/1155 4185/3348/1147
f 4189/3341/1148 4185/3340/1147 4188/3350/1155
f 4194/3352/1157 4195/3356/1161 4198/3353/1158
f 4191/3355/1160 4196/3358/1163 4195/3356/1161
f 4197/3357/1162 4195/3356/1161 4196/3358/1163
f 4193/3360/1165 4198/3353/1158 4195/3356/1161
f 4199/3361/1166 4204/3365/1170 4205/3362/1167
f 4206/3364/1169 4205/3362/1167 4204/3365/1170
f 4201/3367/1172 4207/7349/1174 4205/3362/1167
f 4208/3368/1173 4205/7350/1167 4207/3369/1174
f 4209/3371/1168 4205/7350/1167 4208/3368/1173
f 4210/3373/1177 4215/3377/1181 4216/3374/1178
f 4217/3376/1180 4216/3374/1178 4215/3377/1181
f 4218/3379/1183 4216/3374/1178 4217/3376/1180
f 4213/3381/1185 4219/3382/1186 4216/3374/1178
f 4220/3375/1179 4216/3374/1178 4219/3382/1186
f 4221/3384/339 4224/7351/2482 4225/3385/340
f 4226/3387/342 4225/7352/2658 4224/3388/343
f 4227/3390/345 4225/7352/2658 4226/3387/342
f 4228/3392/347 4231/7353/1637 4232/3393/348
f 4233/3395/350 4232/7354/2685 4231/3396/351
f 4234/3398/353 4232/7354/2685 4233/3395/350
f 4235/3400/1188 4238/7355/1636 4239/3401/1189
f 4240/3403/358 4239/7356/2660 4238/3404/359
f 4241/3406/361 4239/7356/2660 4240/3403/358
f 4242/3408/363 4245/7357/2661 4246/3409/1190
f 4247/3411/366 4246/7358/2662 4245/3412/367
f 4248/3414/369 4246/7358/2662 4247/3411/366
f 4249/3416/371 4252/7359/1638 4253/3417/1192
f 4254/3419/374 4253/7360/2703 4252/3420/375
f 4255/3422/377 4253/7360/2703 4254/3419/374
f 4256/3424/1193 4259/6719/2611 4260/3425/1194
f 4261/3427/382 4260/7361/2664 4259/3428/383
f 4262/3430/385 4260/7361/2664 4261/3427/382
f 4263/3432/387 4266/7362/2704 4267/3433/388
f 4268/3435/390 4267/7363/2665 4266/3436/391
f 4269/3438/393 4267/7363/2665 4268/3435/390
f 4270/3440/395 4273/7364/2476 4274/3441/396
f 4275/3443/1197 4274/7365/2705 4273/3444/399
f 4276/3446/401 4274/7365/2705 4275/3443/1197
f 4277/3448/1198 4280/7366/2706 4281/3449/1199
f 4282/3451/406 4281/7367/2707 4280/3452/407
f 4283/3454/409 4281/7367/2707 4282/3451/406
f 4284/3456/411 4287/7368/2477 4288/3457/1200
f 4289/3459/414 4288/7369/2668 4287/3460/415
f 4290/3462/417 4288/7369/2668 4289/3459/414
f 4291/3464/419 4294/7370/1641 4295/3465/420
f 4296/3467/422 4295/7371/2669 4294/3468/423
f 4297/3470/425 4295/7371/2669 4296/3467/422
f 4298/3472/427 4301/6724/1642 4302/3473/1203
f 4303/3475/430 4302/7372/2670 4301/3476/431
f 4304/3478/433 4302/7372/2670 4303/3475/430
f 4305/3480/435 4308/7373/2478 4309/3481/436
f 4310/3483/438 4309/7374/2671 4308/3484/439
f 4311/3486/441 4309/7374/2671 4310/3483/438
f 4312/3488/443 4315/7375/2479 4316/3489/444
f 4317/3491/446 4316/7376/2672 4315/3492/447
f 4318/3494/449 4316/7376/2672 4317/3491/446
f 4319/3496/1204 4322/7377/1643 4323/3497/1205
f 4324/3499/454 4323/7378/2673 4322/3500/455
f 4325/3502/457 4323/7378/2673 4324/3499/454
f 4326/3504/459 4329/7379/1645 4330/3505/1206
f 4331/3507/462 4330/7380/2674 4329/3508/463
f 4332/3510/465 4330/7380/2674 4331/3507/462
f 4333/3512/467 4336/7381/2675 4337/3513/1208
f 4338/3515/470 4337/7382/2696 4336/3516/471
f 4339/3518/473 4337/7382/2696 4338/3515/470
f 4340/3520/1209 4343/6728/2612 4344/3521/1210
f 4345/3523/478 4344/7383/2677 4343/3524/479
f 4346/3526/481 4344/7383/2677 4345/3523/478
f 4347/3528/483 4350/7384/2708 4351/3529/484
f 4352/3531/486 4351/7385/2679 4350/3532/487
f 4353/3534/489 4351/7385/2679 4352/3531/486
f 4354/3536/491 4357/7386/2709 4358/3537/492
f 4359/3539/1212 4358/7387/2710 4357/3540/495
f 4360/3542/497 4358/7387/2710 4359/3539/1212
f 4361/3544/851 4364/7388/2711 4365/3545/500
f 4366/3547/502 4365/7389/2699 4364/3548/503
f 4367/3550/505 4365/7389/2699 4366/3547/502
f 4368/3552/852 4371/7390/1650 4372/3553/1213
f 4373/3555/510 4372/7391/2682 4371/3556/511
f 4374/3558/513 4372/7391/2682 4373/3555/510
f 4375/3560/515 4378/7392/1649 4379/3561/855
f 4380/3563/518 4379/7393/2683 4378/3564/519
f 4381/3566/521 4379/7393/2683 4380/3563/518
f 4382/3568/523 4385/6732/1651 4386/3569/1216
f 4387/3571/526 4386/7394/2684 4385/3572/527
f 4388/3574/529 4386/7394/2684 4387/3571/526
f 4389/3576/1217 4392/7395/2644 4393/3577/1218
f 4390/3579/1220 4394/3583/2616 4393/3580/1221
f 4391/3582/1223 4395/6734/2613 4393/3580/1224
f 4396/3584/1226 4399/7396/2712 4400/3585/1227
f 4397/3587/1229 4401/3591/2617 4400/3588/1230
f 4398/3590/1232 4402/6753/2633 4400/3588/1233
f 4403/3592/1235 4406/6735/2614 4407/3593/1236
f 4404/3595/1238 4408/3599/2713 4407/3596/1239
f 4405/3598/1241 4409/6738/2619 4407/3596/1242
f 4410/3600/1244 4413/7397/2647 4414/3601/1245
f 4411/3603/1247 4415/3607/2618 4414/3604/1248
f 4412/3606/1250 4416/7398/2615 4414/3604/1251
f 4417/3608/1253 4420/6739/2620 4421/3609/1254
f 4418/3611/1256 4422/7399/2714 4421/3612/1257
f 4419/3614/1259 4423/6742/2623 4421/3615/1260
f 4424/3617/1262 4427/7400/2637 4428/3618/1263
f 4425/3620/1265 4429/6741/2622 4428/3621/1266
f 4426/3623/1268 4430/6740/2621 4428/3624/1269
f 4431/3626/1271 4434/6743/2624 4435/3627/1272
f 4432/3629/1274 4436/7401/2715 4435/3630/1275
f 4433/3632/1277 4437/6746/2627 4435/3633/1278
f 4438/3635/1280 4441/6749/2630 4442/3636/1281
f 4439/3638/1283 4443/6745/2626 4442/3639/1284
f 4440/3641/1286 4444/6744/2625 4442/3642/1287
f 4445/3644/1289 4448/6747/2628 4449/3645/1290
f 4446/3647/1292 4450/3651/2716 4449/3648/1293
f 4447/3650/1295 4451/7402/2632 4449/3648/1296
f 4452/3652/1298 4455/6754/2634 4456/3653/1299
f 4453/3655/1301 4457/3659/2631 4456/3656/1302
f 4454/3658/1304 4458/6748/2629 4456/3656/1305
f 4459/3660/1217 4462/7403/2717 4463/3661/1218
f 4460/3663/1220 4464/3667/2616 4463/3664/1221
f 4461/3666/1223 4465/6756/2613 4463/3664/1224
f 4466/3668/1226 4469/7404/2712 4470/3669/1227
f 4467/3671/1307 4471/3675/2617 4470/3672/1230
f 4468/3674/1232 4472/6773/2633 4470/3672/1233
f 4473/3676/1235 4476/7405/2718 4477/3677/1308
f 4474/3679/1238 4478/3683/2719 4477/3680/1310
f 4475/3682/1241 4479/6759/2635 4477/3680/1242
f 4480/3684/1244 4483/7406/2647 4484/3685/1245
f 4481/3687/1247 4485/3691/2618 4484/3688/1248
f 4482/3690/1250 4486/7407/2615 4484/3688/1312
f 4487/3692/1253 4490/6760/2620 4491/3693/1254
f 4488/3695/1314 4492/7408/2714 4491/3696/1257
f 4489/3698/1259 4493/6763/2636 4491/3699/1260
f 4494/3701/1262 4497/6766/2637 4498/3702/1317
f 4495/3704/1265 4499/6762/2622 4498/3705/1266
f 4496/3707/1268 4500/6761/2621 4498/3708/1269
f 4501/3710/1271 4504/6764/2624 4505/3711/1272
f 4502/3713/1274 4506/7409/2720 4505/3714/1275
f 4503/3716/1318 4507/6768/2638 4505/3717/1278
f 4508/3719/1280 4511/7410/2630 4512/3720/1319
f 4509/3722/1283 4513/6767/2626 4512/3723/1284
f 4510/3725/1286 4514/6765/2625 4512/3726/1287
f 4515/3728/1289 4518/7411/2721 4519/3729/1290
f 4516/3731/1292 4520/3735/2716 4519/3732/1293
f 4517/3734/1295 4521/7412/2639 4519/3732/1296
f 4522/3736/1298 4525/7413/2634 4526/3737/1322
f 4523/3739/1324 4527/3743/2631 4526/3740/1325
f 4524/3742/1304 4528/6769/2629 4526/3740/1305
f 4529/3744/1217 4532/6791/2644 4533/3745/1218
f 4530/3747/1220 4534/3751/2616 4533/3748/1221
f 4531/3750/1223 4535/6775/2613 4533/3748/1224
f 4536/3752/1226 4539/6778/2641 4540/3753/1227
f 4537/3755/1307 4541/3759/2617 4540/3756/1230
f 4538/3758/1327 4542/6793/2633 4540/3756/1233
f 4543/3760/1235 4546/7414/2614 4547/3761/1236
f 4544/3763/1238 4548/3767/2713 4547/3764/1239
f 4545/3766/1241 4549/6779/2642 4547/3764/1242
f 4550/3768/1244 4553/7415/2647 4554/3769/1330
f 4551/3771/1247 4555/3775/2618 4554/3772/1248
f 4552/3774/1250 4556/7416/2640 4554/3772/1312
f 4557/3776/1253 4560/7417/2620 4561/3777/1331
f 4558/3779/1256 4562/7418/2714 4561/3780/1257
f 4559/3782/1259 4563/6782/2623 4561/3783/1260
f 4564/3785/1262 4567/6784/2637 4568/3786/1317
f 4565/3788/1265 4569/6781/2622 4568/3789/1266
f 4566/3791/1268 4570/6780/2621 4568/3792/1269
f 4571/3794/1271 4574/7419/2722 4575/3795/1333
f 4572/3797/1274 4576/7420/2720 4575/3798/1275
f 4573/3800/1277 4577/6786/2638 4575/3801/1278
f 4578/3803/1280 4581/7421/2630 4582/3804/1319
f 4579/3806/1283 4583/6785/2626 4582/3807/1284
f 4580/3809/1286 4584/6783/2625 4582/3810/1287
f 4585/3812/1289 4588/6787/2628 4589/3813/1290
f 4586/3815/1292 4590/3819/2716 4589/3816/1293
f 4587/3818/1295 4591/7422/2632 4589/3816/1296
f 4592/3820/1298 4595/6794/2634 4596/3821/1322
f 4593/3823/1301 4597/3827/2643 4596/3824/1325
f 4594/3826/1304 4598/6788/2629 4596/3824/1305
f 4599/3828/1217 4602/6813/2644 4603/3829/1218
f 4600/3831/1220 4604/3835/2616 4603/3832/1221
f 4601/3834/1223 4605/6796/2613 4603/3832/1224
f 4606/3836/1226 4609/7423/2712 4610/3837/1227
f 4607/3839/1307 4611/3843/2617 4610/3840/1230
f 4608/3842/1327 4612/6815/2633 4610/3840/1233
f 4613/3844/1235 4616/7424/2614 4617/3845/1236
f 4614/3847/1238 4618/3851/2713 4617/3848/1239
f 4615/3850/1241 4619/6799/2642 4617/3848/1242
f 4620/3852/1244 4623/6801/2645 4624/3853/1330
f 4621/3855/1247 4625/3859/2618 4624/3856/1248
f 4622/3858/1250 4626/7425/2640 4624/3856/1312
f 4627/3860/1253 4630/7426/2620 4631/3861/1331
f 4628/3863/1256 4632/7427/2714 4631/3864/1257
f 4629/3866/1259 4633/6803/2623 4631/3867/1260
f 4634/3869/1262 4637/6805/2637 4638/3870/1317
f 4635/3872/1265 4639/6802/2622 4638/3873/1266
f 4636/3875/1268 4640/6800/2621 4638/3876/1269
f 4641/3878/1271 4644/7428/2722 4645/3879/1333
f 4642/3881/1274 4646/7429/2720 4645/3882/1275
f 4643/3884/1277 4647/6807/2638 4645/3885/1278
f 4648/3887/1280 4651/6810/2630 4652/3888/1319
f 4649/3890/1283 4653/6806/2626 4652/3891/1284
f 4650/3893/1286 4654/6804/2625 4652/3894/1287
f 4655/3896/1289 4658/6808/2628 4659/3897/1290
f 4656/3899/1292 4660/3903/2716 4659/3900/1293
f 4657/3902/1295 4661/7430/2639 4659/3900/1296
f 4662/3904/1298 4665/7431/2634 4666/3905/1322
f 4663/3907/1301 4667/3911/2643 4666/3908/1325
f 4664/3910/1304 4668/6809/2629 4666/3908/1305
f 4669/3912/1217 4672/6835/2644 4673/3913/1218
f 4670/3915/1220 4674/3919/2616 4673/3916/1221
f 4671/3918/1223 4675/6817/2613 4673/3916/1224
f 4676/3920/1226 4679/7432/2712 4680/3921/1227
f 4677/3923/1307 4681/3927/2646 4680/3924/1230
f 4678/3926/1232 4682/6837/2633 4680/3924/1233
f 4683/3928/1235 4686/7433/2718 4687/3929/1308
f 4684/3931/1238 4688/3935/2719 4687/3932/1310
f 4685/3934/1241 4689/6820/2635 4687/3932/1242
f 4690/3936/1244 4693/6823/2647 4694/3937/1245
f 4691/3939/1247 4695/3943/2618 4694/3940/1248
f 4692/3942/1250 4696/7434/2615 4694/3940/1312
f 4697/3944/1253 4700/6821/2620 4701/3945/1254
f 4698/3947/1314 4702/7435/2714 4701/3948/1257
f 4699/3950/1259 4703/6825/2636 4701/3951/1260
f 4704/3953/1262 4707/6828/2637 4708/3954/1317
f 4705/3956/1265 4709/6824/2622 4708/3957/1266
f 4706/3959/1268 4710/6822/2621 4708/3960/1269
f 4711/3962/1271 4714/6826/2624 4715/3963/1272
f 4712/3965/1274 4716/7436/2720 4715/3966/1275
f 4713/3968/1318 4717/6830/2638 4715/3969/1278
f 4718/3971/1280 4721/7437/2630 4722/3972/1319
f 4719/3974/1283 4723/6829/2626 4722/3975/1284
f 4720/3977/1286 4724/6827/2625 4722/3978/1287
f 4725/3980/1289 4728/6831/2628 4729/3981/1342
f 4726/3983/1292 4730/3987/2716 4729/3984/1293
f 4727/3986/1295 4731/7438/2639 4729/3984/1344
f 4732/3988/1345 4735/6838/2634 4736/3989/1322
f 4733/3991/1324 4737/3995/2631 4736/3992/1325
f 4734/3994/1304 4738/6832/2629 4736/3992/1305
f 4739/3996/1346 4742/7439/2723 4743/3997/1347
f 4744/3999/1349 4743/7440/2724 4742/4000/1350
f 4745/4002/1352 4743/7440/2724 4744/3999/1349
f 4746/4004/1354 4749/6840/2649 4750/4005/1355
f 4751/4007/1357 4750/7441/2725 4749/4008/1358
f 4752/4010/1360 4750/7441/2725 4751/4007/1357
f 4753/4012/1362 4756/6839/2648 4757/4013/1363
f 4758/4015/1365 4757/7442/2726 4756/4016/1366
f 4759/4018/1368 4757/7442/2726 4758/4015/1365
f 4760/4020/1370 4763/7443/2727 4764/4021/1371
f 4765/4023/1373 4764/7444/2728 4763/4024/1374
f 4766/4026/1376 4764/7445/2728 4765/4027/1373
f 4767/4029/1378 4770/6844/2650 4771/4030/1379
f 4772/4032/1381 4771/7446/2729 4770/4033/1382
f 4773/4035/1384 4771/7446/2729 4772/4032/1381
f 4774/4037/1386 4777/7447/2730 4778/4038/1387
f 4779/4040/1389 4778/7448/2731 4777/4041/1390
f 4780/4043/1392 4778/7448/2731 4779/4040/1389
f 4781/4045/1394 4784/7449/2732 4785/4046/1395
f 4786/4048/1397 4785/7450/2733 4784/4049/1398
f 4787/4051/1400 4785/7450/2733 4786/4048/1397
f 4788/4053/1402 4791/6845/2651 4792/4054/1403
f 4793/4056/1405 4792/7451/2734 4791/4057/1406
f 4794/4059/1408 4792/7451/2734 4793/4056/1405
f 4795/4061/1410 4798/7452/2735 4799/4062/1411
f 4800/4064/1413 4799/7453/2736 4798/4065/1414
f 4801/4067/1416 4799/7454/2736 4800/4068/1413
f 4802/4070/1418 4805/6848/2653 4806/4071/1419
f 4807/4073/1421 4806/7455/2737 4805/4074/1422
f 4808/4076/1424 4806/7456/2737 4807/4077/1421
f 4809/4079/1426 4812/6847/2652 4813/4080/1427
f 4814/4082/1429 4813/7457/2738 4812/4083/1430
f 4815/4085/1432 4813/7457/2738 4814/4082/1429
f 4816/4087/1434 4819/6849/2654 4820/4088/1435
f 4821/4090/1437 4820/7458/2739 4819/4091/1438
f 4822/4093/1440 4820/7458/2739 4821/4090/1437
f 4823/4095/1442 4826/7459/2740 4827/4096/1443
f 4828/4098/1445 4827/7460/2741 4826/4099/1446
f 4829/4101/1448 4827/7461/2741 4828/4102/1445
f 4830/4104/1450 4833/7462/2742 4834/4105/1451
f 4835/4107/1453 4834/7463/2743 4833/4108/1454
f 4836/4110/1456 4834/7464/2743 4835/4111/1453
f 4837/4113/1458 4840/7465/2744 4841/4114/1459
f 4842/4116/1461 4841/7466/2745 4840/4117/1462
f 4843/4119/1464 4841/7466/2745 4842/4116/1461
f 4844/4121/1466 4847/6852/2655 4848/4122/1467
f 4849/4124/1469 4848/7467/2746 4847/4125/1470
f 4850/4127/1472 4848/7467/2746 4849/4124/1469
f 4851/4129/1474 4854/7468/2747 4855/4130/1475
f 4856/4132/1477 4855/7469/2748 4854/4133/1478
f 4857/4135/1480 4855/7469/2748 4856/4132/1477
f 4858/4137/1482 4861/6853/2656 4862/4138/1483
f 4863/4140/1485 4862/7470/2749 4861/4141/1486
f 4864/4143/1488 4862/7470/2749 4863/4140/1485
f 4865/4145/1490 4868/7471/2750 4869/4146/1491
f 4870/4148/1493 4869/7472/2751 4868/4149/1494
f 4871/4151/1496 4869/7473/2751 4870/4152/1493
f 4872/4154/1498 4875/6855/2657 4876/4155/1499
f 4877/4157/1501 4876/7474/2752 4875/4158/1502
f 4878/4160/1504 4876/7475/2752 4877/4161/1501
f 4879/4163/1506 4884/4167/1509 4885/4164/13
f 4880/4166/1508 4886/4169/1511 4885/4164/13
f 4881/4168/1510 4887/4171/1513 4885/4164/13
f 4882/4170/1512 4888/4173/1515 4885/4164/13
f 4883/4172/1514 4889/4165/1507 4885/4164/13
f 4890/4174/1516 4895/4178/1520 4896/4175/1517
f 4891/4177/1519 4897/4180/1522 4896/4175/1517
f 4892/4179/1521 4898/7476/1524 4896/4175/1517
f 4893/4181/1523 4899/6860/1526 4896/4182/1517
f 4894/4184/1525 4900/6859/1518 4896/4185/1517
f 4901/4187/1527 4906/4191/1531 4907/4188/1528
f 4902/4190/1530 4908/4193/1533 4907/4188/1528
f 4903/4192/1532 4909/4195/1535 4907/4188/1528
f 4904/4194/1534 4910/4197/1537 4907/4188/1528
f 4905/4196/1536 4911/4189/1529 4907/4188/1528
f 4912/4198/1538 4917/4202/1542 4918/4199/1539
f 4913/4201/1541 4919/4204/1544 4918/4199/1539
f 4914/4203/1543 4920/4206/1546 4918/4199/1539
f 4915/4205/1545 4921/4208/1548 4918/4199/1539
f 4916/4207/1547 4922/4200/1540 4918/4199/1539
f 4923/4209/1549 4928/4213/1553 4929/4210/1550
f 4924/4212/1552 4930/4215/1555 4929/4210/1550
f 4925/4214/1554 4931/4217/1557 4929/4210/1550
f 4926/4216/1556 4932/4219/1559 4929/4210/1550
f 4927/4218/1558 4933/4211/1551 4929/4210/1550
f 4934/4220/1560 4939/4224/1564 4940/4221/1561
f 4935/4223/1563 4941/7477/1566 4940/4221/1561
f 4936/4225/1565 4942/7478/1568 4940/4226/1561
f 4937/4228/1567 4943/6880/1570 4940/4229/1561
f 4938/4231/1569 4944/4222/1562 4940/4221/1561
f 4945/4233/1571 4950/4237/1575 4951/4234/1572
f 4946/4236/1574 4952/4239/1577 4951/4234/1572
f 4947/4238/1576 4953/4241/1579 4951/4234/1572
f 4948/4240/1578 4954/4243/1581 4951/4234/1572
f 4949/4242/1580 4955/4235/1573 4951/4234/1572
f 4956/4244/1582 4961/4248/1586 4962/4245/1583
f 4957/4247/1585 4963/7479/1588 4962/4245/1583
f 4958/4249/1587 4964/6885/1590 4962/4250/1583
f 4959/4252/1589 4965/6894/1592 4962/4253/1583
f 4960/4255/1591 4966/4246/1584 4962/4245/1583
f 4967/4257/1593 4972/6877/1597 4973/4258/1594
f 4968/4260/1596 4974/4264/1599 4973/4261/1594
f 4969/4263/1598 4975/4266/1601 4973/4261/1594
f 4970/4265/1600 4976/7480/1603 4973/4261/1594
f 4971/4267/1602 4977/7481/1595 4973/4268/1594
f 4978/4270/1604 4983/4274/1608 4984/4271/1605
f 4979/4273/1607 4985/4276/1610 4984/4271/1605
f 4980/4275/1609 4986/4278/1612 4984/4271/1605
f 4981/4277/1611 4987/4280/1614 4984/4271/1605
f 4982/4279/1613 4988/4272/1606 4984/4271/1605
f 4989/4281/1615 4994/4285/1619 4995/4282/1616
f 4990/4284/1618 4996/4287/1621 4995/4282/1616
f 4991/4286/1620 4997/4289/1623 4995/4282/1616
f 4992/4288/1622 4998/4291/1625 4995/4282/1616
f 4993/4290/1624 4999/4283/1617 4995/4282/1616
f 5000/4292/1626 5005/4296/1629 5006/4293/11
f 5001/4295/1628 5007/4298/1631 5006/4293/11
f 5002/4297/1630 5008/4300/1633 5006/4293/11
f 5003/4299/1632 5009/4302/1635 5006/4293/11
f 5004/4301/1634 5010/4294/1627 5006/4293/11
f 652/861/360 654/860/359 643/846/345
f 654/4303/1636 651/856/355 637/840/339
f 660/871/370 645/853/352 647/852/351
f 647/4304/1637 644/848/347 658/864/363
f 646/855/354 649/851/350 642/843/342
f 649/851/350 645/853/352 639/847/346
f 653/863/362 656/859/358 663/867/366
f 656/859/358 652/861/360 660/871/370
f 666/4305/376 668/7482/375 657/862/361
f 668/4306/1638 665/872/371 651/856/355
f 659/4307/368 661/7483/367 678/886/385
f 678/882/381 661/7218/2661 658/864/363
f 667/879/378 670/875/374 677/883/382
f 670/875/374 666/877/376 674/887/386
f 667/879/378 680/893/392 682/892/391
f 682/4308/1639 679/888/387 665/872/371
f 673/885/384 675/884/383 692/902/401
f 692/898/397 675/7221/2611 672/880/379
f 681/895/394 684/891/390 691/899/398
f 684/891/390 680/893/392 688/903/402
f 694/909/408 696/908/407 685/894/393
f 696/4309/1640 693/904/403 679/888/387
f 687/901/400 689/900/399 706/918/417
f 706/914/413 689/7224/2476 686/896/395
f 695/911/410 698/907/406 705/915/414
f 698/907/406 694/909/408 702/919/418
f 708/925/424 710/924/423 699/4310/409
f 710/4312/1641 707/920/419 693/904/403
f 701/917/416 703/916/415 720/4313/433
f 720/930/429 703/7227/2477 700/912/411
f 709/927/426 712/923/422 719/931/430
f 712/923/422 708/925/424 716/935/434
f 709/927/426 722/941/440 724/940/439
f 713/922/421 724/7231/2478 721/936/435
f 715/933/432 717/932/431 734/950/449
f 717/4315/1642 714/928/427 728/944/443
f 723/943/442 726/939/438 733/947/446
f 726/939/438 722/941/440 730/951/450
f 736/957/456 738/956/455 727/942/441
f 738/4316/1643 735/952/451 721/936/435
f 729/949/448 731/948/447 748/966/465
f 731/4317/1644 728/944/443 742/960/459
f 737/959/458 740/955/454 747/963/462
f 740/955/454 736/957/456 744/967/466
f 750/973/472 752/972/471 741/4318/457
f 741/954/453 752/7236/2675 749/968/467
f 743/4320/464 745/7484/463 762/982/481
f 745/4321/1645 742/960/459 756/976/475
f 751/975/474 754/971/470 761/979/478
f 754/971/470 750/973/472 758/983/482
f 764/989/488 766/988/487 755/974/473
f 755/970/469 766/7239/2678 763/984/483
f 757/981/480 759/980/479 776/998/497
f 759/4322/1646 756/976/475 770/992/491
f 765/991/490 768/987/486 775/995/494
f 768/987/486 764/989/488 772/999/498
f 778/1005/504 780/1004/503 769/990/489
f 780/4323/1647 777/1000/499 763/984/483
f 771/997/496 773/996/495 790/1014/513
f 773/4324/1648 770/992/491 784/1008/507
f 779/1007/506 782/1003/502 789/1011/510
f 782/1003/502 778/1005/504 786/1015/514
f 779/4325/506 792/1021/520 794/1020/519
f 794/4327/1649 791/1016/515 777/1000/499
f 785/4328/512 787/7485/511 804/1030/529
f 787/4329/1650 784/1008/507 798/1024/523
f 793/1023/522 796/1019/518 803/1027/526
f 796/1019/518 792/1021/520 800/1031/530
f 638/845/344 640/844/343 797/1022/521
f 797/1018/517 640/7214/2482 637/840/339
f 799/1029/528 801/1028/527 650/854/353
f 801/4330/1651 798/1024/523 644/848/347
f 812/4331/1652 813/4344/1665 807/4332/1653
f 813/4334/1655 811/4346/1667 805/4335/1656
f 815/4337/1658 809/4449/1762 810/4338/1659
f 810/4340/1661 808/4450/1763 814/4341/1662
f 818/4343/1664 819/7486/1673 813/4344/1665
f 819/4345/1666 817/4355/1675 811/4346/1667
f 821/4347/1668 815/4337/1658 816/4339/1660
f 816/4342/1663 814/4341/1662 820/4349/1670
f 824/4351/1672 825/4362/1681 819/4352/1673
f 819/4345/1666 825/4363/1682 823/4354/1674
f 827/4356/1676 821/6898/1668 822/4357/1669
f 822/4350/1671 820/4349/1670 826/4359/1678
f 830/4361/1680 831/4370/1689 825/4362/1681
f 825/4363/1682 831/4371/1690 829/4364/1683
f 833/4365/1684 827/4356/1676 828/4358/1677
f 828/4360/1679 826/4359/1678 832/4367/1686
f 836/4369/1688 837/7487/1697 831/4370/1689
f 831/4371/1690 837/4381/1699 835/4372/1691
f 833/4365/1684 834/4366/1685 840/4373/1692
f 834/4368/1687 832/4367/1686 838/4375/1694
f 842/4377/1696 843/4388/1705 837/4378/1697
f 843/4380/1698 841/4390/1707 835/4372/1691
f 839/4382/1693 840/7488/1692 846/4383/1700
f 840/4376/1695 838/4375/1694 844/4385/1702
f 848/4387/1704 849/4396/1713 843/4388/1705
f 849/4389/1706 847/4398/1715 841/4390/1707
f 845/4384/1701 846/4383/1700 852/4391/1708
f 852/4393/1710 846/4386/1703 844/4385/1702
f 848/4387/1704 854/4404/1721 855/4395/1712
f 855/4397/1714 853/4406/1723 847/4398/1715
f 857/4399/1716 851/4392/1709 852/4391/1708
f 852/4393/1710 850/4394/1711 856/4401/1718
f 860/4403/1720 861/7489/1729 855/4395/1712
f 861/4405/1722 859/4415/1731 853/4406/1723
f 857/4399/1716 858/4400/1717 864/4407/1724
f 864/4409/1726 858/4402/1719 856/4401/1718
f 866/4411/1728 867/4422/1737 861/4412/1729
f 867/4414/1730 865/4424/1739 859/4415/1731
f 869/4416/1732 863/6899/1725 864/4417/1724
f 870/4419/1734 864/4409/1726 862/4410/1727
f 872/4421/1736 873/4430/1745 867/4422/1737
f 873/4423/1738 871/4432/1747 865/4424/1739
f 869/4416/1732 870/4418/1733 876/4425/1740
f 870/4419/1734 868/4420/1735 874/4427/1742
f 878/4429/1744 879/7490/1753 873/4430/1745
f 879/4431/1746 877/4441/1755 871/4432/1747
f 875/4426/1741 876/4425/1740 882/4433/1748
f 882/4435/1750 876/4428/1743 874/4427/1742
f 878/4437/1744 884/4447/1760 885/4438/1752
f 885/4440/1754 883/4448/1761 877/4441/1755
f 881/4442/1749 882/7491/1748 888/4443/1756
f 882/4435/1750 880/4436/1751 886/4445/1758
f 884/4447/1760 806/4333/1654 807/4332/1653
f 885/4440/1754 807/4336/1657 805/4335/1656
f 887/4444/1757 888/4443/1756 810/4338/1659
f 888/4446/1759 886/4445/1758 808/4450/1763
f 889/1032/531 895/1034/533 906/4451/1764
f 906/1055/554 895/7246/1829 891/1038/537
f 896/1041/540 902/1043/542 894/4452/1765
f 894/1040/539 902/7247/1831 898/1047/546
f 910/1059/558 916/1061/560 901/4453/1766
f 916/4454/1767 912/1065/564 898/1047/546
f 905/1056/555 908/1058/557 915/4455/1768
f 908/4456/1769 904/1053/552 912/1065/564
f 903/1050/549 909/1052/551 934/4457/1770
f 909/4458/1771 905/1056/555 932/1089/588
f 938/1095/594 944/1097/596 913/4459/1772
f 944/4460/1773 940/1101/600 911/1062/561
f 939/1098/597 933/1092/591 936/1094/593
f 936/4462/1775 932/1089/588 940/1101/600
f 931/1086/585 937/1088/587 920/4463/1776
f 920/1073/572 937/7249/1837 933/1092/591
f 924/1077/576 930/1079/578 941/4464/1777
f 941/1100/599 930/7248/2471 926/1083/582
f 925/1080/579 919/1074/573 922/1076/575
f 922/4466/1779 918/1071/570 926/1083/582
f 917/1068/567 923/1070/569 892/4467/1780
f 923/4468/1781 919/1074/573 890/1035/534
f 897/1044/543 899/1046/545 927/4469/1782
f 899/4470/1783 896/1041/540 925/1080/579
f 952/4471/1652 953/4484/1665 947/4472/1653
f 953/4474/1655 951/4486/1667 945/4475/1656
f 949/4477/1762 950/4589/1814 956/4478/1785
f 956/4480/1663 950/4590/1815 948/4481/1763
f 958/4483/1664 959/7492/1673 953/4484/1665
f 959/4485/1786 957/4495/1675 951/4486/1667
f 955/4479/1658 956/4478/1785 962/4487/1787
f 962/4489/1788 956/4480/1663 954/4482/1662
f 964/4491/1672 965/4502/1681 959/4492/1673
f 965/4494/1789 963/4504/1674 957/4495/1675
f 961/4496/1668 962/7493/1787 968/4497/1677
f 962/4489/1788 960/4490/1670 966/4499/1790
f 970/4501/1680 971/4510/1689 965/4502/1681
f 971/4503/1791 969/4512/1796 963/4504/1674
f 967/4498/1676 968/4497/1677 974/4505/1792
f 968/4500/1679 966/4499/1790 972/4507/1793
f 976/4509/1688 977/7494/1697 971/4510/1689
f 977/4511/1795 975/4521/1691 969/4512/1796
f 973/4506/1684 974/4505/1792 980/4513/1692
f 974/4508/1794 972/4507/1793 978/4515/1694
f 982/4517/1696 983/4528/1705 977/4518/1697
f 977/4511/1795 983/4530/1698 981/4520/1707
f 979/4522/1693 980/7495/1692 986/4523/1700
f 980/4516/1797 978/4515/1694 984/4525/1702
f 988/4527/1704 989/4536/1713 983/4528/1705
f 989/4529/1706 987/4538/1715 981/4520/1707
f 985/4524/1701 986/4523/1700 992/4531/1708
f 986/4526/1703 984/4525/1702 990/4533/1711
f 994/4535/1721 995/4544/1712 989/4536/1713
f 989/4529/1706 995/4546/1802 993/4537/1723
f 991/4532/1709 992/4531/1708 998/4539/1799
f 992/4534/1798 990/4533/1711 996/4541/1718
f 994/4535/1721 1000/6900/1720 1001/4543/1729
f 1001/4545/1801 999/4555/1731 993/4537/1723
f 997/4540/1716 998/4539/1799 1004/4547/1724
f 998/4542/1800 996/4541/1718 1002/4549/1727
f 1006/4551/1728 1007/4562/1737 1001/4552/1729
f 1007/4554/1803 1005/4564/1807 999/4555/1731
f 1009/4556/1732 1003/6901/1725 1004/4557/1724
f 1010/4559/1805 1004/4550/1726 1002/4549/1727
f 1012/4561/1736 1013/4570/1745 1007/4562/1737
f 1013/4563/1806 1011/4572/1747 1005/4564/1807
f 1009/4556/1732 1010/4558/1804 1016/4565/1740
f 1010/4559/1805 1008/4560/1735 1014/4567/1808
f 1012/4561/1736 1018/6902/1744 1019/4569/1753
f 1013/4563/1806 1019/4581/1746 1017/4571/1755
f 1015/4566/1741 1016/4565/1740 1022/4573/1810
f 1016/4568/1809 1014/4567/1808 1020/4575/1751
f 1024/4577/1760 1025/4587/1752 1019/4578/1753
f 1025/4580/1812 1023/4588/1761 1017/4571/1755
f 1021/4582/1749 1022/7496/1810 1028/4583/1813
f 1022/4576/1811 1020/4575/1751 1026/4585/1758
f 1024/4577/1760 946/4473/1654 947/4472/1653
f 947/4476/1784 945/4475/1656 1023/4588/1761
f 1027/4584/1757 1028/4583/1813 950/4589/1814
f 950/4590/1815 1028/4586/1759 1026/4585/1758
f 1036/4591/1652 1037/4604/1665 1031/4592/1653
f 1031/4594/1784 1037/4606/1817 1035/4595/1667
f 1033/4597/1762 1034/4709/1814 1040/4598/1785
f 1034/4600/1815 1032/4710/1763 1038/4601/1662
f 1036/4591/1652 1042/6903/1664 1043/4603/1673
f 1043/4605/1786 1041/4615/1675 1035/4595/1667
f 1039/4599/1658 1040/4598/1785 1046/4607/1787
f 1040/4602/1816 1038/4601/1662 1044/4609/1670
f 1048/4611/1672 1049/4622/1681 1043/4612/1673
f 1049/4614/1682 1047/4624/1674 1041/4615/1675
f 1051/4616/1676 1045/6904/1668 1046/4617/1787
f 1052/4619/1818 1046/4610/1671 1044/4609/1670
f 1054/4621/1680 1055/4630/1689 1049/4622/1681
f 1055/4623/1819 1053/4632/1796 1047/4624/1674
f 1051/4616/1676 1052/4618/1677 1058/4625/1792
f 1052/4619/1818 1050/4620/1678 1056/4627/1793
f 1054/4621/1680 1060/6905/1688 1061/4629/1697
f 1055/4623/1819 1061/4641/1795 1059/4631/1691
f 1057/4626/1684 1058/4625/1792 1064/4633/1692
f 1058/4628/1794 1056/4627/1793 1062/4635/1694
f 1066/4637/1696 1067/4648/1705 1061/4638/1697
f 1067/4640/1820 1065/4650/1707 1059/4631/1691
f 1063/4642/1693 1064/7497/1692 1070/4643/1700
f 1064/4636/1797 1062/4635/1694 1068/4645/1702
f 1066/4637/1696 1072/4656/1704 1073/4647/1713
f 1073/4649/1706 1071/4658/1715 1065/4650/1707
f 1069/4644/1701 1070/4643/1700 1076/4651/1708
f 1076/4653/1798 1070/4646/1703 1068/4645/1702
f 1078/4655/1721 1079/4664/1712 1073/4647/1713
f 1079/4657/1714 1077/4666/1723 1071/4658/1715
f 1075/4652/1709 1076/4651/1708 1082/4659/1799
f 1082/4661/1719 1076/4653/1798 1074/4654/1711
f 1084/4663/1720 1085/7498/1729 1079/4664/1712
f 1085/4665/1801 1083/4675/1731 1077/4666/1723
f 1081/4660/1716 1082/4659/1799 1088/4667/1724
f 1088/4669/1821 1082/4661/1719 1080/4662/1718
f 1090/4671/1728 1091/4682/1737 1085/4672/1729
f 1091/4674/1822 1089/4684/1739 1083/4675/1731
f 1087/4676/1725 1088/7499/1724 1094/4677/1804
f 1088/4669/1821 1086/4670/1727 1092/4679/1823
f 1096/4681/1736 1097/4690/1745 1091/4682/1737
f 1097/4683/1738 1095/4692/1747 1089/4684/1739
f 1093/4678/1732 1094/4677/1804 1100/4685/1740
f 1094/4680/1734 1092/4679/1823 1098/4687/1808
f 1102/4689/1744 1103/7500/1753 1097/4690/1745
f 1103/4691/1746 1101/4701/1755 1095/4692/1747
f 1099/4686/1741 1100/4685/1740 1106/4693/1810
f 1100/4688/1809 1098/4687/1808 1104/4695/1751
f 1108/4697/1760 1109/4707/1752 1103/4698/1753
f 1103/4691/1746 1109/4708/1754 1107/4700/1761
f 1105/4702/1749 1106/7501/1810 1112/4703/1813
f 1106/4696/1811 1104/4695/1751 1110/4705/1758
f 1030/4593/1654 1031/4592/1653 1109/4707/1752
f 1031/4594/1784 1029/4596/1656 1107/4700/1761
f 1111/4704/1757 1112/4703/1813 1034/4709/1814
f 1112/4706/1759 1110/4705/1758 1032/4710/1763
f 1120/4711/1652 1121/4724/1665 1115/4712/1653
f 1121/4714/1655 1119/4726/1667 1113/4715/1656
f 1123/4717/1658 1117/4829/1762 1118/4718/1814
f 1118/4720/1815 1116/4830/1763 1122/4721/1662
f 1126/4723/1664 1127/7502/1673 1121/4724/1665
f 1121/4714/1655 1127/4735/1666 1125/4725/1675
f 1123/4717/1658 1124/4719/1785 1130/4727/1787
f 1124/4722/1816 1122/4721/1662 1128/4729/1670
f 1132/4731/1672 1133/4742/1681 1127/4732/1673
f 1133/4734/1682 1131/4744/1674 1125/4725/1675
f 1129/4736/1668 1130/7503/1787 1136/4737/1677
f 1136/4739/1824 1130/4730/1671 1128/4729/1670
f 1132/4731/1672 1138/4750/1680 1139/4741/1689
f 1139/4743/1791 1137/4752/1796 1131/4744/1674
f 1135/4738/1676 1136/4737/1677 1142/4745/1792
f 1142/4747/1794 1136/4739/1824 1134/4740/1790
f 1144/4749/1688 1145/7504/1697 1139/4741/1689
f 1139/4743/1791 1145/4761/1699 1143/4751/1691
f 1141/4746/1684 1142/4745/1792 1148/4753/1692
f 1142/4747/1794 1140/4748/1686 1146/4755/1694
f 1150/4757/1696 1151/4768/1705 1145/4758/1697
f 1151/4760/1698 1149/4770/1707 1143/4751/1691
f 1147/4762/1693 1148/7505/1692 1154/4763/1700
f 1148/4756/1695 1146/4755/1694 1152/4765/1702
f 1156/4767/1704 1157/4776/1713 1151/4768/1705
f 1151/4760/1698 1157/4778/1706 1155/4769/1715
f 1159/4771/1709 1153/4764/1701 1154/4763/1700
f 1154/4766/1703 1152/4765/1702 1158/4773/1711
f 1156/4767/1704 1162/4784/1721 1163/4775/1712
f 1163/4777/1714 1161/4786/1723 1155/4769/1715
f 1159/4771/1709 1160/4772/1708 1166/4779/1799
f 1160/4774/1798 1158/4773/1711 1164/4781/1718
f 1168/4783/1720 1169/7506/1729 1163/4775/1712
f 1163/4777/1714 1169/4795/1722 1167/4785/1731
f 1165/4780/1716 1166/4779/1799 1172/4787/1724
f 1166/4782/1719 1164/4781/1718 1170/4789/1727
f 1174/4791/1728 1175/4802/1737 1169/4792/1729
f 1175/4794/1803 1173/4804/1807 1167/4785/1731
f 1177/4796/1732 1171/6906/1725 1172/4797/1724
f 1178/4799/1805 1172/4790/1821 1170/4789/1727
f 1180/4801/1736 1181/4810/1745 1175/4802/1737
f 1181/4803/1738 1179/4812/1747 1173/4804/1807
f 1177/4796/1732 1178/4798/1804 1184/4805/1740
f 1178/4799/1805 1176/4800/1735 1182/4807/1742
f 1186/4809/1744 1187/7507/1753 1181/4810/1745
f 1181/4803/1738 1187/4821/1826 1185/4811/1755
f 1183/4806/1741 1184/4805/1740 1190/4813/1810
f 1190/4815/1825 1184/4808/1743 1182/4807/1742
f 1192/4817/1760 1193/4827/1752 1187/4818/1753
f 1193/4820/1754 1191/4828/1761 1185/4811/1755
f 1195/4822/1757 1189/6907/1749 1190/4823/1810
f 1190/4815/1825 1188/4816/1751 1194/4825/1758
f 1192/4817/1760 1114/4713/1654 1115/4712/1653
f 1115/4716/1784 1113/4715/1656 1191/4828/1761
f 1195/4822/1757 1196/4824/1813 1118/4718/1814
f 1196/4826/1759 1194/4825/1758 1116/4830/1763
f 1204/4831/1652 1205/4844/1665 1199/4832/1653
f 1199/4834/1784 1205/4845/1655 1203/4835/1667
f 1207/4837/1658 1201/4949/1762 1202/4838/1814
f 1202/4840/1815 1200/4950/1763 1206/4841/1662
f 1204/4831/1652 1210/6908/1664 1211/4843/1673
f 1205/4845/1655 1211/4855/1666 1209/4846/1675
f 1207/4837/1658 1208/4839/1785 1214/4847/1787
f 1208/4842/1816 1206/4841/1662 1212/4849/1670
f 1216/4851/1672 1217/4862/1681 1211/4852/1673
f 1217/4854/1682 1215/4864/1674 1209/4846/1675
f 1213/4856/1668 1214/7508/1787 1220/4857/1677
f 1220/4859/1818 1214/4850/1671 1212/4849/1670
f 1222/4861/1680 1223/4870/1689 1217/4862/1681
f 1223/4863/1791 1221/4872/1796 1215/4864/1674
f 1219/4858/1676 1220/4857/1677 1226/4865/1792
f 1220/4859/1818 1218/4860/1790 1224/4867/1686
f 1228/4869/1688 1229/7509/1697 1223/4870/1689
f 1223/4863/1791 1229/4881/1699 1227/4871/1691
f 1225/4866/1684 1226/4865/1792 1232/4873/1692
f 1226/4868/1687 1224/4867/1686 1230/4875/1694
f 1228/4877/1688 1234/4888/1696 1235/4878/1705
f 1235/4880/1698 1233/4890/1707 1227/4871/1691
f 1231/4882/1693 1232/7510/1692 1238/4883/1700
f 1238/4885/1703 1232/4876/1827 1230/4875/1694
f 1240/4887/1704 1241/4896/1713 1235/4878/1705
f 1241/4889/1706 1239/4898/1715 1233/4890/1707
f 1243/4891/1709 1237/4884/1701 1238/4883/1700
f 1238/4885/1703 1236/4886/1702 1242/4893/1711
f 1246/4895/1721 1247/4904/1712 1241/4896/1713
f 1247/4897/1714 1245/4906/1723 1239/4898/1715
f 1249/4899/1716 1243/4891/1709 1244/4892/1708
f 1244/4894/1798 1242/4893/1711 1248/4901/1718
f 1246/4895/1721 1252/6909/1720 1253/4903/1729
f 1253/4905/1722 1251/4915/1731 1245/4906/1723
f 1249/4899/1716 1250/4900/1799 1256/4907/1724
f 1250/4902/1719 1248/4901/1718 1254/4909/1727
f 1252/4911/1720 1258/4922/1728 1259/4912/1737
f 1259/4914/1803 1257/4924/1807 1251/4915/1731
f 1255/4916/1725 1256/7511/1724 1262/4917/1804
f 1262/4919/1734 1256/4910/1726 1254/4909/1727
f 1264/4921/1736 1265/4930/1745 1259/4912/1737
f 1265/4923/1738 1263/4932/1747 1257/4924/1807
f 1261/4918/1732 1262/4917/1804 1268/4925/1740
f 1262/4919/1734 1260/4920/1735 1266/4927/1742
f 1270/4929/1744 1271/7512/1753 1265/4930/1745
f 1265/4923/1738 1271/4941/1826 1269/4931/1755
f 1267/4926/1741 1268/4925/1740 1274/4933/1810
f 1268/4928/1828 1266/4927/1742 1272/4935/1751
f 1270/4937/1744 1276/4947/1760 1277/4938/1752
f 1277/4940/1754 1275/4948/1761 1269/4931/1755
f 1273/4942/1749 1274/7513/1810 1280/4943/1813
f 1274/4936/1825 1272/4935/1751 1278/4945/1758
f 1198/4833/1654 1199/4832/1653 1277/4938/1752
f 1199/4834/1784 1197/4836/1656 1275/4948/1761
f 1279/4944/1757 1280/4943/1813 1202/4838/1814
f 1202/4840/1815 1280/4946/1759 1278/4945/1758
f 1281/1104/531 1287/1106/533 1298/4951/1764
f 1287/4952/1829 1283/1110/537 1296/1125/552
f 1288/1113/540 1294/1115/606 1286/4953/1830
f 1294/4954/1831 1290/1119/546 1283/1110/537
f 1302/1131/558 1308/1133/615 1293/4955/1832
f 1308/4956/1833 1304/1137/564 1290/1119/546
f 1297/1128/555 1300/1130/613 1307/4957/1768
f 1300/4958/1769 1296/1125/552 1304/1137/564
f 1295/1122/549 1301/1124/551 1326/4959/1770
f 1326/1163/590 1301/7251/1771 1297/1128/555
f 1302/1131/558 1330/1167/594 1336/1169/630
f 1336/4961/1835 1332/1173/600 1303/1134/561
f 1325/1164/591 1328/1166/628 1335/4962/1774
f 1328/4963/1836 1324/1161/588 1332/1173/600
f 1323/1158/585 1329/1160/587 1312/4964/1776
f 1329/4965/1837 1325/1164/591 1310/1143/570
f 1316/1149/576 1322/1151/623 1333/4966/1838
f 1322/4967/1839 1318/1155/582 1331/1170/597
f 1311/1146/573 1314/1148/621 1321/4968/1840
f 1314/4969/1779 1310/1143/570 1318/1155/582
f 1309/1140/567 1315/1142/569 1284/4970/1780
f 1315/4971/1781 1311/1146/573 1282/1107/534
f 1289/1116/543 1291/1118/608 1319/4972/1841
f 1319/1154/625 1291/7250/1842 1288/1113/540
f 1337/1176/531 1343/1178/533 1354/4973/1764
f 1343/4974/1829 1339/1182/537 1352/1197/552
f 1344/1185/540 1350/1187/606 1342/4975/1830
f 1350/4976/1831 1346/1191/546 1339/1182/537
f 1358/1203/558 1364/1205/615 1349/4977/1832
f 1364/4978/1833 1360/1209/564 1346/1191/546
f 1353/1200/555 1356/1202/613 1363/4979/1768
f 1356/4980/1769 1352/1197/552 1360/1209/564
f 1379/1230/585 1351/1194/549 1357/1196/551
f 1357/4982/1771 1353/1200/555 1380/1233/588
f 1386/1239/594 1392/1241/630 1361/4983/1834
f 1361/1208/617 1392/7253/1835 1388/1245/600
f 1381/1236/591 1384/1238/628 1391/4984/1774
f 1384/4985/1836 1380/1233/588 1388/1245/600
f 1379/1230/585 1385/1232/587 1368/4986/1776
f 1385/4987/1837 1381/1236/591 1366/1215/570
f 1372/1221/576 1378/1223/623 1389/4988/1838
f 1378/4989/1839 1374/1227/582 1387/1242/597
f 1367/1218/573 1370/1220/621 1377/4990/1840
f 1370/4991/1779 1366/1215/570 1374/1227/582
f 1365/1212/567 1371/1214/569 1340/4992/1780
f 1340/1181/536 1371/7252/1781 1367/1218/573
f 1372/1221/576 1345/1188/543 1347/1190/608
f 1347/4994/1842 1344/1185/540 1373/1224/579
f 1393/1248/531 1399/1250/533 1410/4995/1764
f 1399/4996/1829 1395/1254/537 1408/1269/552
f 1400/1257/540 1406/1259/606 1398/4997/1830
f 1406/4998/1831 1402/1263/546 1395/1254/537
f 1414/1275/558 1420/1277/615 1405/4999/1832
f 1420/5000/1833 1416/1281/564 1402/1263/546
f 1409/1272/555 1412/1274/613 1419/5001/1768
f 1412/5002/1769 1408/1269/552 1416/1281/564
f 1435/1302/585 1407/1266/549 1413/1268/551
f 1413/5004/1771 1409/1272/555 1436/1305/588
f 1442/1311/594 1448/1313/630 1417/5005/1834
f 1417/1280/617 1448/7255/1835 1444/1317/600
f 1437/1308/591 1440/1310/628 1447/5006/1774
f 1440/5007/1836 1436/1305/588 1444/1317/600
f 1435/1302/585 1441/1304/587 1424/5008/1776
f 1441/5009/1837 1437/1308/591 1422/1287/570
f 1428/1293/576 1434/1295/623 1445/5010/1838
f 1434/5011/1839 1430/1299/582 1443/1314/597
f 1423/1290/573 1426/1292/621 1433/5012/1840
f 1426/5013/1779 1422/1287/570 1430/1299/582
f 1421/1284/567 1427/1286/569 1396/5014/1780
f 1396/1253/536 1427/7254/1781 1423/1290/573
f 1401/1260/543 1403/1262/608 1431/5015/1841
f 1403/5016/1842 1400/1257/540 1429/1296/579
f 1449/1320/531 1455/1322/533 1466/5017/1764
f 1455/5018/1829 1451/1326/537 1464/1341/552
f 1456/1329/540 1462/1331/606 1454/5019/1830
f 1462/5020/1831 1458/1335/546 1451/1326/537
f 1470/1347/558 1476/1349/615 1461/5021/1832
f 1476/5022/1833 1472/1353/564 1458/1335/546
f 1465/1344/555 1468/1346/613 1475/5023/1768
f 1468/5024/1769 1464/1341/552 1472/1353/564
f 1463/1338/549 1469/1340/551 1494/5025/1770
f 1494/1379/590 1469/7257/1771 1465/1344/555
f 1498/1383/594 1504/1385/630 1473/5026/1834
f 1504/5027/1835 1500/1389/600 1471/1350/561
f 1493/1380/591 1496/1382/628 1503/5028/1774
f 1496/5029/1836 1492/1377/588 1500/1389/600
f 1491/1374/585 1497/1376/587 1480/5030/1776
f 1497/5031/1837 1493/1380/591 1478/1359/570
f 1484/1365/576 1490/1367/623 1501/5032/1838
f 1490/5033/1839 1486/1371/582 1499/1386/597
f 1479/1362/573 1482/1364/621 1489/5034/1840
f 1482/5035/1779 1478/1359/570 1486/1371/582
f 1449/1320/531 1477/1356/567 1483/1358/569
f 1483/5037/1781 1479/1362/573 1450/1323/534
f 1457/1332/543 1459/1334/608 1487/5038/1841
f 1487/1370/625 1459/7256/1842 1456/1329/540
f 1506/5039/1843 1512/5052/1856 1513/5040/1844
f 1507/5042/1846 1513/5054/1858 1511/5043/1847
f 1515/5045/1849 1509/5157/1953 1510/5046/1850
f 1516/5048/1852 1510/5158/1954 1508/5049/1853
f 1518/5051/1855 1519/7514/1864 1513/5040/1844
f 1519/5053/1857 1517/5063/1866 1511/5043/1847
f 1521/5055/1859 1515/5045/1849 1516/5047/1851
f 1522/5057/1861 1516/5048/1852 1514/5050/1854
f 1524/5059/1863 1525/5070/1872 1519/5060/1864
f 1519/5053/1857 1525/5072/1874 1523/5062/1865
f 1521/5064/1859 1522/7515/1860 1528/5065/1867
f 1522/5057/1861 1520/5058/1862 1526/5067/1869
f 1530/5069/1871 1531/5078/1880 1525/5070/1872
f 1531/5071/1873 1529/5080/1882 1523/5062/1865
f 1527/5066/1868 1528/5065/1867 1534/5073/1875
f 1528/5068/1870 1526/5067/1869 1532/5075/1877
f 1536/5077/1879 1537/7516/1888 1531/5078/1880
f 1537/5079/1881 1535/5089/1890 1529/5080/1882
f 1533/5074/1876 1534/5073/1875 1540/5081/1883
f 1540/5083/1885 1534/5076/1878 1532/5075/1877
f 1536/5085/1879 1542/5096/1896 1543/5086/1887
f 1537/5079/1881 1543/5098/1898 1541/5088/1889
f 1539/5090/1884 1540/7517/1883 1546/5091/1891
f 1540/5083/1885 1538/5084/1886 1544/5093/1893
f 1548/5095/1895 1549/5104/1904 1543/5086/1887
f 1549/5097/1897 1547/5106/1906 1541/5088/1889
f 1545/5092/1892 1546/5091/1891 1552/5099/1899
f 1546/5094/1894 1544/5093/1893 1550/5101/1901
f 1554/5103/1903 1555/5112/1912 1549/5104/1904
f 1555/5105/1905 1553/5114/1914 1547/5106/1906
f 1551/5100/1900 1552/5099/1899 1558/5107/1907
f 1552/5102/1902 1550/5101/1901 1556/5109/1909
f 1560/5111/1911 1561/7518/1920 1555/5112/1912
f 1555/5105/1905 1561/5122/1921 1559/5113/1913
f 1557/5108/1908 1558/5107/1907 1564/5115/1915
f 1564/5117/1917 1558/5110/1910 1556/5109/1909
f 1560/5119/1911 1566/5130/1928 1567/5120/1919
f 1561/5122/1921 1567/5131/1929 1565/5123/1922
f 1563/5124/1916 1564/7519/1915 1570/5125/1923
f 1564/5117/1917 1562/5118/1918 1568/5127/1925
f 1572/5129/1927 1573/5138/1936 1567/5120/1919
f 1567/5131/1929 1573/5139/1937 1571/5132/1930
f 1569/5126/1924 1570/5125/1923 1576/5133/1931
f 1570/5128/1926 1568/5127/1925 1574/5135/1933
f 1578/5137/1935 1579/7520/1944 1573/5138/1936
f 1573/5139/1937 1579/5148/1945 1577/5140/1938
f 1581/5141/1939 1575/5134/1932 1576/5133/1931
f 1582/5143/1941 1576/5136/1934 1574/5135/1933
f 1584/5145/1943 1585/5155/1951 1579/5146/1944
f 1579/5148/1945 1585/5156/1952 1583/5149/1946
f 1587/5150/1947 1581/6910/1939 1582/5151/1940
f 1582/5143/1941 1580/5144/1942 1586/5153/1949
f 1506/5039/1843 1507/5041/1845 1585/5155/1951
f 1585/5156/1952 1507/5042/1846 1505/5044/1848
f 1587/5150/1947 1588/5152/1948 1510/5046/1850
f 1510/5158/1954 1588/5154/1950 1586/5153/1949
f 1596/5159/1955 1597/5172/1968 1591/5160/1956
f 1597/5162/1958 1595/5174/1970 1589/5163/1959
f 1599/5165/1961 1593/5277/2065 1594/5166/1962
f 1594/5168/1964 1592/5278/2066 1598/5169/1965
f 1602/5171/1967 1603/7521/1976 1597/5172/1968
f 1603/5173/1969 1601/5183/1978 1595/5174/1970
f 1599/5165/1961 1600/5167/1963 1606/5175/1971
f 1606/5177/1973 1600/5170/1966 1598/5169/1965
f 1602/5179/1967 1608/5190/1984 1609/5180/1975
f 1603/5173/1969 1609/5191/1985 1607/5182/1977
f 1611/5184/1979 1605/7522/1972 1606/5185/1971
f 1606/5177/1973 1604/5178/1974 1610/5187/1981
f 1614/5189/1983 1615/5198/1992 1609/5180/1975
f 1609/5191/1985 1615/5200/1994 1613/5192/1986
f 1611/5184/1979 1612/5186/1980 1618/5193/1987
f 1612/5188/1982 1610/5187/1981 1616/5195/1989
f 1620/5197/1991 1621/7523/2000 1615/5198/1992
f 1621/5199/1993 1619/5209/2002 1613/5192/1986
f 1617/5194/1988 1618/5193/1987 1624/5201/1995
f 1624/5203/1997 1618/5196/1990 1616/5195/1989
f 1620/5205/1991 1626/5216/2008 1627/5206/1999
f 1627/5208/2001 1625/5218/2010 1619/5209/2002
f 1629/5210/2003 1623/6911/1996 1624/5211/1995
f 1630/5213/2005 1624/5203/1997 1622/5204/1998
f 1632/5215/2007 1633/5224/2016 1627/5206/1999
f 1627/5208/2001 1633/5225/2017 1631/5217/2009
f 1629/5210/2003 1630/5212/2004 1636/5219/2011
f 1636/5221/2013 1630/5213/2005 1628/5214/2006
f 1638/5223/2015 1639/5232/2024 1633/5224/2016
f 1633/5225/2017 1639/5234/2026 1637/5226/2018
f 1641/5227/2019 1635/5220/2012 1636/5219/2011
f 1642/5229/2021 1636/5221/2013 1634/5222/2014
f 1644/5231/2023 1645/7524/2032 1639/5232/2024
f 1645/5233/2025 1643/5243/2034 1637/5226/2018
f 1641/5227/2019 1642/5228/2020 1648/5235/2027
f 1642/5229/2021 1640/5230/2022 1646/5237/2029
f 1650/5239/2031 1651/5250/2040 1645/5240/2032
f 1651/5242/2033 1649/5252/2042 1643/5243/2034
f 1653/5244/2035 1647/6912/2028 1648/5245/2027
f 1654/5247/2037 1648/5238/2030 1646/5237/2029
f 1656/5249/2039 1657/5258/2048 1651/5250/2040
f 1657/5251/2041 1655/5260/2050 1649/5252/2042
f 1653/5244/2035 1654/5246/2036 1660/5253/2043
f 1654/5247/2037 1652/5248/2038 1658/5255/2045
f 1656/5249/2039 1662/6913/2056 1663/5257/2047
f 1663/5259/2049 1661/5269/2058 1655/5260/2050
f 1665/5261/2051 1659/5254/2044 1660/5253/2043
f 1660/5256/2046 1658/5255/2045 1664/5263/2053
f 1668/5265/2055 1669/5275/2063 1663/5266/2047
f 1669/5268/2057 1667/5276/2064 1661/5269/2058
f 1665/5270/2051 1666/7525/2052 1672/5271/2059
f 1666/5264/2054 1664/5263/2053 1670/5273/2061
f 1668/5265/2055 1590/5161/1957 1591/5160/1956
f 1591/5164/1960 1589/5163/1959 1667/5276/2064
f 1671/5272/2060 1672/5271/2059 1594/5166/1962
f 1594/5168/1964 1672/5274/2062 1670/5273/2061
f 1677/5279/2067 1679/5285/2070 1676/5280/635
f 1676/5280/635 1679/5285/2070 1678/5282/2068
f 1680/5284/2069 1682/5288/2073 1679/5285/2070
f 1679/5285/2070 1682/5288/2073 1681/5286/2071
f 1680/5284/2069 1683/5289/2074 1685/5287/2072
f 1685/5287/2072 1684/5291/2075 1681/5286/2071
f 1683/5289/2074 1687/7526/641 1689/5290/639
f 1689/5290/639 1686/6918/638 1684/5291/2075
f 1694/5292/2076 1696/5298/2079 1693/5293/643
f 1693/5293/643 1696/5298/2079 1695/5295/2077
f 1697/5297/2078 1699/5301/2082 1696/5298/2079
f 1696/5298/2079 1699/5301/2082 1698/5299/2080
f 1697/5297/2078 1700/5302/2083 1702/5300/2081
f 1702/5300/2081 1701/5304/2084 1698/5299/2080
f 1700/5302/2083 1704/6922/649 1706/5303/647
f 1706/5303/647 1703/6920/646 1701/5304/2084
f 1711/5305/2085 1713/5311/2088 1710/5306/651
f 1710/5306/651 1713/5311/2088 1712/5308/2086
f 1714/5310/2087 1716/5314/2091 1713/5311/2088
f 1713/5311/2088 1716/5314/2091 1715/5312/2089
f 1714/5310/2087 1717/5315/2092 1719/5313/2090
f 1719/5313/2090 1718/5317/2093 1715/5312/2089
f 1717/5315/2092 1721/6927/657 1723/5316/655
f 1723/5316/655 1720/6923/654 1718/5317/2093
f 1728/5318/2094 1730/5325/2097 1727/5319/659
f 1727/5321/659 1730/7527/2097 1729/5322/2095
f 1731/5324/2096 1733/5329/2100 1730/5325/2097
f 1730/5325/2097 1733/5329/2100 1732/5326/2098
f 1731/5324/2096 1734/5330/2101 1736/5328/2099
f 1736/5328/2099 1735/5332/2102 1732/5326/2098
f 1734/5330/2101 1738/6929/665 1740/5331/663
f 1740/5331/663 1737/7528/662 1735/5332/2102
f 1745/5333/2103 1747/5339/2106 1744/5334/667
f 1744/5334/667 1747/5339/2106 1746/5336/2104
f 1748/5338/2105 1750/5342/48 1747/5339/2106
f 1747/5339/2106 1750/5342/48 1749/5340/2107
f 1748/5338/2105 1751/5343/2109 1753/5341/2108
f 1753/5341/2108 1752/5345/2110 1749/5340/2107
f 1751/5343/2109 1755/6931/673 1757/5344/671
f 1757/5344/671 1754/6928/670 1752/5345/2110
f 1762/5346/2111 1764/5352/2114 1761/5347/675
f 1761/5347/675 1764/5352/2114 1763/5349/2112
f 1765/5351/2113 1767/5355/2117 1764/5352/2114
f 1764/5352/2114 1767/5355/2117 1766/5353/2115
f 1765/5351/2113 1768/5356/2118 1770/5354/2116
f 1770/5354/2116 1769/5358/2119 1766/5353/2115
f 1768/5356/2118 1772/7529/681 1774/5357/679
f 1774/5357/679 1771/6930/678 1769/5358/2119
f 1779/5359/2120 1781/5365/2123 1778/5360/683
f 1778/5360/683 1781/5365/2123 1780/5362/2121
f 1782/5364/2122 1784/5368/2126 1781/5365/2123
f 1781/5365/2123 1784/5368/2126 1783/5366/2124
f 1782/5364/2122 1785/5369/2127 1787/5367/2125
f 1787/5367/2125 1786/5371/2128 1783/5366/2124
f 1785/5369/2127 1789/6937/689 1791/5370/687
f 1791/5370/687 1788/6936/686 1786/5371/2128
f 1796/5372/2129 1798/5378/2132 1795/5373/691
f 1795/5373/691 1798/5378/2132 1797/5375/2130
f 1799/5377/2131 1801/5381/2135 1798/5378/2132
f 1798/5378/2132 1801/5381/2135 1800/5379/2133
f 1799/5377/2131 1802/5382/2136 1804/5380/2134
f 1804/5380/2134 1803/5384/2137 1800/5379/2133
f 1802/5382/2136 1806/6944/697 1808/5383/695
f 1808/5383/695 1805/6938/694 1803/5384/2137
f 1813/5385/2138 1815/5391/2141 1812/5386/699
f 1812/5386/699 1815/5391/2141 1814/5388/2139
f 1816/5390/2140 1818/5394/2144 1815/5391/2141
f 1815/5391/2141 1818/5394/2144 1817/5392/2142
f 1816/5390/2140 1819/5395/2145 1821/5393/2143
f 1821/5393/2143 1820/5397/2146 1817/5392/2142
f 1819/5395/2145 1823/6945/705 1825/5396/703
f 1825/5396/703 1822/7530/702 1820/5397/2146
f 1830/5398/2147 1832/5404/2150 1829/5399/707
f 1829/5399/707 1832/5404/2150 1831/5401/2148
f 1833/5403/2149 1835/5407/4 1832/5404/2150
f 1832/5404/2150 1835/5407/4 1834/5405/2151
f 1833/5403/2149 1836/5408/2153 1838/5406/2152
f 1838/5406/2152 1837/5410/2154 1834/5405/2151
f 1836/5408/2153 1840/6919/713 1842/5409/711
f 1842/5409/711 1839/6946/710 1837/5410/2154
f 1847/5411/2067 1849/5417/2070 1846/5412/635
f 1846/5412/635 1849/5417/2070 1848/5414/2068
f 1850/5416/2069 1852/5420/2073 1849/5417/2070
f 1849/5417/2070 1852/5420/2073 1851/5418/2071
f 1850/5416/2069 1853/5421/2074 1855/5419/2072
f 1855/5419/2072 1854/5423/2075 1851/5418/2071
f 1853/5421/2074 1857/7531/641 1859/5422/639
f 1859/5422/639 1856/6951/638 1854/5423/2075
f 1864/5424/2076 1866/5430/2079 1863/5425/643
f 1863/5425/643 1866/5430/2079 1865/5427/2077
f 1867/5429/2078 1869/5433/2082 1866/5430/2079
f 1866/5430/2079 1869/5433/2082 1868/5431/2080
f 1867/5429/2078 1870/5434/2083 1872/5432/2081
f 1872/5432/2081 1871/5436/2084 1868/5431/2080
f 1870/5434/2083 1874/6956/649 1876/5435/647
f 1876/5435/647 1873/6953/646 1871/5436/2084
f 1881/5437/2085 1883/5443/2088 1880/5438/651
f 1880/5438/651 1883/5443/2088 1882/5440/2086
f 1884/5442/2087 1886/5446/2091 1883/5443/2088
f 1883/5443/2088 1886/5446/2091 1885/5444/2089
f 1884/5442/2087 1887/5447/2092 1889/5445/2090
f 1889/5445/2090 1888/5449/2093 1885/5444/2089
f 1887/5447/2092 1891/6959/715 1893/5448/655
f 1893/5448/655 1890/6955/654 1888/5449/2093
f 1898/5450/2094 1900/5457/2097 1897/5451/659
f 1897/5453/659 1900/7532/2097 1899/5454/2095
f 1901/5456/2096 1903/5461/2100 1900/5457/2097
f 1900/5457/2097 1903/5461/2100 1902/5458/2098
f 1901/5456/2096 1904/5462/2101 1906/5460/2099
f 1906/5460/2099 1905/5464/2102 1902/5458/2098
f 1904/5462/2101 1908/6962/665 1910/5463/663
f 1910/5463/663 1907/7533/662 1905/5464/2102
f 1915/5465/2103 1917/5471/2106 1914/5466/667
f 1914/5466/667 1917/5471/2106 1916/5468/2155
f 1918/5470/2105 1920/5474/48 1917/5471/2106
f 1917/5471/2106 1920/5474/48 1919/5472/2107
f 1918/5470/2105 1921/5475/2109 1923/5473/2108
f 1923/5473/2108 1922/5477/2110 1919/5472/2107
f 1921/5475/2109 1925/6964/673 1927/5476/671
f 1927/5476/671 1924/6961/670 1922/5477/2110
f 1932/5478/2111 1934/5484/2114 1931/5479/675
f 1931/5479/675 1934/5484/2114 1933/5481/2112
f 1935/5483/2113 1937/5487/2117 1934/5484/2114
f 1934/5484/2114 1937/5487/2117 1936/5485/2115
f 1935/5483/2113 1938/5488/2118 1940/5486/2116
f 1940/5486/2116 1939/5490/2119 1936/5485/2115
f 1938/5488/2118 1942/7534/681 1944/5489/679
f 1944/5489/679 1941/6963/678 1939/5490/2119
f 1949/5491/2120 1951/5497/2123 1948/5492/683
f 1948/5492/683 1951/5497/2123 1950/5494/2121
f 1952/5496/2122 1954/5500/2126 1951/5497/2123
f 1951/5497/2123 1954/5500/2126 1953/5498/2124
f 1952/5496/2122 1955/5501/2127 1957/5499/2125
f 1957/5499/2125 1956/5503/2128 1953/5498/2124
f 1955/5501/2127 1959/6972/689 1961/5502/687
f 1961/5502/687 1958/6969/686 1956/5503/2128
f 1966/5504/2129 1968/5510/2132 1965/5505/691
f 1965/5505/691 1968/5510/2132 1967/5507/2130
f 1969/5509/2131 1971/5513/2135 1968/5510/2132
f 1968/5510/2132 1971/5513/2135 1970/5511/2133
f 1969/5509/2131 1972/5514/2136 1974/5512/2134
f 1974/5512/2134 1973/5516/2137 1970/5511/2133
f 1972/5514/2136 1976/6977/697 1978/5515/695
f 1978/5515/695 1975/6971/718 1973/5516/2137
f 1983/5517/2138 1985/5523/2141 1982/5518/699
f 1982/5518/699 1985/5523/2141 1984/5520/2139
f 1986/5522/2140 1988/5526/2144 1985/5523/2141
f 1985/5523/2141 1988/5526/2144 1987/5524/2142
f 1986/5522/2140 1989/5527/2145 1991/5525/2143
f 1991/5525/2143 1990/5529/2146 1987/5524/2142
f 1989/5527/2145 1993/6979/705 1995/5528/703
f 1995/5528/703 1992/7535/702 1990/5529/2146
f 2000/5530/2147 2002/5536/2150 1999/5531/707
f 1999/5531/707 2002/5536/2150 2001/5533/2148
f 2003/5535/2149 2005/5539/4 2002/5536/2150
f 2002/5536/2150 2005/5539/4 2004/5537/2151
f 2003/5535/2149 2006/5540/2153 2008/5538/2152
f 2008/5538/2152 2007/5542/2154 2004/5537/2151
f 2006/5540/2153 2010/6952/713 2012/5541/711
f 2012/5541/711 2009/6978/710 2007/5542/2154
f 2020/5543/2156 2021/5556/2169 2015/5544/2157
f 2015/5546/2159 2021/5558/2171 2019/5547/2160
f 2023/5549/2162 2017/5661/2266 2018/5550/2163
f 2018/5552/2165 2016/5662/2267 2022/5553/2166
f 2026/5555/2168 2027/7536/2177 2021/5556/2169
f 2027/5557/2170 2025/5567/2179 2019/5547/2160
f 2023/5549/2162 2024/5551/2164 2030/5559/2172
f 2030/5561/2174 2024/5554/2167 2022/5553/2166
f 2032/5563/2176 2033/5574/2185 2027/5564/2177
f 2033/5566/2178 2031/5576/2187 2025/5567/2179
f 2035/5568/2180 2029/6980/2173 2030/5569/2172
f 2030/5561/2174 2028/5562/2175 2034/5571/2182
f 2038/5573/2184 2039/5582/2193 2033/5574/2185
f 2039/5575/2186 2037/5584/2195 2031/5576/2187
f 2035/5568/2180 2036/5570/2181 2042/5577/2188
f 2036/5572/2183 2034/5571/2182 2040/5579/2190
f 2038/5573/2184 2044/6981/2200 2045/5581/2192
f 2039/5575/2186 2045/5592/2202 2043/5583/2194
f 2041/5578/2189 2042/5577/2188 2048/5585/2196
f 2042/5580/2191 2040/5579/2190 2046/5587/2198
f 2044/5589/2200 2050/5599/2208 2051/5590/2201
f 2045/5592/2202 2051/5602/2211 2049/5593/2203
f 2053/5594/2204 2047/6982/2197 2048/5595/2196
f 2048/5588/2199 2046/5587/2198 2052/5597/2206
f 2050/5599/2208 2056/5607/2216 2057/5600/2209
f 2057/5601/2210 2055/5610/2219 2049/5593/2203
f 2053/5594/2204 2054/5596/2205 2060/5603/2212
f 2054/5598/2207 2052/5597/2206 2058/5605/2214
f 2056/5607/2216 2062/5615/2224 2063/5608/2217
f 2063/5609/2218 2061/5618/2227 2055/5610/2219
f 2059/5604/2213 2060/5603/2212 2066/5611/2220
f 2066/5613/2222 2060/5606/2215 2058/5605/2214
f 2062/5615/2224 2068/6983/2233 2069/5616/2225
f 2069/5617/2226 2067/5627/2235 2061/5618/2227
f 2071/5619/2228 2065/5612/2221 2066/5611/2220
f 2066/5613/2222 2064/5614/2223 2070/5621/2230
f 2074/5623/2232 2075/5634/2241 2069/5624/2225
f 2069/5617/2226 2075/5636/2243 2073/5626/2234
f 2077/5628/2236 2071/6984/2228 2072/5629/2229
f 2078/5631/2238 2072/5622/2231 2070/5621/2230
f 2080/5633/2240 2081/5642/2249 2075/5634/2241
f 2081/5635/2242 2079/5644/2251 2073/5626/2234
f 2077/5628/2236 2078/5630/2237 2084/5637/2244
f 2084/5639/2246 2078/5631/2238 2076/5632/2239
f 2080/5633/2240 2086/6985/2257 2087/5641/2248
f 2081/5635/2242 2087/5653/2259 2085/5643/2250
f 2089/5645/2252 2083/5638/2245 2084/5637/2244
f 2090/5647/2254 2084/5639/2246 2082/5640/2247
f 2092/5649/2256 2093/5659/2264 2087/5650/2248
f 2093/5652/2258 2091/5660/2265 2085/5643/2250
f 2089/5654/2252 2090/7537/2253 2096/5655/2260
f 2090/5647/2254 2088/5648/2255 2094/5657/2262
f 2014/5545/2158 2015/5544/2157 2093/5659/2264
f 2093/5652/2258 2015/5546/2159 2013/5548/2161
f 2017/5661/2266 2095/5656/2261 2096/5655/2260
f 2096/5658/2263 2094/5657/2262 2016/5662/2267
f 2098/5663/2268 2104/5675/2280 2105/5664/2269
f 2105/5666/2271 2103/5678/2283 2097/5667/2272
f 2101/5669/2274 2102/5781/2378 2108/5670/2275
f 2108/5672/2277 2102/5782/2379 2100/5673/2278
f 2104/5675/2280 2110/6986/2288 2111/5676/2281
f 2105/5666/2271 2111/5687/2291 2109/5677/2282
f 2113/5679/2284 2107/5671/2276 2108/5670/2275
f 2114/5681/2286 2108/5672/2277 2106/5674/2279
f 2110/5683/2288 2116/5694/2297 2117/5684/2289
f 2117/5686/2290 2115/5696/2299 2109/5677/2282
f 2119/5688/2292 2113/6987/2284 2114/5689/2285
f 2120/5691/2294 2114/5681/2286 2112/5682/2287
f 2122/5693/2296 2123/5702/2305 2117/5684/2289
f 2123/5695/2298 2121/5704/2307 2115/5696/2299
f 2119/5688/2292 2120/5690/2293 2126/5697/2300
f 2126/5699/2302 2120/5691/2294 2118/5692/2295
f 2122/5693/2296 2128/6988/2312 2129/5701/2304
f 2123/5695/2298 2129/5712/2314 2127/5703/2306
f 2131/5705/2308 2125/5698/2301 2126/5697/2300
f 2126/5699/2302 2124/5700/2303 2130/5707/2310
f 2128/5709/2312 2134/5720/2321 2135/5710/2313
f 2129/5712/2314 2135/5722/2323 2133/5713/2315
f 2131/5714/2308 2132/7538/2309 2138/5715/2316
f 2132/5708/2311 2130/5707/2310 2136/5717/2318
f 2140/5719/2320 2141/5728/2329 2135/5710/2313
f 2141/5721/2322 2139/5730/2331 2133/5713/2315
f 2143/5723/2324 2137/5716/2317 2138/5715/2316
f 2138/5718/2319 2136/5717/2318 2142/5725/2326
f 2146/5727/2328 2147/5736/2337 2141/5728/2329
f 2141/5721/2322 2147/5738/2339 2145/5729/2330
f 2149/5731/2332 2143/5723/2324 2144/5724/2325
f 2144/5726/2327 2142/5725/2326 2148/5733/2334
f 2152/5735/2336 2153/7539/2345 2147/5736/2337
f 2153/5737/2338 2151/5747/2347 2145/5729/2330
f 2149/5731/2332 2150/5732/2333 2156/5739/2340
f 2156/5741/2342 2150/5734/2335 2148/5733/2334
f 2158/5743/2344 2159/5754/2353 2153/5744/2345
f 2159/5746/2346 2157/5756/2355 2151/5747/2347
f 2161/5748/2348 2155/7540/2341 2156/5749/2340
f 2162/5751/2350 2156/5741/2342 2154/5742/2343
f 2164/5753/2352 2165/5762/2361 2159/5754/2353
f 2165/5755/2354 2163/5764/2363 2157/5756/2355
f 2161/5748/2348 2162/5750/2349 2168/5757/2356
f 2162/5751/2350 2160/5752/2351 2166/5759/2358
f 2164/5753/2352 2170/6989/2368 2171/5761/2360
f 2171/5763/2362 2169/5773/2371 2163/5764/2363
f 2167/5758/2357 2168/5757/2356 2174/5765/2364
f 2168/5760/2359 2166/5759/2358 2172/5767/2366
f 2170/5769/2368 2176/5779/2376 2177/5770/2369
f 2171/5763/2362 2177/5780/2377 2175/5772/2370
f 2179/5774/2372 2173/6990/2365 2174/5775/2364
f 2174/5768/2367 2172/5767/2366 2178/5777/2374
f 2176/5779/2376 2098/5663/2268 2099/5665/2270
f 2099/5668/2273 2097/5667/2272 2175/5772/2370
f 2101/5669/2274 2179/5774/2372 2180/5776/2373
f 2102/5782/2379 2180/5778/2375 2178/5777/2374
f 2188/5783/2380 2190/5786/2073 2187/1555/720
f 2187/1555/720 2190/5786/2073 2189/5785/2381
f 2188/5783/2380 2192/7541/726 2194/1559/724
f 2194/1559/724 2191/1558/723 2189/5785/2381
f 2205/5787/2382 2207/5789/2082 2204/1565/728
f 2204/1565/728 2207/5789/2082 2206/5788/2383
f 2205/5787/2382 2209/1571/734 2211/1569/732
f 2211/1569/732 2208/1568/731 2206/5788/2383
f 2195/5790/2384 2197/5793/2387 2214/5791/2385
f 2197/5793/2387 2196/5875/2458 2212/5794/2388
f 2199/5795/2389 2181/5876/2459 2183/5796/2390
f 2200/5797/2391 2183/5796/2390 2182/5798/2392
f 2222/5800/2394 2224/5802/2091 2221/1573/736
f 2221/1573/736 2224/5802/2091 2223/5801/2395
f 2222/5800/2394 2226/1579/742 2228/1577/740
f 2228/1577/740 2225/1576/739 2223/5801/2395
f 2199/5795/2389 2200/5797/2391 2217/5803/2396
f 2200/5797/2391 2198/5799/2393 2215/5805/2398
f 2229/5806/2399 2231/5807/2400 2214/5791/2385
f 2231/5807/2400 2230/5816/2407 2213/5792/2386
f 2239/5808/2401 2241/5811/2100 2238/1581/744
f 2238/1581/744 2241/5811/2100 2240/5809/2402
f 2239/5808/2401 2243/1590/750 2245/1589/748
f 2245/1589/748 2242/7542/747 2240/5809/2402
f 2216/5804/2397 2217/5803/2396 2234/5812/2403
f 2234/5812/2403 2217/5803/2396 2215/5805/2398
f 2229/5806/2399 2246/5820/2410 2248/5815/2406
f 2248/5815/2406 2247/5823/2413 2230/5816/2407
f 2256/5817/2408 2258/5819/48 2255/1593/752
f 2255/1593/752 2258/5819/48 2257/5818/2409
f 2256/5817/2408 2260/1599/758 2262/1597/756
f 2262/1597/756 2259/1596/755 2257/5818/2409
f 2246/5820/2410 2263/5831/2419 2265/5821/2411
f 2248/5815/2406 2265/5821/2411 2264/5822/2412
f 2249/5824/2414 2251/5825/2415 2234/5812/2403
f 2251/5825/2415 2250/5834/2422 2233/5813/2404
f 2273/5826/2416 2275/5829/2117 2272/1603/760
f 2272/1603/760 2275/5829/2117 2274/5828/2417
f 2273/5826/2416 2277/7543/766 2279/1607/764
f 2279/1607/764 2276/1606/763 2274/5828/2417
f 2280/5830/2418 2282/5832/2420 2265/5821/2411
f 2282/5832/2420 2281/5840/2427 2264/5822/2412
f 2249/5824/2414 2266/5841/2428 2268/5833/2421
f 2268/5833/2421 2267/5844/2431 2250/5834/2422
f 2290/5835/2423 2292/5837/2126 2289/1613/768
f 2289/1613/768 2292/5837/2126 2291/5836/2424
f 2290/5835/2423 2294/1619/774 2296/1617/772
f 2296/1617/772 2293/1616/771 2291/5836/2424
f 2297/5838/2425 2299/5839/2426 2282/5832/2420
f 2299/5839/2426 2298/5851/2437 2281/5840/2427
f 2266/5841/2428 2283/5849/2435 2285/5842/2429
f 2268/5833/2421 2285/5842/2429 2284/5843/2430
f 2307/5845/2432 2309/5847/2135 2306/1621/776
f 2306/1621/776 2309/5847/2135 2308/5846/2433
f 2307/5845/2432 2311/1627/782 2313/1625/780
f 2313/1625/780 2310/1624/779 2308/5846/2433
f 2300/5848/2434 2302/5860/2444 2285/5842/2429
f 2285/5842/2429 2302/5860/2444 2301/5850/2436
f 2298/5851/2437 2299/5839/2426 2316/5852/2438
f 2299/5839/2426 2297/5838/2425 2314/5854/2440
f 2324/5855/2441 2326/5858/2144 2323/1629/784
f 2323/1629/784 2326/5858/2144 2325/5856/2442
f 2324/5855/2441 2328/1638/790 2330/1637/788
f 2330/1637/788 2327/7544/787 2325/5856/2442
f 2300/5848/2434 2317/5873/2456 2319/5859/2443
f 2319/5859/2443 2318/5870/2453 2301/5850/2436
f 2315/5853/2439 2316/5852/2438 2333/5861/2445
f 2333/5861/2445 2316/5852/2438 2314/5854/2440
f 2341/5864/2448 2343/5866/4 2340/1641/792
f 2340/1641/792 2343/5866/4 2342/5865/2449
f 2341/5864/2448 2345/1647/798 2347/1645/796
f 2347/1645/796 2344/1644/795 2342/5865/2449
f 2332/5862/2446 2333/5861/2445 2350/5867/2450
f 2350/5867/2450 2333/5861/2445 2331/5863/2447
f 2318/5870/2453 2319/5859/2443 2336/5871/2454
f 2336/5871/2454 2319/5859/2443 2317/5873/2456
f 2195/5790/2384 2349/5868/2451 2350/5867/2450
f 2350/5867/2450 2348/5869/2452 2196/5875/2458
f 2181/5876/2459 2335/5872/2455 2336/5871/2454
f 2336/5871/2454 2334/5874/2457 2182/5798/2392
f 2358/5877/2380 2360/5880/2073 2357/1651/720
f 2357/1651/720 2360/5880/2073 2359/5879/2381
f 2358/5877/2380 2362/7545/726 2364/1655/724
f 2364/1655/724 2361/1654/723 2359/5879/2381
f 2375/5881/2382 2377/5883/2082 2374/1661/728
f 2374/1661/728 2377/5883/2082 2376/5882/2383
f 2375/5881/2382 2379/1667/734 2381/1665/732
f 2381/1665/732 2378/1664/731 2376/5882/2383
f 2383/5884/2386 2365/5967/2384 2367/5885/2387
f 2367/5885/2387 2366/5968/2458 2382/5887/2388
f 2369/5888/2389 2351/5969/2459 2353/5889/2390
f 2353/5889/2390 2352/5970/2392 2368/5891/2393
f 2392/5892/2460 2394/5894/2091 2391/1669/736
f 2391/1669/736 2394/5894/2091 2393/5893/2395
f 2392/5892/2460 2396/1675/742 2398/1673/740
f 2398/1673/740 2395/1672/739 2393/5893/2395
f 2369/5888/2389 2370/5890/2391 2387/5895/2396
f 2370/5890/2391 2368/5891/2393 2385/5897/2398
f 2399/5898/2399 2401/5899/2461 2384/5886/2385
f 2401/5899/2461 2400/5909/2407 2383/5884/2386
f 2409/5900/2401 2411/5903/2100 2408/1677/744
f 2408/1677/744 2411/5903/2100 2410/5901/2402
f 2409/5900/2401 2413/1686/750 2415/1685/748
f 2415/1685/748 2412/7546/747 2410/5901/2402
f 2386/5896/2397 2387/5895/2396 2404/5904/2403
f 2387/5895/2396 2385/5897/2398 2402/5906/2405
f 2399/5898/2399 2416/5914/2410 2418/5907/2406
f 2401/5899/2461 2418/5907/2406 2417/5908/2413
f 2426/5910/2408 2428/5912/48 2425/1689/752
f 2425/1689/752 2428/5912/48 2427/5911/2409
f 2426/5910/2408 2430/1695/758 2432/1693/756
f 2432/1693/756 2429/1692/755 2427/5911/2409
f 2433/5913/2419 2435/5915/2411 2418/5907/2406
f 2435/5915/2411 2434/5924/2412 2417/5908/2413
f 2419/5916/2414 2421/5917/2415 2404/5904/2403
f 2421/5917/2415 2420/5927/2422 2403/5905/2404
f 2443/5918/2416 2445/5921/2117 2442/1699/760
f 2442/1699/760 2445/5921/2117 2444/5920/2417
f 2443/5918/2416 2447/7547/766 2449/1703/764
f 2449/1703/764 2446/1702/763 2444/5920/2417
f 2450/5922/2418 2452/5923/2420 2435/5915/2411
f 2452/5923/2420 2451/5933/2427 2434/5924/2412
f 2419/5916/2414 2436/5935/2428 2438/5925/2462
f 2421/5917/2415 2438/5925/2462 2437/5926/2431
f 2460/5928/2423 2462/5930/2126 2459/1709/768
f 2459/1709/768 2462/5930/2126 2461/5929/2463
f 2460/5928/2423 2464/1715/774 2466/1713/772
f 2466/1713/772 2463/1712/771 2461/5929/2463
f 2467/5931/2425 2469/5945/2426 2452/5923/2420
f 2452/5923/2420 2469/5945/2426 2468/5932/2437
f 2453/5934/2435 2455/5941/2429 2438/5925/2462
f 2438/5925/2462 2455/5941/2429 2454/5936/2430
f 2477/5937/2464 2479/5939/2135 2476/1717/776
f 2476/1717/776 2479/5939/2135 2478/5938/2433
f 2477/5937/2464 2481/1723/782 2483/1721/780
f 2483/1721/780 2480/1720/779 2478/5938/2433
f 2470/5940/2434 2472/5952/2466 2455/5941/2429
f 2455/5941/2429 2472/5952/2466 2471/5942/2436
f 2468/5932/2437 2469/5945/2426 2486/5943/2465
f 2469/5945/2426 2467/5931/2425 2484/5946/2440
f 2494/5947/2441 2496/5950/2144 2493/1725/784
f 2493/1725/784 2496/5950/2144 2495/5948/2442
f 2494/5947/2441 2498/1734/790 2500/1733/788
f 2500/1733/788 2497/7548/787 2495/5948/2442
f 2487/5951/2456 2489/5953/2443 2472/5952/2466
f 2489/5953/2443 2488/5963/2453 2471/5942/2436
f 2485/5944/2439 2486/5943/2465 2503/5954/2445
f 2503/5954/2445 2486/5943/2465 2484/5946/2440
f 2511/5957/2448 2513/5959/4 2510/1737/792
f 2510/1737/792 2513/5959/4 2512/5958/2449
f 2511/5957/2448 2515/1743/798 2517/1741/796
f 2517/1741/796 2514/1740/795 2512/5958/2449
f 2502/5955/2446 2503/5954/2445 2520/5960/2450
f 2520/5960/2450 2503/5954/2445 2501/5956/2447
f 2488/5963/2453 2489/5953/2443 2506/5964/2454
f 2506/5964/2454 2489/5953/2443 2487/5951/2456
f 2519/5961/2451 2520/5960/2450 2367/5885/2387
f 2520/5960/2450 2518/5962/2452 2366/5968/2458
f 2351/5969/2459 2505/5965/2455 2506/5964/2454
f 2506/5964/2454 2504/5966/2457 2352/5970/2392
f 2535/1762/549 2521/1744/531 2527/1746/533
f 2527/5972/1829 2523/1750/537 2536/1765/552
f 2522/1747/534 2528/1753/540 2534/1755/606
f 2534/5974/1831 2530/1759/546 2523/1750/537
f 2542/1771/558 2548/1773/615 2533/5975/2468
f 2533/1761/610 2548/7260/1833 2544/1777/564
f 2537/1768/555 2540/1770/613 2547/5976/1768
f 2547/1779/566 2540/7258/1769 2536/1765/552
f 2535/1762/549 2541/1764/551 2566/5977/1770
f 2566/1803/590 2541/7259/1771 2537/1768/555
f 2570/1807/594 2576/1809/630 2545/5978/1834
f 2576/5979/1835 2572/1813/600 2543/1774/561
f 2565/1804/591 2568/1806/628 2575/5980/1774
f 2575/1815/602 2568/7262/1836 2564/1801/588
f 2563/1798/585 2569/1800/587 2552/5981/1776
f 2552/1785/572 2569/7263/1837 2565/1804/591
f 2556/1789/576 2562/1791/623 2573/5982/1838
f 2562/5983/1839 2558/1795/582 2571/1810/597
f 2551/1786/573 2554/1788/621 2561/5984/1840
f 2561/1797/584 2554/7261/1779 2550/1783/570
f 2549/1780/567 2555/1782/812 2524/5985/2469
f 2555/5986/1781 2551/1786/573 2522/1747/534
f 2529/1756/543 2531/1758/608 2559/5987/1841
f 2531/5988/1842 2528/1753/540 2557/1792/579
f 2577/1816/531 2583/1818/533 2594/5989/1764
f 2583/5990/2470 2579/1822/537 2592/1837/552
f 2578/1819/534 2584/1825/540 2590/1827/606
f 2590/5992/1831 2586/1831/546 2579/1822/537
f 2598/1843/558 2604/1845/615 2589/5993/2468
f 2604/5994/1767 2600/1849/564 2586/1831/546
f 2593/1840/555 2596/1842/613 2603/5995/1768
f 2603/1851/566 2596/7264/1769 2592/1837/552
f 2591/1834/549 2597/1836/551 2622/5996/1770
f 2597/5997/1771 2593/1840/555 2620/1873/588
f 2626/1879/594 2632/1881/630 2601/5998/1834
f 2632/5999/1835 2628/1885/600 2599/1846/561
f 2621/1876/591 2624/1878/628 2631/6000/1774
f 2631/1887/602 2624/7266/1836 2620/1873/588
f 2619/1870/585 2625/1872/587 2608/6001/1776
f 2625/6002/1837 2621/1876/591 2606/1855/570
f 2612/1861/576 2618/1863/623 2629/6003/1838
f 2618/6004/2471 2614/1867/582 2627/1882/597
f 2607/1858/573 2610/1860/621 2617/6005/1840
f 2617/1869/584 2610/7265/1779 2606/1855/570
f 2605/1852/567 2611/1854/812 2580/6006/2469
f 2611/6007/1781 2607/1858/573 2578/1819/534
f 2585/1828/543 2587/1830/608 2615/6008/1841
f 2587/6009/1842 2584/1825/540 2613/1864/579
f 2647/1906/549 2633/1888/531 2639/1890/533
f 2639/6011/1829 2635/1894/537 2648/1909/552
f 2634/1891/534 2640/1897/540 2646/1899/606
f 2646/6013/1831 2642/1903/546 2635/1894/537
f 2654/1915/558 2660/1917/615 2645/6014/2468
f 2645/1905/610 2660/7269/1833 2656/1921/564
f 2649/1912/555 2652/1914/613 2659/6015/1768
f 2659/1923/566 2652/7267/1769 2648/1909/552
f 2647/1906/549 2653/1908/551 2678/6016/1770
f 2678/1947/590 2653/7268/1771 2649/1912/555
f 2682/1951/594 2688/1953/630 2657/6017/1834
f 2688/6018/1835 2684/1957/600 2655/1918/561
f 2677/1948/591 2680/1950/628 2687/6019/1774
f 2687/1959/602 2680/7271/1836 2676/1945/588
f 2675/1942/585 2681/1944/587 2664/6020/1776
f 2664/1929/572 2681/7272/1837 2677/1948/591
f 2668/1933/576 2674/1935/623 2685/6021/1838
f 2674/6022/2471 2670/1939/582 2683/1954/597
f 2663/1930/573 2666/1932/621 2673/6023/1840
f 2673/1941/584 2666/7270/1779 2662/1927/570
f 2661/1924/567 2667/1926/812 2636/6024/2469
f 2667/6025/1781 2663/1930/573 2634/1891/534
f 2641/1900/543 2643/1902/608 2671/6026/1841
f 2643/6027/1842 2640/1897/540 2669/1936/579
f 2689/1960/531 2695/1962/533 2706/6028/1764
f 2695/6029/1829 2691/1966/537 2704/1981/552
f 2690/1963/534 2696/1969/540 2702/1971/606
f 2702/6031/1831 2698/1975/546 2691/1966/537
f 2710/1987/558 2716/1989/615 2701/6032/2468
f 2701/1977/610 2716/7274/1833 2712/1993/564
f 2705/1984/555 2708/1986/613 2715/6033/1768
f 2715/1995/566 2708/7273/1769 2704/1981/552
f 2703/1978/549 2709/1980/551 2734/6034/1770
f 2709/6035/1771 2705/1984/555 2732/2017/588
f 2738/2023/594 2744/2025/630 2713/6036/1834
f 2744/6037/1835 2740/2029/600 2711/1990/561
f 2733/2020/591 2736/2022/628 2743/6038/1774
f 2743/2031/602 2736/7276/1836 2732/2017/588
f 2731/2014/585 2737/2016/587 2720/6039/1776
f 2737/6040/1837 2733/2020/591 2718/1999/570
f 2724/2005/576 2730/2007/623 2741/6041/1838
f 2730/6042/2471 2726/2011/582 2739/2026/597
f 2719/2002/573 2722/2004/621 2729/6043/1840
f 2729/2013/584 2722/7275/1779 2718/1999/570
f 2717/1996/567 2723/1998/812 2692/6044/2469
f 2723/6045/1781 2719/2002/573 2690/1963/534
f 2697/1972/543 2699/1974/608 2727/6046/1841
f 2699/6047/1842 2696/1969/540 2725/2008/579
f 2745/2032/531 2751/2034/533 2762/6048/1764
f 2751/6049/1829 2747/2038/537 2760/2053/552
f 2746/2035/534 2752/2041/540 2758/2043/606
f 2758/6051/1831 2754/2047/546 2747/2038/537
f 2766/2059/558 2772/2061/615 2757/6052/2468
f 2757/2049/548 2772/7278/1833 2768/2065/564
f 2761/2056/555 2764/2058/613 2771/6053/1768
f 2771/2067/566 2764/7277/1769 2760/2053/552
f 2759/2050/549 2765/2052/551 2790/6054/1770
f 2765/6055/1771 2761/2056/555 2788/2089/588
f 2794/2095/594 2800/2097/630 2769/6056/1834
f 2800/6057/1835 2796/2101/600 2767/2062/561
f 2789/2092/591 2792/2094/628 2799/6058/1774
f 2799/2103/602 2792/7280/1836 2788/2089/588
f 2787/2086/585 2793/2088/587 2776/6059/1776
f 2776/2073/572 2793/7281/1837 2789/2092/591
f 2780/2077/576 2786/2079/623 2797/6060/1838
f 2786/6061/1839 2782/2083/582 2795/2098/597
f 2775/2074/573 2778/2076/621 2785/6062/1840
f 2785/2085/584 2778/7279/1779 2774/2071/570
f 2773/2068/567 2779/2070/812 2748/6063/2469
f 2779/6064/1781 2775/2074/573 2746/2035/534
f 2753/2044/543 2755/2046/608 2783/6065/1841
f 2755/6066/1842 2752/2041/540 2781/2080/579
f 2801/2104/531 2807/2106/533 2818/6067/1764
f 2807/6068/1829 2803/2110/537 2816/2125/552
f 2802/2107/534 2808/2113/540 2814/2115/606
f 2814/6070/1831 2810/2119/546 2803/2110/537
f 2822/2131/558 2828/2133/615 2813/6071/2468
f 2813/2121/548 2828/7283/1833 2824/2137/564
f 2817/2128/555 2820/2130/613 2827/6072/1768
f 2827/2139/566 2820/7282/1769 2816/2125/552
f 2815/2122/549 2821/2124/551 2846/6073/1770
f 2821/6074/1771 2817/2128/555 2844/2161/588
f 2850/2167/594 2856/2169/630 2825/6075/1834
f 2825/2136/617 2856/7287/1835 2852/2173/600
f 2845/2164/591 2848/2166/628 2855/6076/1774
f 2855/2175/602 2848/7286/1836 2844/2161/588
f 2843/2158/585 2849/2160/587 2832/6077/2472
f 2849/6078/1837 2845/2164/591 2830/2143/570
f 2836/2149/576 2842/2151/623 2853/6079/1838
f 2842/6080/1839 2838/2155/582 2851/2170/597
f 2831/2146/573 2834/2148/621 2841/6081/1840
f 2841/2157/584 2834/7284/1779 2830/2143/570
f 2829/2140/567 2835/2142/812 2804/6082/2469
f 2804/2109/536 2835/7285/1781 2831/2146/573
f 2809/2116/543 2811/2118/608 2839/6083/1841
f 2811/6084/1842 2808/2113/540 2837/2152/579
f 2857/2176/531 2863/2178/533 2874/6085/1764
f 2863/6086/1829 2859/2182/537 2872/2197/552
f 2858/2179/534 2864/2185/540 2870/2187/606
f 2870/6088/1831 2866/2191/546 2859/2182/537
f 2878/2203/558 2884/2205/615 2869/6089/2468
f 2869/2193/548 2884/7289/1833 2880/2209/564
f 2873/2200/555 2876/2202/613 2883/6090/1768
f 2883/2211/566 2876/7288/1769 2872/2197/552
f 2871/2194/549 2877/2196/551 2902/6091/1770
f 2877/6092/1771 2873/2200/555 2900/2233/588
f 2906/2239/594 2912/2241/630 2881/6093/1834
f 2912/6094/1835 2908/2245/600 2879/2206/561
f 2901/2236/591 2904/2238/628 2911/6095/1774
f 2911/2247/602 2904/7291/1836 2900/2233/588
f 2899/2230/585 2905/2232/587 2888/6096/1776
f 2905/6097/2473 2901/2236/591 2886/2215/570
f 2906/2239/594 2892/2221/576 2898/2223/829
f 2898/6099/2471 2894/2227/582 2907/2242/597
f 2887/2218/573 2890/2220/621 2897/6100/1840
f 2897/2229/584 2890/7290/1779 2886/2215/570
f 2885/2212/567 2891/2214/812 2860/6101/2469
f 2891/6102/1781 2887/2218/573 2858/2179/534
f 2865/2188/543 2867/2190/608 2895/6103/1841
f 2867/6104/1842 2864/2185/540 2893/2224/579
f 2913/2248/531 2919/2250/533 2930/6105/1764
f 2919/6106/1829 2915/2254/537 2928/2269/552
f 2914/2251/534 2920/2257/540 2926/2259/606
f 2926/6108/1831 2922/2263/546 2915/2254/537
f 2934/2275/558 2940/2277/615 2925/6109/2468
f 2925/2265/610 2940/7293/1833 2936/2281/564
f 2929/2272/555 2932/2274/613 2939/6110/1768
f 2939/2283/566 2932/7292/1769 2928/2269/552
f 2927/2266/549 2933/2268/551 2958/6111/1770
f 2933/6112/1771 2929/2272/555 2956/2305/588
f 2962/2311/594 2968/2313/630 2937/6113/1834
f 2937/2280/617 2968/7297/1835 2964/2317/600
f 2957/2308/591 2960/2310/628 2967/6114/1774
f 2967/2319/602 2960/7296/1836 2956/2305/588
f 2941/2284/567 2955/2302/585 2961/2304/587
f 2961/6116/1837 2957/2308/591 2942/2287/570
f 2962/2311/594 2948/2293/576 2954/2295/829
f 2954/6118/1839 2950/2299/582 2963/2314/597
f 2943/2290/573 2946/2292/621 2953/6119/1840
f 2953/2301/584 2946/7294/1779 2942/2287/570
f 2941/2284/567 2947/2286/812 2916/6120/2469
f 2916/2253/536 2947/7295/1781 2943/2290/573
f 2921/2260/543 2923/2262/608 2951/6121/1841
f 2923/6122/1842 2920/2257/540 2949/2296/579
f 2984/2341/360 2986/2340/359 2975/2326/345
f 2975/2322/341 2986/7300/1636 2983/2336/355
f 2977/2333/352 2979/2332/351 2996/2350/369
f 2979/6123/1637 2976/2328/347 2990/2344/363
f 2978/2335/354 2981/2331/350 2974/2323/342
f 2981/2331/350 2977/2333/352 2971/2327/346
f 2985/2343/362 2988/2339/358 2995/2347/366
f 2988/2339/358 2984/2341/360 2992/2351/370
f 2998/6124/376 3000/7549/375 2989/2342/361
f 3000/6125/1638 2997/2352/371 2983/2336/355
f 3006/2367/386 2991/7550/368 2993/6126/367
f 2993/6127/2475 2990/2344/363 3004/2360/379
f 2999/2359/378 3002/2355/374 3009/2363/382
f 3002/2355/374 2998/2357/376 3006/2367/386
f 3012/2373/392 3014/2372/391 3003/2358/377
f 3014/6128/1639 3011/2368/387 2997/2352/371
f 3005/2365/384 3007/2364/383 3024/2382/401
f 3024/2378/838 3007/7304/2687 3004/2360/379
f 3013/2375/394 3016/2371/390 3023/2379/398
f 3016/2371/390 3012/2373/392 3020/2383/402
f 3026/2389/408 3028/2388/407 3017/2374/393
f 3017/2370/389 3028/7308/2690 3025/2384/403
f 3019/2381/400 3021/2380/399 3038/2398/417
f 3021/6129/2476 3018/2376/395 3032/2392/840
f 3027/2391/410 3030/2387/406 3037/2395/414
f 3030/2387/406 3026/2389/408 3034/2399/418
f 3027/6130/410 3040/2405/424 3042/2404/423
f 3031/2386/405 3042/7311/1641 3039/2400/419
f 3033/2397/416 3035/2396/415 3052/6132/433
f 3035/6134/2477 3032/2392/840 3046/2408/427
f 3041/2407/426 3044/2403/422 3051/2411/430
f 3044/2403/422 3040/2405/424 3048/2415/434
f 3054/2421/440 3056/2420/439 3045/2406/425
f 3056/6135/2478 3053/2416/435 3039/2400/419
f 3047/2413/432 3049/2412/431 3066/2430/449
f 3066/2426/844 3049/7313/2692 3046/2408/427
f 3055/2423/442 3058/2419/438 3065/2427/446
f 3058/2419/438 3054/2421/440 3062/2431/450
f 3055/2423/442 3068/2437/456 3070/2436/455
f 3059/2418/437 3070/7317/2694 3067/2432/451
f 3061/2429/448 3063/2428/447 3080/2446/465
f 3063/6136/2479 3060/2424/443 3074/2440/459
f 3069/2439/458 3072/2435/454 3079/2443/462
f 3072/2435/454 3068/2437/456 3076/2447/466
f 3082/2453/472 3084/2452/471 3073/6137/457
f 3073/2434/453 3084/7321/2675 3081/2448/467
f 3090/2463/482 3075/7056/464 3077/6139/463
f 3094/2458/477 3077/7319/1645 3074/2440/459
f 3083/2455/474 3086/2451/470 3093/2459/478
f 3086/2451/470 3082/2453/472 3090/2463/482
f 3083/2455/474 3096/2469/488 3098/2468/487
f 3098/6140/2480 3095/2464/849 3081/2448/467
f 3089/2461/480 3091/2460/479 3108/2478/497
f 3108/2474/493 3091/7323/2697 3088/2456/475
f 3097/2471/490 3100/2467/486 3107/2475/494
f 3100/2467/486 3096/2469/488 3104/2479/498
f 3110/2485/504 3112/2484/503 3101/2470/489
f 3101/2466/485 3112/7327/1647 3109/2480/851
f 3103/2477/496 3105/2476/495 3122/2494/513
f 3105/6141/1648 3102/2472/491 3116/2488/852
f 3111/2487/506 3114/2483/502 3121/2491/510
f 3114/2483/502 3110/2485/504 3118/2495/514
f 3124/2501/520 3126/2500/519 3115/6142/505
f 3126/6144/2481 3123/2496/515 3109/2480/851
f 3132/2511/530 3117/7057/512 3119/6145/511
f 3119/6146/1650 3116/2488/852 3130/2504/523
f 3125/2503/522 3128/2499/518 3135/2507/526
f 3128/2499/518 3124/2501/520 3132/2511/530
f 2970/2325/344 2972/2324/343 3129/2502/521
f 2972/6147/2482 2969/2320/339 3123/2496/515
f 3131/2509/528 3133/2508/527 2982/2334/353
f 2982/2330/349 3133/7331/2701 3130/2504/523
f 3137/2512/531 3143/2514/533 3154/6148/2483
f 3143/6149/2470 3139/2518/537 3152/2533/552
f 3144/2521/540 3150/2523/606 3142/6150/1830
f 3150/6151/1831 3146/2527/546 3139/2518/537
f 3158/2539/558 3164/2541/560 3149/6152/1766
f 3164/6153/1767 3160/2545/564 3146/2527/546
f 3153/2536/555 3156/2538/613 3163/6154/1768
f 3156/6155/2484 3152/2533/552 3160/2545/564
f 3151/2530/549 3157/2532/551 3182/6156/1770
f 3157/6157/1771 3153/2536/555 3180/2569/588
f 3186/2575/594 3192/2577/596 3161/6158/1772
f 3192/6159/1835 3188/2581/600 3159/2542/561
f 3181/2572/591 3184/2574/593 3191/6160/1774
f 3184/6161/1836 3180/2569/588 3188/2581/600
f 3179/2566/585 3185/2568/861 3168/6162/2472
f 3185/6163/2473 3181/2572/591 3166/2551/570
f 3172/2557/576 3178/2559/623 3189/6164/2485
f 3178/6165/2471 3174/2563/582 3187/2578/597
f 3167/2554/573 3170/2556/621 3177/6166/1840
f 3170/6167/2486 3166/2551/570 3174/2563/582
f 3165/2548/567 3171/2550/569 3140/6168/1780
f 3171/6169/1781 3167/2554/573 3138/2515/534
f 3145/2524/543 3147/2526/608 3175/6170/1841
f 3147/6171/1842 3144/2521/540 3173/2560/579
f 3193/2584/531 3199/2586/865 3210/6172/2483
f 3199/6173/1829 3195/2590/537 3208/2605/552
f 3194/2587/534 3200/2593/540 3206/2595/606
f 3206/6175/1831 3202/2599/546 3195/2590/537
f 3214/2611/558 3220/2613/560 3205/6176/1766
f 3205/2601/548 3220/7334/1767 3216/2617/564
f 3209/2608/555 3212/2610/613 3219/6177/1768
f 3219/2619/566 3212/7333/1769 3208/2605/552
f 3235/2638/585 3207/2602/549 3213/2604/868
f 3213/6179/2488 3209/2608/555 3236/2641/588
f 3214/2611/558 3242/2647/594 3248/2649/596
f 3248/6181/1835 3244/2653/600 3215/2614/561
f 3237/2644/591 3240/2646/628 3247/6182/1774
f 3247/2655/602 3240/7337/1836 3236/2641/588
f 3235/2638/585 3241/2640/861 3224/6183/2472
f 3241/6184/1837 3237/2644/591 3222/2623/570
f 3228/2629/576 3234/2631/578 3245/6185/2485
f 3245/2652/599 3234/7336/2471 3230/2635/582
f 3223/2626/573 3226/2628/621 3233/6186/1840
f 3233/2637/584 3226/7335/1779 3222/2623/570
f 3221/2620/567 3227/2622/812 3196/6187/2469
f 3227/6188/2489 3223/2626/573 3194/2587/534
f 3228/2629/576 3201/2596/543 3203/2598/545
f 3203/6190/1842 3200/2593/540 3229/2632/579
f 3256/6191/2490 3258/6197/2493 3255/6192/876
f 3255/6192/876 3258/6197/2493 3257/6194/2491
f 3259/6196/2492 3261/6200/4 3258/6197/2493
f 3258/6197/2493 3261/6200/4 3260/6198/2494
f 3259/6196/2492 3262/7062/2496 3264/6199/2495
f 3264/6199/2495 3263/7059/2497 3260/6198/2494
f 3262/6201/2496 3266/2666/884 3268/2667/885
f 3268/2667/885 3265/2663/881 3263/6203/2497
f 3279/6204/2498 3281/7551/2501 3275/2674/892
f 3275/2674/892 3281/7551/2501 3280/6205/2499
f 3282/6206/2500 3284/6213/2504 3281/6207/2501
f 3281/6209/2501 3284/6215/2504 3283/6210/2502
f 3282/6206/2500 3285/7066/2505 3287/6212/2503
f 3287/6214/2503 3286/7061/2506 3283/6210/2502
f 3285/6216/2505 3288/2677/895 3294/2679/897
f 3294/2679/897 3290/2682/900 3286/6218/2506
f 3289/2680/898 3267/2668/886 3270/2669/887
f 3293/2683/901 3270/2669/887 3266/2666/884
f 3251/2661/879 3254/2662/880 3277/2676/894
f 3254/2662/880 3250/2659/877 3274/2675/893
f 3302/6219/2507 3304/6225/2510 3298/6220/906
f 3298/6220/906 3304/6225/2510 3303/6222/2508
f 3305/6224/2509 3307/6228/26 3304/6225/2510
f 3304/6225/2510 3307/6228/26 3306/6226/2511
f 3305/6224/2509 3308/7067/2513 3310/6227/2512
f 3310/6227/2512 3309/7065/2514 3306/6226/2511
f 3308/6229/2513 3311/2691/909 3317/2693/911
f 3317/2693/911 3313/2696/914 3309/6231/2514
f 3289/2680/898 3291/2681/899 3316/2697/915
f 3291/2681/899 3288/2677/895 3313/2696/914
f 3272/2670/888 3278/2672/890 3300/2690/908
f 3278/2672/890 3274/2675/893 3297/2689/907
f 3325/6232/2515 3327/7552/2518 3321/2702/920
f 3321/2702/920 3327/7552/2518 3326/6233/2516
f 3328/6234/2517 3330/6241/2521 3327/6235/2518
f 3327/6237/2518 3330/6243/2521 3329/6238/2519
f 3328/6234/2517 3331/7069/2522 3333/6240/2520
f 3333/6242/2520 3332/7068/2523 3329/6238/2519
f 3331/6244/2522 3334/2705/923 3340/2707/925
f 3340/2707/925 3336/2710/928 3332/6246/2523
f 3295/2684/902 3301/2686/904 3323/2704/922
f 3301/2686/904 3297/2689/907 3320/2703/921
f 3336/2710/928 3339/2711/929 3314/2695/913
f 3314/2695/913 3339/2711/929 3335/2708/926
f 3348/6247/2524 3350/6253/2527 3344/6248/934
f 3344/6248/934 3350/6253/2527 3349/6250/2525
f 3351/6252/2526 3353/6256/48 3350/6253/2527
f 3350/6253/2527 3353/6256/48 3352/6254/2528
f 3351/6252/2526 3354/7072/2530 3356/6255/2529
f 3356/6255/2529 3355/7070/2531 3352/6254/2528
f 3354/6257/2530 3357/2719/937 3363/2721/939
f 3363/2721/939 3359/2724/942 3355/6259/2531
f 3342/2715/933 3318/2698/916 3324/2700/918
f 3346/2718/936 3324/2700/918 3320/2703/921
f 3334/2705/923 3359/2724/942 3362/2725/943
f 3337/2709/927 3362/2725/943 3358/2722/940
f 3371/6260/2532 3373/7553/2535 3367/2730/948
f 3367/2730/948 3373/7553/2535 3372/6261/2533
f 3374/6262/2534 3376/6269/2538 3373/6263/2535
f 3373/6265/2535 3376/6271/2538 3375/6266/2536
f 3374/6262/2534 3377/7075/2539 3379/6268/2537
f 3379/6270/2537 3378/7071/2540 3375/6266/2536
f 3377/6272/2539 3380/2733/951 3386/2735/953
f 3386/2735/953 3382/2738/956 3378/6274/2540
f 3382/2738/956 3385/2739/957 3360/2723/941
f 3360/2723/941 3385/2739/957 3381/2736/954
f 3343/2717/935 3366/2731/949 3369/2732/950
f 3347/2714/932 3369/2732/950 3365/2729/947
f 3394/6275/2541 3396/6281/2544 3390/6276/962
f 3390/6276/962 3396/6281/2544 3395/6278/2542
f 3397/6280/2543 3399/6284/71 3396/6281/2544
f 3396/6281/2544 3399/6284/71 3398/6282/2545
f 3397/6280/2543 3400/7079/2547 3402/6283/2546
f 3402/6283/2546 3401/7074/2548 3398/6282/2545
f 3400/6285/2547 3403/2747/965 3409/2749/967
f 3409/2749/967 3405/2752/970 3401/6287/2548
f 3380/2733/951 3405/2752/970 3408/2753/971
f 3408/2753/971 3404/2750/968 3381/2736/954
f 3366/2731/949 3389/2745/963 3392/2746/964
f 3392/2746/964 3388/2743/961 3364/2726/944
f 3417/6288/2549 3419/7554/2552 3413/2758/976
f 3413/2758/976 3419/7554/2552 3418/6289/2550
f 3420/6290/2551 3422/6297/2555 3419/6291/2552
f 3419/6293/2552 3422/6299/2555 3421/6294/2553
f 3420/6290/2551 3423/7060/2556 3425/6296/2554
f 3425/6298/2554 3424/7080/2557 3421/6294/2553
f 3423/6300/2556 3426/2761/979 3432/2763/981
f 3432/2763/981 3428/2766/984 3424/6302/2557
f 3428/2766/984 3431/2767/985 3406/2751/969
f 3431/2767/985 3427/2764/982 3404/2750/968
f 3412/2759/977 3415/2760/978 3393/2742/960
f 3393/2742/960 3415/2760/978 3411/2757/975
f 3250/2659/877 3252/2660/878 3416/2756/974
f 3252/2660/878 3249/2656/874 3410/2754/972
f 3267/2668/886 3427/2764/982 3429/2765/983
f 3271/2665/883 3429/2765/983 3426/2761/979
f 3440/6303/2490 3442/6309/2493 3439/6304/876
f 3439/6304/876 3442/6309/2493 3441/6306/2491
f 3443/6308/2492 3445/6312/4 3442/6309/2493
f 3442/6309/2493 3445/6312/4 3444/6310/2494
f 3443/6308/2492 3446/7085/2496 3448/6311/2495
f 3448/6311/2495 3447/7083/2497 3444/6310/2494
f 3446/6313/2496 3450/2778/987 3452/2779/885
f 3452/2779/885 3449/2775/881 3447/6315/2497
f 3463/6316/2498 3465/7555/2501 3459/2786/892
f 3459/2786/892 3465/7555/2501 3464/6317/2499
f 3466/6318/2500 3468/6325/2504 3465/6319/2501
f 3465/6321/2501 3468/6327/2504 3467/6322/2502
f 3466/6318/2500 3469/7089/2505 3471/6324/2503
f 3471/6326/2503 3470/7084/2506 3467/6322/2502
f 3469/6328/2505 3472/2789/895 3478/2791/897
f 3478/2791/897 3474/2794/989 3470/6330/2506
f 3473/2792/898 3451/2780/886 3454/2781/887
f 3454/2781/887 3450/2778/987 3474/2794/989
f 3435/2773/879 3438/2774/880 3461/2788/894
f 3438/2774/880 3434/2771/877 3458/2787/893
f 3486/6331/2507 3488/6337/2510 3482/6332/906
f 3482/6332/906 3488/6337/2510 3487/6334/2508
f 3489/6336/2509 3491/6340/26 3488/6337/2510
f 3488/6337/2510 3491/6340/26 3490/6338/2511
f 3489/6336/2509 3492/7091/2558 3494/6339/2512
f 3494/6339/2512 3493/7088/2514 3490/6338/2511
f 3492/6341/2558 3495/2803/992 3501/2805/911
f 3501/2805/911 3497/2808/914 3493/6343/2514
f 3473/2792/898 3475/2793/899 3500/2809/915
f 3475/2793/899 3472/2789/895 3497/2808/914
f 3480/2799/991 3456/2782/988 3462/2784/890
f 3484/2802/908 3462/2784/890 3458/2787/893
f 3509/6344/2515 3511/7556/2518 3505/2814/920
f 3505/2814/920 3511/7556/2518 3510/6345/2516
f 3512/6346/2517 3514/6353/2521 3511/6347/2518
f 3511/6349/2518 3514/6355/2521 3513/6350/2519
f 3512/6346/2517 3515/7092/2522 3517/6352/2520
f 3517/6354/2520 3516/7090/2523 3513/6350/2519
f 3515/6356/2522 3518/2817/996 3524/2819/925
f 3524/2819/925 3520/2822/928 3516/6358/2523
f 3503/2813/995 3479/2796/990 3485/2798/904
f 3485/2798/904 3481/2801/907 3504/2815/921
f 3520/2822/928 3523/2823/929 3498/2807/913
f 3498/2807/913 3523/2823/929 3519/2820/926
f 3532/6359/2524 3534/6365/2527 3528/6360/934
f 3528/6360/934 3534/6365/2527 3533/6362/2525
f 3535/6364/2526 3537/6368/48 3534/6365/2527
f 3534/6365/2527 3537/6368/48 3536/6366/2528
f 3535/6364/2526 3538/7095/2530 3540/6367/2529
f 3540/6367/2529 3539/7093/2531 3536/6366/2528
f 3538/6369/2530 3541/2831/937 3547/2833/939
f 3547/2833/939 3543/2836/998 3539/6371/2531
f 3502/2810/993 3508/2812/994 3530/2830/936
f 3530/2830/936 3508/2812/994 3504/2815/921
f 3518/2817/996 3543/2836/998 3546/2837/943
f 3521/2821/927 3546/2837/943 3542/2834/940
f 3555/6372/2532 3557/7557/2535 3551/2842/948
f 3551/2842/948 3557/7557/2535 3556/6373/2533
f 3558/6374/2534 3560/6381/2538 3557/6375/2535
f 3557/6377/2535 3560/6383/2538 3559/6378/2536
f 3558/6374/2534 3561/7098/2539 3563/6380/2537
f 3563/6382/2537 3562/7094/2540 3559/6378/2536
f 3561/6384/2539 3564/2845/999 3570/2847/953
f 3570/2847/953 3566/2850/956 3562/6386/2540
f 3566/2850/956 3569/2851/957 3544/2835/941
f 3544/2835/941 3569/2851/957 3565/2848/954
f 3527/2829/935 3550/2843/949 3553/2844/950
f 3531/2826/932 3553/2844/950 3549/2841/947
f 3578/6387/2541 3580/6393/2544 3574/6388/962
f 3574/6388/962 3580/6393/2544 3579/6390/2542
f 3581/6392/2543 3583/6396/71 3580/6393/2544
f 3580/6393/2544 3583/6396/71 3582/6394/2545
f 3581/6392/2543 3584/7103/2547 3586/6395/2546
f 3586/6395/2546 3585/7097/2548 3582/6394/2545
f 3584/6397/2547 3587/2859/965 3593/2861/967
f 3593/2861/967 3589/2864/1000 3585/6399/2548
f 3589/2864/1000 3592/2865/971 3567/2849/955
f 3592/2865/971 3588/2862/968 3565/2848/954
f 3550/2843/949 3573/2857/963 3576/2858/964
f 3576/2858/964 3572/2855/961 3548/2838/944
f 3601/6400/2549 3603/7558/2552 3597/2870/976
f 3597/2870/976 3603/7558/2552 3602/6401/2550
f 3604/6402/2551 3606/6409/2555 3603/6403/2552
f 3603/6405/2552 3606/6411/2555 3605/6406/2553
f 3604/6402/2551 3607/7082/2556 3609/6408/2554
f 3609/6410/2554 3608/7102/2557 3605/6406/2553
f 3607/6412/2556 3610/2873/979 3616/2875/981
f 3616/2875/981 3612/2878/984 3608/6414/2557
f 3612/2878/984 3615/2879/985 3590/2863/969
f 3590/2863/969 3615/2879/985 3611/2876/982
f 3596/2871/977 3599/2872/978 3577/2854/960
f 3599/2872/978 3595/2869/975 3571/2852/958
f 3596/2871/977 3434/2771/877 3436/2772/878
f 3600/2868/1002 3436/2772/878 3433/2768/986
f 3451/2780/886 3611/2876/982 3613/2877/983
f 3455/2777/883 3613/2877/983 3610/2873/979
f 3617/2880/531 3623/2882/1003 3634/6415/2559
f 3634/2903/612 3623/7338/1829 3619/2886/537
f 3624/2889/540 3630/2891/606 3622/6416/1830
f 3622/2888/539 3630/7339/1831 3626/2895/546
f 3638/2907/558 3644/2909/560 3629/6417/1766
f 3644/6418/1767 3640/2913/564 3626/2895/546
f 3639/2910/561 3633/2904/555 3636/2906/557
f 3636/6420/1769 3632/2901/552 3640/2913/564
f 3631/2898/549 3637/2900/868 3662/6421/2487
f 3637/6422/2488 3633/2904/555 3660/2937/588
f 3666/2943/594 3672/2945/630 3641/6423/1834
f 3672/6424/1835 3668/2949/600 3639/2910/561
f 3667/2946/597 3661/2940/591 3664/2942/628
f 3664/6426/1775 3660/2937/588 3668/2949/600
f 3645/2916/567 3659/2934/585 3665/2936/1004
f 3665/6428/1837 3661/2940/591 3646/2919/570
f 3652/2925/576 3658/2927/578 3669/6429/1777
f 3669/2948/599 3658/7340/2471 3654/2931/582
f 3653/2928/579 3647/2922/573 3650/2924/621
f 3650/6431/2486 3646/2919/570 3654/2931/582
f 3645/2916/567 3651/2918/569 3620/6432/1780
f 3651/6433/1781 3647/2922/573 3618/2883/534
f 3625/2892/543 3627/2894/545 3655/6434/1782
f 3627/6435/1842 3624/2889/540 3653/2928/579
f 3673/2952/531 3679/2954/1005 3690/6436/2561
f 3679/6437/1829 3675/2958/537 3688/2973/552
f 3680/2961/540 3686/2963/606 3678/6438/1830
f 3686/6439/1831 3682/2967/546 3675/2958/537
f 3694/2979/558 3700/2981/560 3685/6440/1766
f 3700/6441/1833 3696/2985/564 3682/2967/546
f 3689/2976/555 3692/2978/613 3699/6442/1768
f 3692/6443/1769 3688/2973/552 3696/2985/564
f 3687/2970/549 3693/2972/551 3718/6444/1770
f 3693/6445/2488 3689/2976/555 3716/3009/588
f 3722/3015/594 3728/3017/596 3697/6446/1772
f 3728/6447/1835 3724/3021/600 3695/2982/561
f 3717/3012/591 3720/3014/628 3727/6448/1774
f 3720/6449/1836 3716/3009/588 3724/3021/600
f 3715/3006/585 3721/3008/1008 3704/6450/2562
f 3721/6451/1837 3717/3012/591 3702/2991/570
f 3708/2997/576 3714/2999/578 3725/6452/2485
f 3714/6453/1839 3710/3003/582 3723/3018/597
f 3703/2994/573 3706/2996/621 3713/6454/1840
f 3706/6455/1779 3702/2991/570 3710/3003/582
f 3701/2988/567 3707/2990/569 3676/6456/1780
f 3707/6457/2489 3703/2994/573 3674/2955/534
f 3681/2964/543 3683/2966/545 3711/6458/1782
f 3683/6459/1842 3680/2961/540 3709/3000/579
f 3753/6460/2563 3755/7559/2565 3749/3042/892
f 3749/3042/892 3755/7559/2565 3754/6461/2564
f 3756/6462/2500 3758/6469/2504 3755/6463/2565
f 3755/6465/2565 3758/6471/2504 3757/6466/2502
f 3756/6462/2500 3759/7112/2567 3761/6468/2566
f 3761/6470/2566 3760/7106/2568 3757/6466/2502
f 3759/6472/2567 3762/3045/1017 3768/3047/1018
f 3768/3047/1018 3764/3050/1020 3760/6474/2568
f 3763/3048/898 3740/3034/886 3742/3035/887
f 3767/3051/1021 3742/3035/887 3739/3031/1011
f 3747/3041/1015 3729/3024/1009 3735/3026/880
f 3735/3026/880 3731/3029/877 3748/3043/893
f 3776/6475/2569 3778/6481/2571 3772/6476/906
f 3772/6476/906 3778/6481/2571 3777/6478/2570
f 3779/6480/2509 3781/6484/26 3778/6481/2571
f 3778/6481/2571 3781/6484/26 3780/6482/2511
f 3779/6480/2509 3782/7116/2573 3784/6483/2572
f 3784/6483/2572 3783/7113/2574 3780/6482/2511
f 3782/6485/2573 3785/3059/1023 3791/3061/1025
f 3791/3061/1025 3787/3064/914 3783/6487/2574
f 3763/3048/898 3765/3049/1019 3790/3065/1026
f 3790/3065/1026 3765/3049/1019 3762/3045/1017
f 3770/3055/991 3746/3038/1013 3752/3040/1014
f 3774/3058/908 3752/3040/1014 3748/3043/893
f 3799/6488/2575 3801/7560/2577 3795/3070/920
f 3795/3070/920 3801/7560/2577 3800/6489/2576
f 3802/6490/2517 3804/6497/2521 3801/6491/2577
f 3801/6493/2577 3804/6499/2521 3803/6494/2519
f 3802/6490/2517 3805/7119/2579 3807/6496/2578
f 3807/6498/2578 3806/7115/2580 3803/6494/2519
f 3805/6500/2579 3808/3073/1031 3814/3075/925
f 3814/3075/925 3810/3078/1033 3806/6502/2580
f 3793/3069/1029 3769/3052/990 3775/3054/904
f 3797/3072/1030 3775/3054/904 3771/3057/907
f 3785/3059/1023 3810/3078/1033 3813/3079/929
f 3788/3063/913 3813/3079/929 3809/3076/926
f 3822/6503/2581 3824/6509/2583 3818/6504/934
f 3818/6504/934 3824/6509/2583 3823/6506/2582
f 3825/6508/2526 3827/6512/48 3824/6509/2583
f 3824/6509/2583 3827/6512/48 3826/6510/2528
f 3825/6508/2526 3828/7121/2585 3830/6511/2584
f 3830/6511/2584 3829/7118/2586 3826/6510/2528
f 3828/6513/2585 3831/3087/1036 3837/3089/939
f 3837/3089/939 3833/3092/1037 3829/6515/2586
f 3792/3066/1027 3798/3068/1028 3820/3086/936
f 3820/3086/936 3798/3068/1028 3794/3071/921
f 3808/3073/1031 3833/3092/1037 3836/3093/943
f 3836/3093/943 3832/3090/940 3809/3076/926
f 3845/6516/2587 3847/7561/2589 3841/3098/948
f 3841/3098/948 3847/7561/2589 3846/6517/2588
f 3848/6518/2534 3850/6525/2538 3847/6519/2589
f 3847/6521/2589 3850/6527/2538 3849/6522/2536
f 3848/6518/2534 3851/7124/2539 3853/6524/2590
f 3853/6526/2590 3852/7120/2591 3849/6522/2536
f 3851/6528/2539 3854/3101/1043 3860/3103/1044
f 3860/3103/1044 3856/3106/1045 3852/6530/2591
f 3831/3087/1036 3856/3106/1045 3859/3107/1046
f 3859/3107/1046 3855/3104/954 3832/3090/940
f 3817/3085/935 3840/3099/1041 3843/3100/1042
f 3821/3082/932 3843/3100/1042 3839/3097/1040
f 3868/6531/2592 3870/6537/2594 3864/6532/962
f 3864/6532/962 3870/6537/2594 3869/6534/2593
f 3871/6536/2543 3873/6540/71 3870/6537/2594
f 3870/6537/2594 3873/6540/71 3872/6538/2545
f 3871/6536/2543 3874/7128/2596 3876/6539/2595
f 3876/6539/2595 3875/7123/2597 3872/6538/2545
f 3874/6541/2596 3877/3115/1049 3883/3117/1051
f 3883/3117/1051 3879/3120/1000 3875/6543/2597
f 3854/3101/1043 3879/3120/1000 3882/3121/1052
f 3882/3121/1052 3878/3118/968 3855/3104/954
f 3840/3099/1041 3863/3113/963 3866/3114/964
f 3844/3096/1039 3866/3114/964 3862/3111/1048
f 3891/6544/2598 3893/7562/2600 3887/3126/976
f 3887/3126/976 3893/7562/2600 3892/6545/2599
f 3894/6546/2551 3896/6553/2555 3893/6547/2600
f 3893/6549/2600 3896/6555/2555 3895/6550/2553
f 3894/6546/2551 3897/7109/2602 3899/6552/2601
f 3899/6554/2601 3898/7129/2603 3895/6550/2553
f 3897/6556/2602 3900/3129/1057 3906/3131/981
f 3906/3131/981 3902/3134/1059 3898/6558/2603
f 3877/3115/1049 3902/3134/1059 3905/3135/985
f 3880/3119/969 3905/3135/985 3901/3132/982
f 3886/3127/977 3889/3128/1056 3867/3110/960
f 3867/3110/960 3889/3128/1056 3885/3125/1055
f 3907/6559/2604 3909/6565/2606 3732/6560/876
f 3732/6560/876 3909/6565/2606 3908/6562/2605
f 3736/6564/2492 3738/6568/4 3909/6565/2606
f 3909/6565/2606 3738/6568/4 3737/6566/2494
f 3736/6564/2492 3910/7107/2608 3912/6567/2607
f 3912/6567/2607 3911/7108/2609 3737/6566/2494
f 3910/6569/2608 3739/3031/1011 3745/3033/885
f 3745/3033/885 3741/3036/1012 3911/6571/2609
f 3731/3029/877 3734/3030/878 3890/3124/1054
f 3890/3124/1054 3734/3030/878 3730/3027/1010
f 3740/3034/886 3901/3132/982 3903/3133/1058
f 3744/3037/883 3903/3133/1058 3900/3129/1057
f 3937/6572/2563 3939/7563/2565 3933/3154/892
f 3933/3154/892 3939/7563/2565 3938/6573/2564
f 3940/6574/2500 3942/6581/2504 3939/6575/2565
f 3939/6577/2565 3942/6583/2504 3941/6578/2502
f 3940/6574/2500 3943/7140/2567 3945/6580/2566
f 3945/6582/2566 3944/7133/2568 3941/6578/2502
f 3943/6584/2567 3946/3157/1017 3952/3159/1018
f 3952/3159/1018 3948/3162/1020 3944/6586/2568
f 3924/3146/886 3926/3147/1060 3951/3163/1021
f 3951/3163/1021 3926/3147/1060 3923/3143/1011
f 3931/3153/1015 3913/3136/1009 3919/3138/880
f 3935/3156/1016 3919/3138/880 3915/3141/877
f 3960/6587/2569 3962/6593/2571 3956/6588/906
f 3956/6588/906 3962/6593/2571 3961/6590/2570
f 3963/6592/2509 3965/6596/26 3962/6593/2571
f 3962/6593/2571 3965/6596/26 3964/6594/2511
f 3963/6592/2509 3966/7141/2573 3968/6595/2572
f 3968/6595/2572 3967/7139/2574 3964/6594/2511
f 3966/6597/2573 3969/3171/1023 3975/3173/1025
f 3975/3173/1025 3971/3176/914 3967/6599/2574
f 3970/3174/912 3947/3160/898 3949/3161/899
f 3974/3177/1026 3949/3161/899 3946/3157/1017
f 3954/3167/991 3930/3150/1013 3936/3152/890
f 3958/3170/908 3936/3152/890 3932/3155/893
f 3983/6600/2575 3985/7564/2577 3979/3182/920
f 3979/3182/920 3985/7564/2577 3984/6601/2576
f 3986/6602/2517 3988/6609/2521 3985/6603/2577
f 3985/6605/2577 3988/6611/2521 3987/6606/2519
f 3986/6602/2517 3989/7144/2579 3991/6608/2578
f 3991/6610/2578 3990/7142/2580 3987/6606/2519
f 3989/6612/2579 3992/3185/1031 3998/3187/925
f 3998/3187/925 3994/3190/1033 3990/6614/2580
f 3977/3181/1029 3953/3164/990 3959/3166/904
f 3981/3184/922 3959/3166/904 3955/3169/907
f 3969/3171/1023 3994/3190/1033 3997/3191/929
f 3972/3175/913 3997/3191/929 3993/3188/926
f 4006/6615/2581 4008/6621/2583 4002/6616/934
f 4002/6616/934 4008/6621/2583 4007/6618/2582
f 4009/6620/2526 4011/6624/48 4008/6621/2583
f 4008/6621/2583 4011/6624/48 4010/6622/2528
f 4009/6620/2526 4012/7146/2585 4014/6623/2584
f 4014/6623/2584 4013/7143/2586 4010/6622/2528
f 4012/6625/2585 4015/3199/1036 4021/3201/939
f 4021/3201/939 4017/3204/1037 4013/6627/2586
f 4000/3195/1035 3976/3178/1027 3982/3180/1061
f 3982/3180/1061 3978/3183/921 4001/3197/935
f 3992/3185/1031 4017/3204/1037 4020/3205/943
f 4020/3205/943 4016/3202/940 3993/3188/926
f 4029/6628/2587 4031/7565/2589 4025/3210/948
f 4025/3210/948 4031/7565/2589 4030/6629/2588
f 4032/6630/2534 4034/6637/2538 4031/6631/2589
f 4031/6633/2589 4034/6639/2538 4033/6634/2536
f 4032/6630/2534 4035/7149/2610 4037/6636/2590
f 4037/6638/2590 4036/7145/2591 4033/6634/2536
f 4035/6640/2610 4038/3213/1043 4044/3215/1044
f 4044/3215/1044 4040/3218/1045 4036/6642/2591
f 4015/3199/1036 4040/3218/1045 4043/3219/1046
f 4018/3203/941 4043/3219/1046 4039/3216/954
f 4024/3211/1041 4027/3212/1042 4005/3194/932
f 4005/3194/932 4027/3212/1042 4023/3209/1040
f 4052/6643/2592 4054/6649/2594 4048/6644/962
f 4048/6644/962 4054/6649/2594 4053/6646/2593
f 4055/6648/2543 4057/6652/71 4054/6649/2594
f 4054/6649/2594 4057/6652/71 4056/6650/2545
f 4055/6648/2543 4058/7154/2596 4060/6651/2595
f 4060/6651/2595 4059/7148/2597 4056/6650/2545
f 4058/6653/2596 4061/3227/1049 4067/3229/1051
f 4067/3229/1051 4063/3232/1000 4059/6655/2597
f 4038/3213/1043 4063/3232/1000 4066/3233/1052
f 4066/3233/1052 4062/3230/968 4039/3216/954
f 4024/3211/1041 4047/3225/963 4050/3226/964
f 4028/3208/946 4050/3226/964 4046/3223/1048
f 4075/6656/2598 4077/7566/2600 4071/3238/976
f 4071/3238/976 4077/7566/2600 4076/6657/2599
f 4078/6658/2551 4080/6665/2555 4077/6659/2600
f 4077/6661/2600 4080/6667/2555 4079/6662/2553
f 4078/6658/2551 4081/7136/2602 4083/6664/2601
f 4083/6666/2601 4082/7153/2603 4079/6662/2553
f 4081/6668/2602 4084/3241/1057 4090/3243/981
f 4090/3243/981 4086/3246/1059 4082/6670/2603
f 4061/3227/1049 4086/3246/1059 4089/3247/1063
f 4089/3247/1063 4085/3244/982 4062/3230/968
f 4047/3225/963 4070/3239/977 4073/3240/978
f 4073/3240/978 4069/3237/1055 4045/3220/958
f 4091/6671/2604 4093/6677/2606 3916/6672/876
f 3916/6672/876 4093/6677/2606 4092/6674/2605
f 3920/6676/2492 3922/6680/4 4093/6677/2606
f 4093/6677/2606 3922/6680/4 3921/6678/2494
f 3920/6676/2492 4094/7134/2608 4096/6679/2607
f 4096/6679/2607 4095/7135/2609 3921/6678/2494
f 4094/6681/2608 3923/3143/1011 3929/3145/885
f 3929/3145/885 3925/3148/1012 4095/6683/2609
f 4070/3239/977 3915/3141/877 3918/3142/878
f 4074/3236/1054 3918/3142/878 3914/3139/1010
f 4085/3244/982 4087/3245/1058 3928/3149/883
f 3928/3149/883 4087/3245/1058 4084/3241/1057
f 4097/3250/1066 4107/3249/1065 4123/6684/1090
f 4107/3249/1065 4101/3258/1074 4120/6686/1091
f 4100/3257/1073 4108/3259/1075 4118/3261/1077
f 4106/3255/1071 4118/3261/1077 4112/6687/1085
f 4111/3268/1082 4121/3279/1092 4125/3276/1089
f 4117/3271/1084 4125/3276/1089 4120/3278/1091
f 4109/3264/1080 4113/3263/1079 4153/3303/1115
f 4113/6688/1079 4108/3259/1075 4149/3306/1118
f 4150/6689/1122 4155/6690/1121 4105/3256/1072
f 4155/6690/1121 4149/3306/1118 4100/3257/1073
f 4128/3284/1097 4098/3252/1068 4102/3248/1064
f 4102/3248/1064 4097/3250/1066 4129/3286/1099
f 4122/3281/1094 4130/7155/1100 4135/6691/1098
f 4127/6692/1088 4135/3285/1098 4129/3286/1099
f 4139/6693/1108 4099/3253/1069 4104/3251/1067
f 4143/6694/1106 4104/3251/1067 4098/3252/1068
f 4141/3301/1113 4145/3300/1112 4138/6696/1096
f 4145/6698/1112 4140/6695/1109 4128/3284/1097
f 4151/3312/1123 4156/3309/1120 4147/3295/1107
f 4156/3309/1120 4150/3311/1122 4139/3296/1108
f 4110/6699/1081 4115/3262/1078 4204/3365/1170
f 4115/3262/1078 4109/3264/1080 4200/3366/1171
f 4152/6700/1124 4201/3367/1172 4206/3364/1169
f 4158/3304/1116 4206/3364/1169 4200/3366/1171
f 4159/3318/1128 4167/3317/1127 4116/3269/1083
f 4167/3317/1127 4162/3324/1134 4111/3268/1082
f 4131/3292/1104 4136/3291/1103 4173/3325/1135
f 4136/3291/1103 4130/3287/1100 4169/6701/1138
f 4170/3331/1140 4175/3332/1141 4126/3280/1093
f 4175/3332/1141 4169/3328/1138 4122/3281/1094
f 4179/3339/1146 4142/3302/1114 4146/3299/1111
f 4184/3343/1150 4146/3299/1111 4141/3301/1113
f 4131/3292/1104 4181/3346/1153 4186/3345/1152
f 4137/3290/1102 4186/3345/1152 4180/6702/1149
f 4190/3354/1159 4152/3314/1124 4157/3315/1125
f 4194/3352/1157 4157/3315/1125 4151/3312/1123
f 4203/3372/1176 4160/7157/1129 4163/6703/1126
f 4209/6704/1168 4163/3316/1126 4159/3318/1128
f 4161/3323/1133 4171/3335/1144 4176/3334/1143
f 4166/3321/1131 4176/3334/1143 4170/3331/1140
f 4172/3336/1145 4182/3347/1154 4187/3349/1151
f 4187/3344/1151 4181/3346/1153 4168/3327/1137
f 4192/3359/1164 4196/3358/1163 4189/3341/1148
f 4196/3358/1163 4191/3355/1160 4179/3339/1146
f 4202/3370/1175 4207/3369/1174 4198/6707/1158
f 4207/6709/1174 4201/7156/1172 4190/3354/1159
f 4161/6710/1133 4165/6711/1132 4215/3377/1181
f 4165/6711/1132 4160/7157/1129 4211/3378/1182
f 4202/3370/1175 4212/3380/1184 4217/3376/1180
f 4217/3376/1180 4211/3378/1182 4203/3372/1176
f 4214/3383/1187 4172/3336/1145 4177/3338/1142
f 4220/3375/1179 4177/3338/1142 4171/6712/1144
f 4183/6713/1156 4188/6714/1155 4219/3382/1186
f 4188/6714/1155 4182/3347/1154 4214/3383/1187
f 4212/3380/1184 4193/6708/1165 4197/6715/1162
f 4218/3379/1183 4197/6715/1162 4192/6716/1164
f 4236/3405/360 4238/3404/359 4227/3390/345
f 4227/3386/341 4238/7355/1636 4235/3400/1188
f 4244/3415/370 4229/3397/352 4231/3396/351
f 4248/3410/1191 4231/7353/1637 4228/3392/347
f 4230/3399/354 4233/3395/350 4226/3387/342
f 4233/3395/350 4229/3397/352 4223/3391/346
f 4237/3407/362 4240/3403/358 4247/3411/366
f 4240/3403/358 4236/3405/360 4244/3415/370
f 4250/6717/376 4252/7567/375 4241/3406/361
f 4241/3402/357 4252/7359/1638 4249/3416/371
f 4243/6718/368 4245/7568/367 4262/3430/385
f 4262/3426/381 4245/7357/2661 4242/3408/363
f 4251/3423/378 4254/3419/374 4261/3427/382
f 4254/3419/374 4250/3421/376 4258/3431/386
f 4264/3437/392 4266/3436/391 4255/3422/377
f 4255/3418/373 4266/7362/2704 4263/3432/387
f 4257/3429/384 4259/3428/383 4276/3446/401
f 4259/6719/2611 4256/3424/1193 4270/3440/395
f 4265/3439/394 4268/3435/390 4275/3443/1197
f 4268/3435/390 4264/3437/392 4272/3447/402
f 4278/3453/408 4280/3452/407 4269/3438/393
f 4269/3434/1195 4280/7366/2706 4277/3448/1198
f 4286/3463/418 4271/3445/400 4273/3444/399
f 4290/3458/1201 4273/7364/2476 4270/3440/395
f 4279/3455/410 4282/3451/406 4289/3459/414
f 4282/3451/406 4278/3453/408 4286/3463/418
f 4292/3469/424 4294/3468/423 4283/6720/409
f 4283/3450/405 4294/7370/1641 4291/3464/419
f 4285/3461/416 4287/3460/415 4304/6722/433
f 4304/3474/429 4287/7368/2477 4284/3456/411
f 4293/3471/426 4296/3467/422 4303/3475/430
f 4296/3467/422 4292/3469/424 4300/3479/434
f 4306/3485/440 4308/3484/439 4297/3470/425
f 4297/3466/1202 4308/7373/2478 4305/3480/435
f 4299/3477/432 4301/3476/431 4318/3494/449
f 4301/6724/1642 4298/3472/427 4312/3488/443
f 4307/3487/442 4310/3483/438 4317/3491/446
f 4310/3483/438 4306/3485/440 4314/3495/450
f 4320/3501/456 4322/3500/455 4311/3486/441
f 4311/3482/437 4322/7377/1643 4319/3496/1204
f 4328/3511/466 4313/3493/448 4315/3492/447
f 4332/3506/1207 4315/7375/2479 4312/3488/443
f 4321/3503/458 4324/3499/454 4331/3507/462
f 4324/3499/454 4320/3501/456 4328/3511/466
f 4334/3517/472 4336/3516/471 4325/6725/457
f 4325/3498/453 4336/7381/2675 4333/3512/467
f 4327/6727/464 4329/7569/463 4346/3526/481
f 4346/3522/477 4329/7379/1645 4326/3504/459
f 4335/3519/474 4338/3515/470 4345/3523/478
f 4338/3515/470 4334/3517/472 4342/3527/482
f 4348/3533/488 4350/3532/487 4339/3518/473
f 4339/3514/469 4350/7384/2708 4347/3528/483
f 4341/3525/480 4343/3524/479 4360/3542/497
f 4343/6728/2612 4340/3520/1209 4354/3536/491
f 4349/3535/490 4352/3531/486 4359/3539/1212
f 4352/3531/486 4348/3533/488 4356/3543/498
f 4362/3549/504 4364/3548/503 4353/3534/489
f 4353/3530/485 4364/7388/2711 4361/3544/851
f 4370/3559/514 4355/3541/496 4357/3540/495
f 4374/3554/1214 4357/7386/2709 4354/3536/491
f 4363/3551/506 4366/3547/502 4373/3555/510
f 4366/3547/502 4362/3549/504 4370/3559/514
f 4376/3565/520 4378/3564/519 4367/6729/505
f 4367/3546/501 4378/7392/1649 4375/3560/515
f 4369/6731/512 4371/7570/511 4388/3574/529
f 4388/3570/525 4371/7390/1650 4368/3552/852
f 4377/3567/522 4380/3563/518 4387/3571/526
f 4380/3563/518 4376/3565/520 4384/3575/530
f 4222/3389/344 4224/3388/343 4381/3566/521
f 4381/3562/1215 4224/7351/2482 4221/3384/339
f 4383/3573/528 4385/3572/527 4234/3398/353
f 4385/6732/1651 4382/3568/523 4228/3392/347
f 4391/3582/1223 4404/7159/1238 4406/6733/1240
f 4406/6735/2614 4403/3592/1235 4389/3576/1217
f 4397/3587/1229 4399/3589/1231 4416/6736/2615
f 4416/3602/1246 4399/7396/2712 4396/3584/1226
f 4390/3579/1220 4398/3590/1232 4401/3591/1234
f 4401/3591/2617 4397/3587/1229 4391/3582/1223
f 4405/3598/1241 4408/3599/1243 4415/3607/2618
f 4415/3607/1252 4408/3599/2713 4404/3595/1238
f 4405/3598/1241 4418/3611/1256 4420/3613/1258
f 4420/6739/2620 4417/3608/1253 4403/3592/1235
f 4411/3603/1247 4413/3605/1249 4430/6740/2621
f 4430/3619/1264 4413/7397/2647 4410/3600/1244
f 4419/3614/1259 4422/3616/1261 4429/6741/2622
f 4429/3625/1270 4422/7399/2714 4418/3611/1256
f 4432/3629/1274 4434/3631/1276 4423/6742/2623
f 4434/6743/2624 4431/3626/1271 4417/3608/1253
f 4425/3620/1265 4427/3622/1267 4444/6744/2625
f 4444/3637/1282 4427/7400/2637 4424/3617/1262
f 4433/3632/1277 4436/3634/1279 4443/6745/2626
f 4443/3643/1288 4436/7401/2715 4432/3629/1274
f 4446/3647/1292 4448/3649/1294 4437/6746/2627
f 4448/6747/2628 4445/3644/1289 4431/3626/1271
f 4439/3638/1283 4441/3640/1285 4458/6748/2629
f 4441/6749/2630 4438/3635/1280 4452/3652/1298
f 4447/3650/1295 4450/3651/1297 4457/3659/2631
f 4457/3659/1306 4450/3651/2716 4446/3647/1292
f 4390/3579/1220 4392/3581/1222 4451/6750/2632
f 4451/3646/1291 4392/7395/2644 4389/3576/1217
f 4398/3590/1232 4453/7160/1301 4455/6752/1303
f 4455/6754/2634 4452/3652/1298 4396/3584/1226
f 4461/3666/1223 4474/7161/1238 4476/6755/1240
f 4465/3662/1219 4476/7405/2718 4473/3676/1235
f 4467/3671/1307 4469/3673/1231 4486/6757/2615
f 4486/3686/1311 4469/7404/2712 4466/3668/1226
f 4460/3663/1220 4468/3674/1232 4471/3675/1234
f 4471/3675/2617 4467/3671/1307 4461/3666/1223
f 4475/3682/1241 4478/3683/1243 4485/3691/2618
f 4485/3691/1313 4478/3683/2719 4474/3679/1238
f 4475/3682/1241 4488/3695/1314 4490/3697/1315
f 4490/6760/2620 4487/3692/1253 4473/3676/1235
f 4496/3707/1268 4481/3687/1247 4483/3689/1249
f 4500/3703/1264 4483/7406/2647 4480/3684/1244
f 4489/3698/1259 4492/3700/1316 4499/6762/2622
f 4499/3709/1270 4492/7408/2714 4488/3695/1314
f 4502/3713/1274 4504/3715/1276 4493/6763/2636
f 4504/6764/2624 4501/3710/1271 4487/3692/1253
f 4510/3725/1286 4495/3704/1265 4497/3706/1267
f 4497/6766/2637 4494/3701/1262 4508/3719/1280
f 4503/3716/1318 4506/3718/1279 4513/6767/2626
f 4513/3727/1288 4506/7409/2720 4502/3713/1274
f 4516/3731/1292 4518/3733/1320 4507/6768/2638
f 4507/3712/1273 4518/7411/2721 4515/3728/1289
f 4509/3722/1283 4511/3724/1285 4528/6769/2629
f 4528/3738/1323 4511/7410/2630 4508/3719/1280
f 4517/3734/1295 4520/3735/1321 4527/3743/2631
f 4527/3743/1306 4520/3735/2716 4516/3731/1292
f 4460/3663/1220 4462/3665/1222 4521/6770/2639
f 4521/3730/1291 4462/7403/2717 4459/3660/1217
f 4523/6772/1324 4525/7571/1326 4472/6773/2633
f 4472/3670/1228 4525/7413/2634 4522/3736/1298
f 4531/3750/1223 4544/7162/1238 4546/6774/1329
f 4535/3746/1219 4546/7414/2614 4543/3760/1235
f 4537/3755/1307 4539/3757/1231 4556/6776/2640
f 4539/6778/2641 4536/3752/1226 4550/3768/1244
f 4530/3747/1220 4538/3758/1327 4541/3759/1234
f 4541/3759/2617 4537/3755/1307 4531/3750/1223
f 4545/3766/1241 4548/3767/1243 4555/3775/2618
f 4555/3775/1313 4548/3767/2713 4544/3763/1238
f 4545/3766/1241 4558/3779/1256 4560/3781/1315
f 4549/3762/1328 4560/7417/2620 4557/3776/1253
f 4551/3771/1247 4553/3773/1249 4570/6780/2621
f 4570/3787/1264 4553/7415/2647 4550/3768/1244
f 4559/3782/1259 4562/3784/1316 4569/6781/2622
f 4569/3793/1270 4562/7418/2714 4558/3779/1256
f 4572/3797/1274 4574/3799/1334 4563/6782/2623
f 4563/3778/1332 4574/7419/2722 4571/3794/1271
f 4565/3788/1265 4567/3790/1267 4584/6783/2625
f 4567/6784/2637 4564/3785/1262 4578/3803/1280
f 4573/3800/1277 4576/3802/1279 4583/6785/2626
f 4583/3811/1288 4576/7420/2720 4572/3797/1274
f 4586/3815/1292 4588/3817/1335 4577/6786/2638
f 4588/6787/2628 4585/3812/1289 4571/3794/1271
f 4594/3826/1304 4579/3806/1283 4581/3808/1285
f 4598/3822/1336 4581/7421/2630 4578/3803/1280
f 4587/3818/1295 4590/3819/1297 4597/3827/2643
f 4597/3827/1306 4590/3819/2716 4586/3815/1292
f 4530/3747/1220 4532/3749/1222 4591/6789/2632
f 4532/6791/2644 4529/3744/1217 4585/3812/1289
f 4538/3758/1327 4593/7163/1301 4595/6792/1337
f 4595/6794/2634 4592/3820/1298 4536/3752/1226
f 4601/3834/1223 4614/7164/1238 4616/6795/1329
f 4605/3830/1219 4616/7424/2614 4613/3844/1235
f 4607/3839/1307 4609/3841/1231 4626/6797/2640
f 4626/3854/1246 4609/7423/2712 4606/3836/1226
f 4600/3831/1220 4608/3842/1327 4611/3843/1234
f 4611/3843/2617 4607/3839/1307 4601/3834/1223
f 4615/3850/1241 4618/3851/1243 4625/3859/2618
f 4625/3859/1313 4618/3851/2713 4614/3847/1238
f 4615/3850/1241 4628/3863/1256 4630/3865/1315
f 4619/3846/1328 4630/7426/2620 4627/3860/1253
f 4621/3855/1247 4623/3857/1249 4640/6800/2621
f 4623/6801/2645 4620/3852/1244 4634/3869/1262
f 4629/3866/1259 4632/3868/1316 4639/6802/2622
f 4639/3877/1270 4632/7427/2714 4628/3863/1256
f 4642/3881/1274 4644/3883/1334 4633/6803/2623
f 4633/3862/1332 4644/7428/2722 4641/3878/1271
f 4635/3872/1265 4637/3874/1267 4654/6804/2625
f 4637/6805/2637 4634/3869/1262 4648/3887/1280
f 4643/3884/1277 4646/3886/1279 4653/6806/2626
f 4653/3895/1288 4646/7429/2720 4642/3881/1274
f 4656/3899/1292 4658/3901/1335 4647/6807/2638
f 4658/6808/2628 4655/3896/1289 4641/3878/1271
f 4649/3890/1283 4651/3892/1285 4668/6809/2629
f 4651/6810/2630 4648/3887/1280 4662/3904/1298
f 4657/3902/1295 4660/3903/1297 4667/3911/2643
f 4667/3911/1306 4660/3903/2716 4656/3899/1292
f 4657/6811/1295 4600/3831/1220 4602/3833/1222
f 4602/6813/2644 4599/3828/1217 4655/3896/1289
f 4608/3842/1327 4663/7165/1301 4665/6814/1337
f 4612/3838/1338 4665/7431/2634 4662/3904/1298
f 4684/6816/1238 4686/7572/1240 4675/6817/2613
f 4675/3914/1219 4686/7433/2718 4683/3928/1235
f 4677/3923/1307 4679/3925/1231 4696/6818/2615
f 4696/3938/1311 4679/7432/2712 4676/3920/1226
f 4670/3915/1220 4678/3926/1232 4681/3927/1234
f 4681/3927/2646 4677/3923/1307 4671/3918/1223
f 4685/3934/1241 4688/3935/1243 4695/3943/2618
f 4695/3943/1252 4688/3935/2719 4684/3931/1238
f 4685/3934/1241 4698/3947/1314 4700/3949/1315
f 4700/6821/2620 4697/3944/1253 4683/3928/1235
f 4706/3959/1268 4691/3939/1247 4693/3941/1249
f 4693/6823/2647 4690/3936/1244 4704/3953/1262
f 4699/3950/1259 4702/3952/1316 4709/6824/2622
f 4709/3961/1270 4702/7435/2714 4698/3947/1314
f 4699/3950/1259 4712/3965/1274 4714/3967/1276
f 4714/6826/2624 4711/3962/1271 4697/3944/1253
f 4720/3977/1286 4705/3956/1265 4707/3958/1267
f 4707/6828/2637 4704/3953/1262 4718/3971/1280
f 4713/3968/1318 4716/3970/1279 4723/6829/2626
f 4723/3979/1288 4716/7436/2720 4712/3965/1274
f 4726/3983/1292 4728/3985/1320 4717/6830/2638
f 4728/6831/2628 4725/3980/1289 4711/3962/1271
f 4719/3974/1283 4721/3976/1285 4738/6832/2629
f 4738/3990/1336 4721/7437/2630 4718/3971/1280
f 4727/3986/1295 4730/3987/1321 4737/3995/2631
f 4737/3995/1306 4730/3987/2716 4726/3983/1292
f 4670/3915/1220 4672/3917/1222 4731/6833/2639
f 4672/6835/2644 4669/3912/1217 4725/3980/1289
f 4733/6836/1324 4735/7573/1326 4682/6837/2633
f 4735/6838/2634 4732/3988/1345 4676/3920/1226
f 4754/4017/1367 4756/4016/1366 4745/4002/1352
f 4756/6839/2648 4753/4012/1362 4739/3996/1346
f 4747/4009/1359 4749/4008/1358 4766/4026/1376
f 4749/6840/2649 4746/4004/1354 4760/4020/1370
f 4748/4011/1361 4751/4007/1357 4744/3999/1349
f 4751/4007/1357 4747/4009/1359 4741/4003/1353
f 4755/4019/1369 4758/4015/1365 4765/4027/1373
f 4758/4015/1365 4754/4017/1367 4762/4028/1377
f 4755/6842/1369 4768/4034/1383 4770/4033/1382
f 4770/6844/2650 4767/4029/1378 4753/4012/1362
f 4761/4025/1375 4763/4024/1374 4780/4043/1392
f 4780/4039/1388 4763/7443/2727 4760/4020/1370
f 4769/4036/1385 4772/4032/1381 4779/4040/1389
f 4772/4032/1381 4768/4034/1383 4776/4044/1393
f 4782/4050/1399 4784/4049/1398 4773/4035/1384
f 4773/4031/1380 4784/7449/2732 4781/4045/1394
f 4790/4060/1409 4775/4042/1391 4777/4041/1390
f 4794/4055/1404 4777/7447/2730 4774/4037/1386
f 4789/4058/1407 4783/4052/1401 4786/4048/1397
f 4786/4048/1397 4782/4050/1399 4790/4060/1409
f 4796/4066/1415 4798/4065/1414 4787/4051/1400
f 4787/4047/1396 4798/7452/2735 4795/4061/1410
f 4804/4078/1425 4789/4058/1407 4791/4057/1406
f 4791/6845/2651 4788/4053/1402 4802/4070/1418
f 4797/4069/1417 4800/4068/1413 4807/4073/1421
f 4800/4068/1413 4796/7574/1415 4804/6846/1425
f 4810/4084/1431 4812/4083/1430 4801/4067/1416
f 4812/6847/2652 4809/4079/1426 4795/4061/1410
f 4803/4075/1423 4805/4074/1422 4822/4093/1440
f 4805/6848/2653 4802/4070/1418 4816/4087/1434
f 4811/4086/1433 4814/4082/1429 4821/4090/1437
f 4814/4082/1429 4810/4084/1431 4818/4094/1441
f 4824/4100/1447 4826/4099/1446 4815/4085/1432
f 4815/4081/1428 4826/7459/2740 4823/4095/1442
f 4817/4092/1439 4819/4091/1438 4836/4110/1456
f 4819/6849/2654 4816/4087/1434 4830/4104/1450
f 4825/6850/1449 4828/4098/1445 4835/4111/1453
f 4828/4098/1445 4824/4100/1447 4832/4112/1457
f 4825/4103/1449 4838/4118/1463 4840/4117/1462
f 4829/4097/1444 4840/7465/2744 4837/4113/1458
f 4831/4109/1455 4833/4108/1454 4850/4127/1472
f 4850/4123/1468 4833/7462/2742 4830/4104/1450
f 4845/4126/1471 4839/4120/1465 4842/4116/1461
f 4842/4116/1461 4838/4118/1463 4846/4128/1473
f 4839/4120/1465 4852/4134/1479 4854/4133/1478
f 4843/4115/1460 4854/7468/2747 4851/4129/1474
f 4860/4144/1489 4845/4126/1471 4847/4125/1470
f 4847/6852/2655 4844/4121/1466 4858/4137/1482
f 4859/4142/1487 4853/4136/1481 4856/4132/1477
f 4856/4132/1477 4852/4134/1479 4860/4144/1489
f 4853/4136/1481 4866/4150/1495 4868/4149/1494
f 4857/4131/1476 4868/7471/2750 4865/4145/1490
f 4859/4142/1487 4861/4141/1486 4878/4160/1504
f 4861/6853/2656 4858/4137/1482 4872/4154/1498
f 4867/4153/1497 4870/4152/1493 4877/4157/1501
f 4870/4152/1493 4866/7575/1495 4874/6854/1505
f 4740/4001/1351 4742/4000/1350 4871/4151/1496
f 4871/4147/1492 4742/7439/2723 4739/3996/1346
f 4873/4159/1503 4875/4158/1502 4752/4010/1360
f 4875/6855/2657 4872/4154/1498 4746/4004/1354
f 4901/6856/1527 4879/4163/1506 4889/4165/1507
f 4906/6857/1531 4889/4165/1507 4883/4172/1514
f 4882/4170/1512 4890/7166/1516 4900/6859/1518
f 4888/4173/1515 4900/6859/1518 4894/4184/1525
f 4893/4181/1523 4903/4192/1532 4908/4193/1533
f 4899/6860/1526 4908/4193/1533 4902/4190/1530
f 4891/4177/1519 4895/4178/1520 4939/4224/1564
f 4939/4224/1564 4895/4178/1520 4890/4174/1516
f 4936/4225/1565 4941/4227/1566 4887/4171/1513
f 4887/4171/1513 4941/4227/1566 4935/6862/1563
f 4880/4166/1508 4884/4167/1509 4917/6863/1542
f 4917/6863/1542 4884/4167/1509 4879/4163/1506
f 4905/6866/1536 4914/4203/1543 4919/4204/1544
f 4911/6868/1529 4919/7576/1544 4913/6865/1541
f 4881/4168/1510 4886/4169/1511 4928/6869/1553
f 4928/6869/1553 4886/4169/1511 4880/4166/1508
f 4925/6872/1554 4930/7577/1555 4922/4200/1540
f 4930/6873/1555 4924/6871/1552 4912/6864/1538
f 4937/4228/1567 4942/4230/1568 4933/4211/1551
f 4942/4230/1568 4936/7578/1565 4923/4209/1549
f 4892/4179/1521 4897/4180/1522 4994/4285/1619
f 4897/4180/1522 4891/4177/1519 4990/4284/1618
f 4991/4286/1620 4996/4287/1621 4944/4222/1562
f 4944/4222/1562 4996/4287/1621 4990/4284/1618
f 4904/4194/1534 4909/4195/1535 4950/4237/1575
f 4909/4195/1535 4903/4192/1532 4946/4236/1574
f 4947/4238/1576 4952/4239/1577 4898/4183/1524
f 4898/4183/1524 4952/4239/1577 4946/4236/1574
f 4915/4205/1545 4920/4206/1546 4961/4248/1586
f 4920/4206/1546 4914/4203/1543 4957/4247/1585
f 4958/4249/1587 4963/4251/1588 4910/4197/1537
f 4910/4197/1537 4963/4251/1588 4957/6876/1585
f 4967/4257/1593 4926/4216/1556 4931/4217/1557
f 4972/6877/1597 4931/4217/1557 4925/4214/1554
f 4915/4205/1545 4969/4263/1598 4974/4264/1599
f 4921/4208/1548 4974/4264/1599 4968/4260/1596
f 4938/6879/1569 4943/6880/1570 4983/4274/1608
f 4943/6880/1570 4937/4228/1567 4979/4273/1607
f 4926/4216/1556 4980/4275/1609 4985/4276/1610
f 4932/4219/1559 4985/4276/1610 4979/4273/1607
f 4993/6881/1624 4948/7168/1578 4953/6882/1579
f 4999/4283/1617 4953/7579/1579 4947/6884/1576
f 4949/4242/1580 4959/7580/1589 4964/6885/1590
f 4955/4235/1573 4964/6885/1590 4958/4249/1587
f 4960/4255/1591 4970/4265/1600 4975/4266/1601
f 4975/4266/1601 4969/4263/1598 4956/4244/1582
f 4981/4277/1611 4986/4278/1612 4977/4259/1595
f 4986/4278/1612 4980/4275/1609 4967/4257/1593
f 4992/6887/1622 4997/7581/1623 4988/6888/1606
f 4997/4289/1623 4991/4286/1620 4978/6890/1604
f 5000/4292/1626 4949/7167/1580 4954/6892/1581
f 4954/6892/1581 4948/7168/1578 5001/4295/1628
f 4992/6887/1622 5002/4297/1630 5007/4298/1631
f 5007/4298/1631 5001/4295/1628 4993/6881/1624
f 5004/4301/1634 4960/7169/1591 4965/6894/1592
f 5010/4294/1627 4965/6894/1592 4959/4252/1589
f 4971/4267/1602 4976/4269/1603 5009/4302/1635
f 5009/4302/1635 4976/4269/1603 4970/6895/1600
f 5002/4297/1630 4982/6889/1613 4987/6896/1614
f 4987/6896/1614 4981/7170/1611 5003/4299/1632
f 791/1016/515 637/840/339 651/856/355
f 651/856/355 665/872/371 679/888/387
f 679/888/387 693/904/403 707/920/419
f 707/920/419 721/936/435 735/952/451
f 735/952/451 749/968/467 763/984/483
f 763/984/483 777/1000/499 791/1016/515
f 791/1016/515 651/856/355 679/888/387
f 679/888/387 707/920/419 735/952/451
f 735/952/451 763/984/483 791/1016/515
f 645/853/352 660/871/370 652/861/360
f 799/1029/528 646/855/354 638/845/344
f 672/880/379 658/864/363 644/848/347
f 644/848/347 798/1024/523 784/1008/507
f 784/1008/507 770/992/491 756/976/475
f 756/976/475 742/960/459 728/944/443
f 728/944/443 714/928/427 700/912/411
f 700/912/411 686/896/395 672/880/379
f 672/880/379 644/848/347 784/1008/507
f 784/1008/507 756/976/475 728/944/443
f 728/944/443 700/912/411 672/880/379
f 659/869/368 674/7582/386 666/4305/376
f 673/885/384 688/903/402 680/893/392
f 687/901/400 702/919/418 694/909/408
f 701/917/416 716/4314/434 708/6897/424
f 715/933/432 730/951/450 722/941/440
f 729/949/448 744/967/466 736/957/456
f 743/4320/464 758/983/482 750/973/472
f 757/981/480 772/999/498 764/989/488
f 771/997/496 786/1015/514 778/1005/504
f 785/4328/512 800/1031/530 792/1021/520
f 883/4448/1761 805/4335/1656 811/4346/1667
f 811/4346/1667 817/4355/1675 823/4354/1674
f 823/4354/1674 829/4364/1683 835/4372/1691
f 835/4372/1691 841/4390/1707 847/4398/1715
f 847/4398/1715 853/4406/1723 859/4415/1731
f 859/4415/1731 865/4424/1739 871/4432/1747
f 871/4432/1747 877/4441/1755 883/4448/1761
f 883/4448/1761 811/4346/1667 823/4354/1674
f 823/4354/1674 835/4372/1691 847/4398/1715
f 847/4398/1715 859/4415/1731 871/4432/1747
f 871/4432/1747 883/4448/1761 823/4354/1674
f 809/4449/1762 815/4337/1658 812/4331/1652
f 887/4444/1757 809/4449/1762 806/4333/1654
f 820/4349/1670 814/4341/1662 808/4450/1763
f 808/4450/1763 886/4445/1758 880/4436/1751
f 880/4436/1751 874/4427/1742 868/4420/1735
f 868/4420/1735 862/4410/1727 856/4401/1718
f 856/4401/1718 850/4394/1711 844/4385/1702
f 844/4385/1702 838/4375/1694 832/4367/1686
f 832/4367/1686 826/4359/1678 820/4349/1670
f 820/4349/1670 808/4450/1763 880/4436/1751
f 880/4436/1751 868/4420/1735 856/4401/1718
f 856/4401/1718 844/4385/1702 832/4367/1686
f 832/4367/1686 820/4349/1670 880/4436/1751
f 815/4337/1658 821/4347/1668 818/4343/1664
f 821/6898/1668 827/4356/1676 824/4351/1672
f 827/4356/1676 833/4365/1684 830/4361/1680
f 833/4365/1684 839/4374/1693 836/4369/1688
f 839/4382/1693 845/4384/1701 842/4377/1696
f 845/4384/1701 851/4392/1709 848/4387/1704
f 851/4392/1709 857/4399/1716 854/4404/1721
f 857/4399/1716 863/4408/1725 860/4403/1720
f 863/6899/1725 869/4416/1732 866/4411/1728
f 869/4416/1732 875/4426/1741 872/4421/1736
f 875/4426/1741 881/4434/1749 878/4429/1744
f 881/4442/1749 887/4444/1757 884/4447/1760
f 931/1086/585 917/1068/567 889/1032/531
f 898/1047/546 912/1065/564 904/1053/552
f 925/1080/579 896/1041/540 890/1035/534
f 910/1059/558 897/1044/543 924/1077/576
f 911/1062/561 940/1101/600 932/1089/588
f 939/1098/597 926/1083/582 918/1071/570
f 1023/4588/1761 945/4475/1656 951/4486/1667
f 951/4486/1667 957/4495/1675 963/4504/1674
f 963/4504/1674 969/4512/1796 975/4521/1691
f 975/4521/1691 981/4520/1707 987/4538/1715
f 987/4538/1715 993/4537/1723 999/4555/1731
f 999/4555/1731 1005/4564/1807 1011/4572/1747
f 1011/4572/1747 1017/4571/1755 1023/4588/1761
f 1023/4588/1761 951/4486/1667 963/4504/1674
f 963/4504/1674 975/4521/1691 987/4538/1715
f 987/4538/1715 999/4555/1731 1011/4572/1747
f 1011/4572/1747 1023/4588/1761 963/4504/1674
f 949/4477/1762 955/4479/1658 952/4471/1652
f 1027/4584/1757 949/4477/1762 946/4473/1654
f 960/4490/1670 954/4482/1662 948/4481/1763
f 948/4481/1763 1026/4585/1758 1020/4575/1751
f 1020/4575/1751 1014/4567/1808 1008/4560/1735
f 1008/4560/1735 1002/4549/1727 996/4541/1718
f 996/4541/1718 990/4533/1711 984/4525/1702
f 984/4525/1702 978/4515/1694 972/4507/1793
f 972/4507/1793 966/4499/1790 960/4490/1670
f 960/4490/1670 948/4481/1763 1020/4575/1751
f 1020/4575/1751 1008/4560/1735 996/4541/1718
f 996/4541/1718 984/4525/1702 972/4507/1793
f 972/4507/1793 960/4490/1670 1020/4575/1751
f 955/4479/1658 961/4488/1668 958/4483/1664
f 961/4496/1668 967/4498/1676 964/4491/1672
f 967/4498/1676 973/4506/1684 970/4501/1680
f 973/4506/1684 979/4514/1693 976/4509/1688
f 979/4522/1693 985/4524/1701 982/4517/1696
f 985/4524/1701 991/4532/1709 988/4527/1704
f 991/4532/1709 997/4540/1716 994/4535/1721
f 997/4540/1716 1003/4548/1725 1000/6900/1720
f 1003/6901/1725 1009/4556/1732 1006/4551/1728
f 1009/4556/1732 1015/4566/1741 1012/4561/1736
f 1015/4566/1741 1021/4574/1749 1018/6902/1744
f 1021/4582/1749 1027/4584/1757 1024/4577/1760
f 1107/4700/1761 1029/4596/1656 1035/4595/1667
f 1035/4595/1667 1041/4615/1675 1047/4624/1674
f 1047/4624/1674 1053/4632/1796 1059/4631/1691
f 1059/4631/1691 1065/4650/1707 1071/4658/1715
f 1071/4658/1715 1077/4666/1723 1083/4675/1731
f 1083/4675/1731 1089/4684/1739 1095/4692/1747
f 1095/4692/1747 1101/4701/1755 1107/4700/1761
f 1107/4700/1761 1035/4595/1667 1047/4624/1674
f 1047/4624/1674 1059/4631/1691 1071/4658/1715
f 1071/4658/1715 1083/4675/1731 1095/4692/1747
f 1095/4692/1747 1107/4700/1761 1047/4624/1674
f 1033/4597/1762 1039/4599/1658 1036/4591/1652
f 1111/4704/1757 1033/4597/1762 1030/4593/1654
f 1044/4609/1670 1038/4601/1662 1032/4710/1763
f 1032/4710/1763 1110/4705/1758 1104/4695/1751
f 1104/4695/1751 1098/4687/1808 1092/4679/1823
f 1092/4679/1823 1086/4670/1727 1080/4662/1718
f 1080/4662/1718 1074/4654/1711 1068/4645/1702
f 1068/4645/1702 1062/4635/1694 1056/4627/1793
f 1056/4627/1793 1050/4620/1678 1044/4609/1670
f 1044/4609/1670 1032/4710/1763 1104/4695/1751
f 1104/4695/1751 1092/4679/1823 1080/4662/1718
f 1080/4662/1718 1068/4645/1702 1056/4627/1793
f 1056/4627/1793 1044/4609/1670 1104/4695/1751
f 1039/4599/1658 1045/4608/1668 1042/6903/1664
f 1045/6904/1668 1051/4616/1676 1048/4611/1672
f 1051/4616/1676 1057/4626/1684 1054/4621/1680
f 1057/4626/1684 1063/4634/1693 1060/6905/1688
f 1063/4642/1693 1069/4644/1701 1066/4637/1696
f 1069/4644/1701 1075/4652/1709 1072/4656/1704
f 1075/4652/1709 1081/4660/1716 1078/4655/1721
f 1081/4660/1716 1087/4668/1725 1084/4663/1720
f 1087/4676/1725 1093/4678/1732 1090/4671/1728
f 1093/4678/1732 1099/4686/1741 1096/4681/1736
f 1099/4686/1741 1105/4694/1749 1102/4689/1744
f 1105/4702/1749 1111/4704/1757 1108/4697/1760
f 1191/4828/1761 1113/4715/1656 1119/4726/1667
f 1119/4726/1667 1125/4725/1675 1131/4744/1674
f 1131/4744/1674 1137/4752/1796 1143/4751/1691
f 1143/4751/1691 1149/4770/1707 1155/4769/1715
f 1155/4769/1715 1161/4786/1723 1167/4785/1731
f 1167/4785/1731 1173/4804/1807 1179/4812/1747
f 1179/4812/1747 1185/4811/1755 1191/4828/1761
f 1191/4828/1761 1119/4726/1667 1131/4744/1674
f 1131/4744/1674 1143/4751/1691 1155/4769/1715
f 1155/4769/1715 1167/4785/1731 1179/4812/1747
f 1179/4812/1747 1191/4828/1761 1131/4744/1674
f 1117/4829/1762 1123/4717/1658 1120/4711/1652
f 1195/4822/1757 1117/4829/1762 1114/4713/1654
f 1128/4729/1670 1122/4721/1662 1116/4830/1763
f 1116/4830/1763 1194/4825/1758 1188/4816/1751
f 1188/4816/1751 1182/4807/1742 1176/4800/1735
f 1176/4800/1735 1170/4789/1727 1164/4781/1718
f 1164/4781/1718 1158/4773/1711 1152/4765/1702
f 1152/4765/1702 1146/4755/1694 1140/4748/1686
f 1140/4748/1686 1134/4740/1790 1128/4729/1670
f 1128/4729/1670 1116/4830/1763 1188/4816/1751
f 1188/4816/1751 1176/4800/1735 1164/4781/1718
f 1164/4781/1718 1152/4765/1702 1140/4748/1686
f 1140/4748/1686 1128/4729/1670 1188/4816/1751
f 1123/4717/1658 1129/4728/1668 1126/4723/1664
f 1129/4736/1668 1135/4738/1676 1132/4731/1672
f 1135/4738/1676 1141/4746/1684 1138/4750/1680
f 1141/4746/1684 1147/4754/1693 1144/4749/1688
f 1147/4762/1693 1153/4764/1701 1150/4757/1696
f 1153/4764/1701 1159/4771/1709 1156/4767/1704
f 1159/4771/1709 1165/4780/1716 1162/4784/1721
f 1165/4780/1716 1171/4788/1725 1168/4783/1720
f 1171/6906/1725 1177/4796/1732 1174/4791/1728
f 1177/4796/1732 1183/4806/1741 1180/4801/1736
f 1183/4806/1741 1189/4814/1749 1186/4809/1744
f 1189/6907/1749 1195/4822/1757 1192/4817/1760
f 1275/4948/1761 1197/4836/1656 1203/4835/1667
f 1203/4835/1667 1209/4846/1675 1215/4864/1674
f 1215/4864/1674 1221/4872/1796 1227/4871/1691
f 1227/4871/1691 1233/4890/1707 1239/4898/1715
f 1239/4898/1715 1245/4906/1723 1251/4915/1731
f 1251/4915/1731 1257/4924/1807 1263/4932/1747
f 1263/4932/1747 1269/4931/1755 1275/4948/1761
f 1275/4948/1761 1203/4835/1667 1215/4864/1674
f 1215/4864/1674 1227/4871/1691 1239/4898/1715
f 1239/4898/1715 1251/4915/1731 1263/4932/1747
f 1263/4932/1747 1275/4948/1761 1215/4864/1674
f 1201/4949/1762 1207/4837/1658 1204/4831/1652
f 1279/4944/1757 1201/4949/1762 1198/4833/1654
f 1212/4849/1670 1206/4841/1662 1200/4950/1763
f 1200/4950/1763 1278/4945/1758 1272/4935/1751
f 1272/4935/1751 1266/4927/1742 1260/4920/1735
f 1260/4920/1735 1254/4909/1727 1248/4901/1718
f 1248/4901/1718 1242/4893/1711 1236/4886/1702
f 1236/4886/1702 1230/4875/1694 1224/4867/1686
f 1224/4867/1686 1218/4860/1790 1212/4849/1670
f 1212/4849/1670 1200/4950/1763 1272/4935/1751
f 1272/4935/1751 1260/4920/1735 1248/4901/1718
f 1248/4901/1718 1236/4886/1702 1224/4867/1686
f 1224/4867/1686 1212/4849/1670 1272/4935/1751
f 1207/4837/1658 1213/4848/1668 1210/6908/1664
f 1213/4856/1668 1219/4858/1676 1216/4851/1672
f 1219/4858/1676 1225/4866/1684 1222/4861/1680
f 1225/4866/1684 1231/4874/1693 1228/4869/1688
f 1231/4882/1693 1237/4884/1701 1234/4888/1696
f 1237/4884/1701 1243/4891/1709 1240/4887/1704
f 1243/4891/1709 1249/4899/1716 1246/4895/1721
f 1249/4899/1716 1255/4908/1725 1252/6909/1720
f 1255/4916/1725 1261/4918/1732 1258/4922/1728
f 1261/4918/1732 1267/4926/1741 1264/4921/1736
f 1267/4926/1741 1273/4934/1749 1270/4929/1744
f 1273/4942/1749 1279/4944/1757 1276/4947/1760
f 1323/1158/585 1309/1140/567 1281/1104/531
f 1290/1119/546 1304/1137/564 1296/1125/552
f 1317/1152/579 1288/1113/540 1282/1107/534
f 1302/1131/558 1289/1116/543 1316/1149/576
f 1303/1134/561 1332/1173/600 1324/1161/588
f 1331/1170/597 1318/1155/582 1310/1143/570
f 1379/1230/585 1365/1212/567 1337/1176/531
f 1346/1191/546 1360/1209/564 1352/1197/552
f 1373/1224/579 1344/1185/540 1338/1179/534
f 1358/1203/558 1345/1188/543 1372/1221/576
f 1359/1206/561 1388/1245/600 1380/1233/588
f 1387/1242/597 1374/1227/582 1366/1215/570
f 1435/1302/585 1421/1284/567 1393/1248/531
f 1402/1263/546 1416/1281/564 1408/1269/552
f 1429/1296/579 1400/1257/540 1394/1251/534
f 1414/1275/558 1401/1260/543 1428/1293/576
f 1415/1278/561 1444/1317/600 1436/1305/588
f 1443/1314/597 1430/1299/582 1422/1287/570
f 1491/1374/585 1477/1356/567 1449/1320/531
f 1458/1335/546 1472/1353/564 1464/1341/552
f 1485/1368/579 1456/1329/540 1450/1323/534
f 1470/1347/558 1457/1332/543 1484/1365/576
f 1471/1350/561 1500/1389/600 1492/1377/588
f 1499/1386/597 1486/1371/582 1478/1359/570
f 1583/5149/1946 1505/5044/1848 1511/5043/1847
f 1511/5043/1847 1517/5063/1866 1523/5062/1865
f 1523/5062/1865 1529/5080/1882 1535/5089/1890
f 1535/5089/1890 1541/5088/1889 1547/5106/1906
f 1547/5106/1906 1553/5114/1914 1559/5113/1913
f 1559/5113/1913 1565/5123/1922 1571/5132/1930
f 1571/5132/1930 1577/5140/1938 1583/5149/1946
f 1583/5149/1946 1511/5043/1847 1523/5062/1865
f 1523/5062/1865 1535/5089/1890 1547/5106/1906
f 1547/5106/1906 1559/5113/1913 1571/5132/1930
f 1571/5132/1930 1583/5149/1946 1523/5062/1865
f 1509/5157/1953 1515/5045/1849 1512/5052/1856
f 1584/5145/1943 1587/5150/1947 1509/5157/1953
f 1520/5058/1862 1514/5050/1854 1508/5049/1853
f 1508/5049/1853 1586/5153/1949 1580/5144/1942
f 1580/5144/1942 1574/5135/1933 1568/5127/1925
f 1568/5127/1925 1562/5118/1918 1556/5109/1909
f 1556/5109/1909 1550/5101/1901 1544/5093/1893
f 1544/5093/1893 1538/5084/1886 1532/5075/1877
f 1532/5075/1877 1526/5067/1869 1520/5058/1862
f 1520/5058/1862 1508/5049/1853 1580/5144/1942
f 1580/5144/1942 1568/5127/1925 1556/5109/1909
f 1556/5109/1909 1544/5093/1893 1532/5075/1877
f 1532/5075/1877 1520/5058/1862 1580/5144/1942
f 1512/5052/1856 1515/5045/1849 1521/5055/1859
f 1521/5064/1859 1527/5066/1868 1524/5059/1863
f 1527/5066/1868 1533/5074/1876 1530/5069/1871
f 1530/5069/1871 1533/5074/1876 1539/5082/1884
f 1539/5090/1884 1545/5092/1892 1542/5096/1896
f 1542/5096/1896 1545/5092/1892 1551/5100/1900
f 1551/5100/1900 1557/5108/1908 1554/5103/1903
f 1554/5103/1903 1557/5108/1908 1563/5116/1916
f 1563/5124/1916 1569/5126/1924 1566/5130/1928
f 1569/5126/1924 1575/5134/1932 1572/5129/1927
f 1575/5134/1932 1581/5141/1939 1578/5137/1935
f 1581/6910/1939 1587/5150/1947 1584/5145/1943
f 1667/5276/2064 1589/5163/1959 1595/5174/1970
f 1595/5174/1970 1601/5183/1978 1607/5182/1977
f 1607/5182/1977 1613/5192/1986 1619/5209/2002
f 1619/5209/2002 1625/5218/2010 1631/5217/2009
f 1631/5217/2009 1637/5226/2018 1643/5243/2034
f 1643/5243/2034 1649/5252/2042 1655/5260/2050
f 1655/5260/2050 1661/5269/2058 1667/5276/2064
f 1667/5276/2064 1595/5174/1970 1607/5182/1977
f 1607/5182/1977 1619/5209/2002 1631/5217/2009
f 1631/5217/2009 1643/5243/2034 1655/5260/2050
f 1655/5260/2050 1667/5276/2064 1607/5182/1977
f 1593/5277/2065 1599/5165/1961 1596/5159/1955
f 1668/5265/2055 1671/5272/2060 1593/5277/2065
f 1604/5178/1974 1598/5169/1965 1592/5278/2066
f 1592/5278/2066 1670/5273/2061 1664/5263/2053
f 1664/5263/2053 1658/5255/2045 1652/5248/2038
f 1652/5248/2038 1646/5237/2029 1640/5230/2022
f 1640/5230/2022 1634/5222/2014 1628/5214/2006
f 1628/5214/2006 1622/5204/1998 1616/5195/1989
f 1616/5195/1989 1610/5187/1981 1604/5178/1974
f 1604/5178/1974 1592/5278/2066 1664/5263/2053
f 1664/5263/2053 1652/5248/2038 1640/5230/2022
f 1640/5230/2022 1628/5214/2006 1616/5195/1989
f 1616/5195/1989 1604/5178/1974 1664/5263/2053
f 1599/5165/1961 1605/5176/1972 1602/5171/1967
f 1602/5179/1967 1605/7522/1972 1611/5184/1979
f 1611/5184/1979 1617/5194/1988 1614/5189/1983
f 1617/5194/1988 1623/5202/1996 1620/5197/1991
f 1623/6911/1996 1629/5210/2003 1626/5216/2008
f 1626/5216/2008 1629/5210/2003 1635/5220/2012
f 1635/5220/2012 1641/5227/2019 1638/5223/2015
f 1638/5223/2015 1641/5227/2019 1647/5236/2028
f 1647/6912/2028 1653/5244/2035 1650/5239/2031
f 1653/5244/2035 1659/5254/2044 1656/5249/2039
f 1656/5249/2039 1659/5254/2044 1665/5261/2051
f 1665/5270/2051 1671/5272/2060 1668/5265/2055
f 1691/1403/645 1673/1392/634 1675/1394/636
f 1675/1394/636 347/496/92 349/500/95
f 349/500/95 1692/1402/644 1691/1403/645
f 1826/5400/706 1674/5283/637 1678/5282/2068
f 1673/6914/634 1691/5296/645 1695/5295/2077
f 1674/1395/637 1826/1464/706 1828/1466/708
f 1828/1466/708 365/494/91 347/496/92
f 347/496/92 1675/1394/636 1674/1395/637
f 1830/5398/2147 1678/5282/2068 1681/5286/2071
f 1680/6916/2069 1677/6915/2067 1695/5295/2077
f 1833/5403/2149 1681/5286/2071 1684/5291/2075
f 1680/6916/2069 1698/5299/2080 1701/5304/2084
f 1836/5408/2153 1684/5291/2075 1686/6918/638
f 1683/6917/2074 1701/5304/2084 1703/6920/646
f 348/499/94 366/498/93 1841/1470/712
f 1841/1470/712 1840/1471/713 1686/1396/638
f 1686/1396/638 1688/1398/640 348/499/94
f 350/501/96 348/499/94 1688/1398/640
f 1688/1398/640 1687/1399/641 1703/1404/646
f 1703/1404/646 1705/1406/648 350/501/96
f 1708/1411/653 1690/1400/642 1692/1402/644
f 1692/1402/644 349/500/95 351/503/98
f 351/503/98 1709/1410/652 1708/1411/653
f 1694/5292/2076 1690/5294/642 1708/5309/653
f 1694/5292/2076 1712/5308/2086 1715/5312/2089
f 1700/5302/2083 1697/5297/2078 1715/5312/2089
f 1704/6922/649 1700/5302/2083 1718/5317/2093
f 352/502/97 350/501/96 1705/1406/648
f 1705/1406/648 1704/1407/649 1720/1412/654
f 1720/1412/654 1722/1414/656 352/502/97
f 1725/1419/661 1707/1408/650 1709/1410/652
f 1709/1410/652 351/503/98 353/504/99
f 353/504/99 1726/1418/660 1725/1419/661
f 1707/5307/650 1725/5323/661 1729/5322/2095
f 1714/5310/2087 1711/5305/2085 1729/5322/2095
f 1714/5310/2087 1732/6924/2098 1735/6925/2102
f 1717/5315/2092 1735/6925/2102 1737/6926/662
f 354/505/100 352/502/97 1722/1414/656
f 1722/1414/656 1721/1415/657 1737/1420/662
f 1737/1420/662 1739/1422/664 354/505/100
f 1742/1427/669 1724/1416/658 1726/1418/660
f 1726/1418/660 353/504/99 355/506/101
f 355/506/101 1743/1426/668 1742/1427/669
f 1724/5320/658 1742/5337/669 1746/5336/2104
f 1731/5324/2096 1728/5318/2094 1746/5336/2104
f 1731/5324/2096 1749/5340/2107 1752/5345/2110
f 1734/5330/2101 1752/5345/2110 1754/6928/670
f 356/507/102 354/505/100 1739/1422/664
f 1739/1422/664 1738/1423/665 1754/1428/670
f 1754/1428/670 1756/1430/672 356/507/102
f 1759/1435/677 1741/1424/666 1743/1426/668
f 1743/1426/668 355/506/101 357/508/103
f 357/508/103 1760/1434/676 1759/1435/677
f 1745/5333/2103 1741/5335/666 1759/5350/677
f 1745/5333/2103 1763/5349/2112 1766/5353/2115
f 1751/5343/2109 1748/5338/2105 1766/5353/2115
f 1751/5343/2109 1769/5358/2119 1771/6930/678
f 358/509/104 356/507/102 1756/1430/672
f 1756/1430/672 1755/1431/673 1771/1436/678
f 1771/1436/678 1773/1438/680 358/509/104
f 1776/1443/685 1758/1432/674 1760/1434/676
f 1760/1434/676 357/508/103 359/510/105
f 359/510/105 1777/1442/684 1776/1443/685
f 1762/6932/2111 1758/7583/674 1776/5363/685
f 1765/6933/2113 1762/6932/2111 1780/5362/2121
f 1765/6933/2113 1783/5366/2124 1786/5371/2128
f 1772/6935/681 1768/6934/2118 1786/5371/2128
f 360/511/106 358/509/104 1773/1438/680
f 1773/1438/680 1772/1439/681 1788/1444/686
f 1788/1444/686 1790/1446/688 360/511/106
f 1793/1451/693 1775/1440/682 1777/1442/684
f 1777/1442/684 359/510/105 361/512/107
f 361/512/107 1794/1450/692 1793/1451/693
f 1775/5361/682 1793/5376/693 1797/5375/2130
f 1782/5364/2122 1779/5359/2120 1797/5375/2130
f 1785/5369/2127 1782/5364/2122 1800/5379/2133
f 1789/6937/689 1785/5369/2127 1803/5384/2137
f 362/513/108 360/511/106 1790/1446/688
f 1790/1446/688 1789/1447/689 1805/1452/694
f 1805/1452/694 1807/1454/696 362/513/108
f 1810/1459/701 1792/1448/690 1794/1450/692
f 1794/1450/692 361/512/107 363/514/109
f 363/514/109 1811/1458/700 1810/1459/701
f 1796/5372/2129 1792/5374/690 1810/6939/701
f 1796/5372/2129 1814/6940/2139 1817/6941/2142
f 1802/5382/2136 1799/5377/2131 1817/6941/2142
f 1802/5382/2136 1820/6942/2146 1822/6943/702
f 364/515/110 362/513/108 1807/1454/696
f 1807/1454/696 1806/1455/697 1822/1460/702
f 1822/1460/702 1824/1462/704 364/515/110
f 1827/1467/709 1809/1456/698 1811/1458/700
f 1811/1458/700 363/514/109 365/494/91
f 365/494/91 1828/1466/708 1827/1467/709
f 1809/5387/698 1827/5402/709 1831/5401/2148
f 1813/5385/2138 1831/5401/2148 1834/5405/2151
f 1819/5395/2145 1816/5390/2140 1834/5405/2151
f 1823/6945/705 1819/5395/2145 1837/5410/2154
f 366/498/93 364/515/110 1824/1462/704
f 1824/1462/704 1823/1463/705 1839/1468/710
f 1839/1468/710 1841/1470/712 366/498/93
f 1861/1483/645 1843/1472/634 1845/1474/636
f 1845/1474/636 369/518/92 371/522/95
f 371/522/95 1862/1482/644 1861/1483/645
f 1996/5532/706 1844/5415/637 1848/5414/2068
f 1843/6947/634 1861/5428/645 1865/5427/2077
f 1844/1475/637 1996/1544/706 1998/1546/708
f 1998/1546/708 387/516/91 369/518/92
f 369/518/92 1845/1474/636 1844/1475/637
f 2000/5530/2147 1848/5414/2068 1851/5418/2071
f 1847/6948/2067 1865/5427/2077 1868/5431/2080
f 2006/5540/2153 2003/5535/2149 1851/5418/2071
f 1853/6950/2074 1850/6949/2069 1868/5431/2080
f 2006/5540/2153 1854/5423/2075 1856/6951/638
f 1853/6950/2074 1871/5436/2084 1873/6953/646
f 370/521/94 388/520/93 2011/1550/712
f 2011/1550/712 2010/1551/713 1856/1476/638
f 1856/1476/638 1858/1478/640 370/521/94
f 372/523/96 370/521/94 1858/1478/640
f 1858/1478/640 1857/1479/641 1873/1484/646
f 1873/1484/646 1875/1486/648 372/523/96
f 1878/1491/653 1860/1480/714 1862/1482/644
f 1862/1482/644 371/522/95 373/525/98
f 373/525/98 1879/1490/652 1878/1491/653
f 1860/5426/714 1878/5441/653 1882/5440/2086
f 1864/5424/2076 1882/5440/2086 1885/5444/2089
f 1870/5434/2083 1867/5429/2078 1885/5444/2089
f 1870/5434/2083 1888/5449/2093 1890/6955/654
f 374/524/97 372/523/96 1875/1486/648
f 1875/1486/648 1874/1487/649 1890/1492/654
f 1890/1492/654 1892/1494/656 374/524/97
f 1895/1499/661 1877/1488/650 1879/1490/652
f 1879/1490/652 373/525/98 375/526/99
f 375/526/99 1896/1498/660 1895/1499/661
f 1881/5437/2085 1877/5439/650 1895/5455/661
f 1884/5442/2087 1881/5437/2085 1899/5454/2095
f 1884/5442/2087 1902/6957/2098 1905/6958/2102
f 1891/6959/715 1887/5447/2092 1905/6958/2102
f 376/527/100 374/524/97 1892/1494/656
f 1892/1494/656 1891/1495/715 1907/1500/662
f 1907/1500/662 1909/1502/664 376/527/100
f 1912/1507/669 1894/1496/658 1896/1498/660
f 1896/1498/660 375/526/99 377/528/101
f 377/528/101 1913/1506/668 1912/1507/669
f 1894/5452/658 1912/5469/669 1916/5468/2155
f 1901/5456/2096 1898/5450/2094 1916/5468/2155
f 1901/5456/2096 1919/5472/2107 1922/5477/2110
f 1904/5462/2101 1922/5477/2110 1924/6961/670
f 378/529/102 376/527/100 1909/1502/664
f 1909/1502/664 1908/1503/665 1924/1508/670
f 1924/1508/670 1926/1510/672 378/529/102
f 1929/1515/677 1911/1504/666 1913/1506/668
f 1913/1506/668 377/528/101 379/530/103
f 379/530/103 1930/1514/676 1929/1515/677
f 1911/5467/666 1929/5482/677 1933/5481/2112
f 1915/5465/2103 1933/5481/2112 1936/5485/2115
f 1921/5475/2109 1918/5470/2105 1936/5485/2115
f 1921/5475/2109 1939/5490/2119 1941/6963/678
f 380/531/104 378/529/102 1926/1510/672
f 1926/1510/672 1925/1511/673 1941/1516/678
f 1941/1516/678 1943/1518/680 380/531/104
f 1946/1523/685 1928/1512/674 1930/1514/676
f 1930/1514/676 379/530/103 381/532/105
f 381/532/105 1947/1522/684 1946/1523/685
f 1928/6965/674 1946/5495/685 1950/5494/2121
f 1932/6966/2111 1950/5494/2121 1953/5498/2124
f 1935/6967/2113 1953/5498/2124 1956/5503/2128
f 1938/6968/2118 1956/5503/2128 1958/6969/686
f 382/533/106 380/531/104 1943/1518/680
f 1943/1518/680 1942/1519/681 1958/1524/686
f 1958/1524/686 1960/1526/688 382/533/106
f 1963/1531/717 1945/1520/716 1947/1522/684
f 1947/1522/684 381/532/105 383/534/107
f 383/534/107 1964/1530/692 1963/1531/717
f 1949/5491/2120 1945/5493/716 1963/5508/717
f 1952/5496/2122 1949/5491/2120 1967/5507/2130
f 1952/5496/2122 1970/5511/2133 1973/5516/2137
f 1955/5501/2127 1973/5516/2137 1975/6971/718
f 384/535/108 382/533/106 1960/1526/688
f 1960/1526/688 1959/1527/689 1975/1532/718
f 1975/1532/718 1977/1534/696 384/535/108
f 1980/1539/701 1962/1528/690 1964/1530/692
f 1964/1530/692 383/534/107 385/536/109
f 385/536/109 1981/1538/700 1980/1539/701
f 1962/5506/690 1980/7584/701 1984/6973/2139
f 1966/5504/2129 1984/6973/2139 1987/6974/2142
f 1972/5514/2136 1969/5509/2131 1987/6974/2142
f 1972/5514/2136 1990/6975/2146 1992/6976/702
f 386/537/110 384/535/108 1977/1534/696
f 1977/1534/696 1976/1535/697 1992/1540/702
f 1992/1540/702 1994/1542/704 386/537/110
f 1997/1547/709 1979/1536/698 1981/1538/700
f 1981/1538/700 385/536/109 387/516/91
f 387/516/91 1998/1546/708 1997/1547/709
f 1979/5519/698 1997/5534/709 2001/5533/2148
f 1983/5517/2138 2001/5533/2148 2004/5537/2151
f 1989/5527/2145 1986/5522/2140 2004/5537/2151
f 1989/5527/2145 2007/5542/2154 2009/6978/710
f 388/520/93 386/537/110 1994/1542/704
f 1994/1542/704 1993/1543/705 2009/1548/710
f 2009/1548/710 2011/1550/712 388/520/93
f 2091/5660/2265 2013/5548/2161 2019/5547/2160
f 2019/5547/2160 2025/5567/2179 2031/5576/2187
f 2031/5576/2187 2037/5584/2195 2043/5583/2194
f 2043/5583/2194 2049/5593/2203 2055/5610/2219
f 2055/5610/2219 2061/5618/2227 2067/5627/2235
f 2067/5627/2235 2073/5626/2234 2079/5644/2251
f 2079/5644/2251 2085/5643/2250 2091/5660/2265
f 2091/5660/2265 2019/5547/2160 2031/5576/2187
f 2031/5576/2187 2043/5583/2194 2055/5610/2219
f 2055/5610/2219 2067/5627/2235 2079/5644/2251
f 2079/5644/2251 2091/5660/2265 2031/5576/2187
f 2017/5661/2266 2023/5549/2162 2020/5543/2156
f 2095/5656/2261 2017/5661/2266 2014/5545/2158
f 2028/5562/2175 2022/5553/2166 2016/5662/2267
f 2016/5662/2267 2094/5657/2262 2088/5648/2255
f 2088/5648/2255 2082/5640/2247 2076/5632/2239
f 2076/5632/2239 2070/5621/2230 2064/5614/2223
f 2064/5614/2223 2058/5605/2214 2052/5597/2206
f 2052/5597/2206 2046/5587/2198 2040/5579/2190
f 2040/5579/2190 2034/5571/2182 2028/5562/2175
f 2028/5562/2175 2016/5662/2267 2088/5648/2255
f 2088/5648/2255 2076/5632/2239 2064/5614/2223
f 2064/5614/2223 2052/5597/2206 2040/5579/2190
f 2040/5579/2190 2028/5562/2175 2088/5648/2255
f 2020/5543/2156 2023/5549/2162 2029/5560/2173
f 2029/6980/2173 2035/5568/2180 2032/5563/2176
f 2035/5568/2180 2041/5578/2189 2038/5573/2184
f 2038/5573/2184 2041/5578/2189 2047/5586/2197
f 2047/6982/2197 2053/5594/2204 2050/5599/2208
f 2053/5594/2204 2059/5604/2213 2056/5607/2216
f 2059/5604/2213 2065/5612/2221 2062/5615/2224
f 2062/5615/2224 2065/5612/2221 2071/5619/2228
f 2071/6984/2228 2077/5628/2236 2074/5623/2232
f 2077/5628/2236 2083/5638/2245 2080/5633/2240
f 2080/5633/2240 2083/5638/2245 2089/5645/2252
f 2089/5654/2252 2095/5656/2261 2092/5649/2256
f 2175/5772/2370 2097/5667/2272 2103/5678/2283
f 2103/5678/2283 2109/5677/2282 2115/5696/2299
f 2115/5696/2299 2121/5704/2307 2127/5703/2306
f 2127/5703/2306 2133/5713/2315 2139/5730/2331
f 2139/5730/2331 2145/5729/2330 2151/5747/2347
f 2151/5747/2347 2157/5756/2355 2163/5764/2363
f 2163/5764/2363 2169/5773/2371 2175/5772/2370
f 2175/5772/2370 2103/5678/2283 2115/5696/2299
f 2115/5696/2299 2127/5703/2306 2139/5730/2331
f 2139/5730/2331 2151/5747/2347 2163/5764/2363
f 2163/5764/2363 2175/5772/2370 2115/5696/2299
f 2101/5669/2274 2107/5671/2276 2104/5675/2280
f 2176/5779/2376 2179/5774/2372 2101/5669/2274
f 2112/5682/2287 2106/5674/2279 2100/5673/2278
f 2100/5673/2278 2178/5777/2374 2172/5767/2366
f 2172/5767/2366 2166/5759/2358 2160/5752/2351
f 2160/5752/2351 2154/5742/2343 2148/5733/2334
f 2148/5733/2334 2142/5725/2326 2136/5717/2318
f 2136/5717/2318 2130/5707/2310 2124/5700/2303
f 2124/5700/2303 2118/5692/2295 2112/5682/2287
f 2112/5682/2287 2100/5673/2278 2172/5767/2366
f 2172/5767/2366 2160/5752/2351 2148/5733/2334
f 2148/5733/2334 2136/5717/2318 2124/5700/2303
f 2124/5700/2303 2112/5682/2287 2172/5767/2366
f 2104/5675/2280 2107/5671/2276 2113/5679/2284
f 2113/6987/2284 2119/5688/2292 2116/5694/2297
f 2119/5688/2292 2125/5698/2301 2122/5693/2296
f 2125/5698/2301 2131/5705/2308 2128/6988/2312
f 2131/5714/2308 2137/5716/2317 2134/5720/2321
f 2137/5716/2317 2143/5723/2324 2140/5719/2320
f 2140/5719/2320 2143/5723/2324 2149/5731/2332
f 2149/5731/2332 2155/5740/2341 2152/5735/2336
f 2152/5745/2336 2155/7540/2341 2161/5748/2348
f 2161/5748/2348 2167/5758/2357 2164/5753/2352
f 2164/5753/2352 2167/5758/2357 2173/5766/2365
f 2173/6990/2365 2179/5774/2372 2176/5779/2376
f 2202/6991/730 2184/1552/719 2186/1554/721
f 2186/1554/721 2181/5876/2459 2199/5795/2389
f 2199/5795/2389 2203/7585/729 2202/6991/730
f 2185/1556/722 2337/1640/791 2339/1642/793
f 2339/1642/793 2335/7021/2455 2181/6993/2459
f 2181/6993/2459 2186/1557/721 2185/1556/722
f 2341/5864/2448 2337/1640/791 2185/1556/722
f 2188/6994/2380 2184/7586/719 2202/1567/730
f 2341/5864/2448 2189/5785/2381 2191/1558/723
f 2188/6994/2380 2206/5788/2383 2208/1568/731
f 2196/5875/2458 2348/5869/2452 2346/6996/797
f 2346/6996/797 2345/7587/798 2191/6997/723
f 2191/6997/723 2193/1563/725 2196/5875/2458
f 2212/5794/2388 2196/5875/2458 2193/1563/725
f 2193/1563/725 2192/1562/726 2208/6998/731
f 2208/6998/731 2210/7588/733 2212/5794/2388
f 2219/1575/738 2201/1564/727 2203/1566/729
f 2203/1566/729 2199/7589/2389 2216/7000/2397
f 2216/7000/2397 2220/1574/737 2219/1575/738
f 2201/1564/727 2219/1575/738 2223/5801/2395
f 2205/5787/2382 2223/5801/2395 2225/1576/739
f 2229/7001/2399 2212/7590/2388 2210/1570/733
f 2210/1570/733 2209/1571/734 2225/1576/739
f 2225/1576/739 2227/1578/741 2229/7001/2399
f 2236/1584/746 2218/7591/735 2220/7002/737
f 2220/7002/737 2216/5804/2397 2233/5813/2404
f 2233/5813/2404 2237/1585/745 2236/1584/746
f 2218/1572/735 2236/7592/746 2240/7003/2402
f 2226/1579/742 2222/5800/2394 2240/7003/2402
f 2246/5820/2410 2229/5806/2399 2227/7005/741
f 2227/7005/741 2226/7593/742 2242/1586/747
f 2242/1586/747 2244/1588/749 2246/5820/2410
f 2253/1595/754 2235/1580/743 2237/1582/745
f 2237/1582/745 2233/7594/2404 2250/7006/2422
f 2250/7006/2422 2254/1594/753 2253/1595/754
f 2235/1580/743 2253/1595/754 2257/5818/2409
f 2239/5808/2401 2257/5818/2409 2259/1596/755
f 2263/5831/2419 2246/5820/2410 2244/1588/749
f 2244/1588/749 2243/7595/750 2259/7007/755
f 2259/7007/755 2261/7009/757 2263/5831/2419
f 2270/1604/762 2252/1592/751 2254/1594/753
f 2254/1594/753 2250/7006/2422 2267/7008/2431
f 2267/7008/2431 2271/1605/761 2270/1604/762
f 2256/5817/2408 2252/1592/751 2270/1604/762
f 2256/5817/2408 2274/5828/2417 2276/1606/763
f 2280/5830/2418 2263/5831/2419 2261/7009/757
f 2261/7009/757 2260/7596/758 2276/7010/763
f 2276/7010/763 2278/1611/765 2280/5830/2418
f 2287/7011/770 2269/1600/759 2271/1602/761
f 2271/1602/761 2267/5844/2431 2284/5843/2430
f 2284/5843/2430 2288/7597/769 2287/7011/770
f 2273/7012/2416 2269/7598/759 2287/1615/770
f 2273/7012/2416 2291/5836/2424 2293/1616/771
f 2297/5838/2425 2280/5830/2418 2278/1611/765
f 2278/1611/765 2277/1610/766 2293/7014/771
f 2293/7014/771 2295/7599/773 2297/5838/2425
f 2304/1623/778 2286/1612/767 2288/1614/769
f 2288/1614/769 2284/7600/2430 2301/7015/2436
f 2301/7015/2436 2305/1622/777 2304/1623/778
f 2286/1612/767 2304/1623/778 2308/5846/2433
f 2290/5835/2423 2308/5846/2433 2310/1624/779
f 2314/7016/2440 2297/7601/2425 2295/1618/773
f 2295/1618/773 2294/1619/774 2310/1624/779
f 2310/1624/779 2312/1626/781 2314/7016/2440
f 2321/1632/786 2303/7602/775 2305/7017/777
f 2305/7017/777 2301/5850/2436 2318/5870/2453
f 2318/5870/2453 2322/1633/785 2321/1632/786
f 2303/1620/775 2321/7603/786 2325/7018/2442
f 2311/1627/782 2307/5845/2432 2325/7018/2442
f 2331/5863/2447 2314/5854/2440 2312/7020/781
f 2312/7020/781 2311/7604/782 2327/1634/787
f 2327/1634/787 2329/1636/789 2331/5863/2447
f 2338/1643/794 2320/1628/783 2322/1630/785
f 2322/1630/785 2318/7605/2453 2335/7021/2455
f 2335/7021/2455 2339/1642/793 2338/1643/794
f 2320/1628/783 2338/1643/794 2342/5865/2449
f 2328/1638/790 2324/5855/2441 2342/5865/2449
f 2348/5869/2452 2331/5863/2447 2329/1636/789
f 2329/1636/789 2328/7606/790 2344/7022/795
f 2344/7022/795 2346/6996/797 2348/5869/2452
f 2372/7023/730 2354/1648/719 2356/1650/721
f 2356/1650/721 2351/5969/2459 2369/5888/2389
f 2369/5888/2389 2373/7607/729 2372/7023/730
f 2355/1652/722 2507/1736/791 2509/1738/802
f 2509/1738/802 2505/7053/2455 2351/7025/2459
f 2351/7025/2459 2356/1653/721 2355/1652/722
f 2511/5957/2448 2507/1736/791 2355/1652/722
f 2358/7026/2380 2354/7608/719 2372/1663/730
f 2511/5957/2448 2359/5879/2381 2361/1654/723
f 2358/7026/2380 2376/5882/2383 2378/1664/731
f 2366/5968/2458 2518/5962/2452 2516/7028/797
f 2516/7028/797 2515/7609/798 2361/7029/723
f 2361/7029/723 2363/1659/725 2366/5968/2458
f 2382/5887/2388 2366/5968/2458 2363/1659/725
f 2363/1659/725 2362/1658/726 2378/7030/731
f 2378/7030/731 2380/7610/733 2382/5887/2388
f 2389/1671/738 2371/1660/727 2373/1662/729
f 2373/1662/729 2369/7611/2389 2386/7032/2397
f 2386/7032/2397 2390/1670/799 2389/1671/738
f 2375/5881/2382 2371/1660/727 2389/1671/738
f 2375/5881/2382 2393/5893/2395 2395/1672/739
f 2399/7033/2399 2382/7612/2388 2380/1666/733
f 2380/1666/733 2379/1667/734 2395/1672/739
f 2395/1672/739 2397/1674/741 2399/7033/2399
f 2406/1680/746 2388/7613/735 2390/7034/799
f 2390/7034/799 2386/5896/2397 2403/5905/2404
f 2403/5905/2404 2407/1681/745 2406/1680/746
f 2388/1668/735 2406/7614/746 2410/7035/2402
f 2396/1675/742 2392/5892/2460 2410/7035/2402
f 2416/5914/2410 2399/5898/2399 2397/7037/741
f 2397/7037/741 2396/7615/742 2412/1682/747
f 2412/1682/747 2414/1684/749 2416/5914/2410
f 2423/1691/754 2405/1676/743 2407/1678/745
f 2407/1678/745 2403/7616/2404 2420/7038/2422
f 2420/7038/2422 2424/1690/753 2423/1691/754
f 2405/1676/743 2423/1691/754 2427/5911/2409
f 2409/5900/2401 2427/5911/2409 2429/1692/755
f 2433/5913/2419 2416/5914/2410 2414/1684/749
f 2414/1684/749 2413/7617/750 2429/7039/755
f 2429/7039/755 2431/7041/800 2433/5913/2419
f 2440/1700/762 2422/1688/751 2424/1690/753
f 2424/1690/753 2420/7038/2422 2437/7040/2431
f 2437/7040/2431 2441/1701/761 2440/1700/762
f 2422/1688/751 2440/1700/762 2444/5920/2417
f 2426/5910/2408 2444/5920/2417 2446/1702/763
f 2450/5922/2418 2433/5913/2419 2431/7041/800
f 2431/7041/800 2430/7618/758 2446/7042/763
f 2446/7042/763 2448/1707/765 2450/5922/2418
f 2457/7043/770 2439/1696/759 2441/1698/761
f 2441/1698/761 2437/5926/2431 2454/5936/2430
f 2454/5936/2430 2458/7619/769 2457/7043/770
f 2443/7044/2416 2439/7620/759 2457/1711/770
f 2443/7044/2416 2461/5929/2463 2463/1712/771
f 2467/5931/2425 2450/5922/2418 2448/1707/765
f 2448/1707/765 2447/1706/766 2463/7046/771
f 2463/7046/771 2465/7621/773 2467/5931/2425
f 2474/1719/778 2456/1708/767 2458/1710/769
f 2458/1710/769 2454/7622/2430 2471/7047/2436
f 2471/7047/2436 2475/1718/777 2474/1719/778
f 2456/1708/767 2474/1719/778 2478/5938/2433
f 2460/5928/2423 2478/5938/2433 2480/1720/779
f 2484/7048/2440 2467/7623/2425 2465/1714/773
f 2465/1714/773 2464/1715/774 2480/1720/779
f 2480/1720/779 2482/1722/801 2484/7048/2440
f 2491/1728/786 2473/7624/775 2475/7049/777
f 2475/7049/777 2471/5942/2436 2488/5963/2453
f 2488/5963/2453 2492/1729/785 2491/1728/786
f 2473/1716/775 2491/7625/786 2495/7050/2442
f 2481/1723/782 2477/5937/2464 2495/7050/2442
f 2501/5956/2447 2484/5946/2440 2482/7052/801
f 2482/7052/801 2481/7626/782 2497/1730/787
f 2497/1730/787 2499/1732/789 2501/5956/2447
f 2508/1739/794 2490/1724/783 2492/1726/785
f 2492/1726/785 2488/7627/2453 2505/7053/2455
f 2505/7053/2455 2509/1738/802 2508/1739/794
f 2490/1724/783 2508/1739/794 2512/5958/2449
f 2494/5947/2441 2512/5958/2449 2514/1740/795
f 2518/5962/2452 2501/5956/2447 2499/1732/789
f 2499/1732/789 2498/7628/790 2514/7054/795
f 2514/7054/795 2516/7028/797 2518/5962/2452
f 2563/1798/585 2549/1780/567 2521/1744/531
f 2530/1759/546 2544/1777/564 2536/1765/552
f 2557/1792/579 2528/1753/540 2522/1747/534
f 2542/1771/558 2529/1756/543 2556/1789/576
f 2543/1774/561 2572/1813/600 2564/1801/588
f 2571/1810/597 2558/1795/582 2550/1783/570
f 2619/1870/585 2605/1852/567 2577/1816/531
f 2586/1831/546 2600/1849/564 2592/1837/552
f 2613/1864/579 2584/1825/540 2578/1819/534
f 2598/1843/558 2585/1828/543 2612/1861/576
f 2599/1846/561 2628/1885/600 2620/1873/588
f 2627/1882/597 2614/1867/582 2606/1855/570
f 2675/1942/585 2661/1924/567 2633/1888/531
f 2642/1903/546 2656/1921/564 2648/1909/552
f 2669/1936/579 2640/1897/540 2634/1891/534
f 2654/1915/558 2641/1900/543 2668/1933/576
f 2655/1918/561 2684/1957/600 2676/1945/588
f 2683/1954/597 2670/1939/582 2662/1927/570
f 2731/2014/585 2717/1996/567 2689/1960/531
f 2698/1975/546 2712/1993/564 2704/1981/552
f 2725/2008/579 2696/1969/540 2690/1963/534
f 2710/1987/558 2697/1972/543 2724/2005/576
f 2711/1990/561 2740/2029/600 2732/2017/588
f 2739/2026/597 2726/2011/582 2718/1999/570
f 2787/2086/585 2773/2068/567 2745/2032/531
f 2754/2047/546 2768/2065/564 2760/2053/552
f 2781/2080/579 2752/2041/540 2746/2035/534
f 2766/2059/558 2753/2044/543 2780/2077/576
f 2767/2062/561 2796/2101/600 2788/2089/588
f 2795/2098/597 2782/2083/582 2774/2071/570
f 2843/2158/585 2829/2140/567 2801/2104/531
f 2810/2119/546 2824/2137/564 2816/2125/552
f 2837/2152/579 2808/2113/540 2802/2107/534
f 2822/2131/558 2809/2116/543 2836/2149/576
f 2823/2134/561 2852/2173/600 2844/2161/588
f 2851/2170/597 2838/2155/582 2830/2143/570
f 2899/2230/585 2885/2212/567 2857/2176/531
f 2866/2191/546 2880/2209/564 2872/2197/552
f 2893/2224/579 2864/2185/540 2858/2179/534
f 2878/2203/558 2865/2188/543 2892/2221/576
f 2879/2206/561 2908/2245/600 2900/2233/588
f 2907/2242/597 2894/2227/582 2886/2215/570
f 2955/2302/585 2941/2284/567 2913/2248/531
f 2922/2263/546 2936/2281/564 2928/2269/552
f 2949/2296/579 2920/2257/540 2914/2251/534
f 2934/2275/558 2921/2260/543 2948/2293/576
f 2935/2278/561 2964/2317/600 2956/2305/588
f 2963/2314/597 2950/2299/582 2942/2287/570
f 3123/2496/515 2969/2320/339 2983/2336/355
f 2983/2336/355 2997/2352/371 3011/2368/387
f 3011/2368/387 3025/2384/403 3039/2400/419
f 3039/2400/419 3053/2416/435 3067/2432/451
f 3067/2432/451 3081/2448/467 3095/2464/849
f 3095/2464/849 3109/2480/851 3123/2496/515
f 3123/2496/515 2983/2336/355 3011/2368/387
f 3011/2368/387 3039/2400/419 3067/2432/451
f 3067/2432/451 3095/2464/849 3123/2496/515
f 2977/2333/352 2992/2351/370 2984/2341/360
f 3131/2509/528 2978/2335/354 2970/2325/344
f 3004/2360/379 2990/2344/363 2976/2328/347
f 2976/2328/347 3130/2504/523 3116/2488/852
f 3116/2488/852 3102/2472/491 3088/2456/475
f 3088/2456/475 3074/2440/459 3060/2424/443
f 3060/2424/443 3046/2408/427 3032/2392/840
f 3032/2392/840 3018/2376/395 3004/2360/379
f 3004/2360/379 2976/2328/347 3116/2488/852
f 3116/2488/852 3088/2456/475 3060/2424/443
f 3060/2424/443 3032/2392/840 3004/2360/379
f 2991/2349/368 3006/7629/386 2998/6124/376
f 3005/2365/384 3020/2383/402 3012/2373/392
f 3019/2381/400 3034/2399/418 3026/2389/408
f 3033/2397/416 3048/6133/434 3040/7055/424
f 3047/2413/432 3062/2431/450 3054/2421/440
f 3061/2429/448 3076/2447/466 3068/2437/456
f 3075/7056/464 3090/2463/482 3082/2453/472
f 3089/2461/480 3104/2479/498 3096/2469/488
f 3103/2477/496 3118/2495/514 3110/2485/504
f 3117/7057/512 3132/2511/530 3124/2501/520
f 3179/2566/585 3165/2548/567 3137/2512/531
f 3146/2527/546 3160/2545/564 3152/2533/552
f 3173/2560/579 3144/2521/540 3138/2515/534
f 3158/2539/558 3145/2524/543 3172/2557/576
f 3159/2542/561 3188/2581/600 3180/2569/588
f 3187/2578/597 3174/2563/582 3166/2551/570
f 3235/2638/585 3221/2620/567 3193/2584/531
f 3202/2599/546 3216/2617/564 3208/2605/552
f 3229/2632/579 3200/2593/540 3194/2587/534
f 3214/2611/558 3201/2596/543 3228/2629/576
f 3215/2614/561 3244/2653/600 3236/2641/588
f 3243/2650/597 3230/2635/582 3222/2623/570
f 3417/6292/2549 3410/7630/972 3249/6195/874
f 3251/6193/879 3273/7631/891 3280/6211/2499
f 3417/6292/2549 3257/6194/2491 3260/6198/2494
f 3259/6196/2492 3256/6191/2490 3280/6211/2499
f 3420/6290/2551 3260/6198/2494 3263/7059/2497
f 3259/6196/2492 3283/6210/2502 3286/7061/2506
f 3423/6300/2556 3263/6203/2497 3265/2663/881
f 3266/2666/884 3262/6201/2496 3286/6218/2506
f 3272/7064/888 3296/6223/905 3303/6222/2508
f 3279/6208/2498 3303/6222/2508 3306/6226/2511
f 3282/6206/2500 3306/6226/2511 3309/7065/2514
f 3285/6216/2505 3309/6231/2514 3313/2696/914
f 3295/6221/902 3319/7632/919 3326/6239/2516
f 3305/6224/2509 3302/6219/2507 3326/6239/2516
f 3308/7067/2513 3305/6224/2509 3329/6238/2519
f 3308/6229/2513 3332/6246/2523 3336/2710/928
f 3325/6236/2515 3318/7633/916 3342/6251/933
f 3325/6236/2515 3349/6250/2525 3352/6254/2528
f 3331/7069/2522 3328/6234/2517 3352/6254/2528
f 3331/6244/2522 3355/6259/2531 3359/2724/942
f 3341/6249/930 3365/7634/947 3372/6267/2533
f 3351/6252/2526 3348/6247/2524 3372/6267/2533
f 3351/6252/2526 3375/6266/2536 3378/7071/2540
f 3357/2719/937 3354/6257/2530 3378/6274/2540
f 3364/7073/944 3388/6279/961 3395/6278/2542
f 3371/6264/2532 3395/6278/2542 3398/6282/2545
f 3374/6262/2534 3398/6282/2545 3401/7074/2548
f 3377/7075/2539 3401/7074/2548 3405/7076/970
f 3387/2740/958 3411/2757/975 3418/6289/2550
f 3394/6275/2541 3418/6295/2550 3421/6294/2553
f 3400/7079/2547 3397/6280/2543 3421/6294/2553
f 3400/6285/2547 3424/6302/2557 3428/2766/984
f 3601/6404/2549 3594/7635/1001 3433/6307/986
f 3435/6305/879 3457/7636/891 3464/6323/2499
f 3601/6404/2549 3441/6306/2491 3444/6310/2494
f 3440/6303/2490 3464/6323/2499 3467/6322/2502
f 3607/7082/2556 3604/6402/2551 3444/6310/2494
f 3443/6308/2492 3467/6322/2502 3470/7084/2506
f 3607/6412/2556 3447/6315/2497 3449/2775/881
f 3450/2778/987 3446/6313/2496 3470/6330/2506
f 3456/7087/988 3480/6335/991 3487/6334/2508
f 3466/6318/2500 3463/6320/2498 3487/6334/2508
f 3466/6318/2500 3490/6338/2511 3493/7088/2514
f 3469/6328/2505 3493/6343/2514 3497/2808/914
f 3479/6333/990 3503/7637/995 3510/6351/2516
f 3486/6331/2507 3510/6351/2516 3513/6350/2519
f 3489/6336/2509 3513/6350/2519 3516/7090/2523
f 3492/6341/2558 3516/6358/2523 3520/2822/928
f 3509/6348/2515 3502/7638/993 3526/6363/997
f 3509/6348/2515 3533/6362/2525 3536/6366/2528
f 3515/7092/2522 3512/6346/2517 3536/6366/2528
f 3518/2817/996 3515/6356/2522 3539/6371/2531
f 3525/6361/930 3549/7639/947 3556/6379/2533
f 3532/6359/2524 3556/6379/2533 3559/6378/2536
f 3535/6364/2526 3559/6378/2536 3562/7094/2540
f 3541/2831/937 3538/6369/2530 3562/6386/2540
f 3548/7096/944 3572/6391/961 3579/6390/2542
f 3555/6376/2532 3579/6390/2542 3582/6394/2545
f 3558/6374/2534 3582/6394/2545 3585/7097/2548
f 3561/7098/2539 3585/7097/2548 3589/7099/1000
f 3578/7101/2541 3571/2852/958 3595/2869/975
f 3578/6387/2541 3602/6407/2550 3605/6406/2553
f 3581/6392/2543 3605/6406/2553 3608/7102/2557
f 3584/6397/2547 3608/6414/2557 3612/2878/984
f 3659/2934/585 3645/2916/567 3617/2880/531
f 3626/2895/546 3640/2913/564 3632/2901/552
f 3653/2928/579 3624/2889/540 3618/2883/534
f 3638/2907/558 3625/2892/543 3652/2925/576
f 3639/2910/561 3668/2949/600 3660/2937/588
f 3667/2946/597 3654/2931/582 3646/2919/570
f 3715/3006/585 3701/2988/567 3673/2952/531
f 3682/2967/546 3696/2985/564 3688/2973/552
f 3709/3000/579 3680/2961/540 3674/2955/534
f 3694/2979/558 3681/2964/543 3708/2997/576
f 3695/2982/561 3724/3021/600 3716/3009/588
f 3723/3018/597 3710/3003/582 3702/2991/570
f 3729/6561/1009 3747/7640/1015 3754/6467/2564
f 3884/7105/1053 3730/6563/1010 3908/6562/2605
f 3736/6564/2492 3757/6466/2502 3760/7106/2568
f 3907/6559/2604 3754/6467/2564 3757/6466/2502
f 3894/6546/2551 3737/6566/2494 3911/7108/2609
f 3891/6548/2598 3908/6562/2605 3737/6566/2494
f 3910/6569/2608 3760/6474/2568 3764/3050/1020
f 3900/3129/1057 3897/6556/2602 3911/6571/2609
f 3746/7111/1013 3770/6479/991 3777/6478/2570
f 3753/6464/2563 3777/6478/2570 3780/6482/2511
f 3759/7112/2567 3756/6462/2500 3780/6482/2511
f 3759/6472/2567 3783/6487/2574 3787/3064/914
f 3776/6475/2569 3769/6477/990 3793/7114/1029
f 3776/6475/2569 3800/6495/2576 3803/6494/2519
f 3779/6480/2509 3803/6494/2519 3806/7115/2580
f 3785/3059/1023 3782/6485/2573 3806/6502/2580
f 3792/7117/1027 3816/6507/1035 3823/6506/2582
f 3802/6490/2517 3799/6492/2575 3823/6506/2582
f 3802/6490/2517 3826/6510/2528 3829/7118/2586
f 3805/6500/2579 3829/6515/2586 3833/3092/1037
f 3815/6505/1034 3839/7641/1040 3846/6523/2588
f 3825/6508/2526 3822/6503/2581 3846/6523/2588
f 3825/6508/2526 3849/6522/2536 3852/7120/2591
f 3831/3087/1036 3828/6513/2585 3852/6530/2591
f 3838/7122/1038 3862/6535/1048 3869/6534/2593
f 3848/6518/2534 3845/6520/2587 3869/6534/2593
f 3848/6518/2534 3872/6538/2545 3875/7123/2597
f 3851/7124/2539 3875/7123/2597 3879/7125/1000
f 3861/3108/958 3885/3125/1055 3892/6545/2599
f 3868/6531/2592 3892/6551/2599 3895/6550/2553
f 3874/7128/2596 3871/6536/2543 3895/6550/2553
f 3874/6541/2596 3898/6558/2603 3902/3134/1059
f 4091/6671/2604 3913/6673/1009 3931/7131/1015
f 4068/7132/1053 3914/6675/1010 4092/6674/2605
f 3920/6676/2492 3941/6578/2502 3944/7133/2568
f 3920/6676/2492 4091/6671/2604 3938/6579/2564
f 4078/6658/2551 3921/6678/2494 4095/7135/2609
f 4078/6658/2551 4075/6660/2598 4092/6674/2605
f 4094/6681/2608 3944/6586/2568 3948/3162/1020
f 4081/6668/2602 4095/6683/2609 3925/3148/1012
f 3930/7138/1013 3954/6591/991 3961/6590/2570
f 3940/6574/2500 3937/6576/2563 3961/6590/2570
f 3940/6574/2500 3964/6594/2511 3967/7139/2574
f 3943/6584/2567 3967/6599/2574 3971/3176/914
f 3953/6589/990 3977/7642/1029 3984/6607/2576
f 3960/6587/2569 3984/6607/2576 3987/6606/2519
f 3966/7141/2573 3963/6592/2509 3987/6606/2519
f 3966/6597/2573 3990/6614/2580 3994/3190/1033
f 3983/6604/2575 3976/7643/1027 4000/6619/1035
f 3986/6602/2517 3983/6604/2575 4007/6618/2582
f 3986/6602/2517 4010/6622/2528 4013/7143/2586
f 3989/6612/2579 4013/6627/2586 4017/3204/1037
f 3999/6617/1034 4023/7644/1040 4030/6635/2588
f 4006/6615/2581 4030/6635/2588 4033/6634/2536
f 4009/6620/2526 4033/6634/2536 4036/7145/2591
f 4012/6625/2585 4036/6642/2591 4040/3218/1045
f 4022/7147/1038 4046/6647/1048 4053/6646/2593
f 4029/6632/2587 4053/6646/2593 4056/6650/2545
f 4032/6630/2534 4056/6650/2545 4059/7148/2597
f 4035/7149/2610 4059/7148/2597 4063/7150/1000
f 4045/3220/958 4069/3237/1055 4076/6657/2599
f 4055/6648/2543 4052/6643/2592 4076/6663/2599
f 4055/6648/2543 4079/6662/2553 4082/7153/2603
f 4058/6653/2596 4082/6670/2603 4086/3246/1059
f 4375/3560/515 4221/3384/339 4235/3400/1188
f 4235/3400/1188 4249/3416/371 4263/3432/387
f 4263/3432/387 4277/3448/1198 4291/3464/419
f 4291/3464/419 4305/3480/435 4319/3496/1204
f 4319/3496/1204 4333/3512/467 4347/3528/483
f 4347/3528/483 4361/3544/851 4375/3560/515
f 4375/3560/515 4235/3400/1188 4263/3432/387
f 4263/3432/387 4291/3464/419 4319/3496/1204
f 4319/3496/1204 4347/3528/483 4375/3560/515
f 4229/3397/352 4244/3415/370 4236/3405/360
f 4383/3573/528 4230/3399/354 4222/3389/344
f 4256/3424/1193 4242/3408/363 4228/3392/347
f 4228/3392/347 4382/3568/523 4368/3552/852
f 4368/3552/852 4354/3536/491 4340/3520/1209
f 4340/3520/1209 4326/3504/459 4312/3488/443
f 4312/3488/443 4298/3472/427 4284/3456/411
f 4284/3456/411 4270/3440/395 4256/3424/1193
f 4256/3424/1193 4228/3392/347 4368/3552/852
f 4368/3552/852 4340/3520/1209 4312/3488/443
f 4312/3488/443 4284/3456/411 4256/3424/1193
f 4243/3413/368 4258/7645/386 4250/6717/376
f 4257/3429/384 4272/3447/402 4264/3437/392
f 4271/3445/400 4286/3463/418 4278/3453/408
f 4285/3461/416 4300/6723/434 4292/7158/424
f 4299/3477/432 4314/3495/450 4306/3485/440
f 4313/3493/448 4328/3511/466 4320/3501/456
f 4327/6727/464 4342/3527/482 4334/3517/472
f 4341/3525/480 4356/3543/498 4348/3533/488
f 4355/3541/496 4370/3559/514 4362/3549/504
f 4369/6731/512 4384/3575/530 4376/3565/520
f 4445/3644/1289 4389/3576/1217 4403/3592/1235
f 4403/3592/1235 4417/3608/1253 4431/3626/1271
f 4397/3587/1229 4412/6737/1250 4404/7159/1238
f 4453/7160/1301 4398/3590/1232 4390/3579/1220
f 4424/3617/1262 4410/3600/1244 4396/3584/1226
f 4396/3584/1226 4452/3652/1298 4438/3635/1280
f 4411/3603/1247 4426/3623/1268 4418/3611/1256
f 4425/3620/1265 4440/3641/1286 4432/3629/1274
f 4439/3638/1283 4454/3658/1304 4446/3647/1292
f 4515/3728/1289 4459/3660/1217 4473/3676/1235
f 4473/3676/1235 4487/3692/1253 4501/3710/1271
f 4461/3666/1223 4467/3671/1307 4482/6758/1250
f 4523/6772/1324 4468/3674/1232 4460/3663/1220
f 4494/3701/1262 4480/3684/1244 4466/3668/1226
f 4466/3668/1226 4522/3736/1298 4508/3719/1280
f 4481/3687/1247 4496/3707/1268 4488/3695/1314
f 4495/3704/1265 4510/3725/1286 4502/3713/1274
f 4509/3722/1283 4524/3742/1304 4516/3731/1292
f 4585/3812/1289 4529/3744/1217 4543/3760/1235
f 4543/3760/1235 4557/3776/1253 4571/3794/1271
f 4537/3755/1307 4552/6777/1250 4544/7162/1238
f 4593/7163/1301 4538/3758/1327 4530/3747/1220
f 4564/3785/1262 4550/3768/1244 4536/3752/1226
f 4536/3752/1226 4592/3820/1298 4578/3803/1280
f 4551/3771/1247 4566/3791/1268 4558/3779/1256
f 4565/3788/1265 4580/3809/1286 4572/3797/1274
f 4579/3806/1283 4594/3826/1304 4586/3815/1292
f 4655/3896/1289 4599/3828/1217 4613/3844/1235
f 4613/3844/1235 4627/3860/1253 4641/3878/1271
f 4607/3839/1307 4622/6798/1250 4614/7164/1238
f 4663/7165/1301 4608/3842/1327 4600/3831/1220
f 4634/3869/1262 4620/3852/1244 4606/3836/1226
f 4606/3836/1226 4662/3904/1298 4648/3887/1280
f 4621/3855/1247 4636/3875/1268 4628/3863/1256
f 4635/3872/1265 4650/3893/1286 4642/3881/1274
f 4649/3890/1283 4664/3910/1304 4656/3899/1292
f 4725/3980/1289 4669/3912/1217 4683/3928/1235
f 4683/3928/1235 4697/3944/1253 4711/3962/1271
f 4677/3923/1307 4692/6819/1250 4684/6816/1238
f 4733/6836/1324 4678/3926/1232 4670/3915/1220
f 4704/3953/1262 4690/3936/1244 4676/3920/1226
f 4676/3920/1226 4732/3988/1345 4718/3971/1280
f 4691/3939/1247 4706/3959/1268 4698/3947/1314
f 4705/3956/1265 4720/3977/1286 4712/3965/1274
f 4719/3974/1283 4734/3994/1304 4726/3983/1292
f 4865/4145/1490 4739/3996/1346 4753/4012/1362
f 4753/4012/1362 4767/4029/1378 4781/4045/1394
f 4781/4045/1394 4795/4061/1410 4809/4079/1426
f 4809/4079/1426 4823/4095/1442 4837/4113/1458
f 4837/4113/1458 4851/4129/1474 4865/4145/1490
f 4865/4145/1490 4753/4012/1362 4781/4045/1394
f 4781/4045/1394 4809/4079/1426 4837/4113/1458
f 4747/4009/1359 4762/4028/1377 4754/4017/1367
f 4873/4159/1503 4748/4011/1361 4740/4001/1351
f 4774/4037/1386 4760/4020/1370 4746/4004/1354
f 4746/4004/1354 4872/4154/1498 4858/4137/1482
f 4858/4137/1482 4844/4121/1466 4830/4104/1450
f 4830/4104/1450 4816/4087/1434 4802/4070/1418
f 4802/4070/1418 4788/4053/1402 4774/4037/1386
f 4774/4037/1386 4746/4004/1354 4858/4137/1482
f 4858/4137/1482 4830/4104/1450 4802/4070/1418
f 4761/4025/1375 4776/4044/1393 4768/4034/1383
f 4775/4042/1391 4790/4060/1409 4782/4050/1399
f 4789/4058/1407 4804/4078/1425 4796/4066/1415
f 4803/4075/1423 4818/4094/1441 4810/4084/1431
f 4817/4092/1439 4832/4112/1457 4824/4100/1447
f 4831/4109/1455 4846/4128/1473 4838/4118/1463
f 4845/4126/1471 4860/4144/1489 4852/4134/1479
f 4859/4142/1487 4874/4162/1505 4866/4150/1495
