# Blender 5.2.0 LTS
# www.blender.org
o unit_freetown_brewmaster
v 0.000000 1.360000 -0.100000
v 0.000000 1.343359 -0.205066
v 0.000000 1.219847 -0.375066
v 0.000000 1.125066 -0.423359
v 0.000000 1.020000 -0.440000
v 0.000000 0.744934 -0.299847
v 0.000000 0.696641 -0.205066
v 0.000000 0.680000 -0.100000
v 0.045586 1.343359 -0.194661
v 0.086710 1.295066 -0.280056
v 0.119347 1.219847 -0.347826
v 0.140300 1.125066 -0.391337
v 0.147520 1.020000 -0.406329
v 0.140300 0.914934 -0.391337
v 0.119347 0.820153 -0.347826
v 0.086710 0.744934 -0.280056
v 0.045586 0.696641 -0.194661
v 0.082144 1.343359 -0.165507
v 0.156247 1.295066 -0.224603
v 0.215055 1.219847 -0.271501
v 0.252812 1.125066 -0.301611
v 0.265823 1.020000 -0.311987
v 0.252812 0.914934 -0.301611
v 0.215055 0.820153 -0.271501
v 0.156247 0.744934 -0.224603
v 0.082144 0.696641 -0.165507
v 0.102432 1.343359 -0.123379
v 0.194836 1.295066 -0.144470
v 0.268169 1.219847 -0.161208
v 0.315252 1.125066 -0.171954
v 0.331475 1.020000 -0.175657
v 0.315252 0.914934 -0.171954
v 0.268169 0.820153 -0.161208
v 0.194836 0.744934 -0.144470
v 0.102432 0.696641 -0.123379
v 0.102432 1.343359 -0.076621
v 0.194836 1.295066 -0.055530
v 0.268169 1.219847 -0.038792
v 0.315252 1.125066 -0.028046
v 0.331475 1.020000 -0.024343
v 0.315252 0.914934 -0.028046
v 0.268169 0.820153 -0.038792
v 0.194836 0.744934 -0.055530
v 0.102432 0.696641 -0.076621
v 0.082144 1.343359 -0.034493
v 0.156247 1.295066 0.024603
v 0.215055 1.219847 0.071501
v 0.252812 1.125066 0.101611
v 0.265823 1.020000 0.111987
v 0.252812 0.914934 0.101611
v 0.215055 0.820153 0.071501
v 0.156247 0.744934 0.024603
v 0.082144 0.696641 -0.034493
v 0.045586 1.343359 -0.005339
v 0.086710 1.295066 0.080056
v 0.119347 1.219847 0.147826
v 0.140300 1.125066 0.191337
v 0.147520 1.020000 0.206329
v 0.140300 0.914934 0.191337
v 0.119347 0.820153 0.147826
v 0.086710 0.744934 0.080056
v 0.045586 0.696641 -0.005339
v -0.000000 1.343359 0.005066
v -0.000000 1.295066 0.099847
v -0.000000 1.219847 0.175066
v -0.000000 1.125066 0.223359
v -0.000000 1.020000 0.240000
v -0.000000 0.914934 0.223359
v -0.000000 0.820153 0.175066
v -0.000000 0.744934 0.099847
v -0.000000 0.696641 0.005066
v -0.045586 1.343359 -0.005339
v -0.086710 1.295066 0.080056
v -0.119347 1.219847 0.147826
v -0.140300 1.125066 0.191337
v -0.147521 1.020000 0.206329
v -0.140300 0.914934 0.191337
v -0.119347 0.820153 0.147826
v -0.086710 0.744934 0.080056
v -0.045586 0.696641 -0.005339
v -0.082144 1.343359 -0.034493
v -0.156247 1.295066 0.024603
v -0.215055 1.219847 0.071501
v -0.252813 1.125066 0.101611
v -0.265823 1.020000 0.111987
v -0.252813 0.914934 0.101611
v -0.215055 0.820153 0.071501
v -0.156247 0.744934 0.024603
v -0.082144 0.696641 -0.034493
v -0.102432 1.343359 -0.076621
v -0.194836 1.295066 -0.055530
v -0.268169 1.219847 -0.038792
v -0.315252 1.125066 -0.028046
v -0.331476 1.020000 -0.024343
v -0.315252 0.914934 -0.028046
v -0.268169 0.820153 -0.038792
v -0.194836 0.744934 -0.055530
v -0.102432 0.696641 -0.076621
v -0.102432 1.343359 -0.123379
v -0.194836 1.295066 -0.144470
v -0.268169 1.219847 -0.161208
v -0.315252 1.125066 -0.171954
v -0.331476 1.020000 -0.175657
v -0.315252 0.914934 -0.171954
v -0.268169 0.820153 -0.161208
v -0.194836 0.744934 -0.144470
v -0.102432 0.696641 -0.123379
v -0.082144 1.343359 -0.165507
v -0.156247 1.295066 -0.224603
v -0.215055 1.219847 -0.271501
v -0.252812 1.125066 -0.301611
v -0.265823 1.020000 -0.311987
v -0.252812 0.914934 -0.301611
v -0.215055 0.820153 -0.271501
v -0.156247 0.744934 -0.224603
v -0.082144 0.696641 -0.165507
v -0.045586 1.343359 -0.194661
v -0.086710 1.295066 -0.280056
v -0.119346 1.219847 -0.347826
v -0.140300 1.125066 -0.391337
v -0.147520 1.020000 -0.406330
v -0.140300 0.914934 -0.391337
v -0.119346 0.820153 -0.347826
v -0.086710 0.744934 -0.280056
v -0.045586 0.696641 -0.194661
v 0.000000 1.295066 -0.299847
v 0.000000 0.914934 -0.423359
v 0.000000 0.820153 -0.375066
v -0.120000 0.518000 -0.020000
v -0.120000 0.495154 -0.075154
v -0.120000 0.469849 -0.092063
v -0.120000 0.440000 -0.098000
v -0.120000 0.410151 -0.092063
v -0.120000 0.384846 -0.075154
v -0.120000 0.362000 -0.020000
v -0.105075 0.512063 -0.045850
v -0.092423 0.495154 -0.067765
v -0.083969 0.469849 -0.082408
v -0.081000 0.440000 -0.087550
v -0.083969 0.410151 -0.082408
v -0.092423 0.384846 -0.067765
v -0.105075 0.367937 -0.045850
v -0.094150 0.512063 -0.034925
v -0.072235 0.495154 -0.047577
v -0.057592 0.469849 -0.056031
v -0.052450 0.440000 -0.059000
v -0.057592 0.410151 -0.056031
v -0.072235 0.384846 -0.047577
v -0.094150 0.367937 -0.034925
v -0.090151 0.512063 -0.020000
v -0.064846 0.495154 -0.020000
v -0.047937 0.469849 -0.020000
v -0.042000 0.440000 -0.020000
v -0.047937 0.410151 -0.020000
v -0.064846 0.384846 -0.020000
v -0.090151 0.367937 -0.020000
v -0.094150 0.512063 -0.005075
v -0.072235 0.495154 0.007577
v -0.057592 0.469849 0.016031
v -0.052450 0.440000 0.019000
v -0.057592 0.410151 0.016031
v -0.072235 0.384846 0.007577
v -0.094150 0.367937 -0.005075
v -0.105075 0.512063 0.005850
v -0.092423 0.495154 0.027765
v -0.083969 0.469849 0.042408
v -0.081000 0.440000 0.047550
v -0.083969 0.410151 0.042408
v -0.092423 0.384846 0.027765
v -0.105075 0.367937 0.005850
v -0.120000 0.512063 0.009849
v -0.120000 0.495154 0.035154
v -0.120000 0.469849 0.052063
v -0.120000 0.440000 0.058000
v -0.120000 0.410151 0.052063
v -0.120000 0.384846 0.035154
v -0.120000 0.367937 0.009849
v -0.134925 0.512063 0.005850
v -0.147577 0.495154 0.027765
v -0.156031 0.469849 0.042408
v -0.159000 0.440000 0.047550
v -0.156031 0.410151 0.042408
v -0.147577 0.384846 0.027765
v -0.134925 0.367937 0.005850
v -0.145850 0.512063 -0.005075
v -0.167765 0.495154 0.007577
v -0.182408 0.469849 0.016031
v -0.187550 0.440000 0.019000
v -0.182408 0.410151 0.016031
v -0.167765 0.384846 0.007577
v -0.145850 0.367937 -0.005075
v -0.149849 0.512063 -0.020000
v -0.175154 0.495154 -0.020000
v -0.192063 0.469849 -0.020000
v -0.198000 0.440000 -0.020000
v -0.192063 0.410151 -0.020000
v -0.175154 0.384846 -0.020000
v -0.149849 0.367937 -0.020000
v -0.145850 0.512063 -0.034925
v -0.167765 0.495154 -0.047577
v -0.182408 0.469849 -0.056031
v -0.187550 0.440000 -0.059000
v -0.182408 0.410151 -0.056031
v -0.167765 0.384846 -0.047577
v -0.145850 0.367937 -0.034925
v -0.134925 0.512063 -0.045850
v -0.147577 0.495154 -0.067765
v -0.156031 0.469849 -0.082408
v -0.159000 0.440000 -0.087550
v -0.156031 0.410151 -0.082408
v -0.147577 0.384846 -0.067765
v -0.134925 0.367937 -0.045850
v -0.120000 0.512063 -0.049849
v -0.120000 0.367937 -0.049849
v 0.120000 0.518000 -0.020000
v 0.120000 0.495154 -0.075154
v 0.120000 0.469849 -0.092063
v 0.120000 0.440000 -0.098000
v 0.120000 0.410151 -0.092063
v 0.120000 0.384846 -0.075154
v 0.120000 0.362000 -0.020000
v 0.134925 0.512063 -0.045850
v 0.147577 0.495154 -0.067765
v 0.156031 0.469849 -0.082408
v 0.159000 0.440000 -0.087550
v 0.156031 0.410151 -0.082408
v 0.147577 0.384846 -0.067765
v 0.134925 0.367937 -0.045850
v 0.145850 0.512063 -0.034925
v 0.167765 0.495154 -0.047577
v 0.182408 0.469849 -0.056031
v 0.187550 0.440000 -0.059000
v 0.182408 0.410151 -0.056031
v 0.167765 0.384846 -0.047577
v 0.145850 0.367937 -0.034925
v 0.149849 0.512063 -0.020000
v 0.175154 0.495154 -0.020000
v 0.192063 0.469849 -0.020000
v 0.198000 0.440000 -0.020000
v 0.192063 0.410151 -0.020000
v 0.175154 0.384846 -0.020000
v 0.149849 0.367937 -0.020000
v 0.145850 0.512063 -0.005075
v 0.167765 0.495154 0.007577
v 0.182408 0.469849 0.016031
v 0.187550 0.440000 0.019000
v 0.182408 0.410151 0.016031
v 0.167765 0.384846 0.007577
v 0.145850 0.367937 -0.005075
v 0.134925 0.512063 0.005850
v 0.147577 0.495154 0.027765
v 0.156031 0.469849 0.042408
v 0.159000 0.440000 0.047550
v 0.156031 0.410151 0.042408
v 0.147577 0.384846 0.027765
v 0.134925 0.367937 0.005850
v 0.120000 0.512063 0.009849
v 0.120000 0.495154 0.035154
v 0.120000 0.469849 0.052063
v 0.120000 0.440000 0.058000
v 0.120000 0.410151 0.052063
v 0.120000 0.384846 0.035154
v 0.120000 0.367937 0.009849
v 0.105075 0.512063 0.005850
v 0.092423 0.495154 0.027765
v 0.083969 0.469849 0.042408
v 0.081000 0.440000 0.047550
v 0.083969 0.410151 0.042408
v 0.092423 0.384846 0.027765
v 0.105075 0.367937 0.005850
v 0.094150 0.512063 -0.005075
v 0.072235 0.495154 0.007577
v 0.057592 0.469849 0.016031
v 0.052450 0.440000 0.019000
v 0.057592 0.410151 0.016031
v 0.072235 0.384846 0.007577
v 0.094150 0.367937 -0.005075
v 0.090151 0.512063 -0.020000
v 0.064846 0.495154 -0.020000
v 0.047937 0.469849 -0.020000
v 0.042000 0.440000 -0.020000
v 0.047937 0.410151 -0.020000
v 0.064846 0.384846 -0.020000
v 0.090151 0.367937 -0.020000
v 0.094150 0.512063 -0.034925
v 0.072235 0.495154 -0.047577
v 0.057592 0.469849 -0.056031
v 0.052450 0.440000 -0.059000
v 0.057592 0.410151 -0.056031
v 0.072235 0.384846 -0.047577
v 0.094150 0.367937 -0.034925
v 0.105075 0.512063 -0.045850
v 0.092423 0.495154 -0.067765
v 0.083969 0.469849 -0.082408
v 0.081000 0.440000 -0.087550
v 0.083969 0.410151 -0.082408
v 0.092423 0.384846 -0.067765
v 0.105075 0.367937 -0.045850
v 0.120000 0.512063 -0.049849
v 0.120000 0.367937 -0.049849
v -0.260000 1.530000 0.000000
v -0.260000 1.521627 -0.042095
v -0.260000 1.462095 -0.101627
v -0.260000 1.420000 -0.110000
v -0.260000 1.377905 -0.101627
v -0.260000 1.318373 -0.042095
v -0.260000 1.310000 0.000000
v -0.238952 1.521627 -0.036455
v -0.221109 1.497782 -0.067361
v -0.209187 1.462095 -0.088011
v -0.205000 1.420000 -0.095263
v -0.209187 1.377905 -0.088011
v -0.221109 1.342218 -0.067361
v -0.238952 1.318373 -0.036455
v -0.223544 1.521627 -0.021048
v -0.192639 1.497782 -0.038891
v -0.171989 1.462095 -0.050813
v -0.164737 1.420000 -0.055000
v -0.171989 1.377905 -0.050813
v -0.192639 1.342218 -0.038891
v -0.223544 1.318373 -0.021048
v -0.217905 1.521627 0.000000
v -0.182218 1.497782 0.000000
v -0.158373 1.462095 0.000000
v -0.150000 1.420000 0.000000
v -0.158373 1.377905 0.000000
v -0.182218 1.342218 0.000000
v -0.217905 1.318373 0.000000
v -0.223544 1.521627 0.021048
v -0.192639 1.497782 0.038891
v -0.171989 1.462095 0.050813
v -0.164737 1.420000 0.055000
v -0.171989 1.377905 0.050813
v -0.192639 1.342218 0.038891
v -0.223544 1.318373 0.021048
v -0.238952 1.521627 0.036455
v -0.221109 1.497782 0.067361
v -0.209187 1.462095 0.088011
v -0.205000 1.420000 0.095263
v -0.209187 1.377905 0.088011
v -0.221109 1.342218 0.067361
v -0.238952 1.318373 0.036455
v -0.260000 1.521627 0.042095
v -0.260000 1.497782 0.077782
v -0.260000 1.462095 0.101627
v -0.260000 1.420000 0.110000
v -0.260000 1.377905 0.101627
v -0.260000 1.342218 0.077782
v -0.260000 1.318373 0.042095
v -0.281048 1.521627 0.036455
v -0.298891 1.497782 0.067361
v -0.310813 1.462095 0.088011
v -0.315000 1.420000 0.095263
v -0.310813 1.377905 0.088011
v -0.298891 1.342218 0.067361
v -0.281048 1.318373 0.036455
v -0.296455 1.521627 0.021048
v -0.327361 1.497782 0.038891
v -0.348011 1.462095 0.050813
v -0.355263 1.420000 0.055000
v -0.348011 1.377905 0.050813
v -0.327361 1.342218 0.038891
v -0.296455 1.318373 0.021048
v -0.302095 1.521627 0.000000
v -0.337782 1.497782 -0.000000
v -0.361627 1.462095 0.000000
v -0.370000 1.420000 0.000000
v -0.361627 1.377905 0.000000
v -0.337782 1.342218 -0.000000
v -0.302095 1.318373 0.000000
v -0.296455 1.521627 -0.021048
v -0.327361 1.497782 -0.038891
v -0.348011 1.462095 -0.050813
v -0.355263 1.420000 -0.055000
v -0.348011 1.377905 -0.050813
v -0.327361 1.342218 -0.038891
v -0.296455 1.318373 -0.021048
v -0.281048 1.521627 -0.036455
v -0.298891 1.497782 -0.067361
v -0.310813 1.462095 -0.088011
v -0.315000 1.420000 -0.095263
v -0.310813 1.377905 -0.088011
v -0.298891 1.342218 -0.067361
v -0.281048 1.318373 -0.036455
v -0.260000 1.497782 -0.077782
v -0.260000 1.342218 -0.077782
v 0.260000 1.530000 0.000000
v 0.260000 1.521627 -0.042095
v 0.260000 1.462095 -0.101627
v 0.260000 1.420000 -0.110000
v 0.260000 1.377905 -0.101627
v 0.260000 1.318373 -0.042095
v 0.260000 1.310000 0.000000
v 0.281048 1.521627 -0.036455
v 0.298891 1.497782 -0.067361
v 0.310813 1.462095 -0.088011
v 0.315000 1.420000 -0.095263
v 0.310813 1.377905 -0.088011
v 0.298891 1.342218 -0.067361
v 0.281048 1.318373 -0.036455
v 0.296455 1.521627 -0.021048
v 0.327361 1.497782 -0.038891
v 0.348011 1.462095 -0.050813
v 0.355263 1.420000 -0.055000
v 0.348011 1.377905 -0.050813
v 0.327361 1.342218 -0.038891
v 0.296455 1.318373 -0.021048
v 0.302095 1.521627 0.000000
v 0.337782 1.497782 0.000000
v 0.361627 1.462095 0.000000
v 0.370000 1.420000 0.000000
v 0.361627 1.377905 0.000000
v 0.337782 1.342218 0.000000
v 0.302095 1.318373 0.000000
v 0.296455 1.521627 0.021048
v 0.327361 1.497782 0.038891
v 0.348011 1.462095 0.050813
v 0.355263 1.420000 0.055000
v 0.348011 1.377905 0.050813
v 0.327361 1.342218 0.038891
v 0.296455 1.318373 0.021048
v 0.281048 1.521627 0.036455
v 0.298891 1.497782 0.067361
v 0.310813 1.462095 0.088011
v 0.315000 1.420000 0.095263
v 0.310813 1.377905 0.088011
v 0.298891 1.342218 0.067361
v 0.281048 1.318373 0.036455
v 0.260000 1.521627 0.042095
v 0.260000 1.497782 0.077782
v 0.260000 1.462095 0.101627
v 0.260000 1.420000 0.110000
v 0.260000 1.377905 0.101627
v 0.260000 1.342218 0.077782
v 0.260000 1.318373 0.042095
v 0.238952 1.521627 0.036455
v 0.221109 1.497782 0.067361
v 0.209187 1.462095 0.088011
v 0.205000 1.420000 0.095263
v 0.209187 1.377905 0.088011
v 0.221109 1.342218 0.067361
v 0.238952 1.318373 0.036455
v 0.223544 1.521627 0.021048
v 0.192639 1.497782 0.038891
v 0.171989 1.462095 0.050813
v 0.164737 1.420000 0.055000
v 0.171989 1.377905 0.050813
v 0.192639 1.342218 0.038891
v 0.223544 1.318373 0.021048
v 0.217905 1.521627 0.000000
v 0.182218 1.497782 -0.000000
v 0.158373 1.462095 0.000000
v 0.150000 1.420000 0.000000
v 0.158373 1.377905 0.000000
v 0.182218 1.342218 -0.000000
v 0.217905 1.318373 0.000000
v 0.223544 1.521627 -0.021048
v 0.192639 1.497782 -0.038891
v 0.171989 1.462095 -0.050813
v 0.164737 1.420000 -0.055000
v 0.171989 1.377905 -0.050813
v 0.192639 1.342218 -0.038891
v 0.223544 1.318373 -0.021048
v 0.238952 1.521627 -0.036455
v 0.221109 1.497782 -0.067361
v 0.209187 1.462095 -0.088011
v 0.205000 1.420000 -0.095263
v 0.209187 1.377905 -0.088011
v 0.221109 1.342218 -0.067361
v 0.238952 1.318373 -0.036455
v 0.260000 1.497782 -0.077782
v 0.260000 1.342218 -0.077782
v -0.440000 1.178000 -0.030000
v -0.440000 1.062000 -0.030000
v -0.426954 1.173585 -0.047957
v -0.426954 1.066415 -0.047957
v -0.418891 1.173585 -0.036859
v -0.418891 1.066415 -0.036859
v -0.418891 1.173585 -0.023141
v -0.418891 1.066415 -0.023141
v -0.426954 1.173585 -0.012043
v -0.426954 1.066415 -0.012043
v -0.440000 1.173585 -0.007804
v -0.440000 1.066415 -0.007804
v -0.453046 1.173585 -0.012043
v -0.453046 1.066415 -0.012043
v -0.461109 1.173585 -0.023141
v -0.461109 1.066415 -0.023141
v -0.461109 1.173585 -0.036859
v -0.461109 1.066415 -0.036859
v -0.453046 1.173585 -0.047957
v -0.453046 1.066415 -0.047957
v -0.440000 1.173585 -0.052196
v -0.440000 1.066415 -0.052196
v 0.440000 1.178000 -0.030000
v 0.440000 1.062000 -0.030000
v 0.453046 1.173585 -0.047957
v 0.453046 1.066415 -0.047957
v 0.461109 1.173585 -0.036859
v 0.461109 1.066415 -0.036859
v 0.461109 1.173585 -0.023141
v 0.461109 1.066415 -0.023141
v 0.453046 1.173585 -0.012043
v 0.453046 1.066415 -0.012043
v 0.440000 1.173585 -0.007804
v 0.440000 1.066415 -0.007804
v 0.426954 1.173585 -0.012043
v 0.426954 1.066415 -0.012043
v 0.418891 1.173585 -0.023141
v 0.418891 1.066415 -0.023141
v 0.418891 1.173585 -0.036859
v 0.418891 1.066415 -0.036859
v 0.426954 1.173585 -0.047957
v 0.426954 1.066415 -0.047957
v 0.440000 1.173585 -0.052196
v 0.440000 1.066415 -0.052196
v -0.540000 0.875000 -0.080000
v -0.540000 0.765000 -0.080000
v 0.540000 0.875000 -0.080000
v 0.540000 0.765000 -0.080000
v 0.000000 1.795000 -0.020000
v 0.000000 1.525000 -0.020000
v 0.010274 1.791615 -0.048229
v 0.020034 1.781631 -0.075042
v 0.028788 1.765547 -0.099095
v 0.036099 1.744171 -0.119182
v 0.041600 1.718574 -0.134296
v 0.045015 1.690040 -0.143678
v 0.046173 1.660000 -0.146859
v 0.045015 1.629960 -0.143678
v 0.041600 1.601426 -0.134296
v 0.036099 1.575829 -0.119182
v 0.028788 1.554453 -0.099095
v 0.020034 1.538369 -0.075042
v 0.010274 1.528385 -0.048229
v 0.019310 1.791615 -0.043012
v 0.037651 1.781631 -0.064871
v 0.054104 1.765547 -0.084479
v 0.067844 1.744171 -0.100854
v 0.078183 1.718574 -0.113175
v 0.084601 1.690040 -0.120823
v 0.086776 1.660000 -0.123416
v 0.084601 1.629960 -0.120823
v 0.078183 1.601426 -0.113175
v 0.067844 1.575829 -0.100854
v 0.054104 1.554453 -0.084479
v 0.037651 1.538369 -0.064871
v 0.019310 1.528385 -0.043012
v 0.026016 1.791615 -0.035020
v 0.050727 1.781631 -0.049287
v 0.072894 1.765547 -0.062086
v 0.091407 1.744171 -0.072774
v 0.105335 1.718574 -0.080815
v 0.113982 1.690040 -0.085808
v 0.116913 1.660000 -0.087500
v 0.113982 1.629960 -0.085808
v 0.105335 1.601426 -0.080815
v 0.091407 1.575829 -0.072774
v 0.072894 1.554453 -0.062086
v 0.050727 1.538369 -0.049287
v 0.026016 1.528385 -0.035020
v 0.029584 1.791615 -0.025216
v 0.057684 1.781631 -0.030171
v 0.082892 1.765547 -0.034616
v 0.103944 1.744171 -0.038328
v 0.119783 1.718574 -0.041121
v 0.129616 1.690040 -0.042855
v 0.132949 1.660000 -0.043443
v 0.129616 1.629960 -0.042855
v 0.119783 1.601426 -0.041121
v 0.103944 1.575829 -0.038328
v 0.082892 1.554453 -0.034616
v 0.057684 1.538369 -0.030171
v 0.029584 1.528385 -0.025216
v 0.029584 1.791615 -0.014784
v 0.057684 1.781631 -0.009829
v 0.082892 1.765547 -0.005384
v 0.103944 1.744171 -0.001672
v 0.119783 1.718574 0.001121
v 0.129616 1.690040 0.002855
v 0.132949 1.660000 0.003442
v 0.129616 1.629960 0.002855
v 0.119783 1.601426 0.001121
v 0.103944 1.575829 -0.001672
v 0.082892 1.554453 -0.005384
v 0.057684 1.538369 -0.009829
v 0.029584 1.528385 -0.014784
v 0.026016 1.791615 -0.004980
v 0.050727 1.781631 0.009287
v 0.072894 1.765547 0.022086
v 0.091407 1.744171 0.032774
v 0.105335 1.718574 0.040815
v 0.113982 1.690040 0.045808
v 0.116913 1.660000 0.047500
v 0.113982 1.629960 0.045808
v 0.105335 1.601426 0.040815
v 0.091407 1.575829 0.032774
v 0.072894 1.554453 0.022086
v 0.050727 1.538369 0.009287
v 0.026016 1.528385 -0.004980
v 0.019310 1.791615 0.003012
v 0.037651 1.781631 0.024871
v 0.054104 1.765547 0.044479
v 0.067844 1.744171 0.060854
v 0.078183 1.718574 0.073175
v 0.084601 1.690040 0.080823
v 0.086776 1.660000 0.083416
v 0.084601 1.629960 0.080823
v 0.078183 1.601426 0.073175
v 0.067844 1.575829 0.060854
v 0.054104 1.554453 0.044479
v 0.037651 1.538369 0.024871
v 0.019310 1.528385 0.003012
v 0.010274 1.791615 0.008229
v 0.020034 1.781631 0.035042
v 0.028788 1.765547 0.059095
v 0.036099 1.744171 0.079182
v 0.041600 1.718574 0.094296
v 0.045015 1.690040 0.103678
v 0.046173 1.660000 0.106858
v 0.045015 1.629960 0.103678
v 0.041600 1.601426 0.094296
v 0.036099 1.575829 0.079182
v 0.028788 1.554453 0.059095
v 0.020034 1.538369 0.035042
v 0.010274 1.528385 0.008229
v 0.000000 1.791615 0.010040
v 0.000000 1.781631 0.038574
v 0.000000 1.765547 0.064171
v 0.000000 1.744171 0.085547
v 0.000000 1.718574 0.101631
v 0.000000 1.690040 0.111615
v 0.000000 1.660000 0.115000
v 0.000000 1.629960 0.111615
v 0.000000 1.601426 0.101631
v 0.000000 1.575829 0.085547
v 0.000000 1.554453 0.064171
v 0.000000 1.538369 0.038574
v 0.000000 1.528385 0.010040
v -0.010274 1.791615 0.008229
v -0.020034 1.781631 0.035042
v -0.028788 1.765547 0.059095
v -0.036099 1.744171 0.079182
v -0.041600 1.718574 0.094296
v -0.045015 1.690040 0.103678
v -0.046173 1.660000 0.106858
v -0.045015 1.629960 0.103678
v -0.041600 1.601426 0.094296
v -0.036099 1.575829 0.079182
v -0.028788 1.554453 0.059095
v -0.020034 1.538369 0.035042
v -0.010274 1.528385 0.008229
v -0.019310 1.791615 0.003012
v -0.037651 1.781631 0.024871
v -0.054104 1.765547 0.044479
v -0.067844 1.744171 0.060854
v -0.078183 1.718574 0.073175
v -0.084601 1.690040 0.080823
v -0.086776 1.660000 0.083416
v -0.084601 1.629960 0.080823
v -0.078183 1.601426 0.073175
v -0.067844 1.575829 0.060854
v -0.054104 1.554453 0.044479
v -0.037651 1.538369 0.024871
v -0.019310 1.528385 0.003012
v -0.026016 1.791615 -0.004980
v -0.050727 1.781631 0.009287
v -0.072894 1.765547 0.022086
v -0.091407 1.744171 0.032774
v -0.105335 1.718574 0.040815
v -0.113982 1.690040 0.045808
v -0.116913 1.660000 0.047500
v -0.113982 1.629960 0.045808
v -0.105335 1.601426 0.040815
v -0.091407 1.575829 0.032774
v -0.072894 1.554453 0.022086
v -0.050727 1.538369 0.009287
v -0.026016 1.528385 -0.004980
v -0.029584 1.791615 -0.014784
v -0.057684 1.781631 -0.009829
v -0.082892 1.765547 -0.005384
v -0.103944 1.744171 -0.001672
v -0.119783 1.718574 0.001121
v -0.129616 1.690040 0.002855
v -0.132949 1.660000 0.003443
v -0.129616 1.629960 0.002855
v -0.119783 1.601426 0.001121
v -0.103944 1.575829 -0.001672
v -0.082892 1.554453 -0.005384
v -0.057684 1.538369 -0.009829
v -0.029584 1.528385 -0.014784
v -0.029584 1.791615 -0.025216
v -0.057684 1.781631 -0.030171
v -0.082892 1.765547 -0.034616
v -0.103944 1.744171 -0.038328
v -0.119783 1.718574 -0.041121
v -0.129616 1.690040 -0.042855
v -0.132949 1.660000 -0.043442
v -0.129616 1.629960 -0.042855
v -0.119783 1.601426 -0.041121
v -0.103944 1.575829 -0.038328
v -0.082892 1.554453 -0.034616
v -0.057684 1.538369 -0.030171
v -0.029584 1.528385 -0.025216
v -0.026016 1.791615 -0.035020
v -0.050727 1.781631 -0.049287
v -0.072894 1.765547 -0.062086
v -0.091407 1.744171 -0.072774
v -0.105335 1.718574 -0.080815
v -0.113982 1.690040 -0.085808
v -0.116913 1.660000 -0.087500
v -0.113982 1.629960 -0.085808
v -0.105335 1.601426 -0.080815
v -0.091407 1.575829 -0.072774
v -0.072894 1.554453 -0.062086
v -0.050727 1.538369 -0.049287
v -0.026016 1.528385 -0.035020
v -0.019310 1.791615 -0.043012
v -0.037651 1.781631 -0.064871
v -0.054104 1.765547 -0.084479
v -0.067844 1.744171 -0.100854
v -0.078183 1.718574 -0.113175
v -0.084601 1.690040 -0.120823
v -0.086776 1.660000 -0.123416
v -0.084601 1.629960 -0.120823
v -0.078183 1.601426 -0.113175
v -0.067844 1.575829 -0.100854
v -0.054104 1.554453 -0.084479
v -0.037651 1.538369 -0.064871
v -0.019310 1.528385 -0.043012
v -0.010274 1.791615 -0.048229
v -0.020034 1.781631 -0.075042
v -0.028788 1.765547 -0.099095
v -0.036099 1.744171 -0.119182
v -0.041600 1.718574 -0.134296
v -0.045015 1.690040 -0.143678
v -0.046173 1.660000 -0.146858
v -0.045015 1.629960 -0.143678
v -0.041600 1.601426 -0.134296
v -0.036099 1.575829 -0.119182
v -0.028788 1.554453 -0.099095
v -0.020034 1.538369 -0.075042
v -0.010274 1.528385 -0.048229
v -0.000000 1.791615 -0.050040
v -0.000000 1.781631 -0.078574
v -0.000000 1.765547 -0.104171
v -0.000000 1.744171 -0.125547
v -0.000000 1.718574 -0.141631
v -0.000000 1.690040 -0.151615
v -0.000000 1.660000 -0.155000
v -0.000000 1.629960 -0.151615
v -0.000000 1.601426 -0.141631
v -0.000000 1.575829 -0.125547
v -0.000000 1.554453 -0.104171
v -0.000000 1.538369 -0.078574
v -0.000000 1.528385 -0.050040
v -0.048000 1.698000 0.108000
v -0.048000 1.662000 0.108000
v 0.048000 1.698000 0.108000
v 0.048000 1.662000 0.108000
v -0.130000 1.695000 -0.020000
v -0.130000 1.625000 -0.020000
v 0.130000 1.695000 -0.020000
v 0.130000 1.625000 -0.020000
v 0.000000 1.130000 -0.275294
v -0.004391 1.134546 -0.278823
v 0.004391 1.134546 -0.278823
v -0.002439 1.131332 -0.277968
v 0.000000 1.131922 -0.278684
v 0.000000 1.134546 -0.279311
v 0.002439 1.131332 -0.277968
v 0.000000 1.510000 -0.275294
v 0.004391 1.505454 -0.278823
v -0.004391 1.505454 -0.278823
v 0.002439 1.508669 -0.277968
v -0.000000 1.508079 -0.278684
v -0.000000 1.505454 -0.279311
v -0.002439 1.508669 -0.277968
v 0.107647 1.130000 -0.246450
v 0.105609 1.134546 -0.251702
v 0.113214 1.134546 -0.247311
v 0.106872 1.131332 -0.249985
v 0.109342 1.131922 -0.249386
v 0.109655 1.134546 -0.249929
v 0.111096 1.131332 -0.247546
v 0.107647 1.510000 -0.246450
v 0.113214 1.505454 -0.247311
v 0.105609 1.505454 -0.251702
v 0.111096 1.508669 -0.247546
v 0.109342 1.508079 -0.249386
v 0.109655 1.505454 -0.249929
v 0.106872 1.508669 -0.249985
v 0.186450 1.130000 -0.167647
v 0.187311 1.134546 -0.173214
v 0.191702 1.134546 -0.165609
v 0.187546 1.131332 -0.171096
v 0.189386 1.131922 -0.169342
v 0.189929 1.134546 -0.169655
v 0.189985 1.131332 -0.166872
v 0.186450 1.510000 -0.167647
v 0.191702 1.505454 -0.165609
v 0.187311 1.505454 -0.173214
v 0.189985 1.508669 -0.166872
v 0.189386 1.508079 -0.169342
v 0.189929 1.505454 -0.169655
v 0.187546 1.508669 -0.171096
v 0.215294 1.130000 -0.060000
v 0.218823 1.134546 -0.064391
v 0.218823 1.134546 -0.055609
v 0.217968 1.131332 -0.062439
v 0.218684 1.131922 -0.060000
v 0.219311 1.134546 -0.060000
v 0.217968 1.131332 -0.057561
v 0.215294 1.510000 -0.060000
v 0.218823 1.505454 -0.055609
v 0.218823 1.505454 -0.064391
v 0.217968 1.508669 -0.057561
v 0.218684 1.508079 -0.060000
v 0.219311 1.505454 -0.060000
v 0.217968 1.508669 -0.062439
v 0.186450 1.130000 0.047647
v 0.191702 1.134546 0.045609
v 0.187311 1.134546 0.053214
v 0.189985 1.131332 0.046872
v 0.189386 1.131922 0.049342
v 0.189929 1.134546 0.049655
v 0.187546 1.131332 0.051096
v 0.186450 1.510000 0.047647
v 0.187311 1.505454 0.053214
v 0.191702 1.505454 0.045609
v 0.187546 1.508669 0.051096
v 0.189386 1.508079 0.049342
v 0.189929 1.505454 0.049655
v 0.189985 1.508669 0.046872
v 0.107647 1.130000 0.126450
v 0.113214 1.134546 0.127311
v 0.105609 1.134546 0.131702
v 0.111096 1.131331 0.127546
v 0.109342 1.131922 0.129386
v 0.109655 1.134546 0.129929
v 0.106872 1.131332 0.129985
v 0.107647 1.510000 0.126450
v 0.105609 1.505454 0.131702
v 0.113214 1.505454 0.127311
v 0.106872 1.508669 0.129985
v 0.109342 1.508079 0.129386
v 0.109655 1.505454 0.129929
v 0.111096 1.508669 0.127546
v 0.000000 1.130000 0.155294
v 0.004391 1.134546 0.158823
v -0.004391 1.134546 0.158823
v 0.002439 1.131332 0.157968
v -0.000000 1.131922 0.158684
v 0.000000 1.134546 0.159311
v -0.002439 1.131332 0.157968
v 0.000000 1.510000 0.155294
v -0.004391 1.505454 0.158823
v 0.004391 1.505454 0.158823
v -0.002439 1.508669 0.157968
v 0.000000 1.508079 0.158684
v -0.000000 1.505454 0.159311
v 0.002439 1.508669 0.157968
v -0.107647 1.130000 0.126450
v -0.105609 1.134546 0.131702
v -0.113214 1.134546 0.127311
v -0.106872 1.131332 0.129985
v -0.109342 1.131922 0.129386
v -0.109655 1.134546 0.129929
v -0.111096 1.131332 0.127546
v -0.107647 1.510000 0.126450
v -0.113214 1.505454 0.127311
v -0.105609 1.505454 0.131702
v -0.111096 1.508669 0.127546
v -0.109342 1.508079 0.129386
v -0.109655 1.505454 0.129929
v -0.106872 1.508668 0.129985
v -0.186450 1.130000 0.047647
v -0.187311 1.134546 0.053214
v -0.191702 1.134546 0.045609
v -0.187546 1.131332 0.051096
v -0.189386 1.131922 0.049342
v -0.189929 1.134546 0.049655
v -0.189985 1.131332 0.046872
v -0.186450 1.510000 0.047647
v -0.191702 1.505454 0.045609
v -0.187311 1.505454 0.053214
v -0.189985 1.508669 0.046872
v -0.189386 1.508079 0.049342
v -0.189929 1.505454 0.049655
v -0.187546 1.508669 0.051096
v -0.215294 1.130000 -0.060000
v -0.218823 1.134546 -0.055609
v -0.218823 1.134546 -0.064391
v -0.217968 1.131332 -0.057561
v -0.218684 1.131922 -0.060000
v -0.219311 1.134546 -0.060000
v -0.217968 1.131332 -0.062439
v -0.215294 1.510000 -0.060000
v -0.218823 1.505454 -0.064391
v -0.218823 1.505454 -0.055609
v -0.217968 1.508669 -0.062439
v -0.218684 1.508079 -0.060000
v -0.219311 1.505454 -0.060000
v -0.217968 1.508669 -0.057561
v -0.186450 1.130000 -0.167647
v -0.191702 1.134546 -0.165609
v -0.187311 1.134546 -0.173214
v -0.189985 1.131332 -0.166872
v -0.189386 1.131922 -0.169342
v -0.189929 1.134546 -0.169655
v -0.187546 1.131332 -0.171096
v -0.186450 1.510000 -0.167647
v -0.187311 1.505454 -0.173214
v -0.191702 1.505454 -0.165609
v -0.187546 1.508669 -0.171096
v -0.189386 1.508079 -0.169342
v -0.189929 1.505454 -0.169655
v -0.189985 1.508669 -0.166872
v -0.107647 1.130000 -0.246450
v -0.113214 1.134546 -0.247311
v -0.105609 1.134546 -0.251702
v -0.111096 1.131332 -0.247546
v -0.109342 1.131922 -0.249386
v -0.109655 1.134546 -0.249929
v -0.106872 1.131332 -0.249985
v -0.107647 1.510000 -0.246450
v -0.105609 1.505454 -0.251702
v -0.113214 1.505454 -0.247311
v -0.106872 1.508669 -0.249985
v -0.109342 1.508079 -0.249386
v -0.109655 1.505454 -0.249929
v -0.111096 1.508669 -0.247546
v -0.120000 0.420000 -0.085337
v -0.120000 0.424546 -0.090000
v -0.120000 0.421331 -0.088634
v -0.120000 0.860000 -0.085337
v -0.120000 0.855454 -0.090000
v -0.120000 0.858669 -0.088634
v -0.082973 0.420000 -0.076886
v -0.080950 0.424546 -0.081087
v -0.081543 0.421331 -0.079857
v -0.082973 0.860000 -0.076886
v -0.080950 0.855454 -0.081087
v -0.081543 0.858669 -0.079857
v -0.053281 0.420000 -0.053207
v -0.049635 0.424546 -0.056114
v -0.050703 0.421331 -0.055263
v -0.053281 0.860000 -0.053207
v -0.049635 0.855454 -0.056114
v -0.050703 0.858669 -0.055263
v -0.036802 0.420000 -0.018989
v -0.032256 0.424546 -0.020027
v -0.033588 0.421331 -0.019723
v -0.036802 0.860000 -0.018989
v -0.032256 0.855454 -0.020027
v -0.033588 0.858669 -0.019723
v -0.036802 0.420000 0.018989
v -0.032256 0.424546 0.020027
v -0.033588 0.421331 0.019723
v -0.036802 0.860000 0.018989
v -0.032256 0.855454 0.020027
v -0.033588 0.858669 0.019723
v -0.053281 0.420000 0.053207
v -0.049635 0.424546 0.056114
v -0.050703 0.421331 0.055263
v -0.053281 0.860000 0.053207
v -0.049635 0.855454 0.056114
v -0.050703 0.858669 0.055263
v -0.082973 0.420000 0.076886
v -0.080950 0.424546 0.081087
v -0.081543 0.421331 0.079857
v -0.082973 0.860000 0.076886
v -0.080950 0.855454 0.081087
v -0.081543 0.858669 0.079857
v -0.120000 0.420000 0.085337
v -0.120000 0.424546 0.090000
v -0.120000 0.421331 0.088634
v -0.120000 0.860000 0.085337
v -0.120000 0.855454 0.090000
v -0.120000 0.858669 0.088634
v -0.157026 0.420000 0.076886
v -0.159050 0.424546 0.081087
v -0.158457 0.421331 0.079857
v -0.157026 0.860000 0.076886
v -0.159050 0.855454 0.081087
v -0.158457 0.858669 0.079857
v -0.186719 0.420000 0.053207
v -0.190365 0.424546 0.056114
v -0.189297 0.421331 0.055263
v -0.186719 0.860000 0.053207
v -0.190365 0.855454 0.056114
v -0.189297 0.858669 0.055263
v -0.203198 0.420000 0.018989
v -0.207744 0.424546 0.020027
v -0.206412 0.421331 0.019723
v -0.203198 0.860000 0.018989
v -0.207744 0.855454 0.020027
v -0.206412 0.858669 0.019723
v -0.203198 0.420000 -0.018989
v -0.207744 0.424546 -0.020027
v -0.206412 0.421331 -0.019723
v -0.203198 0.860000 -0.018989
v -0.207744 0.855454 -0.020027
v -0.206412 0.858669 -0.019723
v -0.186719 0.420000 -0.053207
v -0.190365 0.424546 -0.056114
v -0.189297 0.421331 -0.055263
v -0.186719 0.860000 -0.053207
v -0.190365 0.855454 -0.056114
v -0.189297 0.858669 -0.055263
v -0.157026 0.420000 -0.076886
v -0.159050 0.424546 -0.081087
v -0.158457 0.421331 -0.079857
v -0.157026 0.860000 -0.076886
v -0.159050 0.855454 -0.081087
v -0.158457 0.858669 -0.079857
v 0.120000 0.420000 -0.085337
v 0.120000 0.424546 -0.090000
v 0.120000 0.421331 -0.088634
v 0.120000 0.860000 -0.085337
v 0.120000 0.855454 -0.090000
v 0.120000 0.858669 -0.088634
v 0.157026 0.420000 -0.076886
v 0.159050 0.424546 -0.081087
v 0.158457 0.421331 -0.079857
v 0.157026 0.860000 -0.076886
v 0.159050 0.855454 -0.081087
v 0.158457 0.858669 -0.079857
v 0.186719 0.420000 -0.053207
v 0.190365 0.424546 -0.056114
v 0.189297 0.421331 -0.055263
v 0.186719 0.860000 -0.053207
v 0.190365 0.855454 -0.056114
v 0.189297 0.858669 -0.055263
v 0.203198 0.420000 -0.018989
v 0.207744 0.424546 -0.020027
v 0.206412 0.421331 -0.019723
v 0.203198 0.860000 -0.018989
v 0.207744 0.855454 -0.020027
v 0.206412 0.858669 -0.019723
v 0.203198 0.420000 0.018989
v 0.207744 0.424546 0.020027
v 0.206412 0.421331 0.019723
v 0.203198 0.860000 0.018989
v 0.207744 0.855454 0.020027
v 0.206412 0.858669 0.019723
v 0.186719 0.420000 0.053207
v 0.190365 0.424546 0.056114
v 0.189297 0.421331 0.055263
v 0.186719 0.860000 0.053207
v 0.190365 0.855454 0.056114
v 0.189297 0.858669 0.055263
v 0.157026 0.420000 0.076886
v 0.159050 0.424546 0.081087
v 0.158457 0.421331 0.079857
v 0.157026 0.860000 0.076886
v 0.159050 0.855454 0.081087
v 0.158457 0.858669 0.079857
v 0.120000 0.420000 0.085337
v 0.120000 0.424546 0.090000
v 0.120000 0.421331 0.088634
v 0.120000 0.860000 0.085337
v 0.120000 0.855454 0.090000
v 0.120000 0.858669 0.088634
v 0.082973 0.420000 0.076886
v 0.080950 0.424546 0.081087
v 0.081543 0.421331 0.079857
v 0.082973 0.860000 0.076886
v 0.080950 0.855454 0.081087
v 0.081543 0.858669 0.079857
v 0.053281 0.420000 0.053207
v 0.049635 0.424546 0.056114
v 0.050703 0.421331 0.055263
v 0.053281 0.860000 0.053207
v 0.049635 0.855454 0.056114
v 0.050703 0.858669 0.055263
v 0.036802 0.420000 0.018989
v 0.032256 0.424546 0.020027
v 0.033588 0.421331 0.019723
v 0.036802 0.860000 0.018989
v 0.032256 0.855454 0.020027
v 0.033588 0.858669 0.019723
v 0.036802 0.420000 -0.018989
v 0.032256 0.424546 -0.020027
v 0.033588 0.421331 -0.019723
v 0.036802 0.860000 -0.018989
v 0.032256 0.855454 -0.020027
v 0.033588 0.858669 -0.019723
v 0.053281 0.420000 -0.053207
v 0.049635 0.424546 -0.056114
v 0.050703 0.421331 -0.055263
v 0.053281 0.860000 -0.053207
v 0.049635 0.855454 -0.056114
v 0.050703 0.858669 -0.055263
v 0.082973 0.420000 -0.076886
v 0.080950 0.424546 -0.081087
v 0.081543 0.421331 -0.079857
v 0.082973 0.860000 -0.076886
v 0.080950 0.855454 -0.081087
v 0.081543 0.858669 -0.079857
v -0.120000 0.100000 -0.097337
v -0.120000 0.104546 -0.102000
v -0.120000 0.101331 -0.100634
v -0.120000 0.460000 -0.097337
v -0.120000 0.455454 -0.102000
v -0.120000 0.458669 -0.100634
v -0.090783 0.100000 -0.090669
v -0.088760 0.104546 -0.094870
v -0.089353 0.101331 -0.093639
v -0.090783 0.460000 -0.090669
v -0.088760 0.455454 -0.094870
v -0.089353 0.458669 -0.093639
v -0.067354 0.100000 -0.071984
v -0.063708 0.104546 -0.074891
v -0.064776 0.101331 -0.074040
v -0.067354 0.460000 -0.071984
v -0.063708 0.455454 -0.074891
v -0.064776 0.458669 -0.074040
v -0.054351 0.100000 -0.044984
v -0.049805 0.104546 -0.046022
v -0.051137 0.101331 -0.045718
v -0.054351 0.460000 -0.044984
v -0.049805 0.455454 -0.046022
v -0.051137 0.458669 -0.045718
v -0.054351 0.100000 -0.015016
v -0.049805 0.104546 -0.013978
v -0.051137 0.101331 -0.014282
v -0.054351 0.460000 -0.015016
v -0.049805 0.455454 -0.013978
v -0.051137 0.458669 -0.014282
v -0.067354 0.100000 0.011984
v -0.063708 0.104546 0.014891
v -0.064776 0.101331 0.014040
v -0.067354 0.460000 0.011984
v -0.063708 0.455454 0.014891
v -0.064776 0.458669 0.014040
v -0.090783 0.100000 0.030669
v -0.088760 0.104546 0.034870
v -0.089353 0.101331 0.033639
v -0.090783 0.460000 0.030669
v -0.088760 0.455454 0.034870
v -0.089353 0.458669 0.033639
v -0.120000 0.100000 0.037337
v -0.120000 0.104546 0.042000
v -0.120000 0.101331 0.040634
v -0.120000 0.460000 0.037337
v -0.120000 0.455454 0.042000
v -0.120000 0.458669 0.040634
v -0.149217 0.100000 0.030669
v -0.151240 0.104546 0.034870
v -0.150647 0.101331 0.033639
v -0.149217 0.460000 0.030669
v -0.151240 0.455454 0.034870
v -0.150647 0.458669 0.033639
v -0.172646 0.100000 0.011984
v -0.176292 0.104546 0.014891
v -0.175224 0.101331 0.014040
v -0.172646 0.460000 0.011984
v -0.176292 0.455454 0.014891
v -0.175224 0.458669 0.014040
v -0.185649 0.100000 -0.015016
v -0.190195 0.104546 -0.013978
v -0.188863 0.101331 -0.014282
v -0.185649 0.460000 -0.015016
v -0.190195 0.455454 -0.013978
v -0.188863 0.458669 -0.014282
v -0.185649 0.100000 -0.044984
v -0.190195 0.104546 -0.046022
v -0.188863 0.101331 -0.045718
v -0.185649 0.460000 -0.044984
v -0.190195 0.455454 -0.046022
v -0.188863 0.458669 -0.045718
v -0.172646 0.100000 -0.071984
v -0.176292 0.104546 -0.074891
v -0.175224 0.101331 -0.074040
v -0.172646 0.460000 -0.071984
v -0.176292 0.455454 -0.074891
v -0.175224 0.458669 -0.074040
v -0.149217 0.100000 -0.090669
v -0.151240 0.104546 -0.094870
v -0.150647 0.101331 -0.093639
v -0.149217 0.460000 -0.090669
v -0.151240 0.455454 -0.094870
v -0.150647 0.458669 -0.093639
v 0.120000 0.100000 -0.097337
v 0.120000 0.104546 -0.102000
v 0.120000 0.101331 -0.100634
v 0.120000 0.460000 -0.097337
v 0.120000 0.455454 -0.102000
v 0.120000 0.458669 -0.100634
v 0.149217 0.100000 -0.090669
v 0.151240 0.104546 -0.094870
v 0.150647 0.101331 -0.093639
v 0.149217 0.460000 -0.090669
v 0.151240 0.455454 -0.094870
v 0.150647 0.458669 -0.093639
v 0.172646 0.100000 -0.071984
v 0.176292 0.104546 -0.074891
v 0.175224 0.101331 -0.074040
v 0.172646 0.460000 -0.071984
v 0.176292 0.455454 -0.074891
v 0.175224 0.458669 -0.074040
v 0.185649 0.100000 -0.044984
v 0.190195 0.104546 -0.046022
v 0.188863 0.101331 -0.045718
v 0.185649 0.460000 -0.044984
v 0.190195 0.455454 -0.046022
v 0.188863 0.458669 -0.045718
v 0.185649 0.100000 -0.015016
v 0.190195 0.104546 -0.013978
v 0.188863 0.101331 -0.014282
v 0.185649 0.460000 -0.015016
v 0.190195 0.455454 -0.013978
v 0.188863 0.458669 -0.014282
v 0.172646 0.100000 0.011984
v 0.176292 0.104546 0.014891
v 0.175224 0.101331 0.014040
v 0.172646 0.460000 0.011984
v 0.176292 0.455454 0.014891
v 0.175224 0.458669 0.014040
v 0.149217 0.100000 0.030669
v 0.151240 0.104546 0.034870
v 0.150647 0.101331 0.033639
v 0.149217 0.460000 0.030669
v 0.151240 0.455454 0.034870
v 0.150647 0.458669 0.033639
v 0.120000 0.100000 0.037337
v 0.120000 0.104546 0.042000
v 0.120000 0.101331 0.040634
v 0.120000 0.460000 0.037337
v 0.120000 0.455454 0.042000
v 0.120000 0.458669 0.040634
v 0.090783 0.100000 0.030669
v 0.088760 0.104546 0.034870
v 0.089353 0.101331 0.033639
v 0.090783 0.460000 0.030669
v 0.088760 0.455454 0.034870
v 0.089353 0.458669 0.033639
v 0.067354 0.100000 0.011984
v 0.063708 0.104546 0.014891
v 0.064776 0.101331 0.014040
v 0.067354 0.460000 0.011984
v 0.063708 0.455454 0.014891
v 0.064776 0.458669 0.014040
v 0.054351 0.100000 -0.015016
v 0.049805 0.104546 -0.013978
v 0.051137 0.101331 -0.014282
v 0.054351 0.460000 -0.015016
v 0.049805 0.455454 -0.013978
v 0.051137 0.458669 -0.014282
v 0.054351 0.100000 -0.044984
v 0.049805 0.104546 -0.046022
v 0.051137 0.101331 -0.045718
v 0.054351 0.460000 -0.044984
v 0.049805 0.455454 -0.046022
v 0.051137 0.458669 -0.045718
v 0.067354 0.100000 -0.071984
v 0.063708 0.104546 -0.074891
v 0.064776 0.101331 -0.074040
v 0.067354 0.460000 -0.071984
v 0.063708 0.455454 -0.074891
v 0.064776 0.458669 -0.074040
v 0.090783 0.100000 -0.090669
v 0.088760 0.104546 -0.094870
v 0.089353 0.101331 -0.093639
v 0.090783 0.460000 -0.090669
v 0.088760 0.455454 -0.094870
v 0.089353 0.458669 -0.093639
v -0.205454 0.010000 0.065454
v -0.205454 0.014546 0.070000
v -0.210000 0.014546 0.065454
v -0.205454 0.011331 0.068669
v -0.208079 0.011921 0.068079
v -0.208669 0.014546 0.068669
v -0.208669 0.011331 0.065454
v -0.205454 0.125454 0.070000
v -0.205454 0.130000 0.065454
v -0.210000 0.125454 0.065454
v -0.205454 0.128669 0.068669
v -0.208079 0.128079 0.068079
v -0.208669 0.128669 0.065454
v -0.208669 0.125454 0.068669
v -0.205454 0.010000 -0.245454
v -0.210000 0.014546 -0.245454
v -0.205454 0.014546 -0.250000
v -0.208669 0.011331 -0.245454
v -0.208079 0.011921 -0.248079
v -0.208669 0.014546 -0.248669
v -0.205454 0.011331 -0.248669
v -0.205454 0.130000 -0.245454
v -0.205454 0.125454 -0.250000
v -0.210000 0.125454 -0.245454
v -0.205454 0.128669 -0.248669
v -0.208079 0.128079 -0.248079
v -0.208669 0.125454 -0.248669
v -0.208669 0.128669 -0.245454
v -0.034546 0.010000 0.065454
v -0.030000 0.014546 0.065454
v -0.034546 0.014546 0.070000
v -0.031331 0.011331 0.065454
v -0.031921 0.011921 0.068079
v -0.031331 0.014546 0.068669
v -0.034546 0.011331 0.068669
v -0.034546 0.130000 0.065454
v -0.034546 0.125454 0.070000
v -0.030000 0.125454 0.065454
v -0.034546 0.128669 0.068669
v -0.031921 0.128079 0.068079
v -0.031331 0.125454 0.068669
v -0.031331 0.128669 0.065454
v -0.034546 0.010000 -0.245454
v -0.034546 0.014546 -0.250000
v -0.030000 0.014546 -0.245454
v -0.034546 0.011331 -0.248669
v -0.031921 0.011921 -0.248079
v -0.031331 0.014546 -0.248669
v -0.031331 0.011331 -0.245454
v -0.034546 0.130000 -0.245454
v -0.030000 0.125454 -0.245454
v -0.034546 0.125454 -0.250000
v -0.031331 0.128669 -0.245454
v -0.031921 0.128079 -0.248079
v -0.031331 0.125454 -0.248669
v -0.034546 0.128669 -0.248669
v 0.034546 0.010000 0.065454
v 0.034546 0.014546 0.070000
v 0.030000 0.014546 0.065454
v 0.034546 0.011331 0.068669
v 0.031921 0.011921 0.068079
v 0.031331 0.014546 0.068669
v 0.031331 0.011331 0.065454
v 0.034546 0.125454 0.070000
v 0.034546 0.130000 0.065454
v 0.030000 0.125454 0.065454
v 0.034546 0.128669 0.068669
v 0.031921 0.128079 0.068079
v 0.031331 0.128669 0.065454
v 0.031331 0.125454 0.068669
v 0.034546 0.010000 -0.245454
v 0.030000 0.014546 -0.245454
v 0.034546 0.014546 -0.250000
v 0.031331 0.011331 -0.245454
v 0.031921 0.011921 -0.248079
v 0.031331 0.014546 -0.248669
v 0.034546 0.011331 -0.248669
v 0.034546 0.130000 -0.245454
v 0.034546 0.125454 -0.250000
v 0.030000 0.125454 -0.245454
v 0.034546 0.128669 -0.248669
v 0.031921 0.128079 -0.248079
v 0.031331 0.125454 -0.248669
v 0.031331 0.128669 -0.245454
v 0.205454 0.010000 0.065454
v 0.210000 0.014546 0.065454
v 0.205454 0.014546 0.070000
v 0.208669 0.011331 0.065454
v 0.208079 0.011921 0.068079
v 0.208669 0.014546 0.068669
v 0.205454 0.011331 0.068669
v 0.205454 0.130000 0.065454
v 0.205454 0.125454 0.070000
v 0.210000 0.125454 0.065454
v 0.205454 0.128669 0.068669
v 0.208079 0.128079 0.068079
v 0.208669 0.125454 0.068669
v 0.208669 0.128669 0.065454
v 0.205454 0.010000 -0.245454
v 0.205454 0.014546 -0.250000
v 0.210000 0.014546 -0.245454
v 0.205454 0.011331 -0.248669
v 0.208079 0.011921 -0.248079
v 0.208669 0.014546 -0.248669
v 0.208669 0.011331 -0.245454
v 0.205454 0.130000 -0.245454
v 0.210000 0.125454 -0.245454
v 0.205454 0.125454 -0.250000
v 0.208669 0.128669 -0.245454
v 0.208079 0.128079 -0.248079
v 0.208669 0.125454 -0.248669
v 0.205454 0.128669 -0.248669
v -0.178454 0.020000 -0.164546
v -0.178454 0.024546 -0.160000
v -0.183000 0.024546 -0.164546
v -0.178454 0.021331 -0.161331
v -0.181079 0.021921 -0.161921
v -0.181669 0.024546 -0.161331
v -0.181669 0.021331 -0.164546
v -0.178454 0.075454 -0.160000
v -0.178454 0.080000 -0.164546
v -0.183000 0.075454 -0.164546
v -0.178454 0.078669 -0.161331
v -0.181079 0.078079 -0.161921
v -0.181669 0.078669 -0.164546
v -0.181669 0.075454 -0.161331
v -0.178454 0.020000 -0.275454
v -0.183000 0.024546 -0.275454
v -0.178454 0.024546 -0.280000
v -0.181669 0.021331 -0.275454
v -0.181079 0.021921 -0.278079
v -0.181669 0.024546 -0.278669
v -0.178454 0.021331 -0.278669
v -0.178454 0.080000 -0.275454
v -0.178454 0.075454 -0.280000
v -0.183000 0.075454 -0.275454
v -0.178454 0.078669 -0.278669
v -0.181079 0.078079 -0.278079
v -0.181669 0.075454 -0.278669
v -0.181669 0.078669 -0.275454
v -0.061546 0.020000 -0.164546
v -0.057000 0.024546 -0.164546
v -0.061546 0.024546 -0.160000
v -0.058331 0.021331 -0.164546
v -0.058921 0.021921 -0.161921
v -0.058331 0.024546 -0.161331
v -0.061546 0.021331 -0.161331
v -0.061546 0.080000 -0.164546
v -0.061546 0.075454 -0.160000
v -0.057000 0.075454 -0.164546
v -0.061546 0.078669 -0.161331
v -0.058921 0.078079 -0.161921
v -0.058331 0.075454 -0.161331
v -0.058331 0.078669 -0.164546
v -0.061546 0.020000 -0.275454
v -0.061546 0.024546 -0.280000
v -0.057000 0.024546 -0.275454
v -0.061546 0.021331 -0.278669
v -0.058921 0.021921 -0.278079
v -0.058331 0.024546 -0.278669
v -0.058331 0.021331 -0.275454
v -0.061546 0.080000 -0.275454
v -0.057000 0.075454 -0.275454
v -0.061546 0.075454 -0.280000
v -0.058331 0.078669 -0.275454
v -0.058921 0.078079 -0.278079
v -0.058331 0.075454 -0.278669
v -0.061546 0.078669 -0.278669
v 0.061546 0.020000 -0.164546
v 0.061546 0.024546 -0.160000
v 0.057000 0.024546 -0.164546
v 0.061546 0.021331 -0.161331
v 0.058921 0.021921 -0.161921
v 0.058331 0.024546 -0.161331
v 0.058331 0.021331 -0.164546
v 0.061546 0.075454 -0.160000
v 0.061546 0.080000 -0.164546
v 0.057000 0.075454 -0.164546
v 0.061546 0.078669 -0.161331
v 0.058921 0.078079 -0.161921
v 0.058331 0.078669 -0.164546
v 0.058331 0.075454 -0.161331
v 0.061546 0.020000 -0.275454
v 0.057000 0.024546 -0.275454
v 0.061546 0.024546 -0.280000
v 0.058331 0.021331 -0.275454
v 0.058921 0.021921 -0.278079
v 0.058331 0.024546 -0.278669
v 0.061546 0.021331 -0.278669
v 0.061546 0.080000 -0.275454
v 0.061546 0.075454 -0.280000
v 0.057000 0.075454 -0.275454
v 0.061546 0.078669 -0.278669
v 0.058921 0.078079 -0.278079
v 0.058331 0.075454 -0.278669
v 0.058331 0.078669 -0.275454
v 0.178454 0.020000 -0.164546
v 0.183000 0.024546 -0.164546
v 0.178454 0.024546 -0.160000
v 0.181669 0.021331 -0.164546
v 0.181079 0.021921 -0.161921
v 0.181669 0.024546 -0.161331
v 0.178454 0.021331 -0.161331
v 0.178454 0.080000 -0.164546
v 0.178454 0.075454 -0.160000
v 0.183000 0.075454 -0.164546
v 0.178454 0.078669 -0.161331
v 0.181079 0.078079 -0.161921
v 0.181669 0.075454 -0.161331
v 0.181669 0.078669 -0.164546
v 0.178454 0.020000 -0.275454
v 0.178454 0.024546 -0.280000
v 0.183000 0.024546 -0.275454
v 0.178454 0.021331 -0.278669
v 0.181079 0.021921 -0.278079
v 0.181669 0.024546 -0.278669
v 0.181669 0.021331 -0.275454
v 0.178454 0.080000 -0.275454
v 0.183000 0.075454 -0.275454
v 0.178454 0.075454 -0.280000
v 0.181669 0.078669 -0.275454
v 0.181079 0.078079 -0.278079
v 0.181669 0.075454 -0.278669
v 0.178454 0.078669 -0.278669
v -0.409615 1.106973 -0.067337
v -0.408362 1.111342 -0.072000
v -0.409248 1.108253 -0.070634
v -0.310385 1.453027 -0.067337
v -0.311638 1.448657 -0.072000
v -0.310752 1.451747 -0.070634
v -0.381530 1.098920 -0.060669
v -0.378332 1.102732 -0.064870
v -0.379788 1.099805 -0.063639
v -0.282300 1.444974 -0.060669
v -0.281609 1.440047 -0.064870
v -0.281292 1.443300 -0.063639
v -0.359008 1.092461 -0.041984
v -0.354251 1.095826 -0.044891
v -0.356163 1.093031 -0.044040
v -0.259778 1.438516 -0.041984
v -0.257527 1.433141 -0.044891
v -0.257667 1.436525 -0.044040
v -0.346509 1.088878 -0.014984
v -0.340886 1.091994 -0.016022
v -0.343052 1.089271 -0.015718
v -0.247279 1.434932 -0.014984
v -0.244163 1.429309 -0.016022
v -0.244557 1.432766 -0.015718
v -0.346509 1.088878 0.014984
v -0.340886 1.091994 0.016022
v -0.343052 1.089271 0.015718
v -0.247279 1.434932 0.014984
v -0.244163 1.429309 0.016022
v -0.244557 1.432766 0.015718
v -0.359008 1.092462 0.041984
v -0.354251 1.095826 0.044891
v -0.356163 1.093031 0.044040
v -0.259778 1.438516 0.041984
v -0.257527 1.433141 0.044891
v -0.257667 1.436525 0.044040
v -0.381530 1.098920 0.060669
v -0.378332 1.102732 0.064870
v -0.379788 1.099805 0.063639
v -0.282301 1.444974 0.060669
v -0.281609 1.440047 0.064870
v -0.281292 1.443300 0.063639
v -0.409615 1.106973 0.067337
v -0.408362 1.111342 0.072000
v -0.409248 1.108253 0.070634
v -0.310385 1.453027 0.067337
v -0.311638 1.448657 0.072000
v -0.310752 1.451747 0.070634
v -0.437700 1.115026 0.060669
v -0.438391 1.119953 0.064870
v -0.438708 1.116700 0.063639
v -0.338470 1.461080 0.060669
v -0.341668 1.457268 0.064870
v -0.340212 1.460195 0.063639
v -0.460222 1.121484 0.041984
v -0.462473 1.126859 0.044891
v -0.462333 1.123474 0.044040
v -0.360992 1.467538 0.041984
v -0.365749 1.464174 0.044891
v -0.363837 1.466969 0.044040
v -0.472721 1.125068 0.014984
v -0.475837 1.130691 0.016022
v -0.475443 1.127234 0.015718
v -0.373491 1.471122 0.014984
v -0.379114 1.468006 0.016022
v -0.376948 1.470729 0.015718
v -0.472721 1.125068 -0.014984
v -0.475837 1.130691 -0.016022
v -0.475443 1.127234 -0.015718
v -0.373491 1.471122 -0.014984
v -0.379114 1.468006 -0.016022
v -0.376948 1.470729 -0.015718
v -0.460222 1.121484 -0.041984
v -0.462473 1.126859 -0.044891
v -0.462333 1.123474 -0.044040
v -0.360992 1.467538 -0.041984
v -0.365749 1.464174 -0.044891
v -0.363837 1.466969 -0.044040
v -0.437700 1.115026 -0.060669
v -0.438391 1.119953 -0.064870
v -0.438708 1.116700 -0.063639
v -0.338470 1.461080 -0.060669
v -0.341668 1.457268 -0.064870
v -0.340212 1.460195 -0.063639
v 0.409615 1.106973 -0.067337
v 0.408362 1.111342 -0.072000
v 0.409248 1.108253 -0.070634
v 0.310385 1.453027 -0.067337
v 0.311638 1.448657 -0.072000
v 0.310752 1.451747 -0.070634
v 0.437700 1.115026 -0.060669
v 0.438391 1.119953 -0.064870
v 0.438708 1.116700 -0.063639
v 0.338470 1.461080 -0.060669
v 0.341668 1.457268 -0.064870
v 0.340212 1.460195 -0.063639
v 0.460222 1.121484 -0.041984
v 0.462473 1.126859 -0.044891
v 0.462333 1.123474 -0.044040
v 0.360992 1.467538 -0.041984
v 0.365749 1.464174 -0.044891
v 0.363837 1.466969 -0.044040
v 0.472721 1.125068 -0.014984
v 0.475837 1.130691 -0.016022
v 0.475443 1.127234 -0.015718
v 0.373491 1.471122 -0.014984
v 0.379114 1.468006 -0.016022
v 0.376948 1.470729 -0.015718
v 0.472721 1.125068 0.014984
v 0.475837 1.130691 0.016022
v 0.475443 1.127234 0.015718
v 0.373491 1.471122 0.014984
v 0.379114 1.468006 0.016022
v 0.376948 1.470729 0.015718
v 0.460222 1.121484 0.041984
v 0.462473 1.126859 0.044891
v 0.462333 1.123474 0.044040
v 0.360992 1.467538 0.041984
v 0.365749 1.464174 0.044891
v 0.363837 1.466969 0.044040
v 0.437700 1.115026 0.060669
v 0.438391 1.119953 0.064870
v 0.438708 1.116700 0.063639
v 0.338470 1.461080 0.060669
v 0.341668 1.457268 0.064870
v 0.340212 1.460195 0.063639
v 0.409615 1.106973 0.067337
v 0.408362 1.111342 0.072000
v 0.409248 1.108253 0.070634
v 0.310385 1.453027 0.067337
v 0.311638 1.448657 0.072000
v 0.310752 1.451747 0.070634
v 0.381530 1.098920 0.060669
v 0.378332 1.102732 0.064870
v 0.379788 1.099805 0.063639
v 0.282300 1.444974 0.060669
v 0.281609 1.440047 0.064870
v 0.281292 1.443300 0.063639
v 0.359008 1.092461 0.041984
v 0.354251 1.095826 0.044891
v 0.356163 1.093031 0.044040
v 0.259778 1.438516 0.041984
v 0.257527 1.433141 0.044891
v 0.257667 1.436525 0.044040
v 0.346509 1.088878 0.014984
v 0.340886 1.091994 0.016022
v 0.343052 1.089271 0.015718
v 0.247279 1.434932 0.014984
v 0.244163 1.429309 0.016022
v 0.244557 1.432766 0.015718
v 0.346509 1.088878 -0.014984
v 0.340886 1.091994 -0.016022
v 0.343052 1.089271 -0.015718
v 0.247279 1.434932 -0.014984
v 0.244163 1.429309 -0.016022
v 0.244557 1.432766 -0.015718
v 0.359008 1.092462 -0.041984
v 0.354251 1.095826 -0.044891
v 0.356163 1.093031 -0.044040
v 0.259778 1.438516 -0.041984
v 0.257527 1.433141 -0.044891
v 0.257667 1.436525 -0.044040
v 0.381530 1.098920 -0.060669
v 0.378332 1.102732 -0.064870
v 0.379788 1.099805 -0.063639
v 0.282301 1.444974 -0.060669
v 0.281609 1.440047 -0.064870
v 0.281292 1.443300 -0.063639
v -0.413199 1.161012 -0.059470
v -0.420254 1.161012 -0.064596
v -0.418115 1.163538 -0.060122
v -0.416381 1.161012 -0.062508
v -0.405809 1.142196 -0.069643
v -0.412863 1.142196 -0.074768
v -0.408991 1.142196 -0.072680
v -0.403215 1.120000 -0.073216
v -0.410267 1.120000 -0.078339
v -0.406396 1.120000 -0.076252
v -0.405809 1.097804 -0.069643
v -0.412863 1.097804 -0.074768
v -0.408991 1.097804 -0.072680
v -0.420254 1.078988 -0.064596
v -0.413199 1.078988 -0.059470
v -0.418115 1.076462 -0.060122
v -0.416381 1.078988 -0.062508
v -0.400995 1.161012 -0.038089
v -0.403690 1.161012 -0.046383
v -0.404590 1.163538 -0.041505
v -0.401784 1.161012 -0.042417
v -0.389038 1.142196 -0.041975
v -0.391732 1.142196 -0.050267
v -0.389827 1.142196 -0.046302
v -0.384839 1.120000 -0.043340
v -0.387532 1.120000 -0.051630
v -0.385628 1.120000 -0.047667
v -0.389038 1.097804 -0.041975
v -0.391732 1.097804 -0.050267
v -0.389827 1.097804 -0.046302
v -0.403690 1.078988 -0.046383
v -0.400995 1.078988 -0.038089
v -0.404590 1.076462 -0.041505
v -0.401784 1.078988 -0.042417
v -0.403690 1.161012 -0.013617
v -0.400995 1.161012 -0.021911
v -0.404590 1.163538 -0.018495
v -0.401784 1.161012 -0.017583
v -0.391732 1.142196 -0.009733
v -0.389038 1.142196 -0.018025
v -0.389827 1.142196 -0.013698
v -0.387532 1.120000 -0.008370
v -0.384839 1.120000 -0.016660
v -0.385628 1.120000 -0.012333
v -0.391732 1.097804 -0.009733
v -0.389038 1.097804 -0.018025
v -0.389827 1.097804 -0.013698
v -0.400995 1.078988 -0.021911
v -0.403690 1.078988 -0.013617
v -0.404590 1.076462 -0.018495
v -0.401784 1.078988 -0.017583
v -0.420254 1.161012 0.004596
v -0.413199 1.161012 -0.000530
v -0.418115 1.163538 0.000122
v -0.416381 1.161012 0.002508
v -0.412863 1.142196 0.014768
v -0.405809 1.142196 0.009643
v -0.408991 1.142196 0.012680
v -0.410267 1.120000 0.018339
v -0.403215 1.120000 0.013216
v -0.406396 1.120000 0.016252
v -0.412863 1.097804 0.014768
v -0.405809 1.097804 0.009643
v -0.408991 1.097804 0.012680
v -0.413199 1.078988 -0.000530
v -0.420254 1.078988 0.004596
v -0.418115 1.076462 0.000122
v -0.416381 1.078988 0.002508
v -0.444360 1.161012 0.009595
v -0.435640 1.161012 0.009595
v -0.440000 1.163538 0.007233
v -0.440000 1.161012 0.010182
v -0.444359 1.142196 0.022169
v -0.435641 1.142196 0.022169
v -0.440000 1.142196 0.022755
v -0.444358 1.120000 0.026584
v -0.435642 1.120000 0.026584
v -0.440000 1.120000 0.027170
v -0.444359 1.097804 0.022169
v -0.435641 1.097804 0.022169
v -0.440000 1.097804 0.022755
v -0.435640 1.078988 0.009595
v -0.444360 1.078988 0.009595
v -0.440000 1.076462 0.007233
v -0.440000 1.078988 0.010182
v -0.466801 1.161012 -0.000530
v -0.459746 1.161012 0.004596
v -0.461885 1.163538 0.000122
v -0.463619 1.161012 0.002508
v -0.474191 1.142196 0.009643
v -0.467137 1.142196 0.014768
v -0.471009 1.142196 0.012680
v -0.476785 1.120000 0.013216
v -0.469733 1.120000 0.018339
v -0.473604 1.120000 0.016252
v -0.474191 1.097804 0.009643
v -0.467137 1.097804 0.014768
v -0.471009 1.097804 0.012680
v -0.459746 1.078988 0.004596
v -0.466801 1.078988 -0.000530
v -0.461885 1.076462 0.000122
v -0.463619 1.078988 0.002508
v -0.479005 1.161012 -0.021911
v -0.476310 1.161012 -0.013617
v -0.475410 1.163538 -0.018495
v -0.478216 1.161012 -0.017583
v -0.490962 1.142196 -0.018025
v -0.488268 1.142196 -0.009733
v -0.490173 1.142196 -0.013698
v -0.495161 1.120000 -0.016660
v -0.492468 1.120000 -0.008370
v -0.494372 1.120000 -0.012333
v -0.490962 1.097804 -0.018025
v -0.488268 1.097804 -0.009733
v -0.490173 1.097804 -0.013698
v -0.476310 1.078988 -0.013617
v -0.479005 1.078988 -0.021911
v -0.475410 1.076462 -0.018495
v -0.478216 1.078988 -0.017583
v -0.476310 1.161012 -0.046383
v -0.479005 1.161012 -0.038089
v -0.475410 1.163538 -0.041505
v -0.478216 1.161012 -0.042417
v -0.488268 1.142196 -0.050267
v -0.490962 1.142196 -0.041975
v -0.490173 1.142196 -0.046302
v -0.492468 1.120000 -0.051630
v -0.495161 1.120000 -0.043340
v -0.494372 1.120000 -0.047667
v -0.488268 1.097804 -0.050267
v -0.490962 1.097804 -0.041975
v -0.490173 1.097804 -0.046302
v -0.479005 1.078988 -0.038089
v -0.476310 1.078988 -0.046383
v -0.475410 1.076462 -0.041505
v -0.478216 1.078988 -0.042417
v -0.459746 1.161012 -0.064596
v -0.466801 1.161012 -0.059470
v -0.461885 1.163538 -0.060122
v -0.463619 1.161012 -0.062508
v -0.467137 1.142196 -0.074768
v -0.474191 1.142196 -0.069643
v -0.471009 1.142196 -0.072680
v -0.469733 1.120000 -0.078339
v -0.476785 1.120000 -0.073216
v -0.473604 1.120000 -0.076252
v -0.467137 1.097804 -0.074768
v -0.474191 1.097804 -0.069643
v -0.471009 1.097804 -0.072680
v -0.466801 1.078988 -0.059470
v -0.459746 1.078988 -0.064596
v -0.461885 1.076462 -0.060122
v -0.463619 1.078988 -0.062508
v -0.435640 1.161012 -0.069595
v -0.444360 1.161012 -0.069595
v -0.440000 1.163538 -0.067233
v -0.440000 1.161012 -0.070182
v -0.435641 1.142196 -0.082169
v -0.444359 1.142196 -0.082169
v -0.440000 1.142196 -0.082755
v -0.435642 1.120000 -0.086584
v -0.444358 1.120000 -0.086584
v -0.440000 1.120000 -0.087170
v -0.435641 1.097804 -0.082169
v -0.444359 1.097804 -0.082169
v -0.440000 1.097804 -0.082755
v -0.444360 1.078988 -0.069595
v -0.435640 1.078988 -0.069595
v -0.440000 1.076462 -0.067233
v -0.440000 1.078988 -0.070182
v 0.466801 1.161012 -0.059470
v 0.459746 1.161012 -0.064596
v 0.461885 1.163538 -0.060122
v 0.463619 1.161012 -0.062508
v 0.474191 1.142196 -0.069643
v 0.467137 1.142196 -0.074768
v 0.471009 1.142196 -0.072680
v 0.476785 1.120000 -0.073216
v 0.469733 1.120000 -0.078339
v 0.473604 1.120000 -0.076252
v 0.474191 1.097804 -0.069643
v 0.467137 1.097804 -0.074768
v 0.471009 1.097804 -0.072680
v 0.459746 1.078988 -0.064596
v 0.466801 1.078988 -0.059470
v 0.461885 1.076462 -0.060122
v 0.463619 1.078988 -0.062508
v 0.479005 1.161012 -0.038089
v 0.476310 1.161012 -0.046383
v 0.475410 1.163538 -0.041505
v 0.478216 1.161012 -0.042417
v 0.490962 1.142196 -0.041975
v 0.488268 1.142196 -0.050267
v 0.490173 1.142196 -0.046302
v 0.495161 1.120000 -0.043340
v 0.492468 1.120000 -0.051630
v 0.494372 1.120000 -0.047667
v 0.490962 1.097804 -0.041975
v 0.488268 1.097804 -0.050267
v 0.490173 1.097804 -0.046302
v 0.476310 1.078988 -0.046383
v 0.479005 1.078988 -0.038089
v 0.475410 1.076462 -0.041505
v 0.478216 1.078988 -0.042417
v 0.476310 1.161012 -0.013617
v 0.479005 1.161012 -0.021911
v 0.475410 1.163538 -0.018495
v 0.478216 1.161012 -0.017583
v 0.488268 1.142196 -0.009733
v 0.490962 1.142196 -0.018025
v 0.490173 1.142196 -0.013698
v 0.492468 1.120000 -0.008370
v 0.495161 1.120000 -0.016660
v 0.494372 1.120000 -0.012333
v 0.488268 1.097804 -0.009733
v 0.490962 1.097804 -0.018025
v 0.490173 1.097804 -0.013698
v 0.479005 1.078988 -0.021911
v 0.476310 1.078988 -0.013617
v 0.475410 1.076462 -0.018495
v 0.478216 1.078988 -0.017583
v 0.459746 1.161012 0.004596
v 0.466801 1.161012 -0.000530
v 0.461885 1.163538 0.000122
v 0.463619 1.161012 0.002508
v 0.467137 1.142196 0.014768
v 0.474191 1.142196 0.009643
v 0.471009 1.142196 0.012680
v 0.469733 1.120000 0.018339
v 0.476785 1.120000 0.013216
v 0.473604 1.120000 0.016252
v 0.467137 1.097804 0.014768
v 0.474191 1.097804 0.009643
v 0.471009 1.097804 0.012680
v 0.466801 1.078988 -0.000530
v 0.459746 1.078988 0.004596
v 0.461885 1.076462 0.000122
v 0.463619 1.078988 0.002508
v 0.435640 1.161012 0.009595
v 0.444360 1.161012 0.009595
v 0.440000 1.163538 0.007233
v 0.440000 1.161012 0.010182
v 0.435641 1.142196 0.022169
v 0.444359 1.142196 0.022169
v 0.440000 1.142196 0.022755
v 0.435642 1.120000 0.026584
v 0.444358 1.120000 0.026584
v 0.440000 1.120000 0.027170
v 0.435641 1.097804 0.022169
v 0.444359 1.097804 0.022169
v 0.440000 1.097804 0.022755
v 0.444360 1.078988 0.009595
v 0.435640 1.078988 0.009595
v 0.440000 1.076462 0.007233
v 0.440000 1.078988 0.010182
v 0.413199 1.161012 -0.000530
v 0.420254 1.161012 0.004596
v 0.418115 1.163538 0.000122
v 0.416381 1.161012 0.002508
v 0.405809 1.142196 0.009643
v 0.412863 1.142196 0.014768
v 0.408991 1.142196 0.012680
v 0.403215 1.120000 0.013216
v 0.410267 1.120000 0.018339
v 0.406396 1.120000 0.016252
v 0.405809 1.097804 0.009643
v 0.412863 1.097804 0.014768
v 0.408991 1.097804 0.012680
v 0.420254 1.078988 0.004596
v 0.413199 1.078988 -0.000530
v 0.418115 1.076462 0.000122
v 0.416381 1.078988 0.002508
v 0.400995 1.161012 -0.021911
v 0.403690 1.161012 -0.013617
v 0.404590 1.163538 -0.018495
v 0.401784 1.161012 -0.017583
v 0.389038 1.142196 -0.018025
v 0.391732 1.142196 -0.009733
v 0.389827 1.142196 -0.013698
v 0.384839 1.120000 -0.016660
v 0.387532 1.120000 -0.008370
v 0.385628 1.120000 -0.012333
v 0.389038 1.097804 -0.018025
v 0.391732 1.097804 -0.009733
v 0.389827 1.097804 -0.013698
v 0.403690 1.078988 -0.013617
v 0.400995 1.078988 -0.021911
v 0.404590 1.076462 -0.018495
v 0.401784 1.078988 -0.017583
v 0.403690 1.161012 -0.046383
v 0.400995 1.161012 -0.038089
v 0.404590 1.163538 -0.041505
v 0.401784 1.161012 -0.042417
v 0.391732 1.142196 -0.050267
v 0.389038 1.142196 -0.041975
v 0.389827 1.142196 -0.046302
v 0.387532 1.120000 -0.051630
v 0.384839 1.120000 -0.043340
v 0.385628 1.120000 -0.047667
v 0.391732 1.097804 -0.050267
v 0.389038 1.097804 -0.041975
v 0.389827 1.097804 -0.046302
v 0.400995 1.078988 -0.038089
v 0.403690 1.078988 -0.046383
v 0.404590 1.076462 -0.041505
v 0.401784 1.078988 -0.042417
v 0.420254 1.161012 -0.064596
v 0.413199 1.161012 -0.059470
v 0.418115 1.163538 -0.060122
v 0.416381 1.161012 -0.062508
v 0.412863 1.142196 -0.074768
v 0.405809 1.142196 -0.069643
v 0.408991 1.142196 -0.072680
v 0.410267 1.120000 -0.078339
v 0.403215 1.120000 -0.073216
v 0.406396 1.120000 -0.076252
v 0.412863 1.097804 -0.074768
v 0.405809 1.097804 -0.069643
v 0.408991 1.097804 -0.072680
v 0.413199 1.078988 -0.059470
v 0.420254 1.078988 -0.064596
v 0.418115 1.076462 -0.060122
v 0.416381 1.078988 -0.062508
v 0.444360 1.161012 -0.069595
v 0.435640 1.161012 -0.069595
v 0.440000 1.163538 -0.067233
v 0.440000 1.161012 -0.070182
v 0.444359 1.142196 -0.082169
v 0.435641 1.142196 -0.082169
v 0.440000 1.142196 -0.082755
v 0.444358 1.120000 -0.086584
v 0.435642 1.120000 -0.086584
v 0.440000 1.120000 -0.087170
v 0.444359 1.097804 -0.082169
v 0.435641 1.097804 -0.082169
v 0.440000 1.097804 -0.082755
v 0.435640 1.078988 -0.069595
v 0.444360 1.078988 -0.069595
v 0.440000 1.076462 -0.067233
v 0.440000 1.078988 -0.070182
v -0.507784 0.842431 -0.105337
v -0.506994 0.846907 -0.110000
v -0.507553 0.843742 -0.108634
v -0.452216 1.157569 -0.105337
v -0.453006 1.153093 -0.110000
v -0.452447 1.156258 -0.108634
v -0.484138 0.838261 -0.099857
v -0.481357 0.842387 -0.104058
v -0.482499 0.839324 -0.102828
v -0.428571 1.153400 -0.099857
v -0.427368 1.148572 -0.104058
v -0.427393 1.151840 -0.102828
v -0.465176 0.834918 -0.084502
v -0.460797 0.838762 -0.087409
v -0.462407 0.835782 -0.086558
v -0.409609 1.150056 -0.084502
v -0.406808 1.144947 -0.087409
v -0.407302 1.148298 -0.086558
v -0.454653 0.833062 -0.062314
v -0.449387 0.836750 -0.063351
v -0.451257 0.833815 -0.063047
v -0.399086 1.148201 -0.062314
v -0.395399 1.142935 -0.063351
v -0.396152 1.146332 -0.063047
v -0.454653 0.833062 -0.037686
v -0.449387 0.836750 -0.036649
v -0.451257 0.833815 -0.036953
v -0.399086 1.148201 -0.037686
v -0.395399 1.142935 -0.036649
v -0.396152 1.146332 -0.036953
v -0.465176 0.834918 -0.015498
v -0.460797 0.838762 -0.012591
v -0.462407 0.835782 -0.013442
v -0.409609 1.150056 -0.015498
v -0.406808 1.144947 -0.012591
v -0.407302 1.148297 -0.013442
v -0.484138 0.838261 -0.000143
v -0.481357 0.842387 0.004058
v -0.482499 0.839324 0.002828
v -0.428571 1.153400 -0.000143
v -0.427368 1.148572 0.004058
v -0.427393 1.151840 0.002828
v -0.507784 0.842431 0.005337
v -0.506994 0.846907 0.010000
v -0.507553 0.843742 0.008634
v -0.452216 1.157569 0.005337
v -0.453006 1.153093 0.010000
v -0.452447 1.156258 0.008634
v -0.531429 0.846600 -0.000143
v -0.532632 0.851428 0.004058
v -0.532606 0.848160 0.002828
v -0.475861 1.161739 -0.000143
v -0.478643 1.157613 0.004058
v -0.477501 1.160676 0.002828
v -0.550391 0.849944 -0.015498
v -0.553192 0.855053 -0.012591
v -0.552698 0.851702 -0.013442
v -0.494824 1.165082 -0.015498
v -0.499203 1.161238 -0.012591
v -0.497593 1.164218 -0.013442
v -0.560914 0.851799 -0.037686
v -0.564601 0.857065 -0.036649
v -0.563848 0.853668 -0.036953
v -0.505347 1.166937 -0.037686
v -0.510613 1.163250 -0.036649
v -0.508743 1.166185 -0.036953
v -0.560914 0.851799 -0.062314
v -0.564601 0.857065 -0.063351
v -0.563848 0.853668 -0.063047
v -0.505347 1.166938 -0.062314
v -0.510613 1.163250 -0.063351
v -0.508743 1.166185 -0.063047
v -0.550391 0.849944 -0.084502
v -0.553192 0.855053 -0.087409
v -0.552698 0.851702 -0.086558
v -0.494824 1.165082 -0.084502
v -0.499203 1.161238 -0.087409
v -0.497593 1.164219 -0.086558
v -0.531429 0.846600 -0.099857
v -0.532632 0.851428 -0.104058
v -0.532606 0.848160 -0.102828
v -0.475862 1.161739 -0.099857
v -0.478643 1.157613 -0.104058
v -0.477501 1.160676 -0.102828
v 0.507784 0.842431 -0.105337
v 0.506994 0.846907 -0.110000
v 0.507553 0.843742 -0.108634
v 0.452216 1.157569 -0.105337
v 0.453006 1.153093 -0.110000
v 0.452447 1.156258 -0.108634
v 0.531429 0.846600 -0.099857
v 0.532632 0.851428 -0.104058
v 0.532606 0.848160 -0.102828
v 0.475861 1.161739 -0.099857
v 0.478643 1.157613 -0.104058
v 0.477501 1.160676 -0.102828
v 0.550391 0.849944 -0.084502
v 0.553192 0.855053 -0.087409
v 0.552698 0.851702 -0.086558
v 0.494824 1.165082 -0.084502
v 0.499203 1.161238 -0.087409
v 0.497593 1.164218 -0.086558
v 0.560914 0.851799 -0.062314
v 0.564601 0.857065 -0.063351
v 0.563848 0.853668 -0.063047
v 0.505347 1.166937 -0.062314
v 0.510613 1.163250 -0.063351
v 0.508743 1.166185 -0.063047
v 0.560914 0.851799 -0.037686
v 0.564601 0.857065 -0.036649
v 0.563848 0.853668 -0.036953
v 0.505347 1.166938 -0.037686
v 0.510613 1.163250 -0.036649
v 0.508743 1.166185 -0.036953
v 0.550391 0.849944 -0.015498
v 0.553192 0.855053 -0.012591
v 0.552698 0.851702 -0.013442
v 0.494824 1.165082 -0.015498
v 0.499203 1.161238 -0.012591
v 0.497593 1.164219 -0.013442
v 0.531429 0.846600 -0.000143
v 0.532632 0.851428 0.004058
v 0.532606 0.848160 0.002828
v 0.475862 1.161739 -0.000143
v 0.478643 1.157613 0.004058
v 0.477501 1.160676 0.002828
v 0.507784 0.842431 0.005337
v 0.506994 0.846907 0.010000
v 0.507553 0.843742 0.008634
v 0.452216 1.157569 0.005337
v 0.453006 1.153093 0.010000
v 0.452447 1.156258 0.008634
v 0.484138 0.838261 -0.000143
v 0.481357 0.842387 0.004058
v 0.482499 0.839324 0.002828
v 0.428571 1.153400 -0.000143
v 0.427368 1.148572 0.004058
v 0.427393 1.151840 0.002828
v 0.465176 0.834918 -0.015498
v 0.460797 0.838762 -0.012591
v 0.462407 0.835782 -0.013442
v 0.409609 1.150056 -0.015498
v 0.406808 1.144947 -0.012591
v 0.407302 1.148298 -0.013442
v 0.454653 0.833062 -0.037686
v 0.449387 0.836750 -0.036649
v 0.451257 0.833815 -0.036953
v 0.399086 1.148201 -0.037686
v 0.395399 1.142935 -0.036649
v 0.396152 1.146332 -0.036953
v 0.454653 0.833062 -0.062314
v 0.449387 0.836750 -0.063351
v 0.451257 0.833815 -0.063047
v 0.399086 1.148201 -0.062314
v 0.395399 1.142935 -0.063351
v 0.396152 1.146332 -0.063047
v 0.465176 0.834918 -0.084502
v 0.460797 0.838762 -0.087409
v 0.462407 0.835782 -0.086558
v 0.409609 1.150056 -0.084502
v 0.406808 1.144947 -0.087409
v 0.407302 1.148297 -0.086558
v 0.484138 0.838261 -0.099857
v 0.481357 0.842387 -0.104058
v 0.482499 0.839324 -0.102828
v 0.428571 1.153400 -0.099857
v 0.427368 1.148572 -0.104058
v 0.427393 1.151840 -0.102828
v -0.521900 0.864337 -0.104913
v -0.526540 0.868864 -0.098526
v -0.524061 0.867028 -0.101938
v -0.509323 0.847500 -0.114845
v -0.516340 0.847500 -0.119944
v -0.513892 0.850714 -0.115934
v -0.512488 0.847500 -0.117867
v -0.504991 0.820000 -0.120807
v -0.512009 0.820000 -0.125905
v -0.508157 0.820000 -0.123828
v -0.516340 0.792500 -0.119944
v -0.509323 0.792500 -0.114845
v -0.513892 0.789286 -0.115934
v -0.512488 0.792500 -0.117867
v -0.526540 0.771136 -0.098526
v -0.521900 0.775663 -0.104913
v -0.524061 0.772972 -0.101938
v -0.518221 0.868864 -0.087076
v -0.510713 0.864337 -0.089516
v -0.514210 0.867028 -0.088380
v -0.494700 0.847500 -0.090159
v -0.497380 0.847500 -0.098408
v -0.497757 0.850714 -0.093726
v -0.495485 0.847500 -0.094464
v -0.487692 0.820000 -0.092436
v -0.490372 0.820000 -0.100685
v -0.488477 0.820000 -0.096741
v -0.497380 0.792500 -0.098408
v -0.494700 0.792500 -0.090159
v -0.497757 0.789286 -0.093726
v -0.495485 0.792500 -0.094464
v -0.510713 0.775663 -0.089516
v -0.518221 0.771136 -0.087076
v -0.514210 0.772972 -0.088380
v -0.518221 0.868864 -0.072924
v -0.510713 0.864337 -0.070484
v -0.514210 0.867028 -0.071620
v -0.497380 0.847500 -0.061592
v -0.494700 0.847500 -0.069841
v -0.497757 0.850714 -0.066274
v -0.495485 0.847500 -0.065536
v -0.490372 0.820000 -0.059315
v -0.487692 0.820000 -0.067564
v -0.488477 0.820000 -0.063259
v -0.494700 0.792500 -0.069841
v -0.497380 0.792500 -0.061592
v -0.497757 0.789286 -0.066274
v -0.495485 0.792500 -0.065536
v -0.510713 0.775663 -0.070484
v -0.518221 0.771136 -0.072924
v -0.514210 0.772972 -0.071620
v -0.526540 0.868864 -0.061474
v -0.521900 0.864337 -0.055087
v -0.524061 0.867028 -0.058062
v -0.516340 0.847500 -0.040056
v -0.509323 0.847500 -0.045155
v -0.513892 0.850714 -0.044066
v -0.512488 0.847500 -0.042133
v -0.512009 0.820000 -0.034095
v -0.504991 0.820000 -0.039193
v -0.508157 0.820000 -0.036172
v -0.509323 0.792500 -0.045155
v -0.516340 0.792500 -0.040056
v -0.513892 0.789286 -0.044066
v -0.512488 0.792500 -0.042133
v -0.521900 0.775663 -0.055087
v -0.526540 0.771136 -0.061474
v -0.524061 0.772972 -0.058062
v -0.540000 0.868864 -0.057101
v -0.540000 0.864337 -0.049206
v -0.540000 0.867028 -0.052883
v -0.544337 0.847500 -0.033778
v -0.535663 0.847500 -0.033778
v -0.540000 0.850714 -0.035583
v -0.540000 0.847500 -0.033194
v -0.544337 0.820000 -0.026409
v -0.535663 0.820000 -0.026409
v -0.540000 0.820000 -0.025825
v -0.535663 0.792500 -0.033778
v -0.544337 0.792500 -0.033778
v -0.540000 0.789286 -0.035583
v -0.540000 0.792500 -0.033194
v -0.540000 0.775663 -0.049206
v -0.540000 0.771136 -0.057101
v -0.540000 0.772972 -0.052883
v -0.553460 0.868864 -0.061474
v -0.558100 0.864337 -0.055087
v -0.555939 0.867028 -0.058062
v -0.570678 0.847500 -0.045155
v -0.563660 0.847500 -0.040056
v -0.566108 0.850714 -0.044066
v -0.567512 0.847500 -0.042133
v -0.575009 0.820000 -0.039193
v -0.567991 0.820000 -0.034095
v -0.571843 0.820000 -0.036172
v -0.563660 0.792500 -0.040056
v -0.570678 0.792500 -0.045155
v -0.566108 0.789286 -0.044066
v -0.567512 0.792500 -0.042133
v -0.558100 0.775663 -0.055087
v -0.553460 0.771136 -0.061474
v -0.555939 0.772972 -0.058062
v -0.561779 0.868864 -0.072924
v -0.569287 0.864337 -0.070484
v -0.565790 0.867028 -0.071620
v -0.585300 0.847500 -0.069841
v -0.582620 0.847500 -0.061592
v -0.582243 0.850714 -0.066274
v -0.584515 0.847500 -0.065536
v -0.592308 0.820000 -0.067564
v -0.589628 0.820000 -0.059315
v -0.591523 0.820000 -0.063259
v -0.582620 0.792500 -0.061592
v -0.585300 0.792500 -0.069841
v -0.582243 0.789286 -0.066274
v -0.584515 0.792500 -0.065536
v -0.569287 0.775663 -0.070484
v -0.561779 0.771136 -0.072924
v -0.565790 0.772972 -0.071620
v -0.561779 0.868864 -0.087076
v -0.569287 0.864337 -0.089516
v -0.565790 0.867028 -0.088380
v -0.582620 0.847500 -0.098408
v -0.585300 0.847500 -0.090159
v -0.582243 0.850714 -0.093726
v -0.584515 0.847500 -0.094464
v -0.589628 0.820000 -0.100685
v -0.592308 0.820000 -0.092436
v -0.591523 0.820000 -0.096741
v -0.585300 0.792500 -0.090159
v -0.582620 0.792500 -0.098408
v -0.582243 0.789286 -0.093726
v -0.584515 0.792500 -0.094464
v -0.569287 0.775663 -0.089516
v -0.561779 0.771136 -0.087076
v -0.565790 0.772972 -0.088380
v -0.553460 0.868864 -0.098526
v -0.558100 0.864337 -0.104913
v -0.555939 0.867028 -0.101938
v -0.563660 0.847500 -0.119944
v -0.570678 0.847500 -0.114845
v -0.566108 0.850714 -0.115934
v -0.567512 0.847500 -0.117867
v -0.567991 0.820000 -0.125905
v -0.575009 0.820000 -0.120807
v -0.571843 0.820000 -0.123828
v -0.570678 0.792500 -0.114845
v -0.563660 0.792500 -0.119944
v -0.566108 0.789286 -0.115934
v -0.567512 0.792500 -0.117867
v -0.558100 0.775663 -0.104913
v -0.553460 0.771136 -0.098526
v -0.555939 0.772972 -0.101938
v -0.540000 0.868864 -0.102899
v -0.540000 0.864337 -0.110794
v -0.540000 0.867028 -0.107117
v -0.535663 0.847500 -0.126222
v -0.544337 0.847500 -0.126222
v -0.540000 0.850714 -0.124417
v -0.540000 0.847500 -0.126806
v -0.535663 0.820000 -0.133591
v -0.544337 0.820000 -0.133591
v -0.540000 0.820000 -0.134175
v -0.544337 0.792500 -0.126222
v -0.535663 0.792500 -0.126222
v -0.540000 0.789286 -0.124417
v -0.540000 0.792500 -0.126806
v -0.540000 0.775663 -0.110794
v -0.540000 0.771136 -0.102899
v -0.540000 0.772972 -0.107117
v 0.558100 0.864337 -0.104913
v 0.553460 0.868864 -0.098526
v 0.555939 0.867028 -0.101938
v 0.570678 0.847500 -0.114845
v 0.563660 0.847500 -0.119944
v 0.566108 0.850714 -0.115934
v 0.567512 0.847500 -0.117867
v 0.575009 0.820000 -0.120807
v 0.567991 0.820000 -0.125905
v 0.571843 0.820000 -0.123828
v 0.563660 0.792500 -0.119944
v 0.570678 0.792500 -0.114845
v 0.566108 0.789286 -0.115934
v 0.567512 0.792500 -0.117867
v 0.553460 0.771136 -0.098526
v 0.558100 0.775663 -0.104913
v 0.555939 0.772972 -0.101938
v 0.561779 0.868864 -0.087076
v 0.569287 0.864337 -0.089516
v 0.565790 0.867028 -0.088380
v 0.585300 0.847500 -0.090159
v 0.582620 0.847500 -0.098408
v 0.582243 0.850714 -0.093726
v 0.584515 0.847500 -0.094464
v 0.592308 0.820000 -0.092436
v 0.589628 0.820000 -0.100685
v 0.591523 0.820000 -0.096741
v 0.582620 0.792500 -0.098408
v 0.585300 0.792500 -0.090159
v 0.582243 0.789286 -0.093726
v 0.584515 0.792500 -0.094464
v 0.569287 0.775663 -0.089516
v 0.561779 0.771136 -0.087076
v 0.565790 0.772972 -0.088380
v 0.561779 0.868864 -0.072924
v 0.569287 0.864337 -0.070484
v 0.565790 0.867028 -0.071620
v 0.582620 0.847500 -0.061592
v 0.585300 0.847500 -0.069841
v 0.582243 0.850714 -0.066274
v 0.584515 0.847500 -0.065536
v 0.589628 0.820000 -0.059315
v 0.592308 0.820000 -0.067564
v 0.591523 0.820000 -0.063259
v 0.585300 0.792500 -0.069841
v 0.582620 0.792500 -0.061592
v 0.582243 0.789286 -0.066274
v 0.584515 0.792500 -0.065536
v 0.569287 0.775663 -0.070484
v 0.561779 0.771136 -0.072924
v 0.565790 0.772972 -0.071620
v 0.553460 0.868864 -0.061474
v 0.558100 0.864337 -0.055087
v 0.555939 0.867028 -0.058062
v 0.563660 0.847500 -0.040056
v 0.570678 0.847500 -0.045155
v 0.566108 0.850714 -0.044066
v 0.567512 0.847500 -0.042133
v 0.567991 0.820000 -0.034095
v 0.575009 0.820000 -0.039193
v 0.571843 0.820000 -0.036172
v 0.570678 0.792500 -0.045155
v 0.563660 0.792500 -0.040056
v 0.566108 0.789286 -0.044066
v 0.567512 0.792500 -0.042133
v 0.558100 0.775663 -0.055087
v 0.553460 0.771136 -0.061474
v 0.555939 0.772972 -0.058062
v 0.540000 0.868864 -0.057101
v 0.540000 0.864337 -0.049206
v 0.540000 0.867028 -0.052883
v 0.535663 0.847500 -0.033778
v 0.544337 0.847500 -0.033778
v 0.540000 0.850714 -0.035583
v 0.540000 0.847500 -0.033194
v 0.535663 0.820000 -0.026409
v 0.544337 0.820000 -0.026409
v 0.540000 0.820000 -0.025825
v 0.544337 0.792500 -0.033778
v 0.535663 0.792500 -0.033778
v 0.540000 0.789286 -0.035583
v 0.540000 0.792500 -0.033194
v 0.540000 0.775663 -0.049206
v 0.540000 0.771136 -0.057101
v 0.540000 0.772972 -0.052883
v 0.526540 0.868864 -0.061474
v 0.521900 0.864337 -0.055087
v 0.524061 0.867028 -0.058062
v 0.509323 0.847500 -0.045155
v 0.516340 0.847500 -0.040056
v 0.513892 0.850714 -0.044066
v 0.512488 0.847500 -0.042133
v 0.504991 0.820000 -0.039193
v 0.512009 0.820000 -0.034095
v 0.508157 0.820000 -0.036172
v 0.516340 0.792500 -0.040056
v 0.509323 0.792500 -0.045155
v 0.513892 0.789286 -0.044066
v 0.512488 0.792500 -0.042133
v 0.521900 0.775663 -0.055087
v 0.526540 0.771136 -0.061474
v 0.524061 0.772972 -0.058062
v 0.518221 0.868864 -0.072924
v 0.510713 0.864337 -0.070484
v 0.514210 0.867028 -0.071620
v 0.494700 0.847500 -0.069841
v 0.497380 0.847500 -0.061592
v 0.497757 0.850714 -0.066274
v 0.495485 0.847500 -0.065536
v 0.487692 0.820000 -0.067564
v 0.490372 0.820000 -0.059315
v 0.488477 0.820000 -0.063259
v 0.497380 0.792500 -0.061592
v 0.494700 0.792500 -0.069841
v 0.497757 0.789286 -0.066274
v 0.495485 0.792500 -0.065536
v 0.510713 0.775663 -0.070484
v 0.518221 0.771136 -0.072924
v 0.514210 0.772972 -0.071620
v 0.518221 0.868864 -0.087076
v 0.510713 0.864337 -0.089516
v 0.514210 0.867028 -0.088380
v 0.497380 0.847500 -0.098408
v 0.494700 0.847500 -0.090159
v 0.497757 0.850714 -0.093726
v 0.495485 0.847500 -0.094464
v 0.490372 0.820000 -0.100685
v 0.487692 0.820000 -0.092436
v 0.488477 0.820000 -0.096741
v 0.494700 0.792500 -0.090159
v 0.497380 0.792500 -0.098408
v 0.497757 0.789286 -0.093726
v 0.495485 0.792500 -0.094464
v 0.510713 0.775663 -0.089516
v 0.518221 0.771136 -0.087076
v 0.514210 0.772972 -0.088380
v 0.526540 0.868864 -0.098526
v 0.521900 0.864337 -0.104913
v 0.524061 0.867028 -0.101938
v 0.516340 0.847500 -0.119944
v 0.509323 0.847500 -0.114845
v 0.513892 0.850714 -0.115934
v 0.512488 0.847500 -0.117867
v 0.512009 0.820000 -0.125905
v 0.504991 0.820000 -0.120807
v 0.508157 0.820000 -0.123828
v 0.509323 0.792500 -0.114845
v 0.516340 0.792500 -0.119944
v 0.513892 0.789286 -0.115934
v 0.512488 0.792500 -0.117867
v 0.521900 0.775663 -0.104913
v 0.526540 0.771136 -0.098526
v 0.524061 0.772972 -0.101938
v 0.540000 0.868864 -0.102899
v 0.540000 0.864337 -0.110794
v 0.540000 0.867028 -0.107117
v 0.544337 0.847500 -0.126222
v 0.535663 0.847500 -0.126222
v 0.540000 0.850714 -0.124417
v 0.540000 0.847500 -0.126806
v 0.544337 0.820000 -0.133591
v 0.535663 0.820000 -0.133591
v 0.540000 0.820000 -0.134175
v 0.535663 0.792500 -0.126222
v 0.544337 0.792500 -0.126222
v 0.540000 0.789286 -0.124417
v 0.540000 0.792500 -0.126806
v 0.540000 0.775663 -0.110794
v 0.540000 0.771136 -0.102899
v 0.540000 0.772972 -0.107117
v -0.584454 0.806000 -0.109546
v -0.584454 0.810546 -0.105000
v -0.589000 0.810546 -0.109546
v -0.584454 0.807331 -0.106331
v -0.587079 0.807921 -0.106921
v -0.587669 0.810546 -0.106331
v -0.587669 0.807331 -0.109546
v -0.584454 0.829454 -0.105000
v -0.584454 0.834000 -0.109546
v -0.589000 0.829454 -0.109546
v -0.584454 0.832669 -0.106331
v -0.587079 0.832079 -0.106921
v -0.587669 0.832669 -0.109546
v -0.587669 0.829454 -0.106331
v -0.584454 0.806000 -0.190454
v -0.589000 0.810546 -0.190454
v -0.584454 0.810546 -0.195000
v -0.587669 0.807331 -0.190454
v -0.587079 0.807921 -0.193079
v -0.587669 0.810546 -0.193669
v -0.584454 0.807331 -0.193669
v -0.584454 0.834000 -0.190454
v -0.584454 0.829454 -0.195000
v -0.589000 0.829454 -0.190454
v -0.584454 0.832669 -0.193669
v -0.587079 0.832079 -0.193079
v -0.587669 0.829454 -0.193669
v -0.587669 0.832669 -0.190454
v -0.565546 0.806000 -0.109546
v -0.561000 0.810546 -0.109546
v -0.565546 0.810546 -0.105000
v -0.562331 0.807331 -0.109546
v -0.562921 0.807921 -0.106921
v -0.562331 0.810546 -0.106331
v -0.565546 0.807331 -0.106331
v -0.565546 0.834000 -0.109546
v -0.565546 0.829454 -0.105000
v -0.561000 0.829454 -0.109546
v -0.565546 0.832669 -0.106331
v -0.562921 0.832079 -0.106921
v -0.562331 0.829454 -0.106331
v -0.562331 0.832669 -0.109546
v -0.565546 0.806000 -0.190454
v -0.565546 0.810546 -0.195000
v -0.561000 0.810546 -0.190454
v -0.565546 0.807331 -0.193669
v -0.562921 0.807921 -0.193079
v -0.562331 0.810546 -0.193669
v -0.562331 0.807331 -0.190454
v -0.565546 0.834000 -0.190454
v -0.561000 0.829454 -0.190454
v -0.565546 0.829454 -0.195000
v -0.562331 0.832669 -0.190454
v -0.562921 0.832079 -0.193079
v -0.562331 0.829454 -0.193669
v -0.565546 0.832669 -0.193669
v 0.495546 0.806000 -0.109546
v 0.495546 0.810546 -0.105000
v 0.491000 0.810546 -0.109546
v 0.495546 0.807331 -0.106331
v 0.492921 0.807921 -0.106921
v 0.492331 0.810546 -0.106331
v 0.492331 0.807331 -0.109546
v 0.495546 0.829454 -0.105000
v 0.495546 0.834000 -0.109546
v 0.491000 0.829454 -0.109546
v 0.495546 0.832669 -0.106331
v 0.492921 0.832079 -0.106921
v 0.492331 0.832669 -0.109546
v 0.492331 0.829454 -0.106331
v 0.495546 0.806000 -0.190454
v 0.491000 0.810546 -0.190454
v 0.495546 0.810546 -0.195000
v 0.492331 0.807331 -0.190454
v 0.492921 0.807921 -0.193079
v 0.492331 0.810546 -0.193669
v 0.495546 0.807331 -0.193669
v 0.495546 0.834000 -0.190454
v 0.495546 0.829454 -0.195000
v 0.491000 0.829454 -0.190454
v 0.495546 0.832669 -0.193669
v 0.492921 0.832079 -0.193079
v 0.492331 0.829454 -0.193669
v 0.492331 0.832669 -0.190454
v 0.514454 0.806000 -0.109546
v 0.519000 0.810546 -0.109546
v 0.514454 0.810546 -0.105000
v 0.517669 0.807331 -0.109546
v 0.517079 0.807921 -0.106921
v 0.517669 0.810546 -0.106331
v 0.514454 0.807331 -0.106331
v 0.514454 0.834000 -0.109546
v 0.514454 0.829454 -0.105000
v 0.519000 0.829454 -0.109546
v 0.514454 0.832669 -0.106331
v 0.517079 0.832079 -0.106921
v 0.517669 0.829454 -0.106331
v 0.517669 0.832669 -0.109546
v 0.514454 0.806000 -0.190454
v 0.514454 0.810546 -0.195000
v 0.519000 0.810546 -0.190454
v 0.514454 0.807331 -0.193669
v 0.517079 0.807921 -0.193079
v 0.517669 0.810546 -0.193669
v 0.517669 0.807331 -0.190454
v 0.514454 0.834000 -0.190454
v 0.519000 0.829454 -0.190454
v 0.514454 0.829454 -0.195000
v 0.517669 0.832669 -0.190454
v 0.517079 0.832079 -0.193079
v 0.517669 0.829454 -0.193669
v 0.514454 0.832669 -0.193669
v -0.561454 0.806000 -0.109546
v -0.561454 0.810546 -0.105000
v -0.566000 0.810546 -0.109546
v -0.561454 0.807331 -0.106331
v -0.564079 0.807921 -0.106921
v -0.564669 0.810546 -0.106331
v -0.564669 0.807331 -0.109546
v -0.561454 0.829454 -0.105000
v -0.561454 0.834000 -0.109546
v -0.566000 0.829454 -0.109546
v -0.561454 0.832669 -0.106331
v -0.564079 0.832079 -0.106921
v -0.564669 0.832669 -0.109546
v -0.564669 0.829454 -0.106331
v -0.561454 0.806000 -0.190454
v -0.566000 0.810546 -0.190454
v -0.561454 0.810546 -0.195000
v -0.564669 0.807331 -0.190454
v -0.564079 0.807921 -0.193079
v -0.564669 0.810546 -0.193669
v -0.561454 0.807331 -0.193669
v -0.561454 0.834000 -0.190454
v -0.561454 0.829454 -0.195000
v -0.566000 0.829454 -0.190454
v -0.561454 0.832669 -0.193669
v -0.564079 0.832079 -0.193079
v -0.564669 0.829454 -0.193669
v -0.564669 0.832669 -0.190454
v -0.542546 0.806000 -0.109546
v -0.538000 0.810546 -0.109546
v -0.542546 0.810546 -0.105000
v -0.539331 0.807331 -0.109546
v -0.539921 0.807921 -0.106921
v -0.539331 0.810546 -0.106331
v -0.542546 0.807331 -0.106331
v -0.542546 0.834000 -0.109546
v -0.542546 0.829454 -0.105000
v -0.538000 0.829454 -0.109546
v -0.542546 0.832669 -0.106331
v -0.539921 0.832079 -0.106921
v -0.539331 0.829454 -0.106331
v -0.539331 0.832669 -0.109546
v -0.542546 0.806000 -0.190454
v -0.542546 0.810546 -0.195000
v -0.538000 0.810546 -0.190454
v -0.542546 0.807331 -0.193669
v -0.539921 0.807921 -0.193079
v -0.539331 0.810546 -0.193669
v -0.539331 0.807331 -0.190454
v -0.542546 0.834000 -0.190454
v -0.538000 0.829454 -0.190454
v -0.542546 0.829454 -0.195000
v -0.539331 0.832669 -0.190454
v -0.539921 0.832079 -0.193079
v -0.539331 0.829454 -0.193669
v -0.542546 0.832669 -0.193669
v 0.518546 0.806000 -0.109546
v 0.518546 0.810546 -0.105000
v 0.514000 0.810546 -0.109546
v 0.518546 0.807331 -0.106331
v 0.515921 0.807921 -0.106921
v 0.515331 0.810546 -0.106331
v 0.515331 0.807331 -0.109546
v 0.518546 0.829454 -0.105000
v 0.518546 0.834000 -0.109546
v 0.514000 0.829454 -0.109546
v 0.518546 0.832669 -0.106331
v 0.515921 0.832079 -0.106921
v 0.515331 0.832669 -0.109546
v 0.515331 0.829454 -0.106331
v 0.518546 0.806000 -0.190454
v 0.514000 0.810546 -0.190454
v 0.518546 0.810546 -0.195000
v 0.515331 0.807331 -0.190454
v 0.515921 0.807921 -0.193079
v 0.515331 0.810546 -0.193669
v 0.518546 0.807331 -0.193669
v 0.518546 0.834000 -0.190454
v 0.518546 0.829454 -0.195000
v 0.514000 0.829454 -0.190454
v 0.518546 0.832669 -0.193669
v 0.515921 0.832079 -0.193079
v 0.515331 0.829454 -0.193669
v 0.515331 0.832669 -0.190454
v 0.537454 0.806000 -0.109546
v 0.542000 0.810546 -0.109546
v 0.537454 0.810546 -0.105000
v 0.540669 0.807331 -0.109546
v 0.540079 0.807921 -0.106921
v 0.540669 0.810546 -0.106331
v 0.537454 0.807331 -0.106331
v 0.537454 0.834000 -0.109546
v 0.537454 0.829454 -0.105000
v 0.542000 0.829454 -0.109546
v 0.537454 0.832669 -0.106331
v 0.540079 0.832079 -0.106921
v 0.540669 0.829454 -0.106331
v 0.540669 0.832669 -0.109546
v 0.537454 0.806000 -0.190454
v 0.537454 0.810546 -0.195000
v 0.542000 0.810546 -0.190454
v 0.537454 0.807331 -0.193669
v 0.540079 0.807921 -0.193079
v 0.540669 0.810546 -0.193669
v 0.540669 0.807331 -0.190454
v 0.537454 0.834000 -0.190454
v 0.542000 0.829454 -0.190454
v 0.537454 0.829454 -0.195000
v 0.540669 0.832669 -0.190454
v 0.540079 0.832079 -0.193079
v 0.540669 0.829454 -0.193669
v 0.537454 0.832669 -0.193669
v -0.537454 0.806000 -0.109546
v -0.537454 0.810546 -0.105000
v -0.542000 0.810546 -0.109546
v -0.537454 0.807331 -0.106331
v -0.540079 0.807921 -0.106921
v -0.540669 0.810546 -0.106331
v -0.540669 0.807331 -0.109546
v -0.537454 0.829454 -0.105000
v -0.537454 0.834000 -0.109546
v -0.542000 0.829454 -0.109546
v -0.537454 0.832669 -0.106331
v -0.540079 0.832079 -0.106921
v -0.540669 0.832669 -0.109546
v -0.540669 0.829454 -0.106331
v -0.537454 0.806000 -0.190454
v -0.542000 0.810546 -0.190454
v -0.537454 0.810546 -0.195000
v -0.540669 0.807331 -0.190454
v -0.540079 0.807921 -0.193079
v -0.540669 0.810546 -0.193669
v -0.537454 0.807331 -0.193669
v -0.537454 0.834000 -0.190454
v -0.537454 0.829454 -0.195000
v -0.542000 0.829454 -0.190454
v -0.537454 0.832669 -0.193669
v -0.540079 0.832079 -0.193079
v -0.540669 0.829454 -0.193669
v -0.540669 0.832669 -0.190454
v -0.518546 0.806000 -0.109546
v -0.514000 0.810546 -0.109546
v -0.518546 0.810546 -0.105000
v -0.515331 0.807331 -0.109546
v -0.515921 0.807921 -0.106921
v -0.515331 0.810546 -0.106331
v -0.518546 0.807331 -0.106331
v -0.518546 0.834000 -0.109546
v -0.518546 0.829454 -0.105000
v -0.514000 0.829454 -0.109546
v -0.518546 0.832669 -0.106331
v -0.515921 0.832079 -0.106921
v -0.515331 0.829454 -0.106331
v -0.515331 0.832669 -0.109546
v -0.518546 0.806000 -0.190454
v -0.518546 0.810546 -0.195000
v -0.514000 0.810546 -0.190454
v -0.518546 0.807331 -0.193669
v -0.515921 0.807921 -0.193079
v -0.515331 0.810546 -0.193669
v -0.515331 0.807331 -0.190454
v -0.518546 0.834000 -0.190454
v -0.514000 0.829454 -0.190454
v -0.518546 0.829454 -0.195000
v -0.515331 0.832669 -0.190454
v -0.515921 0.832079 -0.193079
v -0.515331 0.829454 -0.193669
v -0.518546 0.832669 -0.193669
v 0.542546 0.806000 -0.109546
v 0.542546 0.810546 -0.105000
v 0.538000 0.810546 -0.109546
v 0.542546 0.807331 -0.106331
v 0.539921 0.807921 -0.106921
v 0.539331 0.810546 -0.106331
v 0.539331 0.807331 -0.109546
v 0.542546 0.829454 -0.105000
v 0.542546 0.834000 -0.109546
v 0.538000 0.829454 -0.109546
v 0.542546 0.832669 -0.106331
v 0.539921 0.832079 -0.106921
v 0.539331 0.832669 -0.109546
v 0.539331 0.829454 -0.106331
v 0.542546 0.806000 -0.190454
v 0.538000 0.810546 -0.190454
v 0.542546 0.810546 -0.195000
v 0.539331 0.807331 -0.190454
v 0.539921 0.807921 -0.193079
v 0.539331 0.810546 -0.193669
v 0.542546 0.807331 -0.193669
v 0.542546 0.834000 -0.190454
v 0.542546 0.829454 -0.195000
v 0.538000 0.829454 -0.190454
v 0.542546 0.832669 -0.193669
v 0.539921 0.832079 -0.193079
v 0.539331 0.829454 -0.193669
v 0.539331 0.832669 -0.190454
v 0.561454 0.806000 -0.109546
v 0.566000 0.810546 -0.109546
v 0.561454 0.810546 -0.105000
v 0.564669 0.807331 -0.109546
v 0.564079 0.807921 -0.106921
v 0.564669 0.810546 -0.106331
v 0.561454 0.807331 -0.106331
v 0.561454 0.834000 -0.109546
v 0.561454 0.829454 -0.105000
v 0.566000 0.829454 -0.109546
v 0.561454 0.832669 -0.106331
v 0.564079 0.832079 -0.106921
v 0.564669 0.829454 -0.106331
v 0.564669 0.832669 -0.109546
v 0.561454 0.806000 -0.190454
v 0.561454 0.810546 -0.195000
v 0.566000 0.810546 -0.190454
v 0.561454 0.807331 -0.193669
v 0.564079 0.807921 -0.193079
v 0.564669 0.810546 -0.193669
v 0.564669 0.807331 -0.190454
v 0.561454 0.834000 -0.190454
v 0.566000 0.829454 -0.190454
v 0.561454 0.829454 -0.195000
v 0.564669 0.832669 -0.190454
v 0.564079 0.832079 -0.193079
v 0.564669 0.829454 -0.193669
v 0.561454 0.832669 -0.193669
v -0.514454 0.806000 -0.109546
v -0.514454 0.810546 -0.105000
v -0.519000 0.810546 -0.109546
v -0.514454 0.807331 -0.106331
v -0.517079 0.807921 -0.106921
v -0.517669 0.810546 -0.106331
v -0.517669 0.807331 -0.109546
v -0.514454 0.829454 -0.105000
v -0.514454 0.834000 -0.109546
v -0.519000 0.829454 -0.109546
v -0.514454 0.832669 -0.106331
v -0.517079 0.832079 -0.106921
v -0.517669 0.832669 -0.109546
v -0.517669 0.829454 -0.106331
v -0.514454 0.806000 -0.190454
v -0.519000 0.810546 -0.190454
v -0.514454 0.810546 -0.195000
v -0.517669 0.807331 -0.190454
v -0.517079 0.807921 -0.193079
v -0.517669 0.810546 -0.193669
v -0.514454 0.807331 -0.193669
v -0.514454 0.834000 -0.190454
v -0.514454 0.829454 -0.195000
v -0.519000 0.829454 -0.190454
v -0.514454 0.832669 -0.193669
v -0.517079 0.832079 -0.193079
v -0.517669 0.829454 -0.193669
v -0.517669 0.832669 -0.190454
v -0.495546 0.806000 -0.109546
v -0.491000 0.810546 -0.109546
v -0.495546 0.810546 -0.105000
v -0.492331 0.807331 -0.109546
v -0.492921 0.807921 -0.106921
v -0.492331 0.810546 -0.106331
v -0.495546 0.807331 -0.106331
v -0.495546 0.834000 -0.109546
v -0.495546 0.829454 -0.105000
v -0.491000 0.829454 -0.109546
v -0.495546 0.832669 -0.106331
v -0.492921 0.832079 -0.106921
v -0.492331 0.829454 -0.106331
v -0.492331 0.832669 -0.109546
v -0.495546 0.806000 -0.190454
v -0.495546 0.810546 -0.195000
v -0.491000 0.810546 -0.190454
v -0.495546 0.807331 -0.193669
v -0.492921 0.807921 -0.193079
v -0.492331 0.810546 -0.193669
v -0.492331 0.807331 -0.190454
v -0.495546 0.834000 -0.190454
v -0.491000 0.829454 -0.190454
v -0.495546 0.829454 -0.195000
v -0.492331 0.832669 -0.190454
v -0.492921 0.832079 -0.193079
v -0.492331 0.829454 -0.193669
v -0.495546 0.832669 -0.193669
v 0.565546 0.806000 -0.109546
v 0.565546 0.810546 -0.105000
v 0.561000 0.810546 -0.109546
v 0.565546 0.807331 -0.106331
v 0.562921 0.807921 -0.106921
v 0.562331 0.810546 -0.106331
v 0.562331 0.807331 -0.109546
v 0.565546 0.829454 -0.105000
v 0.565546 0.834000 -0.109546
v 0.561000 0.829454 -0.109546
v 0.565546 0.832669 -0.106331
v 0.562921 0.832079 -0.106921
v 0.562331 0.832669 -0.109546
v 0.562331 0.829454 -0.106331
v 0.565546 0.806000 -0.190454
v 0.561000 0.810546 -0.190454
v 0.565546 0.810546 -0.195000
v 0.562331 0.807331 -0.190454
v 0.562921 0.807921 -0.193079
v 0.562331 0.810546 -0.193669
v 0.565546 0.807331 -0.193669
v 0.565546 0.834000 -0.190454
v 0.565546 0.829454 -0.195000
v 0.561000 0.829454 -0.190454
v 0.565546 0.832669 -0.193669
v 0.562921 0.832079 -0.193079
v 0.562331 0.829454 -0.193669
v 0.562331 0.832669 -0.190454
v 0.584454 0.806000 -0.109546
v 0.589000 0.810546 -0.109546
v 0.584454 0.810546 -0.105000
v 0.587669 0.807331 -0.109546
v 0.587079 0.807921 -0.106921
v 0.587669 0.810546 -0.106331
v 0.584454 0.807331 -0.106331
v 0.584454 0.834000 -0.109546
v 0.584454 0.829454 -0.105000
v 0.589000 0.829454 -0.109546
v 0.584454 0.832669 -0.106331
v 0.587079 0.832079 -0.106921
v 0.587669 0.829454 -0.106331
v 0.587669 0.832669 -0.109546
v 0.584454 0.806000 -0.190454
v 0.584454 0.810546 -0.195000
v 0.589000 0.810546 -0.190454
v 0.584454 0.807331 -0.193669
v 0.587079 0.807921 -0.193079
v 0.587669 0.810546 -0.193669
v 0.587669 0.807331 -0.190454
v 0.584454 0.834000 -0.190454
v 0.589000 0.829454 -0.190454
v 0.584454 0.829454 -0.195000
v 0.587669 0.832669 -0.190454
v 0.587079 0.832079 -0.193079
v 0.587669 0.829454 -0.193669
v 0.584454 0.832669 -0.193669
v 0.000000 1.420000 -0.067294
v -0.004391 1.424546 -0.070823
v 0.004391 1.424546 -0.070823
v -0.002439 1.421332 -0.069968
v -0.000000 1.421921 -0.070684
v -0.000000 1.424546 -0.071311
v 0.002439 1.421332 -0.069968
v 0.000000 1.580000 -0.067294
v 0.004391 1.575454 -0.070823
v -0.004391 1.575454 -0.070823
v 0.002439 1.578668 -0.069968
v 0.000000 1.578079 -0.070684
v 0.000000 1.575454 -0.071311
v -0.002439 1.578668 -0.069968
v 0.033647 1.420000 -0.058278
v 0.031609 1.424546 -0.063530
v 0.039214 1.424546 -0.059140
v 0.032872 1.421332 -0.061814
v 0.035342 1.421921 -0.061214
v 0.035655 1.424546 -0.061757
v 0.037096 1.421332 -0.059375
v 0.033647 1.580000 -0.058278
v 0.039214 1.575454 -0.059140
v 0.031609 1.575454 -0.063530
v 0.037096 1.578668 -0.059375
v 0.035342 1.578079 -0.061214
v 0.035655 1.575454 -0.061757
v 0.032872 1.578668 -0.061814
v 0.058278 1.420000 -0.033647
v 0.059140 1.424546 -0.039214
v 0.063530 1.424546 -0.031609
v 0.059375 1.421332 -0.037096
v 0.061214 1.421921 -0.035342
v 0.061757 1.424546 -0.035655
v 0.061814 1.421332 -0.032872
v 0.058278 1.580000 -0.033647
v 0.063530 1.575454 -0.031609
v 0.059140 1.575454 -0.039214
v 0.061814 1.578668 -0.032872
v 0.061214 1.578079 -0.035342
v 0.061757 1.575454 -0.035655
v 0.059375 1.578668 -0.037096
v 0.067294 1.420000 0.000000
v 0.070823 1.424546 -0.004391
v 0.070823 1.424546 0.004391
v 0.069968 1.421332 -0.002439
v 0.070684 1.421921 -0.000000
v 0.071311 1.424546 -0.000000
v 0.069968 1.421332 0.002439
v 0.067294 1.580000 0.000000
v 0.070823 1.575454 0.004391
v 0.070823 1.575454 -0.004391
v 0.069968 1.578668 0.002439
v 0.070684 1.578079 0.000000
v 0.071311 1.575454 0.000000
v 0.069968 1.578668 -0.002439
v 0.058278 1.420000 0.033647
v 0.063530 1.424546 0.031609
v 0.059140 1.424546 0.039214
v 0.061814 1.421332 0.032872
v 0.061214 1.421921 0.035342
v 0.061757 1.424546 0.035655
v 0.059375 1.421332 0.037096
v 0.058278 1.580000 0.033647
v 0.059140 1.575454 0.039214
v 0.063530 1.575454 0.031609
v 0.059375 1.578668 0.037096
v 0.061214 1.578079 0.035342
v 0.061757 1.575454 0.035655
v 0.061814 1.578668 0.032872
v 0.033647 1.420000 0.058278
v 0.039214 1.424546 0.059140
v 0.031609 1.424546 0.063530
v 0.037096 1.421332 0.059375
v 0.035342 1.421921 0.061214
v 0.035655 1.424546 0.061757
v 0.032872 1.421332 0.061814
v 0.033647 1.580000 0.058278
v 0.031609 1.575454 0.063530
v 0.039214 1.575454 0.059140
v 0.032872 1.578668 0.061814
v 0.035342 1.578079 0.061214
v 0.035655 1.575454 0.061757
v 0.037096 1.578668 0.059375
v 0.000000 1.420000 0.067294
v 0.004391 1.424546 0.070823
v -0.004391 1.424546 0.070823
v 0.002439 1.421332 0.069968
v 0.000000 1.421921 0.070684
v 0.000000 1.424546 0.071311
v -0.002439 1.421332 0.069968
v -0.000000 1.580000 0.067294
v -0.004391 1.575454 0.070823
v 0.004391 1.575454 0.070823
v -0.002439 1.578668 0.069968
v -0.000000 1.578079 0.070684
v -0.000000 1.575454 0.071311
v 0.002439 1.578668 0.069968
v -0.033647 1.420000 0.058278
v -0.031609 1.424546 0.063530
v -0.039214 1.424546 0.059140
v -0.032872 1.421332 0.061814
v -0.035342 1.421921 0.061214
v -0.035655 1.424546 0.061757
v -0.037096 1.421332 0.059375
v -0.033647 1.580000 0.058278
v -0.039214 1.575454 0.059140
v -0.031609 1.575454 0.063530
v -0.037096 1.578668 0.059375
v -0.035342 1.578079 0.061214
v -0.035655 1.575454 0.061757
v -0.032872 1.578668 0.061814
v -0.058278 1.420000 0.033647
v -0.059140 1.424546 0.039214
v -0.063530 1.424546 0.031609
v -0.059375 1.421332 0.037096
v -0.061214 1.421921 0.035342
v -0.061757 1.424546 0.035655
v -0.061814 1.421332 0.032872
v -0.058278 1.580000 0.033647
v -0.063530 1.575454 0.031609
v -0.059140 1.575454 0.039214
v -0.061814 1.578668 0.032872
v -0.061214 1.578079 0.035342
v -0.061757 1.575454 0.035655
v -0.059375 1.578668 0.037096
v -0.067294 1.420000 0.000000
v -0.070823 1.424546 0.004391
v -0.070823 1.424546 -0.004391
v -0.069968 1.421331 0.002439
v -0.070684 1.421921 0.000000
v -0.071311 1.424546 0.000000
v -0.069968 1.421332 -0.002439
v -0.067294 1.580000 0.000000
v -0.070823 1.575454 -0.004391
v -0.070823 1.575454 0.004391
v -0.069968 1.578668 -0.002439
v -0.070684 1.578079 -0.000000
v -0.071311 1.575454 -0.000000
v -0.069968 1.578668 0.002439
v -0.058278 1.420000 -0.033647
v -0.063530 1.424546 -0.031609
v -0.059140 1.424546 -0.039214
v -0.061814 1.421332 -0.032872
v -0.061214 1.421921 -0.035342
v -0.061757 1.424546 -0.035655
v -0.059375 1.421332 -0.037096
v -0.058278 1.580000 -0.033647
v -0.059140 1.575454 -0.039214
v -0.063530 1.575454 -0.031609
v -0.059375 1.578668 -0.037096
v -0.061214 1.578079 -0.035342
v -0.061757 1.575454 -0.035655
v -0.061814 1.578668 -0.032872
v -0.033647 1.420000 -0.058278
v -0.039214 1.424546 -0.059140
v -0.031609 1.424546 -0.063530
v -0.037096 1.421332 -0.059375
v -0.035342 1.421921 -0.061214
v -0.035655 1.424546 -0.061757
v -0.032872 1.421332 -0.061814
v -0.033647 1.580000 -0.058278
v -0.031609 1.575454 -0.063530
v -0.039214 1.575454 -0.059140
v -0.032872 1.578668 -0.061814
v -0.035342 1.578079 -0.061214
v -0.035655 1.575454 -0.061757
v -0.037096 1.578668 -0.059375
v -0.015454 1.620000 0.152954
v -0.015454 1.624546 0.157500
v -0.020000 1.624546 0.152954
v -0.015454 1.621332 0.156169
v -0.018079 1.621921 0.155579
v -0.018669 1.624546 0.156169
v -0.018669 1.621332 0.152954
v -0.015454 1.665454 0.157500
v -0.015454 1.670000 0.152954
v -0.020000 1.665454 0.152954
v -0.015454 1.668668 0.156169
v -0.018079 1.668079 0.155579
v -0.018669 1.668668 0.152954
v -0.018669 1.665454 0.156169
v -0.015454 1.620000 0.097046
v -0.020000 1.624546 0.097046
v -0.015454 1.624546 0.092500
v -0.018669 1.621332 0.097046
v -0.018079 1.621921 0.094421
v -0.018669 1.624546 0.093831
v -0.015454 1.621332 0.093831
v -0.015454 1.670000 0.097046
v -0.015454 1.665454 0.092500
v -0.020000 1.665454 0.097046
v -0.015454 1.668668 0.093831
v -0.018079 1.668079 0.094421
v -0.018669 1.665454 0.093831
v -0.018669 1.668668 0.097046
v 0.015454 1.620000 0.152954
v 0.020000 1.624546 0.152954
v 0.015454 1.624546 0.157500
v 0.018669 1.621332 0.152954
v 0.018079 1.621921 0.155579
v 0.018669 1.624546 0.156169
v 0.015454 1.621332 0.156169
v 0.015454 1.670000 0.152954
v 0.015454 1.665454 0.157500
v 0.020000 1.665454 0.152954
v 0.015454 1.668668 0.156169
v 0.018079 1.668079 0.155579
v 0.018669 1.665454 0.156169
v 0.018669 1.668668 0.152954
v 0.015454 1.620000 0.097046
v 0.015454 1.624546 0.092500
v 0.020000 1.624546 0.097046
v 0.015454 1.621332 0.093831
v 0.018079 1.621921 0.094421
v 0.018669 1.624546 0.093831
v 0.018669 1.621332 0.097046
v 0.015454 1.670000 0.097046
v 0.020000 1.665454 0.097046
v 0.015454 1.665454 0.092500
v 0.018669 1.668668 0.097046
v 0.018079 1.668079 0.094421
v 0.018669 1.665454 0.093831
v 0.015454 1.668668 0.093831
v -0.080454 1.701000 0.112954
v -0.080454 1.705546 0.117500
v -0.085000 1.705546 0.112954
v -0.080454 1.702331 0.116169
v -0.083079 1.702921 0.115579
v -0.083669 1.705546 0.116169
v -0.083669 1.702331 0.112954
v -0.080454 1.724454 0.117500
v -0.080454 1.729000 0.112954
v -0.085000 1.724454 0.112954
v -0.080454 1.727669 0.116169
v -0.083079 1.727079 0.115579
v -0.083669 1.727669 0.112954
v -0.083669 1.724454 0.116169
v -0.080454 1.701000 0.087046
v -0.085000 1.705546 0.087046
v -0.080454 1.705546 0.082500
v -0.083669 1.702331 0.087046
v -0.083079 1.702921 0.084421
v -0.083669 1.705546 0.083831
v -0.080454 1.702331 0.083831
v -0.080454 1.729000 0.087046
v -0.080454 1.724454 0.082500
v -0.085000 1.724454 0.087046
v -0.080454 1.727669 0.083831
v -0.083079 1.727079 0.084421
v -0.083669 1.724454 0.083831
v -0.083669 1.727669 0.087046
v 0.080454 1.701000 0.112954
v 0.085000 1.705546 0.112954
v 0.080454 1.705546 0.117500
v 0.083669 1.702331 0.112954
v 0.083079 1.702921 0.115579
v 0.083669 1.705546 0.116169
v 0.080454 1.702331 0.116169
v 0.080454 1.729000 0.112954
v 0.080454 1.724454 0.117500
v 0.085000 1.724454 0.112954
v 0.080454 1.727669 0.116169
v 0.083079 1.727079 0.115579
v 0.083669 1.724454 0.116169
v 0.083669 1.727669 0.112954
v 0.080454 1.701000 0.087046
v 0.080454 1.705546 0.082500
v 0.085000 1.705546 0.087046
v 0.080454 1.702331 0.083831
v 0.083079 1.702921 0.084421
v 0.083669 1.705546 0.083831
v 0.083669 1.702331 0.087046
v 0.080454 1.729000 0.087046
v 0.085000 1.724454 0.087046
v 0.080454 1.724454 0.082500
v 0.083669 1.727669 0.087046
v 0.083079 1.727079 0.084421
v 0.083669 1.724454 0.083831
v 0.080454 1.727669 0.083831
v -0.052292 1.692249 0.097439
v -0.048000 1.696855 0.103726
v -0.043708 1.692249 0.097439
v -0.050248 1.694981 0.100337
v -0.048000 1.694467 0.099229
v -0.045752 1.694981 0.100337
v -0.048000 1.692618 0.097071
v -0.043711 1.689000 0.094188
v -0.052289 1.689000 0.094188
v -0.048000 1.689000 0.093452
v -0.043714 1.680000 0.091776
v -0.052286 1.680000 0.091776
v -0.048000 1.680000 0.091040
v -0.043711 1.671000 0.094188
v -0.052289 1.671000 0.094188
v -0.048000 1.671000 0.093452
v -0.052292 1.667750 0.097439
v -0.043708 1.667750 0.097439
v -0.048000 1.663145 0.103726
v -0.048000 1.667382 0.097071
v -0.048000 1.665533 0.099229
v -0.045752 1.665019 0.100337
v -0.050248 1.665019 0.100337
v -0.037497 1.692249 0.103567
v -0.043567 1.692249 0.097497
v -0.044977 1.696855 0.104977
v -0.040272 1.692618 0.100272
v -0.041798 1.694467 0.101798
v -0.044171 1.694981 0.100992
v -0.040992 1.694981 0.104171
v -0.035201 1.689000 0.101266
v -0.041266 1.689000 0.095201
v -0.037713 1.689000 0.097713
v -0.033497 1.680000 0.099559
v -0.039559 1.680000 0.093497
v -0.036008 1.680000 0.096008
v -0.035201 1.671000 0.101266
v -0.041266 1.671000 0.095201
v -0.037713 1.671000 0.097713
v -0.037497 1.667750 0.103567
v -0.044977 1.663145 0.104977
v -0.043567 1.667750 0.097497
v -0.040992 1.665019 0.104171
v -0.041798 1.665533 0.101798
v -0.044171 1.665019 0.100992
v -0.040272 1.667382 0.100272
v -0.037439 1.692249 0.112292
v -0.037439 1.692249 0.103708
v -0.043726 1.696855 0.108000
v -0.037071 1.692618 0.108000
v -0.039229 1.694467 0.108000
v -0.040337 1.694981 0.105752
v -0.040337 1.694981 0.110248
v -0.034188 1.689000 0.112289
v -0.034188 1.689000 0.103711
v -0.033452 1.689000 0.108000
v -0.031776 1.680000 0.112286
v -0.031776 1.680000 0.103714
v -0.031040 1.680000 0.108000
v -0.034188 1.671000 0.112289
v -0.034188 1.671000 0.103711
v -0.033452 1.671000 0.108000
v -0.037439 1.667750 0.112292
v -0.043726 1.663145 0.108000
v -0.037439 1.667750 0.103708
v -0.040337 1.665019 0.110248
v -0.039229 1.665533 0.108000
v -0.040337 1.665019 0.105752
v -0.037071 1.667382 0.108000
v -0.043567 1.692249 0.118503
v -0.037497 1.692249 0.112433
v -0.044977 1.696855 0.111023
v -0.040272 1.692618 0.115728
v -0.041798 1.694467 0.114202
v -0.040992 1.694981 0.111829
v -0.044171 1.694981 0.115008
v -0.041266 1.689000 0.120799
v -0.035201 1.689000 0.114734
v -0.037713 1.689000 0.118287
v -0.039559 1.680000 0.122503
v -0.033497 1.680000 0.116441
v -0.036008 1.680000 0.119992
v -0.041266 1.671000 0.120799
v -0.035201 1.671000 0.114734
v -0.037713 1.671000 0.118287
v -0.043567 1.667750 0.118503
v -0.044977 1.663145 0.111023
v -0.037497 1.667750 0.112433
v -0.044171 1.665019 0.115008
v -0.041798 1.665533 0.114202
v -0.040992 1.665019 0.111829
v -0.040272 1.667382 0.115728
v -0.052292 1.692249 0.118561
v -0.043708 1.692249 0.118561
v -0.048000 1.696855 0.112274
v -0.048000 1.692618 0.118929
v -0.048000 1.694467 0.116771
v -0.045752 1.694981 0.115663
v -0.050248 1.694981 0.115663
v -0.052289 1.689000 0.121812
v -0.043711 1.689000 0.121812
v -0.048000 1.689000 0.122548
v -0.052286 1.680000 0.124224
v -0.043714 1.680000 0.124224
v -0.048000 1.680000 0.124960
v -0.052289 1.671000 0.121812
v -0.043711 1.671000 0.121812
v -0.048000 1.671000 0.122548
v -0.052292 1.667750 0.118561
v -0.048000 1.663145 0.112274
v -0.043708 1.667750 0.118561
v -0.050248 1.665019 0.115663
v -0.048000 1.665533 0.116771
v -0.045752 1.665019 0.115663
v -0.048000 1.667382 0.118929
v -0.058503 1.692249 0.112433
v -0.052433 1.692249 0.118503
v -0.051023 1.696855 0.111023
v -0.055728 1.692618 0.115728
v -0.054202 1.694467 0.114202
v -0.051829 1.694981 0.115008
v -0.055008 1.694981 0.111829
v -0.060799 1.689000 0.114734
v -0.054734 1.689000 0.120799
v -0.058287 1.689000 0.118287
v -0.062503 1.680000 0.116441
v -0.056441 1.680000 0.122503
v -0.059992 1.680000 0.119992
v -0.060799 1.671000 0.114734
v -0.054734 1.671000 0.120799
v -0.058287 1.671000 0.118287
v -0.058503 1.667750 0.112433
v -0.051023 1.663145 0.111023
v -0.052433 1.667750 0.118503
v -0.055008 1.665019 0.111829
v -0.054202 1.665533 0.114202
v -0.051829 1.665019 0.115008
v -0.055728 1.667382 0.115728
v -0.058561 1.692249 0.103708
v -0.058561 1.692249 0.112292
v -0.052274 1.696855 0.108000
v -0.058929 1.692618 0.108000
v -0.056771 1.694467 0.108000
v -0.055663 1.694981 0.110248
v -0.055663 1.694981 0.105752
v -0.061812 1.689000 0.103711
v -0.061812 1.689000 0.112289
v -0.062548 1.689000 0.108000
v -0.064224 1.680000 0.103714
v -0.064224 1.680000 0.112286
v -0.064960 1.680000 0.108000
v -0.061812 1.671000 0.103711
v -0.061812 1.671000 0.112289
v -0.062548 1.671000 0.108000
v -0.058561 1.667750 0.103708
v -0.052274 1.663145 0.108000
v -0.058561 1.667750 0.112292
v -0.055663 1.665019 0.105752
v -0.056771 1.665533 0.108000
v -0.055663 1.665019 0.110248
v -0.058929 1.667382 0.108000
v -0.052433 1.692249 0.097497
v -0.058503 1.692249 0.103567
v -0.051023 1.696855 0.104977
v -0.055728 1.692618 0.100272
v -0.054202 1.694467 0.101798
v -0.055008 1.694981 0.104171
v -0.051829 1.694981 0.100992
v -0.054734 1.689000 0.095201
v -0.060799 1.689000 0.101266
v -0.058287 1.689000 0.097713
v -0.056441 1.680000 0.093497
v -0.062503 1.680000 0.099559
v -0.059992 1.680000 0.096008
v -0.054734 1.671000 0.095201
v -0.060799 1.671000 0.101266
v -0.058287 1.671000 0.097713
v -0.052433 1.667750 0.097497
v -0.051023 1.663145 0.104977
v -0.058503 1.667750 0.103567
v -0.051829 1.665019 0.100992
v -0.054202 1.665533 0.101798
v -0.055008 1.665019 0.104171
v -0.055728 1.667382 0.100272
v 0.043708 1.692249 0.097439
v 0.048000 1.696855 0.103726
v 0.052292 1.692249 0.097439
v 0.045752 1.694981 0.100337
v 0.048000 1.694467 0.099229
v 0.050248 1.694981 0.100337
v 0.048000 1.692618 0.097071
v 0.052289 1.689000 0.094188
v 0.043711 1.689000 0.094188
v 0.048000 1.689000 0.093452
v 0.052286 1.680000 0.091776
v 0.043714 1.680000 0.091776
v 0.048000 1.680000 0.091040
v 0.052289 1.671000 0.094188
v 0.043711 1.671000 0.094188
v 0.048000 1.671000 0.093452
v 0.043708 1.667750 0.097439
v 0.052292 1.667750 0.097439
v 0.048000 1.663145 0.103726
v 0.048000 1.667382 0.097071
v 0.048000 1.665533 0.099229
v 0.050248 1.665019 0.100337
v 0.045752 1.665019 0.100337
v 0.058503 1.692249 0.103567
v 0.052433 1.692249 0.097497
v 0.051023 1.696855 0.104977
v 0.055728 1.692618 0.100272
v 0.054202 1.694467 0.101798
v 0.051829 1.694981 0.100992
v 0.055008 1.694981 0.104171
v 0.060799 1.689000 0.101266
v 0.054734 1.689000 0.095201
v 0.058287 1.689000 0.097713
v 0.062503 1.680000 0.099559
v 0.056441 1.680000 0.093497
v 0.059992 1.680000 0.096008
v 0.060799 1.671000 0.101266
v 0.054734 1.671000 0.095201
v 0.058287 1.671000 0.097713
v 0.058503 1.667750 0.103567
v 0.051023 1.663145 0.104977
v 0.052433 1.667750 0.097497
v 0.055008 1.665019 0.104171
v 0.054202 1.665533 0.101798
v 0.051829 1.665019 0.100992
v 0.055728 1.667382 0.100272
v 0.058561 1.692249 0.112292
v 0.058561 1.692249 0.103708
v 0.052274 1.696855 0.108000
v 0.058929 1.692618 0.108000
v 0.056771 1.694467 0.108000
v 0.055663 1.694981 0.105752
v 0.055663 1.694981 0.110248
v 0.061812 1.689000 0.112289
v 0.061812 1.689000 0.103711
v 0.062548 1.689000 0.108000
v 0.064224 1.680000 0.112286
v 0.064224 1.680000 0.103714
v 0.064960 1.680000 0.108000
v 0.061812 1.671000 0.112289
v 0.061812 1.671000 0.103711
v 0.062548 1.671000 0.108000
v 0.058561 1.667750 0.112292
v 0.052274 1.663145 0.108000
v 0.058561 1.667750 0.103708
v 0.055663 1.665019 0.110248
v 0.056771 1.665533 0.108000
v 0.055663 1.665019 0.105752
v 0.058929 1.667382 0.108000
v 0.052433 1.692249 0.118503
v 0.058503 1.692249 0.112433
v 0.051023 1.696855 0.111023
v 0.055728 1.692618 0.115728
v 0.054202 1.694467 0.114202
v 0.055008 1.694981 0.111829
v 0.051829 1.694981 0.115008
v 0.054734 1.689000 0.120799
v 0.060799 1.689000 0.114734
v 0.058287 1.689000 0.118287
v 0.056441 1.680000 0.122503
v 0.062503 1.680000 0.116441
v 0.059992 1.680000 0.119992
v 0.054734 1.671000 0.120799
v 0.060799 1.671000 0.114734
v 0.058287 1.671000 0.118287
v 0.052433 1.667750 0.118503
v 0.051023 1.663145 0.111023
v 0.058503 1.667750 0.112433
v 0.051829 1.665019 0.115008
v 0.054202 1.665533 0.114202
v 0.055008 1.665019 0.111829
v 0.055728 1.667382 0.115728
v 0.043708 1.692249 0.118561
v 0.052292 1.692249 0.118561
v 0.048000 1.696855 0.112274
v 0.048000 1.692618 0.118929
v 0.048000 1.694467 0.116771
v 0.050248 1.694981 0.115663
v 0.045752 1.694981 0.115663
v 0.043711 1.689000 0.121812
v 0.052289 1.689000 0.121812
v 0.048000 1.689000 0.122548
v 0.043714 1.680000 0.124224
v 0.052286 1.680000 0.124224
v 0.048000 1.680000 0.124960
v 0.043711 1.671000 0.121812
v 0.052289 1.671000 0.121812
v 0.048000 1.671000 0.122548
v 0.043708 1.667750 0.118561
v 0.048000 1.663145 0.112274
v 0.052292 1.667750 0.118561
v 0.045752 1.665019 0.115663
v 0.048000 1.665533 0.116771
v 0.050248 1.665019 0.115663
v 0.048000 1.667382 0.118929
v 0.037497 1.692249 0.112433
v 0.043567 1.692249 0.118503
v 0.044977 1.696855 0.111023
v 0.040272 1.692618 0.115728
v 0.041798 1.694467 0.114202
v 0.044171 1.694981 0.115008
v 0.040992 1.694981 0.111829
v 0.035201 1.689000 0.114734
v 0.041266 1.689000 0.120799
v 0.037713 1.689000 0.118287
v 0.033497 1.680000 0.116441
v 0.039559 1.680000 0.122503
v 0.036008 1.680000 0.119992
v 0.035201 1.671000 0.114734
v 0.041266 1.671000 0.120799
v 0.037713 1.671000 0.118287
v 0.037497 1.667750 0.112433
v 0.044977 1.663145 0.111023
v 0.043567 1.667750 0.118503
v 0.040992 1.665019 0.111829
v 0.041798 1.665533 0.114202
v 0.044171 1.665019 0.115008
v 0.040272 1.667382 0.115728
v 0.037439 1.692249 0.103708
v 0.037439 1.692249 0.112292
v 0.043726 1.696855 0.108000
v 0.037071 1.692618 0.108000
v 0.039229 1.694467 0.108000
v 0.040337 1.694981 0.110248
v 0.040337 1.694981 0.105752
v 0.034188 1.689000 0.103711
v 0.034188 1.689000 0.112289
v 0.033452 1.689000 0.108000
v 0.031776 1.680000 0.103714
v 0.031776 1.680000 0.112286
v 0.031040 1.680000 0.108000
v 0.034188 1.671000 0.103711
v 0.034188 1.671000 0.112289
v 0.033452 1.671000 0.108000
v 0.037439 1.667750 0.103708
v 0.043726 1.663145 0.108000
v 0.037439 1.667750 0.112292
v 0.040337 1.665019 0.105752
v 0.039229 1.665533 0.108000
v 0.040337 1.665019 0.110248
v 0.037071 1.667382 0.108000
v 0.043567 1.692249 0.097497
v 0.037497 1.692249 0.103567
v 0.044977 1.696855 0.104977
v 0.040272 1.692618 0.100272
v 0.041798 1.694467 0.101798
v 0.040992 1.694981 0.104171
v 0.044171 1.694981 0.100992
v 0.041266 1.689000 0.095201
v 0.035201 1.689000 0.101266
v 0.037713 1.689000 0.097713
v 0.039559 1.680000 0.093497
v 0.033497 1.680000 0.099559
v 0.036008 1.680000 0.096008
v 0.041266 1.671000 0.095201
v 0.035201 1.671000 0.101266
v 0.037713 1.671000 0.097713
v 0.043567 1.667750 0.097497
v 0.044977 1.663145 0.104977
v 0.037497 1.667750 0.103567
v 0.044171 1.665019 0.100992
v 0.041798 1.665533 0.101798
v 0.040992 1.665019 0.104171
v 0.040272 1.667382 0.100272
v -0.057954 1.535000 0.085454
v -0.057954 1.539546 0.090000
v -0.062500 1.539546 0.085454
v -0.057954 1.536332 0.088669
v -0.060579 1.536921 0.088079
v -0.061169 1.539546 0.088669
v -0.061169 1.536332 0.085454
v -0.057954 1.600454 0.090000
v -0.057954 1.605000 0.085454
v -0.062500 1.600454 0.085454
v -0.057954 1.603669 0.088669
v -0.060579 1.603079 0.088079
v -0.061169 1.603669 0.085454
v -0.061169 1.600454 0.088669
v -0.057954 1.535000 -0.005454
v -0.062500 1.539546 -0.005454
v -0.057954 1.539546 -0.010000
v -0.061169 1.536332 -0.005454
v -0.060579 1.536921 -0.008079
v -0.061169 1.539546 -0.008669
v -0.057954 1.536332 -0.008669
v -0.057954 1.605000 -0.005454
v -0.057954 1.600454 -0.010000
v -0.062500 1.600454 -0.005454
v -0.057954 1.603669 -0.008669
v -0.060579 1.603079 -0.008079
v -0.061169 1.600454 -0.008669
v -0.061169 1.603669 -0.005454
v 0.057954 1.535000 0.085454
v 0.062500 1.539546 0.085454
v 0.057954 1.539546 0.090000
v 0.061169 1.536332 0.085454
v 0.060579 1.536921 0.088079
v 0.061169 1.539546 0.088669
v 0.057954 1.536332 0.088669
v 0.057954 1.605000 0.085454
v 0.057954 1.600454 0.090000
v 0.062500 1.600454 0.085454
v 0.057954 1.603669 0.088669
v 0.060579 1.603079 0.088079
v 0.061169 1.600454 0.088669
v 0.061169 1.603669 0.085454
v 0.057954 1.535000 -0.005454
v 0.057954 1.539546 -0.010000
v 0.062500 1.539546 -0.005454
v 0.057954 1.536332 -0.008669
v 0.060579 1.536921 -0.008079
v 0.061169 1.539546 -0.008669
v 0.061169 1.536332 -0.005454
v 0.057954 1.605000 -0.005454
v 0.062500 1.600454 -0.005454
v 0.057954 1.600454 -0.010000
v 0.061169 1.603669 -0.005454
v 0.060579 1.603079 -0.008079
v 0.061169 1.600454 -0.008669
v 0.057954 1.603669 -0.008669
v -0.030454 1.595000 0.117954
v -0.030454 1.599546 0.122500
v -0.035000 1.599546 0.117954
v -0.030454 1.596331 0.121169
v -0.033079 1.596921 0.120579
v -0.033669 1.599546 0.121169
v -0.033669 1.596331 0.117954
v -0.030454 1.610454 0.122500
v -0.030454 1.615000 0.117954
v -0.035000 1.610454 0.117954
v -0.030454 1.613669 0.121169
v -0.033079 1.613079 0.120579
v -0.033669 1.613669 0.117954
v -0.033669 1.610454 0.121169
v -0.030454 1.595000 0.102046
v -0.035000 1.599546 0.102046
v -0.030454 1.599546 0.097500
v -0.033669 1.596331 0.102046
v -0.033079 1.596921 0.099421
v -0.033669 1.599546 0.098831
v -0.030454 1.596331 0.098831
v -0.030454 1.615000 0.102046
v -0.030454 1.610454 0.097500
v -0.035000 1.610454 0.102046
v -0.030454 1.613669 0.098831
v -0.033079 1.613079 0.099421
v -0.033669 1.610454 0.098831
v -0.033669 1.613669 0.102046
v 0.030454 1.595000 0.117954
v 0.035000 1.599546 0.117954
v 0.030454 1.599546 0.122500
v 0.033669 1.596331 0.117954
v 0.033079 1.596921 0.120579
v 0.033669 1.599546 0.121169
v 0.030454 1.596331 0.121169
v 0.030454 1.615000 0.117954
v 0.030454 1.610454 0.122500
v 0.035000 1.610454 0.117954
v 0.030454 1.613669 0.121169
v 0.033079 1.613079 0.120579
v 0.033669 1.610454 0.121169
v 0.033669 1.613669 0.117954
v 0.030454 1.595000 0.102046
v 0.030454 1.599546 0.097500
v 0.035000 1.599546 0.102046
v 0.030454 1.596331 0.098831
v 0.033079 1.596921 0.099421
v 0.033669 1.599546 0.098831
v 0.033669 1.596331 0.102046
v 0.030454 1.615000 0.102046
v 0.035000 1.610454 0.102046
v 0.030454 1.610454 0.097500
v 0.033669 1.613669 0.102046
v 0.033079 1.613079 0.099421
v 0.033669 1.610454 0.098831
v 0.030454 1.613669 0.098831
v -0.125708 1.686972 -0.039061
v -0.134292 1.686972 -0.039061
v -0.130000 1.691577 -0.032774
v -0.130000 1.687340 -0.039429
v -0.130000 1.689189 -0.037271
v -0.132247 1.689704 -0.036163
v -0.127752 1.689704 -0.036163
v -0.125714 1.660000 -0.053224
v -0.134286 1.660000 -0.053224
v -0.130000 1.660000 -0.053960
v -0.125708 1.633028 -0.039061
v -0.130000 1.628423 -0.032774
v -0.134292 1.633028 -0.039061
v -0.127752 1.630296 -0.036163
v -0.130000 1.630811 -0.037271
v -0.132248 1.630296 -0.036163
v -0.130000 1.632660 -0.039429
v -0.113487 1.686972 -0.030443
v -0.119557 1.686972 -0.036513
v -0.120967 1.691577 -0.029033
v -0.116261 1.687340 -0.033739
v -0.117788 1.689189 -0.032212
v -0.120160 1.689704 -0.033018
v -0.116982 1.689704 -0.029840
v -0.106790 1.677500 -0.037144
v -0.112856 1.677500 -0.043210
v -0.109303 1.677500 -0.040697
v -0.103476 1.660000 -0.040462
v -0.109538 1.660000 -0.046524
v -0.105987 1.660000 -0.044013
v -0.106790 1.642500 -0.037144
v -0.112856 1.642500 -0.043210
v -0.109303 1.642500 -0.040697
v -0.113487 1.633028 -0.030443
v -0.120967 1.628423 -0.029033
v -0.119557 1.633028 -0.036513
v -0.116982 1.630296 -0.029840
v -0.117788 1.630811 -0.032212
v -0.120160 1.630296 -0.033018
v -0.116261 1.632660 -0.033739
v -0.110939 1.686972 -0.015708
v -0.110939 1.686972 -0.024292
v -0.117226 1.691577 -0.020000
v -0.110571 1.687340 -0.020000
v -0.112729 1.689189 -0.020000
v -0.113837 1.689704 -0.022248
v -0.113837 1.689704 -0.017752
v -0.101466 1.677500 -0.015711
v -0.101466 1.677500 -0.024289
v -0.100730 1.677500 -0.020000
v -0.096776 1.660000 -0.015714
v -0.096776 1.660000 -0.024286
v -0.096040 1.660000 -0.020000
v -0.101466 1.642500 -0.015711
v -0.101466 1.642500 -0.024289
v -0.100730 1.642500 -0.020000
v -0.110939 1.633028 -0.015708
v -0.117226 1.628423 -0.020000
v -0.110939 1.633028 -0.024292
v -0.113837 1.630296 -0.017753
v -0.112729 1.630811 -0.020000
v -0.113837 1.630296 -0.022248
v -0.110571 1.632660 -0.020000
v -0.119557 1.686972 -0.003487
v -0.113487 1.686972 -0.009557
v -0.120967 1.691577 -0.010967
v -0.116261 1.687340 -0.006261
v -0.117788 1.689189 -0.007788
v -0.116982 1.689704 -0.010160
v -0.120160 1.689704 -0.006982
v -0.112856 1.677500 0.003210
v -0.106790 1.677500 -0.002856
v -0.109303 1.677500 0.000697
v -0.109538 1.660000 0.006524
v -0.103476 1.660000 0.000462
v -0.105987 1.660000 0.004013
v -0.112856 1.642500 0.003210
v -0.106790 1.642500 -0.002856
v -0.109303 1.642500 0.000697
v -0.119557 1.633028 -0.003487
v -0.120967 1.628423 -0.010967
v -0.113487 1.633028 -0.009557
v -0.120160 1.630296 -0.006982
v -0.117788 1.630811 -0.007788
v -0.116982 1.630296 -0.010160
v -0.116261 1.632660 -0.006261
v -0.134292 1.686972 -0.000939
v -0.125708 1.686972 -0.000939
v -0.130000 1.691577 -0.007226
v -0.130000 1.687340 -0.000571
v -0.130000 1.689189 -0.002729
v -0.127752 1.689704 -0.003837
v -0.132248 1.689704 -0.003837
v -0.134289 1.677500 0.008534
v -0.125711 1.677500 0.008534
v -0.130000 1.677500 0.009270
v -0.134286 1.660000 0.013224
v -0.125714 1.660000 0.013224
v -0.130000 1.660000 0.013960
v -0.134289 1.642500 0.008534
v -0.125711 1.642500 0.008534
v -0.130000 1.642500 0.009270
v -0.134292 1.633028 -0.000939
v -0.130000 1.628423 -0.007226
v -0.125708 1.633028 -0.000939
v -0.132247 1.630296 -0.003837
v -0.130000 1.630811 -0.002729
v -0.127752 1.630296 -0.003837
v -0.130000 1.632660 -0.000571
v -0.146513 1.686972 -0.009557
v -0.140443 1.686972 -0.003487
v -0.139033 1.691577 -0.010967
v -0.143739 1.687340 -0.006261
v -0.142212 1.689189 -0.007788
v -0.139840 1.689704 -0.006982
v -0.143018 1.689704 -0.010160
v -0.153210 1.677500 -0.002856
v -0.147144 1.677500 0.003210
v -0.150697 1.677500 0.000697
v -0.156524 1.660000 0.000462
v -0.150462 1.660000 0.006524
v -0.154013 1.660000 0.004013
v -0.153210 1.642500 -0.002856
v -0.147144 1.642500 0.003210
v -0.150697 1.642500 0.000697
v -0.146513 1.633028 -0.009557
v -0.139033 1.628423 -0.010967
v -0.140443 1.633028 -0.003487
v -0.143018 1.630296 -0.010160
v -0.142212 1.630811 -0.007788
v -0.139840 1.630296 -0.006982
v -0.143739 1.632660 -0.006261
v -0.149061 1.686972 -0.024292
v -0.149061 1.686972 -0.015708
v -0.142774 1.691577 -0.020000
v -0.149429 1.687340 -0.020000
v -0.147271 1.689189 -0.020000
v -0.146163 1.689704 -0.017753
v -0.146163 1.689704 -0.022248
v -0.158534 1.677500 -0.024289
v -0.158534 1.677500 -0.015711
v -0.159270 1.677500 -0.020000
v -0.163224 1.660000 -0.024286
v -0.163224 1.660000 -0.015714
v -0.163960 1.660000 -0.020000
v -0.158534 1.642500 -0.024289
v -0.158534 1.642500 -0.015711
v -0.159270 1.642500 -0.020000
v -0.149061 1.633028 -0.024292
v -0.142774 1.628423 -0.020000
v -0.149061 1.633028 -0.015708
v -0.146163 1.630296 -0.022248
v -0.147271 1.630811 -0.020000
v -0.146163 1.630296 -0.017752
v -0.149429 1.632660 -0.020000
v -0.140443 1.686972 -0.036513
v -0.146513 1.686972 -0.030443
v -0.139033 1.691577 -0.029033
v -0.143739 1.687340 -0.033739
v -0.142212 1.689189 -0.032212
v -0.143018 1.689704 -0.029840
v -0.139840 1.689704 -0.033018
v -0.147144 1.677500 -0.043210
v -0.153210 1.677500 -0.037144
v -0.150697 1.677500 -0.040697
v -0.150462 1.660000 -0.046524
v -0.156524 1.660000 -0.040462
v -0.154013 1.660000 -0.044013
v -0.147144 1.642500 -0.043210
v -0.153210 1.642500 -0.037144
v -0.150697 1.642500 -0.040697
v -0.140443 1.633028 -0.036513
v -0.139033 1.628423 -0.029033
v -0.146513 1.633028 -0.030443
v -0.139840 1.630296 -0.033018
v -0.142212 1.630811 -0.032212
v -0.143018 1.630296 -0.029840
v -0.143739 1.632660 -0.033739
v -0.125711 1.677500 -0.048534
v -0.134289 1.677500 -0.048534
v -0.130000 1.677500 -0.049270
v -0.125711 1.642500 -0.048534
v -0.134289 1.642500 -0.048534
v -0.130000 1.642500 -0.049270
v 0.134292 1.686972 -0.039061
v 0.125708 1.686972 -0.039061
v 0.130000 1.691577 -0.032774
v 0.130000 1.687340 -0.039429
v 0.130000 1.689189 -0.037271
v 0.127752 1.689704 -0.036163
v 0.132248 1.689704 -0.036163
v 0.134286 1.660000 -0.053224
v 0.125714 1.660000 -0.053224
v 0.130000 1.660000 -0.053960
v 0.134292 1.633028 -0.039061
v 0.130000 1.628423 -0.032774
v 0.125708 1.633028 -0.039061
v 0.132247 1.630296 -0.036163
v 0.130000 1.630811 -0.037271
v 0.127752 1.630296 -0.036163
v 0.130000 1.632660 -0.039429
v 0.146513 1.686972 -0.030443
v 0.140443 1.686972 -0.036513
v 0.139033 1.691577 -0.029033
v 0.143739 1.687340 -0.033739
v 0.142212 1.689189 -0.032212
v 0.139840 1.689704 -0.033018
v 0.143018 1.689704 -0.029840
v 0.153210 1.677500 -0.037144
v 0.147144 1.677500 -0.043210
v 0.150697 1.677500 -0.040697
v 0.156524 1.660000 -0.040462
v 0.150462 1.660000 -0.046524
v 0.154013 1.660000 -0.044013
v 0.153210 1.642500 -0.037144
v 0.147144 1.642500 -0.043210
v 0.150697 1.642500 -0.040697
v 0.146513 1.633028 -0.030443
v 0.139033 1.628423 -0.029033
v 0.140443 1.633028 -0.036513
v 0.143018 1.630296 -0.029840
v 0.142212 1.630811 -0.032212
v 0.139840 1.630296 -0.033018
v 0.143739 1.632660 -0.033739
v 0.149061 1.686972 -0.015708
v 0.149061 1.686972 -0.024292
v 0.142774 1.691577 -0.020000
v 0.149429 1.687340 -0.020000
v 0.147271 1.689189 -0.020000
v 0.146163 1.689704 -0.022248
v 0.146163 1.689704 -0.017752
v 0.158534 1.677500 -0.015711
v 0.158534 1.677500 -0.024289
v 0.159270 1.677500 -0.020000
v 0.163224 1.660000 -0.015714
v 0.163224 1.660000 -0.024286
v 0.163960 1.660000 -0.020000
v 0.158534 1.642500 -0.015711
v 0.158534 1.642500 -0.024289
v 0.159270 1.642500 -0.020000
v 0.149061 1.633028 -0.015708
v 0.142774 1.628423 -0.020000
v 0.149061 1.633028 -0.024292
v 0.146163 1.630296 -0.017752
v 0.147271 1.630811 -0.020000
v 0.146163 1.630296 -0.022248
v 0.149429 1.632660 -0.020000
v 0.140443 1.686972 -0.003487
v 0.146513 1.686972 -0.009557
v 0.139033 1.691577 -0.010967
v 0.143739 1.687340 -0.006261
v 0.142212 1.689189 -0.007788
v 0.143018 1.689704 -0.010160
v 0.139840 1.689704 -0.006982
v 0.147144 1.677500 0.003210
v 0.153210 1.677500 -0.002856
v 0.150697 1.677500 0.000697
v 0.150462 1.660000 0.006524
v 0.156524 1.660000 0.000462
v 0.154013 1.660000 0.004013
v 0.147144 1.642500 0.003210
v 0.153210 1.642500 -0.002856
v 0.150697 1.642500 0.000697
v 0.140443 1.633028 -0.003487
v 0.139033 1.628423 -0.010967
v 0.146513 1.633028 -0.009557
v 0.139840 1.630296 -0.006982
v 0.142212 1.630811 -0.007788
v 0.143018 1.630296 -0.010160
v 0.143739 1.632660 -0.006261
v 0.125708 1.686972 -0.000939
v 0.134292 1.686972 -0.000939
v 0.130000 1.691577 -0.007226
v 0.130000 1.687340 -0.000571
v 0.130000 1.689189 -0.002729
v 0.132247 1.689704 -0.003837
v 0.127752 1.689704 -0.003837
v 0.125711 1.677500 0.008534
v 0.134289 1.677500 0.008534
v 0.130000 1.677500 0.009270
v 0.125714 1.660000 0.013224
v 0.134286 1.660000 0.013224
v 0.130000 1.660000 0.013960
v 0.125711 1.642500 0.008534
v 0.134289 1.642500 0.008534
v 0.130000 1.642500 0.009270
v 0.125708 1.633028 -0.000939
v 0.130000 1.628423 -0.007226
v 0.134292 1.633028 -0.000939
v 0.127752 1.630296 -0.003837
v 0.130000 1.630811 -0.002729
v 0.132248 1.630296 -0.003837
v 0.130000 1.632660 -0.000571
v 0.113487 1.686972 -0.009557
v 0.119557 1.686972 -0.003487
v 0.120967 1.691577 -0.010967
v 0.116261 1.687340 -0.006261
v 0.117788 1.689189 -0.007788
v 0.120160 1.689704 -0.006982
v 0.116982 1.689704 -0.010160
v 0.106790 1.677500 -0.002856
v 0.112856 1.677500 0.003210
v 0.109303 1.677500 0.000697
v 0.103476 1.660000 0.000462
v 0.109538 1.660000 0.006524
v 0.105987 1.660000 0.004013
v 0.106790 1.642500 -0.002856
v 0.112856 1.642500 0.003210
v 0.109303 1.642500 0.000697
v 0.113487 1.633028 -0.009557
v 0.120967 1.628423 -0.010967
v 0.119557 1.633028 -0.003487
v 0.116982 1.630296 -0.010160
v 0.117788 1.630811 -0.007788
v 0.120160 1.630296 -0.006982
v 0.116261 1.632660 -0.006261
v 0.110939 1.686972 -0.024292
v 0.110939 1.686972 -0.015708
v 0.117226 1.691577 -0.020000
v 0.110571 1.687340 -0.020000
v 0.112729 1.689189 -0.020000
v 0.113837 1.689704 -0.017753
v 0.113837 1.689704 -0.022248
v 0.101466 1.677500 -0.024289
v 0.101466 1.677500 -0.015711
v 0.100730 1.677500 -0.020000
v 0.096776 1.660000 -0.024286
v 0.096776 1.660000 -0.015714
v 0.096040 1.660000 -0.020000
v 0.101466 1.642500 -0.024289
v 0.101466 1.642500 -0.015711
v 0.100730 1.642500 -0.020000
v 0.110939 1.633028 -0.024292
v 0.117226 1.628423 -0.020000
v 0.110939 1.633028 -0.015708
v 0.113837 1.630296 -0.022248
v 0.112729 1.630811 -0.020000
v 0.113837 1.630296 -0.017752
v 0.110571 1.632660 -0.020000
v 0.119557 1.686972 -0.036513
v 0.113487 1.686972 -0.030443
v 0.120967 1.691577 -0.029033
v 0.116261 1.687340 -0.033739
v 0.117788 1.689189 -0.032212
v 0.116982 1.689704 -0.029840
v 0.120160 1.689704 -0.033018
v 0.112856 1.677500 -0.043210
v 0.106790 1.677500 -0.037144
v 0.109303 1.677500 -0.040697
v 0.109538 1.660000 -0.046524
v 0.103476 1.660000 -0.040462
v 0.105987 1.660000 -0.044013
v 0.112856 1.642500 -0.043210
v 0.106790 1.642500 -0.037144
v 0.109303 1.642500 -0.040697
v 0.119557 1.633028 -0.036513
v 0.120967 1.628423 -0.029033
v 0.113487 1.633028 -0.030443
v 0.120160 1.630296 -0.033018
v 0.117788 1.630811 -0.032212
v 0.116982 1.630296 -0.029840
v 0.116261 1.632660 -0.033739
v 0.134289 1.677500 -0.048534
v 0.125711 1.677500 -0.048534
v 0.130000 1.677500 -0.049270
v 0.134289 1.642500 -0.048534
v 0.125711 1.642500 -0.048534
v 0.130000 1.642500 -0.049270
v -0.007134 1.460631 0.084079
v -0.007134 1.460631 0.075921
v 0.002006 1.459908 0.074851
v 0.010583 1.461247 0.080000
v 0.002006 1.459908 0.085149
v -0.007492 1.459881 0.080000
v 0.000041 1.458170 0.080000
v -0.002634 1.459836 0.075080
v 0.006545 1.459954 0.077171
v 0.006545 1.459954 0.082829
v -0.002634 1.459836 0.084920
v 0.075681 1.499676 0.110098
v 0.080687 1.506400 0.109642
v 0.077973 1.510857 0.115848
v 0.071144 1.506043 0.119219
v 0.068133 1.498944 0.115722
v 0.078769 1.502602 0.109870
v 0.076732 1.503379 0.115258
v 0.080115 1.508608 0.113103
v 0.074881 1.508500 0.118045
v 0.069779 1.502285 0.118017
v 0.072158 1.498686 0.113165
v -0.032166 1.499319 0.133107
v -0.023252 1.498944 0.134618
v -0.027172 1.506026 0.139545
v -0.037403 1.506443 0.134606
v -0.027779 1.498698 0.134168
v -0.030219 1.502337 0.136976
v -0.025156 1.502280 0.137646
v -0.032643 1.506231 0.137573
v -0.035164 1.502511 0.134290
v -0.088144 1.499319 0.075921
v -0.088144 1.499319 0.084079
v -0.093470 1.506443 0.085499
v -0.095822 1.512363 0.080000
v -0.093470 1.506443 0.074501
v -0.088502 1.498569 0.080000
v -0.094511 1.503607 0.080000
v -0.091187 1.502511 0.085222
v -0.095431 1.509424 0.083108
v -0.095431 1.509424 0.076892
v -0.091187 1.502511 0.074778
v -0.023252 1.498944 0.025382
v -0.032166 1.499319 0.026893
v -0.037403 1.506443 0.025394
v -0.027172 1.506026 0.020455
v -0.027779 1.498698 0.025832
v -0.030219 1.502337 0.023024
v -0.035164 1.502511 0.025710
v -0.032643 1.506231 0.022428
v -0.025156 1.502280 0.022354
v 0.080687 1.506400 0.050358
v 0.075681 1.499676 0.049902
v 0.068133 1.498944 0.044278
v 0.071144 1.506043 0.040781
v 0.077973 1.510857 0.044152
v 0.078769 1.502602 0.050130
v 0.076732 1.503379 0.044742
v 0.072158 1.498686 0.046835
v 0.069779 1.502285 0.041983
v 0.074881 1.508501 0.041955
v 0.080115 1.508608 0.046897
v 0.037403 1.573557 0.134606
v 0.032166 1.580681 0.133107
v 0.023252 1.581056 0.134618
v 0.027172 1.573974 0.139545
v 0.035164 1.577489 0.134290
v 0.030219 1.577662 0.136976
v 0.027779 1.581302 0.134168
v 0.025156 1.577720 0.137646
v 0.032643 1.573769 0.137573
v -0.080687 1.573600 0.109642
v -0.077973 1.569142 0.115848
v -0.071144 1.573957 0.119219
v -0.068133 1.581056 0.115722
v -0.075681 1.580324 0.110098
v -0.080115 1.571392 0.113103
v -0.076732 1.576621 0.115258
v -0.074881 1.571499 0.118045
v -0.069779 1.577715 0.118017
v -0.072158 1.581313 0.113165
v -0.078769 1.577398 0.109870
v -0.071144 1.573957 0.040781
v -0.077973 1.569142 0.044152
v -0.080687 1.573600 0.050358
v -0.075681 1.580324 0.049902
v -0.068133 1.581056 0.044278
v -0.074881 1.571499 0.041955
v -0.076732 1.576621 0.044742
v -0.080115 1.571392 0.046897
v -0.078769 1.577398 0.050130
v -0.072158 1.581313 0.046835
v -0.069779 1.577715 0.041983
v 0.037403 1.573557 0.025394
v 0.027172 1.573974 0.020455
v 0.023252 1.581056 0.025382
v 0.032166 1.580681 0.026893
v 0.032643 1.573769 0.022428
v 0.030219 1.577662 0.023024
v 0.025156 1.577720 0.022354
v 0.027779 1.581302 0.025832
v 0.035164 1.577489 0.025710
v 0.093470 1.573557 0.085499
v 0.095822 1.567637 0.080000
v 0.093470 1.573557 0.074501
v 0.088144 1.580681 0.075921
v 0.088144 1.580681 0.084079
v 0.095431 1.570576 0.083108
v 0.094511 1.576393 0.080000
v 0.095431 1.570576 0.076892
v 0.091187 1.577489 0.074778
v 0.088502 1.581431 0.080000
v 0.091187 1.577489 0.085222
v -0.002006 1.620092 0.085149
v 0.007134 1.619369 0.084079
v 0.007134 1.619369 0.075921
v -0.002006 1.620092 0.074851
v -0.010583 1.618753 0.080000
v 0.002634 1.620164 0.084920
v -0.000041 1.621830 0.080000
v 0.007492 1.620119 0.080000
v 0.002634 1.620164 0.075080
v -0.006545 1.620046 0.077171
v -0.006545 1.620046 0.082829
v -0.225454 1.810000 0.145454
v -0.225454 1.814546 0.150000
v -0.230000 1.814546 0.145454
v -0.225454 1.811331 0.148669
v -0.228079 1.811921 0.148079
v -0.228669 1.814546 0.148669
v -0.228669 1.811331 0.145454
v -0.225454 1.905454 0.150000
v -0.225454 1.910000 0.145454
v -0.230000 1.905454 0.145454
v -0.225454 1.908669 0.148669
v -0.228079 1.908079 0.148079
v -0.228669 1.908669 0.145454
v -0.228669 1.905455 0.148669
v -0.225454 1.810000 -0.145454
v -0.230000 1.814546 -0.145454
v -0.225454 1.814546 -0.150000
v -0.228669 1.811331 -0.145454
v -0.228079 1.811921 -0.148079
v -0.228669 1.814546 -0.148669
v -0.225454 1.811331 -0.148669
v -0.225454 1.910000 -0.145454
v -0.225454 1.905454 -0.150000
v -0.230000 1.905454 -0.145454
v -0.225454 1.908669 -0.148669
v -0.228079 1.908079 -0.148079
v -0.228669 1.905455 -0.148669
v -0.228669 1.908669 -0.145454
v 0.225454 1.810000 0.145454
v 0.230000 1.814546 0.145454
v 0.225454 1.814546 0.150000
v 0.228669 1.811331 0.145454
v 0.228079 1.811921 0.148079
v 0.228669 1.814546 0.148669
v 0.225454 1.811331 0.148669
v 0.225454 1.910000 0.145454
v 0.225454 1.905454 0.150000
v 0.230000 1.905454 0.145454
v 0.225454 1.908669 0.148669
v 0.228079 1.908079 0.148079
v 0.228669 1.905455 0.148669
v 0.228669 1.908669 0.145454
v 0.225454 1.810000 -0.145454
v 0.225454 1.814546 -0.150000
v 0.230000 1.814546 -0.145454
v 0.225454 1.811331 -0.148669
v 0.228079 1.811921 -0.148079
v 0.228669 1.814546 -0.148669
v 0.228669 1.811331 -0.145454
v 0.225454 1.910000 -0.145454
v 0.230000 1.905454 -0.145454
v 0.225454 1.905454 -0.150000
v 0.228669 1.908669 -0.145454
v 0.228079 1.908079 -0.148079
v 0.228669 1.905455 -0.148669
v 0.225454 1.908669 -0.148669
v 0.000000 1.395337 -0.695000
v 0.000000 1.400000 -0.690454
v 0.000000 1.398634 -0.693669
v 0.000000 1.395337 -0.145000
v 0.000000 1.400000 -0.149546
v 0.000000 1.398634 -0.146331
v 0.119464 1.368070 -0.695000
v 0.121487 1.372271 -0.690454
v 0.120895 1.371041 -0.693669
v 0.119464 1.368070 -0.145000
v 0.121487 1.372271 -0.149546
v 0.120895 1.371041 -0.146331
v 0.215267 1.291670 -0.695000
v 0.218913 1.294577 -0.690454
v 0.217845 1.293726 -0.693669
v 0.215267 1.291670 -0.145000
v 0.218913 1.294577 -0.149546
v 0.217845 1.293726 -0.146331
v 0.268434 1.181268 -0.695000
v 0.272980 1.182306 -0.690454
v 0.271648 1.182002 -0.693669
v 0.268434 1.181268 -0.145000
v 0.272980 1.182306 -0.149546
v 0.271648 1.182002 -0.146331
v 0.268434 1.058732 -0.695000
v 0.272980 1.057694 -0.690454
v 0.271648 1.057998 -0.693669
v 0.268434 1.058732 -0.145000
v 0.272980 1.057694 -0.149546
v 0.271648 1.057998 -0.146331
v 0.215267 0.948330 -0.695000
v 0.218913 0.945423 -0.690454
v 0.217845 0.946274 -0.693669
v 0.215267 0.948330 -0.145000
v 0.218913 0.945423 -0.149546
v 0.217845 0.946274 -0.146331
v 0.119464 0.871930 -0.695000
v 0.121487 0.867729 -0.690454
v 0.120895 0.868959 -0.693669
v 0.119464 0.871930 -0.145000
v 0.121487 0.867729 -0.149546
v 0.120895 0.868959 -0.146331
v 0.000000 0.844663 -0.695000
v 0.000000 0.840000 -0.690454
v 0.000000 0.841366 -0.693669
v 0.000000 0.844663 -0.145000
v 0.000000 0.840000 -0.149546
v 0.000000 0.841366 -0.146331
v -0.119464 0.871930 -0.695000
v -0.121487 0.867729 -0.690454
v -0.120895 0.868959 -0.693669
v -0.119464 0.871930 -0.145000
v -0.121487 0.867729 -0.149546
v -0.120895 0.868959 -0.146331
v -0.215267 0.948330 -0.695000
v -0.218913 0.945423 -0.690454
v -0.217845 0.946274 -0.693669
v -0.215267 0.948330 -0.145000
v -0.218913 0.945423 -0.149546
v -0.217845 0.946274 -0.146331
v -0.268434 1.058732 -0.695000
v -0.272980 1.057694 -0.690454
v -0.271648 1.057998 -0.693669
v -0.268434 1.058732 -0.145000
v -0.272980 1.057694 -0.149546
v -0.271648 1.057998 -0.146331
v -0.268434 1.181268 -0.695000
v -0.272980 1.182306 -0.690454
v -0.271648 1.182002 -0.693669
v -0.268434 1.181268 -0.145000
v -0.272980 1.182306 -0.149546
v -0.271648 1.182002 -0.146331
v -0.215267 1.291670 -0.695000
v -0.218913 1.294577 -0.690454
v -0.217845 1.293726 -0.693669
v -0.215267 1.291670 -0.145000
v -0.218913 1.294577 -0.149546
v -0.217845 1.293726 -0.146331
v -0.119464 1.368070 -0.695000
v -0.121487 1.372271 -0.690454
v -0.120895 1.371041 -0.693669
v -0.119464 1.368070 -0.145000
v -0.121487 1.372271 -0.149546
v -0.120895 1.371041 -0.146331
v 0.550000 0.960000 0.084780
v 0.545677 0.964546 0.081405
v 0.554323 0.964546 0.081405
v 0.547547 0.961331 0.082197
v 0.550000 0.961921 0.081437
v 0.550000 0.964546 0.080823
v 0.552453 0.961331 0.082197
v 0.550000 1.140000 0.084780
v 0.554323 1.135454 0.081405
v 0.545677 1.135454 0.081405
v 0.552453 1.138669 0.082197
v 0.550000 1.138079 0.081437
v 0.550000 1.135454 0.080823
v 0.547547 1.138669 0.082197
v 0.594213 0.960000 0.099145
v 0.592700 0.964546 0.093874
v 0.599695 0.964546 0.098956
v 0.593747 0.961331 0.095614
v 0.596178 0.961921 0.096441
v 0.596539 0.964546 0.095944
v 0.597716 0.961331 0.098497
v 0.594213 1.140000 0.099145
v 0.599695 1.135454 0.098956
v 0.592700 1.135454 0.093874
v 0.597716 1.138669 0.098497
v 0.596178 1.138079 0.096441
v 0.596539 1.135454 0.095944
v 0.593747 1.138669 0.095614
v 0.621539 0.960000 0.136756
v 0.623413 0.964546 0.131601
v 0.626085 0.964546 0.139824
v 0.623237 0.961331 0.133625
v 0.624718 0.961921 0.135723
v 0.625302 0.964546 0.135533
v 0.624753 0.961331 0.138290
v 0.621539 1.140000 0.136756
v 0.626085 1.135454 0.139824
v 0.623413 1.135454 0.131601
v 0.624753 1.138669 0.138290
v 0.624718 1.138079 0.135723
v 0.625302 1.135454 0.135533
v 0.623237 1.138669 0.133625
v 0.621539 0.960000 0.183244
v 0.626085 0.964546 0.180176
v 0.623413 0.964546 0.188399
v 0.624753 0.961331 0.181710
v 0.624718 0.961921 0.184277
v 0.625302 0.964546 0.184467
v 0.623237 0.961331 0.186375
v 0.621539 1.140000 0.183244
v 0.623413 1.135454 0.188399
v 0.626085 1.135454 0.180176
v 0.623237 1.138669 0.186375
v 0.624718 1.138079 0.184277
v 0.625302 1.135454 0.184467
v 0.624753 1.138669 0.181710
v 0.594213 0.960000 0.220855
v 0.599695 0.964546 0.221044
v 0.592700 0.964546 0.226126
v 0.597716 0.961331 0.221503
v 0.596178 0.961921 0.223558
v 0.596539 0.964546 0.224056
v 0.593747 0.961331 0.224386
v 0.594213 1.140000 0.220855
v 0.592700 1.135454 0.226126
v 0.599695 1.135454 0.221044
v 0.593747 1.138669 0.224386
v 0.596178 1.138079 0.223558
v 0.596539 1.135454 0.224056
v 0.597716 1.138669 0.221503
v 0.550000 0.960000 0.235220
v 0.554323 0.964546 0.238595
v 0.545677 0.964546 0.238595
v 0.552453 0.961331 0.237803
v 0.550000 0.961921 0.238563
v 0.550000 0.964546 0.239177
v 0.547548 0.961331 0.237803
v 0.550000 1.140000 0.235220
v 0.545677 1.135454 0.238595
v 0.554323 1.135454 0.238595
v 0.547547 1.138669 0.237803
v 0.550000 1.138079 0.238563
v 0.550000 1.135454 0.239177
v 0.552453 1.138669 0.237803
v 0.505787 0.960000 0.220855
v 0.507300 0.964546 0.226126
v 0.500305 0.964546 0.221044
v 0.506253 0.961331 0.224386
v 0.503822 0.961921 0.223558
v 0.503461 0.964546 0.224056
v 0.502284 0.961331 0.221503
v 0.505787 1.140000 0.220855
v 0.500305 1.135454 0.221044
v 0.507300 1.135454 0.226126
v 0.502284 1.138669 0.221502
v 0.503822 1.138079 0.223558
v 0.503461 1.135454 0.224056
v 0.506253 1.138669 0.224386
v 0.478461 0.960000 0.183244
v 0.476587 0.964546 0.188399
v 0.473915 0.964546 0.180176
v 0.476763 0.961331 0.186375
v 0.475282 0.961921 0.184277
v 0.474698 0.964546 0.184467
v 0.475247 0.961331 0.181710
v 0.478461 1.140000 0.183244
v 0.473915 1.135454 0.180176
v 0.476587 1.135454 0.188399
v 0.475247 1.138669 0.181710
v 0.475283 1.138079 0.184277
v 0.474698 1.135454 0.184467
v 0.476763 1.138669 0.186375
v 0.478461 0.960000 0.136756
v 0.473915 0.964546 0.139824
v 0.476587 0.964546 0.131601
v 0.475247 0.961331 0.138290
v 0.475282 0.961921 0.135723
v 0.474698 0.964546 0.135533
v 0.476763 0.961331 0.133625
v 0.478461 1.140000 0.136756
v 0.476587 1.135454 0.131601
v 0.473915 1.135454 0.139824
v 0.476763 1.138669 0.133625
v 0.475283 1.138079 0.135723
v 0.474698 1.135454 0.135533
v 0.475247 1.138669 0.138290
v 0.505787 0.960000 0.099145
v 0.500305 0.964546 0.098956
v 0.507300 0.964546 0.093874
v 0.502284 0.961331 0.098497
v 0.503822 0.961921 0.096441
v 0.503461 0.964546 0.095944
v 0.506253 0.961331 0.095614
v 0.505787 1.140000 0.099145
v 0.507300 1.135454 0.093874
v 0.500305 1.135454 0.098956
v 0.506253 1.138669 0.095614
v 0.503822 1.138079 0.096441
v 0.503461 1.135454 0.095944
v 0.502284 1.138669 0.098497
v 0.370000 0.850000 -0.025080
v 0.374546 0.854200 -0.028260
v 0.374546 0.845800 -0.028260
v 0.371331 0.852970 -0.027030
v 0.371921 0.850000 -0.028225
v 0.374546 0.850000 -0.029279
v 0.371331 0.847030 -0.027030
v 1.070000 0.850000 -0.025080
v 1.065454 0.845800 -0.028260
v 1.065454 0.854200 -0.028260
v 1.068668 0.847030 -0.027030
v 1.068079 0.850000 -0.028225
v 1.065454 0.850000 -0.029279
v 1.068668 0.852970 -0.027030
v 0.370000 0.832266 -0.017734
v 0.374546 0.832987 -0.022953
v 0.374546 0.827047 -0.017014
v 0.371331 0.832266 -0.021213
v 0.371921 0.829936 -0.020064
v 0.374546 0.829507 -0.020493
v 0.371331 0.828787 -0.017734
v 1.070000 0.832266 -0.017734
v 1.065454 0.827047 -0.017014
v 1.065454 0.832986 -0.022953
v 1.068669 0.828787 -0.017734
v 1.068079 0.829936 -0.020064
v 1.065454 0.829507 -0.020493
v 1.068669 0.832266 -0.021213
v 0.370000 0.824920 0.000000
v 0.374546 0.821740 -0.004200
v 0.374546 0.821740 0.004200
v 0.371331 0.822460 -0.002460
v 0.371921 0.821625 0.000000
v 0.374546 0.821019 0.000000
v 0.371331 0.822460 0.002460
v 1.070000 0.824920 0.000000
v 1.065454 0.821740 0.004200
v 1.065454 0.821740 -0.004200
v 1.068668 0.822970 0.002970
v 1.068079 0.821775 -0.000000
v 1.065454 0.820721 -0.000000
v 1.068668 0.822970 -0.002970
v 0.370000 0.832266 0.017734
v 0.374546 0.827047 0.017014
v 0.374546 0.832987 0.022953
v 0.371331 0.828787 0.017734
v 0.371921 0.829936 0.020064
v 0.374546 0.829507 0.020493
v 0.371331 0.832266 0.021213
v 1.070000 0.832266 0.017734
v 1.065454 0.832986 0.022953
v 1.065454 0.827047 0.017014
v 1.068669 0.832266 0.021213
v 1.068079 0.829936 0.020064
v 1.065454 0.829507 0.020493
v 1.068669 0.828787 0.017734
v 0.370000 0.850000 0.025080
v 0.374546 0.845800 0.028260
v 0.374546 0.854200 0.028260
v 0.371331 0.847540 0.027540
v 0.371921 0.850000 0.028375
v 0.374546 0.850000 0.028981
v 0.371331 0.852460 0.027540
v 1.070000 0.850000 0.025080
v 1.065454 0.854200 0.028260
v 1.065454 0.845800 0.028260
v 1.068669 0.852460 0.027540
v 1.068079 0.850000 0.028375
v 1.065454 0.850000 0.028981
v 1.068668 0.847540 0.027540
v 0.370000 0.867734 0.017734
v 0.374546 0.867014 0.022953
v 0.374546 0.872953 0.017014
v 0.371331 0.867014 0.021213
v 0.371921 0.869958 0.019958
v 0.374546 0.870704 0.020704
v 0.371331 0.871213 0.017014
v 1.070000 0.867734 0.017734
v 1.065454 0.872953 0.017014
v 1.065454 0.867014 0.022953
v 1.068669 0.871213 0.017734
v 1.068079 0.870064 0.020064
v 1.065454 0.870493 0.020493
v 1.068669 0.867734 0.021213
v 0.370000 0.875080 0.000000
v 0.374546 0.878260 0.004200
v 0.374546 0.878260 -0.004200
v 0.371331 0.877030 0.002970
v 0.371921 0.878225 -0.000000
v 0.374546 0.879279 -0.000000
v 0.371331 0.877030 -0.002970
v 1.070000 0.875080 0.000000
v 1.065454 0.878260 -0.004200
v 1.065454 0.878260 0.004200
v 1.068669 0.877540 -0.002460
v 1.068079 0.878375 0.000000
v 1.065454 0.878981 0.000000
v 1.068669 0.877540 0.002460
v 0.370000 0.867734 -0.017734
v 0.374546 0.872953 -0.017014
v 0.374546 0.867014 -0.022953
v 0.371331 0.871213 -0.017734
v 0.371921 0.870064 -0.020064
v 0.374546 0.870493 -0.020493
v 0.371331 0.867734 -0.021213
v 1.070000 0.867734 -0.017734
v 1.065454 0.867014 -0.022953
v 1.065454 0.872953 -0.017014
v 1.068669 0.867734 -0.021213
v 1.068079 0.870064 -0.020064
v 1.065454 0.870493 -0.020493
v 1.068668 0.871213 -0.017734
vn -0.0000 0.3027 -0.9531
vn 0.4339 -0.0000 -0.9010
vn -0.0000 -0.0000 -1.0000
vn -0.0000 0.9444 -0.3289
vn 0.2612 0.7985 -0.5424
vn -0.0000 0.7985 -0.6020
vn -0.0000 -0.7985 -0.6020
vn 0.1427 -0.9444 -0.2964
vn -0.0000 -0.9444 -0.3289
vn -0.0000 -0.3027 -0.9531
vn 0.4135 -0.3027 -0.8587
vn 0.3542 0.5774 -0.7356
vn -0.0000 0.5774 -0.8164
vn -0.0000 -1.0000 -0.0000
vn 0.3542 -0.5774 -0.7356
vn -0.0000 -0.5774 -0.8164
vn 0.4135 0.3027 -0.8587
vn -0.0000 1.0000 -0.0000
vn 0.1427 0.9444 -0.2964
vn 0.2612 -0.7985 -0.5424
vn 0.7818 -0.0000 -0.6235
vn 0.4707 0.7985 -0.3753
vn 0.2572 -0.9444 -0.2051
vn 0.7452 -0.3027 -0.5942
vn 0.6383 0.5774 -0.5090
vn 0.6383 -0.5774 -0.5090
vn 0.7452 0.3027 -0.5942
vn 0.2572 0.9444 -0.2051
vn 0.4707 -0.7985 -0.3753
vn 0.3207 0.9444 -0.0732
vn 0.5869 -0.7985 -0.1340
vn 0.9749 -0.0000 -0.2225
vn 0.5869 0.7985 -0.1340
vn 0.3207 -0.9444 -0.0732
vn 0.9292 -0.3027 -0.2121
vn 0.7960 0.5774 -0.1817
vn 0.7960 -0.5774 -0.1817
vn 0.9292 0.3027 -0.2121
vn 0.7960 0.5774 0.1817
vn 0.9292 0.3027 0.2121
vn 0.3207 0.9444 0.0732
vn 0.5869 -0.7985 0.1340
vn 0.9749 -0.0000 0.2225
vn 0.5869 0.7985 0.1340
vn 0.3207 -0.9444 0.0732
vn 0.9292 -0.3027 0.2121
vn 0.7960 -0.5774 0.1817
vn 0.2572 -0.9444 0.2051
vn 0.6383 -0.5774 0.5090
vn 0.6383 0.5774 0.5090
vn 0.7452 0.3027 0.5942
vn 0.2572 0.9444 0.2051
vn 0.4707 -0.7985 0.3753
vn 0.7818 -0.0000 0.6235
vn 0.4707 0.7985 0.3753
vn 0.7452 -0.3027 0.5942
vn 0.4135 -0.3027 0.8587
vn 0.2612 0.7985 0.5424
vn 0.3542 0.5774 0.7356
vn 0.1427 -0.9444 0.2964
vn 0.3542 -0.5774 0.7356
vn 0.4135 0.3027 0.8587
vn 0.1427 0.9444 0.2964
vn 0.2612 -0.7985 0.5424
vn 0.4339 -0.0000 0.9010
vn -0.0000 0.7985 0.6020
vn -0.0000 -0.7985 0.6020
vn -0.0000 -0.9444 0.3289
vn -0.0000 -0.0000 1.0000
vn -0.0000 -0.3027 0.9531
vn -0.0000 0.5774 0.8164
vn -0.0000 -0.5774 0.8164
vn -0.0000 0.3027 0.9531
vn -0.0000 0.9444 0.3289
vn -0.4339 -0.0000 0.9010
vn -0.2612 0.7985 0.5424
vn -0.2612 -0.7985 0.5424
vn -0.1427 -0.9444 0.2964
vn -0.4135 -0.3027 0.8587
vn -0.3542 0.5774 0.7356
vn -0.3542 -0.5774 0.7356
vn -0.4135 0.3027 0.8587
vn -0.1427 0.9444 0.2964
vn -0.2572 0.9444 0.2051
vn -0.6383 -0.5774 0.5090
vn -0.4707 -0.7985 0.3753
vn -0.7818 -0.0000 0.6235
vn -0.4707 0.7985 0.3753
vn -0.2572 -0.9444 0.2051
vn -0.7452 -0.3027 0.5942
vn -0.6383 0.5774 0.5090
vn -0.7452 0.3027 0.5942
vn -0.7960 -0.5774 0.1817
vn -0.9292 0.3027 0.2121
vn -0.3207 0.9444 0.0732
vn -0.5869 -0.7985 0.1340
vn -0.9749 -0.0000 0.2225
vn -0.5869 0.7985 0.1340
vn -0.3207 -0.9444 0.0732
vn -0.9292 -0.3027 0.2121
vn -0.7960 0.5774 0.1817
vn -0.7960 0.5774 -0.1817
vn -0.3207 -0.9444 -0.0732
vn -0.7960 -0.5774 -0.1817
vn -0.9292 0.3027 -0.2121
vn -0.3207 0.9444 -0.0732
vn -0.5869 -0.7985 -0.1340
vn -0.9749 -0.0000 -0.2225
vn -0.5869 0.7985 -0.1340
vn -0.9292 -0.3027 -0.2121
vn -0.7452 -0.3027 -0.5942
vn -0.6383 0.5774 -0.5090
vn -0.2572 -0.9444 -0.2051
vn -0.6383 -0.5774 -0.5090
vn -0.7452 0.3027 -0.5942
vn -0.2572 0.9444 -0.2051
vn -0.4707 -0.7985 -0.3753
vn -0.7818 -0.0000 -0.6235
vn -0.4707 0.7985 -0.3753
vn -0.2612 0.7985 -0.5424
vn -0.2612 -0.7985 -0.5424
vn -0.1427 -0.9444 -0.2964
vn -0.4135 -0.3027 -0.8587
vn -0.3542 0.5774 -0.7356
vn -0.3542 -0.5774 -0.7356
vn -0.4135 0.3027 -0.8587
vn -0.1427 0.9444 -0.2964
vn -0.4339 -0.0000 -0.9010
vn -0.0000 -0.6913 -0.7226
vn 0.2049 -0.9122 -0.3548
vn -0.0000 -0.9122 -0.4097
vn 0.4642 -0.3718 -0.8040
vn -0.0000 -0.3718 -0.9283
vn -0.0000 0.6913 -0.7226
vn 0.4642 0.3718 -0.8040
vn -0.0000 0.3718 -0.9283
vn -0.0000 0.9122 -0.4097
vn 0.2049 0.9122 -0.3548
vn 0.3613 -0.6913 -0.6258
vn 0.5000 -0.0000 -0.8660
vn 0.3613 0.6913 -0.6258
vn 0.3548 -0.9122 -0.2049
vn 0.6258 -0.6913 -0.3613
vn 0.8660 -0.0000 -0.5000
vn 0.6258 0.6913 -0.3613
vn 0.8040 -0.3718 -0.4642
vn 0.8040 0.3718 -0.4642
vn 0.3548 0.9122 -0.2049
vn 0.9283 0.3718 -0.0000
vn 1.0000 -0.0000 -0.0000
vn 0.7226 0.6913 -0.0000
vn 0.4097 -0.9122 -0.0000
vn 0.9283 -0.3717 -0.0000
vn 0.4097 0.9122 -0.0000
vn 0.7226 -0.6913 -0.0000
vn 0.3548 -0.9122 0.2049
vn 0.8660 -0.0000 0.5000
vn 0.8040 -0.3718 0.4642
vn 0.6258 0.6913 0.3613
vn 0.8040 0.3718 0.4642
vn 0.3548 0.9122 0.2049
vn 0.6258 -0.6913 0.3613
vn 0.4642 0.3718 0.8040
vn 0.2049 0.9122 0.3548
vn 0.2049 -0.9122 0.3548
vn 0.4642 -0.3718 0.8040
vn 0.3613 -0.6913 0.6258
vn 0.5000 -0.0000 0.8660
vn 0.3613 0.6913 0.6258
vn -0.0000 -0.9122 0.4097
vn -0.0000 -0.3718 0.9283
vn -0.0000 -0.6913 0.7226
vn -0.0000 0.3718 0.9283
vn -0.0000 0.9122 0.4097
vn -0.0000 0.6913 0.7226
vn -0.3613 0.6913 0.6258
vn -0.2049 -0.9122 0.3548
vn -0.5000 -0.0000 0.8660
vn -0.4642 -0.3718 0.8040
vn -0.4642 0.3718 0.8040
vn -0.2049 0.9122 0.3548
vn -0.3613 -0.6913 0.6258
vn -0.3548 -0.9122 0.2049
vn -0.8040 -0.3718 0.4642
vn -0.8040 0.3718 0.4642
vn -0.3548 0.9122 0.2049
vn -0.6258 -0.6913 0.3613
vn -0.8660 -0.0000 0.5000
vn -0.6258 0.6913 0.3613
vn -0.4097 0.9122 -0.0000
vn -0.4097 -0.9122 -0.0000
vn -0.9283 -0.3718 -0.0000
vn -0.7226 -0.6913 -0.0000
vn -1.0000 -0.0000 -0.0000
vn -0.7226 0.6913 -0.0000
vn -0.9283 0.3718 -0.0000
vn -0.6258 -0.6913 -0.3613
vn -0.8040 0.3718 -0.4642
vn -0.8660 -0.0000 -0.5000
vn -0.3548 0.9122 -0.2049
vn -0.6258 0.6913 -0.3613
vn -0.3548 -0.9122 -0.2049
vn -0.8040 -0.3718 -0.4642
vn -0.2049 -0.9122 -0.3548
vn -0.5000 -0.0000 -0.8660
vn -0.4642 -0.3718 -0.8040
vn -0.3613 0.6913 -0.6258
vn -0.4642 0.3718 -0.8040
vn -0.2049 0.9122 -0.3548
vn -0.3613 -0.6913 -0.6258
vn 0.9283 -0.3718 -0.0000
vn -0.9283 -0.3717 -0.0000
vn 0.2048 -0.9122 -0.3548
vn -0.0000 0.9099 -0.4149
vn 0.2439 0.9099 -0.3357
vn -0.0000 -0.9099 -0.4149
vn 0.2439 -0.9099 -0.3357
vn 0.3946 -0.9099 -0.1282
vn 0.3946 0.9099 -0.1282
vn 0.3946 0.9099 0.1282
vn 0.3946 -0.9099 0.1282
vn 0.2439 0.9099 0.3357
vn 0.2439 -0.9099 0.3357
vn -0.0000 0.9099 0.4149
vn -0.0000 -0.9099 0.4149
vn -0.2439 -0.9099 0.3357
vn -0.2439 0.9099 0.3357
vn -0.3946 0.9099 0.1282
vn -0.3946 -0.9099 0.1282
vn -0.3946 0.9099 -0.1282
vn -0.3946 -0.9099 -0.1282
vn -0.2439 0.9099 -0.3357
vn -0.2439 -0.9099 -0.3357
vn -0.0000 -0.6175 -0.7866
vn 0.2158 -0.7758 -0.5929
vn -0.0000 -0.7758 -0.6310
vn -0.0000 0.6175 -0.7866
vn 0.2158 0.7758 -0.5929
vn 0.2690 0.6175 -0.7391
vn -0.0000 -0.8961 -0.4439
vn 0.1518 -0.8961 -0.4171
vn 0.3089 0.4291 -0.8488
vn -0.0000 0.4291 -0.9032
vn 0.0801 -0.9722 -0.2201
vn -0.0000 -0.9722 -0.2343
vn -0.0000 0.2199 -0.9755
vn 0.3336 0.2199 -0.9167
vn 0.3420 -0.0000 -0.9397
vn 0.3336 -0.2199 -0.9167
vn -0.0000 -0.2199 -0.9755
vn -0.0000 0.9722 -0.2343
vn 0.0801 0.9722 -0.2201
vn 0.3089 -0.4291 -0.8488
vn -0.0000 -0.4291 -0.9032
vn -0.0000 0.8961 -0.4439
vn 0.1518 0.8961 -0.4171
vn 0.2690 -0.6175 -0.7391
vn -0.0000 0.7758 -0.6310
vn 0.4056 -0.7758 -0.4833
vn 0.2853 -0.8961 -0.3400
vn 0.5806 0.4291 -0.6919
vn 0.1506 -0.9722 -0.1795
vn 0.6271 0.2199 -0.7473
vn 0.6428 -0.0000 -0.7660
vn 0.6271 -0.2199 -0.7473
vn 0.1506 0.9722 -0.1795
vn 0.5806 -0.4291 -0.6919
vn 0.2853 0.8961 -0.3400
vn 0.5056 -0.6175 -0.6025
vn 0.4056 0.7758 -0.4833
vn 0.5056 0.6175 -0.6025
vn 0.6812 0.6175 -0.3933
vn 0.7822 0.4291 -0.4516
vn 0.2029 -0.9722 -0.1171
vn 0.8448 0.2199 -0.4878
vn 0.8448 -0.2199 -0.4878
vn 0.2029 0.9722 -0.1171
vn 0.7822 -0.4291 -0.4516
vn 0.3844 0.8961 -0.2219
vn 0.6812 -0.6175 -0.3933
vn 0.5464 0.7758 -0.3155
vn 0.5464 -0.7758 -0.3155
vn 0.3844 -0.8961 -0.2219
vn 0.2307 -0.9722 -0.0407
vn 0.9607 0.2199 -0.1694
vn 0.9848 -0.0000 -0.1736
vn 0.9607 -0.2199 -0.1694
vn 0.2307 0.9722 -0.0407
vn 0.8895 -0.4291 -0.1568
vn 0.4371 0.8961 -0.0771
vn 0.7746 -0.6175 -0.1366
vn 0.6214 0.7758 -0.1096
vn 0.6214 -0.7758 -0.1096
vn 0.7746 0.6175 -0.1366
vn 0.4371 -0.8961 -0.0771
vn 0.8895 0.4291 -0.1568
vn 0.9607 0.2199 0.1694
vn 0.2307 -0.9722 0.0407
vn 0.9848 -0.0000 0.1736
vn 0.9607 -0.2199 0.1694
vn 0.2307 0.9722 0.0407
vn 0.8895 -0.4291 0.1568
vn 0.4371 0.8961 0.0771
vn 0.7746 -0.6175 0.1366
vn 0.6214 0.7758 0.1096
vn 0.6214 -0.7758 0.1096
vn 0.7746 0.6175 0.1366
vn 0.4371 -0.8961 0.0771
vn 0.8895 0.4291 0.1568
vn 0.2029 -0.9722 0.1171
vn 0.8448 0.2199 0.4878
vn 0.8448 -0.2199 0.4878
vn 0.2029 0.9722 0.1171
vn 0.7822 -0.4291 0.4516
vn 0.3844 0.8961 0.2219
vn 0.6812 -0.6175 0.3933
vn 0.5464 0.7758 0.3155
vn 0.5464 -0.7758 0.3155
vn 0.6812 0.6175 0.3933
vn 0.3844 -0.8961 0.2219
vn 0.7822 0.4291 0.4516
vn 0.6271 -0.2199 0.7473
vn 0.1506 0.9722 0.1795
vn 0.5806 -0.4291 0.6919
vn 0.2853 0.8961 0.3400
vn 0.5056 -0.6175 0.6025
vn 0.4056 0.7758 0.4833
vn 0.4056 -0.7758 0.4833
vn 0.5056 0.6175 0.6025
vn 0.2853 -0.8961 0.3400
vn 0.5806 0.4291 0.6919
vn 0.1506 -0.9722 0.1795
vn 0.6271 0.2199 0.7473
vn 0.6428 -0.0000 0.7660
vn 0.3337 -0.2199 0.9167
vn 0.0801 0.9722 0.2201
vn 0.3089 -0.4291 0.8488
vn 0.1518 0.8961 0.4171
vn 0.2690 -0.6175 0.7391
vn 0.2158 0.7758 0.5929
vn 0.2158 -0.7758 0.5929
vn 0.2690 0.6175 0.7391
vn 0.1518 -0.8961 0.4171
vn 0.3089 0.4291 0.8488
vn 0.0801 -0.9722 0.2201
vn 0.3336 0.2199 0.9167
vn 0.3420 -0.0000 0.9397
vn -0.0000 0.9722 0.2343
vn -0.0000 -0.2199 0.9755
vn -0.0000 -0.4291 0.9032
vn -0.0000 0.8961 0.4439
vn -0.0000 -0.6175 0.7866
vn -0.0000 0.7758 0.6310
vn -0.0000 -0.7758 0.6310
vn -0.0000 0.6175 0.7866
vn -0.0000 -0.8961 0.4439
vn -0.0000 0.4291 0.9032
vn -0.0000 -0.9722 0.2343
vn -0.0000 0.2199 0.9755
vn -0.3336 -0.2199 0.9167
vn -0.3089 -0.4291 0.8488
vn -0.1518 0.8961 0.4171
vn -0.2690 -0.6175 0.7391
vn -0.2158 0.7758 0.5929
vn -0.2158 -0.7758 0.5929
vn -0.2690 0.6175 0.7391
vn -0.1518 -0.8961 0.4171
vn -0.3089 0.4291 0.8488
vn -0.0801 -0.9722 0.2201
vn -0.3336 0.2199 0.9167
vn -0.3420 -0.0000 0.9397
vn -0.0801 0.9722 0.2201
vn -0.5056 -0.6175 0.6025
vn -0.4056 0.7758 0.4833
vn -0.4056 -0.7758 0.4833
vn -0.5056 0.6175 0.6025
vn -0.2853 -0.8961 0.3400
vn -0.5806 0.4291 0.6919
vn -0.1506 -0.9722 0.1795
vn -0.6271 0.2199 0.7473
vn -0.6428 -0.0000 0.7660
vn -0.6271 -0.2199 0.7473
vn -0.1506 0.9722 0.1795
vn -0.5806 -0.4291 0.6919
vn -0.2853 0.8961 0.3400
vn -0.3844 0.8961 0.2219
vn -0.5464 0.7758 0.3155
vn -0.6812 -0.6175 0.3933
vn -0.5464 -0.7758 0.3155
vn -0.6812 0.6175 0.3933
vn -0.3844 -0.8961 0.2219
vn -0.7822 0.4291 0.4516
vn -0.2029 -0.9722 0.1171
vn -0.8448 0.2199 0.4878
vn -0.8448 -0.2199 0.4878
vn -0.2029 0.9722 0.1171
vn -0.7822 -0.4291 0.4516
vn -0.6214 -0.7758 0.1096
vn -0.7746 0.6175 0.1366
vn -0.4371 -0.8961 0.0771
vn -0.8895 0.4291 0.1568
vn -0.2307 -0.9722 0.0407
vn -0.9607 0.2199 0.1694
vn -0.9848 -0.0000 0.1736
vn -0.9607 -0.2199 0.1694
vn -0.2307 0.9722 0.0407
vn -0.8895 -0.4291 0.1568
vn -0.4371 0.8961 0.0771
vn -0.7746 -0.6175 0.1366
vn -0.6214 0.7758 0.1096
vn -0.7746 0.6175 -0.1366
vn -0.4371 -0.8961 -0.0771
vn -0.8895 0.4291 -0.1568
vn -0.2307 -0.9722 -0.0407
vn -0.9607 0.2199 -0.1694
vn -0.9848 -0.0000 -0.1736
vn -0.9607 -0.2199 -0.1694
vn -0.2307 0.9722 -0.0407
vn -0.8895 -0.4291 -0.1568
vn -0.4371 0.8961 -0.0771
vn -0.7746 -0.6175 -0.1366
vn -0.6214 0.7758 -0.1096
vn -0.6214 -0.7758 -0.1096
vn -0.3844 -0.8961 -0.2219
vn -0.7822 0.4291 -0.4516
vn -0.2029 -0.9722 -0.1171
vn -0.8448 0.2199 -0.4878
vn -0.8448 -0.2199 -0.4878
vn -0.2029 0.9722 -0.1171
vn -0.7822 -0.4291 -0.4516
vn -0.3844 0.8961 -0.2219
vn -0.6812 -0.6175 -0.3933
vn -0.5464 0.7758 -0.3155
vn -0.5464 -0.7758 -0.3155
vn -0.6812 0.6175 -0.3933
vn -0.1506 -0.9722 -0.1795
vn -0.6271 0.2199 -0.7473
vn -0.6428 -0.0000 -0.7660
vn -0.6271 -0.2199 -0.7473
vn -0.1506 0.9722 -0.1795
vn -0.5806 -0.4291 -0.6919
vn -0.2853 0.8961 -0.3400
vn -0.5056 -0.6175 -0.6025
vn -0.4056 0.7758 -0.4833
vn -0.4056 -0.7758 -0.4833
vn -0.5056 0.6175 -0.6025
vn -0.2853 -0.8961 -0.3400
vn -0.5806 0.4291 -0.6919
vn -0.3337 0.2199 -0.9167
vn -0.0801 -0.9722 -0.2201
vn -0.3420 -0.0000 -0.9397
vn -0.3337 -0.2199 -0.9167
vn -0.0801 0.9722 -0.2201
vn -0.3089 -0.4291 -0.8488
vn -0.1518 0.8961 -0.4171
vn -0.2690 -0.6175 -0.7391
vn -0.2158 0.7758 -0.5929
vn -0.2158 -0.7758 -0.5929
vn -0.2690 0.6175 -0.7391
vn -0.1518 -0.8961 -0.4171
vn -0.3089 0.4291 -0.8488
vn -0.0000 -0.9688 -0.2480
vn -0.0000 -0.8700 -0.4931
vn 0.0365 -0.9075 -0.4185
vn -0.0000 -0.1414 -0.9899
vn -0.1836 -0.3224 -0.9286
vn -0.1923 -0.1816 -0.9644
vn 0.1836 -0.3224 -0.9286
vn 0.1923 -0.1816 -0.9644
vn -0.0000 0.9688 -0.2480
vn -0.0000 0.8700 -0.4931
vn -0.0365 0.9075 -0.4185
vn -0.0000 0.1414 -0.9899
vn 0.1836 0.3224 -0.9286
vn 0.1923 0.1816 -0.9644
vn -0.1836 0.3224 -0.9286
vn -0.1923 0.1816 -0.9644
vn 0.1240 -0.9688 -0.2147
vn 0.2466 -0.8699 -0.4271
vn 0.2409 -0.9075 -0.3442
vn 0.4950 -0.1414 -0.8573
vn 0.3053 -0.3224 -0.8960
vn 0.3157 -0.1816 -0.9313
vn 0.6233 -0.3224 -0.7124
vn 0.6487 -0.1816 -0.7390
vn 0.1240 0.9688 -0.2147
vn 0.2466 0.8700 -0.4270
vn 0.1776 0.9075 -0.3807
vn 0.4950 0.1414 -0.8573
vn 0.6233 0.3224 -0.7124
vn 0.6487 0.1816 -0.7390
vn 0.3053 0.3224 -0.8960
vn 0.3157 0.1816 -0.9313
vn 0.2148 -0.9688 -0.1240
vn 0.4271 -0.8699 -0.2466
vn 0.3807 -0.9075 -0.1777
vn 0.8573 -0.1414 -0.4950
vn 0.7124 -0.3224 -0.6233
vn 0.7390 -0.1816 -0.6487
vn 0.8960 -0.3224 -0.3053
vn 0.9313 -0.1816 -0.3157
vn 0.2147 0.9688 -0.1240
vn 0.4270 0.8700 -0.2466
vn 0.3442 0.9075 -0.2409
vn 0.8573 0.1414 -0.4950
vn 0.8960 0.3224 -0.3053
vn 0.9313 0.1816 -0.3157
vn 0.7124 0.3224 -0.6233
vn 0.7390 0.1816 -0.6487
vn 0.2480 -0.9688 -0.0000
vn 0.4932 -0.8699 -0.0000
vn 0.4186 -0.9075 0.0365
vn 0.9899 -0.1414 -0.0000
vn 0.9286 -0.3224 -0.1836
vn 0.9644 -0.1816 -0.1923
vn 0.9286 -0.3224 0.1836
vn 0.9644 -0.1816 0.1923
vn 0.2479 0.9688 -0.0000
vn 0.4931 0.8700 -0.0000
vn 0.4185 0.9075 -0.0365
vn 0.9899 0.1414 -0.0000
vn 0.9286 0.3224 0.1836
vn 0.9644 0.1816 0.1923
vn 0.9286 0.3224 -0.1836
vn 0.9644 0.1816 -0.1923
vn 0.2148 -0.9688 0.1240
vn 0.4271 -0.8699 0.2466
vn 0.3443 -0.9075 0.2409
vn 0.8573 -0.1414 0.4950
vn 0.8960 -0.3224 0.3053
vn 0.9313 -0.1816 0.3157
vn 0.7124 -0.3224 0.6233
vn 0.7390 -0.1816 0.6487
vn 0.2147 0.9688 0.1240
vn 0.4270 0.8700 0.2465
vn 0.3807 0.9075 0.1776
vn 0.8573 0.1414 0.4950
vn 0.7124 0.3224 0.6233
vn 0.7391 0.1816 0.6487
vn 0.8960 0.3224 0.3053
vn 0.9313 0.1816 0.3157
vn 0.1240 -0.9688 0.2147
vn 0.2466 -0.8699 0.4271
vn 0.1777 -0.9075 0.3807
vn 0.4950 -0.1414 0.8573
vn 0.6233 -0.3224 0.7124
vn 0.6487 -0.1816 0.7390
vn 0.3053 -0.3224 0.8960
vn 0.3157 -0.1816 0.9313
vn 0.1240 0.9688 0.2147
vn 0.2465 0.8700 0.4270
vn 0.2409 0.9075 0.3442
vn 0.4950 0.1414 0.8573
vn 0.3053 0.3224 0.8960
vn 0.3157 0.1816 0.9313
vn 0.6233 0.3224 0.7124
vn 0.6487 0.1816 0.7390
vn -0.0000 -0.9688 0.2480
vn -0.0000 -0.8700 0.4931
vn -0.0365 -0.9075 0.4185
vn -0.0000 -0.1414 0.9899
vn 0.1836 -0.3224 0.9286
vn 0.1923 -0.1816 0.9644
vn -0.1836 -0.3224 0.9286
vn -0.1923 -0.1816 0.9644
vn -0.0000 0.9688 0.2480
vn -0.0000 0.8700 0.4931
vn 0.0365 0.9075 0.4185
vn -0.0000 0.1414 0.9899
vn -0.1836 0.3224 0.9286
vn -0.1923 0.1816 0.9644
vn 0.1836 0.3224 0.9286
vn 0.1923 0.1816 0.9644
vn -0.1240 -0.9688 0.2147
vn -0.2466 -0.8699 0.4271
vn -0.2409 -0.9075 0.3442
vn -0.4950 -0.1414 0.8573
vn -0.3053 -0.3224 0.8960
vn -0.3157 -0.1816 0.9313
vn -0.6233 -0.3224 0.7124
vn -0.6487 -0.1816 0.7390
vn -0.1240 0.9688 0.2147
vn -0.2465 0.8700 0.4270
vn -0.1777 0.9075 0.3807
vn -0.4950 0.1414 0.8573
vn -0.6233 0.3224 0.7124
vn -0.6487 0.1816 0.7390
vn -0.3053 0.3224 0.8960
vn -0.3157 0.1816 0.9313
vn -0.2147 -0.9688 0.1240
vn -0.4271 -0.8699 0.2466
vn -0.3807 -0.9075 0.1777
vn -0.8573 -0.1414 0.4950
vn -0.7124 -0.3224 0.6233
vn -0.7390 -0.1816 0.6487
vn -0.8960 -0.3224 0.3053
vn -0.9313 -0.1816 0.3157
vn -0.2147 0.9688 0.1240
vn -0.4270 0.8700 0.2466
vn -0.3442 0.9075 0.2409
vn -0.8573 0.1414 0.4950
vn -0.8960 0.3224 0.3053
vn -0.9313 0.1816 0.3157
vn -0.7124 0.3224 0.6233
vn -0.7390 0.1816 0.6487
vn -0.2480 -0.9688 -0.0000
vn -0.4932 -0.8699 -0.0000
vn -0.4186 -0.9074 -0.0365
vn -0.9899 -0.1414 -0.0000
vn -0.9286 -0.3224 0.1836
vn -0.9644 -0.1816 0.1923
vn -0.9286 -0.3224 -0.1836
vn -0.9644 -0.1816 -0.1923
vn -0.2480 0.9688 -0.0000
vn -0.4931 0.8700 -0.0000
vn -0.4185 0.9075 0.0365
vn -0.9899 0.1414 -0.0000
vn -0.9286 0.3224 -0.1836
vn -0.9644 0.1816 -0.1923
vn -0.9286 0.3224 0.1836
vn -0.9644 0.1816 0.1923
vn -0.2148 -0.9688 -0.1240
vn -0.4271 -0.8699 -0.2466
vn -0.3442 -0.9075 -0.2409
vn -0.8573 -0.1414 -0.4950
vn -0.8960 -0.3224 -0.3053
vn -0.9313 -0.1816 -0.3157
vn -0.7124 -0.3224 -0.6233
vn -0.7390 -0.1816 -0.6487
vn -0.2148 0.9688 -0.1240
vn -0.4270 0.8700 -0.2465
vn -0.3807 0.9075 -0.1776
vn -0.8573 0.1414 -0.4950
vn -0.7124 0.3224 -0.6233
vn -0.7390 0.1816 -0.6487
vn -0.8960 0.3224 -0.3053
vn -0.9313 0.1816 -0.3157
vn -0.1240 -0.9688 -0.2147
vn -0.2466 -0.8699 -0.4271
vn -0.1777 -0.9075 -0.3807
vn -0.4950 -0.1414 -0.8573
vn -0.6233 -0.3224 -0.7124
vn -0.6487 -0.1816 -0.7390
vn -0.3053 -0.3224 -0.8960
vn -0.3157 -0.1816 -0.9313
vn -0.1240 0.9688 -0.2147
vn -0.2465 0.8700 -0.4270
vn -0.2408 0.9075 -0.3442
vn -0.4950 0.1414 -0.8573
vn -0.3053 0.3224 -0.8960
vn -0.3157 0.1816 -0.9313
vn -0.6233 0.3224 -0.7124
vn -0.6487 0.1816 -0.7390
vn -0.1794 -0.9673 0.1794
vn -0.3251 -0.8881 0.3251
vn -0.3791 -0.9152 0.1369
vn -0.1794 -0.1794 0.9673
vn -0.3251 -0.3251 0.8881
vn -0.1369 -0.3791 0.9152
vn -0.9673 -0.1794 0.1794
vn -0.8881 -0.3251 0.3251
vn -0.9152 -0.1369 0.3791
vn -0.1794 0.1794 0.9673
vn -0.3251 0.3251 0.8881
vn -0.3791 0.1369 0.9152
vn -0.1794 0.9673 0.1794
vn -0.3251 0.8881 0.3251
vn -0.1369 0.9152 0.3791
vn -0.9673 0.1794 0.1794
vn -0.8881 0.3251 0.3251
vn -0.9152 0.3791 0.1369
vn -0.1794 -0.9673 -0.1794
vn -0.3251 -0.8881 -0.3251
vn -0.1369 -0.9152 -0.3791
vn -0.9673 -0.1794 -0.1794
vn -0.8881 -0.3251 -0.3251
vn -0.9152 -0.3791 -0.1369
vn -0.1794 -0.1794 -0.9673
vn -0.3251 -0.3251 -0.8881
vn -0.3791 -0.1369 -0.9152
vn -0.1794 0.9673 -0.1794
vn -0.3251 0.8881 -0.3251
vn -0.3791 0.9152 -0.1369
vn -0.1794 0.1794 -0.9673
vn -0.3251 0.3251 -0.8881
vn -0.1369 0.3791 -0.9152
vn -0.9673 0.1794 -0.1794
vn -0.8881 0.3251 -0.3251
vn -0.9152 0.1369 -0.3791
vn 0.1794 -0.9673 0.1794
vn 0.3251 -0.8881 0.3251
vn 0.1369 -0.9152 0.3791
vn 0.9673 -0.1794 0.1794
vn 0.8881 -0.3251 0.3251
vn 0.9152 -0.3791 0.1369
vn 0.1794 -0.1794 0.9673
vn 0.3251 -0.3251 0.8881
vn 0.3791 -0.1369 0.9152
vn 0.1794 0.9673 0.1794
vn 0.3251 0.8881 0.3251
vn 0.3791 0.9152 0.1369
vn 0.1794 0.1794 0.9673
vn 0.3251 0.3251 0.8881
vn 0.1369 0.3791 0.9152
vn 0.9673 0.1794 0.1794
vn 0.8881 0.3251 0.3251
vn 0.9152 0.1369 0.3791
vn 0.1794 -0.9673 -0.1794
vn 0.3251 -0.8881 -0.3251
vn 0.3791 -0.9152 -0.1369
vn 0.1794 -0.1794 -0.9673
vn 0.3251 -0.3251 -0.8881
vn 0.1369 -0.3791 -0.9152
vn 0.9673 -0.1794 -0.1794
vn 0.8881 -0.3251 -0.3251
vn 0.9152 -0.1369 -0.3791
vn 0.1794 0.9673 -0.1794
vn 0.3251 0.8881 -0.3251
vn 0.1369 0.9152 -0.3791
vn 0.9673 0.1794 -0.1794
vn 0.8881 0.3251 -0.3251
vn 0.9152 0.3791 -0.1369
vn 0.1794 0.1794 -0.9673
vn 0.3251 0.3251 -0.8881
vn 0.3791 0.1369 -0.9152
vn 0.5611 0.6807 -0.4710
vn 0.4425 0.6581 -0.6091
vn 0.3433 0.8117 -0.4726
vn 0.2746 0.6806 -0.6792
vn 0.2746 -0.6806 -0.6792
vn 0.4426 -0.6581 -0.6091
vn 0.3433 -0.8117 -0.4726
vn 0.5611 -0.6806 -0.4710
vn 0.7308 0.6807 -0.0513
vn 0.7161 0.6581 -0.2327
vn 0.5555 0.8117 -0.1805
vn 0.6214 0.6806 -0.3881
vn 0.6214 -0.6806 -0.3881
vn 0.7161 -0.6581 -0.2327
vn 0.5555 -0.8117 -0.1805
vn 0.7308 -0.6807 -0.0513
vn 0.6214 0.6806 0.3881
vn 0.7161 0.6581 0.2327
vn 0.5555 0.8117 0.1805
vn 0.7308 0.6806 0.0513
vn 0.7308 -0.6806 0.0513
vn 0.7161 -0.6581 0.2327
vn 0.5555 -0.8117 0.1805
vn 0.6214 -0.6806 0.3881
vn 0.2746 0.6806 0.6792
vn 0.4426 0.6581 0.6091
vn 0.3433 0.8117 0.4726
vn 0.5611 0.6806 0.4710
vn 0.5611 -0.6806 0.4710
vn 0.4426 -0.6581 0.6091
vn 0.3433 -0.8117 0.4726
vn 0.2746 -0.6806 0.6792
vn -0.1771 0.6806 0.7109
vn -0.0000 0.6581 0.7529
vn -0.0000 0.8117 0.5841
vn 0.1771 0.6806 0.7109
vn 0.1771 -0.6806 0.7109
vn -0.0000 -0.6581 0.7529
vn -0.0000 -0.8117 0.5841
vn -0.1771 -0.6806 0.7109
vn -0.5611 0.6806 0.4710
vn -0.4425 0.6581 0.6091
vn -0.3433 0.8117 0.4726
vn -0.2746 0.6806 0.6792
vn -0.2746 -0.6806 0.6792
vn -0.4425 -0.6581 0.6091
vn -0.3433 -0.8117 0.4726
vn -0.5611 -0.6806 0.4710
vn -0.7308 0.6806 0.0512
vn -0.7161 0.6581 0.2327
vn -0.5555 0.8117 0.1805
vn -0.6214 0.6806 0.3881
vn -0.6214 -0.6806 0.3881
vn -0.7161 -0.6581 0.2327
vn -0.5555 -0.8117 0.1805
vn -0.7308 -0.6807 0.0512
vn -0.6214 0.6806 -0.3881
vn -0.7161 0.6581 -0.2327
vn -0.5555 0.8117 -0.1805
vn -0.7308 0.6806 -0.0513
vn -0.7308 -0.6806 -0.0512
vn -0.7161 -0.6581 -0.2327
vn -0.5555 -0.8117 -0.1805
vn -0.6214 -0.6807 -0.3881
vn -0.2746 0.6806 -0.6792
vn -0.4426 0.6581 -0.6091
vn -0.3433 0.8117 -0.4726
vn -0.5611 0.6806 -0.4710
vn -0.5611 -0.6806 -0.4710
vn -0.4426 -0.6581 -0.6091
vn -0.3433 -0.8117 -0.4726
vn -0.2746 -0.6806 -0.6792
vn 0.1771 0.6806 -0.7109
vn -0.0000 0.6581 -0.7529
vn -0.0000 0.8117 -0.5841
vn -0.1771 0.6806 -0.7109
vn -0.1771 -0.6806 -0.7109
vn -0.0000 -0.6581 -0.7529
vn -0.0000 -0.8117 -0.5841
vn 0.1771 -0.6806 -0.7109
vn 0.7308 0.6807 -0.0512
vn -0.7308 0.6807 0.0512
vn -0.7308 0.6806 -0.0512
vn 0.6764 0.4674 -0.5692
vn 0.5309 0.4293 -0.7307
vn 0.4325 0.6771 -0.5953
vn 0.3323 0.4674 -0.8192
vn 0.3323 -0.4674 -0.8192
vn 0.5309 -0.4293 -0.7307
vn 0.4325 -0.6771 -0.5953
vn 0.6764 -0.4674 -0.5692
vn 0.8818 0.4674 -0.0629
vn 0.8590 0.4293 -0.2791
vn 0.6998 0.6771 -0.2274
vn 0.7504 0.4674 -0.4674
vn 0.7504 -0.4674 -0.4674
vn 0.8590 -0.4293 -0.2791
vn 0.6998 -0.6771 -0.2274
vn 0.8818 -0.4674 -0.0629
vn 0.7504 0.4674 0.4674
vn 0.8590 0.4293 0.2791
vn 0.6998 0.6771 0.2274
vn 0.8818 0.4674 0.0629
vn 0.8818 -0.4674 0.0629
vn 0.8590 -0.4293 0.2791
vn 0.6998 -0.6771 0.2274
vn 0.7504 -0.4674 0.4674
vn 0.3323 0.4674 0.8192
vn 0.5309 0.4293 0.7307
vn 0.4325 0.6771 0.5953
vn 0.6764 0.4674 0.5692
vn 0.6764 -0.4674 0.5692
vn 0.5309 -0.4293 0.7307
vn 0.4325 -0.6771 0.5953
vn 0.3323 -0.4674 0.8192
vn -0.2126 0.4674 0.8581
vn -0.0000 0.4293 0.9032
vn -0.0000 0.6771 0.7359
vn 0.2126 0.4674 0.8581
vn 0.2126 -0.4674 0.8581
vn -0.0000 -0.4293 0.9032
vn -0.0000 -0.6771 0.7359
vn -0.2126 -0.4674 0.8581
vn -0.6764 0.4674 0.5692
vn -0.5309 0.4293 0.7307
vn -0.4325 0.6771 0.5953
vn -0.3323 0.4674 0.8192
vn -0.3323 -0.4674 0.8192
vn -0.5309 -0.4293 0.7307
vn -0.4325 -0.6771 0.5953
vn -0.6764 -0.4674 0.5692
vn -0.8818 0.4674 0.0629
vn -0.8590 0.4293 0.2791
vn -0.6998 0.6771 0.2274
vn -0.7504 0.4674 0.4674
vn -0.7504 -0.4674 0.4674
vn -0.8590 -0.4293 0.2791
vn -0.6998 -0.6771 0.2274
vn -0.8818 -0.4674 0.0629
vn -0.7504 0.4674 -0.4674
vn -0.8590 0.4293 -0.2791
vn -0.6998 0.6771 -0.2274
vn -0.8818 0.4674 -0.0629
vn -0.8818 -0.4674 -0.0629
vn -0.8590 -0.4293 -0.2791
vn -0.6998 -0.6772 -0.2274
vn -0.7504 -0.4674 -0.4674
vn -0.3323 0.4674 -0.8192
vn -0.5309 0.4293 -0.7307
vn -0.4325 0.6771 -0.5953
vn -0.6764 0.4674 -0.5692
vn -0.6764 -0.4674 -0.5692
vn -0.5309 -0.4293 -0.7307
vn -0.4325 -0.6771 -0.5953
vn -0.3324 -0.4674 -0.8192
vn 0.2126 0.4674 -0.8581
vn -0.0000 0.4293 -0.9032
vn -0.0000 0.6771 -0.7358
vn -0.2126 0.4674 -0.8581
vn -0.2126 -0.4674 -0.8581
vn -0.0000 -0.4293 -0.9032
vn -0.0000 -0.6771 -0.7358
vn 0.2126 -0.4674 -0.8581
vn -0.0000 -0.6771 0.7358
vn -0.6998 -0.6771 -0.2274
vn -0.0000 0.6771 -0.7359
vn -0.3250 -0.8881 0.3250
vn -0.3251 -0.3250 0.8881
vn -0.3251 0.3250 0.8881
vn -0.8881 0.3250 0.3251
vn -0.3251 -0.8881 -0.3250
vn -0.8881 -0.3250 -0.3250
vn -0.3250 -0.3250 -0.8881
vn -0.3251 0.3250 -0.8881
vn 0.3250 -0.8881 0.3250
vn 0.1368 -0.9152 0.3791
vn 0.3251 -0.3250 0.8881
vn 0.3251 0.3250 0.8881
vn 0.8881 0.3250 0.3251
vn 0.3251 -0.8881 -0.3250
vn 0.3250 -0.3250 -0.8881
vn 0.3251 0.3250 -0.8881
vn -0.3250 -0.8881 0.3251
vn -0.8881 0.3250 0.3250
vn -0.9152 0.3791 0.1368
vn -0.8881 -0.3251 -0.3250
vn 0.3250 -0.8881 0.3251
vn 0.8881 -0.3251 0.3250
vn 0.8881 0.3251 0.3250
vn 0.8881 -0.3251 -0.3250
vn 0.8881 0.3251 -0.3250
vn 0.8881 -0.3250 -0.3251
vn -0.8881 -0.3251 0.3250
vn -0.8881 0.3251 0.3250
vn -0.8881 0.3251 -0.3250
vn -0.8881 -0.3250 -0.3251
vn 0.8881 -0.3250 0.3251
vn 0.3251 0.8881 -0.3250
vn 0.8881 0.3250 -0.3251
vn 0.9152 -0.3791 0.1368
vn 0.3790 0.9152 0.1369
vn 0.8881 0.3250 0.3250
vn 0.8881 -0.3250 0.3250
vn 0.2466 -0.8700 -0.4270
vn 0.2466 0.8699 -0.4271
vn 0.1777 0.9075 -0.3807
vn 0.2147 -0.9688 -0.1240
vn 0.4271 -0.8700 -0.2465
vn 0.3807 -0.9075 -0.1776
vn 0.2148 0.9688 -0.1240
vn 0.4271 0.8699 -0.2466
vn 0.3443 0.9074 -0.2409
vn 0.4931 -0.8700 -0.0000
vn 0.4185 -0.9075 0.0365
vn 0.2480 0.9688 -0.0000
vn 0.4932 0.8699 -0.0000
vn 0.2147 -0.9688 0.1240
vn 0.4271 -0.8699 0.2465
vn 0.3442 -0.9075 0.2409
vn 0.2148 0.9688 0.1240
vn 0.4271 0.8699 0.2466
vn 0.3807 0.9075 0.1777
vn 0.7390 0.1816 0.6487
vn 0.2466 -0.8700 0.4270
vn 0.2466 0.8699 0.4271
vn -0.2466 -0.8700 0.4270
vn -0.2466 0.8699 0.4271
vn -0.4271 -0.8699 0.2465
vn -0.2148 0.9688 0.1240
vn -0.4271 0.8699 0.2466
vn -0.2479 -0.9688 -0.0000
vn -0.4931 -0.8700 -0.0000
vn -0.4185 -0.9075 -0.0365
vn -0.9900 -0.1414 -0.0000
vn -0.4932 0.8699 -0.0000
vn -0.4271 -0.8700 -0.2465
vn -0.2147 0.9688 -0.1240
vn -0.4271 0.8699 -0.2466
vn -0.3807 0.9075 -0.1777
vn -0.2466 -0.8700 -0.4270
vn -0.2466 0.8699 -0.4271
vn -0.2409 0.9075 -0.3442
vn -0.3791 -0.9152 0.1368
vn -0.8881 -0.3250 0.3250
vn -0.9152 -0.1368 0.3791
vn -0.3250 0.8881 0.3251
vn -0.1368 -0.9152 -0.3791
vn -0.9152 -0.3791 -0.1368
vn -0.3250 0.8881 -0.3251
vn -0.3791 0.9152 -0.1368
vn -0.8881 0.3250 -0.3250
vn -0.9152 0.1368 -0.3791
vn 0.3250 0.8881 0.3251
vn 0.3791 0.9152 0.1368
vn 0.3791 -0.9152 -0.1368
vn 0.8881 -0.3250 -0.3250
vn 0.9152 -0.1368 -0.3791
vn 0.3250 0.8881 -0.3251
vn 0.1368 0.9152 -0.3791
vn 0.8881 0.3250 -0.3250
vn 0.9152 0.3791 -0.1368
vn 0.3791 0.1368 -0.9152
vn -0.3251 -0.8881 0.3250
vn -0.3250 -0.3251 0.8881
vn -0.1368 -0.3791 0.9152
vn -0.3250 0.8881 0.3250
vn -0.1368 0.9152 0.3791
vn -0.3250 -0.3251 -0.8881
vn 0.3251 -0.8881 0.3250
vn 0.3250 -0.3251 0.8881
vn 0.3250 0.8881 0.3250
vn 0.3250 -0.3251 -0.8881
vn 0.1368 -0.3791 -0.9152
vn -0.2022 0.7319 -0.6507
vn -0.0000 0.8110 -0.5851
vn -0.0000 0.7338 -0.6794
vn -0.0000 0.9337 -0.3580
vn -0.1404 0.8455 -0.5152
vn 0.2022 0.7319 -0.6507
vn 0.1404 0.8455 -0.5152
vn -0.2021 -0.7319 -0.6507
vn -0.0000 -0.8110 -0.5851
vn -0.1404 -0.8455 -0.5152
vn 0.2025 -0.7319 -0.6507
vn -0.0000 -0.7338 -0.6794
vn -0.0000 -0.9337 -0.3580
vn 0.1403 -0.8455 -0.5152
vn 0.6031 0.7319 -0.3171
vn 0.4137 0.8110 -0.4137
vn 0.4636 0.8455 -0.2650
vn 0.3170 0.7319 -0.6032
vn 0.4804 0.7338 -0.4804
vn 0.2531 0.9337 -0.2531
vn 0.2651 0.8455 -0.4636
vn 0.6032 -0.7319 -0.3170
vn 0.4137 -0.8110 -0.4137
vn 0.4803 -0.7338 -0.4804
vn 0.2531 -0.9337 -0.2531
vn 0.4636 -0.8455 -0.2650
vn 0.3173 -0.7318 -0.6031
vn 0.2650 -0.8455 -0.4636
vn 0.6506 0.7319 0.2023
vn 0.5850 0.8110 -0.0000
vn 0.5152 0.8455 0.1404
vn 0.6506 0.7320 -0.2024
vn 0.6794 0.7338 -0.0000
vn 0.3580 0.9337 -0.0000
vn 0.5152 0.8455 -0.1404
vn 0.6507 -0.7319 0.2023
vn 0.5850 -0.8110 -0.0000
vn 0.6793 -0.7338 -0.0000
vn 0.3580 -0.9337 -0.0000
vn 0.5152 -0.8455 0.1404
vn 0.6507 -0.7319 -0.2023
vn 0.5152 -0.8455 -0.1404
vn 0.3170 0.7319 0.6032
vn 0.4137 0.8110 0.4137
vn 0.2650 0.8455 0.4636
vn 0.6031 0.7319 0.3171
vn 0.4804 0.7338 0.4804
vn 0.2532 0.9337 0.2531
vn 0.4636 0.8455 0.2650
vn 0.3168 -0.7320 0.6032
vn 0.4137 -0.8110 0.4137
vn 0.4804 -0.7338 0.4804
vn 0.2532 -0.9337 0.2531
vn 0.2651 -0.8455 0.4636
vn 0.6032 -0.7319 0.3171
vn 0.4636 -0.8455 0.2650
vn -0.2023 0.7319 0.6507
vn -0.0000 0.8110 0.5851
vn -0.1404 0.8455 0.5152
vn 0.2022 0.7319 0.6507
vn -0.0000 0.7338 0.6794
vn -0.0000 0.9337 0.3580
vn 0.1404 0.8455 0.5152
vn -0.2022 -0.7319 0.6507
vn -0.0000 -0.8110 0.5851
vn -0.0000 -0.7338 0.6794
vn -0.0000 -0.9337 0.3580
vn -0.1403 -0.8455 0.5152
vn 0.2021 -0.7319 0.6507
vn 0.1404 -0.8455 0.5152
vn -0.6031 0.7319 0.3171
vn -0.4137 0.8110 0.4137
vn -0.4636 0.8455 0.2650
vn -0.3170 0.7319 0.6032
vn -0.4804 0.7338 0.4804
vn -0.2531 0.9337 0.2531
vn -0.2650 0.8455 0.4636
vn -0.6032 -0.7319 0.3171
vn -0.4137 -0.8110 0.4137
vn -0.4804 -0.7338 0.4804
vn -0.2532 -0.9337 0.2531
vn -0.4636 -0.8455 0.2650
vn -0.3170 -0.7319 0.6032
vn -0.2650 -0.8455 0.4636
vn -0.6506 0.7319 -0.2024
vn -0.5850 0.8110 -0.0000
vn -0.5152 0.8455 -0.1404
vn -0.6506 0.7319 0.2024
vn -0.6794 0.7338 -0.0000
vn -0.3580 0.9337 -0.0000
vn -0.5152 0.8455 0.1404
vn -0.6506 -0.7319 -0.2023
vn -0.5850 -0.8110 -0.0000
vn -0.6793 -0.7338 -0.0000
vn -0.3580 -0.9337 -0.0000
vn -0.5152 -0.8455 -0.1404
vn -0.6507 -0.7319 0.2023
vn -0.5152 -0.8455 0.1404
vn -0.3169 0.7319 -0.6032
vn -0.4137 0.8110 -0.4137
vn -0.2651 0.8455 -0.4636
vn -0.6031 0.7319 -0.3171
vn -0.4804 0.7338 -0.4804
vn -0.2531 0.9337 -0.2531
vn -0.4636 0.8455 -0.2650
vn -0.3168 -0.7320 -0.6032
vn -0.4137 -0.8110 -0.4137
vn -0.4804 -0.7338 -0.4804
vn -0.2531 -0.9337 -0.2531
vn -0.2651 -0.8455 -0.4636
vn -0.6031 -0.7319 -0.3171
vn -0.4636 -0.8455 -0.2650
vn 0.6506 0.7319 0.2024
vn 0.3167 0.7320 0.6033
vn 0.2531 -0.9337 0.2531
vn -0.2022 0.7319 0.6507
vn 0.2019 0.7320 0.6508
vn -0.2025 -0.7319 0.6507
vn -0.6032 -0.7319 0.3170
vn -0.4635 -0.8455 0.2650
vn -0.3172 -0.7319 0.6032
vn -0.6507 0.7319 -0.2023
vn -0.6506 0.7319 0.2023
vn -0.6507 -0.7319 -0.2023
vn -0.6032 0.7319 -0.3170
vn -0.6032 -0.7319 -0.3170
vn -0.3792 -0.9151 0.1368
vn -0.3251 0.8881 0.3250
vn 0.3791 -0.1368 0.9152
vn 0.3251 0.8881 0.3250
vn -0.3250 0.3251 0.8881
vn -0.3250 -0.8881 -0.3250
vn -0.3251 0.8881 -0.3250
vn -0.3250 0.3251 -0.8881
vn -0.1368 0.3791 -0.9152
vn 0.3250 0.3251 0.8881
vn 0.3250 -0.8881 -0.3250
vn 0.3790 -0.9152 -0.1368
vn 0.3250 0.3251 -0.8881
vn 0.2023 0.7319 -0.6507
vn -0.2023 0.7319 -0.6507
vn 0.2023 -0.7319 -0.6507
vn 0.1404 -0.8455 -0.5152
vn -0.2023 -0.7319 -0.6507
vn -0.1403 -0.8455 -0.5152
vn 0.6032 0.7319 -0.3171
vn 0.3171 0.7319 -0.6032
vn 0.2651 0.8455 -0.4635
vn 0.6032 -0.7319 -0.3171
vn 0.4804 -0.7338 -0.4804
vn 0.4636 -0.8455 -0.2651
vn 0.3171 -0.7319 -0.6032
vn 0.2651 -0.8455 -0.4635
vn 0.6507 0.7319 0.2023
vn 0.5851 0.8110 -0.0000
vn 0.6507 0.7319 -0.2023
vn 0.5851 -0.8110 -0.0000
vn 0.6794 -0.7338 -0.0000
vn 0.5152 -0.8455 -0.1403
vn 0.3171 0.7319 0.6032
vn 0.2651 0.8455 0.4635
vn 0.6032 0.7319 0.3171
vn 0.2531 0.9337 0.2531
vn 0.4635 0.8455 0.2650
vn 0.3171 -0.7319 0.6032
vn 0.2651 -0.8455 0.4635
vn 0.4636 -0.8455 0.2651
vn 0.2023 0.7319 0.6507
vn -0.2023 -0.7319 0.6507
vn -0.1404 -0.8455 0.5152
vn 0.2023 -0.7319 0.6507
vn -0.6032 0.7319 0.3171
vn -0.4635 0.8455 0.2650
vn -0.3171 0.7319 0.6032
vn -0.2650 0.8455 0.4635
vn -0.2531 -0.9337 0.2531
vn -0.4636 -0.8455 0.2651
vn -0.3171 -0.7319 0.6032
vn -0.2651 -0.8455 0.4635
vn -0.5851 0.8110 -0.0000
vn -0.6507 0.7319 0.2023
vn -0.5851 -0.8110 -0.0000
vn -0.6794 -0.7338 -0.0000
vn -0.5152 -0.8455 0.1403
vn -0.3171 0.7319 -0.6032
vn -0.2650 0.8455 -0.4635
vn -0.6032 0.7319 -0.3171
vn -0.4635 0.8455 -0.2650
vn -0.3171 -0.7319 -0.6032
vn -0.2651 -0.8455 -0.4635
vn -0.6032 -0.7319 -0.3171
vn 0.4635 0.8455 -0.2651
vn 0.2650 -0.8455 -0.4635
vn 0.2650 0.8455 0.4635
vn -0.2651 0.8455 0.4635
vn -0.4635 -0.8455 -0.2651
vn -0.3271 -0.9450 -0.0000
vn -0.1228 -0.8973 0.4241
vn -0.3044 -0.8900 0.3395
vn -0.1228 -0.8973 -0.4241
vn -0.3044 -0.8900 -0.3395
vn 0.1037 -0.8734 -0.4758
vn -0.0030 -1.0000 -0.0000
vn 0.2857 -0.9252 0.2496
vn 0.2857 -0.9253 -0.2496
vn 0.4200 -0.9075 -0.0000
vn 0.1037 -0.8734 0.4758
vn 0.5877 -0.7874 0.1860
vn 0.6266 -0.4761 0.6170
vn 0.4142 -0.7923 0.4481
vn 0.8622 -0.1575 0.4815
vn 0.7979 -0.5739 0.1844
vn 0.9277 -0.3245 0.1844
vn 0.6871 0.0223 0.7262
vn 0.3199 -0.2546 0.9126
vn 0.5059 -0.1061 0.8560
vn 0.2828 -0.5171 0.8079
vn 0.2495 -0.7180 0.6498
vn -0.3597 -0.7340 0.5760
vn -0.2829 -0.5342 0.7966
vn -0.5011 -0.5189 0.6926
vn 0.0468 -0.5332 0.8447
vn -0.1466 -0.7505 0.6444
vn 0.0643 -0.7066 0.7047
vn -0.1030 -0.1888 0.9766
vn -0.4183 -0.1761 0.8911
vn -0.5735 -0.2522 0.7794
vn -0.5500 -0.8351 -0.0000
vn -0.6480 -0.5876 -0.4845
vn -0.5286 -0.7739 -0.3486
vn -0.6480 -0.5876 0.4845
vn -0.5286 -0.7739 0.3486
vn -0.7741 -0.3023 0.5562
vn -0.8522 -0.5232 -0.0000
vn -0.9493 -0.1045 -0.2965
vn -0.9493 -0.1045 0.2965
vn -0.9972 0.0750 -0.0000
vn -0.7741 -0.3023 -0.5562
vn -0.1467 -0.7505 -0.6444
vn 0.0467 -0.5332 -0.8447
vn 0.0643 -0.7066 -0.7047
vn -0.3597 -0.7340 -0.5760
vn -0.2830 -0.5342 -0.7966
vn -0.4183 -0.1761 -0.8911
vn -0.5010 -0.5189 -0.6926
vn -0.5735 -0.2522 -0.7794
vn -0.1030 -0.1888 -0.9766
vn 0.7979 -0.5739 -0.1844
vn 0.8622 -0.1575 -0.4815
vn 0.9277 -0.3245 -0.1844
vn 0.5877 -0.7874 -0.1860
vn 0.6267 -0.4761 -0.6170
vn 0.2828 -0.5171 -0.8079
vn 0.4142 -0.7922 -0.4481
vn 0.2495 -0.7180 -0.6498
vn 0.3199 -0.2546 -0.9126
vn 0.6871 0.0224 -0.7262
vn 0.5059 -0.1061 -0.8560
vn 0.5011 0.5189 0.6926
vn 0.4183 0.1761 0.8911
vn 0.5735 0.2521 0.7794
vn 0.3597 0.7340 0.5760
vn 0.2829 0.5342 0.7966
vn -0.0468 0.5332 0.8447
vn 0.1467 0.7505 0.6444
vn -0.0643 0.7066 0.7047
vn 0.1030 0.1888 0.9766
vn -0.8622 0.1575 0.4815
vn -0.7979 0.5739 0.1844
vn -0.9277 0.3245 0.1844
vn -0.6871 -0.0223 0.7262
vn -0.6267 0.4761 0.6170
vn -0.3199 0.2546 0.9126
vn -0.5059 0.1062 0.8560
vn -0.4142 0.7923 0.4481
vn -0.2828 0.5171 0.8079
vn -0.2495 0.7180 0.6498
vn -0.5877 0.7874 0.1860
vn -0.3199 0.2546 -0.9126
vn -0.6266 0.4761 -0.6170
vn -0.2828 0.5171 -0.8079
vn -0.6871 -0.0224 -0.7262
vn -0.5059 0.1061 -0.8560
vn -0.7979 0.5739 -0.1844
vn -0.8622 0.1575 -0.4815
vn -0.9277 0.3245 -0.1844
vn -0.5877 0.7874 -0.1860
vn -0.4142 0.7922 -0.4481
vn -0.2495 0.7180 -0.6498
vn 0.4183 0.1761 -0.8911
vn 0.5010 0.5189 -0.6926
vn 0.5735 0.2522 -0.7794
vn 0.1030 0.1888 -0.9766
vn 0.2829 0.5342 -0.7966
vn 0.1467 0.7505 -0.6444
vn -0.0467 0.5332 -0.8447
vn -0.0643 0.7066 -0.7047
vn 0.3597 0.7340 -0.5760
vn 0.7741 0.3023 0.5562
vn 0.8522 0.5232 -0.0000
vn 0.6480 0.5876 0.4845
vn 0.9493 0.1045 -0.2965
vn 0.9493 0.1045 0.2965
vn 0.9972 -0.0750 -0.0000
vn 0.7741 0.3023 -0.5562
vn 0.5500 0.8351 -0.0000
vn 0.6481 0.5876 -0.4845
vn 0.5286 0.7739 -0.3486
vn 0.5286 0.7740 0.3486
vn -0.1037 0.8734 0.4758
vn 0.0030 1.0000 -0.0000
vn -0.2857 0.9252 0.2496
vn 0.3271 0.9450 -0.0000
vn 0.1228 0.8973 0.4241
vn 0.3044 0.8900 0.3395
vn 0.1228 0.8973 -0.4241
vn 0.3044 0.8900 -0.3395
vn -0.1037 0.8734 -0.4758
vn -0.2857 0.9253 -0.2496
vn -0.4199 0.9075 -0.0000
vn -0.3790 -0.9152 0.1368
vn -0.3250 -0.8881 -0.3251
vn 0.3250 -0.8881 -0.3251
vn -0.0000 -0.9672 -0.2540
vn -0.0000 -0.8670 -0.4984
vn 0.0524 -0.9070 -0.4178
vn -0.0000 -0.1378 -0.9905
vn -0.2152 -0.3191 -0.9230
vn -0.2299 -0.1797 -0.9565
vn 0.2152 -0.3191 -0.9230
vn 0.2299 -0.1797 -0.9565
vn -0.0000 0.9672 -0.2540
vn -0.0000 0.8670 -0.4983
vn -0.0524 0.9070 -0.4178
vn -0.0000 0.1378 -0.9905
vn 0.2152 0.3191 -0.9230
vn 0.2299 0.1797 -0.9565
vn -0.2152 0.3191 -0.9230
vn -0.2299 0.1797 -0.9565
vn 0.1493 -0.9672 -0.2055
vn 0.2929 -0.8670 -0.4032
vn 0.2879 -0.9070 -0.3072
vn 0.5822 -0.1378 -0.8013
vn 0.3684 -0.3191 -0.8732
vn 0.3762 -0.1797 -0.9089
vn 0.7166 -0.3191 -0.6202
vn 0.7482 -0.1797 -0.6387
vn 0.1493 0.9672 -0.2055
vn 0.2929 0.8670 -0.4032
vn 0.2032 0.9070 -0.3688
vn 0.5822 0.1378 -0.8013
vn 0.7166 0.3191 -0.6202
vn 0.7482 0.1797 -0.6387
vn 0.3684 0.3191 -0.8732
vn 0.3762 0.1797 -0.9089
vn 0.2416 -0.9672 -0.0785
vn 0.4740 -0.8669 -0.1540
vn 0.4136 -0.9070 -0.0793
vn 0.9420 -0.1378 -0.3061
vn 0.8113 -0.3191 -0.4898
vn 0.8386 -0.1797 -0.5142
vn 0.9443 -0.3191 -0.0806
vn 0.9807 -0.1797 -0.0769
vn 0.2416 0.9672 -0.0785
vn 0.4739 0.8670 -0.1540
vn 0.3812 0.9070 -0.1789
vn 0.9420 0.1378 -0.3061
vn 0.9443 0.3191 -0.0806
vn 0.9807 0.1797 -0.0769
vn 0.8113 0.3191 -0.4899
vn 0.8386 0.1797 -0.5142
vn 0.2416 -0.9672 0.0785
vn 0.4740 -0.8670 0.1540
vn 0.3812 -0.9070 0.1789
vn 0.9420 -0.1378 0.3061
vn 0.9443 -0.3191 0.0806
vn 0.9807 -0.1797 0.0769
vn 0.8113 -0.3191 0.4898
vn 0.8386 -0.1797 0.5142
vn 0.2416 0.9672 0.0785
vn 0.4740 0.8670 0.1540
vn 0.4135 0.9070 0.0793
vn 0.9420 0.1378 0.3061
vn 0.8113 0.3191 0.4898
vn 0.8386 0.1797 0.5142
vn 0.9443 0.3191 0.0806
vn 0.9807 0.1797 0.0769
vn 0.1493 -0.9672 0.2055
vn 0.2929 -0.8670 0.4032
vn 0.2032 -0.9070 0.3688
vn 0.5822 -0.1378 0.8013
vn 0.7166 -0.3191 0.6202
vn 0.7482 -0.1797 0.6387
vn 0.3684 -0.3191 0.8732
vn 0.3762 -0.1797 0.9089
vn 0.1493 0.9672 0.2055
vn 0.2929 0.8670 0.4032
vn 0.2880 0.9070 0.3072
vn 0.5822 0.1378 0.8013
vn 0.3684 0.3191 0.8732
vn 0.3762 0.1797 0.9089
vn 0.7166 0.3191 0.6202
vn 0.7482 0.1797 0.6387
vn -0.0000 -0.9672 0.2540
vn -0.0000 -0.8670 0.4984
vn -0.0524 -0.9070 0.4178
vn -0.0000 -0.1378 0.9905
vn 0.2152 -0.3191 0.9230
vn 0.2299 -0.1797 0.9565
vn -0.2152 -0.3191 0.9230
vn -0.2299 -0.1797 0.9565
vn -0.0000 0.9672 0.2540
vn -0.0000 0.8670 0.4983
vn 0.0524 0.9070 0.4178
vn -0.0000 0.1378 0.9905
vn -0.2152 0.3191 0.9230
vn -0.2299 0.1797 0.9565
vn 0.2152 0.3191 0.9230
vn 0.2299 0.1797 0.9565
vn -0.1493 -0.9672 0.2055
vn -0.2929 -0.8670 0.4032
vn -0.2880 -0.9070 0.3072
vn -0.5822 -0.1378 0.8013
vn -0.3684 -0.3191 0.8732
vn -0.3762 -0.1797 0.9089
vn -0.7166 -0.3191 0.6202
vn -0.7482 -0.1797 0.6387
vn -0.1493 0.9672 0.2055
vn -0.2930 0.8670 0.4032
vn -0.2032 0.9070 0.3688
vn -0.5822 0.1378 0.8013
vn -0.7166 0.3191 0.6202
vn -0.7482 0.1797 0.6387
vn -0.3684 0.3191 0.8732
vn -0.3762 0.1797 0.9089
vn -0.2416 -0.9672 0.0785
vn -0.4740 -0.8670 0.1540
vn -0.4136 -0.9070 0.0793
vn -0.9420 -0.1378 0.3061
vn -0.8113 -0.3191 0.4898
vn -0.8386 -0.1797 0.5142
vn -0.9443 -0.3191 0.0806
vn -0.9807 -0.1797 0.0769
vn -0.2416 0.9672 0.0785
vn -0.4740 0.8670 0.1540
vn -0.3812 0.9070 0.1789
vn -0.9420 0.1378 0.3061
vn -0.9443 0.3191 0.0806
vn -0.9807 0.1797 0.0769
vn -0.8113 0.3191 0.4898
vn -0.8386 0.1797 0.5142
vn -0.2416 -0.9672 -0.0785
vn -0.4740 -0.8670 -0.1540
vn -0.3812 -0.9070 -0.1789
vn -0.9420 -0.1378 -0.3061
vn -0.9443 -0.3191 -0.0806
vn -0.9807 -0.1797 -0.0769
vn -0.8113 -0.3191 -0.4898
vn -0.8386 -0.1797 -0.5142
vn -0.2416 0.9672 -0.0785
vn -0.4740 0.8670 -0.1540
vn -0.4136 0.9070 -0.0793
vn -0.9420 0.1378 -0.3061
vn -0.8113 0.3191 -0.4898
vn -0.8386 0.1797 -0.5142
vn -0.9443 0.3191 -0.0806
vn -0.9807 0.1797 -0.0769
vn -0.1493 -0.9672 -0.2055
vn -0.2929 -0.8670 -0.4032
vn -0.2032 -0.9070 -0.3688
vn -0.5822 -0.1378 -0.8013
vn -0.7166 -0.3191 -0.6202
vn -0.7482 -0.1797 -0.6387
vn -0.3684 -0.3191 -0.8732
vn -0.3762 -0.1797 -0.9089
vn -0.1493 0.9672 -0.2055
vn -0.2929 0.8670 -0.4032
vn -0.2880 0.9070 -0.3072
vn -0.5822 0.1378 -0.8013
vn -0.3684 0.3191 -0.8732
vn -0.3762 0.1797 -0.9089
vn -0.7166 0.3191 -0.6202
vn -0.7482 0.1797 -0.6387
vn -0.9583 -0.0000 -0.2858
vn -0.8534 -0.0000 -0.5213
vn -0.8959 -0.1175 -0.4285
vn -0.2171 0.3128 -0.9247
vn -0.4053 -0.0000 -0.9142
vn -0.4342 0.2992 -0.8497
vn -0.2171 -0.3128 -0.9247
vn -0.1847 -0.0000 -0.9828
vn 0.9583 -0.0000 -0.2858
vn 0.8534 -0.0000 -0.5213
vn 0.8959 0.1176 -0.4285
vn 0.2171 -0.3128 -0.9247
vn 0.4053 -0.0000 -0.9142
vn 0.4342 -0.2991 -0.8497
vn 0.2171 0.3128 -0.9247
vn 0.1847 -0.0000 -0.9828
vn -0.9652 -0.1841 -0.1858
vn -0.8639 -0.3562 -0.3562
vn -0.9067 -0.3470 -0.2400
vn -0.1346 -0.7007 -0.7007
vn -0.3197 -0.4509 -0.8333
vn -0.1820 -0.4597 -0.8692
vn -0.3170 -0.8309 -0.4572
vn -0.1776 -0.8679 -0.4639
vn 0.9652 -0.1850 -0.1850
vn 0.8639 -0.3562 -0.3562
vn 0.9075 -0.2362 -0.3473
vn 0.1346 -0.7007 -0.7007
vn 0.3197 -0.8333 -0.4509
vn 0.1820 -0.8692 -0.4597
vn 0.3198 -0.4509 -0.8333
vn 0.1820 -0.4597 -0.8692
vn -0.9652 -0.2615 -0.0000
vn -0.8639 -0.5037 -0.0000
vn -0.9067 -0.4150 0.0757
vn -0.1346 -0.9909 -0.0000
vn -0.3170 -0.9109 -0.2643
vn -0.1776 -0.9417 -0.2857
vn -0.3170 -0.9109 0.2643
vn -0.1776 -0.9417 0.2857
vn 0.9583 -0.2858 -0.0000
vn 0.8534 -0.5213 -0.0000
vn 0.8958 -0.4285 -0.1175
vn 0.2170 -0.9247 0.3128
vn 0.4053 -0.9142 -0.0000
vn 0.4342 -0.8497 0.2992
vn 0.2170 -0.9247 -0.3128
vn 0.1845 -0.9828 -0.0000
vn -0.9652 -0.1849 0.1849
vn -0.8639 -0.3562 0.3562
vn -0.9067 -0.2400 0.3470
vn -0.1346 -0.7007 0.7007
vn -0.3170 -0.8309 0.4572
vn -0.1776 -0.8679 0.4639
vn -0.3170 -0.4572 0.8309
vn -0.1776 -0.4639 0.8679
vn 0.9652 -0.1858 0.1841
vn 0.8639 -0.3562 0.3562
vn 0.9075 -0.3473 0.2362
vn 0.1346 -0.7007 0.7007
vn 0.3170 -0.4572 0.8309
vn 0.1776 -0.4639 0.8679
vn 0.3198 -0.8333 0.4509
vn 0.1820 -0.8692 0.4597
vn -0.9652 0.0012 0.2616
vn -0.8639 -0.0000 0.5037
vn -0.9075 0.0785 0.4126
vn -0.1346 -0.0000 0.9909
vn -0.3170 -0.2642 0.9109
vn -0.1776 -0.2857 0.9417
vn -0.3197 0.2704 0.9081
vn -0.1820 0.2896 0.9397
vn 0.9652 -0.0000 0.2614
vn 0.8639 -0.0000 0.5037
vn 0.9067 -0.0757 0.4150
vn 0.1346 -0.0000 0.9909
vn 0.3170 0.2643 0.9109
vn 0.1776 0.2857 0.9417
vn 0.3170 -0.2642 0.9109
vn 0.1776 -0.2857 0.9417
vn -0.9583 0.2021 0.2021
vn -0.8534 0.3686 0.3686
vn -0.8948 0.3881 0.2206
vn -0.2170 0.4327 0.8750
vn -0.4053 0.6464 0.6464
vn -0.4342 0.3893 0.8124
vn -0.2170 0.8750 0.4327
vn -0.1845 0.6950 0.6950
vn 0.9652 0.1849 0.1849
vn 0.8639 0.3562 0.3562
vn 0.9067 0.2400 0.3470
vn 0.1346 0.7007 0.7007
vn 0.3170 0.8309 0.4572
vn 0.1776 0.8679 0.4639
vn 0.3170 0.4572 0.8309
vn 0.1776 0.4639 0.8679
vn -0.9583 0.2858 -0.0000
vn -0.8534 0.5213 -0.0000
vn -0.8959 0.4285 -0.1175
vn -0.2170 0.9247 0.3128
vn -0.4053 0.9142 -0.0000
vn -0.4389 0.8471 0.2996
vn -0.2170 0.9247 -0.3128
vn -0.1845 0.9828 -0.0000
vn 0.9652 0.2614 -0.0000
vn 0.8639 0.5037 -0.0000
vn 0.9067 0.4150 0.0757
vn 0.1346 0.9909 -0.0000
vn 0.3170 0.9109 -0.2642
vn 0.1776 0.9417 -0.2857
vn 0.3170 0.9109 0.2642
vn 0.1776 0.9417 0.2857
vn -0.9652 0.1850 -0.1850
vn -0.8639 0.3562 -0.3562
vn -0.9075 0.2363 -0.3473
vn -0.1346 0.7007 -0.7007
vn -0.3198 0.8333 -0.4509
vn -0.1821 0.8692 -0.4597
vn -0.3197 0.4509 -0.8333
vn -0.1820 0.4597 -0.8692
vn 0.9652 0.1841 -0.1858
vn 0.8639 0.3562 -0.3562
vn 0.9067 0.3470 -0.2399
vn 0.1346 0.7007 -0.7007
vn 0.3197 0.4509 -0.8333
vn 0.1820 0.4597 -0.8692
vn 0.3170 0.8309 -0.4572
vn 0.1776 0.8679 -0.4639
vn 0.1777 -0.9075 -0.3807
vn 0.2409 0.9075 -0.3442
vn 0.4185 -0.9075 -0.0365
vn 0.3807 0.9075 -0.1776
vn 0.3807 -0.9075 0.1777
vn 0.2408 -0.9075 0.3442
vn 0.3442 0.9075 0.2409
vn 0.1776 0.9075 0.3807
vn -0.1777 -0.9075 0.3807
vn -0.0365 0.9075 0.4185
vn -0.3442 -0.9075 0.2409
vn -0.3806 0.9075 0.1776
vn -0.3807 -0.9075 -0.1777
vn -0.4185 0.9075 -0.0365
vn -0.2409 -0.9075 -0.3442
vn -0.3442 0.9075 -0.2409
vn -0.0365 -0.9075 -0.4185
vn -0.1776 0.9075 -0.3807
vn -0.0000 -0.1942 -0.9810
vn 0.3993 -0.3910 -0.8292
vn -0.0000 -0.3910 -0.9204
vn 0.1625 -0.9272 -0.3374
vn -0.0000 -0.9762 -0.2167
vn -0.0000 -0.9272 -0.3744
vn -0.0000 0.1942 -0.9810
vn 0.3993 0.3910 -0.8292
vn 0.4256 0.1942 -0.8838
vn 0.1625 0.9272 -0.3374
vn -0.0000 0.9762 -0.2167
vn 0.0940 0.9762 -0.1952
vn 0.7669 -0.1942 -0.6116
vn 0.4256 -0.1942 -0.8838
vn 0.2928 -0.9272 -0.2335
vn 0.0940 -0.9762 -0.1952
vn 0.7196 0.3910 -0.5738
vn 0.7669 0.1942 -0.6116
vn 0.2927 0.9273 -0.2335
vn 0.1694 0.9762 -0.1351
vn 0.9564 -0.1942 -0.2183
vn 0.7196 -0.3910 -0.5738
vn 0.3651 -0.9272 -0.0833
vn 0.1694 -0.9762 -0.1351
vn 0.8973 0.3910 -0.2048
vn 0.9564 0.1942 -0.2183
vn 0.3650 0.9273 -0.0833
vn 0.2113 0.9762 -0.0482
vn 0.9564 -0.1942 0.2183
vn 0.8973 -0.3910 -0.2048
vn 0.3651 -0.9272 0.0833
vn 0.2113 -0.9762 -0.0482
vn 0.8973 0.3910 0.2048
vn 0.9564 0.1942 0.2183
vn 0.3651 0.9273 0.0833
vn 0.2113 0.9762 0.0482
vn 0.7669 -0.1942 0.6116
vn 0.8973 -0.3910 0.2048
vn 0.2928 -0.9272 0.2335
vn 0.2113 -0.9762 0.0482
vn 0.7196 0.3910 0.5738
vn 0.7669 0.1942 0.6116
vn 0.1694 0.9762 0.1351
vn 0.2928 0.9272 0.2335
vn 0.4256 -0.1942 0.8838
vn 0.7196 -0.3910 0.5738
vn 0.0940 -0.9762 0.1952
vn 0.1694 -0.9762 0.1351
vn 0.4256 0.1942 0.8838
vn 0.3993 0.3910 0.8292
vn 0.0940 0.9762 0.1952
vn 0.1625 0.9272 0.3374
vn -0.0000 -0.1942 0.9810
vn 0.3993 -0.3910 0.8292
vn -0.0000 -0.9272 0.3744
vn 0.1625 -0.9273 0.3374
vn -0.0000 0.3910 0.9204
vn -0.0000 0.1942 0.9810
vn -0.0000 0.9762 0.2167
vn -0.0000 0.9272 0.3744
vn -0.4256 -0.1942 0.8838
vn -0.0000 -0.3910 0.9204
vn -0.0940 -0.9762 0.1952
vn -0.0000 -0.9762 0.2167
vn -0.3993 0.3910 0.8292
vn -0.4256 0.1942 0.8838
vn -0.0940 0.9762 0.1952
vn -0.1625 0.9272 0.3374
vn -0.7196 -0.3910 0.5738
vn -0.3993 -0.3910 0.8292
vn -0.2928 -0.9272 0.2335
vn -0.1625 -0.9273 0.3374
vn -0.7196 0.3910 0.5738
vn -0.7669 0.1942 0.6116
vn -0.1694 0.9762 0.1351
vn -0.2928 0.9272 0.2335
vn -0.9564 -0.1942 0.2183
vn -0.7669 -0.1942 0.6116
vn -0.3651 -0.9272 0.0833
vn -0.1694 -0.9762 0.1351
vn -0.9564 0.1942 0.2183
vn -0.8973 0.3910 0.2048
vn -0.2113 0.9762 0.0482
vn -0.3651 0.9272 0.0833
vn -0.9564 -0.1942 -0.2183
vn -0.8973 -0.3910 0.2048
vn -0.3651 -0.9273 -0.0833
vn -0.2113 -0.9762 0.0482
vn -0.8973 0.3910 -0.2048
vn -0.9564 0.1942 -0.2183
vn -0.2112 0.9762 -0.0482
vn -0.3650 0.9273 -0.0833
vn -0.7196 -0.3910 -0.5738
vn -0.8973 -0.3910 -0.2048
vn -0.1694 -0.9762 -0.1351
vn -0.2113 -0.9762 -0.0482
vn -0.7196 0.3910 -0.5738
vn -0.7669 0.1942 -0.6116
vn -0.1694 0.9762 -0.1351
vn -0.2928 0.9273 -0.2335
vn -0.4256 -0.1942 -0.8838
vn -0.7669 -0.1942 -0.6116
vn -0.1625 -0.9273 -0.3374
vn -0.2928 -0.9272 -0.2335
vn -0.3993 0.3910 -0.8292
vn -0.4256 0.1942 -0.8838
vn -0.0940 0.9762 -0.1952
vn -0.1625 0.9272 -0.3374
vn -0.3993 -0.3910 -0.8292
vn -0.0940 -0.9762 -0.1952
vn -0.0000 0.3910 -0.9204
vn -0.0000 0.9272 -0.3744
vn 0.1625 0.9273 -0.3374
vn 0.2928 0.9272 -0.2335
vn 0.3651 0.9273 -0.0833
vn 0.2112 0.9762 -0.0482
vn 0.3651 -0.9273 0.0833
vn 0.2112 0.9762 0.0482
vn 0.2927 -0.9273 0.2335
vn 0.2112 -0.9762 0.0482
vn -0.2927 0.9273 0.2335
vn -0.2113 0.9762 -0.0482
vn -0.3651 -0.9272 -0.0833
vn -0.2927 0.9273 -0.2335
vn -0.1625 -0.9272 -0.3374
vn 0.1625 0.9273 0.3374
vn 0.1625 -0.9272 0.3374
vn -0.1625 -0.9272 0.3374
vn -0.1625 0.9273 0.3374
vn -0.3651 0.9273 -0.0833
vn -0.2928 0.9272 -0.2335
vn -0.1625 0.9273 -0.3374
vn 0.3651 0.9272 0.0833
vn -0.3791 -0.9152 -0.1369
vn -0.9152 -0.3791 0.1369
vn -0.3791 -0.1369 0.9152
vn -0.9152 0.1369 0.3791
vn -0.3791 0.9152 0.1369
vn -0.9152 0.3791 -0.1369
vn -0.3791 0.1369 -0.9152
vn -0.9152 -0.1369 -0.3791
vn 0.1369 -0.9152 -0.3791
vn -0.1369 0.9152 -0.3791
vn 0.1369 0.3791 -0.9152
vn 0.9152 0.1369 -0.3791
vn 0.3791 -0.1369 -0.9152
vn 0.3791 -0.9152 0.1369
vn 0.9152 -0.3791 -0.1369
vn 0.3791 0.9152 -0.1369
vn 0.9152 0.3791 0.1369
vn 0.3791 0.1369 0.9152
vn 0.9152 -0.1369 0.3791
vn -0.1369 -0.9152 0.3791
vn 0.1369 -0.3791 0.9152
vn 0.1369 0.9152 0.3791
vn -0.1369 -0.3791 -0.9152
vn -0.1369 0.3791 0.9152
vn -0.0535 -0.1867 -0.9810
vn 0.2761 -0.4859 -0.8292
vn -0.1078 -0.3759 -0.9204
vn -0.2556 -0.8913 -0.3744
vn -0.1787 -0.9643 -0.1952
vn -0.2691 -0.9384 -0.2167
vn 0.4627 0.0694 -0.8838
vn 0.1078 0.3759 -0.9204
vn 0.4917 0.2658 -0.8292
vn 0.4118 0.8466 -0.3374
vn 0.2691 0.9384 -0.2167
vn 0.3595 0.9125 -0.1952
vn 0.6837 -0.3981 -0.6116
vn 0.3556 -0.3040 -0.8838
vn 0.0258 -0.9720 -0.2335
vn -0.0994 -0.9361 -0.3374
vn 0.7995 0.1776 -0.5738
vn 0.7908 -0.0247 -0.6116
vn 0.4319 0.8917 -0.1351
vn 0.5370 0.8106 -0.2335
vn 0.7548 -0.6232 -0.2048
vn 0.5839 -0.5742 -0.5738
vn -0.0660 -0.9967 -0.0482
vn -0.1062 -0.9851 -0.1351
vn 0.9703 0.1286 -0.2048
vn 0.9728 -0.0769 -0.2183
vn 0.4722 0.8802 -0.0482
vn 0.6065 0.7907 -0.0833
vn 0.8658 -0.4503 0.2183
vn 0.8658 -0.4503 -0.2183
vn 0.0953 -0.9920 0.0833
vn 0.0953 -0.9920 -0.0833
vn 0.9703 0.1286 0.2048
vn 0.9728 -0.0769 0.2183
vn 0.4722 0.8802 0.0482
vn 0.6065 0.7907 0.0833
vn 0.6837 -0.3981 0.6116
vn 0.7548 -0.6232 0.2048
vn -0.1063 -0.9851 0.1351
vn -0.0661 -0.9967 0.0482
vn 0.7908 -0.0247 0.6116
vn 0.7995 0.1776 0.5739
vn 0.5370 0.8106 0.2335
vn 0.4319 0.8917 0.1351
vn 0.2761 -0.4860 0.8292
vn 0.5839 -0.5742 0.5738
vn -0.0994 -0.9361 0.3374
vn 0.0258 -0.9720 0.2334
vn 0.4916 0.2658 0.8292
vn 0.4627 0.0694 0.8838
vn 0.4118 0.8465 0.3374
vn 0.3595 0.9125 0.1952
vn -0.0535 -0.1867 0.9810
vn 0.3556 -0.3040 0.8838
vn -0.2556 -0.8913 0.3744
vn -0.1787 -0.9643 0.1952
vn 0.1078 0.3759 0.9204
vn 0.0535 0.1867 0.9810
vn 0.2556 0.8913 0.3745
vn 0.2691 0.9384 0.2167
vn -0.4627 -0.0694 0.8838
vn -0.1078 -0.3759 0.9204
vn -0.4118 -0.8465 0.3373
vn -0.2691 -0.9384 0.2167
vn -0.3556 0.3040 0.8838
vn -0.2761 0.4860 0.8292
vn 0.0994 0.9361 0.3373
vn 0.1787 0.9643 0.1952
vn -0.7908 0.0247 0.6116
vn -0.4916 -0.2658 0.8292
vn -0.4319 -0.8917 0.1351
vn -0.3595 -0.9125 0.1952
vn -0.5839 0.5742 0.5738
vn -0.6837 0.3981 0.6116
vn 0.1062 0.9851 0.1351
vn -0.0258 0.9720 0.2335
vn -0.9728 0.0769 0.2183
vn -0.7995 -0.1775 0.5738
vn -0.5370 -0.8106 0.2335
vn -0.4722 -0.8802 0.0482
vn -0.7547 0.6232 0.2048
vn -0.8658 0.4503 0.2183
vn 0.0661 0.9967 0.0482
vn -0.0953 0.9920 0.0833
vn -0.9728 0.0769 -0.2183
vn -0.9703 -0.1286 0.2048
vn -0.6065 -0.7907 -0.0833
vn -0.6065 -0.7907 0.0833
vn -0.7548 0.6232 -0.2048
vn -0.8658 0.4503 -0.2183
vn 0.0660 0.9967 -0.0482
vn -0.0953 0.9920 -0.0833
vn -0.7908 0.0247 -0.6116
vn -0.9703 -0.1286 -0.2048
vn -0.5370 -0.8106 -0.2335
vn -0.4722 -0.8802 -0.0482
vn -0.6837 0.3981 -0.6116
vn -0.5839 0.5742 -0.5738
vn -0.0258 0.9720 -0.2335
vn 0.1062 0.9851 -0.1351
vn -0.4627 -0.0694 -0.8838
vn -0.7995 -0.1776 -0.5738
vn -0.3595 -0.9125 -0.1952
vn -0.4319 -0.8917 -0.1351
vn -0.3556 0.3040 -0.8838
vn -0.2761 0.4859 -0.8292
vn 0.1787 0.9643 -0.1952
vn 0.0994 0.9361 -0.3373
vn -0.4916 -0.2658 -0.8292
vn -0.4117 -0.8466 -0.3374
vn 0.0535 0.1867 -0.9810
vn 0.2556 0.8913 -0.3745
vn 0.4627 -0.0694 -0.8838
vn 0.1078 -0.3759 -0.9204
vn 0.0535 -0.1867 -0.9810
vn 0.4118 -0.8465 -0.3374
vn 0.2691 -0.9384 -0.2167
vn 0.2556 -0.8913 -0.3744
vn 0.3556 0.3040 -0.8838
vn -0.1078 0.3759 -0.9204
vn 0.2761 0.4860 -0.8292
vn -0.2556 0.8913 -0.3745
vn -0.1787 0.9643 -0.1952
vn -0.0994 0.9361 -0.3373
vn 0.7908 0.0247 -0.6116
vn 0.4916 -0.2658 -0.8292
vn 0.5370 -0.8106 -0.2335
vn 0.3595 -0.9125 -0.1952
vn 0.5839 0.5742 -0.5738
vn 0.6837 0.3981 -0.6116
vn 0.0259 0.9720 -0.2335
vn -0.1062 0.9851 -0.1351
vn 0.9728 0.0769 -0.2183
vn 0.7995 -0.1775 -0.5738
vn 0.4722 -0.8802 -0.0482
vn 0.4319 -0.8917 -0.1351
vn 0.7547 0.6232 -0.2048
vn 0.8658 0.4503 -0.2183
vn -0.0660 0.9967 -0.0482
vn 0.0953 0.9920 -0.0833
vn 0.9728 0.0769 0.2183
vn 0.9703 -0.1286 -0.2048
vn 0.6065 -0.7907 0.0833
vn 0.6065 -0.7907 -0.0833
vn 0.7548 0.6232 0.2048
vn 0.8658 0.4503 0.2183
vn -0.0660 0.9967 0.0482
vn 0.0953 0.9920 0.0833
vn 0.7908 0.0247 0.6116
vn 0.9703 -0.1286 0.2048
vn 0.5370 -0.8106 0.2335
vn 0.4721 -0.8802 0.0482
vn 0.5839 0.5742 0.5738
vn 0.6837 0.3981 0.6116
vn 0.0258 0.9720 0.2335
vn -0.1062 0.9851 0.1351
vn 0.4627 -0.0694 0.8838
vn 0.7995 -0.1776 0.5738
vn 0.3595 -0.9125 0.1952
vn 0.4319 -0.8917 0.1351
vn 0.3556 0.3040 0.8838
vn 0.2761 0.4860 0.8292
vn -0.0994 0.9361 0.3373
vn -0.1787 0.9643 0.1952
vn 0.0535 -0.1867 0.9810
vn 0.4916 -0.2658 0.8292
vn 0.4118 -0.8466 0.3374
vn 0.2691 -0.9384 0.2167
vn -0.1078 0.3759 0.9204
vn -0.0535 0.1867 0.9810
vn -0.2691 0.9384 0.2167
vn -0.2556 0.8913 0.3745
vn -0.3556 -0.3040 0.8838
vn 0.1078 -0.3759 0.9204
vn 0.2556 -0.8913 0.3744
vn 0.1787 -0.9643 0.1952
vn -0.4627 0.0694 0.8838
vn -0.4917 0.2658 0.8292
vn -0.4117 0.8466 0.3374
vn -0.3595 0.9125 0.1952
vn -0.6837 -0.3981 0.6116
vn -0.2761 -0.4860 0.8292
vn -0.0258 -0.9720 0.2335
vn 0.0994 -0.9361 0.3374
vn -0.7995 0.1776 0.5738
vn -0.7908 -0.0247 0.6116
vn -0.5370 0.8106 0.2335
vn -0.4319 0.8917 0.1351
vn -0.8658 -0.4503 0.2183
vn -0.5839 -0.5742 0.5738
vn -0.0953 -0.9920 0.0833
vn 0.1062 -0.9851 0.1351
vn -0.9703 0.1286 0.2048
vn -0.9728 -0.0769 0.2183
vn -0.4722 0.8802 0.0482
vn -0.6065 0.7907 0.0833
vn -0.8658 -0.4503 -0.2183
vn -0.7548 -0.6232 0.2048
vn -0.0953 -0.9920 -0.0833
vn 0.0660 -0.9967 0.0482
vn -0.9703 0.1286 -0.2048
vn -0.9728 -0.0769 -0.2183
vn -0.4721 0.8802 -0.0482
vn -0.6065 0.7907 -0.0833
vn -0.6837 -0.3981 -0.6116
vn -0.7548 -0.6232 -0.2048
vn -0.0258 -0.9720 -0.2334
vn 0.0660 -0.9967 -0.0482
vn -0.7908 -0.0247 -0.6116
vn -0.7995 0.1775 -0.5738
vn -0.5370 0.8106 -0.2335
vn -0.4319 0.8917 -0.1351
vn -0.3556 -0.3040 -0.8838
vn -0.5839 -0.5742 -0.5738
vn 0.0994 -0.9361 -0.3374
vn 0.1063 -0.9851 -0.1351
vn -0.4627 0.0694 -0.8838
vn -0.4916 0.2658 -0.8292
vn -0.3595 0.9125 -0.1952
vn -0.4118 0.8465 -0.3373
vn -0.2761 -0.4860 -0.8292
vn 0.1787 -0.9643 -0.1952
vn -0.0535 0.1867 -0.9810
vn -0.2691 0.9384 -0.2167
vn 0.6979 0.3716 -0.6123
vn 0.3667 0.3716 -0.8529
vn 0.7512 -0.0000 -0.6601
vn 0.5444 0.3770 -0.7493
vn 0.3957 -0.0000 -0.9184
vn 0.5444 -0.3770 -0.7493
vn 0.5878 -0.0000 -0.8090
vn 0.6979 -0.3716 -0.6123
vn 0.3667 -0.3716 -0.8529
vn 0.9245 0.3716 -0.0852
vn 0.7980 0.3716 -0.4745
vn 0.9957 -0.0000 -0.0925
vn 0.8809 0.3770 -0.2862
vn 0.8599 -0.0000 -0.5104
vn 0.8809 -0.3770 -0.2862
vn 0.9511 -0.0000 -0.3090
vn 0.9245 -0.3716 -0.0852
vn 0.7980 -0.3716 -0.4745
vn 0.7980 0.3716 0.4745
vn 0.9245 0.3716 0.0852
vn 0.8599 -0.0000 0.5104
vn 0.8809 0.3770 0.2862
vn 0.9957 -0.0000 0.0925
vn 0.8809 -0.3770 0.2862
vn 0.9511 -0.0000 0.3090
vn 0.7980 -0.3716 0.4745
vn 0.9245 -0.3716 0.0852
vn 0.3667 0.3716 0.8529
vn 0.6979 0.3716 0.6123
vn 0.3957 -0.0000 0.9184
vn 0.5444 0.3770 0.7493
vn 0.7512 -0.0000 0.6601
vn 0.5444 -0.3770 0.7493
vn 0.5878 -0.0000 0.8090
vn 0.3667 -0.3716 0.8529
vn 0.6979 -0.3716 0.6123
vn -0.2047 0.3716 0.9055
vn 0.2047 0.3716 0.9055
vn -0.2197 -0.0000 0.9756
vn -0.0000 0.3770 0.9262
vn 0.2197 -0.0000 0.9756
vn -0.0000 -0.3770 0.9262
vn -0.2047 -0.3716 0.9055
vn 0.2047 -0.3716 0.9055
vn -0.6979 0.3716 0.6123
vn -0.3667 0.3716 0.8529
vn -0.7512 -0.0000 0.6601
vn -0.5444 0.3770 0.7493
vn -0.3957 -0.0000 0.9184
vn -0.5444 -0.3770 0.7493
vn -0.5878 -0.0000 0.8090
vn -0.6979 -0.3716 0.6123
vn -0.3667 -0.3716 0.8529
vn -0.9245 0.3716 0.0852
vn -0.7980 0.3716 0.4745
vn -0.9957 -0.0000 0.0925
vn -0.8809 0.3770 0.2862
vn -0.8599 -0.0000 0.5104
vn -0.8809 -0.3770 0.2862
vn -0.9511 -0.0000 0.3090
vn -0.9245 -0.3716 0.0852
vn -0.7980 -0.3716 0.4745
vn -0.7980 0.3716 -0.4745
vn -0.9245 0.3716 -0.0852
vn -0.8599 -0.0000 -0.5104
vn -0.8809 0.3770 -0.2862
vn -0.9957 -0.0000 -0.0925
vn -0.8809 -0.3770 -0.2862
vn -0.9511 -0.0000 -0.3090
vn -0.7980 -0.3716 -0.4745
vn -0.9245 -0.3716 -0.0852
vn -0.3667 0.3716 -0.8529
vn -0.6979 0.3716 -0.6123
vn -0.3957 -0.0000 -0.9184
vn -0.5444 0.3770 -0.7493
vn -0.7512 -0.0000 -0.6601
vn -0.5444 -0.3770 -0.7493
vn -0.5878 -0.0000 -0.8090
vn -0.3667 -0.3716 -0.8529
vn -0.6979 -0.3716 -0.6123
vn 0.2047 0.3716 -0.9055
vn -0.2047 0.3716 -0.9055
vn 0.2197 -0.0000 -0.9756
vn -0.0000 0.3770 -0.9262
vn -0.2197 -0.0000 -0.9756
vn -0.0000 -0.3770 -0.9262
vn 0.2047 -0.3716 -0.9055
vn -0.2047 -0.3716 -0.9055
vn 0.2047 0.3716 -0.9056
vn 0.3854 -0.2652 -0.8838
vn -0.0679 -0.3851 -0.9204
vn -0.0337 -0.1913 -0.9810
vn -0.1610 -0.9132 -0.3744
vn -0.0769 -0.9777 -0.1952
vn -0.1695 -0.9614 -0.2167
vn 0.4529 0.1173 -0.8838
vn 0.0679 0.3851 -0.9204
vn 0.4612 0.3157 -0.8292
vn 0.1610 0.9132 -0.3744
vn 0.2621 0.9451 -0.1952
vn 0.3210 0.8850 -0.3373
vn 0.7216 -0.3244 -0.6116
vn 0.3254 -0.4544 -0.8292
vn 0.1273 -0.9640 -0.2335
vn -0.0010 -0.9414 -0.3374
vn 0.7766 0.2601 -0.5738
vn 0.7890 0.0581 -0.6116
vn 0.4493 0.8623 -0.2335
vn 0.3364 0.9320 -0.1351
vn 0.9081 -0.3573 -0.2183
vn 0.6407 -0.5101 -0.5738
vn 0.1985 -0.9766 -0.0833
vn -0.0027 -0.9908 -0.1351
vn 0.9756 0.0252 -0.2183
vn 0.9516 0.2293 -0.2048
vn 0.3776 0.9247 -0.0482
vn 0.5206 0.8498 -0.0833
vn 0.9081 -0.3573 0.2183
vn 0.8158 -0.5409 -0.2048
vn 0.1985 -0.9766 0.0833
vn 0.0385 -0.9981 -0.0482
vn 0.9516 0.2293 0.2048
vn 0.9756 0.0252 0.2183
vn 0.3776 0.9247 0.0482
vn 0.5205 0.8498 0.0833
vn 0.6407 -0.5100 0.5738
vn 0.8158 -0.5409 0.2048
vn -0.0027 -0.9908 0.1351
vn 0.0385 -0.9981 0.0482
vn 0.7765 0.2602 0.5738
vn 0.7890 0.0581 0.6116
vn 0.3364 0.9320 0.1351
vn 0.4493 0.8623 0.2335
vn 0.3854 -0.2652 0.8838
vn 0.7216 -0.3244 0.6116
vn 0.1273 -0.9640 0.2335
vn -0.0769 -0.9777 0.1952
vn 0.4529 0.1173 0.8838
vn 0.4612 0.3157 0.8292
vn 0.2621 0.9451 0.1952
vn 0.3210 0.8850 0.3373
vn -0.0337 -0.1913 0.9810
vn 0.3254 -0.4544 0.8292
vn -0.0010 -0.9414 0.3374
vn -0.1695 -0.9614 0.2167
vn 0.0679 0.3851 0.9204
vn 0.0337 0.1913 0.9810
vn 0.1695 0.9614 0.2167
vn 0.1610 0.9132 0.3745
vn -0.4612 -0.3158 0.8292
vn -0.0679 -0.3851 0.9204
vn -0.3210 -0.8850 0.3374
vn -0.1610 -0.9132 0.3745
vn -0.3254 0.4544 0.8292
vn -0.3854 0.2652 0.8838
vn 0.0010 0.9414 0.3374
vn 0.0769 0.9777 0.1953
vn -0.7890 -0.0581 0.6116
vn -0.4529 -0.1174 0.8838
vn -0.3364 -0.9320 0.1351
vn -0.2621 -0.9451 0.1952
vn -0.7216 0.3245 0.6116
vn -0.6407 0.5101 0.5739
vn 0.0027 0.9908 0.1351
vn -0.1273 0.9640 0.2335
vn -0.9756 -0.0252 0.2183
vn -0.7766 -0.2601 0.5738
vn -0.5205 -0.8498 0.0833
vn -0.4493 -0.8623 0.2335
vn -0.9081 0.3573 0.2183
vn -0.8158 0.5409 0.2048
vn -0.1984 0.9766 0.0833
vn -0.0385 0.9981 0.0482
vn -0.9756 -0.0252 -0.2183
vn -0.9516 -0.2293 0.2048
vn -0.5205 -0.8498 -0.0833
vn -0.3776 -0.9247 0.0482
vn -0.8158 0.5409 -0.2048
vn -0.9081 0.3573 -0.2183
vn -0.1985 0.9766 -0.0833
vn -0.0385 0.9981 -0.0482
vn -0.7765 -0.2601 -0.5739
vn -0.9516 -0.2293 -0.2048
vn -0.3364 -0.9320 -0.1351
vn -0.3776 -0.9247 -0.0482
vn -0.7216 0.3244 -0.6116
vn -0.6408 0.5100 -0.5738
vn -0.1273 0.9640 -0.2334
vn 0.0027 0.9908 -0.1351
vn -0.4529 -0.1174 -0.8838
vn -0.7890 -0.0581 -0.6116
vn -0.3210 -0.8850 -0.3374
vn -0.4493 -0.8623 -0.2335
vn -0.3254 0.4544 -0.8292
vn -0.3854 0.2652 -0.8838
vn 0.0769 0.9777 -0.1952
vn 0.0010 0.9414 -0.3374
vn -0.4612 -0.3158 -0.8292
vn -0.2621 -0.9451 -0.1952
vn 0.0337 0.1913 -0.9810
vn 0.1695 0.9614 -0.2167
vn 0.0337 -0.1913 -0.9810
vn 0.4612 -0.3158 -0.8292
vn 0.0679 -0.3851 -0.9204
vn 0.3210 -0.8850 -0.3374
vn 0.1695 -0.9614 -0.2167
vn 0.1610 -0.9132 -0.3744
vn -0.0337 0.1913 -0.9810
vn 0.3254 0.4544 -0.8292
vn 0.3854 0.2652 -0.8838
vn -0.0010 0.9414 -0.3374
vn -0.1695 0.9614 -0.2167
vn -0.0769 0.9777 -0.1952
vn 0.4529 -0.1174 -0.8838
vn 0.7765 -0.2601 -0.5739
vn 0.3364 -0.9320 -0.1351
vn 0.2621 -0.9451 -0.1952
vn 0.7216 0.3245 -0.6116
vn 0.6407 0.5101 -0.5739
vn 0.1273 0.9640 -0.2335
vn -0.0027 0.9908 -0.1351
vn 0.7890 -0.0581 -0.6116
vn 0.9516 -0.2293 -0.2048
vn 0.5205 -0.8498 -0.0833
vn 0.4493 -0.8623 -0.2335
vn 0.9081 0.3573 -0.2183
vn 0.8158 0.5409 -0.2048
vn 0.1984 0.9766 -0.0833
vn 0.0385 0.9981 -0.0482
vn 0.9756 -0.0252 0.2183
vn 0.9756 -0.0252 -0.2183
vn 0.5205 -0.8498 0.0833
vn 0.3776 -0.9247 -0.0482
vn 0.8158 0.5409 0.2048
vn 0.9081 0.3573 0.2183
vn 0.1985 0.9765 0.0833
vn 0.0386 0.9981 0.0482
vn 0.7765 -0.2601 0.5739
vn 0.9516 -0.2293 0.2048
vn 0.3363 -0.9320 0.1351
vn 0.3776 -0.9247 0.0482
vn 0.7216 0.3244 0.6116
vn 0.6408 0.5100 0.5739
vn -0.0027 0.9908 0.1351
vn 0.1272 0.9640 0.2334
vn 0.4529 -0.1174 0.8838
vn 0.7890 -0.0581 0.6116
vn 0.4493 -0.8623 0.2335
vn 0.2621 -0.9451 0.1952
vn 0.3254 0.4544 0.8292
vn 0.3854 0.2652 0.8838
vn -0.0769 0.9777 0.1952
vn -0.0010 0.9414 0.3374
vn 0.0337 -0.1913 0.9810
vn 0.4612 -0.3158 0.8292
vn 0.3210 -0.8849 0.3374
vn 0.1695 -0.9614 0.2167
vn -0.0337 0.1913 0.9810
vn -0.0679 0.3851 0.9204
vn -0.1695 0.9614 0.2167
vn -0.1610 0.9132 0.3744
vn -0.3254 -0.4544 0.8292
vn 0.0679 -0.3851 0.9204
vn 0.0010 -0.9414 0.3374
vn 0.1610 -0.9132 0.3745
vn -0.4529 0.1173 0.8838
vn -0.4612 0.3157 0.8292
vn -0.2621 0.9451 0.1952
vn -0.3210 0.8850 0.3373
vn -0.3854 -0.2652 0.8838
vn -0.6407 -0.5100 0.5738
vn -0.1273 -0.9640 0.2335
vn 0.0769 -0.9777 0.1952
vn -0.7766 0.2601 0.5738
vn -0.7890 0.0581 0.6116
vn -0.4494 0.8623 0.2335
vn -0.3364 0.9320 0.1351
vn -0.9081 -0.3573 0.2183
vn -0.7216 -0.3244 0.6116
vn -0.1985 -0.9766 0.0833
vn 0.0027 -0.9908 0.1351
vn -0.9756 0.0252 0.2183
vn -0.9516 0.2293 0.2048
vn -0.5206 0.8498 0.0833
vn -0.3776 0.9247 0.0482
vn -0.9081 -0.3573 -0.2183
vn -0.8158 -0.5409 0.2048
vn -0.1985 -0.9766 -0.0833
vn -0.0385 -0.9981 0.0482
vn -0.9516 0.2293 -0.2048
vn -0.9756 0.0252 -0.2183
vn -0.3776 0.9247 -0.0482
vn -0.5205 0.8498 -0.0833
vn -0.6407 -0.5101 -0.5738
vn -0.8158 -0.5409 -0.2048
vn -0.1273 -0.9640 -0.2335
vn -0.0385 -0.9981 -0.0482
vn -0.7765 0.2602 -0.5738
vn -0.7890 0.0581 -0.6116
vn -0.3364 0.9320 -0.1351
vn -0.4493 0.8623 -0.2335
vn -0.7216 -0.3244 -0.6116
vn -0.3254 -0.4544 -0.8292
vn 0.0769 -0.9777 -0.1952
vn 0.0027 -0.9908 -0.1351
vn -0.4529 0.1174 -0.8838
vn -0.4612 0.3157 -0.8292
vn -0.2621 0.9451 -0.1952
vn -0.3210 0.8850 -0.3373
vn -0.3854 -0.2652 -0.8838
vn 0.0010 -0.9414 -0.3374
vn -0.0679 0.3851 -0.9204
vn -0.1610 0.9132 -0.3744
vn 0.7507 -0.0000 -0.6607
vn 0.3964 -0.0000 -0.9181
vn 0.9956 -0.0000 -0.0933
vn 0.8603 -0.0000 -0.5098
vn 0.6271 0.7518 -0.2037
vn 0.3022 0.8578 -0.4159
vn 0.4889 0.8578 -0.1588
vn 0.2016 0.9393 -0.2775
vn 0.3262 0.9393 -0.1060
vn 0.6271 -0.7518 -0.2037
vn 0.3022 -0.8578 -0.4159
vn 0.3876 -0.7518 -0.5334
vn 0.4889 -0.8578 -0.1589
vn 0.2016 -0.9393 -0.2775
vn 0.8603 -0.0000 0.5098
vn 0.9956 -0.0000 0.0933
vn 0.6271 -0.7518 0.2037
vn 0.4889 -0.8578 0.1588
vn 0.3262 -0.9393 -0.1060
vn 0.3262 0.9393 0.1060
vn 0.4889 0.8578 0.1589
vn 0.3964 -0.0000 0.9181
vn 0.7507 -0.0000 0.6607
vn 0.3022 -0.8578 0.4159
vn 0.3262 -0.9393 0.1060
vn 0.3021 0.8578 0.4159
vn 0.6271 0.7518 0.2037
vn -0.2190 -0.0000 0.9757
vn 0.2190 -0.0000 0.9757
vn 0.3876 -0.7518 0.5334
vn -0.0000 -0.8578 0.5141
vn -0.0000 -0.9393 0.3430
vn 0.2016 -0.9393 0.2775
vn -0.0000 0.9393 0.3430
vn 0.2016 0.9393 0.2775
vn -0.0000 0.8578 0.5141
vn 0.3876 0.7518 0.5334
vn -0.7507 -0.0000 0.6607
vn -0.3964 -0.0000 0.9181
vn -0.3022 0.8578 0.4159
vn -0.0000 0.7518 0.6593
vn -0.3022 -0.8578 0.4159
vn -0.2016 -0.9393 0.2775
vn -0.3876 -0.7518 0.5334
vn -0.9956 -0.0000 0.0933
vn -0.8603 -0.0000 0.5097
vn -0.2016 0.9393 0.2775
vn -0.4889 0.8578 0.1589
vn -0.6271 0.7518 0.2037
vn -0.3875 0.7518 0.5334
vn -0.4889 -0.8578 0.1589
vn -0.3262 -0.9393 0.1060
vn -0.6271 -0.7518 0.2037
vn -0.8603 -0.0000 -0.5097
vn -0.9956 -0.0000 -0.0933
vn -0.4889 -0.8578 -0.1589
vn -0.3262 -0.9393 -0.1060
vn -0.6271 -0.7518 -0.2037
vn -0.6271 0.7518 -0.2037
vn -0.4889 0.8578 -0.1588
vn -0.3262 0.9393 -0.1060
vn -0.3964 -0.0000 -0.9181
vn -0.7507 -0.0000 -0.6607
vn -0.3022 -0.8578 -0.4159
vn -0.2016 -0.9393 -0.2775
vn -0.3876 -0.7518 -0.5334
vn -0.3022 0.8578 -0.4159
vn -0.3876 0.7518 -0.5334
vn -0.2016 0.9393 -0.2775
vn 0.2190 -0.0000 -0.9757
vn -0.2190 -0.0000 -0.9757
vn -0.0000 -0.8578 -0.5141
vn -0.0000 -0.9393 -0.3430
vn -0.0000 -0.7518 -0.6593
vn -0.0000 0.8578 -0.5141
vn -0.0000 0.7518 -0.6593
vn -0.0000 0.9393 -0.3430
vn 0.3876 0.7518 -0.5334
vn 0.4889 0.8578 -0.1589
vn 0.8603 -0.0000 0.5097
vn 0.4889 0.8578 0.1588
vn 0.3022 0.8578 0.4159
vn -0.0000 -0.7518 0.6593
vn 0.3875 -0.7518 0.5334
vn -0.3021 0.8578 0.4159
vn -0.8603 -0.0000 0.5098
vn -0.3262 0.9393 0.1060
vn -0.8603 -0.0000 -0.5098
vn -0.4889 -0.8578 -0.1588
vn -0.3790 -0.9152 -0.1369
vn -0.3790 0.9152 0.1369
vn -0.1368 -0.9152 0.3791
vn -0.9152 -0.3791 0.1368
vn -0.9152 0.3791 -0.1368
vn 0.9152 0.3791 0.1368
vn 0.3791 -0.9152 0.1368
vn 0.9152 -0.3791 -0.1368
vn 0.3790 -0.9152 0.1369
vn 0.0365 0.9075 -0.4185
vn 0.3442 -0.9075 -0.2409
vn 0.2408 0.9075 -0.3442
vn 0.4185 0.9075 0.0365
vn 0.2409 -0.9075 0.3442
vn 0.1777 0.9075 0.3807
vn -0.2409 0.9075 0.3442
vn -0.4185 -0.9075 0.0365
vn -0.2408 -0.9075 -0.3442
vn -0.3791 -0.9152 -0.1368
vn -0.3791 0.9152 0.1368
vn -0.3791 0.1368 -0.9152
vn 0.1368 -0.9152 -0.3791
vn -0.1368 0.9152 -0.3791
vn 0.9152 0.1368 -0.3791
vn 0.3791 0.9152 -0.1368
vn 0.9152 -0.1368 0.3791
vn -0.1368 -0.3791 -0.9152
vn 0.1368 -0.3791 0.9152
vn 0.1368 0.9152 0.3791
vn 0.2416 0.4802 -0.8432
vn -0.2416 0.4802 -0.8433
vn 0.2728 -0.0000 -0.9621
vn -0.0000 0.4884 -0.8726
vn -0.2728 -0.0000 -0.9621
vn -0.0000 -0.4884 -0.8726
vn 0.2416 -0.4802 -0.8432
vn -0.2416 -0.4802 -0.8432
vn 0.7671 0.4802 -0.4254
vn 0.4254 0.4802 -0.7671
vn 0.8732 -0.0000 -0.4874
vn 0.6170 0.4884 -0.6171
vn 0.4874 -0.0000 -0.8732
vn 0.6170 -0.4884 -0.6171
vn 0.7071 -0.0000 -0.7071
vn 0.7671 -0.4802 -0.4254
vn 0.4254 -0.4802 -0.7671
vn 0.8433 0.4802 0.2416
vn 0.8432 0.4802 -0.2416
vn 0.9621 -0.0000 0.2728
vn 0.8726 0.4884 -0.0000
vn 0.9621 -0.0000 -0.2728
vn 0.8726 -0.4884 -0.0000
vn 0.8433 -0.4802 0.2416
vn 0.8433 -0.4802 -0.2416
vn 0.4254 0.4802 0.7671
vn 0.7671 0.4802 0.4254
vn 0.4874 -0.0000 0.8732
vn 0.6171 0.4884 0.6170
vn 0.8732 -0.0000 0.4874
vn 0.6171 -0.4884 0.6170
vn 0.7071 -0.0000 0.7071
vn 0.4254 -0.4802 0.7671
vn 0.7671 -0.4802 0.4254
vn -0.2416 0.4802 0.8432
vn 0.2416 0.4802 0.8433
vn -0.2728 -0.0000 0.9621
vn -0.0000 0.4884 0.8726
vn 0.2728 -0.0000 0.9621
vn -0.0000 -0.4884 0.8726
vn -0.2416 -0.4802 0.8432
vn 0.2416 -0.4802 0.8432
vn -0.7671 0.4802 0.4254
vn -0.4254 0.4802 0.7671
vn -0.8732 -0.0000 0.4874
vn -0.6170 0.4884 0.6170
vn -0.4874 -0.0000 0.8732
vn -0.6170 -0.4884 0.6171
vn -0.7071 -0.0000 0.7071
vn -0.7671 -0.4802 0.4254
vn -0.4254 -0.4802 0.7671
vn -0.8433 0.4802 -0.2416
vn -0.8432 0.4802 0.2416
vn -0.9621 -0.0000 -0.2728
vn -0.8726 0.4884 -0.0000
vn -0.9621 -0.0000 0.2728
vn -0.8726 -0.4884 -0.0000
vn -0.8433 -0.4802 -0.2416
vn -0.8433 -0.4802 0.2416
vn -0.4254 0.4802 -0.7671
vn -0.7671 0.4802 -0.4254
vn -0.4874 -0.0000 -0.8732
vn -0.6171 0.4884 -0.6170
vn -0.8732 -0.0000 -0.4874
vn -0.6171 -0.4884 -0.6170
vn -0.7071 -0.0000 -0.7071
vn -0.4254 -0.4802 -0.7671
vn -0.7671 -0.4802 -0.4254
vn 0.2416 0.4802 0.8432
vn -0.3791 -0.1368 0.9152
vn 0.3792 -0.9151 0.1368
vn -0.3790 -0.9152 -0.1368
vn 0.1368 0.3791 -0.9152
vn 0.7671 0.4801 -0.4254
vn 0.4254 0.4801 -0.7671
vn 0.6171 0.4883 -0.6171
vn 0.6171 -0.4883 -0.6171
vn 0.7671 -0.4801 -0.4254
vn 0.4254 -0.4801 -0.7671
vn 0.8433 0.4801 0.2416
vn 0.8433 0.4801 -0.2416
vn 0.8727 0.4883 -0.0000
vn 0.8727 -0.4883 -0.0000
vn 0.8433 -0.4801 0.2416
vn 0.8433 -0.4801 -0.2416
vn 0.4254 0.4801 0.7671
vn 0.7671 0.4801 0.4254
vn 0.6171 0.4883 0.6171
vn 0.6171 -0.4883 0.6171
vn 0.4254 -0.4801 0.7671
vn 0.7671 -0.4801 0.4254
vn -0.2416 0.4801 0.8433
vn 0.2416 0.4801 0.8433
vn -0.0000 0.4883 0.8727
vn -0.0000 -0.4883 0.8727
vn -0.2416 -0.4801 0.8433
vn 0.2416 -0.4801 0.8433
vn -0.7671 0.4801 0.4254
vn -0.4254 0.4801 0.7671
vn -0.6171 0.4883 0.6171
vn -0.6171 -0.4883 0.6171
vn -0.7671 -0.4801 0.4254
vn -0.4254 -0.4801 0.7671
vn -0.8433 0.4801 -0.2416
vn -0.8433 0.4801 0.2416
vn -0.8727 0.4883 -0.0000
vn -0.8727 -0.4883 -0.0000
vn -0.8433 -0.4801 -0.2416
vn -0.8433 -0.4801 0.2416
vn -0.4254 0.4801 -0.7671
vn -0.7671 0.4801 -0.4254
vn -0.6171 0.4883 -0.6171
vn -0.6171 -0.4883 -0.6171
vn -0.4254 -0.4801 -0.7671
vn -0.7671 -0.4801 -0.4254
vn 0.2416 0.4801 -0.8433
vn -0.2416 0.4801 -0.8433
vn -0.0000 0.4883 -0.8727
vn -0.0000 -0.4883 -0.8727
vn 0.2416 -0.4801 -0.8433
vn -0.2416 -0.4801 -0.8433
vn 0.3790 -0.9152 0.1368
vn 0.4256 0.8838 -0.1942
vn -0.0000 0.9204 -0.3911
vn -0.0000 0.9810 -0.1942
vn -0.0000 0.3745 -0.9272
vn 0.0940 0.1952 -0.9762
vn -0.0000 0.2167 -0.9762
vn 0.4256 0.8838 0.1942
vn -0.0000 0.9204 0.3911
vn 0.3993 0.8292 0.3911
vn -0.0000 0.3745 0.9272
vn 0.0940 0.1952 0.9762
vn 0.1625 0.3374 0.9272
vn 0.7196 0.5738 -0.3911
vn 0.3993 0.8292 -0.3911
vn 0.2928 0.2335 -0.9272
vn 0.1625 0.3374 -0.9272
vn 0.7669 0.6116 0.1942
vn 0.7196 0.5738 0.3911
vn 0.1694 0.1351 0.9762
vn 0.2928 0.2335 0.9272
vn 0.9564 0.2183 -0.1942
vn 0.7669 0.6116 -0.1942
vn 0.3651 0.0833 -0.9272
vn 0.1694 0.1351 -0.9762
vn 0.9564 0.2183 0.1942
vn 0.8973 0.2048 0.3910
vn 0.2113 0.0482 0.9762
vn 0.3651 0.0833 0.9272
vn 0.9564 -0.2183 -0.1942
vn 0.8973 0.2048 -0.3910
vn 0.3651 -0.0833 -0.9273
vn 0.2113 0.0482 -0.9762
vn 0.8973 -0.2048 0.3910
vn 0.9564 -0.2183 0.1942
vn 0.2113 -0.0482 0.9762
vn 0.3651 -0.0833 0.9272
vn 0.7669 -0.6116 -0.1942
vn 0.8973 -0.2048 -0.3910
vn 0.2927 -0.2335 -0.9272
vn 0.2112 -0.0482 -0.9762
vn 0.7196 -0.5738 0.3910
vn 0.7669 -0.6116 0.1942
vn 0.1694 -0.1351 0.9762
vn 0.2928 -0.2335 0.9272
vn 0.4256 -0.8838 -0.1942
vn 0.7196 -0.5739 -0.3910
vn 0.1625 -0.3374 -0.9273
vn 0.1694 -0.1351 -0.9762
vn 0.4256 -0.8838 0.1942
vn 0.3993 -0.8292 0.3910
vn 0.1625 -0.3374 0.9272
vn 0.0940 -0.1952 0.9762
vn -0.0000 -0.9204 -0.3910
vn 0.3993 -0.8292 -0.3910
vn -0.0000 -0.3744 -0.9272
vn 0.0940 -0.1952 -0.9762
vn -0.0000 -0.9204 0.3910
vn -0.0000 -0.9810 0.1942
vn -0.0000 -0.3744 0.9272
vn -0.0000 -0.2167 0.9762
vn -0.4256 -0.8838 -0.1942
vn -0.0000 -0.9810 -0.1942
vn -0.1625 -0.3373 -0.9273
vn -0.0000 -0.2167 -0.9762
vn -0.3993 -0.8292 0.3910
vn -0.4256 -0.8838 0.1942
vn -0.0940 -0.1952 0.9762
vn -0.1625 -0.3374 0.9272
vn -0.7196 -0.5739 -0.3910
vn -0.3993 -0.8292 -0.3910
vn -0.1694 -0.1351 -0.9762
vn -0.0940 -0.1952 -0.9762
vn -0.7196 -0.5738 0.3910
vn -0.7669 -0.6116 0.1942
vn -0.1694 -0.1351 0.9762
vn -0.2928 -0.2335 0.9272
vn -0.7669 -0.6116 -0.1942
vn -0.8973 -0.2048 -0.3910
vn -0.3651 -0.0833 -0.9273
vn -0.2928 -0.2335 -0.9272
vn -0.8973 -0.2048 0.3910
vn -0.9564 -0.2183 0.1942
vn -0.3651 -0.0833 0.9272
vn -0.2113 -0.0482 0.9762
vn -0.9564 0.2183 -0.1942
vn -0.9564 -0.2183 -0.1942
vn -0.3651 0.0833 -0.9273
vn -0.2113 -0.0482 -0.9762
vn -0.8973 0.2048 0.3910
vn -0.9564 0.2183 0.1942
vn -0.2113 0.0482 0.9762
vn -0.3651 0.0833 0.9272
vn -0.7669 0.6116 -0.1942
vn -0.8973 0.2048 -0.3910
vn -0.1694 0.1351 -0.9762
vn -0.2113 0.0482 -0.9762
vn -0.7669 0.6116 0.1942
vn -0.7196 0.5738 0.3911
vn -0.1694 0.1351 0.9762
vn -0.2928 0.2335 0.9272
vn -0.4256 0.8838 -0.1942
vn -0.7196 0.5738 -0.3910
vn -0.2928 0.2335 -0.9273
vn -0.0940 0.1952 -0.9762
vn -0.3993 0.8292 0.3911
vn -0.4256 0.8838 0.1942
vn -0.1625 0.3374 0.9272
vn -0.0940 0.1952 0.9762
vn -0.3993 0.8292 -0.3911
vn -0.1625 0.3374 -0.9272
vn -0.0000 0.9810 0.1942
vn -0.0000 0.2167 0.9762
vn 0.2032 -0.9070 -0.3688
vn 0.4135 -0.9070 0.0793
vn 0.4136 0.9070 -0.0793
vn 0.2032 0.9070 0.3688
vn -0.2032 -0.9070 0.3688
vn -0.0524 0.9070 0.4178
vn -0.3812 -0.9070 0.1789
vn -0.2880 0.9070 0.3072
vn -0.4135 -0.9070 -0.0793
vn -0.4136 0.9070 0.0793
vn -0.3812 0.9070 -0.1789
vn -0.2032 0.9070 -0.3688
vn -0.4342 -0.2992 -0.8497
vn 0.8959 -0.1175 -0.4285
vn 0.4343 -0.8497 -0.2992
vn -0.9067 -0.3470 0.2400
vn 0.8958 -0.4285 0.1175
vn 0.9067 -0.2400 0.3470
vn -0.8959 0.2199 0.3861
vn 0.9067 0.0757 0.4150
vn -0.4388 0.8109 0.3872
vn -0.8948 0.4304 0.1185
vn 0.9067 0.3470 0.2400
vn -0.4342 0.8497 -0.2992
vn 0.9067 0.4150 -0.0757
vn -0.8959 0.1175 -0.4285
vn 0.4342 0.2991 -0.8497
vn -0.0000 -0.2325 -0.9726
vn -0.0000 0.2324 -0.9726
vn 0.4863 -0.2325 -0.8423
vn 0.4863 0.2324 -0.8423
vn 0.8423 -0.2325 -0.4863
vn 0.8423 0.2324 -0.4863
vn 0.9726 -0.2325 -0.0000
vn 0.9726 0.2324 -0.0000
vn 0.8423 -0.2325 0.4863
vn 0.8423 0.2324 0.4863
vn 0.4863 -0.2325 0.8423
vn 0.4863 0.2324 0.8423
vn 0.0365 -0.9075 0.4185
vn -0.0000 -0.2325 0.9726
vn -0.0000 0.2324 0.9726
vn -0.4863 -0.2325 0.8423
vn -0.4863 0.2324 0.8423
vn -0.8423 -0.2325 0.4863
vn -0.8423 0.2324 0.4863
vn -0.4186 -0.9074 0.0365
vn -0.9726 -0.2325 -0.0000
vn -0.9726 0.2324 -0.0000
vn -0.8423 -0.2325 -0.4863
vn -0.8423 0.2324 -0.4863
vn -0.4863 -0.2325 -0.8423
vn -0.4863 0.2324 -0.8423
vn -0.0000 -0.2324 -0.9726
vn 0.4863 -0.2324 -0.8423
vn 0.4863 0.2325 -0.8423
vn 0.8423 -0.2324 -0.4863
vn 0.3807 0.9075 -0.1777
vn 0.8423 0.2325 -0.4863
vn 0.9726 0.2325 -0.0000
vn 0.3807 -0.9075 0.1776
vn 0.3443 0.9074 0.2409
vn 0.8423 0.2325 0.4863
vn 0.4863 -0.2324 0.8423
vn 0.4863 0.2325 0.8423
vn -0.0000 -0.2324 0.9726
vn -0.0000 0.2325 0.9726
vn -0.4863 -0.2324 0.8423
vn -0.4863 0.2325 0.8423
vn -0.3807 0.9075 0.1777
vn -0.8423 0.2325 0.4863
vn -0.9726 -0.2324 -0.0000
vn -0.9726 0.2325 -0.0000
vn -0.3807 -0.9075 -0.1776
vn -0.8423 0.2325 -0.4863
vn -0.4863 -0.2324 -0.8423
vn -0.1777 0.9075 -0.3807
vn -0.4863 0.2325 -0.8423
vn -0.9152 -0.1368 -0.3791
vn -0.0524 -0.9070 -0.4178
vn -0.0000 -0.2280 -0.9737
vn 0.0524 0.9070 -0.4178
vn -0.0000 0.2280 -0.9737
vn 0.5723 -0.2279 -0.7877
vn 0.2880 0.9070 -0.3072
vn 0.5723 0.2280 -0.7877
vn 0.3812 -0.9070 -0.1789
vn 0.9260 -0.2280 -0.3009
vn 0.9260 0.2280 -0.3009
vn 0.9260 -0.2280 0.3009
vn 0.3812 0.9070 0.1789
vn 0.9260 0.2280 0.3009
vn 0.2880 -0.9070 0.3072
vn 0.5723 -0.2280 0.7877
vn 0.5723 0.2280 0.7877
vn 0.0524 -0.9070 0.4178
vn -0.0000 -0.2280 0.9737
vn -0.0000 0.2280 0.9737
vn -0.5723 -0.2280 0.7877
vn -0.5723 0.2280 0.7877
vn -0.9260 -0.2280 0.3009
vn -0.9260 0.2280 0.3009
vn -0.9260 -0.2280 -0.3009
vn -0.9260 0.2280 -0.3009
vn -0.2880 -0.9070 -0.3072
vn -0.5723 -0.2280 -0.7877
vn -0.5723 0.2280 -0.7877
vn -0.9075 -0.2363 -0.3473
vn -0.2251 -0.6890 -0.6890
vn 0.9075 -0.3473 -0.2362
vn 0.2251 -0.6889 -0.6890
vn -0.9067 -0.4150 -0.0757
vn -0.2251 -0.9743 -0.0000
vn -0.2251 -0.6890 0.6890
vn 0.2251 -0.6889 0.6890
vn -0.9067 -0.0757 0.4150
vn -0.2251 -0.0000 0.9743
vn 0.2251 -0.0000 0.9743
vn 0.2250 0.6890 0.6890
vn 0.2251 0.9743 -0.0000
vn -0.9075 0.3473 -0.2363
vn -0.2251 0.6890 -0.6890
vn 0.9075 0.2362 -0.3473
vn 0.2251 0.6890 -0.6890
vt 0.247847 0.048207
vt 0.266546 0.034985
vt 0.260388 0.052593
vt 0.063005 0.172626
vt 0.072351 0.182109
vt 0.061657 0.184611
vt 0.206229 0.249118
vt 0.219056 0.254723
vt 0.214320 0.258052
vt 0.272928 0.056979
vt 0.278785 0.040233
vt 0.227556 0.041110
vt 0.241517 0.030005
vt 0.236534 0.044250
vt 0.223937 0.267228
vt 0.289223 0.046691
vt 0.284241 0.060936
vt 0.253704 0.031461
vt 0.063470 0.159340
vt 0.068627 0.171310
vt 0.200457 0.241302
vt 0.215238 0.242787
vt 0.271485 0.020865
vt 0.080926 0.175097
vt 0.224817 0.253806
vt 0.283482 0.026804
vt 0.086079 0.181029
vt 0.074276 0.190680
vt 0.293219 0.035268
vt 0.258401 0.018032
vt 0.073136 0.167624
vt 0.212857 0.232588
vt 0.226195 0.241043
vt 0.075638 0.162297
vt 0.227938 0.230187
vt 0.236932 0.244232
vt 0.330593 0.041387
vt 0.346508 0.056257
vt 0.329282 0.054750
vt 0.085686 0.164965
vt 0.230461 0.255483
vt 0.346983 0.068949
vt 0.330601 0.067516
vt 0.334404 0.028735
vt 0.350468 0.018917
vt 0.348341 0.029953
vt 0.334419 0.078436
vt 0.348355 0.079655
vt 0.346976 0.042820
vt 0.363820 0.029953
vt 0.365173 0.042820
vt 0.075638 0.156384
vt 0.242716 0.234577
vt 0.245321 0.251723
vt 0.365642 0.056257
vt 0.085686 0.153719
vt 0.234871 0.259421
vt 0.365180 0.068949
vt 0.363834 0.079655
vt 0.237174 0.264840
vt 0.377790 0.078436
vt 0.377776 0.028735
vt 0.381580 0.041387
vt 0.073136 0.151057
vt 0.254262 0.244887
vt 0.249700 0.262031
vt 0.382893 0.054750
vt 0.080926 0.143586
vt 0.381587 0.067516
vt 0.361715 0.018917
vt 0.143885 0.127393
vt 0.136594 0.146767
vt 0.131886 0.133329
vt 0.086079 0.137657
vt 0.072351 0.136574
vt 0.074276 0.128006
vt 0.236913 0.270668
vt 0.126149 0.153219
vt 0.122143 0.141789
vt 0.169852 0.125110
vt 0.161677 0.137998
vt 0.156968 0.124561
vt 0.068627 0.147371
vt 0.260290 0.259075
vt 0.249203 0.273115
vt 0.148837 0.141522
vt 0.061657 0.134071
vt 0.243928 0.282780
vt 0.234140 0.275749
vt 0.154998 0.159133
vt 0.142454 0.163516
vt 0.184187 0.137292
vt 0.178842 0.150788
vt 0.173858 0.136541
vt 0.131133 0.167467
vt 0.167536 0.154748
vt 0.063005 0.146055
vt 0.259606 0.274331
vt 0.161148 0.176739
vt 0.050963 0.136573
vt 0.234920 0.289112
vt 0.229403 0.279077
vt 0.148304 0.180260
vt 0.059557 0.124561
vt 0.044838 0.128005
vt 0.136109 0.181711
vt 0.173386 0.171492
vt 0.057383 0.147370
vt 0.125758 0.180948
vt 0.122143 0.170600
vt 0.052874 0.151057
vt 0.236126 0.187486
vt 0.237207 0.173092
vt 0.243137 0.184544
vt 0.166070 0.190852
vt 0.042387 0.143585
vt 0.223643 0.279994
vt 0.152985 0.193683
vt 0.033035 0.137656
vt 0.140091 0.193129
vt 0.187800 0.176450
vt 0.178067 0.184914
vt 0.233400 0.160201
vt 0.251153 0.170845
vt 0.018032 0.150244
vt 0.025732 0.133850
vt 0.050372 0.156384
vt 0.253270 0.182911
vt 0.233400 0.135162
vt 0.249326 0.144353
vt 0.232088 0.147131
vt 0.037628 0.153717
vt 0.213226 0.287666
vt 0.217998 0.278318
vt 0.249794 0.157559
vt 0.026484 0.151602
vt 0.026484 0.167081
vt 0.213588 0.274380
vt 0.266632 0.170845
vt 0.251154 0.123218
vt 0.267991 0.132520
vt 0.249795 0.132520
vt 0.050372 0.162296
vt 0.264516 0.182911
vt 0.268459 0.144353
vt 0.037628 0.164964
vt 0.267991 0.157559
vt 0.284386 0.160201
vt 0.033035 0.181027
vt 0.211285 0.268960
vt 0.280579 0.173092
vt 0.025732 0.184836
vt 0.018032 0.168441
vt 0.052874 0.167623
vt 0.274649 0.184544
vt 0.285698 0.147131
vt 0.042387 0.175096
vt 0.204837 0.280176
vt 0.050963 0.182108
vt 0.200954 0.258783
vt 0.211547 0.263133
vt 0.249290 0.084321
vt 0.267071 0.073725
vt 0.262374 0.087154
vt 0.044838 0.190679
vt 0.279259 0.075181
vt 0.275263 0.086605
vt 0.227556 0.069919
vt 0.241990 0.064953
vt 0.237293 0.078382
vt 0.057383 0.171310
vt 0.281661 0.187486
vt 0.254229 0.070201
vt 0.293219 0.064076
vt 0.289599 0.074426
vt 0.059557 0.194124
vt 0.231552 0.058495
vt 0.482945 0.794424
vt 0.481546 0.790719
vt 0.483391 0.791224
vt 0.801838 0.487016
vt 0.803312 0.492745
vt 0.799623 0.490072
vt 0.805931 0.481369
vt 0.807742 0.486633
vt 0.804053 0.483960
vt 0.586531 0.791224
vt 0.586697 0.787449
vt 0.588371 0.790718
vt 0.483548 0.787450
vt 0.797746 0.492663
vt 0.800569 0.494709
vt 0.805831 0.489910
vt 0.589460 0.793490
vt 0.586059 0.794424
vt 0.480195 0.789337
vt 0.477821 0.795341
vt 0.477038 0.790937
vt 0.479535 0.793490
vt 0.375502 0.779836
vt 0.373407 0.784736
vt 0.371983 0.781361
vt 0.591950 0.790937
vt 0.806013 0.494703
vt 0.379312 0.779559
vt 0.376818 0.782955
vt 0.589719 0.789337
vt 0.379125 0.786888
vt 0.375904 0.788994
vt 0.383377 0.781862
vt 0.382085 0.784956
vt 0.380319 0.781945
vt 0.479700 0.787450
vt 0.372913 0.790952
vt 0.370606 0.787019
vt 0.590212 0.787450
vt 0.474560 0.792006
vt 0.476125 0.787450
vt 0.480195 0.785563
vt 0.378805 0.792992
vt 0.375592 0.794646
vt 0.384136 0.787783
vt 0.381804 0.790582
vt 0.589719 0.785562
vt 0.370606 0.792465
vt 0.372657 0.795292
vt 0.384333 0.783491
vt 0.384139 0.793046
vt 0.588371 0.784181
vt 0.481546 0.784181
vt 0.477038 0.783963
vt 0.477821 0.779559
vt 0.479535 0.781410
vt 0.381331 0.795659
vt 0.589460 0.781410
vt 0.591950 0.783963
vt 0.797663 0.340354
vt 0.797846 0.335555
vt 0.800365 0.338392
vt 0.483391 0.783676
vt 0.803108 0.340358
vt 0.804054 0.335717
vt 0.805931 0.338310
vt 0.799624 0.329605
vt 0.801839 0.332660
vt 0.586531 0.783675
vt 0.586059 0.780476
vt 0.482945 0.780476
vt 0.794922 0.329064
vt 0.795935 0.332280
vt 0.582658 0.781410
vt 0.485237 0.784181
vt 0.805832 0.329767
vt 0.807743 0.333045
vt 0.800569 0.324972
vt 0.803313 0.326932
vt 0.584690 0.784181
vt 0.808755 0.336265
vt 0.486355 0.781410
vt 0.486588 0.785563
vt 0.684517 0.796642
vt 0.687083 0.792656
vt 0.688199 0.795992
vt 0.577656 0.782894
vt 0.580909 0.779559
vt 0.583343 0.785562
vt 0.691572 0.794140
vt 0.690718 0.791587
vt 0.808754 0.327654
vt 0.580168 0.783962
vt 0.582850 0.787449
vt 0.487083 0.787450
vt 0.686675 0.788100
vt 0.690406 0.788100
vt 0.679970 0.792656
vt 0.682867 0.788100
vt 0.683309 0.793032
vt 0.579257 0.787450
vt 0.693491 0.788100
vt 0.693660 0.789988
vt 0.576465 0.787450
vt 0.690718 0.784613
vt 0.679970 0.783544
vt 0.683309 0.783169
vt 0.583343 0.789337
vt 0.580168 0.790937
vt 0.693660 0.786213
vt 0.687083 0.783544
vt 0.577656 0.792006
vt 0.486588 0.789337
vt 0.488852 0.790937
vt 0.485237 0.790719
vt 0.684517 0.779559
vt 0.688199 0.780209
vt 0.582658 0.793489
vt 0.580909 0.795341
vt 0.584690 0.790718
vt 0.691572 0.782060
vt 0.797663 0.479329
vt 0.797845 0.484122
vt 0.794922 0.482003
vt 0.795934 0.487398
vt 0.800364 0.481286
vt 0.794922 0.490616
vt 0.486355 0.793490
vt 0.534495 0.794424
vt 0.533096 0.790719
vt 0.534941 0.791224
vt 0.799623 0.438621
vt 0.805831 0.438459
vt 0.803312 0.441295
vt 0.805931 0.429918
vt 0.807742 0.435183
vt 0.804053 0.432509
vt 0.638079 0.791224
vt 0.638245 0.787449
vt 0.639920 0.790718
vt 0.535098 0.787450
vt 0.800569 0.443259
vt 0.797745 0.441212
vt 0.801838 0.435565
vt 0.641008 0.793490
vt 0.637607 0.794424
vt 0.531744 0.789337
vt 0.531084 0.793490
vt 0.526109 0.792006
vt 0.528588 0.790937
vt 0.426882 0.779836
vt 0.424787 0.784736
vt 0.423363 0.781361
vt 0.643498 0.790937
vt 0.806013 0.443252
vt 0.430692 0.779559
vt 0.428198 0.782955
vt 0.641267 0.789337
vt 0.427284 0.788994
vt 0.431699 0.781945
vt 0.435713 0.783491
vt 0.433464 0.784956
vt 0.531250 0.787450
vt 0.424293 0.790952
vt 0.421986 0.787019
vt 0.430505 0.786888
vt 0.641760 0.787450
vt 0.524915 0.787450
vt 0.527674 0.787450
vt 0.528588 0.783963
vt 0.531744 0.785563
vt 0.426972 0.794646
vt 0.433184 0.790582
vt 0.641267 0.785562
vt 0.424037 0.795292
vt 0.421986 0.792465
vt 0.430184 0.792992
vt 0.435515 0.787783
vt 0.435519 0.793046
vt 0.639920 0.784181
vt 0.533096 0.784181
vt 0.526109 0.782894
vt 0.531084 0.781410
vt 0.432711 0.795659
vt 0.643498 0.783963
vt 0.641008 0.781410
vt 0.797663 0.391804
vt 0.797846 0.387006
vt 0.800365 0.389842
vt 0.534941 0.783676
vt 0.805931 0.389761
vt 0.803108 0.391808
vt 0.795935 0.383730
vt 0.801839 0.384110
vt 0.638079 0.783675
vt 0.637607 0.780476
vt 0.804054 0.387167
vt 0.794922 0.380515
vt 0.799624 0.381055
vt 0.634206 0.781410
vt 0.534495 0.780476
vt 0.536787 0.784181
vt 0.805832 0.381218
vt 0.807743 0.384495
vt 0.797746 0.378467
vt 0.803313 0.378383
vt 0.636238 0.784181
vt 0.808755 0.387716
vt 0.537905 0.781410
vt 0.538138 0.785563
vt 0.734680 0.796642
vt 0.737246 0.792656
vt 0.738362 0.795992
vt 0.629204 0.782894
vt 0.632457 0.779559
vt 0.634891 0.785562
vt 0.741735 0.794140
vt 0.740881 0.791587
vt 0.808754 0.379104
vt 0.631716 0.783962
vt 0.634398 0.787449
vt 0.538632 0.787450
vt 0.740568 0.788100
vt 0.730132 0.792656
vt 0.733029 0.788100
vt 0.733472 0.793032
vt 0.630805 0.787450
vt 0.743654 0.788100
vt 0.743823 0.789987
vt 0.736838 0.788100
vt 0.628013 0.787450
vt 0.737246 0.783544
vt 0.740881 0.784613
vt 0.730132 0.783544
vt 0.733472 0.783169
vt 0.634891 0.789337
vt 0.631716 0.790937
vt 0.743823 0.786213
vt 0.629204 0.792006
vt 0.538138 0.789337
vt 0.540401 0.790937
vt 0.536787 0.790719
vt 0.738362 0.780209
vt 0.632457 0.795341
vt 0.636238 0.790718
vt 0.741735 0.782060
vt 0.797663 0.427878
vt 0.797845 0.432671
vt 0.794922 0.430553
vt 0.634206 0.793489
vt 0.795934 0.435948
vt 0.800364 0.429835
vt 0.794922 0.439166
vt 0.537905 0.793490
vt 0.697051 0.097317
vt 0.695078 0.092092
vt 0.697680 0.092805
vt 0.184452 0.718694
vt 0.186531 0.726775
vt 0.181328 0.723004
vt 0.187575 0.714384
vt 0.194205 0.713616
vt 0.192778 0.718155
vt 0.697737 0.209447
vt 0.697971 0.204124
vt 0.700333 0.208734
vt 0.697901 0.087482
vt 0.182662 0.729544
vt 0.178680 0.726658
vt 0.190083 0.722776
vt 0.701867 0.212642
vt 0.697071 0.213960
vt 0.693172 0.090143
vt 0.689825 0.098611
vt 0.688721 0.092400
vt 0.692241 0.096000
vt 0.571584 0.630939
vt 0.568629 0.637849
vt 0.566621 0.633089
vt 0.705379 0.209042
vt 0.190339 0.729535
vt 0.576956 0.630547
vt 0.573439 0.635337
vt 0.702233 0.206785
vt 0.572150 0.643853
vt 0.582689 0.633795
vt 0.580866 0.638158
vt 0.578377 0.633913
vt 0.692475 0.087482
vt 0.567932 0.646614
vt 0.564678 0.641068
vt 0.576692 0.640883
vt 0.702928 0.204124
vt 0.683541 0.087482
vt 0.687432 0.087482
vt 0.693172 0.084821
vt 0.571710 0.651824
vt 0.580471 0.646092
vt 0.702233 0.201463
vt 0.567571 0.652735
vt 0.564678 0.648748
vt 0.576240 0.649491
vt 0.585602 0.638250
vt 0.583759 0.642145
vt 0.586278 0.644805
vt 0.583763 0.649568
vt 0.700333 0.199514
vt 0.695078 0.082872
vt 0.685225 0.081057
vt 0.692242 0.078964
vt 0.688721 0.082564
vt 0.579804 0.653253
vt 0.701867 0.195607
vt 0.705379 0.199207
vt 0.067422 0.729538
vt 0.067680 0.722771
vt 0.071232 0.726771
vt 0.697680 0.082159
vt 0.079082 0.726656
vt 0.075100 0.729544
vt 0.070187 0.714378
vt 0.073311 0.718687
vt 0.697071 0.194289
vt 0.697051 0.077647
vt 0.076435 0.722998
vt 0.063556 0.713617
vt 0.064984 0.718152
vt 0.697737 0.198801
vt 0.692275 0.195606
vt 0.700283 0.082872
vt 0.081637 0.719230
vt 0.067538 0.710729
vt 0.075389 0.710610
vt 0.695141 0.199514
vt 0.083064 0.723772
vt 0.078942 0.714608
vt 0.701860 0.078964
vt 0.702188 0.084821
vt 0.690530 0.349573
vt 0.694149 0.343952
vt 0.695723 0.348656
vt 0.685221 0.197699
vt 0.689808 0.192996
vt 0.693241 0.201462
vt 0.700480 0.346045
vt 0.699276 0.342445
vt 0.079196 0.707856
vt 0.083063 0.711627
vt 0.688764 0.199206
vt 0.692545 0.204124
vt 0.702886 0.087482
vt 0.698835 0.337527
vt 0.688827 0.344482
vt 0.683541 0.337527
vt 0.688203 0.337527
vt 0.687478 0.204124
vt 0.703186 0.337527
vt 0.703425 0.340188
vt 0.693573 0.337527
vt 0.683541 0.204124
vt 0.694150 0.331102
vt 0.699276 0.332609
vt 0.688827 0.330572
vt 0.688764 0.209042
vt 0.703425 0.334866
vt 0.685221 0.210550
vt 0.693241 0.206785
vt 0.702188 0.090143
vt 0.705381 0.092400
vt 0.700283 0.092092
vt 0.690530 0.325481
vt 0.695723 0.326398
vt 0.692275 0.212642
vt 0.689808 0.215253
vt 0.695141 0.208733
vt 0.700480 0.329009
vt 0.178564 0.707854
vt 0.178821 0.714613
vt 0.174698 0.711625
vt 0.176126 0.719234
vt 0.186242 0.707845
vt 0.182373 0.710614
vt 0.174698 0.723772
vt 0.701860 0.096000
vt 0.697051 0.038996
vt 0.695078 0.033770
vt 0.697680 0.034483
vt 0.240023 0.718694
vt 0.242102 0.726775
vt 0.236899 0.723004
vt 0.243146 0.714384
vt 0.249776 0.713616
vt 0.248349 0.718155
vt 0.697737 0.151125
vt 0.697971 0.145802
vt 0.700333 0.150412
vt 0.697901 0.029161
vt 0.238233 0.729544
vt 0.234251 0.726658
vt 0.245654 0.722775
vt 0.701867 0.154321
vt 0.697071 0.155638
vt 0.693172 0.031822
vt 0.689825 0.040290
vt 0.688721 0.034078
vt 0.692242 0.037678
vt 0.624284 0.633089
vt 0.631103 0.635337
vt 0.626293 0.637849
vt 0.705379 0.150721
vt 0.245910 0.729535
vt 0.629247 0.630939
vt 0.636040 0.633913
vt 0.702233 0.148464
vt 0.634356 0.640883
vt 0.629814 0.643853
vt 0.641700 0.636093
vt 0.638530 0.638158
vt 0.692475 0.029161
vt 0.625595 0.646614
vt 0.622342 0.641068
vt 0.702928 0.145803
vt 0.685225 0.035586
vt 0.687432 0.029161
vt 0.688721 0.024243
vt 0.693172 0.026499
vt 0.633904 0.649491
vt 0.629374 0.651824
vt 0.638135 0.646092
vt 0.702233 0.143141
vt 0.622342 0.648748
vt 0.625234 0.652735
vt 0.641422 0.642145
vt 0.643942 0.644805
vt 0.641427 0.649568
vt 0.700333 0.141193
vt 0.695078 0.024551
vt 0.685225 0.022735
vt 0.692242 0.020643
vt 0.637467 0.653253
vt 0.701867 0.137285
vt 0.705379 0.140885
vt 0.122993 0.729538
vt 0.123251 0.722771
vt 0.126803 0.726771
vt 0.697680 0.023838
vt 0.134653 0.726656
vt 0.130671 0.729544
vt 0.120555 0.718152
vt 0.128882 0.718687
vt 0.697071 0.135968
vt 0.132006 0.722998
vt 0.123109 0.710729
vt 0.125758 0.714378
vt 0.697737 0.140480
vt 0.692275 0.137285
vt 0.697051 0.019325
vt 0.700283 0.024551
vt 0.134513 0.714608
vt 0.137208 0.719230
vt 0.130960 0.710610
vt 0.695141 0.141193
vt 0.138635 0.723772
vt 0.701860 0.020643
vt 0.702188 0.026499
vt 0.690530 0.409728
vt 0.694150 0.404107
vt 0.695723 0.408811
vt 0.685221 0.139378
vt 0.689808 0.134674
vt 0.693241 0.143141
vt 0.700480 0.406200
vt 0.699276 0.402600
vt 0.134767 0.707856
vt 0.138634 0.711627
vt 0.688764 0.140885
vt 0.692545 0.145802
vt 0.702886 0.029161
vt 0.693573 0.397682
vt 0.698835 0.397682
vt 0.684118 0.404107
vt 0.688203 0.397682
vt 0.688827 0.404637
vt 0.687478 0.145803
vt 0.703186 0.397682
vt 0.703425 0.400343
vt 0.683541 0.145803
vt 0.694150 0.391257
vt 0.699276 0.392765
vt 0.683541 0.397682
vt 0.688827 0.390728
vt 0.693241 0.148464
vt 0.688764 0.150720
vt 0.703425 0.395021
vt 0.685221 0.152228
vt 0.702188 0.031822
vt 0.705381 0.034078
vt 0.700283 0.033770
vt 0.695723 0.386553
vt 0.689808 0.156932
vt 0.695141 0.150412
vt 0.700480 0.389164
vt 0.234135 0.707854
vt 0.234391 0.714613
vt 0.230269 0.711625
vt 0.692275 0.154320
vt 0.231697 0.719234
vt 0.237944 0.710614
vt 0.245794 0.710730
vt 0.230269 0.723772
vt 0.701860 0.037678
vt 0.541472 0.843409
vt 0.538665 0.843286
vt 0.540936 0.841800
vt 0.853070 0.362194
vt 0.852953 0.365001
vt 0.851340 0.364465
vt 0.850343 0.363061
vt 0.539532 0.840806
vt 0.537798 0.840806
vt 0.850343 0.361327
vt 0.536394 0.841800
vt 0.851340 0.359923
vt 0.535858 0.843409
vt 0.852953 0.359387
vt 0.854567 0.359923
vt 0.536394 0.845018
vt 0.537798 0.846012
vt 0.855564 0.361327
vt 0.539532 0.846012
vt 0.855564 0.363061
vt 0.540935 0.845018
vt 0.854567 0.364465
vt 0.588329 0.843409
vt 0.585522 0.843286
vt 0.587793 0.841800
vt 0.853070 0.409051
vt 0.852953 0.411858
vt 0.851340 0.411322
vt 0.850343 0.409918
vt 0.586389 0.840806
vt 0.584655 0.840806
vt 0.850343 0.408184
vt 0.583252 0.841800
vt 0.851340 0.406781
vt 0.582716 0.843409
vt 0.852953 0.406245
vt 0.854567 0.406781
vt 0.583251 0.845018
vt 0.584655 0.846012
vt 0.855564 0.408184
vt 0.586389 0.846012
vt 0.855564 0.409918
vt 0.587793 0.845018
vt 0.854567 0.411322
vt 0.636445 0.560794
vt 0.633449 0.557449
vt 0.637009 0.558091
vt 0.033835 0.633125
vt 0.038120 0.631641
vt 0.038189 0.634497
vt 0.637434 0.554854
vt 0.634956 0.554408
vt 0.037880 0.637793
vt 0.032863 0.636212
vt 0.636427 0.551017
vt 0.637697 0.551246
vt 0.031778 0.639654
vt 0.037207 0.641364
vt 0.637787 0.547448
vt 0.030637 0.643276
vt 0.036205 0.645031
vt 0.034924 0.648610
vt 0.029495 0.646899
vt 0.572583 0.100813
vt 0.570104 0.103693
vt 0.571457 0.100187
vt 0.033428 0.651922
vt 0.028411 0.650341
vt 0.575084 0.098197
vt 0.572889 0.096978
vt 0.031792 0.654800
vt 0.027438 0.653428
vt 0.577481 0.095976
vt 0.574327 0.094224
vt 0.630318 0.555601
vt 0.632778 0.553121
vt 0.042292 0.639183
vt 0.635309 0.550357
vt 0.041982 0.642868
vt 0.041102 0.646574
vt 0.039698 0.650114
vt 0.570177 0.099992
vt 0.037840 0.653312
vt 0.570393 0.096597
vt 0.035621 0.656006
vt 0.570741 0.093677
vt 0.631981 0.559989
vt 0.041173 0.632603
vt 0.042018 0.635703
vt 0.641084 0.252520
vt 0.643964 0.257626
vt 0.640461 0.256607
vt 0.634480 0.549347
vt 0.636715 0.255975
vt 0.637389 0.251553
vt 0.633604 0.251226
vt 0.632912 0.255761
vt 0.629244 0.255977
vt 0.629918 0.251555
vt 0.568897 0.100250
vt 0.626517 0.252525
vt 0.625894 0.256611
vt 0.567897 0.097101
vt 0.626101 0.559229
vt 0.625141 0.554121
vt 0.628055 0.557671
vt 0.567154 0.094401
vt 0.627995 0.552769
vt 0.644504 0.254079
vt 0.647047 0.258980
vt 0.631161 0.551151
vt 0.634039 0.548107
vt 0.636356 0.261403
vt 0.632544 0.261329
vt 0.628885 0.261405
vt 0.567772 0.100931
vt 0.625562 0.261628
vt 0.565702 0.098428
vt 0.622743 0.261985
vt 0.623031 0.257632
vt 0.564000 0.096308
vt 0.626759 0.549296
vt 0.643676 0.261979
vt 0.630300 0.548734
vt 0.640130 0.261623
vt 0.636356 0.267183
vt 0.634039 0.546788
vt 0.632544 0.267258
vt 0.628885 0.267185
vt 0.566936 0.101952
vt 0.625562 0.266969
vt 0.564073 0.100418
vt 0.622743 0.266620
vt 0.561659 0.099168
vt 0.623591 0.545130
vt 0.626759 0.545599
vt 0.646817 0.262451
vt 0.643676 0.266614
vt 0.630300 0.546161
vt 0.640130 0.266965
vt 0.634480 0.545548
vt 0.636715 0.272617
vt 0.632912 0.272832
vt 0.629244 0.272620
vt 0.566491 0.103190
vt 0.625894 0.271991
vt 0.563206 0.102832
vt 0.623031 0.270978
vt 0.560413 0.102637
vt 0.627995 0.542126
vt 0.646817 0.266148
vt 0.643964 0.270972
vt 0.631161 0.543744
vt 0.640461 0.271987
vt 0.629918 0.277053
vt 0.566491 0.104496
vt 0.626517 0.276088
vt 0.563206 0.105379
vt 0.622743 0.539758
vt 0.628055 0.537224
vt 0.625141 0.540774
vt 0.560413 0.106296
vt 0.630318 0.539294
vt 0.647478 0.272458
vt 0.644504 0.274527
vt 0.632778 0.541774
vt 0.641084 0.276084
vt 0.635309 0.544538
vt 0.637389 0.277051
vt 0.633604 0.277379
vt 0.079546 0.646571
vt 0.085726 0.648604
vt 0.080950 0.650112
vt 0.566936 0.105712
vt 0.082808 0.653310
vt 0.087221 0.651917
vt 0.564073 0.107750
vt 0.088856 0.654797
vt 0.085026 0.656006
vt 0.561659 0.109704
vt 0.633449 0.537446
vt 0.079472 0.632606
vt 0.082458 0.634495
vt 0.078628 0.635704
vt 0.634956 0.540488
vt 0.082769 0.637789
vt 0.078355 0.639182
vt 0.636427 0.543878
vt 0.083443 0.641358
vt 0.078667 0.642866
vt 0.084445 0.645024
vt 0.567772 0.106692
vt 0.091156 0.646892
vt 0.092239 0.650335
vt 0.565702 0.109661
vt 0.093211 0.653424
vt 0.564000 0.112450
vt 0.631981 0.534906
vt 0.637009 0.536804
vt 0.082526 0.631642
vt 0.086813 0.633122
vt 0.637434 0.540041
vt 0.087787 0.636206
vt 0.637697 0.543649
vt 0.088872 0.639646
vt 0.090014 0.643268
vt 0.096584 0.645182
vt 0.097256 0.648755
vt 0.567897 0.110880
vt 0.097564 0.652053
vt 0.567154 0.114201
vt 0.097493 0.654912
vt 0.094021 0.656005
vt 0.566705 0.117116
vt 0.562750 0.114919
vt 0.639911 0.540488
vt 0.092803 0.634626
vt 0.638968 0.543878
vt 0.094300 0.637936
vt 0.095582 0.641515
vt 0.568897 0.107317
vt 0.101391 0.650849
vt 0.570741 0.114749
vt 0.100544 0.653952
vt 0.571203 0.117802
vt 0.640569 0.537446
vt 0.642090 0.541774
vt 0.091166 0.631751
vt 0.097213 0.633239
vt 0.640085 0.544538
vt 0.099072 0.636435
vt 0.100477 0.639975
vt 0.101356 0.643681
vt 0.570177 0.107513
vt 0.101666 0.647368
vt 0.570393 0.111261
vt 0.572889 0.110757
vt 0.574327 0.114025
vt 0.645079 0.334673
vt 0.640953 0.333193
vt 0.644283 0.331841
vt 0.575700 0.116895
vt 0.643700 0.539294
vt 0.643707 0.543744
vt 0.576939 0.119222
vt 0.571756 0.120267
vt 0.640914 0.545548
vt 0.102613 0.635324
vt 0.631119 0.339596
vt 0.626389 0.334841
vt 0.629844 0.335055
vt 0.633548 0.334841
vt 0.634791 0.339269
vt 0.571457 0.107254
vt 0.638462 0.338301
vt 0.637314 0.334210
vt 0.641950 0.336744
vt 0.643860 0.328368
vt 0.579655 0.114503
vt 0.646843 0.327806
vt 0.647138 0.330223
vt 0.581497 0.116466
vt 0.641356 0.546788
vt 0.623354 0.334210
vt 0.625727 0.329410
vt 0.629166 0.329484
vt 0.632886 0.329410
vt 0.572583 0.106574
vt 0.636702 0.329191
vt 0.575084 0.109430
vt 0.640423 0.328837
vt 0.577481 0.112118
vt 0.582591 0.110916
vt 0.646844 0.325234
vt 0.584879 0.112332
vt 0.644567 0.546161
vt 0.641356 0.548107
vt 0.622743 0.329190
vt 0.625727 0.323630
vt 0.629166 0.323556
vt 0.632886 0.323630
vt 0.573418 0.105553
vt 0.636702 0.323849
vt 0.576713 0.107439
vt 0.640423 0.324202
vt 0.579822 0.109257
vt 0.643860 0.324672
vt 0.647138 0.322816
vt 0.586679 0.107319
vt 0.644567 0.548734
vt 0.640914 0.549347
vt 0.622743 0.323849
vt 0.626389 0.318198
vt 0.629844 0.317985
vt 0.633548 0.318199
vt 0.573863 0.104315
vt 0.637314 0.318830
vt 0.577580 0.105025
vt 0.640953 0.319847
vt 0.581068 0.105788
vt 0.644284 0.321198
vt 0.584153 0.106566
vt 0.643707 0.551151
vt 0.640085 0.550357
vt 0.020159 0.632210
vt 0.021575 0.636439
vt 0.018032 0.635322
vt 0.631119 0.313443
vt 0.634791 0.313771
vt 0.573863 0.103009
vt 0.638462 0.314738
vt 0.577580 0.102479
vt 0.641950 0.316296
vt 0.581068 0.102129
vt 0.645079 0.318366
vt 0.584153 0.101978
vt 0.643700 0.555601
vt 0.642090 0.553121
vt 0.586679 0.102032
vt 0.023434 0.633241
vt 0.026349 0.637943
vt 0.638968 0.551017
vt 0.025068 0.641522
vt 0.020171 0.639979
vt 0.024066 0.645189
vt 0.019292 0.643685
vt 0.573418 0.101793
vt 0.018982 0.647370
vt 0.023394 0.648760
vt 0.576713 0.100107
vt 0.023085 0.652056
vt 0.019256 0.650850
vt 0.579822 0.098722
vt 0.023154 0.654912
vt 0.020101 0.653950
vt 0.582591 0.097705
vt 0.639911 0.554408
vt 0.029482 0.631753
vt 0.027846 0.634631
vt 0.026626 0.656006
vt 0.579655 0.094262
vt 0.640569 0.557449
vt 0.037340 0.388579
vt 0.037182 0.388981
vt 0.036928 0.388821
vt 0.442642 0.149163
vt 0.442333 0.149570
vt 0.442086 0.149163
vt 0.442950 0.149570
vt 0.443197 0.149164
vt 0.139355 0.335884
vt 0.139515 0.335483
vt 0.139768 0.335642
vt 0.442671 0.102263
vt 0.442980 0.101857
vt 0.443226 0.102263
vt 0.442363 0.101856
vt 0.442116 0.102262
vt 0.025387 0.381677
vt 0.025041 0.381970
vt 0.024905 0.381694
vt 0.456507 0.149172
vt 0.456155 0.149578
vt 0.455996 0.149172
vt 0.456689 0.149579
vt 0.456957 0.149172
vt 0.125589 0.336056
vt 0.125532 0.335657
vt 0.125830 0.335657
vt 0.456537 0.102272
vt 0.456719 0.101865
vt 0.456987 0.102272
vt 0.456185 0.101865
vt 0.456025 0.102271
vt 0.018486 0.369567
vt 0.018032 0.369670
vt 0.018054 0.369353
vt 0.288021 0.383813
vt 0.287840 0.384158
vt 0.287572 0.383753
vt 0.288373 0.384214
vt 0.288532 0.383854
vt 0.113666 0.343239
vt 0.113422 0.342954
vt 0.113682 0.342792
vt 0.288008 0.337692
vt 0.288360 0.337293
vt 0.288519 0.337732
vt 0.287826 0.337237
vt 0.287558 0.337631
vt 0.018486 0.355496
vt 0.018032 0.355377
vt 0.018211 0.355105
vt 0.301881 0.384488
vt 0.301573 0.384857
vt 0.301326 0.384476
vt 0.302190 0.384857
vt 0.302436 0.384476
vt 0.106783 0.355509
vt 0.106430 0.355417
vt 0.106578 0.355136
vt 0.301868 0.338366
vt 0.302177 0.337935
vt 0.302423 0.338355
vt 0.301560 0.337935
vt 0.301313 0.338355
vt 0.025387 0.343233
vt 0.025041 0.342921
vt 0.025333 0.342768
vt 0.315753 0.383813
vt 0.315401 0.384214
vt 0.315241 0.383854
vt 0.315935 0.384158
vt 0.316203 0.383753
vt 0.106783 0.369578
vt 0.106430 0.369707
vt 0.106422 0.369382
vt 0.315739 0.337692
vt 0.315922 0.337237
vt 0.316190 0.337631
vt 0.315387 0.337293
vt 0.315227 0.337732
vt 0.037340 0.336064
vt 0.037182 0.335639
vt 0.037512 0.335647
vt 0.428816 0.065356
vt 0.428633 0.065763
vt 0.428365 0.065357
vt 0.429168 0.065762
vt 0.429327 0.065355
vt 0.113666 0.381676
vt 0.113422 0.381996
vt 0.113256 0.381712
vt 0.428786 0.018455
vt 0.429138 0.018049
vt 0.429298 0.018455
vt 0.428604 0.018049
vt 0.428336 0.018456
vt 0.051141 0.335910
vt 0.051201 0.335483
vt 0.051485 0.335651
vt 0.442685 0.065344
vt 0.442377 0.065751
vt 0.442130 0.065344
vt 0.442994 0.065750
vt 0.443240 0.065343
vt 0.125589 0.388562
vt 0.125532 0.388990
vt 0.125248 0.388822
vt 0.442656 0.018443
vt 0.442964 0.018037
vt 0.443211 0.018443
vt 0.442347 0.018037
vt 0.442101 0.018444
vt 0.063094 0.342813
vt 0.063341 0.342494
vt 0.063507 0.342778
vt 0.456547 0.065339
vt 0.456195 0.065745
vt 0.456036 0.065339
vt 0.456729 0.065745
vt 0.456997 0.065339
vt 0.139355 0.388390
vt 0.139515 0.388816
vt 0.139186 0.388808
vt 0.456518 0.018438
vt 0.456699 0.018032
vt 0.456967 0.018438
vt 0.456166 0.018032
vt 0.456006 0.018438
vt 0.069994 0.354922
vt 0.070351 0.354794
vt 0.070358 0.355119
vt 0.204529 0.381249
vt 0.204347 0.381733
vt 0.204079 0.381360
vt 0.204881 0.381630
vt 0.205041 0.381174
vt 0.151277 0.381207
vt 0.151625 0.381520
vt 0.151334 0.381673
vt 0.204530 0.337052
vt 0.204882 0.336667
vt 0.205042 0.336977
vt 0.204348 0.336770
vt 0.204080 0.337163
vt 0.218395 0.380718
vt 0.218395 0.380345
vt 0.218703 0.380446
vt 0.218395 0.380006
vt 0.218086 0.380446
vt 0.217840 0.380027
vt 0.218950 0.380027
vt 0.158161 0.368937
vt 0.158617 0.369057
vt 0.158438 0.369328
vt 0.218396 0.335809
vt 0.218704 0.335483
vt 0.218951 0.335830
vt 0.218087 0.335483
vt 0.217840 0.335830
vt 0.063094 0.381256
vt 0.063341 0.381543
vt 0.063080 0.381704
vt 0.232261 0.381249
vt 0.231909 0.381630
vt 0.231749 0.381174
vt 0.232443 0.381733
vt 0.232711 0.381360
vt 0.158161 0.354868
vt 0.158617 0.354766
vt 0.158594 0.355083
vt 0.232261 0.337052
vt 0.232444 0.336770
vt 0.232711 0.337163
vt 0.231909 0.336667
vt 0.231750 0.336977
vt 0.051141 0.388425
vt 0.051201 0.388825
vt 0.050901 0.388825
vt 0.428776 0.149155
vt 0.428593 0.149561
vt 0.428326 0.149154
vt 0.429128 0.149561
vt 0.429288 0.149155
vt 0.151277 0.342770
vt 0.151625 0.342477
vt 0.151760 0.342753
vt 0.428805 0.102254
vt 0.429158 0.101848
vt 0.429317 0.102254
vt 0.428623 0.101848
vt 0.428355 0.102254
vt 0.523988 0.384025
vt 0.524261 0.383693
vt 0.524350 0.384025
vt 0.602425 0.729862
vt 0.602092 0.730194
vt 0.602018 0.729862
vt 0.636285 0.138565
vt 0.636679 0.138897
vt 0.636342 0.138972
vt 0.616449 0.729862
vt 0.616780 0.730194
vt 0.616449 0.730269
vt 0.018465 0.549701
vt 0.018088 0.549370
vt 0.018428 0.549295
vt 0.623070 0.138565
vt 0.622838 0.138897
vt 0.622743 0.138565
vt 0.523988 0.423339
vt 0.524261 0.423671
vt 0.523952 0.423745
vt 0.636285 0.099252
vt 0.636679 0.098920
vt 0.636725 0.099252
vt 0.514647 0.729862
vt 0.514979 0.730194
vt 0.514647 0.730269
vt 0.018465 0.589015
vt 0.018088 0.589347
vt 0.018032 0.589015
vt 0.500623 0.729862
vt 0.500291 0.730194
vt 0.500217 0.729862
vt 0.623070 0.099251
vt 0.622838 0.098919
vt 0.623126 0.098845
vt 0.502853 0.384025
vt 0.502477 0.383693
vt 0.502818 0.383619
vt 0.560782 0.196055
vt 0.560500 0.196387
vt 0.560413 0.196055
vt 0.602425 0.708251
vt 0.602093 0.707919
vt 0.602424 0.707845
vt 0.039543 0.549702
vt 0.039813 0.549370
vt 0.039902 0.549702
vt 0.616449 0.708251
vt 0.616780 0.707919
vt 0.616855 0.708251
vt 0.574574 0.196051
vt 0.574944 0.196383
vt 0.574604 0.196458
vt 0.502853 0.423339
vt 0.502477 0.423671
vt 0.502420 0.423339
vt 0.514647 0.708251
vt 0.514979 0.707919
vt 0.515054 0.708251
vt 0.560782 0.156741
vt 0.560500 0.156410
vt 0.560813 0.156335
vt 0.039543 0.589016
vt 0.039813 0.589348
vt 0.039506 0.589422
vt 0.574574 0.156737
vt 0.574944 0.156406
vt 0.575004 0.156737
vt 0.500623 0.708251
vt 0.500291 0.707919
vt 0.500623 0.707845
vt 0.523988 0.460215
vt 0.524261 0.459884
vt 0.524350 0.460215
vt 0.653325 0.729862
vt 0.652993 0.730194
vt 0.652919 0.729862
vt 0.636285 0.214756
vt 0.636679 0.215088
vt 0.636342 0.215162
vt 0.667349 0.729862
vt 0.667681 0.730194
vt 0.667349 0.730269
vt 0.076400 0.549701
vt 0.076022 0.549370
vt 0.076362 0.549295
vt 0.623070 0.214756
vt 0.622838 0.215087
vt 0.622743 0.214756
vt 0.523988 0.499529
vt 0.524261 0.499861
vt 0.523952 0.499936
vt 0.636285 0.175442
vt 0.636679 0.175110
vt 0.636725 0.175442
vt 0.565548 0.729862
vt 0.565880 0.730194
vt 0.565548 0.730269
vt 0.076400 0.589015
vt 0.076022 0.589347
vt 0.075966 0.589015
vt 0.551524 0.729862
vt 0.551192 0.730194
vt 0.551117 0.729862
vt 0.623070 0.175442
vt 0.622838 0.175110
vt 0.623126 0.175035
vt 0.502853 0.460215
vt 0.502477 0.459884
vt 0.502818 0.459809
vt 0.560782 0.272249
vt 0.560500 0.272581
vt 0.560413 0.272249
vt 0.653325 0.708251
vt 0.652993 0.707919
vt 0.653325 0.707845
vt 0.097477 0.549702
vt 0.097747 0.549370
vt 0.097837 0.549702
vt 0.667349 0.708251
vt 0.667681 0.707919
vt 0.667756 0.708251
vt 0.574574 0.272245
vt 0.574944 0.272577
vt 0.574604 0.272652
vt 0.502853 0.499529
vt 0.502477 0.499861
vt 0.502420 0.499529
vt 0.565548 0.708251
vt 0.565880 0.707919
vt 0.565954 0.708251
vt 0.560782 0.232935
vt 0.560500 0.232604
vt 0.560813 0.232529
vt 0.097477 0.589016
vt 0.097747 0.589348
vt 0.097440 0.589422
vt 0.574574 0.232931
vt 0.574944 0.232600
vt 0.575004 0.232931
vt 0.551524 0.708251
vt 0.551192 0.707919
vt 0.551524 0.707845
vt 0.809353 0.084237
vt 0.809684 0.084511
vt 0.809353 0.084599
vt 0.447048 0.854472
vt 0.446716 0.854803
vt 0.446641 0.854471
vt 0.852215 0.083363
vt 0.852610 0.083695
vt 0.852272 0.083770
vt 0.453485 0.854472
vt 0.453817 0.854803
vt 0.453485 0.854878
vt 0.795328 0.135441
vt 0.794997 0.135818
vt 0.794922 0.135478
vt 0.846149 0.083363
vt 0.845918 0.083695
vt 0.845823 0.083363
vt 0.795328 0.084237
vt 0.794997 0.084511
vt 0.794922 0.084202
vt 0.852215 0.069339
vt 0.852610 0.069007
vt 0.852655 0.069339
vt 0.366857 0.854471
vt 0.367189 0.854803
vt 0.366857 0.854878
vt 0.809353 0.135440
vt 0.809684 0.135818
vt 0.809353 0.135874
vt 0.360420 0.854471
vt 0.360088 0.854803
vt 0.360014 0.854471
vt 0.846149 0.069339
vt 0.845918 0.069007
vt 0.846206 0.068933
vt 0.809353 0.069780
vt 0.809684 0.069405
vt 0.809759 0.069745
vt 0.670545 0.853714
vt 0.670263 0.854047
vt 0.670176 0.853715
vt 0.447048 0.839689
vt 0.446716 0.839357
vt 0.447047 0.839282
vt 0.795328 0.121023
vt 0.794997 0.120753
vt 0.795328 0.120663
vt 0.453485 0.839689
vt 0.453817 0.839357
vt 0.453891 0.839689
vt 0.676876 0.853712
vt 0.677246 0.854044
vt 0.676906 0.854119
vt 0.795328 0.069780
vt 0.794997 0.069405
vt 0.795328 0.069347
vt 0.366857 0.839689
vt 0.367189 0.839357
vt 0.367264 0.839689
vt 0.670545 0.839690
vt 0.670263 0.839359
vt 0.670576 0.839284
vt 0.809353 0.121022
vt 0.809684 0.120752
vt 0.809759 0.121059
vt 0.676876 0.839688
vt 0.677246 0.839357
vt 0.677306 0.839688
vt 0.360420 0.839689
vt 0.360088 0.839357
vt 0.360420 0.839282
vt 0.809352 0.032921
vt 0.809684 0.033195
vt 0.809352 0.033284
vt 0.490361 0.854472
vt 0.490029 0.854803
vt 0.489955 0.854471
vt 0.852215 0.032463
vt 0.852610 0.032794
vt 0.852272 0.032869
vt 0.496799 0.854472
vt 0.497130 0.854803
vt 0.496798 0.854878
vt 0.795328 0.186716
vt 0.794997 0.187093
vt 0.794922 0.186753
vt 0.846149 0.032462
vt 0.845918 0.032794
vt 0.845823 0.032462
vt 0.795328 0.032921
vt 0.794996 0.033195
vt 0.794922 0.032886
vt 0.852215 0.018438
vt 0.852610 0.018106
vt 0.852655 0.018438
vt 0.410171 0.854471
vt 0.410503 0.854803
vt 0.410171 0.854878
vt 0.809353 0.186715
vt 0.809684 0.187093
vt 0.809353 0.187149
vt 0.403734 0.854471
vt 0.403402 0.854803
vt 0.403327 0.854471
vt 0.846149 0.018438
vt 0.845918 0.018106
vt 0.846206 0.018032
vt 0.809352 0.018464
vt 0.809684 0.018089
vt 0.809759 0.018429
vt 0.627352 0.853714
vt 0.627070 0.854047
vt 0.626983 0.853715
vt 0.490361 0.839689
vt 0.490029 0.839357
vt 0.490361 0.839282
vt 0.795328 0.172298
vt 0.794997 0.172028
vt 0.795328 0.171938
vt 0.496799 0.839689
vt 0.497130 0.839357
vt 0.497205 0.839688
vt 0.633682 0.853712
vt 0.634053 0.854044
vt 0.633713 0.854119
vt 0.795328 0.018464
vt 0.794996 0.018089
vt 0.795328 0.018032
vt 0.410171 0.839688
vt 0.410503 0.839357
vt 0.410577 0.839688
vt 0.627352 0.839690
vt 0.627070 0.839359
vt 0.627383 0.839284
vt 0.809353 0.172297
vt 0.809684 0.172027
vt 0.809759 0.172334
vt 0.633682 0.839688
vt 0.634053 0.839357
vt 0.634113 0.839688
vt 0.403734 0.839688
vt 0.403402 0.839357
vt 0.403734 0.839282
vt 0.542392 0.840455
vt 0.542776 0.840847
vt 0.542474 0.840991
vt 0.543040 0.841325
vt 0.850180 0.366569
vt 0.849701 0.366305
vt 0.849982 0.366003
vt 0.849307 0.365920
vt 0.191933 0.841256
vt 0.191386 0.841238
vt 0.191502 0.840860
vt 0.190885 0.841194
vt 0.848131 0.364266
vt 0.847896 0.363764
vt 0.848309 0.363649
vt 0.847798 0.363217
vt 0.195028 0.841194
vt 0.194526 0.841238
vt 0.194411 0.840860
vt 0.193979 0.841256
vt 0.847798 0.361171
vt 0.847896 0.360624
vt 0.848309 0.360739
vt 0.848131 0.360122
vt 0.534291 0.841325
vt 0.534555 0.840847
vt 0.534856 0.840991
vt 0.534939 0.840455
vt 0.849307 0.358468
vt 0.849701 0.358083
vt 0.849982 0.358385
vt 0.850180 0.357819
vt 0.533658 0.844298
vt 0.533584 0.843760
vt 0.533957 0.843690
vt 0.533658 0.843222
vt 0.852082 0.357187
vt 0.852621 0.357113
vt 0.852688 0.357486
vt 0.853161 0.357187
vt 0.534939 0.847065
vt 0.534554 0.846673
vt 0.534856 0.846389
vt 0.534290 0.846195
vt 0.855063 0.357819
vt 0.855542 0.358083
vt 0.855394 0.358385
vt 0.722058 0.848857
vt 0.721924 0.848473
vt 0.722433 0.848555
vt 0.537642 0.848571
vt 0.537095 0.848473
vt 0.537210 0.848057
vt 0.536593 0.848238
vt 0.721521 0.846818
vt 0.721441 0.846317
vt 0.721860 0.846201
vt 0.721407 0.845769
vt 0.540737 0.848238
vt 0.540235 0.848473
vt 0.540120 0.848057
vt 0.539688 0.848571
vt 0.721407 0.843724
vt 0.721441 0.843177
vt 0.721860 0.843292
vt 0.721521 0.842675
vt 0.543040 0.846195
vt 0.542776 0.846673
vt 0.542474 0.846389
vt 0.542392 0.847065
vt 0.721924 0.841020
vt 0.722058 0.840636
vt 0.722433 0.840938
vt 0.855542 0.366305
vt 0.855063 0.366569
vt 0.855394 0.366003
vt 0.543672 0.843222
vt 0.543746 0.843760
vt 0.543373 0.843690
vt 0.543672 0.844298
vt 0.853161 0.367201
vt 0.852621 0.367275
vt 0.852688 0.366902
vt 0.852082 0.367201
vt 0.589249 0.840455
vt 0.589633 0.840847
vt 0.589331 0.840991
vt 0.589897 0.841325
vt 0.850180 0.413426
vt 0.849701 0.413162
vt 0.849982 0.412860
vt 0.849307 0.412778
vt 0.238926 0.841256
vt 0.238379 0.841238
vt 0.238494 0.840860
vt 0.237878 0.841194
vt 0.848131 0.411123
vt 0.847896 0.410621
vt 0.848309 0.410506
vt 0.847798 0.410074
vt 0.242021 0.841194
vt 0.241519 0.841238
vt 0.241404 0.840860
vt 0.240971 0.841256
vt 0.847798 0.408028
vt 0.847896 0.407481
vt 0.848309 0.407596
vt 0.848131 0.406980
vt 0.581148 0.841325
vt 0.581412 0.840847
vt 0.581713 0.840991
vt 0.581796 0.840455
vt 0.849307 0.405325
vt 0.849701 0.404941
vt 0.849982 0.405242
vt 0.850180 0.404677
vt 0.580516 0.844298
vt 0.580441 0.843760
vt 0.580814 0.843690
vt 0.580516 0.843222
vt 0.852082 0.404044
vt 0.852621 0.403970
vt 0.852688 0.404343
vt 0.853161 0.404044
vt 0.581796 0.847065
vt 0.581412 0.846673
vt 0.581713 0.846389
vt 0.581148 0.846195
vt 0.855063 0.404677
vt 0.855542 0.404941
vt 0.855394 0.405242
vt 0.768756 0.848857
vt 0.768622 0.848473
vt 0.769130 0.848555
vt 0.584499 0.848570
vt 0.583952 0.848473
vt 0.584067 0.848057
vt 0.583451 0.848238
vt 0.768219 0.846818
vt 0.768139 0.846317
vt 0.768558 0.846202
vt 0.768105 0.845769
vt 0.587594 0.848238
vt 0.587092 0.848473
vt 0.586977 0.848057
vt 0.586545 0.848570
vt 0.768105 0.843724
vt 0.768139 0.843177
vt 0.768558 0.843292
vt 0.768219 0.842675
vt 0.589897 0.846195
vt 0.589633 0.846673
vt 0.589331 0.846389
vt 0.589249 0.847065
vt 0.768622 0.841020
vt 0.768756 0.840636
vt 0.769130 0.840938
vt 0.855542 0.413162
vt 0.855063 0.413426
vt 0.855394 0.412860
vt 0.590529 0.843222
vt 0.590603 0.843760
vt 0.590230 0.843690
vt 0.590529 0.844298
vt 0.853161 0.414058
vt 0.852621 0.414132
vt 0.852688 0.413759
vt 0.852082 0.414058
vt 0.852997 0.215263
vt 0.853070 0.214882
vt 0.853502 0.215127
vt 0.900551 0.161645
vt 0.900081 0.161517
vt 0.900487 0.161206
vt 0.898252 0.168227
vt 0.898722 0.168355
vt 0.898444 0.168700
vt 0.845836 0.643732
vt 0.845823 0.643185
vt 0.846191 0.643738
vt 0.852662 0.218382
vt 0.852680 0.217838
vt 0.853132 0.217932
vt 0.852723 0.217340
vt 0.846217 0.640666
vt 0.846398 0.640146
vt 0.846725 0.640334
vt 0.846709 0.639688
vt 0.852723 0.221995
vt 0.852680 0.221496
vt 0.853132 0.221403
vt 0.852662 0.220951
vt 0.848503 0.637850
vt 0.848953 0.637528
vt 0.849149 0.637850
vt 0.849469 0.637335
vt 0.892479 0.020872
vt 0.892009 0.021000
vt 0.892073 0.020562
vt 0.853070 0.224458
vt 0.852997 0.224076
vt 0.853502 0.224214
vt 0.851978 0.636879
vt 0.852525 0.636879
vt 0.852539 0.637234
vt 0.893839 0.027710
vt 0.894309 0.027581
vt 0.894117 0.028055
vt 0.895895 0.019939
vt 0.895366 0.020084
vt 0.895259 0.019692
vt 0.894837 0.020228
vt 0.896667 0.026938
vt 0.897196 0.026793
vt 0.897303 0.027186
vt 0.897725 0.026649
vt 0.849580 0.508820
vt 0.849033 0.508820
vt 0.849016 0.508462
vt 0.898722 0.019170
vt 0.898252 0.019297
vt 0.898443 0.018824
vt 0.900082 0.026007
vt 0.900551 0.025879
vt 0.900487 0.026318
vt 0.853129 0.177311
vt 0.852995 0.176929
vt 0.853571 0.177067
vt 0.853052 0.507850
vt 0.852602 0.508172
vt 0.852403 0.507846
vt 0.852086 0.508365
vt 0.852490 0.174851
vt 0.852409 0.174352
vt 0.852889 0.174259
vt 0.852376 0.173807
vt 0.855342 0.505037
vt 0.855160 0.505557
vt 0.854830 0.505365
vt 0.854849 0.506014
vt 0.852376 0.171238
vt 0.852409 0.170694
vt 0.852889 0.170787
vt 0.852490 0.170195
vt 0.894308 0.159943
vt 0.893838 0.159815
vt 0.894116 0.159470
vt 0.855731 0.501976
vt 0.855743 0.502522
vt 0.855372 0.501967
vt 0.852995 0.168117
vt 0.853129 0.167735
vt 0.853571 0.167979
vt 0.892009 0.166525
vt 0.892479 0.166653
vt 0.892074 0.166964
vt 0.897724 0.160874
vt 0.897195 0.160730
vt 0.897301 0.160338
vt 0.896666 0.160586
vt 0.894836 0.167296
vt 0.895365 0.167440
vt 0.895259 0.167832
vt 0.895895 0.167584
vt 0.852997 0.262411
vt 0.853070 0.262030
vt 0.853502 0.262274
vt 0.900551 0.114764
vt 0.900081 0.114636
vt 0.900487 0.114325
vt 0.898252 0.121345
vt 0.898722 0.121473
vt 0.898444 0.121819
vt 0.845836 0.597737
vt 0.845823 0.597190
vt 0.846191 0.597743
vt 0.852662 0.265530
vt 0.852680 0.264986
vt 0.853132 0.265079
vt 0.852723 0.264487
vt 0.846217 0.594672
vt 0.846398 0.594151
vt 0.846725 0.594340
vt 0.846709 0.593694
vt 0.852723 0.269142
vt 0.852680 0.268643
vt 0.853132 0.268550
vt 0.852662 0.268099
vt 0.848503 0.591855
vt 0.848953 0.591533
vt 0.849149 0.591856
vt 0.849469 0.591340
vt 0.892479 0.067753
vt 0.892009 0.067881
vt 0.892073 0.067443
vt 0.853070 0.271606
vt 0.852997 0.271223
vt 0.853502 0.271362
vt 0.851978 0.590884
vt 0.852525 0.590884
vt 0.852539 0.591240
vt 0.893839 0.074591
vt 0.894309 0.074463
vt 0.894117 0.074937
vt 0.895895 0.066821
vt 0.895366 0.066965
vt 0.895259 0.066573
vt 0.894837 0.067109
vt 0.896667 0.073819
vt 0.897196 0.073674
vt 0.897302 0.074067
vt 0.897725 0.073530
vt 0.849580 0.554820
vt 0.849033 0.554820
vt 0.849016 0.554462
vt 0.898722 0.066051
vt 0.898252 0.066179
vt 0.898443 0.065706
vt 0.900081 0.072888
vt 0.900551 0.072761
vt 0.900487 0.073200
vt 0.853129 0.130163
vt 0.852995 0.129781
vt 0.853571 0.129919
vt 0.853052 0.553851
vt 0.852602 0.554172
vt 0.852403 0.553847
vt 0.852086 0.554365
vt 0.852490 0.127703
vt 0.852409 0.127204
vt 0.852889 0.127111
vt 0.852376 0.126660
vt 0.855342 0.551038
vt 0.855160 0.551558
vt 0.854830 0.551366
vt 0.854849 0.552015
vt 0.852376 0.124091
vt 0.852409 0.123546
vt 0.852889 0.123640
vt 0.852490 0.123048
vt 0.894308 0.113062
vt 0.893838 0.112934
vt 0.894116 0.112588
vt 0.855731 0.547976
vt 0.855743 0.548522
vt 0.855372 0.547967
vt 0.852995 0.120969
vt 0.853129 0.120587
vt 0.853571 0.120832
vt 0.892009 0.119643
vt 0.892479 0.119772
vt 0.892074 0.120082
vt 0.897724 0.113993
vt 0.897195 0.113849
vt 0.897301 0.113457
vt 0.896666 0.113704
vt 0.894836 0.120414
vt 0.895365 0.120558
vt 0.895259 0.120951
vt 0.895895 0.120703
vt 0.894780 0.582827
vt 0.895054 0.582495
vt 0.895142 0.582827
vt 0.805911 0.946410
vt 0.806242 0.946742
vt 0.805910 0.946816
vt 0.532628 0.907142
vt 0.533022 0.907474
vt 0.532684 0.907549
vt 0.805911 0.944019
vt 0.806242 0.943687
vt 0.806317 0.944019
vt 0.175236 0.896912
vt 0.174859 0.896580
vt 0.175199 0.896505
vt 0.530375 0.907142
vt 0.530143 0.907474
vt 0.530048 0.907142
vt 0.894780 0.593058
vt 0.895054 0.593390
vt 0.894745 0.593464
vt 0.532628 0.896912
vt 0.533022 0.896580
vt 0.533067 0.896912
vt 0.256167 0.946410
vt 0.256498 0.946742
vt 0.256167 0.946816
vt 0.175236 0.907142
vt 0.174859 0.907474
vt 0.174802 0.907142
vt 0.253776 0.946410
vt 0.253444 0.946742
vt 0.253369 0.946410
vt 0.530375 0.896912
vt 0.530143 0.896580
vt 0.530431 0.896505
vt 0.892442 0.582827
vt 0.892066 0.582495
vt 0.892407 0.582421
vt 0.892378 0.357519
vt 0.892096 0.357851
vt 0.892009 0.357519
vt 0.803520 0.946410
vt 0.803188 0.946742
vt 0.803113 0.946410
vt 0.177568 0.896912
vt 0.177838 0.896580
vt 0.177927 0.896912
vt 0.803520 0.944019
vt 0.803188 0.943687
vt 0.803519 0.943612
vt 0.894729 0.357518
vt 0.895100 0.357850
vt 0.894760 0.357925
vt 0.892442 0.593058
vt 0.892066 0.593390
vt 0.892009 0.593058
vt 0.256167 0.944019
vt 0.256498 0.943687
vt 0.256573 0.944019
vt 0.892378 0.347288
vt 0.892096 0.346957
vt 0.892409 0.346882
vt 0.177568 0.907142
vt 0.177838 0.907474
vt 0.177531 0.907549
vt 0.894729 0.347287
vt 0.895100 0.346956
vt 0.895160 0.347288
vt 0.253776 0.944019
vt 0.253444 0.943687
vt 0.253776 0.943612
vt 0.894780 0.677042
vt 0.895054 0.676710
vt 0.895142 0.677042
vt 0.413237 0.946410
vt 0.413568 0.946742
vt 0.413236 0.946816
vt 0.728042 0.907142
vt 0.728436 0.907474
vt 0.728098 0.907549
vt 0.413237 0.944019
vt 0.413568 0.943687
vt 0.413643 0.944019
vt 0.292801 0.896912
vt 0.292424 0.896580
vt 0.292764 0.896505
vt 0.725789 0.907142
vt 0.725557 0.907474
vt 0.725462 0.907142
vt 0.894780 0.687272
vt 0.895054 0.687604
vt 0.894745 0.687679
vt 0.728042 0.896912
vt 0.728436 0.896580
vt 0.728481 0.896912
vt 0.450113 0.946410
vt 0.449781 0.946742
vt 0.449706 0.946410
vt 0.292801 0.907142
vt 0.292424 0.907474
vt 0.292367 0.907142
vt 0.450113 0.944019
vt 0.449781 0.943687
vt 0.450113 0.943612
vt 0.725789 0.896912
vt 0.725557 0.896580
vt 0.725845 0.896505
vt 0.892442 0.677042
vt 0.892066 0.676710
vt 0.892407 0.676635
vt 0.892378 0.216195
vt 0.892096 0.216528
vt 0.892009 0.216196
vt 0.410846 0.946410
vt 0.410513 0.946742
vt 0.410439 0.946410
vt 0.295133 0.896912
vt 0.295403 0.896580
vt 0.295492 0.896912
vt 0.410846 0.944019
vt 0.410513 0.943687
vt 0.410845 0.943612
vt 0.894729 0.216195
vt 0.895100 0.216527
vt 0.894760 0.216601
vt 0.892442 0.687272
vt 0.892066 0.687604
vt 0.892009 0.687272
vt 0.452504 0.946410
vt 0.452836 0.946742
vt 0.452504 0.946816
vt 0.892378 0.205965
vt 0.892096 0.205633
vt 0.892409 0.205558
vt 0.295133 0.907142
vt 0.295403 0.907474
vt 0.295096 0.907549
vt 0.894729 0.205964
vt 0.895100 0.205632
vt 0.895160 0.205964
vt 0.452504 0.944019
vt 0.452836 0.943687
vt 0.452910 0.944019
vt 0.894780 0.724149
vt 0.895054 0.723817
vt 0.895142 0.724149
vt 0.491771 0.946410
vt 0.492103 0.946742
vt 0.491771 0.946816
vt 0.571711 0.907142
vt 0.572105 0.907474
vt 0.571767 0.907549
vt 0.491771 0.944019
vt 0.492103 0.943687
vt 0.492178 0.944019
vt 0.371178 0.896912
vt 0.370800 0.896580
vt 0.371141 0.896505
vt 0.569457 0.907142
vt 0.569226 0.907474
vt 0.569131 0.907142
vt 0.894780 0.734379
vt 0.895054 0.734711
vt 0.894745 0.734786
vt 0.571711 0.896912
vt 0.572105 0.896580
vt 0.572150 0.896912
vt 0.295434 0.946410
vt 0.295766 0.946742
vt 0.295434 0.946816
vt 0.371178 0.907142
vt 0.370800 0.907474
vt 0.370744 0.907142
vt 0.293043 0.946410
vt 0.292711 0.946742
vt 0.292637 0.946410
vt 0.569457 0.896912
vt 0.569226 0.896580
vt 0.569514 0.896505
vt 0.892442 0.724149
vt 0.892066 0.723817
vt 0.892407 0.723742
vt 0.892378 0.263303
vt 0.892096 0.263635
vt 0.892009 0.263303
vt 0.489380 0.946410
vt 0.489048 0.946742
vt 0.488974 0.946410
vt 0.373510 0.896912
vt 0.373780 0.896580
vt 0.373869 0.896912
vt 0.489380 0.944019
vt 0.489048 0.943687
vt 0.489380 0.943612
vt 0.894729 0.263302
vt 0.895100 0.263635
vt 0.894760 0.263709
vt 0.892442 0.734379
vt 0.892066 0.734711
vt 0.892009 0.734379
vt 0.295434 0.944019
vt 0.295766 0.943687
vt 0.295840 0.944019
vt 0.892378 0.253072
vt 0.892096 0.252741
vt 0.892409 0.252666
vt 0.373510 0.907142
vt 0.373780 0.907474
vt 0.373473 0.907549
vt 0.894729 0.253072
vt 0.895100 0.252740
vt 0.895160 0.253072
vt 0.293043 0.944019
vt 0.292711 0.943687
vt 0.293043 0.943612
vt 0.894780 0.771256
vt 0.895054 0.770924
vt 0.895142 0.771256
vt 0.531039 0.946410
vt 0.531370 0.946742
vt 0.531039 0.946816
vt 0.610793 0.907142
vt 0.611187 0.907474
vt 0.610850 0.907549
vt 0.531039 0.944019
vt 0.531370 0.943687
vt 0.531445 0.944019
vt 0.331989 0.896912
vt 0.331612 0.896580
vt 0.331952 0.896505
vt 0.608540 0.907142
vt 0.608309 0.907474
vt 0.608214 0.907142
vt 0.894780 0.781487
vt 0.895054 0.781819
vt 0.894745 0.781893
vt 0.610793 0.896912
vt 0.611187 0.896580
vt 0.611233 0.896912
vt 0.567915 0.946410
vt 0.567583 0.946742
vt 0.567509 0.946410
vt 0.331989 0.907142
vt 0.331612 0.907474
vt 0.331556 0.907142
vt 0.567915 0.944019
vt 0.567583 0.943687
vt 0.567915 0.943612
vt 0.608540 0.896912
vt 0.608309 0.896580
vt 0.608597 0.896505
vt 0.892442 0.771256
vt 0.892066 0.770924
vt 0.892407 0.770849
vt 0.892378 0.404627
vt 0.892096 0.404959
vt 0.892009 0.404627
vt 0.528648 0.946410
vt 0.528316 0.946742
vt 0.528241 0.946410
vt 0.334321 0.896912
vt 0.334591 0.896580
vt 0.334681 0.896912
vt 0.528648 0.944019
vt 0.528316 0.943687
vt 0.528648 0.943612
vt 0.894729 0.404626
vt 0.895100 0.404958
vt 0.894760 0.405033
vt 0.892442 0.781487
vt 0.892066 0.781819
vt 0.892009 0.781487
vt 0.570306 0.946410
vt 0.570638 0.946742
vt 0.570306 0.946816
vt 0.892378 0.394396
vt 0.892096 0.394065
vt 0.892409 0.393990
vt 0.334321 0.907142
vt 0.334591 0.907474
vt 0.334284 0.907549
vt 0.894729 0.394395
vt 0.895100 0.394064
vt 0.895160 0.394396
vt 0.570306 0.944019
vt 0.570638 0.943687
vt 0.570712 0.944019
vt 0.060000 0.896912
vt 0.060273 0.896580
vt 0.060362 0.896912
vt 0.609574 0.946410
vt 0.609905 0.946742
vt 0.609573 0.946816
vt 0.454462 0.907142
vt 0.454856 0.907474
vt 0.454519 0.907549
vt 0.609574 0.944019
vt 0.609905 0.943687
vt 0.609980 0.944019
vt 0.214424 0.896912
vt 0.214047 0.896580
vt 0.214387 0.896505
vt 0.452209 0.907142
vt 0.451978 0.907474
vt 0.451882 0.907142
vt 0.060000 0.907142
vt 0.060273 0.907474
vt 0.059964 0.907549
vt 0.454462 0.896912
vt 0.454856 0.896580
vt 0.454902 0.896912
vt 0.646450 0.946410
vt 0.646118 0.946742
vt 0.646043 0.946410
vt 0.214424 0.907142
vt 0.214047 0.907474
vt 0.213991 0.907142
vt 0.646450 0.944019
vt 0.646118 0.943687
vt 0.646450 0.943612
vt 0.452209 0.896911
vt 0.451978 0.896580
vt 0.452266 0.896505
vt 0.057661 0.896912
vt 0.057286 0.896580
vt 0.057626 0.896505
vt 0.892378 0.451735
vt 0.892096 0.452067
vt 0.892009 0.451735
vt 0.607183 0.946410
vt 0.606851 0.946742
vt 0.606776 0.946410
vt 0.216756 0.896912
vt 0.217026 0.896580
vt 0.217115 0.896912
vt 0.607183 0.944019
vt 0.606851 0.943687
vt 0.607182 0.943612
vt 0.894729 0.451734
vt 0.895100 0.452066
vt 0.894760 0.452141
vt 0.057661 0.907142
vt 0.057286 0.907474
vt 0.057229 0.907142
vt 0.648841 0.946410
vt 0.649173 0.946742
vt 0.648841 0.946816
vt 0.892378 0.441504
vt 0.892096 0.441173
vt 0.892409 0.441098
vt 0.216756 0.907142
vt 0.217026 0.907474
vt 0.216719 0.907549
vt 0.894729 0.441503
vt 0.895100 0.441172
vt 0.895160 0.441503
vt 0.648841 0.944019
vt 0.649173 0.943687
vt 0.649247 0.944019
vt 0.894780 0.818363
vt 0.895054 0.818031
vt 0.895142 0.818363
vt 0.688108 0.946410
vt 0.688440 0.946742
vt 0.688108 0.946816
vt 0.493545 0.907142
vt 0.493939 0.907474
vt 0.493601 0.907549
vt 0.688108 0.944019
vt 0.688440 0.943687
vt 0.688515 0.944019
vt 0.136047 0.896912
vt 0.135670 0.896580
vt 0.136010 0.896505
vt 0.491292 0.907142
vt 0.491060 0.907474
vt 0.490965 0.907142
vt 0.894780 0.828594
vt 0.895054 0.828926
vt 0.894745 0.829000
vt 0.493545 0.896912
vt 0.493939 0.896580
vt 0.493984 0.896912
vt 0.334701 0.946410
vt 0.335033 0.946742
vt 0.334702 0.946816
vt 0.136047 0.907142
vt 0.135670 0.907474
vt 0.135614 0.907142
vt 0.332311 0.946410
vt 0.331979 0.946742
vt 0.331904 0.946410
vt 0.491292 0.896912
vt 0.491060 0.896580
vt 0.491348 0.896505
vt 0.892442 0.818363
vt 0.892066 0.818031
vt 0.892407 0.817957
vt 0.892378 0.310411
vt 0.892096 0.310743
vt 0.892009 0.310411
vt 0.685717 0.946410
vt 0.685385 0.946742
vt 0.685311 0.946410
vt 0.138379 0.896912
vt 0.138649 0.896580
vt 0.138739 0.896912
vt 0.685717 0.944019
vt 0.685385 0.943687
vt 0.685717 0.943612
vt 0.894729 0.310410
vt 0.895100 0.310742
vt 0.894760 0.310817
vt 0.892442 0.828594
vt 0.892066 0.828926
vt 0.892009 0.828594
vt 0.334701 0.944019
vt 0.335033 0.943687
vt 0.335108 0.944019
vt 0.892378 0.300180
vt 0.892096 0.299849
vt 0.892409 0.299774
vt 0.138379 0.907142
vt 0.138649 0.907474
vt 0.138342 0.907549
vt 0.894729 0.300180
vt 0.895100 0.299848
vt 0.895160 0.300180
vt 0.332311 0.944019
vt 0.331979 0.943687
vt 0.332311 0.943612
vt 0.894780 0.629934
vt 0.895054 0.629602
vt 0.895142 0.629934
vt 0.766643 0.946410
vt 0.766975 0.946742
vt 0.766643 0.946816
vt 0.649876 0.907142
vt 0.650270 0.907474
vt 0.649933 0.907549
vt 0.766643 0.944019
vt 0.766975 0.943687
vt 0.767049 0.944019
vt 0.253613 0.896912
vt 0.253235 0.896580
vt 0.253575 0.896505
vt 0.647623 0.907142
vt 0.647392 0.907474
vt 0.647296 0.907142
vt 0.894780 0.640165
vt 0.895054 0.640497
vt 0.894745 0.640571
vt 0.649876 0.896912
vt 0.650270 0.896580
vt 0.650316 0.896912
vt 0.842787 0.946410
vt 0.842455 0.946742
vt 0.842380 0.946410
vt 0.253613 0.907142
vt 0.253235 0.907474
vt 0.253179 0.907142
vt 0.842787 0.944019
vt 0.842455 0.943687
vt 0.842787 0.943612
vt 0.647623 0.896912
vt 0.647392 0.896580
vt 0.647679 0.896505
vt 0.892442 0.629934
vt 0.892066 0.629602
vt 0.892407 0.629528
vt 0.892378 0.498842
vt 0.892096 0.499175
vt 0.892009 0.498843
vt 0.764252 0.946410
vt 0.763920 0.946742
vt 0.763846 0.946410
vt 0.255945 0.896912
vt 0.256215 0.896580
vt 0.256304 0.896912
vt 0.764252 0.944019
vt 0.763920 0.943687
vt 0.764252 0.943612
vt 0.894729 0.498842
vt 0.895100 0.499174
vt 0.894760 0.499248
vt 0.892442 0.640165
vt 0.892066 0.640497
vt 0.892009 0.640165
vt 0.845178 0.946410
vt 0.845510 0.946742
vt 0.845178 0.946816
vt 0.892378 0.488612
vt 0.892096 0.488280
vt 0.892409 0.488206
vt 0.255945 0.907142
vt 0.256215 0.907474
vt 0.255907 0.907549
vt 0.894729 0.488611
vt 0.895100 0.488279
vt 0.895160 0.488611
vt 0.845178 0.944019
vt 0.845510 0.943687
vt 0.845584 0.944019
vt 0.020803 0.896912
vt 0.021077 0.896580
vt 0.021165 0.896912
vt 0.727376 0.946410
vt 0.727707 0.946742
vt 0.727376 0.946816
vt 0.688959 0.907142
vt 0.689353 0.907474
vt 0.689015 0.907549
vt 0.727376 0.944019
vt 0.727707 0.943687
vt 0.727782 0.944019
vt 0.096859 0.896912
vt 0.096482 0.896580
vt 0.096822 0.896505
vt 0.686706 0.907142
vt 0.686474 0.907474
vt 0.686379 0.907142
vt 0.020803 0.907142
vt 0.021077 0.907474
vt 0.020768 0.907549
vt 0.688959 0.896912
vt 0.689353 0.896580
vt 0.689398 0.896912
vt 0.373969 0.946410
vt 0.374301 0.946742
vt 0.373969 0.946816
vt 0.096859 0.907142
vt 0.096482 0.907474
vt 0.096425 0.907142
vt 0.371578 0.946410
vt 0.371246 0.946742
vt 0.371172 0.946410
vt 0.686706 0.896912
vt 0.686474 0.896580
vt 0.686762 0.896505
vt 0.018464 0.896912
vt 0.018089 0.896580
vt 0.018429 0.896505
vt 0.892378 0.545950
vt 0.892096 0.546283
vt 0.892009 0.545951
vt 0.724985 0.946410
vt 0.724653 0.946742
vt 0.724578 0.946410
vt 0.099191 0.896912
vt 0.099461 0.896580
vt 0.099550 0.896912
vt 0.724985 0.944019
vt 0.724653 0.943687
vt 0.724985 0.943612
vt 0.894729 0.545950
vt 0.895100 0.546282
vt 0.894760 0.546356
vt 0.018464 0.907142
vt 0.018089 0.907474
vt 0.018032 0.907142
vt 0.373969 0.944019
vt 0.374301 0.943687
vt 0.374375 0.944019
vt 0.892378 0.535720
vt 0.892096 0.535388
vt 0.892409 0.535313
vt 0.099191 0.907142
vt 0.099461 0.907474
vt 0.099154 0.907549
vt 0.894729 0.535719
vt 0.895100 0.535387
vt 0.895160 0.535719
vt 0.371578 0.944019
vt 0.371246 0.943687
vt 0.371578 0.943612
vt 0.074190 0.796399
vt 0.074028 0.796799
vt 0.073776 0.796636
vt 0.748922 0.529011
vt 0.748613 0.529417
vt 0.748367 0.529010
vt 0.749230 0.529418
vt 0.749478 0.529012
vt 0.131609 0.779958
vt 0.131774 0.779559
vt 0.132024 0.779721
vt 0.748951 0.509929
vt 0.749261 0.509523
vt 0.749507 0.509930
vt 0.748644 0.509522
vt 0.748396 0.509928
vt 0.070478 0.794200
vt 0.070129 0.794489
vt 0.069996 0.794212
vt 0.753431 0.529018
vt 0.753078 0.529424
vt 0.752919 0.529017
vt 0.753613 0.529424
vt 0.753881 0.529018
vt 0.127306 0.779958
vt 0.127254 0.779559
vt 0.127552 0.779562
vt 0.753460 0.509936
vt 0.753643 0.509530
vt 0.753910 0.509936
vt 0.753109 0.509529
vt 0.752948 0.509935
vt 0.068364 0.790391
vt 0.067908 0.790488
vt 0.067934 0.790172
vt 0.744444 0.145581
vt 0.744263 0.145926
vt 0.743995 0.145521
vt 0.744797 0.145982
vt 0.744956 0.145621
vt 0.123551 0.782156
vt 0.123311 0.781868
vt 0.123572 0.781710
vt 0.744439 0.126816
vt 0.744791 0.126417
vt 0.744950 0.126856
vt 0.744257 0.126361
vt 0.743990 0.126755
vt 0.068413 0.785993
vt 0.067959 0.785869
vt 0.068141 0.785599
vt 0.748951 0.145800
vt 0.748643 0.146169
vt 0.748396 0.145789
vt 0.749260 0.146169
vt 0.749506 0.145789
vt 0.121352 0.785964
vt 0.121001 0.785868
vt 0.121152 0.785590
vt 0.748946 0.127035
vt 0.749254 0.126604
vt 0.749501 0.127024
vt 0.748637 0.126604
vt 0.748391 0.127024
vt 0.070612 0.782184
vt 0.070270 0.781868
vt 0.070563 0.781719
vt 0.753462 0.145581
vt 0.753110 0.145982
vt 0.752950 0.145621
vt 0.753644 0.145926
vt 0.753912 0.145521
vt 0.121297 0.790362
vt 0.120943 0.790487
vt 0.120939 0.790161
vt 0.753456 0.126816
vt 0.753639 0.126361
vt 0.753907 0.126755
vt 0.753104 0.126417
vt 0.752944 0.126856
vt 0.074373 0.779985
vt 0.074220 0.779559
vt 0.074549 0.779570
vt 0.744446 0.473034
vt 0.744264 0.473441
vt 0.743996 0.473035
vt 0.744799 0.473439
vt 0.744958 0.473033
vt 0.123402 0.794170
vt 0.123153 0.794486
vt 0.122990 0.794200
vt 0.744417 0.453952
vt 0.744769 0.453545
vt 0.744929 0.453951
vt 0.744234 0.453546
vt 0.743967 0.453953
vt 0.078687 0.779985
vt 0.078751 0.779559
vt 0.079033 0.779730
vt 0.748956 0.473026
vt 0.748648 0.473433
vt 0.748401 0.473026
vt 0.749265 0.473432
vt 0.749511 0.473025
vt 0.127101 0.796368
vt 0.127039 0.796796
vt 0.126757 0.796624
vt 0.748927 0.453944
vt 0.749235 0.453537
vt 0.749482 0.453943
vt 0.748618 0.453538
vt 0.748372 0.453944
vt 0.082399 0.782184
vt 0.082650 0.781868
vt 0.082813 0.782154
vt 0.753463 0.473020
vt 0.753112 0.473427
vt 0.752952 0.473020
vt 0.753646 0.473426
vt 0.753913 0.473020
vt 0.131404 0.796368
vt 0.131559 0.796796
vt 0.131230 0.796784
vt 0.753434 0.453938
vt 0.753616 0.453531
vt 0.753884 0.453938
vt 0.753082 0.453532
vt 0.752923 0.453938
vt 0.084513 0.785993
vt 0.084871 0.785869
vt 0.084875 0.786194
vt 0.744444 0.200945
vt 0.744261 0.201429
vt 0.743994 0.201056
vt 0.744796 0.201326
vt 0.744955 0.200870
vt 0.135158 0.794170
vt 0.135503 0.794486
vt 0.135209 0.794636
vt 0.744444 0.182963
vt 0.744796 0.182578
vt 0.744955 0.182888
vt 0.744262 0.182681
vt 0.743994 0.183074
vt 0.748952 0.201252
vt 0.748952 0.200880
vt 0.749260 0.200981
vt 0.748952 0.200541
vt 0.748644 0.200981
vt 0.748397 0.200561
vt 0.749507 0.200561
vt 0.137358 0.790362
vt 0.137812 0.790487
vt 0.137630 0.790756
vt 0.748952 0.182559
vt 0.749261 0.182233
vt 0.749508 0.182579
vt 0.748644 0.182233
vt 0.748397 0.182579
vt 0.082265 0.794200
vt 0.082509 0.794489
vt 0.082246 0.794647
vt 0.753461 0.200945
vt 0.753109 0.201326
vt 0.752949 0.200870
vt 0.753643 0.201429
vt 0.753911 0.201056
vt 0.137412 0.785964
vt 0.137870 0.785868
vt 0.137843 0.786184
vt 0.753461 0.182963
vt 0.753643 0.182681
vt 0.753911 0.183074
vt 0.753109 0.182578
vt 0.752949 0.182888
vt 0.078504 0.796399
vt 0.078559 0.796799
vt 0.078260 0.796795
vt 0.744414 0.529004
vt 0.744231 0.529410
vt 0.743964 0.529003
vt 0.744765 0.529411
vt 0.744925 0.529005
vt 0.135308 0.782156
vt 0.135660 0.781868
vt 0.135791 0.782145
vt 0.744443 0.509922
vt 0.744796 0.509516
vt 0.744955 0.509923
vt 0.744261 0.509515
vt 0.743993 0.509921
vt 0.940870 0.317286
vt 0.941143 0.316954
vt 0.941232 0.317286
vt 0.940930 0.668474
vt 0.941261 0.668806
vt 0.940930 0.668880
vt 0.854198 0.903981
vt 0.854592 0.904313
vt 0.854254 0.904388
vt 0.940930 0.663301
vt 0.941261 0.662969
vt 0.941336 0.663301
vt 0.937048 0.361232
vt 0.936671 0.360900
vt 0.937011 0.360825
vt 0.849323 0.903981
vt 0.849092 0.904313
vt 0.848997 0.903981
vt 0.940870 0.324355
vt 0.941143 0.324687
vt 0.940835 0.324762
vt 0.854198 0.896912
vt 0.854592 0.896580
vt 0.854637 0.896912
vt 0.937021 0.710523
vt 0.936689 0.710855
vt 0.936615 0.710523
vt 0.937048 0.368301
vt 0.936671 0.368633
vt 0.936615 0.368301
vt 0.937021 0.705350
vt 0.936689 0.705019
vt 0.937021 0.704944
vt 0.849323 0.896911
vt 0.849092 0.896580
vt 0.849380 0.896505
vt 0.937047 0.317286
vt 0.936672 0.316954
vt 0.937012 0.316879
vt 0.410302 0.903982
vt 0.410019 0.904315
vt 0.409933 0.903983
vt 0.937021 0.668474
vt 0.936689 0.668806
vt 0.936615 0.668474
vt 0.940860 0.361232
vt 0.941130 0.360900
vt 0.941220 0.361232
vt 0.937021 0.663301
vt 0.936689 0.662969
vt 0.937021 0.662895
vt 0.415389 0.903981
vt 0.415759 0.904313
vt 0.415419 0.904388
vt 0.937047 0.324355
vt 0.936672 0.324687
vt 0.936615 0.324355
vt 0.940930 0.710523
vt 0.941261 0.710855
vt 0.940930 0.710930
vt 0.410302 0.896913
vt 0.410019 0.896581
vt 0.410332 0.896507
vt 0.940860 0.368301
vt 0.941130 0.368633
vt 0.940823 0.368708
vt 0.415389 0.896911
vt 0.415759 0.896580
vt 0.415819 0.896912
vt 0.940930 0.705350
vt 0.941261 0.705019
vt 0.941336 0.705350
vt 0.110871 0.859613
vt 0.111203 0.859887
vt 0.110871 0.859975
vt 0.321153 0.860035
vt 0.320821 0.860367
vt 0.320746 0.860035
vt 0.939195 0.879986
vt 0.939589 0.880318
vt 0.939251 0.880392
vt 0.323544 0.860035
vt 0.323875 0.860367
vt 0.323543 0.860442
vt 0.147747 0.859486
vt 0.147415 0.859863
vt 0.147341 0.859523
vt 0.936942 0.879986
vt 0.936710 0.880318
vt 0.936615 0.879986
vt 0.107595 0.859613
vt 0.107263 0.859887
vt 0.107188 0.859578
vt 0.939195 0.876710
vt 0.939589 0.876378
vt 0.939634 0.876710
vt 0.284276 0.860035
vt 0.284608 0.860367
vt 0.284276 0.860441
vt 0.151023 0.859486
vt 0.151355 0.859863
vt 0.151023 0.859919
vt 0.281885 0.860035
vt 0.281553 0.860367
vt 0.281479 0.860035
vt 0.936942 0.876710
vt 0.936710 0.876378
vt 0.936998 0.876303
vt 0.110871 0.839715
vt 0.111203 0.839339
vt 0.111277 0.839679
vt 0.936984 0.839833
vt 0.936702 0.840165
vt 0.936615 0.839833
vt 0.321153 0.839689
vt 0.320821 0.839357
vt 0.321152 0.839282
vt 0.147747 0.839641
vt 0.147415 0.839371
vt 0.147747 0.839282
vt 0.323544 0.839689
vt 0.323875 0.839357
vt 0.323950 0.839689
vt 0.939335 0.839832
vt 0.939706 0.840164
vt 0.939366 0.840239
vt 0.107595 0.839715
vt 0.107263 0.839339
vt 0.107595 0.839282
vt 0.284276 0.839688
vt 0.284608 0.839357
vt 0.284682 0.839688
vt 0.936984 0.836557
vt 0.936702 0.836225
vt 0.937015 0.836151
vt 0.151023 0.839641
vt 0.151355 0.839371
vt 0.151430 0.839678
vt 0.939335 0.836556
vt 0.939706 0.836224
vt 0.939765 0.836556
vt 0.281885 0.839688
vt 0.281553 0.839357
vt 0.281885 0.839282
vt 0.019387 0.946787
vt 0.019979 0.946561
vt 0.019927 0.946834
vt 0.020045 0.945992
vt 0.019716 0.946421
vt 0.020446 0.946787
vt 0.020270 0.946421
vt 0.096398 0.944771
vt 0.096908 0.944651
vt 0.096769 0.944943
vt 0.097224 0.944105
vt 0.096774 0.944408
vt 0.097216 0.945133
vt 0.097201 0.944594
vt 0.882604 0.944032
vt 0.882381 0.943658
vt 0.882681 0.943612
vt 0.020463 0.946780
vt 0.020743 0.946236
vt 0.020880 0.946429
vt 0.020418 0.945834
vt 0.020465 0.946338
vt 0.098308 0.944226
vt 0.097708 0.944422
vt 0.097772 0.944123
vt 0.097606 0.945022
vt 0.097964 0.944602
vt 0.097242 0.944100
vt 0.097406 0.944536
vt 0.883707 0.944034
vt 0.883164 0.943717
vt 0.883449 0.943627
vt 0.882621 0.944034
vt 0.883164 0.943996
vt 0.020572 0.945452
vt 0.021060 0.945452
vt 0.020938 0.945736
vt 0.099007 0.945080
vt 0.098448 0.944833
vt 0.098694 0.944635
vt 0.097966 0.945222
vt 0.098509 0.945149
vt 0.098325 0.944235
vt 0.098152 0.944706
vt 0.020463 0.944124
vt 0.020743 0.944668
vt 0.020465 0.944566
vt 0.883725 0.944032
vt 0.883949 0.943658
vt 0.884142 0.943923
vt 0.020418 0.945070
vt 0.020857 0.944968
vt 0.098910 0.946167
vt 0.098693 0.945643
vt 0.098999 0.945644
vt 0.098086 0.945616
vt 0.098518 0.945915
vt 0.099012 0.945098
vt 0.098572 0.945355
vt 0.019387 0.944116
vt 0.019979 0.944343
vt 0.019716 0.944483
vt 0.020446 0.944116
vt 0.019927 0.944070
vt 0.020045 0.944911
vt 0.020270 0.944483
vt 0.098075 0.946850
vt 0.098300 0.946377
vt 0.098510 0.946559
vt 0.097894 0.945974
vt 0.097986 0.946451
vt 0.098901 0.946183
vt 0.098418 0.946102
vt 0.018621 0.944891
vt 0.019214 0.944668
vt 0.019129 0.944968
vt 0.019370 0.944124
vt 0.018974 0.944475
vt 0.019672 0.945070
vt 0.019521 0.944566
vt 0.177592 0.945791
vt 0.178038 0.946015
vt 0.177753 0.946208
vt 0.097504 0.946086
vt 0.097500 0.946606
vt 0.097223 0.946444
vt 0.098057 0.946855
vt 0.097781 0.946510
vt 0.018614 0.945994
vt 0.018897 0.945452
vt 0.019048 0.945736
vt 0.018614 0.944909
vt 0.018579 0.945452
vt 0.019518 0.945452
vt 0.019048 0.945168
vt 0.177590 0.944688
vt 0.177930 0.945231
vt 0.177618 0.945231
vt 0.097144 0.945886
vt 0.096760 0.946195
vt 0.096677 0.945897
vt 0.177590 0.945774
vt 0.178038 0.945515
vt 0.019370 0.946780
vt 0.019214 0.946236
vt 0.019521 0.946338
vt 0.018621 0.946012
vt 0.018974 0.946429
vt 0.019672 0.945834
vt 0.019129 0.945936
vt 0.096389 0.944788
vt 0.096515 0.945385
vt 0.096285 0.945323
vt 0.097024 0.945491
vt 0.096668 0.945130
vt 0.177592 0.944670
vt 0.178038 0.944447
vt 0.178065 0.944747
vt 0.058514 0.946787
vt 0.059105 0.946561
vt 0.059053 0.946834
vt 0.059172 0.945992
vt 0.058842 0.946421
vt 0.059572 0.946787
vt 0.059396 0.946421
vt 0.135700 0.944771
vt 0.136210 0.944651
vt 0.136071 0.944943
vt 0.136526 0.944105
vt 0.136076 0.944408
vt 0.136518 0.945133
vt 0.136503 0.944594
vt 0.921700 0.944032
vt 0.921477 0.943658
vt 0.921777 0.943612
vt 0.059590 0.946780
vt 0.059870 0.946236
vt 0.060006 0.946429
vt 0.059544 0.945834
vt 0.059592 0.946338
vt 0.137610 0.944226
vt 0.137011 0.944422
vt 0.137074 0.944123
vt 0.136908 0.945022
vt 0.137266 0.944602
vt 0.136544 0.944099
vt 0.136708 0.944536
vt 0.922803 0.944034
vt 0.922261 0.943717
vt 0.922545 0.943627
vt 0.921718 0.944034
vt 0.922261 0.943996
vt 0.059699 0.945452
vt 0.060187 0.945452
vt 0.060064 0.945736
vt 0.138309 0.945080
vt 0.137750 0.944833
vt 0.137996 0.944635
vt 0.137268 0.945222
vt 0.137811 0.945149
vt 0.137627 0.944235
vt 0.137455 0.944706
vt 0.059590 0.944124
vt 0.059870 0.944668
vt 0.059592 0.944566
vt 0.922821 0.944032
vt 0.923046 0.943658
vt 0.923238 0.943923
vt 0.059544 0.945070
vt 0.059984 0.944968
vt 0.138212 0.946167
vt 0.137995 0.945643
vt 0.138301 0.945644
vt 0.137388 0.945616
vt 0.137820 0.945915
vt 0.138314 0.945098
vt 0.137874 0.945355
vt 0.058514 0.944116
vt 0.059105 0.944343
vt 0.058842 0.944483
vt 0.059572 0.944116
vt 0.059053 0.944070
vt 0.059172 0.944911
vt 0.059396 0.944483
vt 0.137377 0.946850
vt 0.137602 0.946377
vt 0.137812 0.946559
vt 0.137196 0.945974
vt 0.137288 0.946451
vt 0.138203 0.946183
vt 0.137720 0.946102
vt 0.057748 0.944891
vt 0.058340 0.944668
vt 0.058255 0.944968
vt 0.058496 0.944124
vt 0.058100 0.944475
vt 0.058799 0.945070
vt 0.058647 0.944566
vt 0.216832 0.945791
vt 0.217278 0.946015
vt 0.216993 0.946208
vt 0.136806 0.946086
vt 0.136802 0.946606
vt 0.136525 0.946444
vt 0.137359 0.946855
vt 0.137083 0.946510
vt 0.057741 0.945995
vt 0.058023 0.945452
vt 0.058174 0.945736
vt 0.057741 0.944909
vt 0.057705 0.945452
vt 0.058644 0.945452
vt 0.058174 0.945168
vt 0.216830 0.944688
vt 0.217170 0.945231
vt 0.216858 0.945231
vt 0.136446 0.945886
vt 0.136062 0.946195
vt 0.135980 0.945896
vt 0.216830 0.945773
vt 0.217278 0.945515
vt 0.058496 0.946780
vt 0.058340 0.946236
vt 0.058647 0.946338
vt 0.057748 0.946012
vt 0.058100 0.946429
vt 0.058799 0.945834
vt 0.058255 0.945936
vt 0.135691 0.944788
vt 0.135817 0.945385
vt 0.135587 0.945323
vt 0.136326 0.945491
vt 0.135971 0.945130
vt 0.216832 0.944670
vt 0.217278 0.944447
vt 0.217306 0.944747
vt 0.806824 0.646682
vt 0.807155 0.646956
vt 0.806824 0.647044
vt 0.063017 0.854345
vt 0.062684 0.854677
vt 0.062610 0.854345
vt 0.853407 0.462413
vt 0.853801 0.462745
vt 0.853463 0.462820
vt 0.070718 0.854345
vt 0.071050 0.854677
vt 0.070718 0.854751
vt 0.795328 0.697762
vt 0.794997 0.698139
vt 0.794922 0.697799
vt 0.846149 0.462413
vt 0.845918 0.462745
vt 0.845823 0.462413
vt 0.795328 0.646682
vt 0.794997 0.646956
vt 0.794922 0.646647
vt 0.853407 0.450918
vt 0.853801 0.450586
vt 0.853846 0.450918
vt 0.026140 0.854345
vt 0.026472 0.854677
vt 0.026140 0.854751
vt 0.806824 0.697762
vt 0.807155 0.698139
vt 0.806824 0.698195
vt 0.018438 0.854345
vt 0.018106 0.854677
vt 0.018032 0.854345
vt 0.846149 0.450918
vt 0.845918 0.450586
vt 0.846206 0.450512
vt 0.806824 0.632348
vt 0.807155 0.631973
vt 0.807230 0.632313
vt 0.846192 0.320327
vt 0.845909 0.320659
vt 0.845823 0.320327
vt 0.063017 0.839689
vt 0.062684 0.839357
vt 0.063016 0.839282
vt 0.795328 0.683467
vt 0.794997 0.683197
vt 0.795328 0.683108
vt 0.070718 0.839689
vt 0.071050 0.839357
vt 0.071125 0.839688
vt 0.853766 0.320325
vt 0.854136 0.320657
vt 0.853796 0.320731
vt 0.795328 0.632348
vt 0.794997 0.631973
vt 0.795328 0.631916
vt 0.026140 0.839688
vt 0.026472 0.839357
vt 0.026546 0.839688
vt 0.846192 0.308832
vt 0.845909 0.308500
vt 0.846222 0.308426
vt 0.806824 0.683467
vt 0.807155 0.683197
vt 0.807230 0.683504
vt 0.853766 0.308830
vt 0.854136 0.308498
vt 0.854196 0.308830
vt 0.018438 0.839688
vt 0.018106 0.839357
vt 0.018438 0.839282
vt 0.939033 0.582101
vt 0.939365 0.582375
vt 0.939033 0.582463
vt 0.937021 0.755102
vt 0.936689 0.755433
vt 0.936615 0.755101
vt 0.980615 0.216134
vt 0.981009 0.216465
vt 0.980671 0.216540
vt 0.938401 0.755102
vt 0.938733 0.755433
vt 0.938401 0.755508
vt 0.937021 0.626398
vt 0.936689 0.626775
vt 0.936615 0.626435
vt 0.979315 0.216134
vt 0.979084 0.216465
vt 0.978988 0.216134
vt 0.937021 0.582101
vt 0.936689 0.582375
vt 0.936615 0.582066
vt 0.980615 0.214122
vt 0.981009 0.213790
vt 0.981054 0.214122
vt 0.938401 0.799680
vt 0.938733 0.800012
vt 0.938401 0.800086
vt 0.939033 0.626398
vt 0.939365 0.626775
vt 0.939033 0.626831
vt 0.937021 0.799680
vt 0.936689 0.800012
vt 0.936615 0.799680
vt 0.979315 0.214122
vt 0.979084 0.213790
vt 0.979371 0.213715
vt 0.939033 0.574569
vt 0.939365 0.574193
vt 0.939439 0.574534
vt 0.979357 0.177245
vt 0.979075 0.177578
vt 0.978988 0.177246
vt 0.937021 0.747400
vt 0.936689 0.747068
vt 0.937021 0.746993
vt 0.937021 0.618886
vt 0.936690 0.618616
vt 0.937021 0.618527
vt 0.938401 0.747400
vt 0.938733 0.747068
vt 0.938807 0.747400
vt 0.980714 0.177245
vt 0.981084 0.177577
vt 0.980744 0.177651
vt 0.937021 0.574569
vt 0.936689 0.574193
vt 0.937021 0.574136
vt 0.938401 0.791978
vt 0.938733 0.791646
vt 0.938807 0.791978
vt 0.979357 0.175234
vt 0.979075 0.174902
vt 0.979388 0.174827
vt 0.939033 0.618886
vt 0.939365 0.618616
vt 0.939440 0.618923
vt 0.980714 0.175233
vt 0.981084 0.174902
vt 0.981144 0.175233
vt 0.937021 0.791978
vt 0.936689 0.791646
vt 0.937021 0.791572
vt 0.768948 0.902616
vt 0.768481 0.902390
vt 0.768772 0.902250
vt 0.767890 0.902616
vt 0.768429 0.902663
vt 0.768547 0.901821
vt 0.768218 0.902250
vt 0.938374 0.237359
vt 0.938952 0.237615
vt 0.938724 0.237773
vt 0.939398 0.237257
vt 0.938863 0.237329
vt 0.939126 0.238108
vt 0.939257 0.237721
vt 0.938331 0.489943
vt 0.938108 0.489569
vt 0.938408 0.489523
vt 0.769707 0.902294
vt 0.769987 0.901750
vt 0.770124 0.901943
vt 0.769661 0.901348
vt 0.769709 0.901852
vt 0.938074 0.235520
vt 0.938334 0.236095
vt 0.938029 0.236064
vt 0.938941 0.236133
vt 0.938485 0.235822
vt 0.938063 0.236594
vt 0.938479 0.236384
vt 0.940194 0.490002
vt 0.939652 0.489685
vt 0.939936 0.489596
vt 0.939109 0.490002
vt 0.939651 0.489964
vt 0.770123 0.900206
vt 0.770611 0.900206
vt 0.770489 0.900490
vt 0.939167 0.233978
vt 0.938982 0.234560
vt 0.938758 0.234337
vt 0.939420 0.234997
vt 0.939289 0.234465
vt 0.938400 0.234747
vt 0.938887 0.234868
vt 0.769707 0.898118
vt 0.769987 0.898662
vt 0.769709 0.898560
vt 0.940972 0.489943
vt 0.941197 0.489569
vt 0.941390 0.489834
vt 0.769661 0.899064
vt 0.770101 0.898962
vt 0.941012 0.233637
vt 0.940515 0.233909
vt 0.940483 0.233604
vt 0.940554 0.234515
vt 0.940804 0.234053
vt 0.939939 0.233650
vt 0.940242 0.234060
vt 0.767890 0.897796
vt 0.768481 0.898022
vt 0.768218 0.898162
vt 0.768948 0.897796
vt 0.768429 0.897749
vt 0.768547 0.898591
vt 0.768772 0.898162
vt 0.942530 0.234695
vt 0.942036 0.234522
vt 0.942194 0.234294
vt 0.941679 0.234969
vt 0.942143 0.234827
vt 0.941778 0.233946
vt 0.941750 0.234435
vt 0.766382 0.898885
vt 0.766975 0.898662
vt 0.766890 0.898962
vt 0.767131 0.898118
vt 0.766735 0.898469
vt 0.767433 0.899064
vt 0.767282 0.898560
vt 0.938331 0.410611
vt 0.938107 0.411057
vt 0.937914 0.410772
vt 0.942136 0.236093
vt 0.942653 0.236041
vt 0.942522 0.236334
vt 0.942841 0.235461
vt 0.942527 0.235772
vt 0.766068 0.900749
vt 0.766351 0.900206
vt 0.766502 0.900490
vt 0.766068 0.899663
vt 0.766033 0.900206
vt 0.766972 0.900206
vt 0.766502 0.899922
vt 0.940194 0.410503
vt 0.939651 0.410843
vt 0.939651 0.410531
vt 0.941657 0.237228
vt 0.942006 0.237577
vt 0.941718 0.237691
vt 0.939109 0.410503
vt 0.939367 0.410951
vt 0.767131 0.902294
vt 0.766975 0.901750
vt 0.767282 0.901852
vt 0.766382 0.901527
vt 0.766735 0.901943
vt 0.767433 0.901348
vt 0.766890 0.901450
vt 0.939892 0.238417
vt 0.940473 0.238228
vt 0.940435 0.238464
vt 0.940523 0.237710
vt 0.940202 0.238103
vt 0.940972 0.410611
vt 0.941195 0.411057
vt 0.940895 0.411084
vt 0.811174 0.902616
vt 0.810707 0.902390
vt 0.810998 0.902250
vt 0.810116 0.902616
vt 0.810655 0.902663
vt 0.810773 0.901821
vt 0.810444 0.902250
vt 0.938374 0.279703
vt 0.938951 0.279959
vt 0.938724 0.280118
vt 0.939398 0.279601
vt 0.938863 0.279673
vt 0.939126 0.280453
vt 0.939257 0.280066
vt 0.938331 0.532250
vt 0.938108 0.531875
vt 0.938408 0.531830
vt 0.811933 0.902294
vt 0.812213 0.901750
vt 0.812349 0.901943
vt 0.811887 0.901348
vt 0.811935 0.901852
vt 0.938074 0.277865
vt 0.938334 0.278440
vt 0.938029 0.278409
vt 0.938941 0.278477
vt 0.938485 0.278167
vt 0.938063 0.278938
vt 0.938479 0.278729
vt 0.940194 0.532308
vt 0.939652 0.531991
vt 0.939936 0.531902
vt 0.939109 0.532308
vt 0.939651 0.532271
vt 0.812349 0.900206
vt 0.812837 0.900206
vt 0.812714 0.900490
vt 0.939166 0.276323
vt 0.938981 0.276905
vt 0.938758 0.276682
vt 0.939420 0.277342
vt 0.939289 0.276810
vt 0.938400 0.277091
vt 0.938887 0.277212
vt 0.811933 0.898118
vt 0.812213 0.898662
vt 0.811935 0.898560
vt 0.940972 0.532250
vt 0.941197 0.531875
vt 0.941390 0.532140
vt 0.811887 0.899064
vt 0.812327 0.898962
vt 0.941012 0.275981
vt 0.940515 0.276253
vt 0.940483 0.275949
vt 0.940554 0.276860
vt 0.940804 0.276398
vt 0.939939 0.275995
vt 0.940242 0.276405
vt 0.810116 0.897796
vt 0.810707 0.898022
vt 0.810444 0.898162
vt 0.811174 0.897796
vt 0.810655 0.897749
vt 0.810773 0.898591
vt 0.810998 0.898162
vt 0.942530 0.277040
vt 0.942036 0.276867
vt 0.942194 0.276639
vt 0.941679 0.277314
vt 0.942143 0.277172
vt 0.941778 0.276290
vt 0.941750 0.276779
vt 0.808608 0.898885
vt 0.809201 0.898662
vt 0.809116 0.898962
vt 0.809357 0.898118
vt 0.808961 0.898469
vt 0.809659 0.899064
vt 0.809508 0.898560
vt 0.938331 0.452986
vt 0.938107 0.453433
vt 0.937914 0.453148
vt 0.942136 0.278438
vt 0.942653 0.278386
vt 0.942522 0.278678
vt 0.942841 0.277805
vt 0.942527 0.278116
vt 0.808294 0.900749
vt 0.808577 0.900206
vt 0.808728 0.900490
vt 0.808294 0.899663
vt 0.808259 0.900206
vt 0.809198 0.900206
vt 0.808728 0.899922
vt 0.940194 0.452879
vt 0.939651 0.453219
vt 0.939651 0.452907
vt 0.941657 0.279573
vt 0.942006 0.279921
vt 0.941718 0.280035
vt 0.939109 0.452879
vt 0.939367 0.453327
vt 0.809357 0.902294
vt 0.809201 0.901750
vt 0.809508 0.901852
vt 0.808608 0.901527
vt 0.808961 0.901943
vt 0.809659 0.901348
vt 0.809116 0.901450
vt 0.939892 0.280762
vt 0.940472 0.280573
vt 0.940435 0.280808
vt 0.940523 0.280055
vt 0.940202 0.280447
vt 0.940972 0.452986
vt 0.941196 0.453433
vt 0.940896 0.453460
vt 0.748351 0.694264
vt 0.748973 0.693665
vt 0.748866 0.694200
vt 0.747729 0.693665
vt 0.747835 0.694200
vt 0.747700 0.693089
vt 0.748351 0.693378
vt 0.748708 0.692527
vt 0.747993 0.692527
vt 0.748351 0.691993
vt 0.749002 0.693089
vt 0.752157 0.682929
vt 0.752809 0.682701
vt 0.752544 0.683390
vt 0.795638 0.795177
vt 0.794922 0.794769
vt 0.795350 0.794739
vt 0.175437 0.781541
vt 0.174492 0.781700
vt 0.175152 0.781270
vt 0.174831 0.782406
vt 0.175140 0.781933
vt 0.753158 0.683590
vt 0.752868 0.683881
vt 0.174013 0.795474
vt 0.174395 0.795227
vt 0.174418 0.795852
vt 0.174386 0.794587
vt 0.173934 0.794919
vt 0.173963 0.794347
vt 0.174861 0.794841
vt 0.174888 0.795532
vt 0.174916 0.796134
vt 0.803903 0.741164
vt 0.803320 0.740504
vt 0.803829 0.740649
vt 0.803320 0.741825
vt 0.803829 0.741680
vt 0.802755 0.741860
vt 0.803049 0.741165
vt 0.802317 0.740772
vt 0.802317 0.741557
vt 0.801950 0.741164
vt 0.802755 0.740469
vt 0.230852 0.794914
vt 0.230400 0.794582
vt 0.230823 0.794342
vt 0.230773 0.795469
vt 0.230392 0.795222
vt 0.229898 0.795527
vt 0.230368 0.795847
vt 0.229870 0.796129
vt 0.229926 0.794835
vt 0.794922 0.787215
vt 0.795638 0.786805
vt 0.795350 0.787243
vt 0.744545 0.682929
vt 0.743892 0.682701
vt 0.744574 0.682469
vt 0.743544 0.683590
vt 0.744157 0.683390
vt 0.743834 0.683881
vt 0.229956 0.782404
vt 0.230294 0.781698
vt 0.230431 0.782577
vt 0.229349 0.781538
vt 0.229646 0.781930
vt 0.183878 0.786936
vt 0.183408 0.787257
vt 0.183380 0.786654
vt 0.184282 0.787314
vt 0.183901 0.787562
vt 0.183910 0.788202
vt 0.184362 0.787869
vt 0.184332 0.788442
vt 0.183436 0.787949
vt 0.795581 0.745350
vt 0.794922 0.744941
vt 0.795293 0.744912
vt 0.182854 0.801242
vt 0.183799 0.801083
vt 0.183139 0.801512
vt 0.183461 0.800378
vt 0.183151 0.800851
vt 0.020744 0.799376
vt 0.020131 0.799183
vt 0.020421 0.798887
vt 0.021132 0.799838
vt 0.020479 0.800071
vt 0.221322 0.800373
vt 0.220983 0.801079
vt 0.220847 0.800200
vt 0.221929 0.801239
vt 0.221632 0.800847
vt 0.794922 0.737387
vt 0.795581 0.736978
vt 0.795293 0.737416
vt 0.028744 0.799838
vt 0.029396 0.800071
vt 0.028715 0.800300
vt 0.029745 0.799183
vt 0.029131 0.799376
vt 0.029455 0.798887
vt 0.221380 0.787250
vt 0.220910 0.786930
vt 0.221408 0.786648
vt 0.221352 0.787942
vt 0.220886 0.787555
vt 0.220425 0.787863
vt 0.220877 0.788195
vt 0.220455 0.788435
vt 0.220505 0.787308
vt 0.803408 0.791682
vt 0.803736 0.790986
vt 0.803949 0.791647
vt 0.802992 0.790593
vt 0.802992 0.791379
vt 0.802618 0.790986
vt 0.803408 0.790291
vt 0.804501 0.790987
vt 0.803949 0.790326
vt 0.804416 0.790471
vt 0.804416 0.791503
vt 0.024286 0.789642
vt 0.024937 0.789351
vt 0.024580 0.790203
vt 0.024937 0.788469
vt 0.024315 0.789067
vt 0.024422 0.788535
vt 0.025559 0.789067
vt 0.025453 0.788535
vt 0.025588 0.789642
vt 0.025295 0.790203
vt 0.024937 0.790737
vt 0.456148 0.241841
vt 0.456480 0.242115
vt 0.456148 0.242203
vt 0.502827 0.169348
vt 0.502495 0.169679
vt 0.502420 0.169348
vt 0.437127 0.667738
vt 0.437521 0.668070
vt 0.437183 0.668145
vt 0.514322 0.169348
vt 0.514654 0.169679
vt 0.514322 0.169754
vt 0.419363 0.334237
vt 0.419031 0.334614
vt 0.418957 0.334274
vt 0.426294 0.667738
vt 0.426063 0.668070
vt 0.425968 0.667738
vt 0.419363 0.241841
vt 0.419031 0.242115
vt 0.418957 0.241806
vt 0.437127 0.630954
vt 0.437521 0.630622
vt 0.437566 0.630954
vt 0.514322 0.075455
vt 0.514654 0.075787
vt 0.514322 0.075861
vt 0.456148 0.334236
vt 0.456480 0.334613
vt 0.456148 0.334669
vt 0.502827 0.075455
vt 0.502495 0.075787
vt 0.502420 0.075455
vt 0.426294 0.630953
vt 0.426063 0.630622
vt 0.426351 0.630547
vt 0.456148 0.186081
vt 0.456480 0.185706
vt 0.456554 0.186046
vt 0.378170 0.667741
vt 0.377887 0.668074
vt 0.377800 0.667742
vt 0.502827 0.112331
vt 0.502495 0.111999
vt 0.502827 0.111925
vt 0.419363 0.278627
vt 0.419031 0.278357
vt 0.419363 0.278268
vt 0.514322 0.112331
vt 0.514654 0.111999
vt 0.514728 0.112331
vt 0.389474 0.667738
vt 0.389844 0.668070
vt 0.389504 0.668145
vt 0.419363 0.186081
vt 0.419031 0.185706
vt 0.419363 0.185648
vt 0.514322 0.018438
vt 0.514654 0.018106
vt 0.514728 0.018438
vt 0.378170 0.630956
vt 0.377887 0.630625
vt 0.378200 0.630550
vt 0.456148 0.278626
vt 0.456480 0.278356
vt 0.456554 0.278663
vt 0.389474 0.630953
vt 0.389844 0.630622
vt 0.389904 0.630953
vt 0.502827 0.018438
vt 0.502495 0.018106
vt 0.502827 0.018032
vt 0.338497 0.714630
vt 0.338112 0.714449
vt 0.338294 0.714206
vt 0.747728 0.645999
vt 0.747418 0.646406
vt 0.747182 0.645999
vt 0.748038 0.646406
vt 0.748275 0.645999
vt 0.463759 0.720512
vt 0.464143 0.720697
vt 0.463962 0.720938
vt 0.747728 0.624388
vt 0.748038 0.623982
vt 0.748275 0.624388
vt 0.747418 0.623982
vt 0.747182 0.624388
vt 0.341945 0.710014
vt 0.341713 0.709628
vt 0.342015 0.709544
vt 0.753613 0.645999
vt 0.753260 0.646406
vt 0.753127 0.645999
vt 0.753762 0.646406
vt 0.754012 0.645999
vt 0.463759 0.714765
vt 0.464143 0.714694
vt 0.464153 0.714996
vt 0.285840 0.708217
vt 0.286162 0.707845
vt 0.286220 0.708290
vt 0.753260 0.623982
vt 0.753613 0.624388
vt 0.753127 0.624388
vt 0.347524 0.708307
vt 0.347540 0.707845
vt 0.347844 0.707958
vt 0.290846 0.730130
vt 0.290606 0.730482
vt 0.290349 0.730086
vt 0.291195 0.730517
vt 0.291389 0.730148
vt 0.460313 0.710065
vt 0.460543 0.709785
vt 0.460743 0.710026
vt 0.290840 0.708877
vt 0.291189 0.708465
vt 0.291383 0.708895
vt 0.290599 0.708430
vt 0.290343 0.708834
vt 0.353102 0.710160
vt 0.353366 0.709780
vt 0.353555 0.710053
vt 0.297034 0.730130
vt 0.296685 0.730517
vt 0.296491 0.730147
vt 0.297276 0.730482
vt 0.297531 0.730086
vt 0.454735 0.708207
vt 0.454719 0.707845
vt 0.455033 0.707927
vt 0.297028 0.708877
vt 0.297269 0.708430
vt 0.297525 0.708834
vt 0.296679 0.708465
vt 0.296485 0.708895
vt 0.356550 0.714867
vt 0.356967 0.714696
vt 0.356967 0.715029
vt 0.741844 0.587512
vt 0.741695 0.587918
vt 0.741444 0.587512
vt 0.742197 0.587918
vt 0.742330 0.587511
vt 0.449158 0.709901
vt 0.448894 0.709614
vt 0.449205 0.709501
vt 0.741844 0.565901
vt 0.742197 0.565494
vt 0.742330 0.565900
vt 0.301716 0.707845
vt 0.302039 0.708217
vt 0.301658 0.708290
vt 0.356550 0.720628
vt 0.356967 0.720713
vt 0.356775 0.720985
vt 0.747731 0.587510
vt 0.747420 0.587916
vt 0.747184 0.587510
vt 0.748041 0.587916
vt 0.748277 0.587510
vt 0.445711 0.714500
vt 0.445294 0.714418
vt 0.445485 0.714145
vt 0.747731 0.565899
vt 0.748041 0.565492
vt 0.748277 0.565899
vt 0.747420 0.565492
vt 0.747184 0.565899
vt 0.353102 0.725244
vt 0.353366 0.725534
vt 0.353054 0.725647
vt 0.753613 0.587512
vt 0.753260 0.587918
vt 0.753128 0.587511
vt 0.393353 0.730120
vt 0.393031 0.729787
vt 0.393411 0.729653
vt 0.445711 0.720248
vt 0.445294 0.720420
vt 0.445294 0.720087
vt 0.753613 0.565901
vt 0.753762 0.565494
vt 0.754012 0.565901
vt 0.753260 0.565494
vt 0.753128 0.565900
vt 0.347524 0.726951
vt 0.347540 0.727317
vt 0.347225 0.727234
vt 0.398036 0.728570
vt 0.397795 0.729040
vt 0.397539 0.728650
vt 0.398385 0.728976
vt 0.398579 0.728537
vt 0.449158 0.724948
vt 0.448894 0.725329
vt 0.448705 0.725057
vt 0.398037 0.708205
vt 0.398385 0.707845
vt 0.398579 0.708171
vt 0.397795 0.707909
vt 0.397539 0.708284
vt 0.341945 0.725098
vt 0.341713 0.725381
vt 0.341514 0.725139
vt 0.404224 0.728570
vt 0.403875 0.728976
vt 0.403681 0.728537
vt 0.404465 0.729040
vt 0.404721 0.728650
vt 0.454735 0.726806
vt 0.454719 0.727270
vt 0.454414 0.727156
vt 0.404224 0.708205
vt 0.404466 0.707909
vt 0.404721 0.708284
vt 0.403876 0.707845
vt 0.403682 0.708171
vt 0.338497 0.720392
vt 0.338112 0.720466
vt 0.338103 0.720163
vt 0.409230 0.729787
vt 0.408907 0.730120
vt 0.408849 0.729653
vt 0.742196 0.646406
vt 0.741843 0.645999
vt 0.742329 0.645999
vt 0.460313 0.725111
vt 0.460543 0.725500
vt 0.460242 0.725582
vt 0.741843 0.624388
vt 0.742196 0.623982
vt 0.742329 0.624388
vt 0.741695 0.623982
vt 0.741444 0.624388
vt 0.940852 0.018373
vt 0.941073 0.018032
vt 0.941324 0.018292
vt 0.062427 0.425460
vt 0.061896 0.425128
vt 0.062271 0.425054
vt 0.061365 0.425460
vt 0.061896 0.425460
vt 0.892844 0.902806
vt 0.892655 0.903159
vt 0.892381 0.902886
vt 0.061365 0.512824
vt 0.061896 0.513156
vt 0.061520 0.513231
vt 0.062427 0.512824
vt 0.061896 0.512824
vt 0.942483 0.020006
vt 0.942925 0.019862
vt 0.942922 0.020178
vt 0.059305 0.425460
vt 0.059653 0.425054
vt 0.059745 0.425460
vt 0.100900 0.511287
vt 0.100551 0.510871
vt 0.100991 0.510936
vt 0.895236 0.902764
vt 0.895355 0.903129
vt 0.895044 0.903161
vt 0.100551 0.425432
vt 0.100900 0.425054
vt 0.100991 0.425497
vt 0.059653 0.513231
vt 0.059305 0.512824
vt 0.059745 0.512824
vt 0.942483 0.022414
vt 0.942925 0.022586
vt 0.942696 0.022831
vt 0.103142 0.511095
vt 0.102831 0.511454
vt 0.102611 0.511076
vt 0.103453 0.511454
vt 0.103673 0.511076
vt 0.896919 0.901022
vt 0.897241 0.901151
vt 0.896976 0.901450
vt 0.103673 0.425637
vt 0.103142 0.425312
vt 0.103517 0.425207
vt 0.102611 0.425637
vt 0.103142 0.425664
vt 0.940852 0.024184
vt 0.941080 0.024589
vt 0.940745 0.024615
vt 0.105733 0.510871
vt 0.105384 0.511287
vt 0.105293 0.510936
vt 0.018381 0.513231
vt 0.018032 0.512824
vt 0.018472 0.512824
vt 0.896905 0.898601
vt 0.897243 0.898419
vt 0.897279 0.898751
vt 0.018032 0.425460
vt 0.018381 0.425054
vt 0.018472 0.425460
vt 0.105384 0.425054
vt 0.105733 0.425432
vt 0.105293 0.425497
vt 0.938546 0.024281
vt 0.938470 0.024699
vt 0.938212 0.024485
vt 0.020624 0.512825
vt 0.020313 0.513231
vt 0.020093 0.512825
vt 0.020935 0.513231
vt 0.021155 0.512825
vt 0.895204 0.896919
vt 0.895318 0.896516
vt 0.895575 0.896733
vt 0.020624 0.425461
vt 0.020935 0.425055
vt 0.021155 0.425461
vt 0.020313 0.425055
vt 0.020093 0.425461
vt 0.936915 0.022647
vt 0.936642 0.022843
vt 0.936615 0.022432
vt 0.022775 0.512824
vt 0.023147 0.513156
vt 0.022774 0.513231
vt 0.142263 0.510787
vt 0.141891 0.511194
vt 0.141797 0.510849
vt 0.892811 0.896961
vt 0.892611 0.896563
vt 0.892947 0.896541
vt 0.141824 0.425647
vt 0.142172 0.425230
vt 0.142263 0.425578
vt 0.022866 0.425054
vt 0.023214 0.425460
vt 0.022775 0.425460
vt 0.144415 0.511288
vt 0.144415 0.510963
vt 0.144790 0.511069
vt 0.143884 0.510638
vt 0.144039 0.511069
vt 0.144946 0.510638
vt 0.144415 0.510610
vt 0.891129 0.898703
vt 0.890708 0.898534
vt 0.890932 0.898289
vt 0.144415 0.425410
vt 0.144726 0.425054
vt 0.144946 0.425430
vt 0.144104 0.425054
vt 0.143884 0.425430
vt 0.938546 0.018470
vt 0.938470 0.018124
vt 0.938759 0.018080
vt 0.147006 0.510855
vt 0.146657 0.511231
vt 0.146566 0.510786
vt 0.064138 0.425054
vt 0.064487 0.425460
vt 0.064047 0.425460
vt 0.891142 0.901124
vt 0.890723 0.901273
vt 0.890712 0.900952
vt 0.064487 0.512824
vt 0.064138 0.513231
vt 0.064047 0.512824
vt 0.146657 0.425230
vt 0.147006 0.425647
vt 0.146566 0.425578
vt 0.025333 0.382124
vt 0.466327 0.149178
vt 0.278174 0.335483
vt 0.125248 0.335823
vt 0.018054 0.355702
vt 0.113256 0.343233
vt 0.024905 0.343208
vt 0.418986 0.065371
vt 0.418957 0.065778
vt 0.036928 0.335813
vt 0.325574 0.335931
vt 0.325604 0.335483
vt 0.106578 0.369975
vt 0.113682 0.382142
vt 0.063080 0.342347
vt 0.125830 0.388975
vt 0.194710 0.384495
vt 0.194681 0.384968
vt 0.070202 0.354526
vt 0.466327 0.018441
vt 0.466357 0.018035
vt 0.069994 0.368993
vt 0.151760 0.381232
vt 0.063507 0.381264
vt 0.070202 0.369367
vt 0.158594 0.368732
vt 0.242110 0.384968
vt 0.051485 0.388659
vt 0.418986 0.102248
vt 0.158438 0.354490
vt 0.037512 0.388974
vt 0.151334 0.342323
vt 0.299684 0.479948
vt 0.304547 0.480354
vt 0.299684 0.480354
vt 0.694271 0.445791
vt 0.689642 0.447206
vt 0.689496 0.446813
vt 0.299684 0.425460
vt 0.304547 0.425054
vt 0.304622 0.425460
vt 0.705181 0.634323
vt 0.702738 0.638404
vt 0.704802 0.634193
vt 0.308582 0.479948
vt 0.304622 0.479948
vt 0.699047 0.446980
vt 0.694240 0.446221
vt 0.308447 0.425054
vt 0.308582 0.425460
vt 0.705181 0.629410
vt 0.704802 0.629463
vt 0.403064 0.479461
vt 0.398612 0.479436
vt 0.398504 0.479061
vt 0.702876 0.450144
vt 0.698837 0.447366
vt 0.398504 0.425478
vt 0.403102 0.425448
vt 0.403064 0.425878
vt 0.703038 0.624931
vt 0.702738 0.625151
vt 0.408128 0.479462
vt 0.403102 0.479830
vt 0.705001 0.454656
vt 0.702524 0.450412
vt 0.408090 0.425449
vt 0.408128 0.425879
vt 0.699176 0.621774
vt 0.699021 0.622111
vt 0.412695 0.479065
vt 0.408090 0.479831
vt 0.705001 0.459623
vt 0.704570 0.454757
vt 0.412587 0.425058
vt 0.412695 0.425482
vt 0.694385 0.620946
vt 0.694361 0.620564
vt 0.187033 0.479949
vt 0.183205 0.480358
vt 0.183070 0.479952
vt 0.702524 0.463812
vt 0.704570 0.459539
vt 0.187033 0.425461
vt 0.183205 0.425058
vt 0.187107 0.425055
vt 0.689748 0.621885
vt 0.689546 0.621540
vt 0.191971 0.479948
vt 0.187107 0.480355
vt 0.699047 0.467092
vt 0.702876 0.464062
vt 0.191971 0.425054
vt 0.191971 0.425460
vt 0.686031 0.624744
vt 0.685684 0.624509
vt 0.196908 0.479949
vt 0.191971 0.480354
vt 0.694240 0.467714
vt 0.698837 0.466730
vt 0.196833 0.425055
vt 0.196908 0.425461
vt 0.683967 0.628955
vt 0.683541 0.628883
vt 0.200729 0.480358
vt 0.196833 0.480355
vt 0.689496 0.466926
vt 0.694271 0.468114
vt 0.200729 0.425058
vt 0.200865 0.425464
vt 0.683967 0.633686
vt 0.683541 0.633796
vt 0.506983 0.257491
vt 0.502528 0.258655
vt 0.502420 0.258226
vt 0.685667 0.463762
vt 0.689642 0.466570
vt 0.506983 0.206144
vt 0.502528 0.206542
vt 0.507022 0.205818
vt 0.686031 0.637998
vt 0.685684 0.638274
vt 0.512048 0.257491
vt 0.507022 0.257930
vt 0.683541 0.459250
vt 0.685955 0.463524
vt 0.512009 0.205818
vt 0.512048 0.206144
vt 0.689748 0.641037
vt 0.689546 0.641432
vt 0.516503 0.258654
vt 0.512009 0.257930
vt 0.683909 0.454397
vt 0.683909 0.459179
vt 0.516503 0.206542
vt 0.516611 0.206880
vt 0.694385 0.642203
vt 0.694361 0.642642
vt 0.294746 0.479948
vt 0.290922 0.480354
vt 0.290787 0.479948
vt 0.685667 0.449844
vt 0.683541 0.454282
vt 0.290787 0.425460
vt 0.294821 0.425054
vt 0.294746 0.425460
vt 0.699021 0.641263
vt 0.699176 0.641666
vt 0.294821 0.480354
vt 0.685955 0.450123
vt 0.299684 0.425054
vt 0.703038 0.638697
vt 0.358481 0.479948
vt 0.353543 0.480354
vt 0.353543 0.479948
vt 0.683541 0.512604
vt 0.686021 0.508517
vt 0.683939 0.512733
vt 0.353543 0.425460
vt 0.358406 0.425054
vt 0.358481 0.425460
vt 0.699012 0.563199
vt 0.694214 0.562587
vt 0.694248 0.562188
vt 0.362305 0.480354
vt 0.358406 0.480354
vt 0.689598 0.505218
vt 0.685703 0.508225
vt 0.362305 0.425054
vt 0.362440 0.425460
vt 0.689627 0.563740
vt 0.689483 0.563385
vt 0.453318 0.479461
vt 0.448866 0.479436
vt 0.448759 0.479061
vt 0.694456 0.504178
vt 0.689771 0.505621
vt 0.453318 0.425878
vt 0.448866 0.425054
vt 0.453357 0.425448
vt 0.685662 0.566556
vt 0.685948 0.566792
vt 0.458383 0.479462
vt 0.453357 0.479830
vt 0.699313 0.505312
vt 0.694448 0.504620
vt 0.458345 0.425449
vt 0.458383 0.425879
vt 0.683906 0.571139
vt 0.683541 0.571070
vt 0.462950 0.479065
vt 0.458345 0.479831
vt 0.703208 0.508394
vt 0.699124 0.505712
vt 0.462842 0.425058
vt 0.462950 0.425482
vt 0.683541 0.576035
vt 0.683906 0.575919
vt 0.240891 0.479949
vt 0.237063 0.480358
vt 0.236928 0.479952
vt 0.705370 0.512815
vt 0.702875 0.508680
vt 0.236928 0.425464
vt 0.240966 0.425055
vt 0.240891 0.425461
vt 0.685662 0.580467
vt 0.685948 0.580186
vt 0.245830 0.479948
vt 0.240966 0.480355
vt 0.704956 0.517638
vt 0.704956 0.512936
vt 0.245830 0.425054
vt 0.245830 0.425460
vt 0.689483 0.583488
vt 0.689627 0.583095
vt 0.250767 0.479949
vt 0.245830 0.480354
vt 0.705370 0.517698
vt 0.702875 0.521854
vt 0.250767 0.425461
vt 0.250692 0.425055
vt 0.694214 0.584069
vt 0.694248 0.584500
vt 0.254588 0.480358
vt 0.250692 0.480355
vt 0.699313 0.525084
vt 0.703208 0.522077
vt 0.254588 0.425058
vt 0.254723 0.425464
vt 0.699012 0.583302
vt 0.698801 0.582916
vt 0.506983 0.346392
vt 0.502528 0.347555
vt 0.502420 0.347127
vt 0.694456 0.526124
vt 0.699124 0.524749
vt 0.506983 0.295045
vt 0.502528 0.295443
vt 0.507022 0.294718
vt 0.702480 0.579864
vt 0.702833 0.580132
vt 0.512048 0.346391
vt 0.507022 0.346831
vt 0.689771 0.524659
vt 0.694448 0.525750
vt 0.512009 0.294718
vt 0.512048 0.295045
vt 0.704522 0.575517
vt 0.704954 0.575617
vt 0.516504 0.347555
vt 0.512009 0.346831
vt 0.689598 0.524990
vt 0.686021 0.521691
vt 0.516504 0.295442
vt 0.516611 0.295780
vt 0.704522 0.570737
vt 0.704954 0.570652
vt 0.348605 0.479948
vt 0.344780 0.480354
vt 0.344645 0.479948
vt 0.685703 0.521908
vt 0.683939 0.517435
vt 0.344645 0.425460
vt 0.348680 0.425054
vt 0.348605 0.425460
vt 0.702480 0.566470
vt 0.702833 0.566220
vt 0.348680 0.480354
vt 0.683541 0.517487
vt 0.353543 0.425054
vt 0.698801 0.563561
vt 0.446766 0.594073
vt 0.442816 0.594479
vt 0.442816 0.594073
vt 0.741444 0.299003
vt 0.743485 0.295805
vt 0.741842 0.299132
vt 0.442816 0.549701
vt 0.446691 0.549295
vt 0.446766 0.549701
vt 0.753774 0.362816
vt 0.756533 0.360128
vt 0.756819 0.360408
vt 0.449799 0.594479
vt 0.446691 0.594479
vt 0.746271 0.293117
vt 0.743167 0.295513
vt 0.449799 0.549295
vt 0.449934 0.549701
vt 0.758144 0.356761
vt 0.758509 0.356877
vt 0.626391 0.062411
vt 0.622851 0.062466
vt 0.622743 0.062091
vt 0.750142 0.292288
vt 0.746444 0.293521
vt 0.622743 0.018456
vt 0.626429 0.018346
vt 0.626391 0.018776
vt 0.758509 0.352920
vt 0.758144 0.352989
vt 0.630443 0.062412
vt 0.626429 0.062780
vt 0.754013 0.293192
vt 0.750134 0.292731
vt 0.630404 0.018347
vt 0.630443 0.018777
vt 0.756533 0.349559
vt 0.756819 0.349322
vt 0.634096 0.062094
vt 0.630404 0.062781
vt 0.757117 0.295648
vt 0.753824 0.293592
vt 0.634096 0.018459
vt 0.633988 0.018035
vt 0.753630 0.347150
vt 0.753774 0.346796
vt 0.187370 0.594074
vt 0.184335 0.594483
vt 0.184200 0.594076
vt 0.758426 0.299292
vt 0.756784 0.295934
vt 0.184200 0.549704
vt 0.187445 0.549296
vt 0.187370 0.549702
vt 0.750010 0.346240
vt 0.749977 0.345841
vt 0.191321 0.594073
vt 0.187445 0.594480
vt 0.758840 0.299171
vt 0.758426 0.303002
vt 0.191321 0.549701
vt 0.191321 0.549295
vt 0.746179 0.346647
vt 0.746390 0.347009
vt 0.195271 0.594074
vt 0.191321 0.594480
vt 0.757117 0.306552
vt 0.758840 0.303063
vt 0.195271 0.549702
vt 0.195195 0.549296
vt 0.743487 0.349304
vt 0.743134 0.349055
vt 0.198436 0.594076
vt 0.195195 0.594480
vt 0.753824 0.308614
vt 0.756784 0.306329
vt 0.198301 0.549298
vt 0.198436 0.549704
vt 0.741876 0.352671
vt 0.741444 0.352586
vt 0.626393 0.417801
vt 0.622851 0.418817
vt 0.622743 0.418389
vt 0.750142 0.309777
vt 0.754013 0.308949
vt 0.626393 0.375987
vt 0.622851 0.376237
vt 0.626432 0.375660
vt 0.741444 0.356543
vt 0.741876 0.356443
vt 0.630445 0.417800
vt 0.626432 0.418240
vt 0.746271 0.308874
vt 0.750134 0.309404
vt 0.630407 0.375660
vt 0.630445 0.375987
vt 0.743487 0.359872
vt 0.743134 0.360141
vt 0.634096 0.418389
vt 0.630407 0.418240
vt 0.743485 0.306201
vt 0.746444 0.308542
vt 0.633988 0.376237
vt 0.634096 0.376575
vt 0.746390 0.362281
vt 0.746179 0.362667
vt 0.438865 0.594073
vt 0.435833 0.594479
vt 0.435698 0.594073
vt 0.741444 0.302895
vt 0.743167 0.306418
vt 0.435698 0.549701
vt 0.438940 0.549295
vt 0.438865 0.549701
vt 0.749977 0.363622
vt 0.750010 0.363191
vt 0.438940 0.594479
vt 0.741842 0.302842
vt 0.442816 0.549295
vt 0.753630 0.362423
vt 0.497065 0.594073
vt 0.493115 0.594479
vt 0.493115 0.594073
vt 0.746190 0.239250
vt 0.749964 0.238865
vt 0.746336 0.239642
vt 0.493115 0.549701
vt 0.496991 0.549295
vt 0.497065 0.549701
vt 0.753774 0.416660
vt 0.756533 0.413972
vt 0.756819 0.414253
vt 0.500233 0.594073
vt 0.496991 0.594479
vt 0.749995 0.238435
vt 0.753591 0.239768
vt 0.500098 0.549295
vt 0.500233 0.549701
vt 0.758144 0.410605
vt 0.758509 0.410721
vt 0.564061 0.515570
vt 0.560521 0.515625
vt 0.560413 0.515250
vt 0.756853 0.241904
vt 0.753801 0.239382
vt 0.560413 0.471615
vt 0.564100 0.471505
vt 0.564061 0.471935
vt 0.758144 0.406833
vt 0.758509 0.406764
vt 0.568113 0.515571
vt 0.564100 0.515939
vt 0.758546 0.245500
vt 0.756501 0.242172
vt 0.568075 0.471506
vt 0.568113 0.471936
vt 0.756533 0.403403
vt 0.756819 0.403167
vt 0.571659 0.515628
vt 0.568075 0.515940
vt 0.758115 0.249374
vt 0.758115 0.245600
vt 0.571659 0.471194
vt 0.571766 0.471618
vt 0.753630 0.400995
vt 0.753774 0.400640
vt 0.237670 0.594074
vt 0.234634 0.594483
vt 0.234499 0.594076
vt 0.756853 0.252995
vt 0.758546 0.249458
vt 0.237670 0.549702
vt 0.234634 0.549298
vt 0.237745 0.549296
vt 0.750010 0.400085
vt 0.749977 0.399686
vt 0.241621 0.594480
vt 0.237745 0.594480
vt 0.753801 0.255410
vt 0.756501 0.252746
vt 0.241621 0.549295
vt 0.241621 0.549701
vt 0.746390 0.400853
vt 0.746179 0.400492
vt 0.241621 0.594073
vt 0.245495 0.594480
vt 0.749995 0.256225
vt 0.753591 0.255048
vt 0.245495 0.549296
vt 0.245570 0.549702
vt 0.743134 0.402899
vt 0.743487 0.403148
vt 0.248735 0.594076
vt 0.245570 0.594074
vt 0.746190 0.255278
vt 0.749964 0.255825
vt 0.248600 0.549298
vt 0.248735 0.549704
vt 0.741876 0.406515
vt 0.741444 0.406431
vt 0.626393 0.497021
vt 0.622851 0.498038
vt 0.622743 0.497610
vt 0.743138 0.252756
vt 0.746336 0.254922
vt 0.622743 0.455796
vt 0.626432 0.454881
vt 0.626393 0.455207
vt 0.741876 0.410287
vt 0.741444 0.410387
vt 0.630445 0.497021
vt 0.626432 0.497461
vt 0.741444 0.249160
vt 0.743426 0.252518
vt 0.630407 0.454881
vt 0.630445 0.455207
vt 0.743487 0.413717
vt 0.743134 0.413985
vt 0.634096 0.497609
vt 0.630407 0.497461
vt 0.741444 0.245202
vt 0.741812 0.249090
vt 0.633988 0.455458
vt 0.634096 0.455796
vt 0.746390 0.416125
vt 0.746179 0.416512
vt 0.489165 0.594073
vt 0.486132 0.594479
vt 0.485997 0.594073
vt 0.743426 0.241944
vt 0.741812 0.245316
vt 0.489165 0.549701
vt 0.486132 0.549295
vt 0.489240 0.549295
vt 0.750010 0.417035
vt 0.749977 0.417466
vt 0.489240 0.594479
vt 0.743138 0.241665
vt 0.493115 0.549295
vt 0.753630 0.416267
vt 0.524350 0.423339
vt 0.636725 0.138565
vt 0.602424 0.730269
vt 0.623126 0.138972
vt 0.018032 0.549701
vt 0.622743 0.099251
vt 0.500623 0.730269
vt 0.636342 0.098845
vt 0.502818 0.423745
vt 0.018428 0.589422
vt 0.500217 0.708251
vt 0.574604 0.156331
vt 0.514647 0.707845
vt 0.502420 0.384025
vt 0.560413 0.156741
vt 0.039902 0.589016
vt 0.575004 0.196051
vt 0.616449 0.707845
vt 0.560813 0.196461
vt 0.523952 0.383619
vt 0.602018 0.708251
vt 0.039506 0.549296
vt 0.524350 0.499529
vt 0.636725 0.214756
vt 0.653325 0.730269
vt 0.623126 0.215162
vt 0.075966 0.549701
vt 0.622743 0.175442
vt 0.551524 0.730269
vt 0.636342 0.175036
vt 0.502818 0.499936
vt 0.565954 0.729862
vt 0.076362 0.589422
vt 0.574604 0.232525
vt 0.565548 0.707845
vt 0.502420 0.460215
vt 0.560413 0.232936
vt 0.097837 0.589016
vt 0.575004 0.272245
vt 0.667349 0.707845
vt 0.560813 0.272656
vt 0.523952 0.459809
vt 0.097440 0.549296
vt 0.667756 0.729862
vt 0.795328 0.084599
vt 0.852655 0.083363
vt 0.447047 0.854878
vt 0.846206 0.083770
vt 0.795328 0.135874
vt 0.845823 0.069339
vt 0.360420 0.854878
vt 0.852272 0.068933
vt 0.794922 0.069745
vt 0.367264 0.854471
vt 0.809759 0.135478
vt 0.676906 0.839282
vt 0.366857 0.839282
vt 0.809353 0.069347
vt 0.670176 0.839690
vt 0.809353 0.120663
vt 0.677306 0.853712
vt 0.453485 0.839282
vt 0.670576 0.854121
vt 0.809759 0.084202
vt 0.794922 0.121060
vt 0.453891 0.854471
vt 0.795328 0.033284
vt 0.852655 0.032463
vt 0.490361 0.854878
vt 0.846206 0.032869
vt 0.795328 0.187149
vt 0.845823 0.018438
vt 0.403734 0.854878
vt 0.852272 0.018032
vt 0.794922 0.018429
vt 0.809759 0.186752
vt 0.403327 0.839688
vt 0.633713 0.839282
vt 0.410171 0.839282
vt 0.809352 0.018032
vt 0.626983 0.839690
vt 0.809353 0.171938
vt 0.634113 0.853712
vt 0.496798 0.839282
vt 0.627383 0.854121
vt 0.809759 0.032886
vt 0.489955 0.839688
vt 0.794922 0.172335
vt 0.342217 0.594073
vt 0.346092 0.594480
vt 0.342217 0.594480
vt 0.270979 0.780082
vt 0.274400 0.779998
vt 0.271069 0.780497
vt 0.346167 0.549701
vt 0.342217 0.549295
vt 0.346092 0.549295
vt 0.332260 0.795133
vt 0.329168 0.796421
vt 0.332090 0.794789
vt 0.349335 0.594073
vt 0.346167 0.594073
vt 0.277966 0.780767
vt 0.274472 0.779559
vt 0.349200 0.549295
vt 0.349335 0.549701
vt 0.334008 0.791849
vt 0.334272 0.792049
vt 0.278209 0.780546
vt 0.280767 0.783467
vt 0.280401 0.783724
vt 0.277730 0.781150
vt 0.138676 0.631267
vt 0.142363 0.631614
vt 0.142324 0.632053
vt 0.138784 0.630843
vt 0.142456 0.631282
vt 0.282650 0.787028
vt 0.281065 0.783299
vt 0.282322 0.787126
vt 0.146337 0.631617
vt 0.146376 0.632056
vt 0.146245 0.631285
vt 0.282650 0.790995
vt 0.281883 0.790921
vt 0.281883 0.787212
vt 0.150029 0.631275
vt 0.149922 0.630851
vt 0.149662 0.630555
vt 0.284799 0.594075
vt 0.288045 0.594480
vt 0.284934 0.594482
vt 0.280767 0.794371
vt 0.282322 0.791017
vt 0.284799 0.549703
vt 0.288045 0.549296
vt 0.287970 0.549702
vt 0.328204 0.779559
vt 0.331332 0.781574
vt 0.328223 0.779942
vt 0.291921 0.594073
vt 0.287970 0.594074
vt 0.277966 0.796522
vt 0.280401 0.794118
vt 0.291921 0.549295
vt 0.291921 0.549701
vt 0.324693 0.779559
vt 0.324876 0.779942
vt 0.295870 0.594074
vt 0.291921 0.594480
vt 0.274472 0.797046
vt 0.277730 0.796170
vt 0.295870 0.549702
vt 0.295795 0.549295
vt 0.321628 0.781271
vt 0.321954 0.781574
vt 0.299035 0.594075
vt 0.295795 0.594480
vt 0.560413 0.057372
vt 0.563152 0.055891
vt 0.560789 0.057614
vt 0.298900 0.549297
vt 0.299035 0.549703
vt 0.320036 0.784514
vt 0.319616 0.784355
vt 0.566434 0.054133
vt 0.562892 0.055565
vt 0.562784 0.055155
vt 0.566566 0.054935
vt 0.319285 0.784330
vt 0.319055 0.788202
vt 0.318714 0.788251
vt 0.319502 0.788181
vt 0.570486 0.054133
vt 0.566473 0.054562
vt 0.570448 0.054562
vt 0.320057 0.792049
vt 0.319735 0.792172
vt 0.320457 0.791849
vt 0.574137 0.055155
vt 0.574029 0.055565
vt 0.570355 0.054935
vt 0.322146 0.795317
vt 0.322423 0.795133
vt 0.322712 0.794789
vt 0.338266 0.594073
vt 0.335234 0.594480
vt 0.335099 0.594073
vt 0.576132 0.057614
vt 0.573769 0.055891
vt 0.338266 0.549701
vt 0.335234 0.549295
vt 0.338341 0.549295
vt 0.325821 0.796421
vt 0.325684 0.796845
vt 0.338341 0.594480
vt 0.268177 0.782234
vt 0.268398 0.782548
vt 0.342217 0.549701
vt 0.329195 0.796845
vt 0.396466 0.594073
vt 0.392516 0.594480
vt 0.392516 0.594073
vt 0.750135 0.071931
vt 0.746458 0.073179
vt 0.746267 0.072808
vt 0.396466 0.549701
vt 0.392516 0.549295
vt 0.396391 0.549295
vt 0.758858 0.024959
vt 0.756810 0.021654
vt 0.757134 0.021385
vt 0.399634 0.594073
vt 0.396391 0.594480
vt 0.754003 0.072823
vt 0.750146 0.072343
vt 0.399499 0.549295
vt 0.399634 0.549701
vt 0.754026 0.018912
vt 0.753848 0.019297
vt 0.564061 0.434540
vt 0.560521 0.435127
vt 0.560413 0.434710
vt 0.756790 0.075560
vt 0.753833 0.073193
vt 0.560420 0.390546
vt 0.564107 0.389987
vt 0.564068 0.390376
vt 0.750153 0.018457
vt 0.750151 0.018032
vt 0.568113 0.434540
vt 0.564100 0.434961
vt 0.758826 0.078888
vt 0.757105 0.075306
vt 0.568081 0.389987
vt 0.568120 0.390376
vt 0.746459 0.019302
vt 0.746276 0.018918
vt 0.571766 0.434710
vt 0.568075 0.434961
vt 0.758826 0.082862
vt 0.758431 0.078975
vt 0.571665 0.390154
vt 0.571773 0.390546
vt 0.743169 0.021394
vt 0.743497 0.021663
vt 0.137070 0.594074
vt 0.134035 0.594483
vt 0.133900 0.594077
vt 0.756790 0.086173
vt 0.758431 0.082763
vt 0.137070 0.549702
vt 0.134035 0.549299
vt 0.137145 0.549296
vt 0.741444 0.024971
vt 0.741853 0.025073
vt 0.141021 0.594073
vt 0.137145 0.594481
vt 0.757105 0.086438
vt 0.753833 0.088529
vt 0.141021 0.549295
vt 0.141021 0.549701
vt 0.741853 0.028857
vt 0.741444 0.028940
vt 0.144970 0.594074
vt 0.141021 0.594479
vt 0.754003 0.088909
vt 0.750146 0.089365
vt 0.144970 0.549702
vt 0.144895 0.549296
vt 0.743169 0.032515
vt 0.743497 0.032264
vt 0.148136 0.594077
vt 0.144895 0.594480
vt 0.746267 0.088895
vt 0.750135 0.089786
vt 0.148001 0.549299
vt 0.148136 0.549705
vt 0.746276 0.034987
vt 0.746459 0.034621
vt 0.564064 0.353401
vt 0.560521 0.353924
vt 0.560413 0.353510
vt 0.743166 0.086412
vt 0.746458 0.088515
vt 0.560413 0.309223
vt 0.564102 0.308719
vt 0.564064 0.309114
vt 0.750153 0.035461
vt 0.750151 0.035868
vt 0.568116 0.353401
vt 0.564102 0.353817
vt 0.741444 0.082829
vt 0.743502 0.086148
vt 0.568077 0.308719
vt 0.568116 0.309114
vt 0.753848 0.034616
vt 0.754026 0.034982
vt 0.571766 0.353510
vt 0.568077 0.353817
vt 0.741444 0.078856
vt 0.741861 0.082732
vt 0.571766 0.309223
vt 0.571659 0.308826
vt 0.757134 0.032505
vt 0.756810 0.032255
vt 0.388566 0.594073
vt 0.385533 0.594480
vt 0.385398 0.594073
vt 0.743166 0.075280
vt 0.741861 0.078945
vt 0.388566 0.549701
vt 0.385533 0.549295
vt 0.388641 0.549295
vt 0.758454 0.028845
vt 0.758858 0.028928
vt 0.388641 0.594480
vt 0.743502 0.075535
vt 0.392516 0.549701
vt 0.758454 0.025062
vt 0.187945 0.843485
vt 0.188848 0.840903
vt 0.189232 0.840976
vt 0.853460 0.775746
vt 0.853905 0.778125
vt 0.852971 0.775746
vt 0.855125 0.780932
vt 0.854395 0.778125
vt 0.854797 0.778125
vt 0.854234 0.780932
vt 0.854395 0.783739
vt 0.854723 0.780932
vt 0.847897 0.367207
vt 0.848290 0.367591
vt 0.853460 0.786118
vt 0.853905 0.783739
vt 0.191440 0.843870
vt 0.190392 0.843808
vt 0.191267 0.846727
vt 0.190893 0.843852
vt 0.190220 0.846665
vt 0.190895 0.849372
vt 0.190721 0.846709
vt 0.845823 0.363708
vt 0.845920 0.364255
vt 0.846156 0.364757
vt 0.195518 0.843808
vt 0.194469 0.843870
vt 0.195690 0.846665
vt 0.195016 0.843852
vt 0.194641 0.846727
vt 0.195017 0.849372
vt 0.195188 0.846709
vt 0.846156 0.359631
vt 0.845920 0.360133
vt 0.845823 0.360680
vt 0.847043 0.685252
vt 0.847486 0.682875
vt 0.847976 0.682874
vt 0.197070 0.840903
vt 0.197970 0.843485
vt 0.196685 0.840976
vt 0.846715 0.688058
vt 0.846553 0.685253
vt 0.845823 0.688059
vt 0.846150 0.685253
vt 0.846553 0.690866
vt 0.846225 0.688059
vt 0.847043 0.690866
vt 0.847486 0.693246
vt 0.847897 0.357181
vt 0.848290 0.356797
vt 0.851026 0.685251
vt 0.850474 0.682874
vt 0.851025 0.682874
vt 0.849924 0.685251
vt 0.849922 0.682874
vt 0.851027 0.688057
vt 0.850475 0.685251
vt 0.849925 0.688057
vt 0.850475 0.690865
vt 0.850476 0.688057
vt 0.851026 0.690865
vt 0.850474 0.693245
vt 0.849924 0.690865
vt 0.533653 0.848502
vt 0.853459 0.682875
vt 0.853906 0.685252
vt 0.852970 0.682874
vt 0.855125 0.688059
vt 0.854395 0.685253
vt 0.854797 0.685253
vt 0.854234 0.688058
vt 0.854395 0.690866
vt 0.854723 0.688059
vt 0.719369 0.849759
vt 0.719504 0.850143
vt 0.853459 0.693246
vt 0.853906 0.690866
vt 0.537151 0.850570
vt 0.536103 0.850238
vt 0.715837 0.846434
vt 0.713403 0.846808
vt 0.713370 0.846261
vt 0.715951 0.847482
vt 0.713484 0.847309
vt 0.718693 0.846808
vt 0.715870 0.846981
vt 0.718659 0.846261
vt 0.718773 0.847309
vt 0.541228 0.850238
vt 0.540179 0.850570
vt 0.715951 0.842012
vt 0.713403 0.842685
vt 0.713484 0.842184
vt 0.715837 0.843060
vt 0.713370 0.843232
vt 0.718693 0.842685
vt 0.715870 0.842513
vt 0.718773 0.842184
vt 0.718659 0.843233
vt 0.847043 0.778125
vt 0.847487 0.775746
vt 0.847977 0.775746
vt 0.543678 0.848502
vt 0.846714 0.780932
vt 0.846553 0.778125
vt 0.845823 0.780932
vt 0.846151 0.778125
vt 0.846553 0.783739
vt 0.846225 0.780932
vt 0.847043 0.783739
vt 0.847487 0.786118
vt 0.719369 0.839734
vt 0.719504 0.839350
vt 0.851025 0.778125
vt 0.850474 0.775746
vt 0.851025 0.775746
vt 0.849923 0.778125
vt 0.849923 0.775746
vt 0.851025 0.780932
vt 0.850474 0.778125
vt 0.849923 0.780932
vt 0.850474 0.783739
vt 0.850474 0.780932
vt 0.851025 0.783739
vt 0.850474 0.786118
vt 0.849923 0.783739
vt 0.234937 0.843485
vt 0.235841 0.840903
vt 0.236225 0.840976
vt 0.853460 0.822182
vt 0.853905 0.824561
vt 0.852971 0.822182
vt 0.855125 0.827367
vt 0.854395 0.824561
vt 0.854797 0.824561
vt 0.854234 0.827367
vt 0.854395 0.830174
vt 0.854723 0.827367
vt 0.847897 0.414064
vt 0.848290 0.414448
vt 0.853460 0.832553
vt 0.853905 0.830174
vt 0.238433 0.843870
vt 0.237385 0.843808
vt 0.238260 0.846727
vt 0.237886 0.843852
vt 0.237212 0.846665
vt 0.237887 0.849372
vt 0.237713 0.846709
vt 0.845823 0.410565
vt 0.845920 0.411113
vt 0.846156 0.411614
vt 0.242510 0.843808
vt 0.241461 0.843870
vt 0.242683 0.846665
vt 0.242009 0.843852
vt 0.241634 0.846727
vt 0.242010 0.849372
vt 0.242181 0.846709
vt 0.846156 0.406489
vt 0.845920 0.406990
vt 0.845823 0.407537
vt 0.847043 0.731689
vt 0.847486 0.729311
vt 0.847976 0.729311
vt 0.244062 0.840903
vt 0.244963 0.843485
vt 0.243677 0.840976
vt 0.846715 0.734495
vt 0.846553 0.731689
vt 0.845823 0.734495
vt 0.846150 0.731689
vt 0.846553 0.737302
vt 0.846225 0.734495
vt 0.847043 0.737302
vt 0.847486 0.739683
vt 0.847897 0.404038
vt 0.848290 0.403654
vt 0.851026 0.731688
vt 0.850474 0.729310
vt 0.851025 0.729310
vt 0.849924 0.731688
vt 0.849922 0.729310
vt 0.851027 0.734494
vt 0.850475 0.731688
vt 0.849925 0.734494
vt 0.850475 0.737301
vt 0.850476 0.734494
vt 0.851026 0.737301
vt 0.850474 0.739682
vt 0.849924 0.737301
vt 0.580510 0.848502
vt 0.853459 0.729311
vt 0.853906 0.731689
vt 0.852970 0.729311
vt 0.855125 0.734495
vt 0.854395 0.731689
vt 0.854797 0.731689
vt 0.854234 0.734495
vt 0.854395 0.737302
vt 0.854723 0.734495
vt 0.766067 0.849759
vt 0.766201 0.850143
vt 0.853459 0.739683
vt 0.853906 0.737302
vt 0.584008 0.850570
vt 0.582960 0.850238
vt 0.762535 0.846434
vt 0.760101 0.846808
vt 0.760067 0.846261
vt 0.762649 0.847482
vt 0.760181 0.847309
vt 0.765390 0.846808
vt 0.762568 0.846981
vt 0.765357 0.846261
vt 0.765471 0.847309
vt 0.588085 0.850238
vt 0.587037 0.850570
vt 0.762649 0.842012
vt 0.760101 0.842685
vt 0.760181 0.842184
vt 0.762535 0.843060
vt 0.760067 0.843232
vt 0.765390 0.842685
vt 0.762568 0.842513
vt 0.765471 0.842184
vt 0.765357 0.843233
vt 0.847043 0.824561
vt 0.847487 0.822182
vt 0.847977 0.822182
vt 0.590535 0.848502
vt 0.846714 0.827367
vt 0.846553 0.824561
vt 0.845823 0.827367
vt 0.846151 0.824561
vt 0.846553 0.830174
vt 0.846225 0.827367
vt 0.847043 0.830174
vt 0.847487 0.832553
vt 0.766067 0.839734
vt 0.766201 0.839350
vt 0.851025 0.824561
vt 0.850474 0.822182
vt 0.851025 0.822182
vt 0.849923 0.824561
vt 0.849923 0.822182
vt 0.851025 0.827367
vt 0.850474 0.824561
vt 0.849923 0.827367
vt 0.850474 0.830174
vt 0.850474 0.827367
vt 0.851025 0.830174
vt 0.850474 0.832553
vt 0.849923 0.830174
vt 0.291170 0.670267
vt 0.287878 0.670674
vt 0.287878 0.670267
vt 0.800358 0.595852
vt 0.797952 0.594117
vt 0.800519 0.595463
vt 0.291170 0.630954
vt 0.287878 0.630547
vt 0.291095 0.630547
vt 0.804994 0.544858
vt 0.807162 0.542681
vt 0.807407 0.542983
vt 0.293810 0.670267
vt 0.291095 0.670674
vt 0.795808 0.591857
vt 0.797638 0.594426
vt 0.293675 0.630547
vt 0.293810 0.630954
vt 0.808747 0.540137
vt 0.808426 0.539995
vt 0.794922 0.588617
vt 0.795513 0.591895
vt 0.795231 0.588653
vt 0.796225 0.591692
vt 0.686581 0.252259
vt 0.683649 0.251317
vt 0.686620 0.251819
vt 0.808426 0.536925
vt 0.808747 0.536884
vt 0.689958 0.289095
vt 0.686620 0.289416
vt 0.686581 0.289094
vt 0.796020 0.585449
vt 0.795680 0.588668
vt 0.689919 0.251821
vt 0.689958 0.252261
vt 0.807162 0.534079
vt 0.807407 0.533869
vt 0.795729 0.585338
vt 0.798019 0.582880
vt 0.798312 0.583220
vt 0.796425 0.585644
vt 0.692895 0.251322
vt 0.693002 0.251750
vt 0.804884 0.532020
vt 0.804994 0.531687
vt 0.236662 0.670268
vt 0.234155 0.670676
vt 0.234020 0.670269
vt 0.800967 0.581874
vt 0.236662 0.630954
vt 0.234155 0.630549
vt 0.236737 0.630548
vt 0.802044 0.531157
vt 0.801985 0.530773
vt 0.239955 0.670267
vt 0.236737 0.670674
vt 0.800833 0.581454
vt 0.803865 0.581874
vt 0.239954 0.630547
vt 0.239955 0.630953
vt 0.799204 0.531660
vt 0.798976 0.531305
vt 0.243170 0.670674
vt 0.239954 0.670674
vt 0.806623 0.582880
vt 0.803903 0.581454
vt 0.243170 0.630548
vt 0.243246 0.630954
vt 0.796562 0.533180
vt 0.796927 0.533430
vt 0.245883 0.670269
vt 0.243246 0.670268
vt 0.808158 0.585644
vt 0.806432 0.583220
vt 0.245883 0.630956
vt 0.245748 0.630549
vt 0.795663 0.536115
vt 0.795223 0.536026
vt 0.021074 0.742045
vt 0.018139 0.743188
vt 0.018032 0.742768
vt 0.021112 0.742482
vt 0.018399 0.743495
vt 0.794922 0.539371
vt 0.795223 0.539279
vt 0.795663 0.539185
vt 0.024450 0.742045
vt 0.024412 0.742482
vt 0.021205 0.742829
vt 0.796562 0.542294
vt 0.796292 0.542456
vt 0.796927 0.542031
vt 0.027385 0.743188
vt 0.027125 0.743495
vt 0.024319 0.742829
vt 0.798762 0.544688
vt 0.798976 0.544476
vt 0.799204 0.544090
vt 0.284586 0.670267
vt 0.282082 0.670674
vt 0.281947 0.670267
vt 0.803428 0.595852
vt 0.806072 0.594117
vt 0.806242 0.594426
vt 0.281947 0.630954
vt 0.284661 0.630547
vt 0.284586 0.630954
vt 0.802044 0.544953
vt 0.801985 0.545390
vt 0.284661 0.670674
vt 0.803417 0.595463
vt 0.287878 0.630954
vt 0.804884 0.544450
vt 0.335805 0.670267
vt 0.339022 0.670674
vt 0.335805 0.670674
vt 0.796354 0.226001
vt 0.795327 0.229070
vt 0.794922 0.228972
vt 0.335805 0.630954
vt 0.339022 0.630547
vt 0.339097 0.630954
vt 0.809378 0.279857
vt 0.808973 0.283053
vt 0.808973 0.279942
vt 0.339097 0.670267
vt 0.341602 0.670674
vt 0.799113 0.224327
vt 0.796678 0.226267
vt 0.341737 0.630954
vt 0.341602 0.630547
vt 0.807946 0.276887
vt 0.807622 0.277139
vt 0.473630 0.670267
vt 0.476709 0.670684
vt 0.473738 0.670672
vt 0.802150 0.223213
vt 0.798933 0.223946
vt 0.476670 0.630966
vt 0.473738 0.630547
vt 0.476709 0.630558
vt 0.805367 0.274831
vt 0.805187 0.275198
vt 0.480046 0.670279
vt 0.476670 0.670279
vt 0.805367 0.223948
vt 0.802149 0.223635
vt 0.480008 0.630558
vt 0.480046 0.630966
vt 0.802150 0.274096
vt 0.802152 0.274504
vt 0.482983 0.670673
vt 0.480008 0.670684
vt 0.807619 0.226270
vt 0.805185 0.224329
vt 0.483091 0.630955
vt 0.482983 0.630547
vt 0.799116 0.275195
vt 0.798933 0.274828
vt 0.188734 0.670268
vt 0.186228 0.670677
vt 0.186093 0.670270
vt 0.807947 0.226004
vt 0.808970 0.229074
vt 0.186093 0.630957
vt 0.188809 0.630548
vt 0.188734 0.630954
vt 0.796681 0.277133
vt 0.796353 0.276881
vt 0.192027 0.670267
vt 0.188809 0.670675
vt 0.809378 0.228976
vt 0.808970 0.232186
vt 0.192027 0.630953
vt 0.192027 0.630547
vt 0.795330 0.279935
vt 0.794922 0.279850
vt 0.195243 0.670675
vt 0.192027 0.670674
vt 0.807947 0.235244
vt 0.809378 0.232273
vt 0.195318 0.630954
vt 0.195243 0.630548
vt 0.795330 0.283046
vt 0.794922 0.283146
vt 0.195318 0.670268
vt 0.197821 0.670677
vt 0.805367 0.237299
vt 0.807619 0.234990
vt 0.197821 0.630550
vt 0.197956 0.630957
vt 0.796353 0.286117
vt 0.796681 0.285849
vt 0.522196 0.669689
vt 0.519262 0.670355
vt 0.519154 0.669932
vt 0.802150 0.238032
vt 0.805185 0.236930
vt 0.522196 0.630920
vt 0.519262 0.630785
vt 0.522235 0.630547
vt 0.798933 0.288173
vt 0.799116 0.287790
vt 0.525573 0.669689
vt 0.522235 0.670118
vt 0.798933 0.237298
vt 0.802149 0.237622
vt 0.525534 0.630547
vt 0.525573 0.630920
vt 0.802152 0.288484
vt 0.802150 0.288908
vt 0.528507 0.670355
vt 0.525534 0.670118
vt 0.796354 0.235241
vt 0.799113 0.236928
vt 0.528507 0.630785
vt 0.528615 0.631163
vt 0.805187 0.287793
vt 0.805367 0.288176
vt 0.329874 0.670267
vt 0.332588 0.670674
vt 0.330009 0.670674
vt 0.795327 0.232183
vt 0.796678 0.234987
vt 0.332513 0.630954
vt 0.330009 0.630547
vt 0.332588 0.630547
vt 0.807622 0.285855
vt 0.807946 0.286122
vt 0.332513 0.670267
vt 0.794922 0.232269
vt 0.335805 0.630547
vt 0.809378 0.283153
vt 0.849478 0.214510
vt 0.899695 0.165016
vt 0.900551 0.165249
vt 0.900165 0.165144
vt 0.849081 0.218094
vt 0.849143 0.217051
vt 0.845841 0.217840
vt 0.849099 0.217550
vt 0.847881 0.499310
vt 0.850103 0.499286
vt 0.848035 0.499662
vt 0.849983 0.499773
vt 0.848237 0.500090
vt 0.848501 0.641324
vt 0.848636 0.643650
vt 0.848131 0.643683
vt 0.848961 0.641572
vt 0.849191 0.643589
vt 0.849143 0.222283
vt 0.849081 0.221239
vt 0.845841 0.221498
vt 0.849099 0.221783
vt 0.850182 0.639601
vt 0.850442 0.640056
vt 0.849466 0.641835
vt 0.846985 0.501369
vt 0.855538 0.220729
vt 0.855123 0.218466
vt 0.855538 0.218610
vt 0.892866 0.024370
vt 0.849478 0.224830
vt 0.892396 0.024498
vt 0.892010 0.024604
vt 0.852511 0.639680
vt 0.850716 0.640554
vt 0.846222 0.503251
vt 0.846553 0.501176
vt 0.846198 0.501030
vt 0.896811 0.023293
vt 0.895752 0.023582
vt 0.896282 0.023437
vt 0.852531 0.639174
vt 0.854379 0.640588
vt 0.854041 0.641003
vt 0.852464 0.640237
vt 0.847506 0.504677
vt 0.846706 0.503121
vt 0.847169 0.505094
vt 0.845823 0.503386
vt 0.900551 0.022275
vt 0.899107 0.019065
vt 0.899696 0.022507
vt 0.849535 0.177683
vt 0.849669 0.178065
vt 0.900165 0.022379
vt 0.849032 0.506001
vt 0.846898 0.505479
vt 0.855332 0.642433
vt 0.854846 0.642562
vt 0.855735 0.642301
vt 0.848803 0.174095
vt 0.845856 0.174352
vt 0.845823 0.173807
vt 0.848916 0.175139
vt 0.845936 0.174851
vt 0.848836 0.174640
vt 0.849079 0.505443
vt 0.851100 0.505626
vt 0.851361 0.506082
vt 0.849013 0.506509
vt 0.855006 0.644511
vt 0.854571 0.644316
vt 0.855945 0.175297
vt 0.855060 0.173726
vt 0.855529 0.173582
vt 0.848916 0.169907
vt 0.845856 0.170694
vt 0.845936 0.170195
vt 0.848803 0.170950
vt 0.845823 0.171238
vt 0.848836 0.170406
vt 0.853526 0.646028
vt 0.853321 0.645597
vt 0.855060 0.171320
vt 0.855529 0.171463
vt 0.853044 0.504363
vt 0.852582 0.504111
vt 0.852076 0.503847
vt 0.892865 0.163154
vt 0.892009 0.162921
vt 0.893452 0.159710
vt 0.892395 0.163026
vt 0.849535 0.167363
vt 0.849669 0.166981
vt 0.851457 0.646404
vt 0.851574 0.645915
vt 0.855945 0.169749
vt 0.855533 0.169373
vt 0.852913 0.502036
vt 0.853420 0.502006
vt 0.852356 0.502095
vt 0.896809 0.164229
vt 0.895751 0.163941
vt 0.896280 0.164085
vt 0.849589 0.645496
vt 0.849996 0.645148
vt 0.851335 0.646810
vt 0.849213 0.645779
vt 0.851966 0.500193
vt 0.852345 0.499913
vt 0.851556 0.500538
vt 0.850229 0.498883
vt 0.849478 0.261657
vt 0.899695 0.118134
vt 0.900551 0.118368
vt 0.900165 0.118263
vt 0.849081 0.265241
vt 0.849143 0.264199
vt 0.845841 0.264987
vt 0.849099 0.264697
vt 0.847881 0.545310
vt 0.850103 0.545286
vt 0.848035 0.545662
vt 0.848237 0.546090
vt 0.848501 0.595329
vt 0.848636 0.597656
vt 0.848131 0.597688
vt 0.849466 0.595840
vt 0.849191 0.597595
vt 0.849143 0.269430
vt 0.849081 0.268386
vt 0.845841 0.268645
vt 0.849099 0.268931
vt 0.850182 0.593607
vt 0.848961 0.595578
vt 0.850442 0.594061
vt 0.846985 0.547369
vt 0.855538 0.265758
vt 0.855123 0.268020
vt 0.855123 0.265614
vt 0.892866 0.071251
vt 0.849478 0.271977
vt 0.892396 0.071379
vt 0.892010 0.071485
vt 0.852511 0.593685
vt 0.852464 0.594242
vt 0.850716 0.594559
vt 0.846706 0.549121
vt 0.846553 0.547177
vt 0.846222 0.549252
vt 0.846198 0.547030
vt 0.896811 0.070174
vt 0.895752 0.070463
vt 0.896282 0.070319
vt 0.854653 0.594211
vt 0.852531 0.593180
vt 0.854379 0.594593
vt 0.847506 0.550678
vt 0.847169 0.551095
vt 0.845823 0.549387
vt 0.900551 0.069156
vt 0.899107 0.065946
vt 0.899696 0.069389
vt 0.849535 0.130535
vt 0.849669 0.130917
vt 0.900165 0.069261
vt 0.849032 0.552002
vt 0.849013 0.552509
vt 0.846898 0.551480
vt 0.854041 0.595009
vt 0.855332 0.596439
vt 0.854846 0.596567
vt 0.855735 0.596306
vt 0.848803 0.126948
vt 0.845856 0.127204
vt 0.845823 0.126660
vt 0.848916 0.127991
vt 0.845936 0.127703
vt 0.848836 0.127492
vt 0.850825 0.551126
vt 0.849079 0.551444
vt 0.851361 0.552083
vt 0.854571 0.598322
vt 0.855006 0.598516
vt 0.855945 0.128149
vt 0.855060 0.126579
vt 0.855529 0.126435
vt 0.848916 0.122760
vt 0.845856 0.123546
vt 0.845936 0.123048
vt 0.848803 0.123803
vt 0.845823 0.124091
vt 0.848836 0.123259
vt 0.853526 0.600033
vt 0.853321 0.599602
vt 0.855060 0.124172
vt 0.855529 0.124316
vt 0.853044 0.550363
vt 0.851100 0.551626
vt 0.852582 0.550111
vt 0.852076 0.549847
vt 0.892865 0.116273
vt 0.892009 0.116039
vt 0.893452 0.112828
vt 0.892395 0.116145
vt 0.849535 0.120215
vt 0.849669 0.119833
vt 0.851457 0.600409
vt 0.851574 0.599920
vt 0.855945 0.122601
vt 0.855533 0.122225
vt 0.852913 0.548036
vt 0.853420 0.548006
vt 0.852356 0.548095
vt 0.896809 0.117348
vt 0.895751 0.117059
vt 0.896280 0.117204
vt 0.849589 0.599501
vt 0.849996 0.599153
vt 0.851335 0.600815
vt 0.849213 0.599784
vt 0.851966 0.546193
vt 0.852345 0.545914
vt 0.851556 0.546539
vt 0.850229 0.544884
vt 0.849983 0.545773
vt 0.895142 0.593058
vt 0.533067 0.907142
vt 0.806317 0.946410
vt 0.530431 0.907549
vt 0.174802 0.896912
vt 0.253776 0.946816
vt 0.892407 0.593464
vt 0.175199 0.907549
vt 0.253369 0.944019
vt 0.894760 0.346881
vt 0.892009 0.582827
vt 0.177927 0.907142
vt 0.895160 0.357518
vt 0.803113 0.944019
vt 0.894745 0.582421
vt 0.803519 0.946816
vt 0.177531 0.896505
vt 0.805910 0.943612
vt 0.895142 0.687272
vt 0.728481 0.907142
vt 0.413643 0.946410
vt 0.725845 0.907549
vt 0.292367 0.896912
vt 0.725462 0.896912
vt 0.449706 0.944019
vt 0.892407 0.687679
vt 0.450113 0.946816
vt 0.292764 0.907549
vt 0.452504 0.943612
vt 0.894760 0.205558
vt 0.892009 0.677042
vt 0.892009 0.205965
vt 0.295492 0.907142
vt 0.895160 0.216195
vt 0.410439 0.944019
vt 0.894745 0.676635
vt 0.410845 0.946816
vt 0.295096 0.896505
vt 0.413236 0.943612
vt 0.895142 0.734379
vt 0.572150 0.907142
vt 0.492178 0.946410
vt 0.569514 0.907549
vt 0.370744 0.896912
vt 0.293043 0.946816
vt 0.892407 0.734786
vt 0.371141 0.907549
vt 0.292637 0.944019
vt 0.894760 0.252666
vt 0.892009 0.724149
vt 0.373869 0.907142
vt 0.895160 0.263303
vt 0.488974 0.944019
vt 0.894745 0.723742
vt 0.489380 0.946816
vt 0.373473 0.896505
vt 0.491771 0.943612
vt 0.895142 0.781487
vt 0.611233 0.907142
vt 0.531445 0.946410
vt 0.608597 0.907549
vt 0.331556 0.896912
vt 0.567509 0.944019
vt 0.892407 0.781893
vt 0.567915 0.946816
vt 0.331952 0.907549
vt 0.570306 0.943612
vt 0.894760 0.393989
vt 0.892009 0.771256
vt 0.892009 0.394396
vt 0.334681 0.907142
vt 0.895160 0.404626
vt 0.528241 0.944019
vt 0.894745 0.770849
vt 0.528648 0.946816
vt 0.334284 0.896505
vt 0.531039 0.943612
vt 0.060362 0.907142
vt 0.454902 0.907142
vt 0.609980 0.946410
vt 0.452266 0.907549
vt 0.213991 0.896912
vt 0.646043 0.944019
vt 0.057626 0.907549
vt 0.646450 0.946816
vt 0.214387 0.907549
vt 0.648841 0.943612
vt 0.894760 0.441097
vt 0.057229 0.896912
vt 0.217115 0.907142
vt 0.895160 0.451734
vt 0.606776 0.944019
vt 0.059964 0.896505
vt 0.607182 0.946816
vt 0.216719 0.896505
vt 0.609573 0.943612
vt 0.895142 0.828594
vt 0.493984 0.907142
vt 0.688515 0.946410
vt 0.491348 0.907549
vt 0.135614 0.896912
vt 0.332311 0.946816
vt 0.892407 0.829000
vt 0.335108 0.946410
vt 0.136010 0.907549
vt 0.894760 0.299773
vt 0.892009 0.818363
vt 0.892009 0.300181
vt 0.138739 0.907142
vt 0.895160 0.310410
vt 0.685311 0.944019
vt 0.894745 0.817957
vt 0.138342 0.896505
vt 0.688108 0.943612
vt 0.895142 0.640165
vt 0.650316 0.907142
vt 0.767049 0.946410
vt 0.647679 0.907549
vt 0.253179 0.896912
vt 0.842380 0.944019
vt 0.892407 0.640571
vt 0.842787 0.946816
vt 0.253575 0.907549
vt 0.845178 0.943612
vt 0.894760 0.488205
vt 0.892009 0.629934
vt 0.892009 0.488612
vt 0.256304 0.907142
vt 0.895160 0.498842
vt 0.763846 0.944019
vt 0.894745 0.629528
vt 0.764252 0.946816
vt 0.255907 0.896505
vt 0.766643 0.943612
vt 0.021165 0.907142
vt 0.689398 0.907142
vt 0.727782 0.946410
vt 0.686762 0.907549
vt 0.096425 0.896912
vt 0.371578 0.946816
vt 0.018429 0.907549
vt 0.374375 0.946410
vt 0.096822 0.907549
vt 0.894760 0.535313
vt 0.018032 0.896912
vt 0.892009 0.535720
vt 0.099550 0.907142
vt 0.895160 0.545950
vt 0.724578 0.944019
vt 0.020768 0.896505
vt 0.099154 0.896505
vt 0.727376 0.943612
vt 0.131444 0.779562
vt 0.756400 0.529022
vt 0.068084 0.790767
vt 0.741444 0.125850
vt 0.126968 0.779721
vt 0.067978 0.786194
vt 0.120988 0.786184
vt 0.741474 0.473041
vt 0.741444 0.473447
vt 0.073964 0.779730
vt 0.756460 0.125850
vt 0.756430 0.126298
vt 0.123411 0.794636
vt 0.082390 0.781719
vt 0.741444 0.202371
vt 0.741474 0.201899
vt 0.084725 0.785599
vt 0.756401 0.453936
vt 0.756430 0.453530
vt 0.131814 0.796624
vt 0.084831 0.790172
vt 0.084668 0.790767
vt 0.084464 0.790391
vt 0.137793 0.790161
vt 0.756430 0.201899
vt 0.078845 0.796636
vt 0.741444 0.509511
vt 0.137694 0.785590
vt 0.074358 0.796795
vt 0.941232 0.324355
vt 0.854637 0.903981
vt 0.941336 0.668474
vt 0.849380 0.904387
vt 0.936615 0.361232
vt 0.936615 0.705350
vt 0.937012 0.324762
vt 0.937021 0.710930
vt 0.937011 0.368708
vt 0.940930 0.704944
vt 0.415419 0.896505
vt 0.941336 0.710523
vt 0.936615 0.317286
vt 0.941220 0.368301
vt 0.415819 0.903981
vt 0.936615 0.663301
vt 0.410332 0.904389
vt 0.940835 0.316879
vt 0.937021 0.668880
vt 0.940823 0.360825
vt 0.940930 0.662895
vt 0.107595 0.859975
vt 0.939634 0.879986
vt 0.321152 0.860442
vt 0.936998 0.880392
vt 0.147747 0.859919
vt 0.281885 0.860441
vt 0.107188 0.839679
vt 0.284682 0.860035
vt 0.151430 0.859523
vt 0.281479 0.839688
vt 0.939366 0.836150
vt 0.110871 0.839282
vt 0.151023 0.839282
vt 0.939765 0.839832
vt 0.323543 0.839282
vt 0.111277 0.859578
vt 0.320746 0.839689
vt 0.147341 0.839678
vt 0.323950 0.860035
vt 0.981223 0.096980
vt 0.980775 0.096430
vt 0.981300 0.096576
vt 0.019297 0.947198
vt 0.981011 0.098098
vt 0.980690 0.096879
vt 0.979946 0.097896
vt 0.980157 0.096778
vt 0.980266 0.099115
vt 0.980478 0.097997
vt 0.097032 0.943731
vt 0.096561 0.943992
vt 0.980181 0.099565
vt 0.979733 0.099014
vt 0.882312 0.944489
vt 0.882187 0.943923
vt 0.020656 0.947070
vt 0.882096 0.945647
vt 0.881864 0.944431
vt 0.981968 0.097121
vt 0.981527 0.098196
vt 0.981527 0.097038
vt 0.881864 0.946670
vt 0.881648 0.945590
vt 0.981544 0.099357
vt 0.981968 0.098279
vt 0.098413 0.943767
vt 0.097890 0.943612
vt 0.097348 0.943641
vt 0.883706 0.944512
vt 0.882621 0.944512
vt 0.883706 0.945687
vt 0.883164 0.944529
vt 0.882622 0.945687
vt 0.883164 0.946767
vt 0.883163 0.945704
vt 0.099386 0.944773
vt 0.099116 0.944294
vt 0.098705 0.943929
vt 0.020857 0.945936
vt 0.882880 0.943627
vt 0.020656 0.943833
vt 0.020880 0.944475
vt 0.884015 0.944489
vt 0.979430 0.019798
vt 0.978988 0.018723
vt 0.979430 0.018639
vt 0.884465 0.944431
vt 0.884231 0.945647
vt 0.979412 0.020960
vt 0.978988 0.019881
vt 0.884466 0.946670
vt 0.884681 0.945590
vt 0.099381 0.946160
vt 0.099523 0.945637
vt 0.099483 0.945092
vt 0.883649 0.943612
vt 0.019297 0.943705
vt 0.980181 0.018032
vt 0.979734 0.018582
vt 0.979657 0.018179
vt 0.981011 0.019498
vt 0.980267 0.018481
vt 0.980800 0.018380
vt 0.979946 0.019700
vt 0.980690 0.020717
vt 0.980479 0.019599
vt 0.981223 0.020616
vt 0.980775 0.021167
vt 0.099226 0.946450
vt 0.098871 0.946855
vt 0.018247 0.944600
vt 0.018996 0.943833
vt 0.175963 0.946298
vt 0.175069 0.946532
vt 0.174963 0.946082
vt 0.981544 0.018239
vt 0.981527 0.019400
vt 0.981103 0.018323
vt 0.177214 0.946532
vt 0.176069 0.946747
vt 0.981968 0.020476
vt 0.981968 0.019317
vt 0.177108 0.946082
vt 0.177364 0.946849
vt 0.018123 0.945994
vt 0.018123 0.944909
vt 0.175890 0.944689
vt 0.174889 0.945231
vt 0.174920 0.944688
vt 0.175890 0.945773
vt 0.174920 0.945773
vt 0.177034 0.945231
vt 0.175859 0.945231
vt 0.177065 0.944688
vt 0.177065 0.945773
vt 0.097034 0.946339
vt 0.018996 0.947070
vt 0.018247 0.946303
vt 0.979429 0.097798
vt 0.979412 0.096637
vt 0.979854 0.096720
vt 0.175069 0.943930
vt 0.175963 0.944163
vt 0.174963 0.944379
vt 0.978988 0.098873
vt 0.978988 0.097715
vt 0.177214 0.943930
vt 0.176069 0.943714
vt 0.177364 0.943612
vt 0.177753 0.944254
vt 0.177108 0.944379
vt 0.178038 0.944947
vt 0.096615 0.945690
vt 0.981223 0.136179
vt 0.980775 0.135628
vt 0.981300 0.135775
vt 0.058423 0.947198
vt 0.981011 0.137297
vt 0.980690 0.136078
vt 0.979946 0.137095
vt 0.980157 0.135977
vt 0.980266 0.138314
vt 0.980478 0.137196
vt 0.136335 0.943731
vt 0.135863 0.943992
vt 0.980181 0.138763
vt 0.979733 0.138213
vt 0.921409 0.944489
vt 0.921284 0.943923
vt 0.059783 0.947070
vt 0.921193 0.945647
vt 0.920960 0.944431
vt 0.981968 0.136320
vt 0.981527 0.137395
vt 0.981527 0.136236
vt 0.920961 0.946670
vt 0.920744 0.945590
vt 0.981544 0.138556
vt 0.981968 0.137478
vt 0.137716 0.943767
vt 0.137192 0.943612
vt 0.136650 0.943641
vt 0.922802 0.944512
vt 0.921718 0.944512
vt 0.922802 0.945687
vt 0.922260 0.944529
vt 0.921718 0.945687
vt 0.922261 0.946767
vt 0.922260 0.945704
vt 0.138688 0.944773
vt 0.138418 0.944294
vt 0.138007 0.943929
vt 0.059984 0.945936
vt 0.921977 0.943627
vt 0.059783 0.943834
vt 0.060006 0.944475
vt 0.923112 0.944489
vt 0.979430 0.058996
vt 0.978988 0.057922
vt 0.979430 0.057838
vt 0.923562 0.944431
vt 0.923328 0.945647
vt 0.979412 0.060159
vt 0.978988 0.059080
vt 0.923562 0.946670
vt 0.923777 0.945590
vt 0.138683 0.946160
vt 0.138825 0.945637
vt 0.138785 0.945092
vt 0.922745 0.943612
vt 0.058423 0.943705
vt 0.980181 0.057231
vt 0.979734 0.057781
vt 0.979657 0.057377
vt 0.981011 0.058697
vt 0.980267 0.057680
vt 0.980800 0.057579
vt 0.979946 0.058898
vt 0.980690 0.059916
vt 0.980479 0.058797
vt 0.981223 0.059815
vt 0.980775 0.060366
vt 0.138528 0.946450
vt 0.138173 0.946855
vt 0.057374 0.944600
vt 0.058122 0.943833
vt 0.215203 0.946298
vt 0.214309 0.946531
vt 0.214203 0.946082
vt 0.981544 0.057438
vt 0.981527 0.058599
vt 0.981103 0.057521
vt 0.216454 0.946532
vt 0.215310 0.946747
vt 0.981968 0.059675
vt 0.981968 0.058516
vt 0.216348 0.946082
vt 0.216604 0.946849
vt 0.057249 0.945994
vt 0.057249 0.944910
vt 0.215130 0.944689
vt 0.214129 0.945231
vt 0.214160 0.944688
vt 0.215130 0.945773
vt 0.214160 0.945773
vt 0.216274 0.945231
vt 0.215099 0.945231
vt 0.216305 0.944688
vt 0.216305 0.945773
vt 0.136336 0.946339
vt 0.217306 0.945715
vt 0.058122 0.947070
vt 0.057374 0.946303
vt 0.979429 0.136997
vt 0.979412 0.135835
vt 0.979854 0.135919
vt 0.214309 0.943930
vt 0.215203 0.944163
vt 0.214203 0.944379
vt 0.978988 0.138072
vt 0.978988 0.136913
vt 0.216454 0.943930
vt 0.215310 0.943714
vt 0.216604 0.943612
vt 0.216993 0.944254
vt 0.216348 0.944379
vt 0.217278 0.944947
vt 0.135917 0.945690
vt 0.795328 0.647044
vt 0.853846 0.462413
vt 0.063016 0.854751
vt 0.795328 0.698196
vt 0.845823 0.450918
vt 0.018438 0.854751
vt 0.853463 0.450512
vt 0.794922 0.632313
vt 0.026546 0.854345
vt 0.807230 0.697799
vt 0.018032 0.839688
vt 0.853796 0.308423
vt 0.026140 0.839282
vt 0.806824 0.631916
vt 0.845823 0.308832
vt 0.806824 0.683108
vt 0.854196 0.320325
vt 0.070718 0.839282
vt 0.846222 0.320734
vt 0.807230 0.646647
vt 0.062610 0.839688
vt 0.794922 0.683505
vt 0.071125 0.854345
vt 0.937021 0.582463
vt 0.937021 0.755508
vt 0.979371 0.216540
vt 0.937021 0.626831
vt 0.978988 0.214122
vt 0.937021 0.800086
vt 0.980671 0.213715
vt 0.936615 0.574533
vt 0.938807 0.799680
vt 0.939439 0.626435
vt 0.936615 0.791978
vt 0.980744 0.174827
vt 0.938401 0.791572
vt 0.939033 0.574136
vt 0.978988 0.175234
vt 0.939033 0.618527
vt 0.938401 0.746993
vt 0.979388 0.177652
vt 0.939439 0.582066
vt 0.936615 0.747400
vt 0.936615 0.618923
vt 0.938807 0.755101
vt 0.937483 0.491275
vt 0.937915 0.489834
vt 0.770269 0.903141
vt 0.937063 0.493527
vt 0.937034 0.491217
vt 0.942582 0.148186
vt 0.942140 0.150355
vt 0.942140 0.148102
vt 0.937036 0.495569
vt 0.936615 0.493469
vt 0.941758 0.152534
vt 0.942582 0.150438
vt 0.936712 0.235359
vt 0.936615 0.235896
vt 0.936702 0.236431
vt 0.940192 0.491397
vt 0.939108 0.491397
vt 0.940192 0.493681
vt 0.939650 0.491414
vt 0.939108 0.493681
vt 0.939651 0.495766
vt 0.939649 0.493698
vt 0.938160 0.232975
vt 0.937712 0.233294
vt 0.937394 0.233743
vt 0.770101 0.901450
vt 0.770269 0.897271
vt 0.770124 0.898469
vt 0.941819 0.491275
vt 0.937057 0.107497
vt 0.936615 0.105329
vt 0.937057 0.105245
vt 0.942268 0.491217
vt 0.942238 0.493527
vt 0.937440 0.109678
vt 0.936616 0.107581
vt 0.942270 0.495569
vt 0.942688 0.493469
vt 0.940847 0.232275
vt 0.940311 0.232190
vt 0.939774 0.232289
vt 0.940897 0.489523
vt 0.767626 0.896598
vt 0.938954 0.103619
vt 0.938654 0.104942
vt 0.938430 0.103766
vt 0.940132 0.106913
vt 0.939187 0.104841
vt 0.939720 0.104740
vt 0.939067 0.107115
vt 0.940012 0.109189
vt 0.939600 0.107014
vt 0.940544 0.109088
vt 0.940242 0.110413
vt 0.942448 0.232921
vt 0.942889 0.233230
vt 0.765292 0.898038
vt 0.766040 0.897271
vt 0.937064 0.406973
vt 0.937034 0.405134
vt 0.937483 0.405028
vt 0.941757 0.104354
vt 0.942141 0.106533
vt 0.941316 0.104437
vt 0.937034 0.409305
vt 0.936615 0.407079
vt 0.942582 0.108702
vt 0.942582 0.106450
vt 0.937483 0.409198
vt 0.936716 0.409455
vt 0.764635 0.900748
vt 0.764635 0.899664
vt 0.940193 0.406689
vt 0.939651 0.404772
vt 0.940194 0.404803
vt 0.939109 0.406689
vt 0.939109 0.404803
vt 0.939651 0.408942
vt 0.939651 0.406658
vt 0.940194 0.408973
vt 0.939109 0.408973
vt 0.942119 0.237288
vt 0.766040 0.903141
vt 0.765292 0.902374
vt 0.937056 0.149391
vt 0.937439 0.147211
vt 0.937880 0.147295
vt 0.942268 0.405134
vt 0.942239 0.406973
vt 0.941819 0.405028
vt 0.936615 0.151560
vt 0.936615 0.149308
vt 0.942268 0.409305
vt 0.942688 0.407079
vt 0.942586 0.409455
vt 0.941388 0.410772
vt 0.941819 0.409198
vt 0.939935 0.410951
vt 0.940543 0.147800
vt 0.940242 0.146476
vt 0.940766 0.146623
vt 0.767626 0.903814
vt 0.940131 0.149974
vt 0.940010 0.147699
vt 0.939066 0.149772
vt 0.939477 0.147598
vt 0.939186 0.152047
vt 0.939598 0.149873
vt 0.937352 0.238031
vt 0.937662 0.238471
vt 0.938955 0.153270
vt 0.938653 0.151946
vt 0.937483 0.533581
vt 0.937915 0.532140
vt 0.812495 0.903141
vt 0.937063 0.535833
vt 0.937034 0.533523
vt 0.942582 0.191043
vt 0.942140 0.193212
vt 0.942140 0.190959
vt 0.937036 0.537876
vt 0.936615 0.535776
vt 0.941758 0.195391
vt 0.942582 0.193295
vt 0.936712 0.277703
vt 0.936615 0.278241
vt 0.936702 0.278776
vt 0.940192 0.533703
vt 0.939107 0.533703
vt 0.940192 0.535987
vt 0.939650 0.533720
vt 0.939108 0.535987
vt 0.939651 0.538072
vt 0.939649 0.536004
vt 0.938160 0.275319
vt 0.937712 0.275639
vt 0.937394 0.276087
vt 0.812327 0.901450
vt 0.812495 0.897271
vt 0.812349 0.898469
vt 0.941819 0.533581
vt 0.937056 0.064639
vt 0.936615 0.062472
vt 0.937057 0.062388
vt 0.942268 0.533523
vt 0.942238 0.535833
vt 0.937438 0.066820
vt 0.936615 0.064723
vt 0.942270 0.537876
vt 0.942688 0.535776
vt 0.940846 0.274620
vt 0.940311 0.274535
vt 0.939774 0.274633
vt 0.940897 0.531830
vt 0.809851 0.896598
vt 0.938955 0.060762
vt 0.938654 0.062085
vt 0.938430 0.060909
vt 0.940132 0.064056
vt 0.939187 0.061984
vt 0.939720 0.061883
vt 0.939067 0.064258
vt 0.940011 0.066332
vt 0.939599 0.064157
vt 0.940543 0.066231
vt 0.940241 0.067556
vt 0.942447 0.275266
vt 0.942889 0.275575
vt 0.807518 0.898038
vt 0.808266 0.897271
vt 0.937064 0.449349
vt 0.937034 0.447510
vt 0.937484 0.447404
vt 0.941758 0.061498
vt 0.942141 0.063677
vt 0.941317 0.061581
vt 0.937034 0.451681
vt 0.936615 0.449455
vt 0.942581 0.065846
vt 0.942582 0.063594
vt 0.937483 0.451574
vt 0.936717 0.451831
vt 0.806861 0.900748
vt 0.806861 0.899664
vt 0.940193 0.449065
vt 0.939651 0.447147
vt 0.940194 0.447179
vt 0.939109 0.449065
vt 0.939109 0.447179
vt 0.939651 0.451318
vt 0.939651 0.449034
vt 0.940194 0.451349
vt 0.939109 0.451349
vt 0.942119 0.279633
vt 0.808266 0.903141
vt 0.807518 0.902374
vt 0.937056 0.192248
vt 0.937439 0.190068
vt 0.937880 0.190152
vt 0.942268 0.447510
vt 0.942239 0.449349
vt 0.941819 0.447404
vt 0.936615 0.194417
vt 0.936615 0.192164
vt 0.942268 0.451681
vt 0.942688 0.449455
vt 0.942586 0.451831
vt 0.941389 0.453148
vt 0.941819 0.451574
vt 0.939936 0.453327
vt 0.940764 0.280440
vt 0.940543 0.190657
vt 0.940242 0.189333
vt 0.940766 0.189480
vt 0.809851 0.903814
vt 0.940131 0.192831
vt 0.940010 0.190556
vt 0.939066 0.192629
vt 0.939477 0.190455
vt 0.939186 0.194904
vt 0.939598 0.192730
vt 0.937352 0.280375
vt 0.937661 0.280816
vt 0.938955 0.196126
vt 0.938653 0.194803
vt 0.755200 0.695748
vt 0.755066 0.696275
vt 0.755257 0.695182
vt 0.174356 0.782580
vt 0.173934 0.782789
vt 0.752128 0.682469
vt 0.748351 0.703261
vt 0.747835 0.703197
vt 0.748866 0.703197
vt 0.805127 0.748069
vt 0.805690 0.748029
vt 0.806198 0.747879
vt 0.741444 0.695182
vt 0.741501 0.695748
vt 0.741636 0.696275
vt 0.805127 0.734259
vt 0.805690 0.734299
vt 0.795967 0.795525
vt 0.795967 0.786459
vt 0.795939 0.745697
vt 0.795939 0.736631
vt 0.805234 0.797862
vt 0.183855 0.779846
vt 0.183357 0.779559
vt 0.183936 0.800204
vt 0.021161 0.800300
vt 0.220425 0.799990
vt 0.805234 0.784133
vt 0.805700 0.784283
vt 0.220928 0.779846
vt 0.018032 0.787616
vt 0.018089 0.787051
vt 0.025454 0.779624
vt 0.024938 0.779559
vt 0.024423 0.779624
vt 0.031788 0.787051
vt 0.031844 0.787616
vt 0.419363 0.242203
vt 0.437566 0.667738
vt 0.502827 0.169754
vt 0.419363 0.334670
vt 0.425968 0.630953
vt 0.502827 0.075861
vt 0.437183 0.630547
vt 0.418957 0.186046
vt 0.514728 0.075455
vt 0.456554 0.334273
vt 0.502420 0.018438
vt 0.389504 0.630547
vt 0.514322 0.018032
vt 0.456148 0.185648
vt 0.377800 0.630957
vt 0.456148 0.278267
vt 0.389904 0.667738
vt 0.514322 0.111925
vt 0.378200 0.668148
vt 0.456554 0.241806
vt 0.502420 0.112331
vt 0.418957 0.278664
vt 0.514728 0.169348
vt 0.373432 0.184522
vt 0.359185 0.184928
vt 0.359224 0.184521
vt 0.079927 0.031297
vt 0.086324 0.045517
vt 0.079601 0.031557
vt 0.373432 0.116126
vt 0.359185 0.115718
vt 0.373325 0.115719
vt 0.129597 0.031297
vt 0.123201 0.045517
vt 0.122794 0.045424
vt 0.073345 0.230616
vt 0.061367 0.230194
vt 0.073206 0.230210
vt 0.086731 0.061105
vt 0.086731 0.045425
vt 0.061449 0.298997
vt 0.073206 0.299419
vt 0.061367 0.299403
vt 0.123201 0.061012
vt 0.122794 0.061105
vt 0.046247 0.230594
vt 0.061449 0.230600
vt 0.079927 0.075232
vt 0.086324 0.061012
vt 0.046247 0.298990
vt 0.046240 0.299397
vt 0.129923 0.074972
vt 0.129597 0.075232
vt 0.030752 0.230598
vt 0.046240 0.230187
vt 0.067668 0.085008
vt 0.079601 0.074972
vt 0.030820 0.299401
vt 0.030752 0.298995
vt 0.142037 0.084632
vt 0.141857 0.085008
vt 0.018032 0.230613
vt 0.030820 0.230192
vt 0.052381 0.088497
vt 0.067487 0.084633
vt 0.018162 0.299416
vt 0.018032 0.299009
vt 0.157143 0.088080
vt 0.157144 0.088497
vt 0.343381 0.289796
vt 0.329392 0.290202
vt 0.329282 0.289796
vt 0.037094 0.085008
vt 0.052381 0.088080
vt 0.343381 0.221399
vt 0.329392 0.220992
vt 0.343422 0.220992
vt 0.172430 0.085008
vt 0.172250 0.084632
vt 0.359101 0.290202
vt 0.343422 0.290202
vt 0.024835 0.075232
vt 0.037275 0.084633
vt 0.359101 0.220992
vt 0.359137 0.221399
vt 0.184690 0.075232
vt 0.184364 0.074972
vt 0.373428 0.289796
vt 0.359137 0.289796
vt 0.018032 0.061105
vt 0.025161 0.074972
vt 0.373322 0.220992
vt 0.373428 0.221399
vt 0.191086 0.061012
vt 0.191493 0.061104
vt 0.164394 0.230594
vt 0.150957 0.230188
vt 0.164272 0.230188
vt 0.018438 0.045517
vt 0.018438 0.061012
vt 0.164394 0.298991
vt 0.150957 0.299398
vt 0.151014 0.298991
vt 0.191086 0.045517
vt 0.191493 0.045424
vt 0.151014 0.230595
vt 0.135368 0.230188
vt 0.024835 0.031297
vt 0.018032 0.045425
vt 0.135368 0.299398
vt 0.135348 0.298992
vt 0.184690 0.031297
vt 0.184364 0.031557
vt 0.120499 0.230594
vt 0.135348 0.230595
vt 0.037094 0.021521
vt 0.025161 0.031557
vt 0.120592 0.299398
vt 0.120499 0.298991
vt 0.172250 0.021896
vt 0.172430 0.021521
vt 0.109409 0.230594
vt 0.120592 0.230188
vt 0.052381 0.018449
vt 0.037275 0.021897
vt 0.109409 0.298991
vt 0.109556 0.299397
vt 0.157143 0.018448
vt 0.157144 0.018032
vt 0.343467 0.184521
vt 0.329390 0.184929
vt 0.329283 0.184522
vt 0.052381 0.018032
vt 0.067487 0.021897
vt 0.329282 0.116126
vt 0.343505 0.115718
vt 0.343467 0.116125
vt 0.141857 0.021521
vt 0.142037 0.021896
vt 0.343505 0.184928
vt 0.067668 0.021521
vt 0.359224 0.116125
vt 0.129923 0.031557
vt 0.341514 0.709895
vt 0.754012 0.624388
vt 0.286169 0.729896
vt 0.286226 0.729542
vt 0.353054 0.709689
vt 0.460242 0.709663
vt 0.301722 0.729896
vt 0.741444 0.565901
vt 0.448705 0.709850
vt 0.353555 0.725297
vt 0.445294 0.714719
vt 0.754012 0.587512
vt 0.347844 0.727242
vt 0.393354 0.708989
vt 0.445485 0.720667
vt 0.342015 0.725503
vt 0.449205 0.725421
vt 0.408907 0.708989
vt 0.408849 0.709288
vt 0.455033 0.727165
vt 0.460743 0.725233
vt 0.061520 0.425054
vt 0.893066 0.903161
vt 0.102766 0.425207
vt 0.941291 0.024356
vt 0.897255 0.900752
vt 0.897041 0.898181
vt 0.936888 0.023109
vt 0.895007 0.896505
vt 0.142263 0.511232
vt 0.936615 0.020526
vt 0.892381 0.896789
vt 0.936888 0.019826
vt 0.936915 0.020240
vt 0.890701 0.898866
vt 0.940665 0.018035
vt 0.062271 0.513231
vt 0.418957 0.018471
vt 0.466357 0.065342
vt 0.418957 0.149149
vt 0.183070 0.425464
vt 0.200865 0.479952
vt 0.502420 0.206880
vt 0.516611 0.258226
vt 0.362440 0.479948
vt 0.448759 0.425478
vt 0.254723 0.479952
vt 0.502420 0.295780
vt 0.516611 0.347127
vt 0.449934 0.594073
vt 0.622743 0.376575
vt 0.571766 0.515253
vt 0.234499 0.549704
vt 0.485997 0.549701
vt 0.266916 0.789455
vt 0.333587 0.784514
vt 0.138676 0.670992
vt 0.142324 0.671778
vt 0.146376 0.671781
vt 0.150029 0.671001
vt 0.562785 0.019054
vt 0.566436 0.018032
vt 0.570487 0.018032
vt 0.335099 0.549701
vt 0.133900 0.549705
vt 0.385398 0.549701
vt 0.540737 0.839282
vt 0.187493 0.846305
vt 0.187946 0.849005
vt 0.190394 0.849328
vt 0.852971 0.786118
vt 0.851025 0.786118
vt 0.193826 0.839282
vt 0.191442 0.849390
vt 0.194470 0.849390
vt 0.191936 0.851456
vt 0.193982 0.851456
vt 0.537210 0.839323
vt 0.198422 0.846305
vt 0.197972 0.849005
vt 0.195519 0.849328
vt 0.849922 0.693245
vt 0.847976 0.693246
vt 0.852970 0.693246
vt 0.851025 0.693245
vt 0.716614 0.850211
vt 0.723663 0.845614
vt 0.723663 0.843879
vt 0.716614 0.839282
vt 0.724004 0.842476
vt 0.847977 0.786118
vt 0.849923 0.786118
vt 0.587594 0.839282
vt 0.234486 0.846305
vt 0.237386 0.849328
vt 0.234939 0.849005
vt 0.852971 0.832553
vt 0.851025 0.832553
vt 0.240819 0.839282
vt 0.238434 0.849390
vt 0.241463 0.849390
vt 0.240974 0.851456
vt 0.238929 0.851456
vt 0.584068 0.839322
vt 0.245415 0.846305
vt 0.244965 0.849005
vt 0.242512 0.849328
vt 0.849922 0.739682
vt 0.847976 0.739682
vt 0.852970 0.739682
vt 0.851025 0.739682
vt 0.763312 0.850211
vt 0.770361 0.845614
vt 0.770361 0.843879
vt 0.763312 0.839282
vt 0.770702 0.842476
vt 0.849923 0.832553
vt 0.847977 0.832553
vt 0.807959 0.591692
vt 0.683541 0.251745
vt 0.683541 0.288580
vt 0.693002 0.288585
vt 0.234020 0.630956
vt 0.018032 0.708567
vt 0.021074 0.707845
vt 0.027492 0.708567
vt 0.027492 0.742767
vt 0.341737 0.670267
vt 0.473630 0.630955
vt 0.483091 0.670267
vt 0.197956 0.670270
vt 0.528615 0.669932
vt 0.329874 0.630954
vt 0.849408 0.502488
vt 0.899963 0.159278
vt 0.845884 0.217342
vt 0.846158 0.215265
vt 0.847753 0.646760
vt 0.845993 0.644253
vt 0.852134 0.643189
vt 0.855123 0.220873
vt 0.845823 0.220953
vt 0.845823 0.218384
vt 0.855380 0.222822
vt 0.845884 0.221997
vt 0.846158 0.224078
vt 0.894804 0.018032
vt 0.855313 0.638124
vt 0.854653 0.640206
vt 0.845965 0.506976
vt 0.848510 0.508676
vt 0.899962 0.028248
vt 0.850825 0.505126
vt 0.854427 0.499222
vt 0.894805 0.169494
vt 0.849408 0.548488
vt 0.899963 0.112396
vt 0.845884 0.264489
vt 0.846158 0.262413
vt 0.847753 0.600766
vt 0.845993 0.598258
vt 0.852134 0.597194
vt 0.845823 0.268101
vt 0.845823 0.265532
vt 0.855380 0.269969
vt 0.845884 0.269144
vt 0.846158 0.271225
vt 0.894804 0.064913
vt 0.855313 0.592130
vt 0.845965 0.552977
vt 0.848510 0.554676
vt 0.899962 0.075130
vt 0.854427 0.545222
vt 0.894805 0.122613
vt 0.741445 0.453959
vt 0.756430 0.473018
vt 0.741473 0.509917
vt 0.741444 0.529000
vt 0.020077 0.945452
vt 0.981317 0.096580
vt 0.979430 0.098957
vt 0.980799 0.099216
vt 0.981103 0.099274
vt 0.979657 0.099418
vt 0.979639 0.099415
vt 0.097531 0.945573
vt 0.882622 0.946751
vt 0.882313 0.946727
vt 0.884016 0.946727
vt 0.883707 0.946751
vt 0.980157 0.020818
vt 0.979854 0.020876
vt 0.981527 0.020559
vt 0.981317 0.021017
vt 0.981300 0.021020
vt 0.059204 0.945452
vt 0.981317 0.135778
vt 0.979430 0.138155
vt 0.981103 0.138472
vt 0.980799 0.138415
vt 0.979657 0.138617
vt 0.979639 0.138613
vt 0.136833 0.945573
vt 0.921718 0.946750
vt 0.921409 0.946727
vt 0.923112 0.946727
vt 0.922803 0.946750
vt 0.979639 0.057381
vt 0.979854 0.060075
vt 0.980157 0.060017
vt 0.981527 0.059758
vt 0.981300 0.060219
vt 0.981317 0.060216
vt 0.768643 0.900206
vt 0.937056 0.151643
vt 0.941316 0.152451
vt 0.939719 0.152148
vt 0.940602 0.236177
vt 0.937666 0.152978
vt 0.938430 0.153123
vt 0.939109 0.495749
vt 0.937484 0.495627
vt 0.941820 0.495627
vt 0.940193 0.495749
vt 0.937665 0.103912
vt 0.939479 0.109290
vt 0.937881 0.109594
vt 0.942141 0.108786
vt 0.940767 0.110266
vt 0.941531 0.110121
vt 0.810869 0.900206
vt 0.941531 0.189625
vt 0.937056 0.194500
vt 0.941316 0.195308
vt 0.939719 0.195005
vt 0.940602 0.278521
vt 0.938430 0.195980
vt 0.937666 0.195835
vt 0.939109 0.538056
vt 0.937484 0.537933
vt 0.940193 0.538056
vt 0.941820 0.537933
vt 0.937666 0.061054
vt 0.937880 0.066736
vt 0.939478 0.066433
vt 0.942140 0.065930
vt 0.941530 0.067265
vt 0.940766 0.067409
vt 0.174927 0.803217
vt 0.229852 0.803218
vt 0.221426 0.779559
vt 0.018223 0.786527
vt 0.031653 0.786527
vt 0.073345 0.299013
vt 0.329282 0.221399
vt 0.301664 0.729542
vt 0.393412 0.709288
vt 0.231176 0.030760
vt 0.245512 0.018582
vt 0.340343 0.018032
vt 0.371855 0.018032
vt 0.187809 0.147643
vt 0.252346 0.287634
vt 0.183818 0.165032
vt 0.227556 0.177142
vt 0.223962 0.290855
vt 0.266633 0.123218
vt 0.284387 0.135162
vt 0.200457 0.269868
vt 0.290231 0.177142
vt 0.808754 0.483415
vt 0.808754 0.492028
vt 0.473366 0.787450
vt 0.385443 0.785021
vt 0.385922 0.789669
vt 0.474560 0.782894
vt 0.794922 0.337679
vt 0.797746 0.327017
vt 0.488852 0.783963
vt 0.806012 0.324980
vt 0.679561 0.788100
vt 0.803107 0.479322
vt 0.808754 0.431965
vt 0.529371 0.795341
vt 0.808754 0.440578
vt 0.434757 0.781862
vt 0.436823 0.785021
vt 0.437302 0.789669
vt 0.529371 0.779559
vt 0.794922 0.389129
vt 0.800569 0.376422
vt 0.540401 0.783963
vt 0.806012 0.376430
vt 0.729724 0.788100
vt 0.734680 0.779559
vt 0.803107 0.427872
vt 0.190224 0.710731
vt 0.685225 0.093907
vt 0.194205 0.725763
vt 0.584037 0.636093
vt 0.689825 0.076353
vt 0.063556 0.725766
vt 0.071520 0.707845
vt 0.705381 0.082564
vt 0.684117 0.343952
vt 0.684117 0.331102
vt 0.249776 0.725763
vt 0.634620 0.630547
vt 0.640353 0.633795
vt 0.683541 0.029161
vt 0.643265 0.638250
vt 0.689825 0.018032
vt 0.119127 0.725766
vt 0.119127 0.713617
vt 0.127091 0.707845
vt 0.705381 0.024243
vt 0.684118 0.391257
vt 0.690530 0.385636
vt 0.241813 0.707845
vt 0.034648 0.630547
vt 0.622743 0.555138
vt 0.647478 0.256152
vt 0.623591 0.549765
vt 0.647047 0.269623
vt 0.626101 0.535666
vt 0.636445 0.534101
vt 0.085998 0.630547
vt 0.094992 0.630547
vt 0.646023 0.542126
vt 0.100485 0.632212
vt 0.627632 0.339268
vt 0.623354 0.318830
vt 0.627632 0.313771
vt 0.646023 0.552769
vt 0.025653 0.630547
vt 0.442641 0.149495
vt 0.139186 0.335490
vt 0.442671 0.101931
vt 0.456467 0.149504
vt 0.456497 0.101940
vt 0.018211 0.369946
vt 0.288061 0.384127
vt 0.288048 0.337353
vt 0.301881 0.384800
vt 0.106422 0.355733
vt 0.301868 0.338025
vt 0.315713 0.384127
vt 0.315700 0.337353
vt 0.428855 0.065688
vt 0.428826 0.018123
vt 0.050901 0.335498
vt 0.442685 0.065676
vt 0.442656 0.018111
vt 0.456507 0.065671
vt 0.139768 0.388641
vt 0.456478 0.018106
vt 0.204569 0.381585
vt 0.204570 0.336763
vt 0.218396 0.335523
vt 0.232221 0.381585
vt 0.232222 0.336763
vt 0.428815 0.149487
vt 0.428845 0.101922
vt 0.616855 0.729862
vt 0.515054 0.729862
vt 0.652919 0.708251
vt 0.551117 0.708251
vt 0.446641 0.839689
vt 0.360014 0.839689
vt 0.497205 0.854471
vt 0.410577 0.854471
vt 0.532684 0.896505
vt 0.256573 0.946410
vt 0.530048 0.896912
vt 0.892409 0.357926
vt 0.256167 0.943612
vt 0.892009 0.347289
vt 0.728098 0.896505
vt 0.892409 0.216602
vt 0.452910 0.946410
vt 0.571767 0.896505
vt 0.295840 0.946410
vt 0.569131 0.896912
vt 0.892409 0.263710
vt 0.295434 0.943612
vt 0.892009 0.253073
vt 0.610850 0.896505
vt 0.608214 0.896912
vt 0.892409 0.405033
vt 0.570712 0.946410
vt 0.454519 0.896505
vt 0.451882 0.896911
vt 0.892409 0.452141
vt 0.649247 0.946410
vt 0.892009 0.441504
vt 0.493601 0.896505
vt 0.490965 0.896912
vt 0.892409 0.310818
vt 0.685717 0.946816
vt 0.334702 0.943612
vt 0.331904 0.944019
vt 0.649933 0.896505
vt 0.647296 0.896912
vt 0.892409 0.499249
vt 0.845584 0.946410
vt 0.689015 0.896505
vt 0.686379 0.896912
vt 0.892409 0.546357
vt 0.724985 0.946816
vt 0.373969 0.943612
vt 0.371172 0.944019
vt 0.748922 0.529343
vt 0.748952 0.509597
vt 0.070419 0.794647
vt 0.753391 0.529350
vt 0.753421 0.509604
vt 0.744484 0.145895
vt 0.123141 0.782145
vt 0.744479 0.126477
vt 0.748951 0.146112
vt 0.748946 0.126694
vt 0.070131 0.782154
vt 0.753422 0.145895
vt 0.121087 0.790756
vt 0.753417 0.126477
vt 0.744486 0.473365
vt 0.744456 0.453620
vt 0.078452 0.779570
vt 0.748956 0.473358
vt 0.127337 0.796784
vt 0.748927 0.453612
vt 0.753424 0.473352
vt 0.753394 0.453606
vt 0.744483 0.201281
vt 0.135641 0.794200
vt 0.744484 0.182673
vt 0.748952 0.182273
vt 0.082678 0.794212
vt 0.753421 0.201281
vt 0.753421 0.182673
vt 0.744453 0.529336
vt 0.135370 0.781710
vt 0.744483 0.509590
vt 0.854254 0.896505
vt 0.848997 0.896911
vt 0.409933 0.896913
vt 0.939251 0.876303
vt 0.936615 0.876710
vt 0.937015 0.840239
vt 0.284276 0.839282
vt 0.936615 0.836557
vt 0.020938 0.945168
vt 0.178065 0.945715
vt 0.097512 0.946844
vt 0.060064 0.945168
vt 0.136814 0.946844
vt 0.846206 0.462820
vt 0.981054 0.216134
vt 0.981144 0.177245
vt 0.939368 0.489596
vt 0.770489 0.899922
vt 0.938407 0.411084
vt 0.942889 0.236004
vt 0.940765 0.238096
vt 0.939368 0.531902
vt 0.812714 0.899922
vt 0.938407 0.453460
vt 0.942889 0.278348
vt 0.795065 0.795450
vt 0.795065 0.786534
vt 0.229634 0.781268
vt 0.795101 0.745623
vt 0.221644 0.801509
vt 0.795101 0.736706
vt 0.426351 0.668145
vt 0.338103 0.714782
vt 0.747728 0.646331
vt 0.464153 0.720364
vt 0.747728 0.624057
vt 0.753567 0.646331
vt 0.463962 0.714416
vt 0.285903 0.707883
vt 0.753567 0.624057
vt 0.347225 0.707950
vt 0.290870 0.730443
vt 0.290864 0.708538
vt 0.297010 0.730443
vt 0.454414 0.707918
vt 0.297004 0.708538
vt 0.356775 0.714448
vt 0.741889 0.587843
vt 0.741889 0.565569
vt 0.301976 0.707883
vt 0.356967 0.720410
vt 0.747730 0.587842
vt 0.747731 0.565567
vt 0.753568 0.587843
vt 0.393093 0.730115
vt 0.753568 0.565569
vt 0.398060 0.728907
vt 0.398061 0.707916
vt 0.404200 0.728907
vt 0.404200 0.707916
vt 0.338294 0.720743
vt 0.409167 0.730115
vt 0.741889 0.646331
vt 0.741889 0.624057
vt 0.942696 0.019617
vt 0.059359 0.425128
vt 0.100605 0.511184
vt 0.895610 0.902913
vt 0.100605 0.425096
vt 0.059359 0.513156
vt 0.942922 0.022251
vt 0.103142 0.511403
vt 0.105679 0.511184
vt 0.018086 0.513156
vt 0.018086 0.425128
vt 0.105679 0.425096
vt 0.938759 0.024698
vt 0.020624 0.513157
vt 0.020624 0.425129
vt 0.023241 0.512824
vt 0.141878 0.425335
vt 0.023160 0.425128
vt 0.144415 0.425103
vt 0.938213 0.018339
vt 0.146952 0.511191
vt 0.064433 0.425128
vt 0.890950 0.901521
vt 0.064433 0.513156
vt 0.146952 0.425335
vt 0.466356 0.149585
vt 0.278203 0.335931
vt 0.070358 0.368770
vt 0.242081 0.384495
vt 0.418957 0.101841
vt 0.308447 0.480354
vt 0.398612 0.425054
vt 0.412587 0.479440
vt 0.290922 0.425054
vt 0.462842 0.479440
vt 0.237063 0.425058
vt 0.344780 0.425054
vt 0.622851 0.018032
vt 0.633988 0.062469
vt 0.184335 0.549298
vt 0.198301 0.594483
vt 0.633988 0.418817
vt 0.435833 0.549295
vt 0.500098 0.594479
vt 0.560521 0.471191
vt 0.248600 0.594483
vt 0.622851 0.455458
vt 0.633988 0.498038
vt 0.349200 0.594480
vt 0.139045 0.630547
vt 0.284934 0.549297
vt 0.331465 0.781271
vt 0.274399 0.796669
vt 0.298900 0.594482
vt 0.576508 0.057371
vt 0.399499 0.594480
vt 0.560528 0.390154
vt 0.571659 0.435127
vt 0.148001 0.594483
vt 0.560521 0.308826
vt 0.571659 0.353924
vt 0.187561 0.843412
vt 0.854797 0.783739
vt 0.198355 0.843412
vt 0.846150 0.690866
vt 0.533269 0.848110
vt 0.854797 0.690866
vt 0.536604 0.850473
vt 0.540727 0.850473
vt 0.544062 0.848110
vt 0.846151 0.783739
vt 0.234554 0.843412
vt 0.854797 0.830174
vt 0.245348 0.843412
vt 0.846150 0.737302
vt 0.580126 0.848110
vt 0.854797 0.737302
vt 0.583461 0.850473
vt 0.587584 0.850473
vt 0.590919 0.848110
vt 0.846151 0.830174
vt 0.293675 0.670674
vt 0.689919 0.289417
vt 0.797775 0.582709
vt 0.245748 0.670676
vt 0.808453 0.585449
vt 0.794922 0.536042
vt 0.282082 0.630547
vt 0.186228 0.630550
vt 0.519154 0.631163
vt 0.849551 0.214128
vt 0.899108 0.168460
vt 0.849551 0.225212
vt 0.893452 0.027815
vt 0.855533 0.175673
vt 0.849551 0.261276
vt 0.899108 0.121579
vt 0.855538 0.267877
vt 0.849551 0.272360
vt 0.893452 0.074697
vt 0.855533 0.128525
vt 0.756430 0.529429
vt 0.741474 0.126298
vt 0.756460 0.202371
vt 0.019826 0.947291
vt 0.021095 0.946753
vt 0.021095 0.944151
vt 0.019826 0.943612
vt 0.018557 0.944151
vt 0.177849 0.946559
vt 0.018032 0.945452
vt 0.018557 0.946753
vt 0.177849 0.943903
vt 0.058952 0.947291
vt 0.060221 0.946753
vt 0.060221 0.944151
vt 0.058952 0.943612
vt 0.057684 0.944151
vt 0.217089 0.946559
vt 0.057158 0.945452
vt 0.057684 0.946753
vt 0.217089 0.943903
vt 0.770707 0.902823
vt 0.770707 0.897589
vt 0.768154 0.896505
vt 0.765602 0.897589
vt 0.937563 0.410867
vt 0.764545 0.900206
vt 0.765602 0.902823
vt 0.941739 0.410867
vt 0.768154 0.903907
vt 0.812933 0.902823
vt 0.812933 0.897589
vt 0.810380 0.896505
vt 0.807828 0.897589
vt 0.937563 0.453243
vt 0.806771 0.900206
vt 0.807828 0.902823
vt 0.941739 0.453243
vt 0.810380 0.903907
vt 0.806198 0.734449
vt 0.230852 0.782787
vt 0.805700 0.797713
vt 0.184357 0.799995
vt 0.373325 0.184929
vt 0.018162 0.230206
vt 0.373322 0.290202
vt 0.164272 0.299397
vt 0.109556 0.230187
vt 0.329390 0.115719
vt 0.741444 0.645999
vt 0.466356 0.102278
vt 0.271069 0.795517
vt 0.268398 0.792943
vt 0.266916 0.785745
vt 0.334542 0.788181
vt 0.574138 0.019054
vt 0.540120 0.839323
vt 0.192092 0.839282
vt 0.536594 0.839282
vt 0.714079 0.849759
vt 0.724004 0.847017
vt 0.714079 0.839734
vt 0.586977 0.839322
vt 0.239084 0.839282
vt 0.583451 0.839282
vt 0.760777 0.849759
vt 0.770702 0.847017
vt 0.760777 0.839734
vt 0.808704 0.588668
vt 0.024450 0.707845
vt 0.855380 0.216521
vt 0.897755 0.158676
vt 0.847149 0.646490
vt 0.892596 0.018635
vt 0.853049 0.637024
vt 0.855599 0.638722
vt 0.846252 0.507576
vt 0.897754 0.028850
vt 0.846441 0.176929
vt 0.846441 0.168117
vt 0.855575 0.501456
vt 0.853821 0.498948
vt 0.892597 0.168892
vt 0.855380 0.263669
vt 0.897755 0.111795
vt 0.847149 0.600495
vt 0.892596 0.065516
vt 0.853049 0.591029
vt 0.855599 0.592727
vt 0.846252 0.553577
vt 0.897754 0.075731
vt 0.846441 0.129781
vt 0.846441 0.120969
vt 0.855575 0.547456
vt 0.853821 0.544948
vt 0.892597 0.122011
vt 0.756430 0.509940
vt 0.979639 0.018182
vt 0.941531 0.146768
s 1
f 4/1/1 13/2/2 5/3/3
f 2/4/4 10/5/5 126/6/6
f 6/7/7 17/8/8 7/9/9
f 127/10/10 13/2/2 14/11/11
f 126/12/6 11/13/12 3/14/13
f 8/15/14 7/9/9 17/8/8
f 127/10/10 15/16/15 128/17/16
f 3/14/13 12/18/17 4/1/1
f 2/4/4 1/19/18 9/20/19
f 128/21/16 16/22/20 6/7/7
f 12/18/17 22/23/21 13/2/2
f 9/20/19 19/24/22 10/5/5
f 16/22/20 26/25/23 17/8/8
f 13/2/2 23/26/24 14/11/11
f 10/5/5 20/27/25 11/28/12
f 8/15/14 17/8/8 26/25/23
f 14/11/11 24/29/26 15/16/15
f 11/13/12 21/30/27 12/18/17
f 9/20/19 1/19/18 18/31/28
f 15/32/15 25/33/29 16/22/20
f 18/31/28 1/19/18 27/34/30
f 24/35/26 34/36/31 25/33/29
f 21/37/27 31/38/32 22/39/21
f 19/24/22 27/34/30 28/40/33
f 26/25/23 34/36/31 35/41/34
f 22/39/21 32/42/35 23/43/24
f 20/44/25 28/45/33 29/46/36
f 8/15/14 26/25/23 35/41/34
f 24/47/26 32/42/35 33/48/37
f 20/44/25 30/49/38 21/37/27
f 30/49/38 38/50/39 39/51/40
f 27/34/30 1/19/18 36/52/41
f 33/53/37 43/54/42 34/36/31
f 30/49/38 40/55/43 31/38/32
f 27/34/30 37/56/44 28/40/33
f 34/36/31 44/57/45 35/41/34
f 31/38/32 41/58/46 32/42/35
f 28/45/33 38/50/39 29/46/36
f 8/15/14 35/41/34 44/57/45
f 32/42/35 42/59/47 33/48/37
f 8/15/14 44/57/45 53/60/48
f 41/58/46 51/61/49 42/59/47
f 39/51/40 47/62/50 48/63/51
f 36/52/41 1/19/18 45/64/52
f 42/65/47 52/66/53 43/54/42
f 39/51/40 49/67/54 40/55/43
f 36/52/41 46/68/55 37/56/44
f 44/57/45 52/66/53 53/60/48
f 40/55/43 50/69/56 41/58/46
f 37/70/44 47/62/50 38/50/39
f 49/71/54 59/72/57 50/73/56
f 47/74/50 55/75/58 56/76/59
f 8/15/14 53/60/48 62/77/60
f 50/73/56 60/78/61 51/79/49
f 47/80/50 57/81/62 48/82/51
f 45/64/52 1/19/18 54/83/63
f 51/84/49 61/85/64 52/66/53
f 48/82/51 58/86/65 49/71/54
f 45/64/52 55/75/58 46/68/55
f 52/66/53 62/77/60 53/60/48
f 54/83/63 64/87/66 55/75/58
f 62/77/60 70/88/67 71/89/68
f 59/72/57 67/90/69 68/91/70
f 55/92/58 65/93/71 56/94/59
f 8/15/14 62/77/60 71/89/68
f 59/72/57 69/95/72 60/78/61
f 57/81/62 65/93/71 66/96/73
f 54/83/63 1/19/18 63/97/74
f 60/98/61 70/88/67 61/85/64
f 57/81/62 67/90/69 58/86/65
f 66/96/73 76/99/75 67/90/69
f 63/97/74 73/100/76 64/87/66
f 71/89/68 79/101/77 80/102/78
f 67/90/69 77/103/79 68/91/70
f 65/104/71 73/100/76 74/105/80
f 8/15/14 71/89/68 80/102/78
f 68/91/70 78/106/81 69/95/72
f 65/93/71 75/107/82 66/96/73
f 63/97/74 1/19/18 72/108/83
f 69/95/72 79/109/77 70/110/67
f 72/108/83 1/19/18 81/111/84
f 79/112/77 87/113/85 88/114/86
f 75/107/82 85/115/87 76/99/75
f 72/108/83 82/116/88 73/100/76
f 79/101/77 89/117/89 80/102/78
f 77/103/79 85/115/87 86/118/90
f 74/105/80 82/116/88 83/119/91
f 8/15/14 80/102/78 89/117/89
f 77/103/79 87/120/85 78/106/81
f 75/107/82 83/121/91 84/122/92
f 86/123/90 96/124/93 87/113/85
f 83/119/91 93/125/94 84/126/92
f 81/111/84 1/19/18 90/127/95
f 88/114/86 96/124/93 97/128/96
f 84/129/92 94/130/97 85/131/87
f 81/111/84 91/132/98 82/116/88
f 89/117/89 97/133/96 98/134/99
f 85/131/87 95/135/100 86/123/90
f 82/116/88 92/136/101 83/119/91
f 8/15/14 89/117/89 98/134/99
f 91/132/98 101/137/102 92/136/101
f 8/15/14 98/134/99 107/138/103
f 95/135/100 105/139/104 96/124/93
f 92/140/101 102/141/105 93/142/94
f 90/127/95 1/19/18 99/143/106
f 96/124/93 106/144/107 97/128/96
f 93/142/94 103/145/108 94/130/97
f 90/127/95 100/146/109 91/132/98
f 97/133/96 107/138/103 98/134/99
f 94/130/97 104/147/110 95/135/100
f 103/145/108 113/148/111 104/147/110
f 100/146/109 110/149/112 101/137/102
f 8/15/14 107/138/103 116/150/113
f 104/147/110 114/151/114 105/139/104
f 101/137/102 111/152/115 102/153/105
f 99/143/106 1/19/18 108/154/116
f 106/144/107 114/151/114 115/155/117
f 102/141/105 112/156/118 103/145/108
f 99/143/106 109/157/119 100/146/109
f 106/158/107 116/150/113 107/138/103
f 108/154/116 118/159/120 109/157/119
f 116/150/113 124/160/121 125/161/122
f 112/162/118 122/163/123 113/164/111
f 109/157/119 119/165/124 110/149/112
f 8/15/14 116/150/113 125/161/122
f 113/164/111 123/166/125 114/167/114
f 110/168/112 120/169/126 111/170/115
f 108/154/116 1/19/18 117/171/127
f 114/151/114 124/172/121 115/155/117
f 111/170/115 121/173/128 112/162/118
f 123/166/125 6/174/7 124/175/121
f 120/169/126 5/3/3 121/173/128
f 117/171/127 126/6/6 118/159/120
f 124/160/121 7/9/9 125/161/122
f 122/163/123 5/3/3 127/10/10
f 118/159/120 3/176/13 119/165/124
f 8/15/14 125/161/122 7/9/9
f 122/163/123 128/17/16 123/166/125
f 119/177/124 4/1/1 120/169/126
f 117/171/127 1/19/18 2/4/4
f 134/178/129 142/179/130 214/180/131
f 132/181/3 140/182/132 133/183/133
f 130/184/134 138/185/135 131/186/136
f 213/187/137 129/188/18 136/189/138
f 135/190/14 214/180/131 142/179/130
f 134/191/129 140/182/132 141/192/139
f 131/186/136 139/193/140 132/181/3
f 213/187/137 137/194/141 130/195/134
f 135/190/14 142/179/130 149/196/142
f 140/197/132 148/198/143 141/199/139
f 138/200/135 146/201/144 139/202/140
f 136/189/138 144/203/145 137/194/141
f 141/199/139 149/196/142 142/179/130
f 139/193/140 147/204/146 140/182/132
f 137/205/141 145/206/147 138/200/135
f 136/189/138 129/188/18 143/207/148
f 146/201/144 152/208/149 153/209/150
f 143/210/148 151/211/151 144/212/145
f 148/198/143 156/213/152 149/196/142
f 146/201/144 154/214/153 147/215/146
f 144/212/145 152/208/149 145/206/147
f 143/207/148 129/188/18 150/216/154
f 135/190/14 149/196/142 156/213/152
f 147/217/146 155/218/155 148/198/143
f 155/218/155 163/219/156 156/213/152
f 154/214/153 160/220/157 161/221/158
f 152/208/149 158/222/159 159/223/160
f 150/216/154 129/188/18 157/224/161
f 135/190/14 156/213/152 163/219/156
f 155/225/155 161/221/158 162/226/162
f 152/208/149 160/220/157 153/209/150
f 150/227/154 158/222/159 151/211/151
f 158/222/159 166/228/163 159/223/160
f 157/224/161 129/188/18 164/229/164
f 135/190/14 163/219/156 170/230/165
f 162/231/162 168/232/166 169/233/167
f 159/223/160 167/234/168 160/220/157
f 157/224/161 165/235/169 158/236/159
f 162/231/162 170/230/165 163/219/156
f 161/237/158 167/238/168 168/239/166
f 135/190/14 170/230/165 177/240/170
f 169/241/167 175/242/171 176/243/172
f 167/238/168 173/244/173 174/245/69
f 165/235/169 171/246/174 172/247/175
f 170/230/165 176/248/172 177/240/170
f 167/238/168 175/242/171 168/239/166
f 165/249/169 173/244/173 166/250/163
f 164/229/164 129/188/18 171/246/174
f 171/246/174 179/251/176 172/247/175
f 176/248/172 184/252/177 177/240/170
f 175/242/171 181/253/178 182/254/179
f 173/244/173 179/255/176 180/256/180
f 171/246/174 129/188/18 178/257/181
f 135/190/14 177/240/170 184/252/177
f 175/242/171 183/258/182 176/243/172
f 173/244/173 181/253/178 174/245/69
f 183/259/182 191/260/183 184/252/177
f 181/261/178 189/262/184 182/263/179
f 179/251/176 187/264/185 180/265/180
f 178/257/181 129/188/18 185/266/186
f 135/190/14 184/252/177 191/260/183
f 183/267/182 189/262/184 190/268/187
f 180/256/180 188/269/188 181/253/178
f 179/251/176 185/266/186 186/270/189
f 185/266/186 129/188/18 192/271/190
f 135/190/14 191/260/183 198/272/191
f 190/268/187 196/273/192 197/274/193
f 187/275/185 195/276/194 188/277/188
f 186/270/189 192/271/190 193/278/195
f 190/268/187 198/279/191 191/280/183
f 189/262/184 195/276/194 196/273/192
f 186/270/189 194/281/196 187/264/185
f 196/273/192 204/282/197 197/274/193
f 195/276/194 201/283/198 202/284/199
f 193/278/195 199/285/200 200/286/201
f 197/274/193 205/287/202 198/279/191
f 195/276/194 203/288/203 196/273/192
f 193/278/195 201/289/198 194/281/196
f 192/271/190 129/188/18 199/285/200
f 135/190/14 198/272/191 205/290/202
f 204/291/197 212/292/204 205/290/202
f 203/288/203 209/293/205 210/294/206
f 201/289/198 207/295/207 208/296/208
f 199/285/200 129/188/18 206/297/209
f 135/190/14 205/290/202 212/292/204
f 203/288/203 211/298/210 204/282/197
f 201/299/198 209/300/205 202/301/199
f 200/286/201 206/297/209 207/295/207
f 209/300/205 133/183/133 210/302/206
f 208/303/208 130/184/134 131/186/136
f 206/297/209 129/188/18 213/187/137
f 135/190/14 212/292/204 214/180/131
f 210/302/206 134/191/129 211/304/210
f 208/303/208 132/181/3 209/300/205
f 207/295/207 213/187/137 130/195/134
f 211/305/210 214/180/131 212/292/204
f 220/306/129 228/307/130 300/308/131
f 219/309/133 225/310/140 226/311/132
f 216/312/134 224/313/135 217/314/136
f 299/315/137 215/316/18 222/317/138
f 221/318/14 300/308/131 228/307/130
f 219/309/133 227/319/139 220/320/129
f 218/321/3 224/313/135 225/310/140
f 299/315/137 223/322/141 216/323/134
f 221/318/14 228/307/130 235/324/142
f 227/325/139 233/326/146 234/327/143
f 224/328/135 232/329/144 225/330/140
f 222/317/138 230/331/145 223/322/141
f 228/307/130 234/327/143 235/324/142
f 225/310/140 233/332/146 226/311/132
f 223/333/141 231/334/147 224/328/135
f 222/317/138 215/316/18 229/335/148
f 231/334/147 239/336/150 232/329/144
f 230/337/145 236/338/154 237/339/151
f 234/327/143 242/340/152 235/324/142
f 232/329/144 240/341/211 233/342/146
f 231/334/147 237/339/151 238/343/149
f 229/335/148 215/316/18 236/344/154
f 221/318/14 235/324/142 242/340/152
f 234/327/143 240/345/211 241/346/155
f 242/340/152 248/347/162 249/348/156
f 239/336/150 247/349/158 240/341/211
f 237/339/151 245/350/160 238/343/149
f 236/344/154 215/316/18 243/351/161
f 221/318/14 242/340/152 249/348/156
f 240/341/211 248/352/162 241/353/155
f 238/343/149 246/354/157 239/336/150
f 236/338/154 244/355/159 237/339/151
f 244/355/159 252/356/163 245/350/160
f 243/351/161 215/316/18 250/357/164
f 221/318/14 249/348/156 256/358/165
f 247/359/158 255/360/167 248/347/162
f 245/350/160 253/361/168 246/354/157
f 244/362/159 250/357/164 251/363/169
f 248/347/162 256/358/165 249/348/156
f 247/364/158 253/365/168 254/366/166
f 221/318/14 256/358/165 263/367/170
f 254/366/166 262/368/172 255/369/167
f 252/370/163 260/371/69 253/365/168
f 251/363/169 257/372/174 258/373/175
f 255/360/167 263/367/170 256/358/165
f 254/366/166 260/371/69 261/374/171
f 251/375/169 259/376/173 252/370/163
f 250/357/164 215/316/18 257/372/174
f 257/372/174 265/377/176 258/373/175
f 262/378/172 270/379/177 263/367/170
f 261/374/171 267/380/178 268/381/179
f 258/382/175 266/383/180 259/376/173
f 257/372/174 215/316/18 264/384/181
f 221/318/14 263/367/170 270/379/177
f 262/368/172 268/381/179 269/385/182
f 259/376/173 267/380/178 260/371/69
f 269/386/182 277/387/183 270/379/177
f 267/388/178 275/389/184 268/390/179
f 265/377/176 273/391/185 266/392/180
f 264/384/181 215/316/18 271/393/186
f 221/318/14 270/379/177 277/387/183
f 269/394/182 275/389/184 276/395/187
f 266/383/180 274/396/188 267/380/178
f 265/377/176 271/393/186 272/397/189
f 271/393/186 215/316/18 278/398/190
f 221/318/14 277/387/183 284/399/191
f 275/389/184 283/400/193 276/395/187
f 273/401/185 281/402/194 274/403/188
f 272/397/189 278/398/190 279/404/195
f 276/395/187 284/405/191 277/406/183
f 274/403/188 282/407/192 275/389/184
f 272/397/189 280/408/196 273/391/185
f 283/400/193 289/409/203 290/410/197
f 281/402/194 287/411/198 288/412/199
f 279/404/195 285/413/200 286/414/201
f 283/400/193 291/415/202 284/405/191
f 282/407/192 288/412/199 289/409/203
f 279/404/195 287/416/198 280/408/196
f 278/398/190 215/316/18 285/413/200
f 221/318/14 284/399/191 291/417/202
f 290/418/197 298/419/204 291/417/202
f 288/412/199 296/420/206 289/409/203
f 286/414/201 294/421/208 287/416/198
f 285/413/200 215/316/18 292/422/209
f 221/318/14 291/417/202 298/419/204
f 289/409/203 297/423/210 290/410/197
f 287/424/198 295/425/205 288/426/199
f 285/413/200 293/427/207 286/414/201
f 295/425/205 219/309/133 296/428/206
f 294/429/208 216/312/134 217/314/136
f 292/422/209 215/316/18 299/315/137
f 221/318/14 298/419/204 300/308/131
f 296/428/206 220/320/129 297/430/210
f 295/425/205 217/314/136 218/321/3
f 293/427/207 299/315/137 216/323/134
f 297/431/210 300/308/131 298/419/204
f 386/432/129 314/433/130 306/434/131
f 304/435/3 312/436/132 305/437/133
f 303/438/136 309/439/141 310/440/135
f 302/441/137 301/442/18 308/443/138
f 307/444/14 306/434/131 314/433/130
f 305/437/133 313/445/139 386/446/129
f 303/438/136 311/447/140 304/435/3
f 302/441/137 309/448/141 385/449/134
f 307/444/14 314/433/130 321/450/142
f 312/451/132 320/452/143 313/453/139
f 310/454/135 318/455/144 311/456/140
f 308/443/138 316/457/145 309/448/141
f 314/433/130 320/452/143 321/450/142
f 311/447/140 319/458/146 312/436/132
f 309/459/141 317/460/147 310/454/135
f 308/443/138 301/442/18 315/461/148
f 317/460/147 325/462/150 318/455/144
f 315/463/148 323/464/151 316/465/145
f 320/452/143 328/466/152 321/450/142
f 318/455/144 326/467/211 319/468/146
f 316/465/145 324/469/149 317/460/147
f 315/461/148 301/442/18 322/470/154
f 307/444/14 321/450/142 328/466/152
f 320/452/143 326/471/211 327/472/155
f 327/472/155 335/473/156 328/466/152
f 325/462/150 333/474/158 326/467/211
f 323/464/151 331/475/160 324/469/149
f 322/470/154 301/442/18 329/476/161
f 307/444/14 328/466/152 335/473/156
f 326/467/211 334/477/162 327/478/155
f 324/469/149 332/479/157 325/462/150
f 323/464/151 329/480/161 330/481/159
f 331/475/160 337/482/169 338/483/163
f 329/476/161 301/442/18 336/484/164
f 307/444/14 335/473/156 342/485/165
f 333/486/158 341/487/167 334/488/162
f 331/475/160 339/489/168 332/479/157
f 329/476/161 337/490/169 330/491/159
f 334/488/162 342/485/165 335/473/156
f 333/492/158 339/493/168 340/494/166
f 307/444/14 342/485/165 349/495/170
f 340/494/166 348/496/172 341/497/167
f 339/493/168 345/498/173 346/499/69
f 336/484/164 344/500/175 337/490/169
f 342/485/165 348/501/172 349/495/170
f 339/493/168 347/502/171 340/494/166
f 337/503/169 345/498/173 338/504/163
f 336/484/164 301/442/18 343/505/174
f 343/505/174 351/506/176 344/500/175
f 348/501/172 356/507/177 349/495/170
f 346/499/69 354/508/179 347/502/171
f 344/509/175 352/510/180 345/498/173
f 343/505/174 301/442/18 350/511/181
f 307/444/14 349/495/170 356/507/177
f 348/496/172 354/508/179 355/512/182
f 346/499/69 352/510/180 353/513/178
f 355/514/182 363/515/183 356/507/177
f 353/516/178 361/517/184 354/518/179
f 351/506/176 359/519/185 352/520/180
f 350/511/181 301/442/18 357/521/186
f 307/444/14 356/507/177 363/515/183
f 355/522/182 361/517/184 362/523/187
f 353/513/178 359/524/185 360/525/188
f 350/511/181 358/526/189 351/506/176
f 357/521/186 301/442/18 364/527/190
f 307/444/14 363/515/183 370/528/191
f 361/517/184 369/529/193 362/523/187
f 360/530/188 366/531/196 367/532/194
f 358/526/189 364/527/190 365/533/195
f 362/523/187 370/534/191 363/535/183
f 360/530/188 368/536/212 361/517/184
f 358/526/189 366/537/196 359/519/185
f 369/529/193 375/538/203 376/539/197
f 366/531/196 374/540/199 367/532/194
f 364/527/190 372/541/201 365/533/195
f 369/529/193 377/542/202 370/534/191
f 368/536/212 374/540/199 375/538/203
f 365/533/195 373/543/198 366/537/196
f 364/527/190 301/442/18 371/544/200
f 307/444/14 370/528/191 377/545/202
f 376/546/197 384/547/204 377/545/202
f 375/538/203 381/548/205 382/549/206
f 373/543/198 379/550/207 380/551/208
f 371/544/200 301/442/18 378/552/209
f 307/444/14 377/545/202 384/547/204
f 375/538/203 383/553/210 376/539/197
f 373/554/198 381/555/205 374/556/199
f 372/541/201 378/552/209 379/550/207
f 381/555/205 305/437/133 382/557/206
f 379/558/207 303/438/136 380/559/208
f 378/552/209 301/442/18 302/441/137
f 307/444/14 384/547/204 306/434/131
f 382/557/206 386/446/129 383/560/210
f 380/559/208 304/435/3 381/555/205
f 378/552/209 385/449/134 379/550/207
f 383/561/210 306/434/131 384/547/204
f 472/562/129 400/563/213 392/564/131
f 390/565/3 398/566/132 391/567/133
f 389/568/136 395/569/141 396/570/135
f 388/571/137 387/572/18 394/573/138
f 393/574/14 392/564/131 400/563/213
f 391/567/133 399/575/139 472/576/129
f 389/568/136 397/577/140 390/565/3
f 388/571/137 395/578/141 471/579/134
f 393/574/14 400/563/213 407/580/142
f 398/581/132 406/582/143 399/583/139
f 397/584/140 403/585/147 404/586/144
f 394/573/138 402/587/145 395/578/141
f 399/583/139 407/580/142 400/563/213
f 397/577/140 405/588/146 398/566/132
f 396/589/135 402/590/145 403/585/147
f 394/573/138 387/572/18 401/591/148
f 404/586/144 410/592/149 411/593/150
f 402/590/145 408/594/154 409/595/151
f 406/582/143 414/596/152 407/580/142
f 404/586/144 412/597/153 405/598/146
f 402/590/145 410/592/149 403/585/147
f 401/591/148 387/572/18 408/599/154
f 393/574/14 407/580/142 414/596/152
f 405/600/146 413/601/155 406/582/143
f 414/596/152 420/602/162 421/603/156
f 412/597/153 418/604/157 419/605/158
f 409/595/151 417/606/160 410/592/149
f 408/599/154 387/572/18 415/607/161
f 393/574/14 414/596/152 421/603/156
f 413/608/155 419/605/158 420/609/162
f 410/592/149 418/604/157 411/593/150
f 408/594/154 416/610/159 409/595/151
f 417/606/160 423/611/169 424/612/163
f 415/607/161 387/572/18 422/613/164
f 393/574/14 421/603/156 428/614/165
f 419/615/158 427/616/167 420/602/162
f 417/606/160 425/617/168 418/604/157
f 415/607/161 423/618/169 416/619/159
f 420/602/162 428/614/165 421/603/156
f 419/620/158 425/621/168 426/622/166
f 393/574/14 428/614/165 435/623/170
f 426/622/166 434/624/172 427/625/167
f 424/626/163 432/627/69 425/621/168
f 422/613/164 430/628/175 423/618/169
f 427/616/167 435/623/170 428/614/165
f 426/622/166 432/627/69 433/629/171
f 424/626/163 430/630/175 431/631/173
f 422/613/164 387/572/18 429/632/174
f 429/632/174 437/633/176 430/628/175
f 434/634/172 442/635/177 435/623/170
f 433/629/171 439/636/178 440/637/179
f 430/630/175 438/638/180 431/631/173
f 429/632/174 387/572/18 436/639/181
f 393/574/14 435/623/170 442/635/177
f 433/629/171 441/640/182 434/624/172
f 431/631/173 439/636/178 432/627/69
f 441/641/182 449/642/183 442/635/177
f 439/643/178 447/644/184 440/645/179
f 437/633/176 445/646/185 438/647/180
f 436/639/181 387/572/18 443/648/186
f 393/574/14 442/635/177 449/642/183
f 441/649/182 447/644/184 448/650/187
f 439/636/178 445/651/185 446/652/188
f 436/639/181 444/653/189 437/633/176
f 443/648/186 387/572/18 450/654/190
f 393/574/14 449/642/183 456/655/191
f 448/650/187 454/656/192 455/657/193
f 445/658/185 453/659/194 446/660/188
f 443/648/186 451/661/195 444/653/189
f 448/650/187 456/662/191 449/663/183
f 446/660/188 454/656/192 447/644/184
f 444/653/189 452/664/196 445/646/185
f 455/657/193 461/665/203 462/666/197
f 452/667/196 460/668/199 453/659/194
f 451/661/195 457/669/200 458/670/201
f 455/657/193 463/671/202 456/662/191
f 453/659/194 461/665/203 454/656/192
f 451/661/195 459/672/198 452/664/196
f 450/654/190 387/572/18 457/669/200
f 393/574/14 456/655/191 463/673/202
f 462/674/197 470/675/204 463/673/202
f 460/668/199 468/676/206 461/665/203
f 458/670/201 466/677/208 459/672/198
f 457/669/200 387/572/18 464/678/209
f 393/574/14 463/673/202 470/675/204
f 461/665/203 469/679/210 462/666/197
f 459/680/198 467/681/205 460/682/199
f 457/669/200 465/683/207 458/670/201
f 467/681/205 391/567/133 468/684/206
f 466/685/208 471/686/134 389/568/136
f 464/678/209 387/572/18 388/571/137
f 393/574/14 470/675/204 392/564/131
f 468/684/206 472/576/129 469/687/210
f 466/685/208 390/565/3 467/681/205
f 464/678/209 471/579/134 465/683/207
f 469/688/210 392/564/131 470/675/204
f 493/689/214 473/690/18 475/691/215
f 474/692/14 494/693/216 476/694/217
f 474/692/14 476/694/217 478/695/218
f 475/691/215 473/690/18 477/696/219
f 477/696/219 473/690/18 479/697/220
f 474/692/14 478/695/218 480/698/221
f 479/697/220 473/690/18 481/699/222
f 474/692/14 480/698/221 482/700/223
f 481/699/222 473/690/18 483/701/224
f 474/692/14 482/700/223 484/702/225
f 474/692/14 484/702/225 486/703/226
f 483/701/224 473/690/18 485/704/227
f 485/704/227 473/690/18 487/705/228
f 474/692/14 486/703/226 488/706/229
f 487/705/228 473/690/18 489/707/230
f 474/692/14 488/706/229 490/708/231
f 489/707/230 473/690/18 491/709/232
f 474/692/14 490/708/231 492/710/233
f 491/709/232 473/690/18 493/689/214
f 474/692/14 492/710/233 494/693/216
f 515/711/214 495/712/18 497/713/215
f 496/714/14 516/715/216 498/716/217
f 496/714/14 498/716/217 500/717/218
f 497/713/215 495/712/18 499/718/219
f 499/718/219 495/712/18 501/719/220
f 496/714/14 500/717/218 502/720/221
f 501/719/220 495/712/18 503/721/222
f 496/714/14 502/720/221 504/722/223
f 503/721/222 495/712/18 505/723/224
f 496/714/14 504/722/223 506/724/225
f 496/714/14 506/724/225 508/725/226
f 505/723/224 495/712/18 507/726/227
f 507/726/227 495/712/18 509/727/228
f 496/714/14 508/725/226 510/728/229
f 509/727/228 495/712/18 511/729/230
f 496/714/14 510/728/229 512/730/231
f 511/729/230 495/712/18 513/731/232
f 496/714/14 512/730/231 514/732/233
f 513/731/232 495/712/18 515/711/214
f 496/714/14 514/732/233 516/715/216
f 753/733/234 533/734/235 754/735/236
f 747/736/237 525/737/238 526/738/239
f 755/739/240 533/734/235 534/740/241
f 747/736/237 527/741/242 748/742/243
f 755/739/240 535/743/244 756/744/245
f 749/745/246 527/741/242 528/746/247
f 522/747/14 756/744/245 535/743/244
f 750/748/3 528/746/247 529/749/248
f 750/748/3 530/750/249 751/751/250
f 744/752/251 521/753/18 523/754/252
f 751/751/250 531/755/253 752/756/254
f 745/757/255 523/754/252 524/758/256
f 752/756/254 532/759/257 753/760/234
f 746/761/258 524/758/256 525/762/238
f 534/740/241 546/763/259 547/764/260
f 526/738/239 540/765/261 527/741/242
f 534/740/241 548/766/262 535/743/244
f 527/741/242 541/767/263 528/746/247
f 522/747/14 535/743/244 548/766/262
f 528/746/247 542/768/264 529/749/248
f 529/749/248 543/769/265 530/750/249
f 523/754/252 521/753/18 536/770/266
f 531/755/253 543/769/265 544/771/267
f 523/754/252 537/772/268 524/758/256
f 531/755/253 545/773/269 532/759/257
f 524/758/256 538/774/270 525/762/238
f 532/775/257 546/763/259 533/734/235
f 526/738/239 538/776/270 539/777/271
f 540/778/261 552/779/272 553/780/273
f 547/764/260 561/781/274 548/766/262
f 540/778/261 554/782/275 541/783/263
f 522/747/14 548/766/262 561/781/274
f 542/784/264 554/782/275 555/785/144
f 542/784/264 556/786/276 543/787/265
f 536/770/266 521/753/18 549/788/277
f 544/789/267 556/786/276 557/790/278
f 536/770/266 550/791/279 537/772/268
f 544/792/267 558/793/280 545/794/269
f 537/772/268 551/795/281 538/774/270
f 545/794/269 559/796/282 546/763/259
f 539/797/271 551/798/281 552/779/272
f 546/763/259 560/799/283 547/764/260
f 560/799/283 574/800/284 561/781/274
f 553/780/273 567/801/285 554/782/275
f 522/747/14 561/781/274 574/800/284
f 554/782/275 568/802/286 555/785/144
f 555/785/144 569/803/287 556/786/276
f 549/788/277 521/753/18 562/804/288
f 557/790/278 569/803/287 570/805/289
f 549/788/277 563/806/290 550/791/279
f 557/790/278 571/807/291 558/808/280
f 550/791/279 564/809/292 551/795/281
f 558/793/280 572/810/293 559/796/282
f 551/798/281 565/811/294 552/779/272
f 559/796/282 573/812/295 560/799/283
f 552/779/272 566/813/296 553/780/273
f 566/813/296 580/814/297 567/801/285
f 522/747/14 574/800/284 587/815/298
f 568/802/286 580/814/297 581/816/299
f 568/802/286 582/817/300 569/803/287
f 562/804/288 521/753/18 575/818/301
f 570/805/289 582/817/300 583/819/302
f 562/804/288 576/820/303 563/806/290
f 570/805/289 584/821/304 571/807/291
f 564/809/292 576/820/303 577/822/305
f 572/810/293 584/823/304 585/824/306
f 564/825/292 578/826/307 565/811/294
f 572/810/293 586/827/308 573/812/295
f 565/811/294 579/828/309 566/813/296
f 573/812/295 587/815/298 574/800/284
f 522/747/14 587/815/298 600/829/310
f 581/816/299 593/830/311 594/831/157
f 581/816/299 595/832/312 582/817/300
f 575/818/301 521/753/18 588/833/313
f 583/819/302 595/832/312 596/834/314
f 576/820/303 588/833/313 589/835/315
f 584/821/304 596/834/314 597/836/316
f 577/822/305 589/835/315 590/837/317
f 584/823/304 598/838/318 585/824/306
f 577/839/305 591/840/319 578/826/307
f 585/824/306 599/841/320 586/827/308
f 578/826/307 592/842/321 579/828/309
f 586/827/308 600/829/310 587/815/298
f 579/828/309 593/830/311 580/814/297
f 594/831/157 608/843/322 595/832/312
f 588/833/313 521/753/18 601/844/323
f 596/834/314 608/843/322 609/845/324
f 588/833/313 602/846/325 589/835/315
f 596/847/314 610/848/326 597/849/316
f 589/835/315 603/850/327 590/837/317
f 597/849/316 611/851/328 598/838/318
f 591/840/319 603/852/327 604/853/329
f 598/838/318 612/854/330 599/841/320
f 591/840/319 605/855/331 592/842/321
f 599/841/320 613/856/332 600/829/310
f 592/842/321 606/857/333 593/830/311
f 522/747/14 600/829/310 613/856/332
f 594/831/157 606/857/333 607/858/334
f 607/859/334 621/860/335 608/861/322
f 601/844/323 521/753/18 614/862/336
f 609/863/324 621/860/335 622/864/337
f 602/846/325 614/862/336 615/865/338
f 609/863/324 623/866/339 610/867/326
f 602/846/325 616/868/340 603/850/327
f 610/848/326 624/869/341 611/851/328
f 603/870/327 617/871/342 604/872/329
f 611/851/328 625/873/343 612/854/330
f 604/872/329 618/874/344 605/875/331
f 612/854/330 626/876/345 613/856/332
f 605/875/331 619/877/346 606/878/333
f 522/747/14 613/856/332 626/876/345
f 607/859/334 619/877/346 620/879/347
f 614/862/336 521/753/18 627/880/348
f 622/864/337 634/881/349 635/882/350
f 614/862/336 628/883/351 615/865/338
f 622/864/337 636/884/352 623/866/339
f 615/865/338 629/885/353 616/868/340
f 623/886/339 637/887/354 624/869/341
f 616/888/340 630/889/355 617/871/342
f 624/869/341 638/890/356 625/873/343
f 617/871/342 631/891/357 618/874/344
f 625/873/343 639/892/358 626/876/345
f 618/874/344 632/893/359 619/877/346
f 522/747/14 626/876/345 639/892/358
f 620/879/347 632/893/359 633/894/69
f 620/879/347 634/881/349 621/860/335
f 635/882/350 647/895/360 648/896/361
f 627/880/348 641/897/362 628/883/351
f 635/882/350 649/898/363 636/884/352
f 628/883/351 642/899/364 629/885/353
f 636/884/352 650/900/365 637/901/354
f 629/885/353 643/902/366 630/903/355
f 637/887/354 651/904/367 638/890/356
f 630/889/355 644/905/368 631/891/357
f 638/890/356 652/906/369 639/892/358
f 631/891/357 645/907/370 632/893/359
f 522/747/14 639/892/358 652/906/369
f 632/893/359 646/908/371 633/894/69
f 633/894/69 647/895/360 634/881/349
f 627/880/348 521/753/18 640/909/372
f 648/896/361 662/910/373 649/898/363
f 641/897/362 655/911/374 642/899/364
f 649/898/363 663/912/375 650/900/365
f 642/899/364 656/913/376 643/902/366
f 650/914/365 664/915/377 651/904/367
f 643/916/366 657/917/378 644/905/368
f 651/904/367 665/918/379 652/906/369
f 644/905/368 658/919/380 645/907/370
f 522/747/14 652/906/369 665/918/379
f 646/908/371 658/919/380 659/920/381
f 646/908/371 660/921/382 647/895/360
f 640/909/372 521/753/18 653/922/383
f 648/896/361 660/921/382 661/923/384
f 641/897/362 653/922/383 654/924/385
f 655/911/374 667/925/386 668/926/387
f 663/927/375 675/928/388 676/929/389
f 655/911/374 669/930/390 656/913/376
f 663/931/375 677/932/391 664/915/377
f 656/913/376 670/933/392 657/934/378
f 664/915/377 678/935/393 665/918/379
f 657/917/378 671/936/394 658/919/380
f 522/747/14 665/918/379 678/935/393
f 659/937/381 671/938/394 672/939/188
f 659/937/381 673/940/395 660/941/382
f 653/922/383 521/753/18 666/942/396
f 661/943/384 673/940/395 674/944/397
f 653/922/383 667/925/386 654/924/385
f 661/943/384 675/928/388 662/945/373
f 675/928/388 689/946/398 676/929/389
f 668/926/387 682/947/399 669/930/390
f 676/929/389 690/948/400 677/949/391
f 670/933/392 682/947/399 683/950/401
f 677/932/391 691/951/402 678/935/393
f 670/952/392 684/953/403 671/938/394
f 522/747/14 678/935/393 691/951/402
f 672/939/188 684/953/403 685/954/404
f 672/939/188 686/955/405 673/940/395
f 666/942/396 521/753/18 679/956/406
f 674/944/397 686/955/405 687/957/407
f 666/942/396 680/958/408 667/925/386
f 674/944/397 688/959/409 675/928/388
f 667/925/386 681/960/410 668/926/387
f 681/960/410 695/961/411 682/947/399
f 689/946/398 703/962/412 690/948/400
f 683/950/401 695/961/411 696/963/413
f 690/964/400 704/965/414 691/951/402
f 683/966/401 697/967/415 684/953/403
f 522/747/14 691/951/402 704/965/414
f 685/954/404 697/967/415 698/968/416
f 685/954/404 699/969/417 686/955/405
f 679/956/406 521/753/18 692/970/418
f 687/957/407 699/969/417 700/971/419
f 679/956/406 693/972/420 680/958/408
f 687/957/407 701/973/421 688/959/409
f 681/960/410 693/972/420 694/974/422
f 688/959/409 702/975/423 689/946/398
f 702/975/423 716/976/424 703/962/412
f 695/961/411 709/977/425 696/963/413
f 703/978/412 717/979/426 704/965/414
f 696/980/413 710/981/427 697/967/415
f 522/747/14 704/965/414 717/979/426
f 698/968/416 710/981/427 711/982/199
f 698/968/416 712/983/428 699/969/417
f 692/970/418 521/753/18 705/984/429
f 700/971/419 712/983/428 713/985/430
f 692/970/418 706/986/431 693/972/420
f 700/971/419 714/987/432 701/973/421
f 693/972/420 707/988/433 694/974/422
f 702/975/423 714/987/432 715/989/434
f 694/974/422 708/990/435 695/961/411
f 716/991/424 730/992/436 717/979/426
f 709/993/425 723/994/437 710/995/427
f 522/747/14 717/979/426 730/992/436
f 710/981/427 724/996/438 711/982/199
f 711/982/199 725/997/439 712/983/428
f 705/984/429 521/753/18 718/998/440
f 713/985/430 725/997/439 726/999/441
f 706/986/431 718/998/440 719/1000/442
f 713/985/430 727/1001/443 714/987/432
f 706/986/431 720/1002/444 707/988/433
f 714/987/432 728/1003/445 715/989/434
f 708/990/435 720/1002/444 721/1004/446
f 716/991/424 728/1005/445 729/1006/447
f 708/990/435 722/1007/448 709/977/425
f 722/1008/448 736/1009/449 723/994/437
f 522/747/14 730/992/436 743/1010/450
f 723/994/437 737/1011/451 724/1012/438
f 724/1012/438 738/1013/452 725/1014/439
f 718/998/440 521/753/18 731/1015/453
f 726/1016/441 738/1013/452 739/1017/454
f 718/998/440 732/1018/455 719/1000/442
f 726/1016/441 740/1019/456 727/1020/443
f 719/1000/442 733/1021/457 720/1002/444
f 727/1020/443 741/1022/458 728/1023/445
f 721/1004/446 733/1021/457 734/1024/459
f 728/1005/445 742/1025/460 729/1006/447
f 722/1008/448 734/1026/459 735/1027/461
f 729/1006/447 743/1010/450 730/992/436
f 522/747/14 743/1010/450 756/744/245
f 737/1011/451 749/745/246 750/748/3
f 737/1011/451 751/751/250 738/1013/452
f 731/1015/453 521/753/18 744/752/251
f 739/1017/454 751/751/250 752/756/254
f 731/1015/453 745/757/255 732/1018/455
f 739/1017/454 753/760/234 740/1019/456
f 733/1021/457 745/757/255 746/761/258
f 740/1019/456 754/1028/236 741/1022/458
f 733/1021/457 747/1029/237 734/1024/459
f 741/1030/458 755/739/240 742/1025/460
f 734/1026/459 748/742/243 735/1027/461
f 742/1025/460 756/744/245 743/1010/450
f 735/1027/461 749/745/246 736/1009/449
f 765/1031/462 769/1032/463 771/1033/464
f 770/1034/465 768/1035/466 766/1036/467
f 771/1037/468 770/1034/465 767/1038/469
f 772/1039/470 776/1040/471 778/1041/472
f 777/1042/473 775/1043/474 773/1044/475
f 778/1045/476 777/1042/473 774/1046/477
f 779/1047/478 783/1048/479 785/1049/480
f 784/1050/481 782/1051/482 780/1052/483
f 785/1053/484 784/1050/481 781/1054/485
f 786/1055/486 790/1056/487 792/1057/488
f 791/1058/489 789/1059/490 787/1060/491
f 792/1061/492 791/1058/489 788/1062/493
f 793/1063/494 797/1064/495 799/1065/496
f 798/1066/497 796/1067/498 794/1068/499
f 799/1069/500 798/1066/497 795/1070/501
f 800/1071/502 804/1072/503 806/1073/504
f 805/1074/505 803/1075/506 801/1076/507
f 806/1077/508 805/1074/505 802/1078/509
f 807/1079/510 811/1080/511 813/1081/512
f 812/1082/513 810/1083/514 808/1084/515
f 813/1085/516 812/1082/513 809/1086/517
f 814/1087/518 818/1088/519 820/1089/520
f 819/1090/521 817/1091/522 815/1092/523
f 820/1093/524 819/1090/521 816/1094/525
f 821/1095/526 825/1096/527 827/1097/528
f 826/1098/529 824/1099/530 822/1100/531
f 827/1101/532 826/1098/529 823/1102/533
f 828/1103/534 832/1104/535 834/1105/536
f 833/1106/537 831/1107/538 829/1108/539
f 834/1109/540 833/1106/537 830/1110/541
f 835/1111/542 839/1112/543 841/1113/544
f 840/1114/545 838/1115/546 836/1116/547
f 841/1117/548 840/1114/545 837/1118/549
f 842/1119/550 846/1120/551 848/1121/552
f 847/1122/553 845/1123/554 843/1124/555
f 848/1125/556 847/1122/553 844/1126/557
f 849/1127/558 853/1128/559 855/1129/560
f 854/1130/561 852/1131/562 850/1132/563
f 855/1133/564 854/1130/561 851/1134/565
f 856/1135/566 860/1136/567 862/1137/568
f 861/1138/569 859/1139/570 857/1140/571
f 862/1141/572 861/1138/569 858/1142/573
f 863/1143/574 867/1144/575 869/1145/576
f 868/1146/577 866/1147/578 864/1148/579
f 869/1149/580 868/1146/577 865/1150/581
f 870/1151/582 874/1152/583 876/1153/584
f 875/1154/585 873/1155/586 871/1156/587
f 876/1157/588 875/1154/585 872/1158/589
f 877/1159/590 881/1160/591 883/1161/592
f 882/1162/593 880/1163/594 878/1164/595
f 883/1165/596 882/1162/593 879/1166/597
f 884/1167/598 888/1168/599 890/1169/600
f 889/1170/601 887/1171/602 885/1172/603
f 890/1173/604 889/1170/601 886/1174/605
f 891/1175/606 895/1176/607 897/1177/608
f 896/1178/609 894/1179/610 892/1180/611
f 897/1177/612 896/1178/609 893/1181/613
f 898/1182/614 902/1183/615 904/1184/616
f 903/1185/617 901/1186/618 899/1187/619
f 904/1188/620 903/1185/617 900/1189/621
f 905/1190/622 909/1191/623 911/1192/624
f 910/1193/625 908/1194/626 906/1195/627
f 911/1196/628 910/1193/625 907/1197/629
f 912/1198/630 916/1199/631 918/1200/632
f 917/1201/633 915/1202/634 913/1203/635
f 918/1204/636 917/1201/633 914/1205/637
f 919/1206/638 923/1207/639 925/1208/640
f 924/1209/641 922/1210/642 920/1211/643
f 925/1212/644 924/1209/641 921/1213/645
f 926/1214/646 930/1215/647 932/1216/648
f 931/1217/649 929/1218/650 927/1219/651
f 932/1220/652 931/1217/649 928/1221/653
f 1269/1222/654 1273/1223/655 1275/1224/656
f 1270/1225/657 1273/1226/658 1272/1227/659
f 1271/1228/660 1273/1229/661 1274/1230/662
f 1276/1231/663 1280/1232/664 1282/1233/665
f 1277/1234/666 1280/1235/667 1279/1236/668
f 1278/1237/669 1280/1238/670 1281/1239/671
f 1283/1240/672 1287/1241/673 1289/1242/674
f 1284/1243/675 1287/1244/676 1286/1245/677
f 1285/1246/678 1287/1247/679 1288/1248/680
f 1290/1249/681 1294/1250/682 1296/1251/683
f 1291/1252/684 1294/1253/685 1293/1254/686
f 1292/1255/687 1294/1256/688 1295/1257/689
f 1297/1258/690 1301/1259/691 1303/1260/692
f 1298/1261/693 1301/1262/694 1300/1263/695
f 1299/1264/696 1301/1265/697 1302/1266/698
f 1304/1267/699 1308/1268/700 1310/1269/701
f 1305/1270/702 1308/1271/703 1307/1272/704
f 1306/1273/705 1308/1274/706 1309/1275/707
f 1311/1276/708 1315/1277/709 1317/1278/710
f 1312/1279/711 1315/1280/712 1314/1281/713
f 1313/1282/714 1315/1283/715 1316/1284/716
f 1318/1285/717 1322/1286/718 1324/1287/719
f 1319/1288/720 1322/1289/721 1321/1290/722
f 1320/1291/723 1322/1292/724 1323/1293/725
f 1325/1294/654 1329/1295/655 1331/1296/656
f 1326/1297/657 1329/1298/658 1328/1299/659
f 1327/1300/660 1329/1301/661 1330/1302/662
f 1332/1303/663 1336/1304/664 1338/1305/665
f 1333/1306/666 1336/1307/667 1335/1308/668
f 1334/1309/669 1336/1310/670 1337/1311/671
f 1339/1312/672 1343/1313/673 1345/1314/674
f 1340/1315/675 1343/1316/676 1342/1317/677
f 1341/1318/678 1343/1319/679 1344/1320/680
f 1346/1321/681 1350/1322/682 1352/1323/683
f 1347/1324/684 1350/1325/685 1349/1326/686
f 1348/1327/687 1350/1328/688 1351/1329/689
f 1353/1330/690 1357/1331/691 1359/1332/692
f 1354/1333/693 1357/1334/694 1356/1335/695
f 1355/1336/696 1357/1337/697 1358/1338/698
f 1360/1339/699 1364/1340/700 1366/1341/701
f 1361/1342/702 1364/1343/703 1363/1344/704
f 1362/1345/705 1364/1346/706 1365/1347/707
f 1367/1348/708 1371/1349/709 1373/1350/710
f 1368/1351/711 1371/1352/712 1370/1353/713
f 1369/1354/714 1371/1355/715 1372/1356/716
f 1374/1357/717 1378/1358/718 1380/1359/719
f 1375/1360/720 1378/1361/721 1377/1362/722
f 1376/1363/723 1378/1364/724 1379/1365/725
f 1381/1366/654 1385/1367/655 1387/1368/656
f 1382/1369/657 1385/1370/658 1384/1371/659
f 1383/1372/660 1385/1373/661 1386/1374/662
f 1388/1375/663 1392/1376/664 1394/1377/665
f 1389/1378/666 1392/1379/667 1391/1380/668
f 1390/1381/669 1392/1382/670 1393/1383/671
f 1395/1384/672 1399/1385/673 1401/1386/674
f 1396/1387/675 1399/1388/676 1398/1389/677
f 1397/1390/678 1399/1391/679 1400/1392/680
f 1402/1393/681 1406/1394/682 1408/1395/683
f 1403/1396/684 1406/1397/685 1405/1398/686
f 1404/1399/687 1406/1400/688 1407/1401/689
f 1409/1402/690 1413/1403/691 1415/1404/692
f 1410/1405/693 1413/1406/694 1412/1407/695
f 1411/1408/696 1413/1409/697 1414/1410/698
f 1416/1411/699 1420/1412/700 1422/1413/701
f 1417/1414/702 1420/1415/703 1419/1416/704
f 1418/1417/705 1420/1418/706 1421/1419/707
f 1423/1420/708 1427/1421/709 1429/1422/710
f 1424/1423/711 1427/1424/712 1426/1425/713
f 1425/1426/714 1427/1427/715 1428/1428/716
f 1430/1429/717 1434/1430/718 1436/1431/719
f 1431/1432/720 1434/1433/721 1433/1434/722
f 1432/1435/723 1434/1436/724 1435/1437/725
f 1437/1438/654 1441/1439/655 1443/1440/656
f 1438/1441/657 1441/1442/658 1440/1443/659
f 1439/1444/660 1441/1445/661 1442/1446/662
f 1444/1447/663 1448/1448/664 1450/1449/665
f 1445/1450/666 1448/1451/667 1447/1452/668
f 1446/1453/669 1448/1454/670 1449/1455/671
f 1451/1456/672 1455/1457/673 1457/1458/674
f 1452/1459/675 1455/1460/676 1454/1461/677
f 1453/1462/678 1455/1463/679 1456/1464/680
f 1458/1465/681 1462/1466/682 1464/1467/683
f 1459/1468/684 1462/1469/685 1461/1470/686
f 1460/1471/687 1462/1472/688 1463/1473/689
f 1465/1474/690 1469/1475/691 1471/1476/692
f 1466/1477/693 1469/1478/694 1468/1479/695
f 1467/1480/696 1469/1481/697 1470/1482/698
f 1472/1483/699 1476/1484/700 1478/1485/701
f 1473/1486/702 1476/1487/703 1475/1488/704
f 1474/1489/705 1476/1490/706 1477/1491/707
f 1479/1492/708 1483/1493/709 1485/1494/710
f 1480/1495/711 1483/1496/712 1482/1497/713
f 1481/1498/714 1483/1499/715 1484/1500/716
f 1486/1501/717 1490/1502/718 1492/1503/719
f 1487/1504/720 1490/1505/721 1489/1506/722
f 1488/1507/723 1490/1508/724 1491/1509/725
f 1661/1510/726 1664/1511/727 1663/1512/728
f 1664/1511/727 1662/1513/729 1663/1512/728
f 1674/1514/730 1677/1515/731 1676/1516/732
f 1677/1515/731 1675/1517/733 1676/1516/732
f 1678/1518/734 1681/1519/735 1680/1520/736
f 1681/1519/735 1679/1521/737 1680/1520/736
f 1691/1522/738 1694/1523/739 1693/1524/740
f 1694/1523/739 1692/1525/741 1693/1524/740
f 1695/1526/742 1698/1527/743 1697/1528/744
f 1698/1527/743 1696/1529/745 1697/1528/744
f 1708/1530/746 1711/1531/747 1710/1532/748
f 1711/1531/747 1709/1533/749 1710/1532/748
f 1712/1534/750 1715/1535/751 1714/1536/752
f 1715/1535/751 1713/1537/753 1714/1536/752
f 1725/1538/754 1728/1539/755 1727/1540/756
f 1728/1539/755 1726/1541/757 1727/1540/756
f 1729/1542/758 1732/1543/759 1731/1544/760
f 1732/1543/759 1730/1545/761 1731/1544/760
f 1742/1546/762 1745/1547/763 1744/1548/764
f 1745/1547/763 1743/1549/765 1744/1548/764
f 1746/1550/766 1749/1551/767 1748/1552/768
f 1749/1551/767 1747/1553/769 1748/1552/768
f 1759/1554/770 1762/1555/771 1761/1556/772
f 1762/1557/771 1760/1558/773 1761/1559/772
f 1763/1560/774 1766/1561/775 1765/1562/776
f 1766/1561/775 1764/1563/777 1765/1562/776
f 1776/1564/778 1779/1565/779 1778/1566/780
f 1779/1565/779 1777/1567/781 1778/1566/780
f 1780/1568/782 1783/1569/783 1782/1570/784
f 1783/1569/783 1781/1571/785 1782/1570/784
f 1793/1572/786 1796/1573/787 1795/1574/788
f 1796/1573/787 1794/1575/789 1795/1574/788
f 1797/1576/790 1800/1577/791 1799/1578/792
f 1800/1577/791 1798/1579/793 1799/1578/792
f 1810/1580/794 1813/1581/795 1812/1582/796
f 1813/1583/795 1811/1584/797 1812/1585/796
f 1814/1586/798 1817/1587/799 1816/1588/800
f 1817/1587/799 1815/1589/801 1816/1588/800
f 1827/1590/802 1830/1591/803 1829/1592/804
f 1830/1591/803 1828/1593/805 1829/1592/804
f 1831/1594/726 1834/1595/727 1833/1596/728
f 1834/1595/727 1832/1597/729 1833/1596/728
f 1844/1598/730 1847/1599/731 1846/1600/732
f 1847/1599/731 1845/1601/733 1846/1600/732
f 1848/1602/806 1851/1603/735 1850/1604/736
f 1851/1603/735 1849/1605/737 1850/1604/736
f 1861/1606/738 1864/1607/739 1863/1608/740
f 1864/1607/739 1862/1609/741 1863/1608/740
f 1865/1610/742 1868/1611/743 1867/1612/744
f 1868/1611/743 1866/1613/745 1867/1612/744
f 1878/1614/746 1881/1615/747 1880/1616/748
f 1881/1615/747 1879/1617/749 1880/1616/748
f 1882/1618/750 1885/1619/751 1884/1620/752
f 1885/1619/751 1883/1621/753 1884/1620/752
f 1895/1622/754 1898/1623/755 1897/1624/756
f 1898/1623/755 1896/1625/757 1897/1624/756
f 1899/1626/758 1902/1627/759 1901/1628/760
f 1902/1627/759 1900/1629/761 1901/1628/760
f 1912/1630/762 1915/1631/763 1914/1632/764
f 1915/1631/763 1913/1633/765 1914/1632/764
f 1916/1634/766 1919/1635/767 1918/1636/768
f 1919/1635/767 1917/1637/769 1918/1636/768
f 1929/1638/770 1932/1639/771 1931/1640/772
f 1932/1641/771 1930/1642/773 1931/1643/772
f 1933/1644/807 1936/1645/775 1935/1646/776
f 1936/1645/775 1934/1647/777 1935/1646/776
f 1946/1648/778 1949/1649/779 1948/1650/780
f 1949/1649/779 1947/1651/781 1948/1650/780
f 1950/1652/782 1953/1653/783 1952/1654/784
f 1953/1653/783 1951/1655/808 1952/1654/784
f 1963/1656/786 1966/1657/787 1965/1658/788
f 1966/1657/787 1964/1659/789 1965/1658/788
f 1967/1660/790 1970/1661/791 1969/1662/792
f 1970/1661/791 1968/1663/793 1969/1662/792
f 1980/1664/794 1983/1665/795 1982/1666/796
f 1983/1667/795 1981/1668/797 1982/1669/796
f 1984/1670/798 1987/1671/799 1986/1672/800
f 1987/1671/799 1985/1673/801 1986/1672/800
f 1997/1674/802 2000/1675/803 1999/1676/804
f 2000/1675/803 1998/1677/805 1999/1676/804
f 2172/1678/809 2175/1679/810 2174/1680/811
f 2175/1681/810 2173/1682/812 2174/1683/811
f 2179/1684/813 2182/1685/814 2181/1686/815
f 2182/1687/814 2180/1688/816 2181/1689/815
f 2189/1690/817 2192/1691/818 2191/1692/819
f 2192/1691/818 2190/1693/820 2191/1692/819
f 2196/1694/821 2199/1695/822 2198/1696/823
f 2199/1695/822 2197/1697/824 2198/1696/823
f 2206/1698/825 2209/1699/826 2208/1700/827
f 2209/1699/826 2207/1701/828 2208/1700/827
f 2213/1702/829 2216/1703/830 2215/1704/831
f 2216/1703/830 2214/1705/832 2215/1704/831
f 2223/1706/833 2226/1707/834 2225/1708/835
f 2226/1709/834 2224/1710/836 2225/1711/835
f 2230/1712/837 2233/1713/838 2232/1714/839
f 2233/1715/838 2231/1716/840 2232/1717/839
f 2240/1718/841 2243/1719/842 2242/1720/843
f 2243/1719/842 2241/1721/844 2242/1720/843
f 2247/1722/845 2250/1723/846 2249/1724/847
f 2250/1723/846 2248/1725/848 2249/1724/847
f 2257/1726/849 2260/1727/850 2259/1728/851
f 2260/1729/850 2258/1730/852 2259/1731/851
f 2264/1732/853 2267/1733/854 2266/1734/855
f 2267/1735/854 2265/1736/856 2266/1737/855
f 2274/1738/857 2277/1739/858 2276/1740/859
f 2277/1739/858 2275/1741/860 2276/1740/859
f 2281/1742/861 2284/1743/862 2283/1744/863
f 2284/1743/862 2282/1745/864 2283/1744/863
f 2291/1746/865 2294/1747/866 2293/1748/867
f 2294/1747/866 2292/1749/868 2293/1748/867
f 2298/1750/869 2301/1751/870 2300/1752/871
f 2301/1751/870 2299/1753/872 2300/1752/871
f 2308/1754/873 2311/1755/874 2310/1756/875
f 2311/1757/874 2309/1758/876 2310/1759/875
f 2315/1760/877 2318/1761/878 2317/1762/879
f 2318/1763/878 2316/1764/880 2317/1765/879
f 2325/1766/881 2328/1767/882 2327/1768/883
f 2328/1767/882 2326/1769/884 2327/1768/883
f 2332/1770/885 2335/1771/886 2334/1772/887
f 2335/1771/886 2333/1773/888 2334/1772/887
f 2342/1774/809 2345/1775/810 2344/1776/811
f 2345/1777/810 2343/1778/812 2344/1779/811
f 2349/1780/813 2352/1781/814 2351/1782/815
f 2352/1783/814 2350/1784/816 2351/1785/815
f 2359/1786/817 2362/1787/818 2361/1788/819
f 2362/1787/818 2360/1789/820 2361/1788/819
f 2366/1790/821 2369/1791/822 2368/1792/823
f 2369/1791/822 2367/1793/824 2368/1792/823
f 2376/1794/825 2379/1795/826 2378/1796/827
f 2379/1795/826 2377/1797/828 2378/1796/827
f 2383/1798/829 2386/1799/830 2385/1800/831
f 2386/1799/830 2384/1801/832 2385/1800/831
f 2393/1802/833 2396/1803/834 2395/1804/835
f 2396/1805/834 2394/1806/836 2395/1807/835
f 2400/1808/837 2403/1809/838 2402/1810/839
f 2403/1811/838 2401/1812/840 2402/1813/839
f 2410/1814/841 2413/1815/842 2412/1816/843
f 2413/1815/842 2411/1817/844 2412/1816/843
f 2417/1818/845 2420/1819/846 2419/1820/889
f 2420/1819/846 2418/1821/848 2419/1820/889
f 2427/1822/849 2430/1823/850 2429/1824/851
f 2430/1825/850 2428/1826/852 2429/1827/851
f 2434/1828/853 2437/1829/854 2436/1830/855
f 2437/1831/854 2435/1832/856 2436/1833/855
f 2444/1834/857 2447/1835/858 2446/1836/859
f 2447/1835/858 2445/1837/860 2446/1836/859
f 2451/1838/861 2454/1839/862 2453/1840/863
f 2454/1839/862 2452/1841/864 2453/1840/863
f 2461/1842/865 2464/1843/866 2463/1844/867
f 2464/1843/866 2462/1845/868 2463/1844/867
f 2468/1846/869 2471/1847/870 2470/1848/890
f 2471/1847/870 2469/1849/872 2470/1848/890
f 2478/1850/873 2481/1851/874 2480/1852/875
f 2481/1853/874 2479/1854/876 2480/1855/875
f 2485/1856/877 2488/1857/878 2487/1858/879
f 2488/1859/878 2486/1860/880 2487/1861/879
f 2495/1862/881 2498/1863/882 2497/1864/891
f 2498/1863/882 2496/1865/884 2497/1864/891
f 2502/1866/885 2505/1867/886 2504/1868/887
f 2505/1867/886 2503/1869/888 2504/1868/887
f 2509/1870/654 2513/1871/892 2515/1872/656
f 2510/1873/657 2513/1874/893 2512/1875/659
f 2511/1876/660 2513/1877/661 2514/1878/662
f 2516/1879/663 2520/1880/894 2522/1881/665
f 2517/1882/666 2520/1883/667 2519/1884/668
f 2518/1885/669 2520/1886/895 2521/1887/671
f 2523/1888/672 2527/1889/896 2529/1890/674
f 2524/1891/675 2527/1892/897 2526/1893/677
f 2525/1894/678 2527/1895/898 2528/1896/680
f 2530/1897/681 2534/1898/682 2536/1899/683
f 2531/1900/684 2534/1901/899 2533/1902/686
f 2532/1903/687 2534/1904/688 2535/1905/689
f 2537/1906/690 2541/1907/900 2543/1908/901
f 2538/1909/693 2541/1910/694 2540/1911/695
f 2539/1912/696 2541/1913/902 2542/1914/698
f 2544/1915/699 2548/1916/700 2550/1917/701
f 2545/1918/702 2548/1919/903 2547/1920/704
f 2546/1921/705 2548/1922/904 2549/1923/707
f 2551/1924/708 2555/1925/905 2557/1926/710
f 2552/1927/711 2555/1928/906 2554/1929/713
f 2553/1930/714 2555/1931/715 2556/1932/716
f 2558/1933/717 2562/1934/718 2564/1935/719
f 2559/1936/720 2562/1937/721 2561/1938/722
f 2560/1939/723 2562/1940/907 2563/1941/725
f 2565/1942/654 2569/1943/908 2571/1944/656
f 2566/1945/657 2569/1946/893 2568/1947/659
f 2567/1948/660 2569/1949/661 2570/1950/662
f 2572/1951/663 2576/1952/664 2578/1953/665
f 2573/1954/666 2576/1955/667 2575/1956/668
f 2574/1957/669 2576/1958/909 2577/1959/910
f 2579/1960/672 2583/1961/896 2585/1962/674
f 2580/1963/675 2583/1964/911 2582/1965/677
f 2581/1966/678 2583/1967/898 2584/1968/680
f 2586/1969/681 2590/1970/682 2592/1971/683
f 2587/1972/684 2590/1973/899 2589/1974/686
f 2588/1975/687 2590/1976/688 2591/1977/689
f 2593/1978/690 2597/1979/912 2599/1980/901
f 2594/1981/693 2597/1982/913 2596/1983/695
f 2595/1984/696 2597/1985/902 2598/1986/698
f 2600/1987/699 2604/1988/700 2606/1989/701
f 2601/1990/702 2604/1991/903 2603/1992/704
f 2602/1993/705 2604/1994/914 2605/1995/707
f 2607/1996/708 2611/1997/905 2613/1998/710
f 2608/1999/711 2611/2000/906 2610/2001/713
f 2609/2002/714 2611/2003/915 2612/2004/716
f 2614/2005/717 2618/2006/718 2620/2007/719
f 2615/2008/720 2618/2009/916 2617/2010/722
f 2616/2011/723 2618/2012/907 2619/2013/725
f 2621/2014/654 2625/2015/908 2627/2016/656
f 2622/2017/657 2625/2018/893 2624/2019/659
f 2623/2020/660 2625/2021/661 2626/2022/662
f 2628/2023/663 2632/2024/894 2634/2025/665
f 2629/2026/666 2632/2027/667 2631/2028/668
f 2630/2029/669 2632/2030/895 2633/2031/671
f 2635/2032/672 2639/2033/896 2641/2034/674
f 2636/2035/675 2639/2036/897 2638/2037/677
f 2637/2038/678 2639/2039/898 2640/2040/680
f 2642/2041/681 2646/2042/682 2648/2043/683
f 2643/2044/684 2646/2045/899 2645/2046/686
f 2644/2047/687 2646/2048/688 2647/2049/689
f 2649/2050/690 2653/2051/900 2655/2052/901
f 2650/2053/693 2653/2054/694 2652/2055/695
f 2651/2056/696 2653/2057/902 2654/2058/698
f 2656/2059/699 2660/2060/700 2662/2061/701
f 2657/2062/702 2660/2063/703 2659/2064/704
f 2658/2065/705 2660/2066/904 2661/2067/707
f 2663/2068/708 2667/2069/905 2669/2070/710
f 2664/2071/711 2667/2072/906 2666/2073/713
f 2665/2074/714 2667/2075/917 2668/2076/716
f 2670/2077/717 2674/2078/718 2676/2079/719
f 2671/2080/720 2674/2081/721 2673/2082/722
f 2672/2083/723 2674/2084/907 2675/2085/725
f 2677/2086/654 2681/2087/892 2683/2088/656
f 2678/2089/657 2681/2090/893 2680/2091/659
f 2679/2092/660 2681/2093/661 2682/2094/662
f 2684/2095/663 2688/2096/664 2690/2097/665
f 2685/2098/666 2688/2099/667 2687/2100/668
f 2686/2101/669 2688/2102/895 2689/2103/671
f 2691/2104/672 2695/2105/896 2697/2106/674
f 2692/2107/675 2695/2108/676 2694/2109/677
f 2693/2110/678 2695/2111/898 2696/2112/680
f 2698/2113/681 2702/2114/682 2704/2115/683
f 2699/2116/684 2702/2117/899 2701/2118/686
f 2700/2119/687 2702/2120/688 2703/2121/689
f 2705/2122/690 2709/2123/900 2711/2124/901
f 2706/2125/693 2709/2126/913 2708/2127/695
f 2707/2128/696 2709/2129/902 2710/2130/698
f 2712/2131/699 2716/2132/700 2718/2133/701
f 2713/2134/702 2716/2135/903 2715/2136/704
f 2714/2137/705 2716/2138/914 2717/2139/707
f 2719/2140/708 2723/2141/905 2725/2142/710
f 2720/2143/711 2723/2144/906 2722/2145/713
f 2721/2146/714 2723/2147/915 2724/2148/716
f 2726/2149/717 2730/2150/718 2732/2151/719
f 2727/2152/720 2730/2153/916 2729/2154/722
f 2728/2155/723 2730/2156/907 2731/2157/725
f 2733/2158/654 2737/2159/892 2739/2160/656
f 2734/2161/657 2737/2162/893 2736/2163/659
f 2735/2164/660 2737/2165/918 2738/2166/662
f 2740/2167/663 2744/2168/894 2746/2169/665
f 2741/2170/666 2744/2171/667 2743/2172/668
f 2742/2173/669 2744/2174/919 2745/2175/910
f 2747/2176/672 2751/2177/896 2753/2178/674
f 2748/2179/675 2751/2180/911 2750/2181/677
f 2749/2182/678 2751/2183/898 2752/2184/680
f 2754/2185/681 2758/2186/682 2760/2187/683
f 2755/2188/684 2758/2189/899 2757/2190/686
f 2756/2191/687 2758/2192/920 2759/2193/689
f 2761/2194/690 2765/2195/900 2767/2196/901
f 2762/2197/693 2765/2198/694 2764/2199/695
f 2763/2200/696 2765/2201/902 2766/2202/698
f 2768/2203/699 2772/2204/700 2774/2205/701
f 2769/2206/702 2772/2207/703 2771/2208/704
f 2770/2209/705 2772/2210/904 2773/2211/707
f 2775/2212/708 2779/2213/905 2781/2214/710
f 2776/2215/711 2779/2216/906 2778/2217/713
f 2777/2218/714 2779/2219/715 2780/2220/716
f 2782/2221/717 2786/2222/718 2788/2223/719
f 2783/2224/720 2786/2225/721 2785/2226/722
f 2784/2227/723 2786/2228/907 2787/2229/725
f 2789/2230/654 2793/2231/892 2795/2232/656
f 2790/2233/657 2793/2234/893 2792/2235/659
f 2791/2236/660 2793/2237/661 2794/2238/662
f 2796/2239/663 2800/2240/664 2802/2241/665
f 2797/2242/666 2800/2243/667 2799/2244/668
f 2798/2245/669 2800/2246/895 2801/2247/910
f 2803/2248/672 2807/2249/896 2809/2250/674
f 2804/2251/675 2807/2252/921 2806/2253/677
f 2805/2254/678 2807/2255/898 2808/2256/680
f 2810/2257/681 2814/2258/682 2816/2259/683
f 2811/2260/684 2814/2261/899 2813/2262/686
f 2812/2263/687 2814/2264/688 2815/2265/689
f 2817/2266/690 2821/2267/900 2823/2268/901
f 2818/2269/693 2821/2270/922 2820/2271/695
f 2819/2272/696 2821/2273/902 2822/2274/698
f 2824/2275/699 2828/2276/700 2830/2277/701
f 2825/2278/702 2828/2279/903 2827/2280/704
f 2826/2281/705 2828/2282/904 2829/2283/707
f 2831/2284/708 2835/2285/905 2837/2286/710
f 2832/2287/711 2835/2288/906 2834/2289/713
f 2833/2290/714 2835/2291/715 2836/2292/716
f 2838/2293/717 2842/2294/923 2844/2295/719
f 2839/2296/720 2842/2297/924 2841/2298/722
f 2840/2299/723 2842/2300/907 2843/2301/725
f 2845/2302/654 2849/2303/908 2851/2304/656
f 2846/2305/657 2849/2306/893 2848/2307/659
f 2847/2308/660 2849/2309/918 2850/2310/662
f 2852/2311/663 2856/2312/894 2858/2313/665
f 2853/2314/666 2856/2315/667 2855/2316/668
f 2854/2317/669 2856/2318/919 2857/2319/910
f 2859/2320/672 2863/2321/896 2865/2322/674
f 2860/2323/675 2863/2324/911 2862/2325/677
f 2861/2326/678 2863/2327/898 2864/2328/680
f 2866/2329/681 2870/2330/682 2872/2331/683
f 2867/2332/684 2870/2333/899 2869/2334/686
f 2868/2335/687 2870/2336/920 2871/2337/689
f 2873/2338/690 2877/2339/912 2879/2340/901
f 2874/2341/693 2877/2342/694 2876/2343/925
f 2875/2344/696 2877/2345/902 2878/2346/698
f 2880/2347/699 2884/2348/700 2886/2349/926
f 2881/2350/702 2884/2351/703 2883/2352/704
f 2882/2353/705 2884/2354/927 2885/2355/707
f 2887/2356/708 2891/2357/905 2893/2358/710
f 2888/2359/711 2891/2360/906 2890/2361/713
f 2889/2362/714 2891/2363/915 2892/2364/716
f 2894/2365/717 2898/2366/718 2900/2367/719
f 2895/2368/720 2898/2369/721 2897/2370/722
f 2896/2371/723 2898/2372/907 2899/2373/725
f 2901/2374/654 2905/2375/892 2907/2376/656
f 2902/2377/657 2905/2378/893 2904/2379/659
f 2903/2380/660 2905/2381/661 2906/2382/662
f 2908/2383/663 2912/2384/894 2914/2385/665
f 2909/2386/666 2912/2387/667 2911/2388/668
f 2910/2389/669 2912/2390/895 2913/2391/671
f 2915/2392/672 2919/2393/896 2921/2394/674
f 2916/2395/675 2919/2396/676 2918/2397/677
f 2917/2398/678 2919/2399/898 2920/2400/680
f 2922/2401/681 2926/2402/682 2928/2403/683
f 2923/2404/684 2926/2405/899 2925/2406/686
f 2924/2407/687 2926/2408/688 2927/2409/689
f 2929/2410/690 2933/2411/900 2935/2412/901
f 2930/2413/693 2933/2414/928 2932/2415/695
f 2931/2416/696 2933/2417/902 2934/2418/698
f 2936/2419/699 2940/2420/700 2942/2421/926
f 2937/2422/702 2940/2423/903 2939/2424/704
f 2938/2425/705 2940/2426/904 2941/2427/707
f 2943/2428/708 2947/2429/905 2949/2430/710
f 2944/2431/711 2947/2432/906 2946/2433/713
f 2945/2434/714 2947/2435/715 2948/2436/716
f 2950/2437/717 2954/2438/923 2956/2439/719
f 2951/2440/720 2954/2441/924 2953/2442/722
f 2952/2443/723 2954/2444/907 2955/2445/725
f 2957/2446/462 2961/2447/463 2963/2448/464
f 2962/2449/465 2960/2450/466 2958/2451/467
f 2963/2452/468 2962/2449/465 2959/2453/469
f 2964/2454/470 2968/2455/471 2970/2456/472
f 2969/2457/473 2967/2458/474 2965/2459/475
f 2970/2460/476 2969/2457/473 2966/2461/477
f 2971/2462/478 2975/2463/929 2977/2464/480
f 2976/2465/481 2974/2466/482 2972/2467/483
f 2977/2468/484 2976/2465/481 2973/2469/485
f 2978/2470/486 2982/2471/930 2984/2472/931
f 2983/2473/489 2981/2474/490 2979/2475/491
f 2984/2476/492 2983/2473/489 2980/2477/493
f 2985/2478/932 2989/2479/933 2991/2480/934
f 2990/2481/497 2988/2482/498 2986/2483/499
f 2991/2484/500 2990/2481/497 2987/2485/501
f 2992/2486/935 2996/2487/936 2998/2488/937
f 2997/2489/505 2995/2490/506 2993/2491/507
f 2998/2492/508 2997/2489/505 2994/2493/509
f 2999/2494/510 3003/2495/938 3005/2496/939
f 3004/2497/513 3002/2498/514 3000/2499/515
f 3005/2500/516 3004/2497/513 3001/2501/517
f 3006/2502/940 3010/2503/941 3012/2504/520
f 3011/2505/521 3009/2506/522 3007/2507/523
f 3012/2508/524 3011/2505/521 3008/2509/525
f 3013/2510/942 3017/2511/943 3019/2512/944
f 3018/2513/529 3016/2514/530 3014/2515/531
f 3019/2516/532 3018/2513/529 3015/2517/533
f 3020/2518/945 3024/2519/946 3026/2520/947
f 3025/2521/537 3023/2522/538 3021/2523/948
f 3026/2524/540 3025/2521/537 3022/2525/541
f 3027/2526/542 3031/2527/949 3033/2528/544
f 3032/2529/545 3030/2530/546 3028/2531/547
f 3033/2532/548 3032/2529/545 3029/2533/549
f 3034/2534/550 3038/2535/950 3040/2536/552
f 3039/2537/553 3037/2538/554 3035/2539/555
f 3040/2540/556 3039/2537/553 3036/2541/557
f 3041/2542/558 3045/2543/559 3047/2544/560
f 3046/2545/561 3044/2546/562 3042/2547/563
f 3047/2548/564 3046/2545/561 3043/2549/565
f 3048/2550/566 3052/2551/567 3054/2552/568
f 3053/2553/569 3051/2554/570 3049/2555/571
f 3054/2556/572 3053/2553/569 3050/2557/573
f 3055/2558/574 3059/2559/951 3061/2560/576
f 3060/2561/577 3058/2562/578 3056/2563/579
f 3061/2564/580 3060/2561/577 3057/2565/581
f 3062/2566/582 3066/2567/952 3068/2568/584
f 3067/2569/585 3065/2570/586 3063/2571/587
f 3068/2572/588 3067/2569/585 3064/2573/589
f 3069/2574/590 3073/2575/953 3075/2576/592
f 3074/2577/593 3072/2578/594 3070/2579/595
f 3075/2580/596 3074/2577/593 3071/2581/597
f 3076/2582/954 3080/2583/955 3082/2584/600
f 3081/2585/601 3079/2586/602 3077/2587/603
f 3082/2588/604 3081/2585/601 3078/2589/605
f 3083/2590/956 3087/2591/957 3089/2592/958
f 3088/2593/959 3086/2594/610 3084/2595/611
f 3089/2592/612 3088/2593/959 3085/2596/613
f 3090/2597/614 3094/2598/960 3096/2599/616
f 3095/2600/617 3093/2601/618 3091/2602/619
f 3096/2603/620 3095/2600/617 3092/2604/621
f 3097/2605/622 3101/2606/961 3103/2607/624
f 3102/2608/625 3100/2609/626 3098/2610/627
f 3103/2611/628 3102/2608/625 3099/2612/629
f 3104/2613/962 3108/2614/963 3110/2615/964
f 3109/2616/633 3107/2617/634 3105/2618/635
f 3110/2619/636 3109/2616/633 3106/2620/637
f 3111/2621/638 3115/2622/965 3117/2623/640
f 3116/2624/641 3114/2625/642 3112/2626/643
f 3117/2627/644 3116/2624/641 3113/2628/645
f 3118/2629/646 3122/2630/966 3124/2631/967
f 3123/2632/649 3121/2633/650 3119/2634/651
f 3124/2635/652 3123/2632/649 3120/2636/653
f 3125/2637/654 3129/2638/908 3131/2639/968
f 3126/2640/657 3129/2641/658 3128/2642/659
f 3127/2643/660 3129/2644/969 3130/2645/970
f 3132/2646/663 3136/2647/664 3138/2648/665
f 3133/2649/666 3136/2650/971 3135/2651/668
f 3134/2652/669 3136/2653/909 3137/2654/910
f 3139/2655/672 3143/2656/673 3145/2657/972
f 3140/2658/675 3143/2659/897 3142/2660/973
f 3141/2661/678 3143/2662/679 3144/2663/680
f 3146/2664/681 3150/2665/974 3152/2666/975
f 3147/2667/684 3150/2668/685 3149/2669/686
f 3148/2670/687 3150/2671/976 3151/2672/977
f 3153/2673/690 3157/2674/912 3159/2675/692
f 3154/2676/693 3157/2677/928 3156/2678/925
f 3155/2679/696 3157/2680/697 3158/2681/698
f 3160/2682/699 3164/2683/978 3166/2684/979
f 3161/2685/702 3164/2686/703 3163/2687/704
f 3162/2688/705 3164/2689/927 3165/2690/707
f 3167/2691/708 3171/2692/709 3173/2693/980
f 3168/2694/711 3171/2695/712 3170/2696/713
f 3169/2697/714 3171/2698/981 3172/2699/982
f 3174/2700/717 3178/2701/983 3180/2702/984
f 3175/2703/720 3178/2704/985 3177/2705/986
f 3176/2706/723 3178/2707/724 3179/2708/987
f 3181/2709/654 3185/2710/988 3187/2711/968
f 3182/2712/657 3185/2713/989 3184/2714/990
f 3183/2715/660 3185/2716/918 3186/2717/970
f 3188/2718/663 3192/2719/664 3194/2720/665
f 3189/2721/666 3192/2722/991 3191/2723/992
f 3190/2724/669 3192/2725/670 3193/2726/910
f 3195/2727/672 3199/2728/896 3201/2729/972
f 3196/2730/675 3199/2731/897 3198/2732/677
f 3197/2733/678 3199/2734/993 3200/2735/680
f 3202/2736/681 3206/2737/974 3208/2738/975
f 3203/2739/684 3206/2740/685 3205/2741/686
f 3204/2742/687 3206/2743/976 3207/2744/689
f 3209/2745/690 3213/2746/994 3215/2747/901
f 3210/2748/693 3213/2749/913 3212/2750/695
f 3211/2751/696 3213/2752/995 3214/2753/698
f 3216/2754/699 3220/2755/996 3222/2756/979
f 3217/2757/702 3220/2758/703 3219/2759/704
f 3218/2760/705 3220/2761/706 3221/2762/707
f 3223/2763/708 3227/2764/905 3229/2765/980
f 3224/2766/711 3227/2767/997 3226/2768/998
f 3225/2769/714 3227/2770/981 3228/2771/716
f 3230/2772/717 3234/2773/983 3236/2774/984
f 3231/2775/720 3234/2776/985 3233/2777/986
f 3232/2778/723 3234/2779/724 3235/2780/725
f 3237/2781/999 3241/2782/1000 3243/2783/1001
f 3238/2784/1002 3241/2782/1000 3240/2785/1003
f 3239/2786/1004 3241/2782/1000 3242/2787/1005
f 3253/2788/1006 3257/2789/1007 3259/2790/1008
f 3254/2791/1009 3257/2789/1007 3256/2792/1010
f 3255/2793/1011 3257/2789/1007 3258/2794/1012
f 3260/2795/1013 3264/2796/1014 3266/2797/1015
f 3261/2798/1016 3264/2799/1014 3263/2800/1017
f 3262/2801/1018 3264/2799/1014 3265/2802/1019
f 3276/2803/1020 3280/2804/1021 3282/2805/1022
f 3277/2806/1023 3280/2804/1021 3279/2807/1024
f 3278/2808/1025 3280/2804/1021 3281/2809/1026
f 3283/2810/1027 3287/2811/1028 3289/2812/1029
f 3284/2813/1030 3287/2811/1028 3286/2814/1031
f 3285/2815/1032 3287/2816/1028 3288/2817/1033
f 3299/2818/1034 3303/2819/1035 3305/2820/1036
f 3300/2821/1037 3303/2819/1035 3302/2822/1038
f 3301/2823/1039 3303/2819/1035 3304/2824/1040
f 3306/2825/1041 3310/2826/1042 3312/2827/1043
f 3307/2828/1044 3310/2829/1042 3309/2830/1045
f 3308/2831/1046 3310/2826/1042 3311/2832/1047
f 3322/2833/1048 3326/2834/1049 3328/2835/1050
f 3323/2836/1051 3326/2834/1049 3325/2837/1052
f 3324/2838/1053 3326/2834/1049 3327/2839/1054
f 3329/2840/1055 3333/2841/1056 3335/2842/1057
f 3330/2843/1058 3333/2841/1056 3332/2844/1059
f 3331/2845/1060 3333/2841/1056 3334/2846/1061
f 3345/2847/1062 3349/2848/1063 3351/2849/1064
f 3346/2850/1065 3349/2848/1063 3348/2851/1066
f 3347/2852/1067 3349/2848/1063 3350/2853/1068
f 3352/2854/1069 3356/2855/1070 3358/2856/1071
f 3353/2857/1072 3356/2855/1070 3355/2858/1073
f 3354/2859/1074 3356/2855/1070 3357/2860/1075
f 3368/2861/1076 3372/2862/1077 3374/2863/1078
f 3369/2864/1079 3372/2865/1077 3371/2866/1080
f 3370/2867/1081 3372/2865/1077 3373/2868/1082
f 3375/2869/1083 3379/2870/1084 3381/2871/1085
f 3376/2872/1086 3379/2870/1084 3378/2873/1087
f 3377/2874/1088 3379/2870/1084 3380/2875/1089
f 3391/2876/1090 3395/2877/1091 3397/2878/1092
f 3392/2879/1093 3395/2880/1091 3394/2881/1094
f 3393/2882/1095 3395/2877/1091 3396/2883/1096
f 3398/2884/1097 3402/2885/1098 3404/2886/1099
f 3399/2887/1100 3402/2885/1098 3401/2888/1101
f 3400/2889/1102 3402/2885/1098 3403/2890/1103
f 3414/2891/1104 3418/2892/1105 3420/2893/1106
f 3415/2894/1107 3418/2892/1105 3417/2895/1108
f 3416/2896/1109 3418/2897/1105 3419/2898/1110
f 3421/2899/999 3425/2900/1000 3427/2901/1001
f 3422/2902/1002 3425/2900/1000 3424/2903/1003
f 3423/2904/1004 3425/2900/1000 3426/2905/1005
f 3437/2906/1006 3441/2907/1007 3443/2908/1008
f 3438/2909/1009 3441/2907/1007 3440/2910/1010
f 3439/2911/1011 3441/2907/1007 3442/2912/1012
f 3444/2913/1013 3448/2914/1014 3450/2915/1015
f 3445/2916/1016 3448/2917/1014 3447/2918/1017
f 3446/2919/1018 3448/2917/1014 3449/2920/1019
f 3460/2921/1020 3464/2922/1021 3466/2923/1022
f 3461/2924/1023 3464/2922/1021 3463/2925/1024
f 3462/2926/1025 3464/2922/1021 3465/2927/1026
f 3467/2928/1111 3471/2929/1028 3473/2930/1029
f 3468/2931/1030 3471/2929/1028 3470/2932/1031
f 3469/2933/1032 3471/2934/1028 3472/2935/1033
f 3483/2936/1034 3487/2937/1035 3489/2938/1036
f 3484/2939/1037 3487/2937/1035 3486/2940/1038
f 3485/2941/1039 3487/2937/1035 3488/2942/1040
f 3490/2943/1112 3494/2944/1042 3496/2945/1043
f 3491/2946/1044 3494/2947/1042 3493/2948/1045
f 3492/2949/1046 3494/2944/1042 3495/2950/1047
f 3506/2951/1048 3510/2952/1049 3512/2953/1050
f 3507/2954/1113 3510/2952/1049 3509/2955/1052
f 3508/2956/1053 3510/2952/1049 3511/2957/1054
f 3513/2958/1114 3517/2959/1056 3519/2960/1057
f 3514/2961/1115 3517/2959/1056 3516/2962/1059
f 3515/2963/1060 3517/2959/1056 3518/2964/1061
f 3529/2965/1116 3533/2966/1063 3535/2967/1064
f 3530/2968/1065 3533/2966/1063 3532/2969/1066
f 3531/2970/1067 3533/2966/1063 3534/2971/1068
f 3536/2972/1069 3540/2973/1070 3542/2974/1071
f 3537/2975/1072 3540/2973/1070 3539/2976/1073
f 3538/2977/1074 3540/2973/1070 3541/2978/1075
f 3552/2979/1117 3556/2980/1077 3558/2981/1078
f 3553/2982/1079 3556/2983/1077 3555/2984/1118
f 3554/2985/1119 3556/2983/1077 3557/2986/1082
f 3559/2987/1120 3563/2988/1084 3565/2989/1085
f 3560/2990/1121 3563/2988/1084 3562/2991/1087
f 3561/2992/1088 3563/2988/1084 3564/2993/1089
f 3575/2994/1122 3579/2995/1091 3581/2996/1092
f 3576/2997/1093 3579/2998/1091 3578/2999/1094
f 3577/3000/1095 3579/2995/1091 3580/3001/1096
f 3582/3002/1097 3586/3003/1098 3588/3004/1099
f 3583/3005/1123 3586/3003/1098 3585/3006/1101
f 3584/3007/1102 3586/3003/1098 3587/3008/1103
f 3598/3009/1104 3602/3010/1105 3604/3011/1106
f 3599/3012/1107 3602/3010/1105 3601/3013/1108
f 3600/3014/1124 3602/3015/1105 3603/3016/1110
f 3605/3017/654 3609/3018/655 3611/3019/1125
f 3606/3020/657 3609/3021/658 3608/3022/990
f 3607/3023/660 3609/3024/661 3610/3025/970
f 3612/3026/663 3616/3027/664 3618/3028/665
f 3613/3029/666 3616/3030/1126 3615/3031/668
f 3614/3032/669 3616/3033/670 3617/3034/910
f 3619/3035/672 3623/3036/673 3625/3037/972
f 3620/3038/675 3623/3039/676 3622/3040/677
f 3621/3041/678 3623/3042/679 3624/3043/680
f 3626/3044/681 3630/3045/974 3632/3046/975
f 3627/3047/684 3630/3048/685 3629/3049/686
f 3628/3050/687 3630/3051/920 3631/3052/689
f 3633/3053/690 3637/3054/691 3639/3055/901
f 3634/3056/693 3637/3057/694 3636/3058/695
f 3635/3059/696 3637/3060/697 3638/3061/1127
f 3640/3062/699 3644/3063/1128 3646/3064/979
f 3641/3065/702 3644/3066/703 3643/3067/704
f 3642/3068/705 3644/3069/706 3645/3070/707
f 3647/3071/708 3651/3072/709 3653/3073/980
f 3648/3074/711 3651/3075/712 3650/3076/998
f 3649/3077/714 3651/3078/715 3652/3079/716
f 3654/3080/717 3658/3081/983 3660/3082/719
f 3655/3083/720 3658/3084/916 3657/3085/986
f 3656/3086/723 3658/3087/724 3659/3088/725
f 3661/3089/654 3665/3090/988 3667/3091/968
f 3662/3092/657 3665/3093/658 3664/3094/659
f 3663/3095/660 3665/3096/918 3666/3097/662
f 3668/3098/663 3672/3099/1129 3674/3100/665
f 3669/3101/666 3672/3102/991 3671/3103/992
f 3670/3104/669 3672/3105/919 3673/3106/671
f 3675/3107/672 3679/3108/1130 3681/3109/674
f 3676/3110/675 3679/3111/897 3678/3112/973
f 3677/3113/678 3679/3114/993 3680/3115/680
f 3682/3116/681 3686/3117/1131 3688/3118/975
f 3683/3119/684 3686/3120/1132 3685/3121/1133
f 3684/3122/687 3686/3123/920 3687/3124/689
f 3689/3125/690 3693/3126/994 3695/3127/692
f 3690/3128/693 3693/3129/913 3692/3130/695
f 3691/3131/696 3693/3132/697 3694/3133/698
f 3696/3134/699 3700/3135/996 3702/3136/979
f 3697/3137/702 3700/3138/1134 3699/3139/704
f 3698/3140/705 3700/3141/914 3701/3142/707
f 3703/3143/708 3707/3144/1135 3709/3145/1136
f 3704/3146/711 3707/3147/997 3706/3148/998
f 3705/3149/714 3707/3150/981 3708/3151/716
f 3710/3152/717 3714/3153/923 3716/3154/719
f 3711/3155/720 3714/3156/916 3713/3157/722
f 3712/3158/723 3714/3159/1137 3715/3160/725
f 3717/3161/1138 3721/3162/1000 3723/3163/1005
f 3718/3164/1139 3721/3162/1000 3720/3165/1001
f 3719/3166/1002 3721/3162/1000 3722/3167/1003
f 3727/3168/1140 3731/3169/1007 3733/3170/1010
f 3728/3171/1011 3731/3169/1007 3730/3172/1141
f 3729/3173/1142 3731/3169/1007 3732/3174/1143
f 3734/3175/1144 3738/3176/1014 3740/3177/1015
f 3735/3178/1145 3738/3179/1014 3737/3180/1017
f 3736/3181/1018 3738/3179/1014 3739/3182/1146
f 3750/3183/1147 3754/3184/1021 3756/3185/1148
f 3751/3186/1023 3754/3184/1021 3753/3187/1149
f 3752/3188/1150 3754/3184/1021 3755/3189/1151
f 3757/3190/1152 3761/3191/1153 3763/3192/1029
f 3758/3193/1154 3761/3191/1153 3760/3194/1031
f 3759/3195/1032 3761/3196/1153 3762/3197/1033
f 3773/3198/1034 3777/3199/1155 3779/3200/1156
f 3774/3201/1037 3777/3199/1155 3776/3202/1038
f 3775/3203/1039 3777/3199/1155 3778/3204/1157
f 3780/3205/1158 3784/3206/1042 3786/3207/1159
f 3781/3208/1160 3784/3209/1042 3783/3210/1045
f 3782/3211/1161 3784/3206/1042 3785/3212/1162
f 3796/3213/1163 3800/3214/1049 3802/3215/1050
f 3797/3216/1113 3800/3214/1049 3799/3217/1164
f 3798/3218/1053 3800/3214/1049 3801/3219/1165
f 3803/3220/1055 3807/3221/1056 3809/3222/1057
f 3804/3223/1166 3807/3221/1056 3806/3224/1059
f 3805/3225/1060 3807/3221/1056 3808/3226/1061
f 3819/3227/1167 3823/3228/1063 3825/3229/1064
f 3820/3230/1065 3823/3228/1063 3822/3231/1168
f 3821/3232/1169 3823/3228/1063 3824/3233/1068
f 3826/3234/1170 3830/3235/1070 3832/3236/1171
f 3827/3237/1172 3830/3235/1070 3829/3238/1073
f 3828/3239/1074 3830/3235/1070 3831/3240/1173
f 3842/3241/1076 3846/3242/1077 3848/3243/1078
f 3843/3244/1174 3846/3245/1077 3845/3246/1175
f 3844/3247/1176 3846/3245/1077 3847/3248/1177
f 3849/3249/1120 3853/3250/1178 3855/3251/1085
f 3850/3252/1179 3853/3250/1178 3852/3253/1087
f 3851/3254/1088 3853/3250/1178 3854/3255/1089
f 3865/3256/1122 3869/3257/1180 3871/3258/1181
f 3866/3259/1093 3869/3260/1180 3868/3261/1094
f 3867/3262/1095 3869/3257/1180 3870/3263/1182
f 3872/3264/1183 3876/3265/1098 3878/3266/1184
f 3873/3267/1185 3876/3265/1098 3875/3268/1101
f 3874/3269/1102 3876/3265/1098 3877/3270/1186
f 3888/3271/1187 3892/3272/1105 3894/3273/1106
f 3889/3274/1107 3892/3272/1105 3891/3275/1188
f 3890/3276/1189 3892/3277/1105 3893/3278/1110
f 3901/3279/1138 3905/3280/1000 3907/3281/1005
f 3902/3282/1139 3905/3280/1000 3904/3283/1001
f 3903/3284/1002 3905/3280/1000 3906/3285/1003
f 3911/3286/1140 3915/3287/1007 3917/3288/1010
f 3912/3289/1011 3915/3287/1007 3914/3290/1141
f 3913/3291/1142 3915/3287/1007 3916/3292/1143
f 3918/3293/1144 3922/3294/1014 3924/3295/1190
f 3919/3296/1145 3922/3297/1014 3921/3298/1017
f 3920/3299/1018 3922/3297/1014 3923/3300/1146
f 3934/3301/1147 3938/3302/1021 3940/3303/1148
f 3935/3304/1023 3938/3302/1021 3937/3305/1024
f 3936/3306/1150 3938/3302/1021 3939/3307/1191
f 3941/3308/1152 3945/3309/1153 3947/3310/1029
f 3942/3311/1154 3945/3309/1153 3944/3312/1031
f 3943/3313/1032 3945/3314/1153 3946/3315/1033
f 3957/3316/1034 3961/3317/1155 3963/3318/1156
f 3958/3319/1037 3961/3317/1155 3960/3320/1038
f 3959/3321/1039 3961/3317/1155 3962/3322/1157
f 3964/3323/1158 3968/3324/1042 3970/3325/1192
f 3965/3326/1160 3968/3327/1042 3967/3328/1045
f 3966/3329/1161 3968/3324/1042 3969/3330/1047
f 3980/3331/1163 3984/3332/1049 3986/3333/1050
f 3981/3334/1113 3984/3332/1049 3983/3335/1164
f 3982/3336/1053 3984/3332/1049 3985/3337/1165
f 3987/3338/1055 3991/3339/1056 3993/3340/1057
f 3988/3341/1166 3991/3339/1056 3990/3342/1059
f 3989/3343/1060 3991/3339/1056 3992/3344/1061
f 4003/3345/1167 4007/3346/1063 4009/3347/1064
f 4004/3348/1065 4007/3346/1063 4006/3349/1168
f 4005/3350/1169 4007/3346/1063 4008/3351/1068
f 4010/3352/1170 4014/3353/1070 4016/3354/1171
f 4011/3355/1172 4014/3353/1070 4013/3356/1073
f 4012/3357/1074 4014/3353/1070 4015/3358/1193
f 4026/3359/1076 4030/3360/1077 4032/3361/1078
f 4027/3362/1174 4030/3363/1077 4029/3364/1175
f 4028/3365/1176 4030/3363/1077 4031/3366/1177
f 4033/3367/1120 4037/3368/1178 4039/3369/1085
f 4034/3370/1179 4037/3368/1178 4036/3371/1087
f 4035/3372/1088 4037/3368/1178 4038/3373/1089
f 4049/3374/1122 4053/3375/1180 4055/3376/1181
f 4050/3377/1093 4053/3378/1180 4052/3379/1094
f 4051/3380/1095 4053/3375/1180 4054/3381/1182
f 4056/3382/1183 4060/3383/1098 4062/3384/1184
f 4057/3385/1185 4060/3383/1098 4059/3386/1101
f 4058/3387/1102 4060/3383/1098 4061/3388/1186
f 4072/3389/1187 4076/3390/1105 4078/3391/1106
f 4073/3392/1107 4076/3390/1105 4075/3393/1188
f 4074/3394/1189 4076/3395/1105 4077/3396/1194
f 4090/3397/1195 4095/3398/1196 4085/3399/1197
f 4092/3400/1198 4090/3397/1195 4086/3401/1199
f 4087/3402/1200 4091/3403/1201 4092/3400/1198
f 4094/3404/1202 4093/3405/1203 4088/3406/1204
f 4089/3407/1205 4091/3403/1201 4094/3404/1202
f 4096/3408/1206 4102/3409/1207 4106/3410/1208
f 4103/3411/1209 4101/3412/1210 4097/3413/1211
f 4098/3414/1212 4102/3415/1207 4103/3416/1209
f 4099/3417/1213 4102/3415/1207 4104/3418/1214
f 4106/3410/1208 4105/3419/1215 4100/3420/1216
f 4107/3421/1217 4112/3422/1218 4115/3423/1219
f 4113/3424/1220 4111/3425/1221 4108/3426/1222
f 4109/3427/1223 4112/3422/1218 4113/3424/1220
f 4115/3423/1219 4114/3428/1224 4110/3429/1225
f 4121/3430/1226 4126/3431/1227 4116/3432/1228
f 4123/3433/1229 4121/3430/1226 4117/3434/1230
f 4118/3435/1231 4122/3436/1232 4123/3433/1229
f 4125/3437/1233 4124/3438/1234 4119/3439/1235
f 4120/3440/1236 4122/3436/1232 4125/3437/1233
f 4131/3441/1237 4135/3442/1238 4127/3443/1239
f 4128/3444/1240 4132/3445/1241 4131/3441/1237
f 4134/3446/1242 4133/3447/1243 4129/3448/1244
f 4130/3449/1245 4132/3445/1241 4134/3446/1242
f 4141/3450/1246 4146/3451/1247 4136/3452/1248
f 4137/3453/1249 4142/3454/1250 4141/3455/1246
f 4144/3456/1251 4143/3457/1252 4138/3458/1253
f 4139/3459/1254 4142/3460/1250 4144/3461/1251
f 4140/3462/1255 4142/3460/1250 4145/3463/1256
f 4151/3464/1257 4155/3465/1258 4147/3466/1259
f 4148/3467/1260 4152/3468/1261 4151/3464/1257
f 4154/3469/1262 4153/3470/1263 4149/3471/1264
f 4150/3472/1265 4152/3468/1261 4154/3469/1262
f 4161/3473/1266 4166/3474/1267 4156/3475/1268
f 4157/3476/1269 4162/3477/1270 4161/3478/1266
f 4158/3479/1271 4162/3477/1270 4163/3480/1272
f 4165/3481/1273 4164/3482/1274 4159/3483/1275
f 4160/3484/1276 4162/3485/1270 4165/3481/1273
f 4167/3486/1277 4173/3487/1278 4177/3488/1279
f 4168/3489/1280 4173/3487/1278 4172/3490/1281
f 4175/3491/1282 4174/3492/1283 4169/3493/1284
f 4170/3494/1285 4173/3495/1278 4175/3496/1282
f 4177/3497/1279 4176/3498/1286 4171/3499/1287
f 4182/3500/1288 4186/3501/1289 4178/3502/1290
f 4179/3503/1291 4183/3504/1292 4182/3500/1288
f 4185/3505/1293 4184/3506/1294 4180/3507/1295
f 4181/3508/1296 4183/3504/1292 4185/3505/1293
f 4187/3509/1297 4193/3510/1298 4197/3511/1299
f 4194/3512/1300 4192/3513/1301 4188/3514/1302
f 4189/3515/1303 4193/3510/1298 4194/3512/1300
f 4196/3516/1304 4195/3517/1305 4190/3518/1306
f 4197/3511/1299 4196/3516/1304 4191/3519/1307
f 4198/3520/1308 4204/3521/1309 4208/3522/1310
f 4205/3523/1311 4203/3524/1312 4199/3525/1313
f 4206/3526/1314 4205/3523/1311 4200/3527/1315
f 4201/3528/1316 4204/3521/1309 4206/3526/1314
f 4208/3522/1310 4207/3529/1317 4202/3530/1318
f 4209/3531/654 4213/3532/908 4215/3533/1319
f 4210/3534/657 4213/3535/658 4212/3536/659
f 4211/3537/660 4213/3538/661 4214/3539/662
f 4216/3540/663 4220/3541/664 4222/3542/665
f 4217/3543/666 4220/3544/1126 4219/3545/992
f 4218/3546/669 4220/3547/919 4221/3548/671
f 4223/3549/672 4227/3550/1320 4229/3551/674
f 4224/3552/675 4227/3553/676 4226/3554/677
f 4225/3555/678 4227/3556/679 4228/3557/680
f 4230/3558/681 4234/3559/1131 4236/3560/975
f 4231/3561/684 4234/3562/685 4233/3563/686
f 4232/3564/687 4234/3565/920 4235/3566/689
f 4237/3567/690 4241/3568/912 4243/3569/692
f 4238/3570/693 4241/3571/694 4240/3572/695
f 4239/3573/696 4241/3574/697 4242/3575/698
f 4244/3576/699 4248/3577/1128 4250/3578/979
f 4245/3579/702 4248/3580/703 4247/3581/704
f 4246/3582/705 4248/3583/914 4249/3584/707
f 4251/3585/708 4255/3586/1321 4257/3587/1136
f 4252/3588/711 4255/3589/712 4254/3590/713
f 4253/3591/714 4255/3592/715 4256/3593/716
f 4258/3594/717 4262/3595/923 4264/3596/984
f 4259/3597/720 4262/3598/916 4261/3599/722
f 4260/3600/723 4262/3601/724 4263/3602/725
f 4349/3603/1322 4353/3604/1323 4355/3605/1324
f 4354/3606/1325 4352/3607/1326 4350/3608/1327
f 4355/3609/1328 4354/3606/1325 4351/3610/1329
f 4356/3611/1330 4360/3612/1331 4362/3613/1332
f 4361/3614/1333 4359/3615/1334 4357/3616/1335
f 4362/3617/1336 4361/3614/1333 4358/3618/1337
f 4363/3619/1338 4367/3620/1339 4369/3621/1340
f 4368/3622/1341 4366/3623/1342 4364/3624/1343
f 4369/3625/1344 4368/3622/1341 4365/3626/1345
f 4370/3627/1346 4374/3628/1347 4376/3629/1348
f 4375/3630/1349 4373/3631/1350 4371/3632/1351
f 4376/3633/1352 4375/3634/1349 4372/3635/1353
f 4377/3636/1354 4381/3637/1355 4383/3638/1356
f 4382/3639/1357 4380/3640/1358 4378/3641/1359
f 4383/3642/1360 4382/3639/1357 4379/3643/1361
f 4384/3644/1362 4388/3645/1363 4390/3646/1364
f 4389/3647/1365 4387/3648/1366 4385/3649/1367
f 4390/3650/1368 4389/3647/1365 4386/3651/1369
f 4391/3652/1370 4395/3653/1371 4397/3654/1372
f 4396/3655/1373 4394/3656/1374 4392/3657/1375
f 4397/3658/1376 4396/3655/1373 4393/3659/1377
f 4398/3660/1378 4402/3661/1379 4404/3662/1380
f 4403/3663/1381 4401/3664/1382 4399/3665/1383
f 4404/3666/1384 4403/3663/1381 4400/3667/1385
f 4405/3668/1386 4409/3669/1387 4411/3670/1388
f 4410/3671/1389 4408/3672/1390 4406/3673/1391
f 4411/3674/1392 4410/3671/1389 4407/3675/1393
f 4412/3676/1394 4416/3677/1395 4418/3678/1396
f 4417/3679/1397 4415/3680/1398 4413/3681/1399
f 4418/3682/1400 4417/3683/1397 4414/3684/1401
f 4419/3685/1402 4423/3686/1403 4425/3687/1404
f 4424/3688/1405 4422/3689/1406 4420/3690/1407
f 4425/3691/1408 4424/3688/1405 4421/3692/1409
f 4426/3693/1410 4430/3694/1411 4432/3695/1412
f 4431/3696/1413 4429/3697/1414 4427/3698/1415
f 4432/3699/1416 4431/3696/1413 4428/3700/1417
f 4433/3701/1418 4437/3702/1419 4439/3703/1420
f 4438/3704/1421 4436/3705/1422 4434/3706/1423
f 4439/3707/1424 4438/3708/1421 4435/3709/1425
f 4440/3710/1426 4444/3711/1427 4446/3712/1428
f 4445/3713/1429 4443/3714/1430 4441/3715/1431
f 4446/3716/1432 4445/3713/1429 4442/3717/1433
f 4447/3718/1434 4451/3719/1435 4453/3720/1436
f 4452/3721/1437 4450/3722/1438 4448/3723/1439
f 4453/3724/1440 4452/3721/1437 4449/3725/1441
f 4454/3726/1442 4458/3727/1443 4460/3728/1444
f 4459/3729/1445 4457/3730/1446 4455/3731/1447
f 4460/3732/1448 4459/3729/1445 4456/3733/1449
f 4461/3734/1450 4465/3735/1451 4467/3736/1452
f 4466/3737/1453 4464/3738/1454 4462/3739/1455
f 4467/3740/1456 4466/3737/1453 4463/3741/1457
f 4468/3742/1458 4472/3743/1459 4474/3744/1460
f 4473/3745/1461 4471/3746/1462 4469/3747/1463
f 4474/3748/1464 4473/3745/1461 4470/3749/1465
f 4475/3750/1466 4479/3751/1467 4481/3752/1468
f 4480/3753/1469 4478/3754/1470 4476/3755/1471
f 4481/3756/1472 4480/3757/1469 4477/3758/1473
f 4482/3759/1474 4486/3760/1475 4488/3761/1476
f 4487/3762/1477 4485/3763/1478 4483/3764/1479
f 4488/3765/1480 4487/3762/1477 4484/3766/1481
f 4489/3767/1482 4493/3768/1483 4495/3769/1484
f 4490/3770/1485 4493/3771/1486 4492/3772/1487
f 4491/3773/1488 4493/3771/1486 4494/3774/1489
f 4496/3775/1490 4500/3776/1491 4502/3777/1492
f 4497/3778/1493 4500/3779/1494 4499/3780/1495
f 4498/3781/1496 4500/3779/1494 4501/3782/1497
f 4503/3783/1498 4507/3784/1499 4509/3785/1500
f 4508/3786/1501 4506/3787/1502 4504/3788/1503
f 4509/3789/1504 4508/3790/1501 4505/3791/1505
f 4510/3792/1506 4514/3793/1507 4516/3794/1508
f 4515/3795/1509 4513/3796/1510 4511/3797/1511
f 4516/3798/1512 4515/3799/1509 4512/3800/1513
f 4517/3801/1514 4521/3802/1515 4523/3803/1516
f 4522/3804/1517 4520/3805/1518 4518/3806/1519
f 4523/3807/1520 4522/3804/1517 4519/3808/1521
f 4524/3809/1522 4528/3810/1523 4530/3811/1524
f 4525/3812/1525 4528/3813/1526 4527/3814/1527
f 4526/3815/1528 4528/3813/1526 4529/3816/1529
f 4531/3817/1530 4535/3818/1531 4537/3819/1532
f 4536/3820/1533 4534/3821/1534 4532/3822/1535
f 4537/3823/1536 4536/3824/1533 4533/3825/1537
f 4538/3826/1538 4542/3827/1539 4544/3828/1540
f 4543/3829/1541 4541/3830/1542 4539/3831/1543
f 4544/3832/1544 4543/3833/1541 4540/3834/1545
f 4545/3835/1546 4549/3836/1547 4551/3837/1548
f 4550/3838/1549 4548/3839/1550 4546/3840/1551
f 4551/3841/1552 4550/3838/1549 4547/3842/1553
f 4552/3843/1554 4556/3844/1555 4558/3845/1556
f 4557/3846/1557 4555/3847/1558 4553/3848/1559
f 4558/3849/1560 4557/3846/1557 4554/3850/1561
f 4559/3851/1562 4563/3852/1563 4565/3853/1564
f 4560/3854/1565 4563/3855/1566 4562/3856/1567
f 4561/3857/1568 4563/3858/1566 4564/3859/1569
f 4566/3860/1570 4570/3861/1571 4572/3862/1572
f 4571/3863/1573 4569/3864/1574 4567/3865/1575
f 4572/3866/1576 4571/3867/1573 4568/3868/1577
f 4573/3869/1578 4577/3870/1579 4579/3871/1580
f 4574/3872/1581 4577/3870/1582 4576/3873/1583
f 4575/3874/1584 4577/3870/1582 4578/3875/1585
f 4580/3876/1586 4584/3877/1587 4586/3878/1588
f 4585/3879/1589 4583/3880/1590 4581/3881/1591
f 4586/3882/1592 4585/3879/1589 4582/3883/1593
f 4587/3884/1594 4591/3885/1595 4593/3886/1596
f 4592/3887/1597 4590/3888/1598 4588/3889/1599
f 4593/3890/1600 4592/3891/1597 4589/3892/1601
f 4594/3893/1602 4598/3894/1603 4600/3895/1604
f 4599/3896/1605 4597/3897/1606 4595/3898/1607
f 4600/3899/1608 4599/3900/1605 4596/3901/1609
f 780/1052/483 771/1037/468 767/1038/469
f 782/3902/1610 765/1031/462 771/1033/464
f 788/1062/493 775/1043/474 792/1061/492
f 792/1057/488 772/1039/470 786/1055/486
f 774/1046/477 770/1034/465 766/1036/467
f 777/1042/473 767/1038/469 770/1034/465
f 781/1054/485 791/1058/489 787/1060/491
f 784/1050/481 788/1062/493 791/1058/489
f 794/3903/499 785/1053/484 781/1054/485
f 785/1049/480 793/1063/494 779/1047/478
f 802/1078/509 789/3904/490 806/1077/508
f 789/3905/1611 800/1071/502 806/1073/504
f 795/1070/501 805/1074/505 801/1076/507
f 798/1066/497 802/1078/509 805/1074/505
f 808/1084/515 799/1069/500 795/1070/501
f 810/3906/1612 793/1063/494 799/1065/496
f 816/1094/525 803/1075/506 820/1093/524
f 803/3907/1613 814/1087/518 820/1089/520
f 809/1086/517 819/1090/521 815/1092/523
f 812/1082/513 816/1094/525 819/1090/521
f 822/1100/531 813/1085/516 809/1086/517
f 824/3908/1614 807/1079/510 813/1081/512
f 830/1110/541 817/1091/522 834/1109/540
f 834/1105/536 814/1087/518 828/1103/534
f 823/1102/533 833/1106/537 829/1108/539
f 826/1098/529 830/1110/541 833/1106/537
f 823/3909/533 838/1115/546 827/3910/532
f 838/3911/1615 821/1095/526 827/1097/528
f 844/3912/557 831/1107/538 848/3913/556
f 831/3914/1616 842/1119/550 848/1121/552
f 837/1118/549 847/1122/553 843/1124/555
f 840/1114/545 844/1126/557 847/1122/553
f 850/1132/563 841/1117/548 837/1118/549
f 841/1113/544 849/1127/558 835/1111/542
f 858/1142/573 845/1123/554 862/1141/572
f 845/3915/1617 856/1135/566 862/1137/568
f 851/1134/565 861/1138/569 857/1140/571
f 854/1130/561 858/1142/573 861/1138/569
f 864/1148/579 855/1133/564 851/1134/565
f 866/3916/1618 849/1127/558 855/1129/560
f 872/1158/589 859/1139/570 876/1157/588
f 859/3917/1619 870/1151/582 876/1153/584
f 865/1150/581 875/1154/585 871/1156/587
f 868/1146/577 872/1158/589 875/1154/585
f 865/3918/581 880/1163/594 869/3919/580
f 880/3920/1620 863/1143/574 869/1145/576
f 886/3921/605 873/1155/586 890/3922/604
f 890/1169/600 870/1151/582 884/1167/598
f 879/1166/597 889/1170/601 885/1172/603
f 882/1162/593 886/1174/605 889/1170/601
f 879/1166/597 894/1179/610 883/1165/596
f 883/1161/592 891/3923/606 877/1159/590
f 900/1189/621 887/1171/602 904/1188/620
f 887/3924/1621 898/1182/614 904/1184/616
f 893/1181/613 903/1185/617 899/1187/619
f 896/1178/609 900/1189/621 903/1185/617
f 893/1181/613 908/1194/626 897/1177/612
f 908/3925/1622 891/3923/606 897/3926/608
f 899/1187/619 918/1204/636 914/1205/637
f 901/3927/1623 912/1198/630 918/1200/632
f 907/1197/629 917/1201/633 913/1203/635
f 910/1193/625 914/1205/637 917/1201/633
f 907/1197/629 922/3928/642 911/1196/628
f 922/3929/1624 905/1190/622 911/1192/624
f 913/3930/635 932/1220/652 928/1221/653
f 915/3931/1625 926/1214/646 932/1216/648
f 921/1213/645 931/1217/649 927/1219/651
f 924/1209/641 928/1221/653 931/1217/649
f 921/1213/645 768/1035/466 925/1212/644
f 768/3932/1626 919/1206/638 925/1208/640
f 774/1046/477 929/1218/650 778/1045/476
f 929/3933/1627 772/1039/470 778/1041/472
f 934/3934/1628 941/3935/1629 935/3936/1630
f 941/3937/1631 933/3938/1632 935/3939/1633
f 937/3940/1634 944/3941/1635 943/3942/1636
f 944/3943/1637 936/3944/1638 942/3945/1639
f 946/3946/1640 941/3935/1629 940/3947/1641
f 947/3948/1642 939/3949/1643 941/3937/1631
f 943/3942/1636 950/3950/1644 949/3951/1645
f 950/3952/1646 942/3945/1639 948/3953/1647
f 952/3954/1648 947/3955/1649 946/3956/1640
f 953/3957/1650 945/3958/1651 947/3948/1642
f 949/3959/1645 956/3960/1652 955/3961/1653
f 956/3962/1654 948/3953/1647 954/3963/1655
f 958/3964/1656 953/3965/1657 952/3954/1648
f 959/3966/1658 951/3967/1659 953/3957/1650
f 955/3961/1653 962/3968/1660 961/3969/1661
f 962/3970/1662 954/3963/1655 960/3971/1663
f 964/3972/1664 959/3973/1665 958/3964/1656
f 965/3974/1666 957/3975/1667 959/3966/1658
f 961/3969/1661 968/3976/1668 967/3977/1669
f 962/3970/1662 966/3978/1670 968/3979/1671
f 970/3980/1672 965/3981/1673 964/3982/1664
f 965/3974/1666 969/3983/1674 963/3984/1675
f 973/3985/1676 968/3986/1668 974/3987/1677
f 968/3979/1671 972/3988/1678 974/3989/1679
f 976/3990/1680 971/3991/1681 970/3980/1672
f 977/3992/1682 969/3983/1674 971/3993/1683
f 973/3985/1676 980/3994/1684 979/3995/1685
f 974/3989/1679 978/3996/1686 980/3997/1687
f 982/3998/1688 977/3999/1689 976/3990/1680
f 977/3992/1682 981/4000/1690 975/4001/1691
f 979/3995/1685 986/4002/1692 985/4003/1693
f 980/3997/1687 984/4004/1694 986/4005/1695
f 982/3998/1688 989/4006/1696 983/4007/1697
f 989/4008/1698 981/4000/1690 983/4009/1699
f 985/4003/1693 992/4010/1700 991/4011/1701
f 986/4005/1695 990/4012/1702 992/4013/1703
f 994/4014/1704 989/4015/1696 988/4016/1705
f 995/4017/1706 987/4018/1707 989/4008/1698
f 997/4019/1708 992/4020/1700 998/4021/1709
f 992/4013/1703 996/4022/1710 998/4023/1711
f 1000/4024/1712 995/4025/1713 994/4014/1704
f 1001/4026/1714 993/4027/1715 995/4017/1706
f 997/4019/1708 1004/4028/1716 1003/4029/1717
f 998/4023/1711 1002/4030/1718 1004/4031/1719
f 1000/4024/1712 1007/4032/1720 1001/4033/1721
f 1001/4026/1714 1005/4034/1722 999/4035/1723
f 1003/4029/1717 1010/4036/1724 1009/4037/1725
f 1004/4031/1719 1008/4038/1726 1010/4039/1727
f 1012/4040/1728 1007/4041/1720 1006/4042/1729
f 1013/4043/1730 1005/4034/1722 1007/4044/1731
f 1009/4045/1725 1016/4046/1732 1015/4047/1733
f 1010/4039/1727 1014/4048/1734 1016/4049/1735
f 1012/4040/1728 935/3936/1630 1013/4050/1736
f 935/3939/1633 1011/4051/1737 1013/4043/1730
f 1015/4047/1733 938/4052/1738 937/3940/1634
f 938/4053/1739 1014/4048/1734 936/3944/1638
f 1024/4054/1641 1019/4055/1630 1018/4056/1628
f 1019/4057/1633 1023/4058/1643 1017/4059/1632
f 1021/4060/1634 1028/4061/1635 1027/4062/1636
f 1022/4063/1739 1026/4064/1639 1028/4065/1740
f 1024/4054/1641 1031/4066/1649 1025/4067/1629
f 1031/4068/1642 1023/4058/1643 1025/4069/1631
f 1027/4062/1636 1034/4070/1644 1033/4071/1645
f 1028/4065/1740 1032/4072/1647 1034/4073/1741
f 1036/4074/1648 1031/4075/1649 1030/4076/1640
f 1037/4077/1650 1029/4078/1651 1031/4068/1642
f 1039/4079/1653 1034/4080/1644 1040/4081/1652
f 1040/4082/1742 1032/4072/1647 1038/4083/1743
f 1042/4084/1656 1037/4085/1657 1036/4074/1648
f 1043/4086/1744 1035/4087/1659 1037/4077/1650
f 1039/4079/1653 1046/4088/1660 1045/4089/1661
f 1040/4082/1742 1044/4090/1745 1046/4091/1662
f 1048/4092/1664 1043/4093/1665 1042/4084/1656
f 1049/4094/1746 1041/4095/1747 1043/4086/1744
f 1045/4089/1661 1052/4096/1668 1051/4097/1669
f 1052/4098/1671 1044/4090/1745 1050/4099/1670
f 1054/4100/1672 1049/4101/1673 1048/4102/1664
f 1055/4103/1683 1047/4104/1675 1049/4094/1746
f 1051/4105/1669 1058/4106/1677 1057/4107/1676
f 1058/4108/1679 1050/4099/1670 1056/4109/1678
f 1060/4110/1680 1055/4111/1681 1054/4100/1672
f 1055/4103/1683 1059/4112/1691 1053/4113/1674
f 1057/4107/1676 1064/4114/1684 1063/4115/1685
f 1064/4116/1687 1056/4109/1678 1062/4117/1686
f 1066/4118/1688 1061/4119/1689 1060/4110/1680
f 1061/4120/1682 1065/4121/1690 1059/4112/1691
f 1069/4122/1693 1064/4114/1684 1070/4123/1692
f 1064/4116/1687 1068/4124/1694 1070/4125/1695
f 1066/4118/1688 1073/4126/1696 1067/4127/1697
f 1073/4128/1698 1065/4121/1690 1067/4129/1699
f 1069/4122/1693 1076/4130/1700 1075/4131/1701
f 1076/4132/1748 1068/4124/1694 1074/4133/1702
f 1078/4134/1704 1073/4135/1696 1072/4136/1705
f 1079/4137/1706 1071/4138/1707 1073/4128/1698
f 1081/4139/1708 1076/4140/1700 1082/4141/1709
f 1076/4132/1748 1080/4142/1710 1082/4143/1711
f 1084/4144/1712 1079/4145/1713 1078/4134/1704
f 1079/4137/1706 1083/4146/1723 1077/4147/1715
f 1081/4139/1708 1088/4148/1716 1087/4149/1717
f 1082/4143/1711 1086/4150/1749 1088/4151/1719
f 1084/4144/1712 1091/4152/1720 1085/4153/1721
f 1085/4154/1750 1089/4155/1722 1083/4146/1723
f 1087/4149/1717 1094/4156/1724 1093/4157/1725
f 1088/4151/1719 1092/4158/1726 1094/4159/1751
f 1096/4160/1728 1091/4161/1720 1090/4162/1729
f 1091/4163/1731 1095/4164/1737 1089/4155/1722
f 1093/4165/1725 1100/4166/1732 1099/4167/1733
f 1094/4159/1751 1098/4168/1734 1100/4169/1735
f 1018/4056/1628 1097/4170/1736 1096/4160/1728
f 1097/4171/1752 1017/4059/1632 1095/4164/1737
f 1099/4167/1733 1022/4172/1738 1021/4060/1634
f 1100/4169/1735 1020/4173/1638 1022/4063/1739
f 1108/4174/1641 1103/4175/1630 1102/4176/1628
f 1103/4177/1633 1107/4178/1643 1101/4179/1632
f 1105/4180/1634 1112/4181/1635 1111/4182/1636
f 1106/4183/1739 1110/4184/1639 1112/4185/1740
f 1108/4174/1641 1115/4186/1649 1109/4187/1629
f 1115/4188/1642 1107/4178/1643 1109/4189/1631
f 1111/4182/1636 1118/4190/1644 1117/4191/1645
f 1112/4185/1740 1116/4192/1647 1118/4193/1741
f 1120/4194/1648 1115/4195/1649 1114/4196/1640
f 1121/4197/1650 1113/4198/1651 1115/4188/1642
f 1117/4199/1645 1124/4200/1652 1123/4201/1653
f 1124/4202/1654 1116/4192/1647 1122/4203/1743
f 1126/4204/1656 1121/4205/1657 1120/4194/1648
f 1127/4206/1658 1119/4207/1659 1121/4197/1650
f 1123/4201/1653 1130/4208/1660 1129/4209/1661
f 1124/4202/1654 1128/4210/1745 1130/4211/1662
f 1132/4212/1664 1127/4213/1665 1126/4204/1656
f 1133/4214/1666 1125/4215/1667 1127/4206/1658
f 1135/4216/1669 1130/4208/1660 1136/4217/1668
f 1130/4211/1662 1134/4218/1670 1136/4219/1671
f 1138/4220/1672 1133/4221/1673 1132/4222/1664
f 1133/4214/1666 1137/4223/1674 1131/4224/1675
f 1135/4225/1669 1142/4226/1677 1141/4227/1676
f 1136/4219/1671 1140/4228/1678 1142/4229/1753
f 1144/4230/1680 1139/4231/1681 1138/4220/1672
f 1139/4232/1754 1143/4233/1691 1137/4223/1674
f 1147/4234/1685 1142/4226/1677 1148/4235/1684
f 1148/4236/1687 1140/4228/1678 1146/4237/1686
f 1150/4238/1688 1145/4239/1689 1144/4230/1680
f 1151/4240/1755 1143/4233/1691 1145/4241/1682
f 1153/4242/1693 1148/4235/1684 1154/4243/1692
f 1148/4236/1687 1152/4244/1694 1154/4245/1756
f 1156/4246/1705 1151/4247/1697 1150/4238/1688
f 1151/4240/1755 1155/4248/1707 1149/4249/1690
f 1153/4242/1693 1160/4250/1700 1159/4251/1701
f 1154/4245/1756 1158/4252/1702 1160/4253/1703
f 1162/4254/1704 1157/4255/1696 1156/4256/1705
f 1163/4257/1706 1155/4248/1707 1157/4258/1698
f 1165/4259/1708 1160/4260/1700 1166/4261/1709
f 1166/4262/1711 1158/4252/1702 1164/4263/1710
f 1168/4264/1712 1163/4265/1713 1162/4254/1704
f 1169/4266/1750 1161/4267/1715 1163/4257/1706
f 1165/4259/1708 1172/4268/1716 1171/4269/1717
f 1166/4262/1711 1170/4270/1749 1172/4271/1757
f 1174/4272/1729 1169/4273/1721 1168/4264/1712
f 1169/4266/1750 1173/4274/1722 1167/4275/1723
f 1171/4269/1717 1178/4276/1724 1177/4277/1725
f 1172/4271/1757 1176/4278/1726 1178/4279/1758
f 1180/4280/1728 1175/4281/1720 1174/4282/1729
f 1181/4283/1752 1173/4274/1722 1175/4284/1731
f 1177/4285/1725 1184/4286/1732 1183/4287/1733
f 1184/4288/1759 1176/4278/1726 1182/4289/1734
f 1180/4280/1728 1103/4175/1630 1181/4290/1736
f 1103/4177/1633 1179/4291/1737 1181/4283/1752
f 1105/4180/1634 1184/4286/1732 1106/4292/1738
f 1106/4183/1739 1182/4289/1734 1104/4293/1638
f 1192/4294/1641 1187/4295/1630 1186/4296/1628
f 1187/4297/1633 1191/4298/1643 1185/4299/1632
f 1189/4300/1634 1196/4301/1635 1195/4302/1636
f 1190/4303/1739 1194/4304/1639 1196/4305/1740
f 1198/4306/1640 1193/4307/1629 1192/4294/1641
f 1193/4308/1631 1197/4309/1651 1191/4298/1643
f 1195/4302/1636 1202/4310/1644 1201/4311/1645
f 1196/4305/1740 1200/4312/1647 1202/4313/1646
f 1204/4314/1648 1199/4315/1649 1198/4316/1640
f 1205/4317/1650 1197/4309/1651 1199/4318/1642
f 1201/4319/1645 1208/4320/1652 1207/4321/1653
f 1202/4313/1646 1206/4322/1655 1208/4323/1742
f 1210/4324/1656 1205/4325/1657 1204/4314/1648
f 1211/4326/1658 1203/4327/1659 1205/4317/1650
f 1207/4321/1653 1214/4328/1660 1213/4329/1661
f 1208/4323/1742 1212/4330/1663 1214/4331/1760
f 1210/4324/1656 1217/4332/1673 1211/4333/1665
f 1211/4326/1658 1215/4334/1675 1209/4335/1667
f 1213/4329/1661 1220/4336/1668 1219/4337/1669
f 1214/4331/1760 1218/4338/1670 1220/4339/1671
f 1222/4340/1672 1217/4341/1673 1216/4342/1664
f 1223/4343/1754 1215/4334/1675 1217/4344/1666
f 1225/4345/1676 1220/4346/1668 1226/4347/1677
f 1220/4339/1671 1224/4348/1678 1226/4349/1679
f 1222/4340/1672 1229/4350/1689 1223/4351/1681
f 1229/4352/1682 1221/4353/1674 1223/4343/1754
f 1225/4345/1676 1232/4354/1684 1231/4355/1685
f 1226/4349/1679 1230/4356/1686 1232/4357/1687
f 1228/4358/1680 1235/4359/1697 1229/4350/1689
f 1235/4360/1755 1227/4361/1691 1229/4352/1682
f 1231/4355/1685 1238/4362/1692 1237/4363/1693
f 1238/4364/1695 1230/4356/1686 1236/4365/1694
f 1240/4366/1705 1235/4359/1697 1234/4367/1688
f 1241/4368/1698 1233/4369/1690 1235/4360/1755
f 1237/4363/1693 1244/4370/1700 1243/4371/1701
f 1238/4364/1695 1242/4372/1702 1244/4373/1748
f 1246/4374/1704 1241/4375/1696 1240/4376/1705
f 1247/4377/1706 1239/4378/1707 1241/4368/1698
f 1243/4379/1701 1250/4380/1709 1249/4381/1708
f 1244/4373/1748 1248/4382/1710 1250/4383/1711
f 1252/4384/1712 1247/4385/1713 1246/4374/1704
f 1253/4386/1750 1245/4387/1715 1247/4377/1706
f 1249/4381/1708 1256/4388/1716 1255/4389/1717
f 1250/4383/1711 1254/4390/1749 1256/4391/1757
f 1258/4392/1729 1253/4393/1721 1252/4384/1712
f 1259/4394/1731 1251/4395/1723 1253/4386/1750
f 1255/4389/1717 1262/4396/1724 1261/4397/1725
f 1256/4391/1757 1260/4398/1726 1262/4399/1758
f 1264/4400/1728 1259/4401/1720 1258/4402/1729
f 1259/4394/1731 1263/4403/1737 1257/4404/1722
f 1267/4405/1733 1262/4406/1724 1268/4407/1732
f 1262/4399/1758 1266/4408/1734 1268/4409/1735
f 1186/4296/1628 1265/4410/1736 1264/4400/1728
f 1265/4411/1752 1185/4299/1632 1263/4403/1737
f 1189/4300/1634 1268/4407/1732 1190/4412/1738
f 1268/4409/1735 1188/4413/1638 1190/4303/1739
f 1269/1222/654 1286/4414/1761 1283/1240/672
f 1275/4415/1762 1284/1243/675 1286/1245/677
f 1276/1231/663 1274/4416/1763 1270/1225/657
f 1282/4417/1764 1271/1228/660 1274/1230/662
f 1290/1249/681 1281/4418/1765 1277/1234/666
f 1296/4419/1766 1278/1237/669 1281/1239/671
f 1285/1246/678 1295/4420/1767 1291/1252/684
f 1288/4421/1768 1292/1255/687 1295/1257/689
f 1283/1240/672 1314/4422/1769 1311/1276/708
f 1314/1281/713 1285/1246/678 1312/1279/711
f 1290/1249/681 1324/1287/719 1293/4423/1770
f 1324/4424/1771 1291/1252/684 1293/1254/686
f 1313/1282/714 1323/4425/1772 1319/1288/720
f 1316/4426/1773 1320/1291/723 1323/1293/725
f 1311/1276/708 1300/4427/1774 1297/1258/690
f 1317/4428/1775 1298/1261/693 1300/1263/695
f 1304/1267/699 1321/4429/1776 1318/1285/717
f 1310/4430/1777 1319/1288/720 1321/1290/722
f 1299/1264/696 1309/4431/1778 1305/1270/702
f 1302/4432/1779 1306/1273/705 1309/1275/707
f 1269/1222/654 1303/1260/692 1272/4433/1780
f 1303/4434/1781 1270/1225/657 1272/1227/659
f 1277/1234/666 1307/4435/1782 1304/1267/699
f 1307/1272/704 1276/1231/663 1305/1270/702
f 1325/1294/654 1342/4436/1761 1339/1312/672
f 1331/4437/1762 1340/1315/675 1342/1317/677
f 1332/1303/663 1330/4438/1763 1326/1297/657
f 1338/4439/1764 1327/1300/660 1330/1302/662
f 1346/1321/681 1337/4440/1765 1333/1306/666
f 1352/4441/1766 1334/1309/669 1337/1311/671
f 1341/1318/678 1351/4442/1767 1347/1324/684
f 1344/4443/1768 1348/1327/687 1351/1329/689
f 1367/1348/708 1345/1314/674 1370/4444/1769
f 1345/4445/1783 1368/1351/711 1370/1353/713
f 1374/1357/717 1349/4446/1770 1346/1321/681
f 1349/1326/686 1376/1363/723 1347/1324/684
f 1369/1354/714 1379/4447/1772 1375/1360/720
f 1372/4448/1773 1376/1363/723 1379/1365/725
f 1367/1348/708 1356/4449/1774 1353/1330/690
f 1373/4450/1775 1354/1333/693 1356/1335/695
f 1360/1339/699 1377/4451/1776 1374/1357/717
f 1366/4452/1777 1375/1360/720 1377/1362/722
f 1355/1336/696 1365/4453/1778 1361/1342/702
f 1358/4454/1779 1362/1345/705 1365/1347/707
f 1353/1330/690 1328/4455/1780 1325/1294/654
f 1328/1299/659 1355/1336/696 1326/1297/657
f 1360/1339/699 1335/1308/668 1363/4456/1782
f 1335/4457/1784 1361/1342/702 1363/1344/704
f 1381/1366/654 1398/4458/1761 1395/1384/672
f 1387/4459/1762 1396/1387/675 1398/1389/677
f 1388/1375/663 1386/4460/1763 1382/1369/657
f 1394/4461/1764 1383/1372/660 1386/1374/662
f 1402/1393/681 1393/4462/1765 1389/1378/666
f 1408/4463/1766 1390/1381/669 1393/1383/671
f 1397/1390/678 1407/4464/1767 1403/1396/684
f 1400/4465/1768 1404/1399/687 1407/1401/689
f 1423/1420/708 1401/1386/674 1426/4466/1769
f 1401/4467/1783 1424/1423/711 1426/1425/713
f 1430/1429/717 1405/4468/1770 1402/1393/681
f 1405/1398/686 1432/1435/723 1403/1396/684
f 1425/1426/714 1435/4469/1772 1431/1432/720
f 1428/4470/1773 1432/1435/723 1435/1437/725
f 1423/1420/708 1412/4471/1774 1409/1402/690
f 1429/4472/1775 1410/1405/693 1412/1407/695
f 1416/1411/699 1433/4473/1776 1430/1429/717
f 1422/4474/1777 1431/1432/720 1433/1434/722
f 1411/1408/696 1421/4475/1778 1417/1414/702
f 1414/4476/1779 1418/1417/705 1421/1419/707
f 1409/1402/690 1384/4477/1780 1381/1366/654
f 1384/1371/659 1411/1408/696 1382/1369/657
f 1389/1378/666 1419/4478/1782 1416/1411/699
f 1391/4479/1784 1417/1414/702 1419/1416/704
f 1437/1438/654 1454/4480/1761 1451/1456/672
f 1443/4481/1762 1452/1459/675 1454/1461/677
f 1444/1447/663 1442/4482/1763 1438/1441/657
f 1450/4483/1764 1439/1444/660 1442/1446/662
f 1458/1465/681 1449/4484/1765 1445/1450/666
f 1464/4485/1766 1446/1453/669 1449/1455/671
f 1453/1462/678 1463/4486/1767 1459/1468/684
f 1456/4487/1768 1460/1471/687 1463/1473/689
f 1451/1456/672 1482/4488/1769 1479/1492/708
f 1482/1497/713 1453/1462/678 1480/1495/711
f 1486/1501/717 1461/4489/1770 1458/1465/681
f 1492/4490/1771 1459/1468/684 1461/1470/686
f 1481/1498/714 1491/4491/1772 1487/1504/720
f 1484/4492/1773 1488/1507/723 1491/1509/725
f 1479/1492/708 1468/4493/1774 1465/1474/690
f 1485/4494/1775 1466/1477/693 1468/1479/695
f 1472/1483/699 1489/4495/1776 1486/1501/717
f 1478/4496/1777 1487/1504/720 1489/1506/722
f 1467/1480/696 1477/4497/1778 1473/1486/702
f 1470/4498/1779 1474/1489/705 1477/1491/707
f 1437/1438/654 1471/1476/692 1440/4499/1780
f 1471/4500/1781 1438/1441/657 1440/1443/659
f 1445/1450/666 1475/4501/1782 1472/1483/699
f 1475/1488/704 1444/1447/663 1473/1486/702
f 1494/4502/1785 1501/4503/1786 1495/4504/1787
f 1495/4505/1788 1499/4506/1789 1493/4507/1790
f 1503/4508/1791 1498/4509/1792 1504/4510/1793
f 1504/4511/1794 1496/4512/1795 1502/4513/1796
f 1506/4514/1797 1501/4503/1786 1500/4515/1798
f 1507/4516/1799 1499/4506/1789 1501/4517/1800
f 1503/4508/1791 1510/4518/1801 1509/4519/1802
f 1504/4511/1794 1508/4520/1803 1510/4521/1804
f 1506/4522/1797 1513/4523/1805 1507/4516/1806
f 1507/4516/1799 1511/4524/1807 1505/4525/1808
f 1509/4526/1802 1516/4527/1809 1515/4528/1810
f 1510/4529/1804 1514/4530/1811 1516/4527/1812
f 1518/4531/1813 1513/4523/1805 1512/4532/1814
f 1519/4533/1815 1511/4524/1807 1513/4523/1816
f 1515/4528/1810 1522/4534/1817 1521/4535/1818
f 1516/4527/1812 1520/4536/1819 1522/4534/1820
f 1524/4537/1821 1519/4533/1822 1518/4531/1813
f 1519/4533/1815 1523/4538/1823 1517/4539/1824
f 1527/4540/1825 1522/4534/1817 1528/4541/1826
f 1528/4541/1827 1520/4536/1819 1526/4542/1828
f 1524/4543/1821 1531/4544/1829 1525/4545/1830
f 1531/4546/1831 1523/4538/1823 1525/4547/1832
f 1527/4548/1825 1534/4549/1833 1533/4550/1834
f 1534/4551/1835 1526/4552/1828 1532/4553/1836
f 1536/4554/1837 1531/4544/1829 1530/4555/1838
f 1537/4556/1839 1529/4557/1840 1531/4546/1831
f 1533/4550/1834 1540/4558/1841 1539/4559/1842
f 1540/4560/1843 1532/4553/1836 1538/4561/1844
f 1542/4562/1845 1537/4563/1846 1536/4554/1837
f 1543/4564/1847 1535/4565/1848 1537/4556/1839
f 1545/4566/1849 1540/4558/1841 1546/4567/1850
f 1546/4568/1851 1538/4561/1844 1544/4569/1852
f 1548/4570/1853 1543/4571/1854 1542/4562/1845
f 1543/4572/1847 1547/4573/1855 1541/4574/1856
f 1545/4566/1849 1552/4575/1857 1551/4576/1858
f 1546/4568/1851 1550/4577/1859 1552/4578/1860
f 1554/4579/1861 1549/4580/1862 1548/4581/1853
f 1549/4580/1863 1553/4582/1864 1547/4573/1855
f 1551/4583/1858 1558/4584/1865 1557/4585/1866
f 1552/4578/1860 1556/4586/1867 1558/4584/1868
f 1560/4587/1869 1555/4588/1870 1554/4579/1861
f 1561/4589/1871 1553/4582/1864 1555/4588/1872
f 1557/4585/1866 1564/4590/1873 1563/4591/1874
f 1558/4584/1868 1562/4592/1875 1564/4590/1876
f 1566/4593/1877 1561/4589/1878 1560/4587/1869
f 1567/4594/1879 1559/4595/1880 1561/4589/1871
f 1569/4596/1881 1564/4590/1873 1570/4597/1882
f 1570/4597/1883 1562/4592/1875 1568/4598/1884
f 1572/4599/1885 1567/4600/1886 1566/4601/1877
f 1567/4594/1879 1571/4602/1887 1565/4603/1888
f 1575/4604/1889 1570/4605/1882 1576/4606/1890
f 1570/4597/1883 1574/4607/1891 1576/4608/1892
f 1494/4502/1785 1573/4609/1893 1572/4599/1885
f 1573/4610/1894 1493/4507/1790 1571/4611/1887
f 1575/4604/1889 1498/4509/1792 1497/4612/1895
f 1498/4613/1896 1574/4607/1891 1496/4512/1795
f 1584/4614/1897 1579/4615/1898 1578/4616/1899
f 1585/4617/1900 1577/4618/1901 1579/4619/1902
f 1587/4620/1903 1582/4621/1904 1588/4622/1905
f 1582/4623/1906 1586/4624/1907 1588/4625/1908
f 1590/4626/1909 1585/4627/1910 1584/4614/1897
f 1591/4628/1911 1583/4629/1912 1585/4617/1900
f 1587/4620/1903 1594/4630/1913 1593/4631/1914
f 1594/4632/1915 1586/4624/1907 1592/4633/1916
f 1596/4634/1917 1591/4635/1918 1590/4636/1909
f 1591/4628/1911 1595/4637/1919 1589/4638/1920
f 1593/4639/1914 1600/4640/1921 1599/4641/1922
f 1594/4632/1915 1598/4642/1923 1600/4643/1924
f 1602/4644/1925 1597/4645/1926 1596/4634/1917
f 1603/4646/1927 1595/4637/1919 1597/4647/1928
f 1599/4641/1922 1606/4648/1929 1605/4649/1930
f 1600/4643/1924 1604/4650/1931 1606/4651/1932
f 1608/4652/1933 1603/4653/1934 1602/4644/1925
f 1609/4654/1935 1601/4655/1936 1603/4646/1927
f 1605/4649/1930 1612/4656/1937 1611/4657/1938
f 1612/4658/1939 1604/4650/1931 1610/4659/1940
f 1614/4660/1941 1609/4661/1942 1608/4662/1933
f 1609/4654/1935 1613/4663/1943 1607/4664/1944
f 1617/4665/1945 1612/4666/1937 1618/4667/1946
f 1618/4668/1947 1610/4659/1940 1616/4669/1948
f 1620/4670/1949 1615/4671/1950 1614/4660/1941
f 1615/4672/1951 1619/4673/1952 1613/4663/1943
f 1617/4665/1945 1624/4674/1953 1623/4675/1954
f 1618/4668/1947 1622/4676/1955 1624/4677/1956
f 1626/4678/1957 1621/4679/1958 1620/4670/1949
f 1621/4680/1959 1625/4681/1960 1619/4673/1952
f 1629/4682/1961 1624/4674/1953 1630/4683/1962
f 1630/4684/1963 1622/4676/1955 1628/4685/1964
f 1632/4686/1965 1627/4687/1966 1626/4678/1957
f 1633/4688/1967 1625/4681/1960 1627/4689/1968
f 1629/4682/1961 1636/4690/1969 1635/4691/1970
f 1636/4692/1971 1628/4685/1964 1634/4693/1972
f 1638/4694/1973 1633/4695/1974 1632/4696/1965
f 1639/4697/1975 1631/4698/1976 1633/4688/1967
f 1635/4699/1970 1642/4700/1977 1641/4701/1978
f 1636/4692/1971 1640/4702/1979 1642/4703/1980
f 1644/4704/1981 1639/4705/1982 1638/4694/1973
f 1645/4706/1983 1637/4707/1984 1639/4697/1975
f 1641/4701/1978 1648/4708/1985 1647/4709/1986
f 1642/4703/1980 1646/4710/1987 1648/4711/1988
f 1650/4712/1989 1645/4713/1990 1644/4704/1981
f 1651/4714/1991 1643/4715/1992 1645/4706/1983
f 1653/4716/1993 1648/4708/1985 1654/4717/1994
f 1654/4718/1995 1646/4710/1987 1652/4719/1996
f 1656/4720/1997 1651/4721/1998 1650/4722/1989
f 1657/4723/1999 1649/4724/2000 1651/4714/1991
f 1659/4725/2001 1654/4726/1994 1660/4727/2002
f 1654/4718/1995 1658/4728/2003 1660/4729/2004
f 1656/4720/1997 1579/4615/1898 1657/4730/2005
f 1579/4619/1902 1655/4731/2006 1657/4723/1999
f 1659/4725/2001 1582/4621/1904 1581/4732/2007
f 1582/4623/1906 1658/4728/2003 1580/4733/2008
f 1665/4734/2009 1664/4735/727 1661/4736/726
f 1664/4737/727 1666/4738/2010 1662/4739/729
f 1668/4740/2011 1667/4741/2012 1665/4742/2009
f 1667/4741/2012 1669/4743/2013 1666/4738/2010
f 1668/4740/2011 1673/4744/2014 1670/4745/2015
f 1673/4744/2014 1669/4743/2013 1670/4745/2015
f 1671/4746/2016 1677/1515/731 1673/4747/2014
f 1677/4748/731 1672/4749/2017 1673/4744/2014
f 1682/4750/2018 1681/1519/735 1678/1518/734
f 1681/1519/735 1683/4751/2019 1679/1521/737
f 1685/4752/2020 1684/4753/2021 1682/4750/2018
f 1684/4753/2021 1686/4754/2022 1683/4751/2019
f 1685/4752/2020 1690/4755/2023 1687/4756/2024
f 1690/4755/2023 1686/4754/2022 1687/4756/2024
f 1688/4757/2025 1694/1523/739 1690/4758/2023
f 1694/1523/739 1689/4759/2026 1690/4758/2023
f 1699/4760/2027 1698/1527/743 1695/1526/742
f 1698/1527/743 1700/4761/2028 1696/1529/745
f 1702/4762/2029 1701/4763/2030 1699/4760/2027
f 1701/4763/2030 1703/4764/2031 1700/4761/2028
f 1702/4762/2029 1707/4765/2032 1704/4766/2033
f 1707/4765/2032 1703/4764/2031 1704/4766/2033
f 1705/4767/2034 1711/1531/747 1707/4768/2032
f 1711/1531/747 1706/4769/2035 1707/4768/2032
f 1716/4770/2036 1715/4771/751 1712/4772/750
f 1715/4773/751 1717/4774/2037 1713/4775/753
f 1719/4776/2038 1718/4777/2039 1716/4770/2036
f 1718/4777/2039 1720/4778/2040 1717/4779/2037
f 1719/4776/2038 1724/4780/2041 1721/4781/2042
f 1724/4780/2041 1720/4778/2040 1721/4781/2042
f 1722/4782/2043 1728/4783/755 1724/4780/2041
f 1728/1539/755 1723/4784/2044 1724/4785/2041
f 1733/4786/2045 1732/4787/759 1729/4788/758
f 1732/4787/759 1734/4789/2046 1730/4790/761
f 1736/4791/2047 1735/4792/2048 1733/4786/2045
f 1735/4792/2048 1737/4793/2049 1734/4789/2046
f 1736/4791/2047 1741/4794/2050 1738/4795/69
f 1741/4794/2050 1737/4793/2049 1738/4795/69
f 1739/4796/2051 1745/4797/763 1741/4794/2050
f 1745/4797/763 1740/4798/2052 1741/4794/2050
f 1750/4799/2053 1749/1551/767 1746/1550/766
f 1749/4800/767 1751/4801/2054 1747/4802/769
f 1753/4803/2055 1752/4804/2056 1750/4805/2053
f 1752/4804/2056 1754/4806/2057 1751/4801/2054
f 1753/4803/2055 1758/4807/2058 1755/4808/2059
f 1758/4807/2058 1754/4806/2057 1755/4808/2059
f 1756/4809/2060 1762/1557/771 1758/4810/2058
f 1762/4811/771 1757/4812/2061 1758/4807/2058
f 1767/4813/2062 1766/1561/775 1763/1560/774
f 1766/1561/775 1768/4814/2063 1764/1563/777
f 1770/4815/2064 1769/4816/2065 1767/4817/2062
f 1769/4816/2065 1771/4818/2066 1768/4819/2063
f 1770/4815/2064 1775/4820/2067 1772/4821/2068
f 1775/4820/2067 1771/4818/2066 1772/4821/2068
f 1773/4822/2069 1779/1565/779 1775/4820/2067
f 1779/1565/779 1774/4823/2070 1775/4820/2067
f 1784/4824/2071 1783/1569/783 1780/1568/782
f 1783/1569/783 1785/4825/2072 1781/1571/785
f 1787/4826/2073 1786/4827/2074 1784/4828/2071
f 1786/4827/2074 1788/4829/2075 1785/4830/2072
f 1787/4826/2073 1792/4831/2076 1789/4832/2077
f 1792/4831/2076 1788/4829/2075 1789/4832/2077
f 1790/4833/2078 1796/1573/787 1792/4831/2076
f 1796/1573/787 1791/4834/2079 1792/4831/2076
f 1801/4835/2080 1800/4836/791 1797/4837/790
f 1800/1577/791 1802/4838/2081 1798/1579/793
f 1804/4839/2082 1803/4840/2083 1801/4835/2080
f 1803/4840/2083 1805/4841/2084 1802/4842/2081
f 1804/4839/2082 1809/4843/2085 1806/4844/2086
f 1809/4843/2085 1805/4841/2084 1806/4844/2086
f 1807/4845/2087 1813/4846/795 1809/4843/2085
f 1813/1581/795 1808/4847/2088 1809/4848/2085
f 1818/4849/2089 1817/4850/799 1814/4851/798
f 1817/4850/799 1819/4852/2090 1815/4853/801
f 1821/4854/2091 1820/4855/2092 1818/4849/2089
f 1820/4855/2092 1822/4856/2093 1819/4852/2090
f 1821/4854/2091 1826/4857/2094 1823/4858/3
f 1826/4857/2094 1822/4856/2093 1823/4858/3
f 1824/4859/2095 1830/4860/803 1826/4857/2094
f 1830/4860/803 1825/4861/2096 1826/4857/2094
f 1835/4862/2009 1834/4863/727 1831/4864/726
f 1834/4865/727 1836/4866/2010 1832/4867/729
f 1838/4868/2011 1837/4869/2012 1835/4870/2009
f 1837/4869/2012 1839/4871/2013 1836/4866/2010
f 1838/4868/2011 1843/4872/2014 1840/4873/2015
f 1843/4872/2014 1839/4871/2013 1840/4873/2015
f 1841/4874/2016 1847/1599/731 1843/4875/2014
f 1847/4876/731 1842/4877/2017 1843/4872/2014
f 1852/4878/2018 1851/1603/735 1848/1602/806
f 1851/1603/735 1853/4879/2019 1849/1605/737
f 1855/4880/2020 1854/4881/2021 1852/4878/2018
f 1854/4881/2021 1856/4882/2022 1853/4879/2019
f 1855/4880/2020 1860/4883/2023 1857/4884/2024
f 1860/4883/2023 1856/4882/2022 1857/4884/2024
f 1858/4885/2025 1864/1607/739 1860/4886/2023
f 1864/1607/739 1859/4887/2026 1860/4886/2023
f 1869/4888/2027 1868/1611/743 1865/1610/742
f 1868/1611/743 1870/4889/2028 1866/1613/745
f 1872/4890/2029 1871/4891/2030 1869/4888/2027
f 1871/4891/2030 1873/4892/2031 1870/4889/2028
f 1872/4890/2029 1877/4893/2032 1874/4894/2033
f 1877/4893/2032 1873/4892/2031 1874/4894/2033
f 1875/4895/2034 1881/1615/747 1877/4896/2032
f 1881/1615/747 1876/4897/2035 1877/4896/2032
f 1886/4898/2036 1885/4899/751 1882/4900/750
f 1885/4901/751 1887/4902/2037 1883/4903/753
f 1889/4904/2038 1888/4905/2039 1886/4898/2036
f 1888/4905/2039 1890/4906/2040 1887/4907/2037
f 1889/4904/2038 1894/4908/2041 1891/4909/2042
f 1894/4908/2041 1890/4906/2040 1891/4909/2042
f 1892/4910/2043 1898/4911/755 1894/4908/2041
f 1898/1623/755 1893/4912/2044 1894/4913/2041
f 1903/4914/2045 1902/4915/759 1899/4916/758
f 1902/4915/759 1904/4917/2046 1900/4918/761
f 1906/4919/2047 1905/4920/2048 1903/4914/2045
f 1905/4920/2048 1907/4921/2049 1904/4917/2046
f 1906/4919/2047 1911/4922/2050 1908/4923/69
f 1911/4922/2050 1907/4921/2049 1908/4923/69
f 1909/4924/2051 1915/4925/763 1911/4922/2050
f 1915/4925/763 1910/4926/2052 1911/4922/2050
f 1920/4927/2053 1919/1635/767 1916/1634/766
f 1919/4928/767 1921/4929/2054 1917/4930/769
f 1923/4931/2055 1922/4932/2056 1920/4933/2053
f 1922/4932/2056 1924/4934/2057 1921/4929/2054
f 1923/4931/2055 1928/4935/2058 1925/4936/2059
f 1928/4935/2058 1924/4934/2057 1925/4936/2059
f 1926/4937/2060 1932/1641/771 1928/4938/2058
f 1932/4939/771 1927/4940/2061 1928/4935/2058
f 1937/4941/2062 1936/1645/775 1933/1644/807
f 1936/1645/775 1938/4942/2063 1934/1647/777
f 1940/4943/2064 1939/4944/2065 1937/4945/2062
f 1939/4944/2065 1941/4946/2066 1938/4947/2063
f 1940/4943/2064 1945/4948/2067 1942/4949/2068
f 1945/4948/2067 1941/4946/2066 1942/4949/2068
f 1943/4950/2069 1949/1649/779 1945/4948/2067
f 1949/1649/779 1944/4951/2070 1945/4948/2067
f 1954/4952/2071 1953/1653/783 1950/1652/782
f 1953/1653/783 1955/4953/2072 1951/1655/808
f 1957/4954/2073 1956/4955/2074 1954/4956/2071
f 1956/4955/2074 1958/4957/2075 1955/4958/2072
f 1957/4954/2073 1962/4959/2076 1959/4960/2077
f 1962/4959/2076 1958/4957/2075 1959/4960/2077
f 1960/4961/2078 1966/1657/787 1962/4959/2076
f 1966/1657/787 1961/4962/2079 1962/4959/2076
f 1971/4963/2080 1970/4964/791 1967/4965/790
f 1970/1661/791 1972/4966/2081 1968/1663/793
f 1974/4967/2082 1973/4968/2083 1971/4963/2080
f 1973/4968/2083 1975/4969/2084 1972/4970/2081
f 1974/4967/2082 1979/4971/2085 1976/4972/2086
f 1979/4971/2085 1975/4969/2084 1976/4972/2086
f 1977/4973/2087 1983/4974/795 1979/4971/2085
f 1983/1665/795 1978/4975/2088 1979/4976/2085
f 1988/4977/2097 1987/4978/799 1984/4979/798
f 1987/4978/799 1989/4980/2090 1985/4981/801
f 1991/4982/2091 1990/4983/2092 1988/4977/2097
f 1990/4983/2092 1992/4984/2093 1989/4980/2090
f 1991/4982/2091 1996/4985/2094 1993/4986/3
f 1996/4985/2094 1992/4984/2093 1993/4986/3
f 1994/4987/2095 2000/4988/803 1996/4985/2094
f 2000/4988/803 1995/4989/2096 1996/4985/2094
f 2008/4990/2098 2003/4991/2099 2002/4992/2100
f 2003/4993/2101 2007/4994/2102 2001/4995/2103
f 2011/4996/2104 2006/4997/2105 2012/4998/2106
f 2006/4999/2107 2010/5000/2108 2012/5001/2109
f 2014/5002/2110 2009/5003/2111 2008/4990/2098
f 2015/5004/2112 2007/4994/2102 2009/5005/2113
f 2011/4996/2104 2018/5006/2114 2017/5007/2115
f 2018/5008/2116 2010/5000/2108 2016/5009/2117
f 2020/5010/2118 2015/5004/2119 2014/5011/2110
f 2021/5012/2120 2013/5013/2121 2015/5004/2112
f 2023/5014/2122 2018/5015/2114 2024/5016/2123
f 2018/5008/2116 2022/5017/2124 2024/5018/2125
f 2026/5019/2126 2021/5020/2127 2020/5021/2118
f 2027/5022/2128 2019/5023/2129 2021/5012/2120
f 2023/5014/2122 2030/5024/2130 2029/5025/2131
f 2024/5018/2125 2028/5026/2132 2030/5027/2133
f 2026/5028/2126 2033/5029/2134 2027/5022/2135
f 2027/5022/2128 2031/5030/2136 2025/5031/2137
f 2029/5025/2131 2036/5032/2138 2035/5033/2139
f 2030/5027/2133 2034/5034/2140 2036/5035/2141
f 2038/5036/2142 2033/5037/2134 2032/5038/2143
f 2033/5029/2144 2037/5039/2145 2031/5030/2136
f 2041/5040/2146 2036/5041/2138 2042/5042/2147
f 2036/5035/2141 2040/5043/2148 2042/5044/2149
f 2044/5045/2150 2039/5046/2151 2038/5036/2142
f 2039/5047/2152 2043/5048/2153 2037/5039/2145
f 2041/5040/2146 2048/5049/2154 2047/5050/2155
f 2042/5044/2149 2046/5051/2156 2048/5052/2157
f 2044/5045/2150 2051/5053/2158 2045/5054/2159
f 2051/5055/2160 2043/5048/2153 2045/5056/2161
f 2047/5050/2155 2054/5057/2162 2053/5058/2163
f 2054/5059/2164 2046/5051/2156 2052/5060/2165
f 2056/5061/2166 2051/5053/2158 2050/5062/2167
f 2051/5055/2160 2055/5063/2168 2049/5064/2169
f 2059/5065/2170 2054/5057/2162 2060/5066/2171
f 2054/5059/2164 2058/5067/2172 2060/5068/2173
f 2062/5069/2174 2057/5070/2175 2056/5071/2166
f 2063/5072/2176 2055/5073/2168 2057/5070/2177
f 2065/5074/2178 2060/5068/2171 2066/5075/2179
f 2066/5075/2180 2058/5067/2172 2064/5076/2181
f 2068/5077/2182 2063/5072/2183 2062/5069/2174
f 2069/5078/2184 2061/5079/2185 2063/5072/2176
f 2065/5074/2178 2072/5080/2186 2071/5081/2187
f 2072/5080/2188 2064/5076/2181 2070/5082/2189
f 2068/5077/2182 2075/5083/2190 2069/5078/2191
f 2069/5078/2184 2073/5084/2192 2067/5085/2193
f 2077/5086/2194 2072/5080/2186 2078/5087/2195
f 2078/5087/2196 2070/5082/2189 2076/5088/2197
f 2080/5089/2198 2075/5090/2190 2074/5091/2199
f 2081/5092/2200 2073/5093/2192 2075/5094/2201
f 2077/5095/2194 2084/5096/2202 2083/5097/2203
f 2078/5087/2196 2082/5098/2204 2084/5099/2205
f 2002/4992/2100 2081/5100/2206 2080/5089/2198
f 2081/5092/2200 2001/4995/2103 2079/5101/2207
f 2005/5102/2208 2084/5096/2202 2006/4997/2105
f 2084/5099/2205 2004/5103/2209 2006/4999/2107
f 2086/5104/2210 2093/5105/2211 2087/5106/2212
f 2093/5107/2213 2085/5108/2214 2087/5109/2215
f 2089/5110/2216 2096/5111/2217 2095/5112/2218
f 2096/5113/2219 2088/5114/2220 2094/5115/2221
f 2092/5116/2222 2099/5117/2223 2093/5105/2211
f 2093/5107/2213 2097/5118/2224 2091/5119/2225
f 2101/5120/2226 2096/5111/2217 2102/5121/2227
f 2102/5122/2228 2094/5115/2221 2100/5123/2229
f 2098/5124/2230 2105/5125/2231 2099/5126/2223
f 2105/5127/2232 2097/5118/2224 2099/5128/2233
f 2107/5129/2234 2102/5130/2227 2108/5131/2235
f 2108/5132/2236 2100/5123/2229 2106/5133/2237
f 2110/5134/2238 2105/5125/2231 2104/5135/2239
f 2111/5136/2240 2103/5137/2241 2105/5127/2232
f 2107/5129/2234 2114/5138/2242 2113/5139/2243
f 2114/5140/2244 2106/5133/2237 2112/5141/2245
f 2110/5134/2238 2117/5142/2246 2111/5143/2247
f 2111/5136/2240 2115/5144/2248 2109/5145/2249
f 2119/5146/2250 2114/5138/2242 2120/5147/2251
f 2114/5140/2244 2118/5148/2252 2120/5149/2253
f 2122/5150/2254 2117/5151/2246 2116/5152/2255
f 2117/5153/2256 2121/5154/2257 2115/5144/2248
f 2119/5155/2250 2126/5156/2258 2125/5157/2259
f 2120/5149/2253 2124/5158/2260 2126/5159/2261
f 2128/5160/2262 2123/5161/2263 2122/5150/2254
f 2123/5162/2264 2127/5163/2265 2121/5154/2257
f 2131/5164/2266 2126/5156/2258 2132/5165/2267
f 2126/5159/2261 2130/5166/2268 2132/5167/2269
f 2128/5160/2262 2135/5168/2270 2129/5169/2271
f 2135/5170/2272 2127/5163/2265 2129/5171/2273
f 2137/5172/2274 2132/5165/2267 2138/5173/2275
f 2132/5167/2269 2136/5174/2276 2138/5175/2277
f 2134/5176/2278 2141/5177/2279 2135/5168/2270
f 2141/5178/2280 2133/5179/2281 2135/5170/2272
f 2137/5172/2274 2144/5180/2282 2143/5181/2283
f 2144/5182/2284 2136/5174/2276 2142/5183/2285
f 2146/5184/2286 2141/5185/2279 2140/5186/2287
f 2147/5187/2288 2139/5188/2289 2141/5178/2280
f 2149/5189/2290 2144/5190/2282 2150/5191/2291
f 2150/5192/2292 2142/5183/2285 2148/5193/2293
f 2152/5194/2294 2147/5195/2295 2146/5184/2286
f 2153/5196/2296 2145/5197/2297 2147/5187/2288
f 2149/5189/2290 2156/5198/2298 2155/5199/2299
f 2150/5192/2292 2154/5200/2300 2156/5201/2301
f 2152/5194/2294 2159/5202/2302 2153/5203/2303
f 2159/5204/2304 2151/5205/2305 2153/5196/2296
f 2155/5199/2299 2162/5206/2306 2161/5207/2307
f 2156/5201/2301 2160/5208/2308 2162/5209/2309
f 2158/5210/2310 2165/5211/2311 2159/5212/2302
f 2159/5204/2304 2163/5213/2312 2157/5214/2313
f 2167/5215/2314 2162/5216/2306 2168/5217/2315
f 2162/5209/2309 2166/5218/2316 2168/5219/2317
f 2164/5220/2318 2087/5106/2212 2165/5211/2311
f 2087/5109/2215 2163/5213/2312 2165/5221/2319
f 2089/5110/2216 2168/5217/2315 2090/5222/2320
f 2090/5223/2321 2166/5218/2316 2088/5114/2220
f 2176/5224/2322 2175/1679/810 2172/1678/809
f 2175/1681/810 2177/5225/2323 2173/1682/812
f 2176/5226/2322 2182/1685/814 2178/5227/2015
f 2182/1685/814 2177/5225/2323 2178/5227/2015
f 2193/5228/2324 2192/1691/818 2189/1690/817
f 2192/1691/818 2194/5229/2325 2190/1693/820
f 2193/5228/2324 2199/5230/822 2195/5231/2024
f 2199/5230/822 2194/5229/2325 2195/5231/2024
f 2187/5232/2326 2171/5233/2327 2188/5234/2328
f 2188/5234/2328 2170/5235/2329 2186/5236/2330
f 2200/5237/2331 2185/5238/2332 2184/5239/2333
f 2202/5240/2334 2183/5241/2335 2185/5238/2332
f 2210/5242/2336 2209/1699/826 2206/1698/825
f 2209/1699/826 2211/5243/2337 2207/1701/828
f 2210/5242/2336 2216/5244/830 2212/5245/2033
f 2216/5244/830 2211/5243/2337 2212/5245/2033
f 2217/5246/2338 2202/5240/2334 2200/5237/2331
f 2219/5247/2339 2201/5248/2340 2202/5240/2334
f 2203/5249/2341 2188/5234/2328 2186/5236/2330
f 2205/5250/2342 2187/5251/2326 2188/5252/2328
f 2227/5253/2343 2226/1707/834 2223/1706/833
f 2226/1709/834 2228/5254/2344 2224/1710/836
f 2227/5253/2343 2233/1715/838 2229/5255/2042
f 2233/1715/838 2228/5256/2344 2229/5255/2042
f 2217/5246/2338 2236/5257/2345 2219/5247/2339
f 2236/5257/2345 2218/5258/2346 2219/5247/2339
f 2203/5249/2341 2222/5259/2347 2205/5260/2342
f 2222/5259/2347 2204/5261/2348 2205/5260/2342
f 2244/5262/2349 2243/1719/842 2240/1718/841
f 2243/1719/842 2245/5263/2350 2241/1721/844
f 2244/5262/2349 2250/1723/846 2246/5264/69
f 2250/1723/846 2245/5263/2350 2246/5264/69
f 2234/5265/2351 2253/5266/2352 2236/5257/2345
f 2236/5257/2345 2252/5267/2353 2235/5268/2354
f 2237/5269/2355 2222/5259/2347 2220/5270/2356
f 2239/5271/2357 2221/5272/2358 2222/5259/2347
f 2261/5273/2359 2260/1729/850 2257/5274/849
f 2260/1729/850 2262/5275/2360 2258/1730/852
f 2261/5276/2359 2267/1735/854 2263/5277/2059
f 2267/1733/854 2262/5275/2360 2263/5278/2059
f 2237/5269/2355 2256/5279/2361 2239/5271/2357
f 2256/5279/2361 2238/5280/2362 2239/5271/2357
f 2252/5267/2353 2270/5281/2363 2269/5282/2364
f 2253/5266/2352 2268/5283/2365 2270/5281/2363
f 2278/5284/2366 2277/5285/858 2274/5286/857
f 2277/5285/858 2279/5287/2367 2275/5288/860
f 2278/5284/2366 2284/1743/862 2280/5289/2068
f 2284/1743/862 2279/5287/2367 2280/5289/2068
f 2254/5290/2368 2273/5291/2369 2256/5279/2361
f 2256/5279/2361 2272/5292/2370 2255/5293/2371
f 2269/5282/2364 2287/5294/2372 2286/5295/2373
f 2270/5296/2363 2285/5297/2374 2287/5298/2372
f 2295/5299/2375 2294/5300/866 2291/5301/865
f 2294/5300/866 2296/5302/2376 2292/5303/868
f 2295/5299/2375 2301/1751/870 2297/5304/2077
f 2301/1751/870 2296/5302/2376 2297/5304/2077
f 2286/5295/2373 2304/5305/2377 2303/5306/2378
f 2287/5298/2372 2302/5307/2379 2304/5308/2377
f 2289/5309/2380 2273/5291/2369 2290/5310/2381
f 2273/5291/2369 2288/5311/2382 2290/5310/2381
f 2312/5312/2383 2311/1755/874 2308/1754/873
f 2311/1755/874 2313/5313/2384 2309/5314/876
f 2312/5312/2383 2318/1763/878 2314/5315/2086
f 2318/1761/878 2313/5316/2384 2314/5317/2086
f 2303/5306/2378 2321/5318/2385 2320/5319/2386
f 2321/5320/2385 2302/5307/2379 2319/5321/2387
f 2289/5309/2380 2307/5322/2388 2306/5323/2389
f 2307/5322/2388 2288/5311/2382 2305/5324/2390
f 2329/5325/2391 2328/1767/882 2325/1766/881
f 2328/1767/882 2330/5326/2392 2326/1769/884
f 2329/5325/2391 2335/1771/886 2331/5327/3
f 2335/1771/886 2330/5326/2392 2331/5327/3
f 2320/5319/2386 2338/5328/2393 2337/5329/2394
f 2338/5328/2393 2319/5330/2387 2336/5331/2395
f 2306/5323/2389 2324/5332/2396 2323/5333/2397
f 2324/5332/2396 2305/5324/2390 2322/5334/2398
f 2183/5241/2335 2338/5328/2393 2185/5238/2332
f 2338/5328/2393 2184/5239/2333 2185/5238/2332
f 2169/5335/2399 2324/5332/2396 2171/5233/2327
f 2324/5332/2396 2170/5235/2329 2171/5233/2327
f 2346/5336/2322 2345/1775/810 2342/1774/809
f 2345/1777/810 2347/5337/2323 2343/1778/812
f 2346/5338/2322 2352/1781/814 2348/5339/2015
f 2352/1781/814 2347/5337/2323 2348/5339/2015
f 2363/5340/2324 2362/1787/818 2359/1786/817
f 2362/1787/818 2364/5341/2325 2360/1789/820
f 2363/5340/2324 2369/5342/822 2365/5343/2024
f 2369/5342/822 2364/5341/2325 2365/5343/2024
f 2357/5344/2326 2341/5345/2327 2358/5346/2400
f 2341/5345/2327 2356/5347/2330 2358/5346/2400
f 2370/5348/2331 2355/5349/2332 2354/5350/2333
f 2355/5349/2332 2371/5351/2340 2353/5352/2335
f 2380/5353/2401 2379/1795/826 2376/1794/825
f 2379/1795/826 2381/5354/2337 2377/1797/828
f 2380/5353/2401 2386/5355/830 2382/5356/2033
f 2386/5355/830 2381/5354/2337 2382/5356/2033
f 2387/5357/2338 2372/5358/2334 2370/5348/2331
f 2389/5359/2339 2371/5351/2340 2372/5358/2334
f 2373/5360/2341 2358/5346/2400 2356/5347/2330
f 2358/5361/2400 2374/5362/2348 2357/5363/2326
f 2397/5364/2343 2396/1803/834 2393/1802/833
f 2396/1805/834 2398/5365/2344 2394/1806/836
f 2397/5364/2343 2403/1811/838 2399/5366/2042
f 2403/1811/838 2398/5367/2344 2399/5366/2042
f 2387/5357/2338 2406/5368/2345 2389/5359/2339
f 2389/5359/2339 2405/5369/2354 2388/5370/2346
f 2390/5371/2356 2375/5372/2402 2373/5360/2341
f 2392/5373/2403 2374/5374/2348 2375/5372/2402
f 2414/5375/2349 2413/1815/842 2410/1814/841
f 2413/1815/842 2415/5376/2350 2411/1817/844
f 2414/5375/2349 2420/1819/846 2416/5377/69
f 2420/1819/846 2415/5376/2350 2416/5377/69
f 2421/5378/2404 2406/5368/2345 2404/5379/2405
f 2423/5380/2352 2405/5369/2354 2406/5368/2345
f 2407/5381/2355 2392/5373/2403 2390/5371/2356
f 2409/5382/2357 2391/5383/2358 2392/5373/2403
f 2431/5384/2359 2430/1825/850 2427/5385/849
f 2430/1825/850 2432/5386/2360 2428/1826/852
f 2431/5387/2359 2437/1831/854 2433/5388/2059
f 2437/1829/854 2432/5386/2360 2433/5389/2059
f 2407/5381/2355 2426/5390/2406 2409/5382/2357
f 2409/5382/2357 2425/5391/2371 2408/5392/2362
f 2422/5393/2353 2440/5394/2363 2439/5395/2364
f 2423/5380/2352 2438/5396/2365 2440/5394/2363
f 2448/5397/2366 2447/5398/858 2444/5399/857
f 2447/5398/858 2449/5400/2407 2445/5401/860
f 2448/5397/2366 2454/1839/862 2450/5402/2068
f 2454/1839/862 2449/5400/2407 2450/5402/2068
f 2441/5403/2408 2426/5390/2406 2424/5404/2368
f 2426/5390/2406 2442/5405/2370 2425/5391/2371
f 2456/5406/2373 2440/5394/2363 2457/5407/2372
f 2440/5408/2363 2455/5409/2374 2457/5410/2372
f 2465/5411/2409 2464/5412/866 2461/5413/865
f 2464/5412/866 2466/5414/2376 2462/5415/868
f 2465/5411/2409 2471/1847/870 2467/5416/2077
f 2471/1847/870 2466/5414/2376 2467/5416/2077
f 2456/5406/2373 2474/5417/2410 2473/5418/2378
f 2457/5410/2372 2472/5419/2379 2474/5420/2410
f 2459/5421/2380 2443/5422/2369 2460/5423/2381
f 2443/5422/2369 2458/5424/2382 2460/5423/2381
f 2482/5425/2383 2481/1851/874 2478/1850/873
f 2481/1851/874 2483/5426/2384 2479/5427/876
f 2482/5425/2383 2488/1859/878 2484/5428/2086
f 2488/1857/878 2483/5429/2384 2484/5430/2086
f 2473/5418/2378 2491/5431/2385 2490/5432/2386
f 2491/5433/2385 2472/5419/2379 2489/5434/2387
f 2459/5421/2380 2477/5435/2388 2476/5436/2389
f 2460/5423/2381 2475/5437/2390 2477/5435/2388
f 2499/5438/2391 2498/1863/882 2495/1862/881
f 2498/1863/882 2500/5439/2392 2496/1865/884
f 2499/5438/2391 2505/1867/886 2501/5440/3
f 2505/1867/886 2500/5439/2392 2501/5440/3
f 2490/5432/2386 2508/5441/2393 2507/5442/2394
f 2508/5441/2393 2489/5443/2387 2506/5444/2395
f 2476/5436/2389 2494/5445/2396 2493/5446/2397
f 2494/5445/2396 2475/5437/2390 2492/5447/2398
f 2507/5442/2394 2355/5349/2332 2353/5352/2335
f 2508/5441/2393 2354/5350/2333 2355/5349/2332
f 2339/5448/2399 2494/5445/2396 2341/5345/2327
f 2494/5445/2396 2340/5449/2329 2341/5345/2327
f 2523/1888/672 2515/1872/656 2526/5450/2411
f 2515/5451/1762 2524/1891/675 2526/1893/677
f 2510/1873/657 2522/1881/665 2514/5452/1763
f 2522/5453/1764 2511/1876/660 2514/1878/662
f 2530/1897/681 2521/5454/2412 2517/1882/666
f 2521/1887/671 2532/1903/687 2518/1885/669
f 2525/1894/678 2535/5455/1767 2531/1900/684
f 2535/1905/689 2524/1891/675 2532/1903/687
f 2523/1888/672 2554/5456/1769 2551/1924/708
f 2554/1929/713 2525/1894/678 2552/1927/711
f 2558/1933/717 2533/5457/1770 2530/1897/681
f 2564/5458/1771 2531/1900/684 2533/1902/686
f 2553/1930/714 2563/5459/1772 2559/1936/720
f 2563/1941/725 2552/1927/711 2560/1939/723
f 2551/1924/708 2540/5460/1774 2537/1906/690
f 2540/1911/695 2553/1930/714 2538/1909/693
f 2544/1915/699 2561/5461/1776 2558/1933/717
f 2550/5462/1777 2559/1936/720 2561/1938/722
f 2539/1912/696 2549/5463/1778 2545/1918/702
f 2549/1923/707 2538/1909/693 2546/1921/705
f 2537/1906/690 2512/5464/2413 2509/1870/654
f 2543/5465/1781 2510/1873/657 2512/1875/659
f 2517/1882/666 2547/5466/1782 2544/1915/699
f 2519/5467/1784 2545/1918/702 2547/1920/704
f 2565/1942/654 2582/5468/1761 2579/1960/672
f 2571/5469/2414 2580/1963/675 2582/1965/677
f 2566/1945/657 2578/1953/665 2570/5470/1763
f 2578/5471/1764 2567/1948/660 2570/1950/662
f 2586/1969/681 2577/5472/2412 2573/1954/666
f 2592/5473/2415 2574/1957/669 2577/1959/910
f 2581/1966/678 2591/5474/1767 2587/1972/684
f 2591/1977/689 2580/1963/675 2588/1975/687
f 2579/1960/672 2610/5475/1769 2607/1996/708
f 2585/5476/1783 2608/1999/711 2610/2001/713
f 2614/2005/717 2589/5477/1770 2586/1969/681
f 2620/5478/1771 2587/1972/684 2589/1974/686
f 2609/2002/714 2619/5479/1772 2615/2008/720
f 2619/2013/725 2608/1999/711 2616/2011/723
f 2607/1996/708 2596/5480/1774 2593/1978/690
f 2613/5481/1775 2594/1981/693 2596/1983/695
f 2600/1987/699 2617/5482/1776 2614/2005/717
f 2606/5483/2416 2615/2008/720 2617/2010/722
f 2595/1984/696 2605/5484/1778 2601/1990/702
f 2605/1995/707 2594/1981/693 2602/1993/705
f 2593/1978/690 2568/5485/2413 2565/1942/654
f 2599/5486/1781 2566/1945/657 2568/1947/659
f 2573/1954/666 2603/5487/1782 2600/1987/699
f 2575/5488/1784 2601/1990/702 2603/1992/704
f 2635/2032/672 2627/2016/656 2638/5489/2411
f 2627/5490/1762 2636/2035/675 2638/2037/677
f 2622/2017/657 2634/2025/665 2626/5491/1763
f 2634/5492/1764 2623/2020/660 2626/2022/662
f 2642/2041/681 2633/5493/2412 2629/2026/666
f 2633/2031/671 2644/2047/687 2630/2029/669
f 2637/2038/678 2647/5494/1767 2643/2044/684
f 2647/2049/689 2636/2035/675 2644/2047/687
f 2635/2032/672 2666/5495/1769 2663/2068/708
f 2666/2073/713 2637/2038/678 2664/2071/711
f 2670/2077/717 2645/5496/1770 2642/2041/681
f 2676/5497/1771 2643/2044/684 2645/2046/686
f 2665/2074/714 2675/5498/1772 2671/2080/720
f 2675/2085/725 2664/2071/711 2672/2083/723
f 2663/2068/708 2652/5499/1774 2649/2050/690
f 2652/2055/695 2665/2074/714 2650/2053/693
f 2656/2059/699 2673/5500/1776 2670/2077/717
f 2662/5501/2416 2671/2080/720 2673/2082/722
f 2651/2056/696 2661/5502/1778 2657/2062/702
f 2661/2067/707 2650/2053/693 2658/2065/705
f 2649/2050/690 2624/5503/2413 2621/2014/654
f 2655/5504/1781 2622/2017/657 2624/2019/659
f 2629/2026/666 2659/5505/1782 2656/2059/699
f 2631/5506/1784 2657/2062/702 2659/2064/704
f 2677/2086/654 2694/5507/1761 2691/2104/672
f 2683/5508/1762 2692/2107/675 2694/2109/677
f 2678/2089/657 2690/2097/665 2682/5509/1763
f 2690/5510/1764 2679/2092/660 2682/2094/662
f 2698/2113/681 2689/5511/2412 2685/2098/666
f 2689/2103/671 2700/2119/687 2686/2101/669
f 2693/2110/678 2703/5512/1767 2699/2116/684
f 2703/2121/689 2692/2107/675 2700/2119/687
f 2691/2104/672 2722/5513/1769 2719/2140/708
f 2697/5514/1783 2720/2143/711 2722/2145/713
f 2726/2149/717 2701/5515/1770 2698/2113/681
f 2732/5516/1771 2699/2116/684 2701/2118/686
f 2721/2146/714 2731/5517/1772 2727/2152/720
f 2731/2157/725 2720/2143/711 2728/2155/723
f 2719/2140/708 2708/5518/1774 2705/2122/690
f 2725/5519/1775 2706/2125/693 2708/2127/695
f 2712/2131/699 2729/5520/1776 2726/2149/717
f 2718/5521/2416 2727/2152/720 2729/2154/722
f 2707/2128/696 2717/5522/1778 2713/2134/702
f 2717/2139/707 2706/2125/693 2714/2137/705
f 2705/2122/690 2680/5523/2413 2677/2086/654
f 2711/5524/1781 2678/2089/657 2680/2091/659
f 2685/2098/666 2715/5525/1782 2712/2131/699
f 2687/5526/1784 2713/2134/702 2715/2136/704
f 2733/2158/654 2750/5527/1761 2747/2176/672
f 2739/5528/1762 2748/2179/675 2750/2181/677
f 2734/2161/657 2746/2169/665 2738/5529/1763
f 2746/5530/1764 2735/2164/660 2738/2166/662
f 2754/2185/681 2745/5531/2412 2741/2170/666
f 2745/2175/910 2756/2191/687 2742/2173/669
f 2749/2182/678 2759/5532/1767 2755/2188/684
f 2759/2193/689 2748/2179/675 2756/2191/687
f 2747/2176/672 2778/5533/1769 2775/2212/708
f 2753/5534/1783 2776/2215/711 2778/2217/713
f 2782/2221/717 2757/5535/1770 2754/2185/681
f 2788/5536/1771 2755/2188/684 2757/2190/686
f 2777/2218/714 2787/5537/1772 2783/2224/720
f 2787/2229/725 2776/2215/711 2784/2227/723
f 2775/2212/708 2764/5538/1774 2761/2194/690
f 2764/2199/695 2777/2218/714 2762/2197/693
f 2768/2203/699 2785/5539/1776 2782/2221/717
f 2774/5540/1777 2783/2224/720 2785/2226/722
f 2763/2200/696 2773/5541/1778 2769/2206/702
f 2773/2211/707 2762/2197/693 2770/2209/705
f 2761/2194/690 2736/5542/2413 2733/2158/654
f 2767/5543/1781 2734/2161/657 2736/2163/659
f 2741/2170/666 2771/5544/1782 2768/2203/699
f 2743/5545/1784 2769/2206/702 2771/2208/704
f 2789/2230/654 2806/5546/1761 2803/2248/672
f 2795/5547/1762 2804/2251/675 2806/2253/677
f 2790/2233/657 2802/2241/665 2794/5548/1763
f 2802/5549/1764 2791/2236/660 2794/2238/662
f 2810/2257/681 2801/5550/2412 2797/2242/666
f 2801/2247/910 2812/2263/687 2798/2245/669
f 2805/2254/678 2815/5551/1767 2811/2260/684
f 2815/2265/689 2804/2251/675 2812/2263/687
f 2803/2248/672 2834/5552/1769 2831/2284/708
f 2809/5553/1783 2832/2287/711 2834/2289/713
f 2838/2293/717 2813/5554/1770 2810/2257/681
f 2813/2262/686 2840/2299/723 2811/2260/684
f 2833/2290/714 2843/5555/1772 2839/2296/720
f 2843/2301/725 2832/2287/711 2840/2299/723
f 2831/2284/708 2820/5556/2417 2817/2266/690
f 2837/5557/1775 2818/2269/693 2820/2271/695
f 2824/2275/699 2841/5558/1776 2838/2293/717
f 2830/5559/1777 2839/2296/720 2841/2298/722
f 2819/2272/696 2829/5560/1778 2825/2278/702
f 2829/2283/707 2818/2269/693 2826/2281/705
f 2817/2266/690 2792/5561/2413 2789/2230/654
f 2792/2235/659 2819/2272/696 2790/2233/657
f 2797/2242/666 2827/5562/1782 2824/2275/699
f 2799/5563/1784 2825/2278/702 2827/2280/704
f 2845/2302/654 2862/5564/1761 2859/2320/672
f 2851/5565/1762 2860/2323/675 2862/2325/677
f 2846/2305/657 2858/2313/665 2850/5566/1763
f 2858/5567/1764 2847/2308/660 2850/2310/662
f 2866/2329/681 2857/5568/2412 2853/2314/666
f 2857/2319/910 2868/2335/687 2854/2317/669
f 2861/2326/678 2871/5569/1767 2867/2332/684
f 2871/2337/689 2860/2323/675 2868/2335/687
f 2859/2320/672 2890/5570/1769 2887/2356/708
f 2865/5571/1783 2888/2359/711 2890/2361/713
f 2894/2365/717 2869/5572/1770 2866/2329/681
f 2900/5573/1771 2867/2332/684 2869/2334/686
f 2889/2362/714 2899/5574/1772 2895/2368/720
f 2899/2373/725 2888/2359/711 2896/2371/723
f 2887/2356/708 2876/5575/1774 2873/2338/690
f 2893/5576/2418 2874/2341/693 2876/2343/925
f 2894/2365/717 2886/2349/926 2897/5577/1776
f 2886/5578/2416 2895/2368/720 2897/2370/722
f 2875/2344/696 2885/5579/1778 2881/2350/702
f 2885/2355/707 2874/2341/693 2882/2353/705
f 2873/2338/690 2848/5580/2413 2845/2302/654
f 2879/5581/1781 2846/2305/657 2848/2307/659
f 2853/2314/666 2883/5582/1782 2880/2347/699
f 2855/5583/1784 2881/2350/702 2883/2352/704
f 2901/2374/654 2918/5584/1761 2915/2392/672
f 2907/5585/1762 2916/2395/675 2918/2397/677
f 2902/2377/657 2914/2385/665 2906/5586/1763
f 2914/5587/1764 2903/2380/660 2906/2382/662
f 2922/2401/681 2913/5588/2412 2909/2386/666
f 2913/2391/671 2924/2407/687 2910/2389/669
f 2917/2398/678 2927/5589/1767 2923/2404/684
f 2927/2409/689 2916/2395/675 2924/2407/687
f 2915/2392/672 2946/5590/1769 2943/2428/708
f 2921/5591/1783 2944/2431/711 2946/2433/713
f 2950/2437/717 2925/5592/1770 2922/2401/681
f 2925/2406/686 2952/2443/723 2923/2404/684
f 2945/2434/714 2955/5593/1772 2951/2440/720
f 2955/2445/725 2944/2431/711 2952/2443/723
f 2929/2410/690 2949/2430/710 2932/5594/2419
f 2949/5595/1775 2930/2413/693 2932/2415/695
f 2950/2437/717 2942/2421/926 2953/5596/1776
f 2942/5597/1777 2951/2440/720 2953/2442/722
f 2931/2416/696 2941/5598/1778 2937/2422/702
f 2941/2427/707 2930/2413/693 2938/2425/705
f 2929/2410/690 2904/5599/2413 2901/2374/654
f 2904/2379/659 2931/2416/696 2902/2377/657
f 2909/2386/666 2939/5600/1782 2936/2419/699
f 2911/5601/1784 2937/2422/702 2939/2424/704
f 2972/2467/483 2963/2452/468 2959/2453/469
f 2963/2448/464 2971/2462/478 2957/2446/462
f 2965/2459/475 2984/2476/492 2980/2477/493
f 2967/5602/2420 2978/2470/486 2984/2472/931
f 2966/2461/477 2962/2449/465 2958/2451/467
f 2969/2457/473 2959/2453/469 2962/2449/465
f 2973/2469/485 2983/2473/489 2979/2475/491
f 2976/2465/481 2980/2477/493 2983/2473/489
f 2986/5603/499 2977/2468/484 2973/2469/485
f 2988/5604/2421 2971/2462/478 2977/2464/480
f 2994/2493/509 2981/5605/490 2998/2492/508
f 2981/5606/2422 2992/2486/935 2998/2488/937
f 2987/2485/501 2997/2489/505 2993/2491/507
f 2990/2481/497 2994/2493/509 2997/2489/505
f 3000/2499/515 2991/2484/500 2987/2485/501
f 3002/5607/1612 2985/2478/932 2991/2480/934
f 2993/2491/507 3012/2508/524 3008/2509/525
f 3012/2504/520 2992/2486/935 3006/2502/940
f 3001/2501/517 3011/2505/521 3007/2507/523
f 3004/2497/513 3008/2509/525 3011/2505/521
f 3014/2515/531 3005/2500/516 3001/2501/517
f 3005/2496/939 3013/2510/942 2999/2494/510
f 3007/2507/523 3026/2524/540 3022/2525/541
f 3009/5608/2423 3020/2518/945 3026/2520/947
f 3015/2517/533 3025/2521/537 3021/2523/948
f 3018/2513/529 3022/2525/541 3025/2521/537
f 3015/5609/533 3030/2530/546 3019/5610/532
f 3030/5611/2424 3013/2510/942 3019/2512/944
f 3021/2523/948 3040/5612/556 3036/5613/557
f 3040/2536/552 3020/2518/945 3034/2534/550
f 3029/2533/549 3039/2537/553 3035/2539/555
f 3032/2529/545 3036/2541/557 3039/2537/553
f 3042/2547/563 3033/2532/548 3029/2533/549
f 3033/2528/544 3041/2542/558 3027/2526/542
f 3035/2539/555 3054/2556/572 3050/2557/573
f 3037/5614/2425 3048/2550/566 3054/2552/568
f 3043/2549/565 3053/2553/569 3049/2555/571
f 3046/2545/561 3050/2557/573 3053/2553/569
f 3056/2563/579 3047/2548/564 3043/2549/565
f 3058/5615/1618 3041/2542/558 3047/2544/560
f 3049/2555/571 3068/2572/588 3064/2573/589
f 3068/2568/584 3048/2550/566 3062/2566/582
f 3057/2565/581 3067/2569/585 3063/2571/587
f 3060/2561/577 3064/2573/589 3067/2569/585
f 3070/2579/595 3061/5616/580 3057/5617/581
f 3072/5618/1620 3055/2558/574 3061/2560/576
f 3078/5619/605 3065/2570/586 3082/5620/604
f 3065/5621/2426 3076/2582/954 3082/2584/600
f 3071/2581/597 3081/2585/601 3077/2587/603
f 3074/2577/593 3078/2589/605 3081/2585/601
f 3071/2581/597 3086/2594/610 3075/2580/596
f 3086/5622/2427 3069/2574/590 3075/2576/592
f 3077/2587/603 3096/2603/620 3092/2604/621
f 3096/2599/616 3076/2582/954 3090/2597/614
f 3085/2596/613 3095/2600/617 3091/2602/619
f 3088/2593/959 3092/2604/621 3095/2600/617
f 3098/2610/627 3089/2592/612 3085/2596/613
f 3089/5623/958 3097/2605/622 3083/5624/956
f 3091/2602/619 3110/2619/636 3106/2620/637
f 3093/5625/1623 3104/2613/962 3110/2615/964
f 3099/2612/629 3109/2616/633 3105/2618/635
f 3102/2608/625 3106/2620/637 3109/2616/633
f 3112/5626/643 3103/2611/628 3099/2612/629
f 3114/5627/2428 3097/2605/622 3103/2607/624
f 3120/2636/653 3107/5628/634 3124/2635/652
f 3107/5629/1625 3118/2629/646 3124/2631/967
f 3113/2628/645 3123/2632/649 3119/2634/651
f 3116/2624/641 3120/2636/653 3123/2632/649
f 2958/2451/467 3117/2627/644 3113/2628/645
f 2960/5630/1626 3111/2621/638 3117/2623/640
f 3119/2634/651 2970/2460/476 2966/2461/477
f 2970/2456/472 3118/2629/646 2964/2454/470
f 3139/2655/672 3131/2639/968 3142/5631/2429
f 3131/5632/2414 3140/2658/675 3142/2660/973
f 3132/2646/663 3130/5633/1763 3126/2640/657
f 3138/5634/1764 3127/2643/660 3130/2645/970
f 3146/2664/681 3137/5635/2430 3133/2649/666
f 3137/2654/910 3148/2670/687 3134/2652/669
f 3141/2661/678 3151/5636/2431 3147/2667/684
f 3151/2672/977 3140/2658/675 3148/2670/687
f 3139/2655/672 3170/5637/2432 3167/2691/708
f 3145/5638/1783 3168/2694/711 3170/2696/713
f 3174/2700/717 3149/5639/2433 3146/2664/681
f 3180/5640/1771 3147/2667/684 3149/2669/686
f 3169/2697/714 3179/5641/2434 3175/2703/720
f 3172/5642/1773 3176/2706/723 3179/2708/987
f 3167/2691/708 3156/5643/2417 3153/2673/690
f 3156/2678/925 3169/2697/714 3154/2676/693
f 3174/2700/717 3166/2684/979 3177/5644/2435
f 3166/5645/2416 3175/2703/720 3177/2705/986
f 3155/2679/696 3165/5646/1778 3161/2685/702
f 3158/5647/2436 3162/2688/705 3165/2690/707
f 3153/2673/690 3128/5648/1780 3125/2637/654
f 3159/5649/1781 3126/2640/657 3128/2642/659
f 3133/2649/666 3163/5650/1782 3160/2682/699
f 3135/5651/1784 3161/2685/702 3163/2687/704
f 3195/2727/672 3187/2711/968 3198/5652/2429
f 3187/5653/1762 3196/2730/675 3198/2732/677
f 3182/2712/657 3194/2720/665 3186/5654/1763
f 3194/5655/1764 3183/2715/660 3186/2717/970
f 3202/2736/681 3193/5656/2430 3189/2721/666
f 3193/2726/910 3204/2742/687 3190/2724/669
f 3197/2733/678 3207/5657/1767 3203/2739/684
f 3207/2744/689 3196/2730/675 3204/2742/687
f 3195/2727/672 3226/5658/2432 3223/2763/708
f 3201/5659/2437 3224/2766/711 3226/2768/998
f 3230/2772/717 3205/5660/2433 3202/2736/681
f 3236/5661/1771 3203/2739/684 3205/2741/686
f 3225/2769/714 3235/5662/1772 3231/2775/720
f 3235/2780/725 3224/2766/711 3232/2778/723
f 3223/2763/708 3212/5663/2417 3209/2745/690
f 3212/2750/695 3225/2769/714 3210/2748/693
f 3230/2772/717 3222/2756/979 3233/5664/2435
f 3222/5665/2416 3231/2775/720 3233/2777/986
f 3211/2751/696 3221/5666/1778 3217/2757/702
f 3221/2762/707 3210/2748/693 3218/2760/705
f 3209/2745/690 3184/5667/2413 3181/2709/654
f 3215/5668/2438 3182/2712/657 3184/2714/990
f 3216/2754/699 3191/2723/992 3219/5669/2439
f 3191/5670/1784 3217/2757/702 3219/2759/704
f 3244/5671/2440 3243/5672/1001 3239/5673/1004
f 3243/2783/1001 3245/5674/2441 3237/2781/999
f 3247/5675/2442 3246/5676/2443 3244/5671/2440
f 3246/5676/2443 3248/5677/2444 3245/5678/2441
f 3247/5675/2442 3252/5679/2445 3249/5680/3
f 3252/5679/2445 3248/5677/2444 3249/5680/3
f 3250/5681/2446 3256/2792/1010 3252/5682/2445
f 3256/5683/1010 3251/5684/2447 3252/5679/2445
f 3267/5685/2448 3263/5686/1017 3260/2795/1013
f 3263/2800/1017 3268/5687/2449 3261/2798/1016
f 3270/5688/2450 3269/5689/2451 3267/5685/2448
f 3269/5690/2451 3271/5691/2452 3268/5692/2449
f 3270/5688/2450 3275/5693/2453 3272/5694/2454
f 3275/5695/2453 3271/5691/2452 3272/5696/2454
f 3273/5697/2455 3282/2805/1022 3275/5698/2453
f 3282/2805/1022 3274/5699/2456 3275/5698/2453
f 3254/2791/1009 3281/2809/1026 3258/2794/1012
f 3258/2794/1012 3277/2806/1023 3255/2793/1011
f 3262/2801/1018 3242/2787/1005 3238/2784/1002
f 3242/2787/1005 3261/2798/1016 3239/2786/1004
f 3290/5700/2457 3286/2814/1031 3283/2810/1027
f 3286/2814/1031 3291/5701/2458 3284/2813/1030
f 3293/5702/2459 3292/5703/2460 3290/5700/2457
f 3292/5703/2460 3294/5704/2461 3291/5701/2458
f 3293/5702/2459 3298/5705/2462 3295/5706/150
f 3298/5705/2462 3294/5704/2461 3295/5706/150
f 3296/5707/2463 3305/2820/1036 3298/5708/2462
f 3305/2820/1036 3297/5709/2464 3298/5708/2462
f 3262/2801/1018 3288/2817/1033 3266/5710/1015
f 3288/5711/1033 3260/2795/1013 3266/2797/1015
f 3277/2806/1023 3304/2824/1040 3300/2821/1037
f 3279/2807/1024 3301/2823/1039 3304/2824/1040
f 3313/5712/2465 3309/5713/1045 3306/2825/1041
f 3309/2830/1045 3314/5714/2466 3307/2828/1044
f 3316/5715/2467 3315/5716/2468 3313/5717/2465
f 3315/5718/2468 3317/5719/2469 3314/5714/2466
f 3316/5715/2467 3321/5720/2470 3318/5721/2471
f 3321/5722/2470 3317/5719/2469 3318/5723/2471
f 3319/5724/2472 3328/2835/1050 3321/5725/2470
f 3328/2835/1050 3320/5726/2473 3321/5725/2470
f 3300/2821/1037 3327/2839/1054 3323/2836/1051
f 3302/2822/1038 3324/2838/1053 3327/2839/1054
f 3307/2828/1044 3289/2812/1029 3311/5727/1047
f 3311/2832/1047 3285/2815/1032 3308/2831/1046
f 3336/5728/2474 3332/2844/1059 3329/2840/1055
f 3332/5729/1059 3337/5730/2475 3330/5731/1058
f 3339/5732/2476 3338/5733/2477 3336/5734/2474
f 3338/5733/2477 3340/5735/2478 3337/5730/2475
f 3339/5732/2476 3344/5736/2479 3341/5737/69
f 3344/5736/2479 3340/5735/2478 3341/5737/69
f 3342/5738/2480 3351/5739/1064 3344/5736/2479
f 3351/2849/1064 3343/5740/2481 3344/5741/2479
f 3346/2850/1065 3325/2837/1052 3350/2853/1068
f 3325/2837/1052 3347/2852/1067 3350/2853/1068
f 3306/2825/1041 3334/2846/1061 3330/2843/1058
f 3312/2827/1043 3331/2845/1060 3334/2846/1061
f 3359/5742/2482 3355/2858/1073 3352/2854/1069
f 3355/2858/1073 3360/5743/2483 3353/2857/1072
f 3362/5744/2484 3361/5745/2485 3359/5746/2482
f 3361/5747/2485 3363/5748/2486 3360/5749/2483
f 3362/5744/2484 3367/5750/2487 3364/5751/2488
f 3367/5752/2487 3363/5748/2486 3364/5753/2488
f 3365/5754/2489 3374/2863/1078 3367/5750/2487
f 3374/2863/1078 3366/5755/2490 3367/5750/2487
f 3346/2850/1065 3373/2868/1082 3369/2864/1079
f 3373/2868/1082 3345/2847/1062 3370/2867/1081
f 3329/2840/1055 3357/2860/1075 3353/2857/1072
f 3335/2842/1057 3354/2859/1074 3357/2860/1075
f 3382/5756/2491 3378/2873/1087 3375/2869/1083
f 3378/2873/1087 3383/5757/2492 3376/2872/1086
f 3385/5758/2493 3384/5759/2494 3382/5760/2491
f 3384/5759/2494 3386/5761/2495 3383/5762/2492
f 3385/5758/2493 3390/5763/2496 3387/5764/194
f 3390/5763/2496 3386/5761/2495 3387/5764/194
f 3388/5765/2497 3397/2878/1092 3390/5763/2496
f 3397/2878/1092 3389/5766/2498 3390/5763/2496
f 3392/2879/1093 3371/2866/1080 3396/5767/1096
f 3396/2883/1096 3368/2861/1076 3393/2882/1095
f 3352/2854/1069 3380/2875/1089 3376/2872/1086
f 3358/2856/1071 3377/2874/1088 3380/2875/1089
f 3405/5768/2499 3401/2888/1101 3398/2884/1097
f 3401/2888/1101 3406/5769/2500 3399/2887/1100
f 3408/5770/2501 3407/5771/2502 3405/5772/2499
f 3407/5773/2502 3409/5774/2503 3406/5775/2500
f 3408/5770/2501 3413/5776/2504 3410/5777/2505
f 3413/5778/2504 3409/5774/2503 3410/5779/2505
f 3411/5780/2506 3420/5781/1106 3413/5778/2504
f 3420/5781/1106 3412/5782/2507 3413/5778/2504
f 3399/2887/1100 3381/2871/1085 3403/2890/1103
f 3381/2871/1085 3400/2889/1102 3403/2890/1103
f 3416/2896/1109 3394/5783/1094 3391/2876/1090
f 3419/5784/1110 3392/2879/1093 3394/2881/1094
f 3237/2781/999 3404/2886/1099 3240/2785/1003
f 3240/2785/1003 3400/2889/1102 3238/2784/1002
f 3253/2788/1006 3417/2895/1108 3414/2891/1104
f 3259/2790/1008 3415/2894/1107 3417/2895/1108
f 3428/5785/2440 3427/5786/1001 3423/5787/1004
f 3427/2901/1001 3429/5788/2441 3421/2899/999
f 3431/5789/2442 3430/5790/2443 3428/5785/2440
f 3430/5790/2443 3432/5791/2444 3429/5792/2441
f 3431/5789/2442 3436/5793/2445 3433/5794/3
f 3436/5793/2445 3432/5791/2444 3433/5794/3
f 3434/5795/2446 3440/2910/1010 3436/5796/2445
f 3440/5797/1010 3435/5798/2447 3436/5793/2445
f 3451/5799/2448 3447/5800/1017 3444/2913/1013
f 3447/2918/1017 3452/5801/2449 3445/2916/1016
f 3454/5802/2450 3453/5803/2451 3451/5799/2448
f 3453/5804/2451 3455/5805/2452 3452/5806/2449
f 3454/5802/2450 3459/5807/2453 3456/5808/2454
f 3459/5809/2453 3455/5805/2452 3456/5810/2454
f 3457/5811/2455 3466/2923/1022 3459/5812/2453
f 3466/2923/1022 3458/5813/2456 3459/5812/2453
f 3438/2909/1009 3465/2927/1026 3442/2912/1012
f 3442/2912/1012 3461/2924/1023 3439/2911/1011
f 3446/2919/1018 3426/2905/1005 3422/2902/1002
f 3449/2920/1019 3423/2904/1004 3426/2905/1005
f 3474/5814/2457 3470/2932/1031 3467/2928/1111
f 3470/2932/1031 3475/5815/2458 3468/2931/1030
f 3477/5816/2459 3476/5817/2460 3474/5814/2457
f 3476/5817/2460 3478/5818/2461 3475/5815/2458
f 3477/5816/2459 3482/5819/2462 3479/5820/150
f 3482/5819/2462 3478/5818/2461 3479/5820/150
f 3480/5821/2463 3489/2938/1036 3482/5822/2462
f 3489/2938/1036 3481/5823/2464 3482/5822/2462
f 3446/2919/1018 3472/2935/1033 3450/5824/1015
f 3472/5825/1033 3444/2913/1013 3450/2915/1015
f 3461/2924/1023 3488/2942/1040 3484/2939/1037
f 3463/2925/1024 3485/2941/1039 3488/2942/1040
f 3497/5826/2465 3493/5827/1045 3490/2943/1112
f 3493/2948/1045 3498/5828/2466 3491/2946/1044
f 3500/5829/2467 3499/5830/2468 3497/5831/2465
f 3499/5832/2468 3501/5833/2469 3498/5828/2466
f 3500/5829/2467 3505/5834/2470 3502/5835/2471
f 3505/5836/2470 3501/5833/2469 3502/5837/2471
f 3503/5838/2472 3512/2953/1050 3505/5839/2470
f 3512/2953/1050 3504/5840/2473 3505/5839/2470
f 3484/2939/1037 3511/2957/1054 3507/2954/1113
f 3486/2940/1038 3508/2956/1053 3511/2957/1054
f 3491/2946/1044 3473/2930/1029 3495/5841/1047
f 3495/2950/1047 3469/2933/1032 3492/2949/1046
f 3520/5842/2474 3516/2962/1059 3513/2958/1114
f 3516/5843/1059 3521/5844/2508 3514/5845/1115
f 3523/5846/2476 3522/5847/2477 3520/5848/2474
f 3522/5847/2477 3524/5849/2478 3521/5844/2508
f 3523/5846/2476 3528/5850/2479 3525/5851/69
f 3528/5850/2479 3524/5849/2478 3525/5851/69
f 3526/5852/2480 3535/5853/1064 3528/5850/2479
f 3535/2967/1064 3527/5854/2481 3528/5855/2479
f 3507/2954/1113 3534/2971/1068 3530/2968/1065
f 3509/2955/1052 3531/2970/1067 3534/2971/1068
f 3514/2961/1115 3496/2945/1043 3518/2964/1061
f 3496/2945/1043 3515/2963/1060 3518/2964/1061
f 3543/5856/2482 3539/2976/1073 3536/2972/1069
f 3539/2976/1073 3544/5857/2483 3537/2975/1072
f 3546/5858/2484 3545/5859/2485 3543/5860/2482
f 3545/5861/2485 3547/5862/2486 3544/5863/2483
f 3546/5858/2484 3551/5864/2487 3548/5865/2488
f 3551/5866/2487 3547/5862/2486 3548/5867/2488
f 3549/5868/2489 3558/2981/1078 3551/5864/2487
f 3558/2981/1078 3550/5869/2490 3551/5864/2487
f 3530/2968/1065 3557/2986/1082 3553/2982/1079
f 3532/2969/1066 3554/2985/1119 3557/2986/1082
f 3537/2975/1072 3519/2960/1057 3541/2978/1075
f 3519/2960/1057 3538/2977/1074 3541/2978/1075
f 3566/5870/2491 3562/2991/1087 3559/2987/1120
f 3562/2991/1087 3567/5871/2492 3560/2990/1121
f 3569/5872/2493 3568/5873/2494 3566/5874/2491
f 3568/5873/2494 3570/5875/2495 3567/5876/2492
f 3569/5872/2493 3574/5877/2496 3571/5878/194
f 3574/5877/2496 3570/5875/2495 3571/5878/194
f 3572/5879/2497 3581/2996/1092 3574/5877/2496
f 3581/2996/1092 3573/5880/2498 3574/5877/2496
f 3576/2997/1093 3555/2984/1118 3580/5881/1096
f 3555/5882/1118 3577/3000/1095 3580/3001/1096
f 3536/2972/1069 3564/2993/1089 3560/2990/1121
f 3542/2974/1071 3561/2992/1088 3564/2993/1089
f 3589/5883/2499 3585/3006/1101 3582/3002/1097
f 3585/3006/1101 3590/5884/2500 3583/3005/1123
f 3592/5885/2501 3591/5886/2502 3589/5887/2499
f 3591/5888/2502 3593/5889/2503 3590/5890/2500
f 3592/5885/2501 3597/5891/2504 3594/5892/2505
f 3597/5893/2504 3593/5889/2503 3594/5894/2505
f 3595/5895/2506 3604/5896/1106 3597/5893/2504
f 3604/5896/1106 3596/5897/2507 3597/5893/2504
f 3559/2987/1120 3587/3008/1103 3583/3005/1123
f 3587/3008/1103 3561/2992/1088 3584/3007/1102
f 3600/3014/1124 3578/5898/1094 3575/2994/1122
f 3603/5899/1110 3576/2997/1093 3578/2999/1094
f 3421/2899/999 3588/3004/1099 3424/2903/1003
f 3424/2903/1003 3584/3007/1102 3422/2902/1002
f 3437/2906/1006 3601/3013/1108 3598/3009/1104
f 3443/2908/1008 3599/3012/1107 3601/3013/1108
f 3619/3035/672 3611/3019/1125 3622/5900/2429
f 3611/5901/1762 3620/3038/675 3622/3040/677
f 3612/3026/663 3610/5902/2509 3606/3020/657
f 3610/3025/970 3614/3032/669 3607/3023/660
f 3626/3044/681 3617/5903/2430 3613/3029/666
f 3632/5904/2415 3614/3032/669 3617/3034/910
f 3627/3047/684 3624/3043/680 3631/5905/1767
f 3624/5906/1768 3628/3050/687 3631/3052/689
f 3619/3035/672 3650/5907/2432 3647/3071/708
f 3625/5908/2437 3648/3074/711 3650/3076/998
f 3654/3080/717 3629/5909/1770 3626/3044/681
f 3660/5910/1771 3627/3047/684 3629/3049/686
f 3655/3083/720 3652/3079/716 3659/5911/1772
f 3652/5912/1773 3656/3086/723 3659/3088/725
f 3647/3071/708 3636/5913/2510 3633/3053/690
f 3653/5914/1775 3634/3056/693 3636/3058/695
f 3654/3080/717 3646/3064/979 3657/5915/2435
f 3646/5916/2416 3655/3083/720 3657/3085/986
f 3641/3065/702 3638/3061/1127 3645/5917/1778
f 3638/5918/2436 3642/3068/705 3645/3070/707
f 3633/3053/690 3608/5919/2413 3605/3017/654
f 3639/5920/2438 3606/3020/657 3608/3022/990
f 3613/3029/666 3643/5921/1782 3640/3062/699
f 3615/5922/1784 3641/3065/702 3643/3067/704
f 3661/3089/654 3678/5923/2511 3675/3107/672
f 3678/3112/973 3663/3095/660 3676/3110/675
f 3668/3098/663 3666/5924/1763 3662/3092/657
f 3674/5925/1764 3663/3095/660 3666/3097/662
f 3669/3101/666 3688/3118/975 3673/5926/2430
f 3688/5927/1766 3670/3104/669 3673/3106/671
f 3677/3113/678 3687/5928/1767 3683/3119/684
f 3680/5929/1768 3684/3122/687 3687/3124/689
f 3675/3107/672 3706/5930/1769 3703/3143/708
f 3681/5931/2437 3704/3146/711 3706/3148/998
f 3710/3152/717 3685/5932/1770 3682/3116/681
f 3716/5933/2512 3683/3119/684 3685/3121/1133
f 3705/3149/714 3715/5934/1772 3711/3155/720
f 3708/5935/1773 3712/3158/723 3715/3160/725
f 3689/3125/690 3709/3145/1136 3692/5936/2417
f 3709/5937/2418 3690/3128/693 3692/3130/695
f 3696/3134/699 3713/5938/2435 3710/3152/717
f 3713/3157/722 3698/3140/705 3711/3155/720
f 3691/3131/696 3701/5939/1778 3697/3137/702
f 3694/5940/1779 3698/3140/705 3701/3142/707
f 3689/3125/690 3664/5941/1780 3661/3089/654
f 3695/5942/1781 3662/3092/657 3664/3094/659
f 3669/3101/666 3699/5943/2439 3696/3134/699
f 3671/5944/1784 3697/3137/702 3699/3139/704
f 3741/5945/2513 3737/5946/1017 3734/3175/1144
f 3737/3180/1017 3742/5947/2514 3735/3178/1145
f 3744/5948/2450 3743/5949/2515 3741/5945/2513
f 3743/5950/2515 3745/5951/2452 3742/5952/2514
f 3744/5948/2450 3749/5953/2516 3746/5954/2454
f 3749/5955/2516 3745/5951/2452 3746/5956/2454
f 3747/5957/2517 3756/3185/1148 3749/5958/2516
f 3756/3185/1148 3748/5959/2518 3749/5958/2516
f 3727/3168/1140 3755/3189/1151 3730/3172/1141
f 3755/3189/1151 3728/3171/1011 3730/3172/1141
f 3719/3166/1002 3739/3182/1146 3723/3163/1005
f 3739/3182/1146 3717/3161/1138 3723/3163/1005
f 3764/5960/2519 3760/3194/1031 3757/3190/1152
f 3760/3194/1031 3765/5961/2520 3758/3193/1154
f 3767/5962/2459 3766/5963/2521 3764/5960/2519
f 3766/5963/2521 3768/5964/2461 3765/5961/2520
f 3767/5962/2459 3772/5965/2522 3769/5966/150
f 3772/5965/2522 3768/5964/2461 3769/5966/150
f 3770/5967/2523 3779/3200/1156 3772/5968/2522
f 3779/3200/1156 3771/5969/2524 3772/5968/2522
f 3736/3181/1018 3762/3197/1033 3740/5970/1015
f 3740/3177/1015 3758/3193/1154 3734/3175/1144
f 3751/3186/1023 3778/3204/1157 3774/3201/1037
f 3778/3204/1157 3750/3183/1147 3775/3203/1039
f 3787/5971/2525 3783/5972/1045 3780/3205/1158
f 3783/3210/1045 3788/5973/2526 3781/3208/1160
f 3790/5974/2467 3789/5975/2527 3787/5976/2525
f 3789/5977/2527 3791/5978/2469 3788/5973/2526
f 3790/5974/2467 3795/5979/2528 3792/5980/2471
f 3795/5981/2528 3791/5978/2469 3792/5982/2471
f 3793/5983/2529 3802/3215/1050 3795/5984/2528
f 3802/3215/1050 3794/5985/2530 3795/5984/2528
f 3797/3216/1113 3776/3202/1038 3801/3219/1165
f 3801/3219/1165 3773/3198/1034 3798/3218/1053
f 3757/3190/1152 3785/5986/1162 3781/3208/1160
f 3785/3212/1162 3759/3195/1032 3782/3211/1161
f 3810/5987/2531 3806/3224/1059 3803/3220/1055
f 3806/5988/1059 3811/5989/2532 3804/5990/1166
f 3813/5991/2476 3812/5992/2533 3810/5993/2531
f 3812/5992/2533 3814/5994/2478 3811/5989/2532
f 3813/5991/2476 3818/5995/2534 3815/5996/69
f 3818/5995/2534 3814/5994/2478 3815/5996/69
f 3816/5997/2535 3825/5998/1064 3818/5995/2534
f 3825/3229/1064 3817/5999/2536 3818/6000/2534
f 3797/3216/1113 3824/3233/1068 3820/3230/1065
f 3824/3233/1068 3796/3213/1163 3821/3232/1169
f 3804/3223/1166 3786/3207/1159 3808/3226/1061
f 3808/3226/1061 3782/3211/1161 3805/3225/1060
f 3833/6001/2537 3829/3238/1073 3826/3234/1170
f 3829/3238/1073 3834/6002/2538 3827/3237/1172
f 3836/6003/2484 3835/6004/2539 3833/6005/2537
f 3835/6006/2539 3837/6007/2486 3834/6008/2538
f 3836/6003/2484 3841/6009/2540 3838/6010/2488
f 3841/6011/2540 3837/6007/2486 3838/6012/2488
f 3839/6013/2541 3848/3243/1078 3841/6009/2540
f 3848/3243/1078 3840/6014/2542 3841/6009/2540
f 3843/3244/1174 3822/3231/1168 3847/3248/1177
f 3847/3248/1177 3819/3227/1167 3844/3247/1176
f 3827/3237/1172 3809/3222/1057 3831/3240/1173
f 3831/3240/1173 3805/3225/1060 3828/3239/1074
f 3856/6015/2543 3852/3253/1087 3849/3249/1120
f 3852/3253/1087 3857/6016/2544 3850/3252/1179
f 3859/6017/2493 3858/6018/2545 3856/6019/2543
f 3858/6018/2545 3860/6020/2495 3857/6021/2544
f 3859/6017/2493 3864/6022/2546 3861/6023/194
f 3864/6022/2546 3860/6020/2495 3861/6023/194
f 3862/6024/2547 3871/3258/1181 3864/6022/2546
f 3871/3258/1181 3863/6025/2548 3864/6022/2546
f 3843/3244/1174 3870/6026/1182 3866/3259/1093
f 3870/3263/1182 3842/3241/1076 3867/3262/1095
f 3850/3252/1179 3832/3236/1171 3854/3255/1089
f 3854/3255/1089 3828/3239/1074 3851/3254/1088
f 3879/6027/2549 3875/3268/1101 3872/3264/1183
f 3875/3268/1101 3880/6028/2550 3873/3267/1185
f 3882/6029/2501 3881/6030/2551 3879/6031/2549
f 3881/6032/2551 3883/6033/2503 3880/6034/2550
f 3882/6029/2501 3887/6035/2552 3884/6036/2505
f 3887/6037/2552 3883/6033/2503 3884/6038/2505
f 3885/6039/2553 3894/6040/1106 3887/6037/2552
f 3894/6040/1106 3886/6041/2554 3887/6037/2552
f 3873/3267/1185 3855/3251/1085 3877/3270/1186
f 3877/3270/1186 3851/3254/1088 3874/3269/1102
f 3865/3256/1122 3893/3278/1110 3868/6042/1094
f 3868/3261/1094 3889/3274/1107 3866/3259/1093
f 3895/6043/2555 3720/6044/1001 3717/6045/1138
f 3720/3165/1001 3896/6046/2556 3718/3164/1139
f 3724/6047/2442 3897/6048/2557 3895/6043/2555
f 3897/6048/2557 3725/6049/2444 3896/6050/2556
f 3724/6047/2442 3900/6051/2558 3726/6052/3
f 3900/6051/2558 3725/6049/2444 3726/6052/3
f 3898/6053/2559 3733/3170/1010 3900/6054/2558
f 3733/6055/1010 3899/6056/2560 3900/6051/2558
f 3718/3164/1139 3878/3266/1184 3722/3167/1003
f 3878/3266/1184 3719/3166/1002 3722/3167/1003
f 3888/3271/1187 3732/3174/1143 3891/3275/1188
f 3732/3174/1143 3889/3274/1107 3891/3275/1188
f 3925/6057/2513 3921/6058/1017 3918/3293/1144
f 3921/3298/1017 3926/6059/2514 3919/3296/1145
f 3928/6060/2450 3927/6061/2515 3925/6057/2513
f 3927/6062/2515 3929/6063/2452 3926/6064/2514
f 3928/6060/2450 3933/6065/2516 3930/6066/2454
f 3933/6067/2516 3929/6063/2452 3930/6068/2454
f 3931/6069/2517 3940/3303/1148 3933/6070/2516
f 3940/3303/1148 3932/6071/2518 3933/6070/2516
f 3911/3286/1140 3939/3307/1191 3914/3290/1141
f 3914/3290/1141 3935/3304/1023 3912/3289/1011
f 3903/3284/1002 3923/3300/1146 3907/3281/1005
f 3907/3281/1005 3919/3296/1145 3901/3279/1138
f 3948/6072/2519 3944/3312/1031 3941/3308/1152
f 3944/3312/1031 3949/6073/2520 3942/3311/1154
f 3951/6074/2459 3950/6075/2521 3948/6072/2519
f 3950/6075/2521 3952/6076/2461 3949/6073/2520
f 3951/6074/2459 3956/6077/2522 3953/6078/150
f 3956/6077/2522 3952/6076/2461 3953/6078/150
f 3954/6079/2523 3963/3318/1156 3956/6080/2522
f 3963/3318/1156 3955/6081/2524 3956/6080/2522
f 3943/3313/1032 3924/6082/1190 3920/3299/1018
f 3924/3295/1190 3942/3311/1154 3918/3293/1144
f 3958/3319/1037 3937/3305/1024 3962/3322/1157
f 3962/3322/1157 3934/3301/1147 3959/3321/1039
f 3971/6083/2525 3967/6084/1045 3964/3323/1158
f 3967/3328/1045 3972/6085/2526 3965/3326/1160
f 3974/6086/2467 3973/6087/2527 3971/6088/2525
f 3973/6089/2527 3975/6090/2469 3972/6085/2526
f 3974/6086/2467 3979/6091/2528 3976/6092/2471
f 3979/6093/2528 3975/6090/2469 3976/6094/2471
f 3977/6095/2529 3986/3333/1050 3979/6096/2528
f 3986/3333/1050 3978/6097/2530 3979/6096/2528
f 3981/3334/1113 3960/3320/1038 3985/3337/1165
f 3985/3337/1165 3957/3316/1034 3982/3336/1053
f 3965/3326/1160 3947/3310/1029 3969/6098/1047
f 3969/3330/1047 3943/3313/1032 3966/3329/1161
f 3994/6099/2531 3990/3342/1059 3987/3338/1055
f 3990/6100/1059 3995/6101/2532 3988/6102/1166
f 3997/6103/2476 3996/6104/2533 3994/6105/2531
f 3996/6104/2533 3998/6106/2478 3995/6101/2532
f 3997/6103/2476 4002/6107/2534 3999/6108/69
f 4002/6107/2534 3998/6106/2478 3999/6108/69
f 4000/6109/2535 4009/6110/1064 4002/6107/2534
f 4009/3347/1064 4001/6111/2536 4002/6112/2534
f 4004/3348/1065 3983/3335/1164 4008/3351/1068
f 4008/3351/1068 3980/3331/1163 4005/3350/1169
f 3988/3341/1166 3970/3325/1192 3992/3344/1061
f 3992/3344/1061 3966/3329/1161 3989/3343/1060
f 4017/6113/2537 4013/3356/1073 4010/3352/1170
f 4013/3356/1073 4018/6114/2538 4011/3355/1172
f 4020/6115/2484 4019/6116/2539 4017/6117/2537
f 4019/6118/2539 4021/6119/2486 4018/6120/2538
f 4020/6115/2484 4025/6121/2540 4022/6122/2488
f 4025/6123/2540 4021/6119/2486 4022/6124/2488
f 4023/6125/2541 4032/3361/1078 4025/6121/2540
f 4032/3361/1078 4024/6126/2542 4025/6121/2540
f 4027/3362/1174 4006/3349/1168 4031/3366/1177
f 4031/3366/1177 4003/3345/1167 4028/3365/1176
f 4011/3355/1172 3993/3340/1057 4015/3358/1193
f 3993/3340/1057 4012/3357/1074 4015/3358/1193
f 4040/6127/2543 4036/3371/1087 4033/3367/1120
f 4036/3371/1087 4041/6128/2544 4034/3370/1179
f 4043/6129/2493 4042/6130/2545 4040/6131/2543
f 4042/6130/2545 4044/6132/2495 4041/6133/2544
f 4043/6129/2493 4048/6134/2546 4045/6135/194
f 4048/6134/2546 4044/6132/2495 4045/6135/194
f 4046/6136/2547 4055/3376/1181 4048/6134/2546
f 4055/3376/1181 4047/6137/2548 4048/6134/2546
f 4027/3362/1174 4054/6138/1182 4050/3377/1093
f 4054/3381/1182 4026/3359/1076 4051/3380/1095
f 4034/3370/1179 4016/3354/1171 4038/3373/1089
f 4038/3373/1089 4012/3357/1074 4035/3372/1088
f 4063/6139/2549 4059/3386/1101 4056/3382/1183
f 4059/3386/1101 4064/6140/2550 4057/3385/1185
f 4066/6141/2501 4065/6142/2551 4063/6143/2549
f 4065/6144/2551 4067/6145/2503 4064/6146/2550
f 4066/6141/2501 4071/6147/2552 4068/6148/2505
f 4071/6149/2552 4067/6145/2503 4068/6150/2505
f 4069/6151/2553 4078/6152/1106 4071/6149/2552
f 4078/6152/1106 4070/6153/2554 4071/6149/2552
f 4057/3385/1185 4039/3369/1085 4061/3388/1186
f 4039/3369/1085 4058/3387/1102 4061/3388/1186
f 4049/3374/1122 4077/3396/1194 4052/6154/1094
f 4077/6155/1194 4050/3377/1093 4052/3379/1094
f 4079/6156/2555 3904/6157/1001 3901/6158/1138
f 3904/3283/1001 4080/6159/2556 3902/3282/1139
f 3908/6160/2442 4081/6161/2557 4079/6156/2555
f 4081/6161/2557 3909/6162/2444 4080/6163/2556
f 3908/6160/2442 4084/6164/2558 3910/6165/3
f 4084/6164/2558 3909/6162/2444 3910/6165/3
f 4082/6166/2559 3917/3288/1010 4084/6167/2558
f 3917/6168/1010 4083/6169/2560 4084/6164/2558
f 3902/3282/1139 4062/3384/1184 3906/3285/1003
f 4062/3384/1184 3903/3284/1002 3906/3285/1003
f 4072/3389/1187 3916/3292/1143 4075/3393/1188
f 3916/3292/1143 4073/3392/1107 4075/3393/1188
f 4085/3399/1197 4111/6170/1221 4107/6171/1217
f 4095/3398/1196 4108/6172/1222 4111/6170/1221
f 4088/3406/1204 4106/3410/1208 4094/3404/1202
f 4094/3404/1202 4100/3420/1216 4089/3407/1205
f 4099/3417/1213 4113/3424/1220 4105/6173/1215
f 4105/6173/1215 4108/3426/1222 4100/6174/1216
f 4097/3413/1211 4141/3450/1246 4136/3452/1248
f 4101/6175/1210 4137/3453/1249 4141/3455/1246
f 4138/3458/1253 4093/3405/1203 4087/3402/1200
f 4143/3457/1252 4088/3406/1204 4093/3405/1203
f 4086/3401/1199 4121/6176/1226 4116/6177/1228
f 4090/3397/1195 4117/6178/1230 4121/6176/1226
f 4110/6179/1225 4123/3433/1229 4115/6180/1219
f 4115/6180/1219 4117/3434/1230 4107/6181/1217
f 4127/6182/1239 4092/3400/1198 4131/6183/1237
f 4131/6183/1237 4086/3401/1199 4128/6184/1240
f 4129/6185/1244 4126/3431/1227 4120/3440/1236
f 4133/6186/1243 4116/3432/1228 4126/3431/1227
f 4139/3459/1254 4135/3442/1238 4130/3449/1245
f 4144/3461/1251 4127/3443/1239 4135/3442/1238
f 4098/6187/1212 4192/3513/1301 4187/3509/1297
f 4103/3411/1209 4188/3514/1302 4192/3513/1301
f 4140/6188/1255 4194/3512/1300 4146/3451/1247
f 4146/3451/1247 4188/3514/1302 4136/3452/1248
f 4147/3466/1259 4104/3418/1214 4098/3414/1212
f 4155/3465/1258 4099/3417/1213 4104/3418/1214
f 4119/3439/1235 4161/3473/1266 4156/3475/1268
f 4124/3438/1234 4157/6189/1269 4161/3473/1266
f 4158/3479/1271 4114/3428/1224 4109/3427/1223
f 4163/3480/1272 4110/3429/1225 4114/3428/1224
f 4167/3486/1277 4134/3446/1242 4172/3490/1281
f 4172/3490/1281 4129/3448/1244 4168/3489/1280
f 4119/3439/1235 4174/3492/1283 4125/3437/1233
f 4125/3437/1233 4168/6190/1280 4120/3440/1236
f 4178/3502/1290 4145/3463/1256 4182/3500/1288
f 4182/3500/1288 4139/3459/1254 4179/3503/1291
f 4191/3519/1307 4151/6191/1257 4197/3511/1299
f 4197/6192/1299 4147/3466/1259 4187/6193/1297
f 4149/3471/1264 4164/6194/1274 4154/3469/1262
f 4154/3469/1262 4158/3479/1271 4150/3472/1265
f 4160/3484/1276 4175/3496/1282 4166/6195/1267
f 4175/3491/1282 4156/3475/1268 4166/3474/1267
f 4180/3507/1295 4177/3488/1279 4171/6196/1287
f 4184/3506/1294 4167/3486/1277 4177/3488/1279
f 4190/3518/1306 4186/6197/1289 4181/6198/1296
f 4195/6199/1305 4178/3502/1290 4186/3501/1289
f 4149/6200/1264 4203/3524/1312 4198/3520/1308
f 4153/6201/1263 4199/3525/1313 4203/3524/1312
f 4190/6202/1306 4205/3523/1311 4196/6203/1304
f 4205/3523/1311 4191/6204/1307 4196/6203/1304
f 4202/3530/1318 4165/3481/1273 4208/3522/1310
f 4208/3522/1310 4159/3483/1275 4198/3520/1308
f 4171/3499/1287 4207/3529/1317 4201/3528/1316
f 4176/3498/1286 4202/3530/1318 4207/3529/1317
f 4200/3527/1315 4185/6205/1293 4206/3526/1314
f 4206/3526/1314 4180/6206/1295 4201/3528/1316
f 4209/3531/654 4226/6207/2511 4223/3549/672
f 4215/6208/1762 4224/3552/675 4226/3554/677
f 4216/3540/663 4214/6209/1763 4210/3534/657
f 4214/3539/662 4218/3546/669 4211/3537/660
f 4230/3558/681 4221/6210/2430 4217/3543/666
f 4236/6211/1766 4218/3546/669 4221/3548/671
f 4231/3561/684 4228/3557/680 4235/6212/1767
f 4228/6213/1768 4232/3564/687 4235/3566/689
f 4251/3585/708 4229/3551/674 4254/6214/1769
f 4229/6215/1783 4252/3588/711 4254/3590/713
f 4258/3594/717 4233/6216/2433 4230/3558/681
f 4264/6217/1771 4231/3561/684 4233/3563/686
f 4259/3597/720 4256/3593/716 4263/6218/1772
f 4256/6219/1773 4260/3600/723 4263/3602/725
f 4251/3585/708 4240/6220/2561 4237/3567/690
f 4257/6221/1775 4238/3570/693 4240/3572/695
f 4244/3576/699 4261/6222/2435 4258/3594/717
f 4250/6223/1777 4259/3597/720 4261/3599/722
f 4245/3579/702 4242/3575/698 4249/6224/1778
f 4242/6225/1779 4246/3582/705 4249/3584/707
f 4209/3531/654 4243/3569/692 4212/6226/1780
f 4243/6227/1781 4210/3534/657 4212/3536/659
f 4217/3543/666 4247/6228/2439 4244/3576/699
f 4219/6229/1784 4245/3579/702 4247/3581/704
f 4272/6230/2562 4267/6231/2563 4266/6232/2564
f 4267/6233/2565 4271/6234/2566 4265/6235/2567
f 4275/6236/2568 4270/6237/2569 4276/6238/2570
f 4270/6239/2571 4274/6240/2572 4276/6241/2573
f 4272/6242/2562 4279/6243/2574 4273/6244/2575
f 4279/6245/2576 4271/6234/2566 4273/6246/2577
f 4281/6247/2578 4276/6248/2570 4282/6249/2579
f 4276/6241/2573 4280/6250/2580 4282/6251/2581
f 4284/6252/2582 4279/6243/2574 4278/6253/2583
f 4285/6254/2584 4277/6255/2585 4279/6245/2576
f 4287/6256/2586 4282/6249/2579 4288/6257/2587
f 4282/6251/2581 4286/6258/2588 4288/6259/2589
f 4290/6260/2590 4285/6261/2591 4284/6252/2582
f 4291/6262/2592 4283/6263/2593 4285/6254/2584
f 4287/6256/2586 4294/6264/2594 4293/6265/2595
f 4288/6259/2589 4292/6266/2596 4294/6267/2597
f 4296/6268/2598 4291/6269/2599 4290/6260/2590
f 4297/6270/2600 4289/6271/2601 4291/6262/2592
f 4293/6265/2595 4300/6272/2602 4299/6273/2603
f 4294/6267/2597 4298/6274/2604 4300/6275/2605
f 4302/6276/2606 4297/6277/2607 4296/6278/2598
f 4303/6279/2608 4295/6280/2609 4297/6270/2600
f 4305/6281/2610 4300/6282/2602 4306/6283/2611
f 4306/6284/2612 4298/6274/2604 4304/6285/2613
f 4302/6276/2606 4309/6286/2614 4303/6287/2615
f 4309/6288/2616 4301/6289/2617 4303/6279/2608
f 4305/6281/2610 4312/6290/2618 4311/6291/2619
f 4312/6292/2620 4304/6285/2613 4310/6293/2621
f 4314/6294/2622 4309/6286/2614 4308/6295/2623
f 4315/6296/2624 4307/6297/2625 4309/6288/2616
f 4311/6291/2619 4318/6298/2626 4317/6299/2627
f 4312/6292/2620 4316/6300/2628 4318/6301/2629
f 4314/6302/2622 4321/6303/2630 4315/6304/2631
f 4315/6296/2624 4319/6305/2632 4313/6306/2633
f 4317/6307/2627 4324/6308/2634 4323/6309/2635
f 4318/6301/2629 4322/6310/2636 4324/6311/2637
f 4320/6312/2638 4327/6313/2639 4321/6303/2630
f 4327/6314/2640 4319/6305/2632 4321/6315/2641
f 4323/6309/2635 4330/6316/2642 4329/6317/2643
f 4330/6318/2644 4322/6310/2636 4328/6319/2645
f 4332/6320/2646 4327/6313/2639 4326/6321/2647
f 4333/6322/2648 4325/6323/2649 4327/6314/2640
f 4329/6317/2643 4336/6324/2650 4335/6325/2651
f 4330/6318/2644 4334/6326/2652 4336/6327/2653
f 4338/6328/2654 4333/6329/2655 4332/6320/2646
f 4333/6322/2648 4337/6330/2656 4331/6331/2657
f 4341/6332/2658 4336/6324/2650 4342/6333/2659
f 4336/6327/2653 4340/6334/2660 4342/6335/2661
f 4344/6336/2662 4339/6337/2663 4338/6338/2654
f 4339/6339/2664 4343/6340/2665 4337/6330/2656
f 4341/6341/2658 4348/6342/2666 4347/6343/2667
f 4348/6344/2668 4340/6334/2660 4346/6345/2669
f 4344/6336/2662 4267/6231/2563 4345/6346/2670
f 4267/6233/2565 4343/6340/2665 4345/6347/2671
f 4347/6343/2667 4270/6237/2569 4269/6348/2672
f 4270/6239/2571 4346/6345/2669 4268/6349/2673
f 4351/3610/1329 4366/3623/1342 4355/3609/1328
f 4366/6350/2674 4349/3603/1322 4355/3605/1324
f 4357/3616/1335 4376/3633/1352 4372/3635/1353
f 4376/3629/1348 4356/3611/1330 4370/3627/1346
f 4358/3618/1337 4354/3606/1325 4350/3608/1327
f 4361/3614/1333 4351/3610/1329 4354/3606/1325
f 4365/3626/1345 4375/3634/1349 4371/6351/1351
f 4368/3622/1341 4372/3635/1353 4375/3634/1349
f 4378/3641/1359 4369/6352/1344 4365/6353/1345
f 4369/3621/1340 4377/3636/1354 4363/3619/1338
f 4371/3632/1351 4390/3650/1368 4386/3651/1369
f 4390/3646/1364 4370/3627/1346 4384/3644/1362
f 4379/3643/1361 4389/3647/1365 4385/3649/1367
f 4382/3639/1357 4386/3651/1369 4389/3647/1365
f 4392/3657/1375 4383/3642/1360 4379/3643/1361
f 4394/6354/2675 4377/3636/1354 4383/3638/1356
f 4400/3667/1385 4387/3648/1366 4404/3666/1384
f 4387/6355/2676 4398/3660/1378 4404/3662/1380
f 4393/3659/1377 4403/3663/1381 4399/3665/1383
f 4396/3655/1373 4400/3667/1385 4403/3663/1381
f 4393/3659/1377 4408/6356/1390 4397/3658/1376
f 4397/3654/1372 4405/3668/1386 4391/3652/1370
f 4414/3684/1401 4401/3664/1382 4418/3682/1400
f 4418/3678/1396 4398/3660/1378 4412/3676/1394
f 4407/3675/1393 4417/3679/1397 4413/3681/1399
f 4410/3671/1389 4414/6357/1401 4417/3679/1397
f 4420/3690/1407 4411/3674/1392 4407/3675/1393
f 4411/3670/1388 4419/3685/1402 4405/3668/1386
f 4428/3700/1417 4415/3680/1398 4432/3699/1416
f 4415/6358/2677 4426/3693/1410 4432/3695/1412
f 4421/3692/1409 4431/3696/1413 4427/3698/1415
f 4424/3688/1405 4428/3700/1417 4431/3696/1413
f 4421/3692/1409 4436/3705/1422 4425/3691/1408
f 4436/6359/2678 4419/3685/1402 4425/3687/1404
f 4442/3717/1433 4429/3697/1414 4446/3716/1432
f 4429/6360/2679 4440/3710/1426 4446/3712/1428
f 4435/6361/1425 4445/3713/1429 4441/3715/1431
f 4438/3704/1421 4442/3717/1433 4445/3713/1429
f 4448/3723/1439 4439/3707/1424 4435/3709/1425
f 4450/6362/2680 4433/3701/1418 4439/3703/1420
f 4456/3733/1449 4443/6363/1430 4460/3732/1448
f 4443/6364/2681 4454/3726/1442 4460/3728/1444
f 4449/3725/1441 4459/3729/1445 4455/3731/1447
f 4452/3721/1437 4456/3733/1449 4459/3729/1445
f 4462/3739/1455 4453/3724/1440 4449/3725/1441
f 4464/6365/2682 4447/3718/1434 4453/3720/1436
f 4455/3731/1447 4474/3748/1464 4470/3749/1465
f 4457/6366/2683 4468/3742/1458 4474/3744/1460
f 4463/3741/1457 4473/3745/1461 4469/3747/1463
f 4466/3737/1453 4470/3749/1465 4473/3745/1461
f 4463/3741/1457 4478/3754/1470 4467/3740/1456
f 4467/3736/1452 4475/3750/1466 4461/3734/1450
f 4469/3747/1463 4488/6367/1480 4484/6368/1481
f 4471/6369/2684 4482/3759/1474 4488/3761/1476
f 4477/3758/1473 4487/3762/1477 4483/3764/1479
f 4480/3757/1469 4484/3766/1481 4487/3762/1477
f 4477/3758/1473 4352/3607/1326 4481/3756/1472
f 4481/3752/1468 4349/3603/1322 4475/3750/1466
f 4358/3618/1337 4485/3763/1478 4362/3617/1336
f 4485/6370/2685 4356/3611/1330 4362/3613/1332
f 4504/3788/1503 4495/6371/2686 4491/3773/1488
f 4495/3769/1484 4503/3783/1498 4489/3767/1482
f 4512/3800/1513 4499/3780/1495 4516/3798/1512
f 4499/6372/2687 4510/3792/1506 4516/3794/1508
f 4490/3770/1485 4501/3782/1497 4494/3774/1489
f 4501/3782/1497 4491/3773/1488 4494/3774/1489
f 4505/3791/1505 4515/3795/1509 4511/3797/1511
f 4508/3786/1501 4512/3800/1513 4515/3799/1509
f 4518/3806/1519 4509/3789/1504 4505/3791/1505
f 4509/3785/1500 4517/3801/1514 4503/3783/1498
f 4511/3797/1511 4530/6373/2688 4526/3815/1528
f 4530/3811/1524 4510/3792/1506 4524/3809/1522
f 4525/3812/1525 4522/3804/1517 4529/3816/1529
f 4522/3804/1517 4526/3815/1528 4529/3816/1529
f 4519/3808/1521 4534/3821/1534 4523/3807/1520
f 4534/6374/2689 4517/3801/1514 4523/3803/1516
f 4540/3834/1545 4527/3814/1527 4544/3832/1544
f 4527/6375/2690 4538/3826/1538 4544/3828/1540
f 4533/3825/1537 4543/3829/1541 4539/3831/1543
f 4536/3820/1533 4540/3834/1545 4543/3833/1541
f 4546/3840/1551 4537/3823/1536 4533/3825/1537
f 4537/3819/1532 4545/3835/1546 4531/3817/1530
f 4554/3850/1561 4541/3830/1542 4558/3849/1560
f 4541/6376/2691 4552/3843/1554 4558/3845/1556
f 4547/3842/1553 4557/3846/1557 4553/3848/1559
f 4550/3838/1549 4554/3850/1561 4557/3846/1557
f 4547/3842/1553 4562/3856/1567 4551/3841/1552
f 4562/6377/2692 4545/3835/1546 4551/3837/1548
f 4568/3868/1577 4555/3847/1558 4572/3866/1576
f 4555/6378/2693 4566/3860/1570 4572/3862/1572
f 4561/3857/1568 4571/3863/1573 4567/3865/1575
f 4571/3867/1573 4560/3854/1565 4568/3868/1577
f 4561/3857/1568 4576/3873/1583 4565/6379/2694
f 4576/6380/2695 4559/3851/1562 4565/3853/1564
f 4567/3865/1575 4586/3882/1592 4582/3883/1593
f 4569/6381/2696 4580/3876/1586 4586/3878/1588
f 4575/3874/1584 4585/3879/1589 4581/3881/1591
f 4585/3879/1589 4574/3872/1581 4582/3883/1593
f 4588/3889/1599 4579/3871/2697 4575/3874/1584
f 4579/6382/1580 4587/3884/1594 4573/6383/1578
f 4596/3901/1609 4583/3880/1590 4600/3899/1608
f 4583/6384/2698 4594/3893/1602 4600/3895/1604
f 4589/3892/1601 4599/3896/1605 4595/3898/1607
f 4599/3900/1605 4588/3889/1599 4596/3901/1609
f 4589/3892/1601 4492/3772/1487 4593/3890/1600
f 4492/6385/2699 4587/3884/1594 4593/3886/1596
f 4595/3898/1607 4502/6386/2700 4498/3781/1496
f 4502/3777/1492 4594/3893/1602 4496/3775/1490
f 807/1079/510 863/1143/574 919/1206/638
f 773/1044/475 780/1052/483 767/1038/469
f 927/1219/651 766/1036/467 921/1213/645
f 912/1198/630 856/1135/566 800/1071/502
f 787/1060/491 794/3903/499 781/1054/485
f 801/1076/507 808/1084/515 795/1070/501
f 815/1092/523 822/1100/531 809/1086/517
f 829/6387/539 836/1116/547 823/3909/533
f 843/1124/555 850/1132/563 837/1118/549
f 851/1134/565 872/1158/589 864/1148/579
f 871/1156/587 878/6388/595 865/1150/581
f 885/1172/603 892/1180/611 879/1166/597
f 899/1187/619 906/1195/627 893/1181/613
f 913/3930/635 920/1211/643 907/6389/629
f 951/3967/1659 975/4001/1691 999/4035/1723
f 937/3940/1634 940/3947/1641 934/3934/1628
f 1015/4047/1733 934/3934/1628 1012/4040/1728
f 1008/4038/1726 984/4004/1694 960/3971/1663
f 943/3942/1636 946/3946/1640 940/3947/1641
f 949/3959/1645 952/3954/1648 946/3956/1640
f 955/3961/1653 958/3964/1656 952/3954/1648
f 961/3969/1661 964/3972/1664 958/3964/1656
f 967/6390/1669 970/3980/1672 964/3982/1664
f 973/3985/1676 976/3990/1680 970/3980/1672
f 979/3995/1685 982/3998/1688 976/3990/1680
f 985/4003/1693 988/6391/1705 982/3998/1688
f 991/6392/1701 994/4014/1704 988/4016/1705
f 997/4019/1708 1000/4024/1712 994/4014/1704
f 1003/4029/1717 1006/6393/1729 1000/4024/1712
f 1009/4045/1725 1012/4040/1728 1006/4042/1729
f 1035/4087/1659 1059/4112/1691 1083/4146/1723
f 1021/4060/1634 1024/4054/1641 1018/4056/1628
f 1099/4167/1733 1018/4056/1628 1096/4160/1728
f 1092/4158/1726 1068/4124/1694 1044/4090/1745
f 1027/4062/1636 1030/6394/1640 1024/4054/1641
f 1033/6395/1645 1036/4074/1648 1030/4076/1640
f 1039/4079/1653 1042/4084/1656 1036/4074/1648
f 1045/4089/1661 1048/4092/1664 1042/4084/1656
f 1051/4105/1669 1054/4100/1672 1048/4102/1664
f 1057/4107/1676 1060/4110/1680 1054/4100/1672
f 1063/4115/1685 1066/4118/1688 1060/4110/1680
f 1069/4122/1693 1072/6396/1705 1066/4118/1688
f 1075/6397/1701 1078/4134/1704 1072/4136/1705
f 1081/4139/1708 1084/4144/1712 1078/4134/1704
f 1087/4149/1717 1090/6398/1729 1084/4144/1712
f 1093/4165/1725 1096/4160/1728 1090/4162/1729
f 1119/4207/1659 1143/4233/1691 1167/4275/1723
f 1105/4180/1634 1108/4174/1641 1102/4176/1628
f 1183/4287/1733 1102/4176/1628 1180/4280/1728
f 1176/4278/1726 1152/4244/1694 1128/4210/1745
f 1111/4182/1636 1114/6399/1640 1108/4174/1641
f 1117/4199/1645 1120/4194/1648 1114/4196/1640
f 1123/4201/1653 1126/4204/1656 1120/4194/1648
f 1129/4209/1661 1132/4212/1664 1126/4204/1656
f 1135/4225/1669 1138/4220/1672 1132/4222/1664
f 1141/4227/1676 1144/4230/1680 1138/4220/1672
f 1147/4234/1685 1150/4238/1688 1144/4230/1680
f 1153/4242/1693 1156/4246/1705 1150/4238/1688
f 1159/6400/1701 1162/4254/1704 1156/4256/1705
f 1165/4259/1708 1168/4264/1712 1162/4254/1704
f 1171/4269/1717 1174/4272/1729 1168/4264/1712
f 1177/4285/1725 1180/4280/1728 1174/4282/1729
f 1203/4327/1659 1227/4361/1691 1251/4395/1723
f 1189/4300/1634 1192/4294/1641 1186/4296/1628
f 1267/4405/1733 1186/4296/1628 1264/4400/1728
f 1260/4398/1726 1236/4365/1694 1212/4330/1663
f 1195/4302/1636 1198/4306/1640 1192/4294/1641
f 1201/4319/1645 1204/4314/1648 1198/4316/1640
f 1207/4321/1653 1210/4324/1656 1204/4314/1648
f 1213/4329/1661 1216/6401/1664 1210/4324/1656
f 1219/6402/1669 1222/4340/1672 1216/4342/1664
f 1225/4345/1676 1228/4358/1680 1222/4340/1672
f 1231/4355/1685 1234/4367/1688 1228/4358/1680
f 1237/4363/1693 1240/4366/1705 1234/4367/1688
f 1243/4379/1701 1246/4374/1704 1240/4376/1705
f 1249/4381/1708 1252/4384/1712 1246/4374/1704
f 1255/4389/1717 1258/4392/1729 1252/4384/1712
f 1261/6403/1725 1264/4400/1728 1258/4402/1729
f 1311/1276/708 1269/1222/654 1283/1240/672
f 1278/1237/669 1284/1243/675 1271/1228/660
f 1305/1270/702 1270/1225/657 1299/1264/696
f 1290/1249/681 1304/1267/699 1318/1285/717
f 1291/1252/684 1312/1279/711 1285/1246/678
f 1319/1288/720 1298/1261/693 1313/1282/714
f 1367/1348/708 1325/1294/654 1339/1312/672
f 1334/1309/669 1340/1315/675 1327/1300/660
f 1361/1342/702 1326/1297/657 1355/1336/696
f 1346/1321/681 1360/1339/699 1374/1357/717
f 1347/1324/684 1368/1351/711 1341/1318/678
f 1375/1360/720 1354/1333/693 1369/1354/714
f 1423/1420/708 1381/1366/654 1395/1384/672
f 1390/1381/669 1396/1387/675 1383/1372/660
f 1417/1414/702 1382/1369/657 1411/1408/696
f 1402/1393/681 1416/1411/699 1430/1429/717
f 1403/1396/684 1424/1423/711 1397/1390/678
f 1431/1432/720 1410/1405/693 1425/1426/714
f 1479/1492/708 1437/1438/654 1451/1456/672
f 1446/1453/669 1452/1459/675 1439/1444/660
f 1473/1486/702 1438/1441/657 1467/1480/696
f 1458/1465/681 1472/1483/699 1486/1501/717
f 1459/1468/684 1480/1495/711 1453/1462/678
f 1487/1504/720 1466/1477/693 1481/1498/714
f 1511/4524/1807 1535/4565/1848 1559/6404/1880
f 1497/4612/1895 1500/4515/1798 1494/4502/1785
f 1572/4599/1885 1497/4612/1895 1494/4502/1785
f 1568/4598/1884 1544/4569/1852 1520/6405/1819
f 1500/4515/1798 1509/4519/1802 1506/4514/1797
f 1506/6406/1797 1515/4528/1810 1512/6407/1814
f 1515/4528/1810 1518/6408/1813 1512/6407/1814
f 1521/4535/1818 1524/6409/1821 1518/6408/1813
f 1524/4543/1821 1533/4550/1834 1530/4555/1838
f 1530/4555/1838 1539/4559/1842 1536/4554/1837
f 1539/4559/1842 1542/4562/1845 1536/4554/1837
f 1545/4566/1849 1548/4570/1853 1542/4562/1845
f 1551/6410/1858 1554/4579/1861 1548/4581/1853
f 1557/6411/1866 1560/4587/1869 1554/4579/1861
f 1563/6412/1874 1566/4593/1877 1560/4587/1869
f 1569/6413/1881 1572/4599/1885 1566/4601/1877
f 1595/4637/1919 1619/4673/1952 1643/4715/1992
f 1581/4732/2007 1584/4614/1897 1578/4616/1899
f 1656/4720/1997 1581/4732/2007 1578/4616/1899
f 1652/4719/1996 1628/4685/1964 1604/4650/1931
f 1587/4620/1903 1590/4626/1909 1584/4614/1897
f 1593/4639/1914 1596/4634/1917 1590/4636/1909
f 1599/4641/1922 1602/4644/1925 1596/4634/1917
f 1602/4644/1925 1611/4657/1938 1608/4652/1933
f 1611/6414/1938 1614/4660/1941 1608/4662/1933
f 1614/4660/1941 1623/4675/1954 1620/4670/1949
f 1623/4675/1954 1626/4678/1957 1620/4670/1949
f 1629/4682/1961 1632/4686/1965 1626/4678/1957
f 1632/4696/1965 1641/4701/1978 1638/4694/1973
f 1641/4701/1978 1644/4704/1981 1638/4694/1973
f 1647/4709/1986 1650/4712/1989 1644/4704/1981
f 1653/6415/1993 1656/4720/1997 1650/4722/1989
f 1663/1512/728 477/696/219 1679/6416/737
f 1818/4849/2089 1662/4739/729 1666/4738/2010
f 1661/4736/726 1683/4751/2019 1665/4734/2009
f 1816/1588/800 475/691/215 1662/1513/729
f 1821/4854/2091 1666/4738/2010 1669/4743/2013
f 1665/4734/2009 1686/4754/2022 1668/6417/2011
f 1821/4854/2091 1672/4749/2017 1824/4859/2095
f 1671/6418/2016 1686/4754/2022 1689/6419/2026
f 1824/4859/2095 1674/6420/730 1828/6421/805
f 1675/1517/733 1689/4759/2026 1691/1522/738
f 1829/1592/804 1674/1514/730 476/694/217
f 1676/1516/732 1691/1522/738 478/695/218
f 1680/1520/736 479/6422/220 1696/1529/745
f 1682/4750/2018 1696/1529/745 1700/4761/2028
f 1682/4750/2018 1703/4764/2031 1685/4752/2020
f 1688/6423/2025 1703/4764/2031 1706/6424/2035
f 1692/6425/741 1706/6424/2035 1708/6426/746
f 1693/1524/740 1708/1530/746 480/698/221
f 1697/6427/744 481/699/222 1713/1537/753
f 1695/1526/742 1717/4774/2037 1699/4760/2027
f 1702/4762/2029 1717/4774/2037 1720/6428/2040
f 1702/4762/2029 1723/6429/2044 1705/6430/2034
f 1709/1533/749 1723/4784/2044 1725/1538/754
f 1710/1532/748 1725/1538/754 482/700/223
f 1714/1536/752 483/701/224 1730/1545/761
f 1712/4772/750 1734/4789/2046 1716/4770/2036
f 1716/4770/2036 1737/4793/2049 1719/4776/2038
f 1722/4782/2043 1737/4793/2049 1740/4798/2052
f 1722/4782/2043 1742/6431/762 1726/6432/757
f 1727/1540/756 1742/1546/762 484/702/225
f 1731/1544/760 485/704/227 1747/1553/769
f 1733/4786/2045 1747/4802/769 1751/4801/2054
f 1733/4786/2045 1754/4806/2057 1736/4791/2047
f 1736/4791/2047 1757/4812/2061 1739/4796/2051
f 1739/4796/2051 1759/6433/770 1743/6434/765
f 1744/1548/764 1759/1554/770 486/703/226
f 1748/1552/768 487/705/228 1764/1563/777
f 1746/1550/766 1768/4814/2063 1750/4799/2053
f 1753/6435/2055 1768/4819/2063 1771/4818/2066
f 1753/6435/2055 1774/4823/2070 1756/4809/2060
f 1756/4809/2060 1776/1564/778 1760/1558/773
f 1761/1559/772 1776/1564/778 488/6436/229
f 1765/1562/776 489/707/230 1781/1571/785
f 1763/1560/774 1785/4825/2072 1767/4813/2062
f 1770/4815/2064 1785/4830/2072 1788/4829/2075
f 1770/4815/2064 1791/4834/2079 1773/4822/2069
f 1773/4822/2069 1793/1572/786 1777/1567/781
f 1778/1566/780 1793/1572/786 490/6437/231
f 1782/1570/784 491/709/232 1798/1579/793
f 1784/4824/2071 1798/1579/793 1802/4838/2081
f 1784/4828/2071 1805/6438/2084 1787/4826/2073
f 1790/4833/2078 1805/6438/2084 1808/4847/2088
f 1790/4833/2078 1810/1580/794 1794/1575/789
f 1795/1574/788 1810/1580/794 492/6439/233
f 1799/1578/792 493/689/214 1815/1589/801
f 1797/4837/790 1819/4852/2090 1801/4835/2080
f 1801/4835/2080 1822/4856/2093 1804/4839/2082
f 1807/4845/2087 1822/4856/2093 1825/4861/2096
f 1811/6440/797 1825/4861/2096 1827/6441/802
f 1812/1585/796 1827/1590/802 494/693/216
f 1833/1596/728 499/718/219 1849/6442/737
f 1988/4977/2097 1832/4867/729 1836/4866/2010
f 1835/4862/2009 1849/1605/737 1853/4879/2019
f 1986/1672/800 497/713/215 1832/1597/729
f 1988/4977/2097 1839/4871/2013 1991/4982/2091
f 1835/4862/2009 1856/4882/2022 1838/6443/2011
f 1991/4982/2091 1842/4877/2017 1994/4987/2095
f 1838/6443/2011 1859/6444/2026 1841/6445/2016
f 1994/4987/2095 1844/6446/730 1998/6447/805
f 1841/4874/2016 1861/1606/738 1845/1601/733
f 1999/1676/804 1844/1598/730 498/716/217
f 1846/1600/732 1861/1606/738 500/717/218
f 1850/1604/736 501/6448/220 1866/1613/745
f 1848/1602/806 1870/4889/2028 1852/4878/2018
f 1852/4878/2018 1873/4892/2031 1855/4880/2020
f 1858/6449/2025 1873/4892/2031 1876/6450/2035
f 1858/6449/2025 1878/6451/746 1862/6452/741
f 1863/1608/740 1878/1614/746 502/720/221
f 1867/6453/744 503/721/222 1883/1621/753
f 1869/4888/2027 1883/4903/753 1887/4902/2037
f 1872/4890/2029 1887/4902/2037 1890/6454/2040
f 1872/4890/2029 1893/6455/2044 1875/6456/2034
f 1879/1617/749 1893/4912/2044 1895/1622/754
f 1880/1616/748 1895/1622/754 504/722/223
f 1884/1620/752 505/723/224 1900/1629/761
f 1882/4900/750 1904/4917/2046 1886/4898/2036
f 1886/4898/2036 1907/4921/2049 1889/4904/2038
f 1889/4904/2038 1910/4926/2052 1892/4910/2043
f 1892/4910/2043 1912/6457/762 1896/6458/757
f 1897/1624/756 1912/1630/762 506/724/225
f 1901/1628/760 507/726/227 1917/1637/769
f 1899/4916/758 1921/4929/2054 1903/4914/2045
f 1903/4914/2045 1924/4934/2057 1906/4919/2047
f 1906/4919/2047 1927/4940/2061 1909/4924/2051
f 1909/4924/2051 1929/6459/770 1913/6460/765
f 1914/1632/764 1929/1638/770 508/725/226
f 1918/1636/768 509/727/228 1934/1647/777
f 1916/1634/766 1938/4942/2063 1920/4927/2053
f 1923/6461/2055 1938/4947/2063 1941/4946/2066
f 1923/6461/2055 1944/4951/2070 1926/4937/2060
f 1930/1642/773 1944/4951/2070 1946/1648/778
f 1931/1643/772 1946/1648/778 510/6462/229
f 1935/1646/776 511/729/230 1951/1655/808
f 1937/4941/2062 1951/1655/808 1955/4953/2072
f 1940/4943/2064 1955/4958/2072 1958/4957/2075
f 1940/4943/2064 1961/4962/2079 1943/4950/2069
f 1947/1651/781 1961/4962/2079 1963/1656/786
f 1948/1650/780 1963/1656/786 512/6463/231
f 1952/1654/784 513/731/232 1968/1663/793
f 1950/1652/782 1972/4966/2081 1954/4952/2071
f 1954/4956/2071 1975/6464/2084 1957/4954/2073
f 1960/4961/2078 1975/6464/2084 1978/4975/2088
f 1960/4961/2078 1980/1664/794 1964/1659/789
f 1965/1658/788 1980/1664/794 514/6465/233
f 1969/1662/792 515/711/214 1985/1673/801
f 1967/4965/790 1989/4980/2090 1971/4963/2080
f 1971/4963/2080 1992/4984/2093 1974/4967/2082
f 1977/4973/2087 1992/4984/2093 1995/4989/2096
f 1977/4973/2087 1997/6466/802 1981/6467/797
f 1982/1669/796 1997/1674/802 516/715/216
f 2019/5023/2129 2043/5048/2153 2067/6468/2193
f 2005/5102/2208 2008/4990/2098 2002/4992/2100
f 2083/5097/2203 2002/4992/2100 2080/5089/2198
f 2076/5088/2197 2052/5060/2165 2028/5026/2132
f 2008/4990/2098 2017/5007/2115 2014/5002/2110
f 2017/6469/2115 2020/5021/2118 2014/6470/2110
f 2023/5014/2122 2026/5019/2126 2020/5021/2118
f 2026/5019/2126 2035/5033/2139 2032/6471/2143
f 2035/6472/2139 2038/5036/2142 2032/5038/2143
f 2041/5040/2146 2044/5045/2150 2038/5036/2142
f 2047/5050/2155 2050/5062/2167 2044/5045/2150
f 2053/5058/2163 2056/5061/2166 2050/5062/2167
f 2059/6473/2170 2062/5069/2174 2056/5071/2166
f 2065/6474/2178 2068/5077/2182 2062/5069/2174
f 2068/5077/2182 2077/6475/2194 2074/6476/2199
f 2077/5095/2194 2080/5089/2198 2074/5091/2199
f 2103/5137/2241 2127/5163/2265 2151/5205/2305
f 2089/5110/2216 2092/5116/2222 2086/5104/2210
f 2164/5220/2318 2089/5110/2216 2086/5104/2210
f 2160/5208/2308 2136/5174/2276 2112/5141/2245
f 2092/5116/2222 2101/5120/2226 2098/6477/2230
f 2101/6478/2226 2104/5135/2239 2098/5124/2230
f 2107/5129/2234 2110/5134/2238 2104/5135/2239
f 2113/5139/2243 2116/6479/2255 2110/5134/2238
f 2116/5152/2255 2125/5157/2259 2122/5150/2254
f 2125/5157/2259 2128/5160/2262 2122/5150/2254
f 2128/5160/2262 2137/5172/2274 2134/5176/2278
f 2134/5176/2278 2143/5181/2283 2140/6480/2287
f 2140/5186/2287 2149/5189/2290 2146/5184/2286
f 2149/5189/2290 2152/5194/2294 2146/5184/2286
f 2152/5194/2294 2161/5207/2307 2158/6481/2310
f 2161/6482/2307 2164/5220/2318 2158/5210/2310
f 2174/1680/811 2187/5251/2326 2190/1693/820
f 2170/5235/2329 517/6483/18 2186/5236/2330
f 2322/5334/2398 517/6483/18 2170/5235/2329
f 2327/1768/883 2169/6484/2399 2173/1682/812
f 2329/5325/2391 2173/1682/812 2177/5225/2323
f 2176/5224/2322 2190/1693/820 2194/5229/2325
f 2329/5325/2391 2179/1684/813 2333/1773/888
f 2176/5224/2322 2196/6485/821 2180/6486/816
f 2334/6487/887 2179/6488/813 2184/5239/2333
f 2181/1689/815 2196/1694/821 2200/5237/2331
f 518/6489/14 2183/5241/2335 2201/5248/2340
f 518/6489/14 2337/5329/2394 2183/5241/2335
f 2191/1692/819 2204/6490/2348 2207/1701/828
f 2186/5236/2330 517/6483/18 2203/5249/2341
f 2189/1690/817 2211/5243/2337 2193/5228/2324
f 2193/5228/2324 2213/6491/829 2197/6492/824
f 2198/1696/823 2213/1702/829 2217/5246/2338
f 518/6489/14 2201/5248/2340 2218/5258/2346
f 2208/1700/827 2221/6493/2358 2224/1710/836
f 2203/5249/2341 517/6483/18 2220/5270/2356
f 2206/1698/825 2228/5254/2344 2210/5242/2336
f 2214/6494/832 2228/5254/2344 2230/6495/837
f 2215/1704/831 2230/1712/837 2234/5265/2351
f 518/6489/14 2218/5258/2346 2235/5268/2354
f 2225/1708/835 2238/6496/2362 2241/1721/844
f 2220/5270/2356 517/6483/18 2237/5269/2355
f 2223/1706/833 2245/5263/2350 2227/5253/2343
f 2227/5253/2343 2247/1722/845 2231/1716/840
f 2232/1714/839 2247/6497/845 2251/6498/2404
f 518/6489/14 2235/5268/2354 2252/5267/2353
f 2242/6499/843 2255/5293/2371 2258/6500/852
f 2237/5269/2355 517/6483/18 2254/5290/2368
f 2244/5262/2349 2258/1730/852 2262/5275/2360
f 2244/5262/2349 2264/1732/853 2248/1725/848
f 2249/1724/847 2264/1732/853 2268/6501/2365
f 518/6489/14 2252/5267/2353 2269/5282/2364
f 2259/1728/851 2272/5292/2370 2275/1741/860
f 2254/5290/2368 517/6483/18 2271/6502/2408
f 2261/5276/2359 2275/5288/860 2279/5287/2367
f 2265/1736/856 2279/5287/2367 2281/1742/861
f 2266/1737/855 2281/1742/861 2285/5297/2374
f 518/6489/14 2269/5282/2364 2286/5295/2373
f 2276/1740/859 2289/5309/2380 2292/1749/868
f 2271/6502/2408 517/6483/18 2288/5311/2382
f 2274/5286/857 2296/5302/2376 2278/5284/2366
f 2278/5284/2366 2298/1750/869 2282/1745/864
f 2283/1744/863 2298/1750/869 2302/5307/2379
f 518/6489/14 2286/5295/2373 2303/5306/2378
f 2293/1748/867 2306/5323/2389 2309/1758/876
f 2288/5311/2382 517/6483/18 2305/5324/2390
f 2291/5301/865 2313/5316/2384 2295/5299/2375
f 2299/1753/872 2313/5316/2384 2315/1760/877
f 2300/1752/871 2315/1760/877 2319/5321/2387
f 518/6489/14 2303/5306/2378 2320/5319/2386
f 2310/1759/875 2323/5333/2397 2326/6503/884
f 2305/5324/2390 517/6483/18 2322/5334/2398
f 2308/1754/873 2330/5326/2392 2312/5312/2383
f 2316/1764/880 2330/5326/2392 2332/1770/885
f 2317/1765/879 2332/1770/885 2336/6504/2395
f 518/6489/14 2320/5319/2386 2337/5329/2394
f 2344/1776/811 2357/5363/2326 2360/1789/820
f 2340/5449/2329 519/6505/18 2356/5347/2330
f 2492/5447/2398 519/6505/18 2340/5449/2329
f 2497/1864/891 2339/6506/2399 2343/1778/812
f 2499/5438/2391 2343/1778/812 2347/5337/2323
f 2346/5336/2322 2360/1789/820 2364/5341/2325
f 2499/5438/2391 2349/1780/813 2503/1869/888
f 2346/5336/2322 2366/6507/821 2350/6508/816
f 2504/6509/887 2349/6510/813 2354/5350/2333
f 2351/1785/815 2366/1790/821 2370/5348/2331
f 520/6511/14 2353/5352/2335 2371/5351/2340
f 520/6511/14 2507/5442/2394 2353/5352/2335
f 2361/1788/819 2374/5362/2348 2377/1797/828
f 2356/5347/2330 519/6505/18 2373/5360/2341
f 2363/5340/2324 2377/1797/828 2381/5354/2337
f 2363/5340/2324 2383/6512/829 2367/6513/824
f 2368/1792/823 2383/1798/829 2387/5357/2338
f 520/6511/14 2371/5351/2340 2388/5370/2346
f 2378/1796/827 2391/6514/2358 2394/1806/836
f 2373/5360/2341 519/6505/18 2390/5371/2356
f 2380/5353/2401 2394/1806/836 2398/5365/2344
f 2384/6515/832 2398/5365/2344 2400/6516/837
f 2385/1800/831 2400/1808/837 2404/5379/2405
f 520/6511/14 2388/5370/2346 2405/5369/2354
f 2395/1804/835 2408/6517/2362 2411/1817/844
f 2390/5371/2356 519/6505/18 2407/5381/2355
f 2393/1802/833 2415/5376/2350 2397/5364/2343
f 2397/5364/2343 2417/1818/845 2401/1812/840
f 2402/1810/839 2417/6518/845 2421/5378/2404
f 520/6511/14 2405/5369/2354 2422/5393/2353
f 2412/6519/843 2425/5391/2371 2428/6520/852
f 2407/5381/2355 519/6505/18 2424/5404/2368
f 2410/1814/841 2432/5386/2360 2414/5375/2349
f 2414/5375/2349 2434/1828/853 2418/1821/848
f 2419/1820/889 2434/1828/853 2438/6521/2365
f 520/6511/14 2422/5393/2353 2439/5395/2364
f 2429/1824/851 2442/5405/2370 2445/1837/860
f 2424/5404/2368 519/6505/18 2441/5403/2408
f 2431/5387/2359 2445/5401/860 2449/5400/2407
f 2431/5387/2359 2451/1838/861 2435/1832/856
f 2436/1833/855 2451/1838/861 2455/5409/2374
f 520/6511/14 2439/5395/2364 2456/5406/2373
f 2446/1836/859 2459/5421/2380 2462/1845/868
f 2441/5403/2408 519/6505/18 2458/5424/2382
f 2444/5399/857 2466/5414/2376 2448/5397/2366
f 2448/5397/2366 2468/1846/869 2452/1841/864
f 2453/1840/863 2468/1846/869 2472/5419/2379
f 520/6511/14 2456/5406/2373 2473/5418/2378
f 2463/1844/867 2476/5436/2389 2479/1854/876
f 2458/5424/2382 519/6505/18 2475/5437/2390
f 2461/5413/865 2483/5429/2384 2465/5411/2409
f 2469/1849/872 2483/5429/2384 2485/1856/877
f 2470/1848/890 2485/1856/877 2489/5434/2387
f 520/6511/14 2473/5418/2378 2490/5432/2386
f 2480/1855/875 2493/5446/2397 2496/6522/884
f 2475/5437/2390 519/6505/18 2492/5447/2398
f 2478/1850/873 2500/5439/2392 2482/5425/2383
f 2482/5425/2383 2502/1866/885 2486/1860/880
f 2487/1861/879 2502/1866/885 2506/6523/2395
f 520/6511/14 2490/5432/2386 2507/5442/2394
f 2551/1924/708 2509/1870/654 2523/1888/672
f 2518/1885/669 2524/1891/675 2511/1876/660
f 2545/1918/702 2510/1873/657 2539/1912/696
f 2530/1897/681 2544/1915/699 2558/1933/717
f 2531/1900/684 2552/1927/711 2525/1894/678
f 2559/1936/720 2538/1909/693 2553/1930/714
f 2607/1996/708 2565/1942/654 2579/1960/672
f 2574/1957/669 2580/1963/675 2567/1948/660
f 2601/1990/702 2566/1945/657 2595/1984/696
f 2586/1969/681 2600/1987/699 2614/2005/717
f 2587/1972/684 2608/1999/711 2581/1966/678
f 2615/2008/720 2594/1981/693 2609/2002/714
f 2663/2068/708 2621/2014/654 2635/2032/672
f 2630/2029/669 2636/2035/675 2623/2020/660
f 2657/2062/702 2622/2017/657 2651/2056/696
f 2642/2041/681 2656/2059/699 2670/2077/717
f 2643/2044/684 2664/2071/711 2637/2038/678
f 2671/2080/720 2650/2053/693 2665/2074/714
f 2719/2140/708 2677/2086/654 2691/2104/672
f 2686/2101/669 2692/2107/675 2679/2092/660
f 2713/2134/702 2678/2089/657 2707/2128/696
f 2698/2113/681 2712/2131/699 2726/2149/717
f 2699/2116/684 2720/2143/711 2693/2110/678
f 2727/2152/720 2706/2125/693 2721/2146/714
f 2775/2212/708 2733/2158/654 2747/2176/672
f 2742/2173/669 2748/2179/675 2735/2164/660
f 2769/2206/702 2734/2161/657 2763/2200/696
f 2754/2185/681 2768/2203/699 2782/2221/717
f 2755/2188/684 2776/2215/711 2749/2182/678
f 2783/2224/720 2762/2197/693 2777/2218/714
f 2831/2284/708 2789/2230/654 2803/2248/672
f 2798/2245/669 2804/2251/675 2791/2236/660
f 2825/2278/702 2790/2233/657 2819/2272/696
f 2810/2257/681 2824/2275/699 2838/2293/717
f 2811/2260/684 2832/2287/711 2805/2254/678
f 2839/2296/720 2818/2269/693 2833/2290/714
f 2887/2356/708 2845/2302/654 2859/2320/672
f 2854/2317/669 2860/2323/675 2847/2308/660
f 2881/2350/702 2846/2305/657 2875/2344/696
f 2866/2329/681 2880/2347/699 2894/2365/717
f 2867/2332/684 2888/2359/711 2861/2326/678
f 2895/2368/720 2874/2341/693 2889/2362/714
f 2943/2428/708 2901/2374/654 2915/2392/672
f 2910/2389/669 2916/2395/675 2903/2380/660
f 2937/2422/702 2902/2377/657 2931/2416/696
f 2922/2401/681 2936/2419/699 2950/2437/717
f 2923/2404/684 2944/2431/711 2917/2398/678
f 2951/2440/720 2930/2413/693 2945/2434/714
f 2999/2494/510 3055/2558/574 3111/2621/638
f 2965/2459/475 2972/2467/483 2959/2453/469
f 3119/2634/651 2958/2451/467 3113/2628/645
f 3104/2613/962 3048/2550/566 2992/2486/935
f 2979/2475/491 2986/5603/499 2973/2469/485
f 2993/2491/507 3000/2499/515 2987/2485/501
f 3007/2507/523 3014/2515/531 3001/2501/517
f 3021/6524/948 3028/2531/547 3015/5609/533
f 3035/2539/555 3042/2547/563 3029/2533/549
f 3049/2555/571 3056/2563/579 3043/2549/565
f 3063/2571/587 3070/6525/595 3057/2565/581
f 3077/2587/603 3084/2595/611 3071/2581/597
f 3091/2602/619 3098/2610/627 3085/2596/613
f 3105/6526/635 3112/2626/643 3099/6527/629
f 3167/2691/708 3125/2637/654 3139/2655/672
f 3134/2652/669 3140/2658/675 3127/2643/660
f 3161/2685/702 3126/2640/657 3155/2679/696
f 3146/2664/681 3160/2682/699 3174/2700/717
f 3147/2667/684 3168/2694/711 3141/2661/678
f 3175/2703/720 3154/2676/693 3169/2697/714
f 3223/2763/708 3181/2709/654 3195/2727/672
f 3190/2724/669 3196/2730/675 3183/2715/660
f 3217/2757/702 3182/2712/657 3211/2751/696
f 3202/2736/681 3216/2754/699 3230/2772/717
f 3203/2739/684 3224/2766/711 3197/2733/678
f 3231/2775/720 3210/2748/693 3225/2769/714
f 3400/2889/1102 757/6528/18 3238/2784/1002
f 3238/2784/1002 757/6528/18 3262/2801/1018
f 3405/5768/2499 3237/2781/999 3245/5674/2441
f 3244/5671/2440 3261/6529/1016 3268/5692/2449
f 3405/5772/2499 3248/5677/2444 3408/5770/2501
f 3244/5671/2440 3271/5691/2452 3247/5675/2442
f 3408/5770/2501 3251/5684/2447 3411/6530/2506
f 3250/6531/2446 3271/5691/2452 3274/6532/2456
f 3411/6530/2506 3253/6533/1006 3414/6534/1104
f 3254/2791/1009 3274/5699/2456 3278/2808/1025
f 758/6535/14 3415/2894/1107 3255/2793/1011
f 758/6535/14 3255/2793/1011 3277/2806/1023
f 3260/2795/1013 3291/5701/2458 3267/5685/2448
f 3262/2801/1018 757/6528/18 3285/2815/1032
f 3267/5685/2448 3294/5704/2461 3270/5688/2450
f 3270/5688/2450 3297/6536/2464 3273/6537/2455
f 3276/2803/1020 3297/5709/2464 3301/2823/1039
f 758/6535/14 3277/2806/1023 3300/2821/1037
f 3290/5700/2457 3307/2828/1044 3314/5714/2466
f 3285/2815/1032 757/6528/18 3308/2831/1046
f 3290/5700/2457 3317/5719/2469 3293/5702/2459
f 3293/5702/2459 3320/6538/2473 3296/6539/2463
f 3296/5707/2463 3324/2838/1053 3299/2818/1034
f 758/6535/14 3300/2821/1037 3323/2836/1051
f 3313/5717/2465 3330/5731/1058 3337/5730/2475
f 3308/2831/1046 757/6528/18 3331/2845/1060
f 3313/5717/2465 3340/5735/2478 3316/5715/2467
f 3316/5715/2467 3343/6540/2481 3319/6541/2472
f 3319/5724/2472 3347/2852/1067 3322/2833/1048
f 758/6535/14 3323/2836/1051 3346/2850/1065
f 3329/2840/1055 3360/5743/2483 3336/5728/2474
f 3331/2845/1060 757/6528/18 3354/2859/1074
f 3339/5732/2476 3360/5749/2483 3363/5748/2486
f 3339/5732/2476 3366/6542/2490 3342/5738/2480
f 3342/5738/2480 3370/6543/1081 3345/6544/1062
f 758/6535/14 3346/2850/1065 3369/2864/1079
f 3352/2854/1069 3383/5757/2492 3359/5742/2482
f 3354/2859/1074 757/6528/18 3377/2874/1088
f 3359/5746/2482 3386/5761/2495 3362/5744/2484
f 3362/5744/2484 3389/5766/2498 3365/5754/2489
f 3368/2861/1076 3389/5766/2498 3393/2882/1095
f 758/6535/14 3369/2864/1079 3392/2879/1093
f 3382/5756/2491 3399/2887/1100 3406/5769/2500
f 3377/2874/1088 757/6528/18 3400/2889/1102
f 3382/5760/2491 3409/5774/2503 3385/5758/2493
f 3388/5765/2497 3409/5774/2503 3412/5782/2507
f 3388/5765/2497 3416/2896/1109 3391/2876/1090
f 758/6535/14 3392/2879/1093 3415/2894/1107
f 3584/3007/1102 759/6545/18 3422/2902/1002
f 3422/2902/1002 759/6545/18 3446/2919/1018
f 3589/5883/2499 3421/2899/999 3429/5788/2441
f 3428/5785/2440 3445/6546/1016 3452/5806/2449
f 3592/5885/2501 3429/5792/2441 3432/5791/2444
f 3428/5785/2440 3455/5805/2452 3431/5789/2442
f 3592/5885/2501 3435/5798/2447 3595/6547/2506
f 3431/5789/2442 3458/6548/2456 3434/6549/2446
f 3595/6547/2506 3437/6550/1006 3598/6551/1104
f 3438/2909/1009 3458/5813/2456 3462/2926/1025
f 760/6552/14 3599/3012/1107 3439/2911/1011
f 760/6552/14 3439/2911/1011 3461/2924/1023
f 3444/2913/1013 3475/5815/2458 3451/5799/2448
f 3446/2919/1018 759/6545/18 3469/2933/1032
f 3451/5799/2448 3478/5818/2461 3454/5802/2450
f 3454/5802/2450 3481/6553/2464 3457/6554/2455
f 3460/2921/1020 3481/5823/2464 3485/2941/1039
f 760/6552/14 3461/2924/1023 3484/2939/1037
f 3474/5814/2457 3491/2946/1044 3498/5828/2466
f 3469/2933/1032 759/6545/18 3492/2949/1046
f 3474/5814/2457 3501/5833/2469 3477/5816/2459
f 3477/5816/2459 3504/6555/2473 3480/6556/2463
f 3480/5821/2463 3508/2956/1053 3483/2936/1034
f 760/6552/14 3484/2939/1037 3507/2954/1113
f 3490/6557/1112 3521/5844/2508 3497/5831/2465
f 3492/2949/1046 759/6545/18 3515/2963/1060
f 3497/5831/2465 3524/5849/2478 3500/5829/2467
f 3503/6558/2472 3524/5849/2478 3527/6559/2481
f 3503/5838/2472 3531/2970/1067 3506/2951/1048
f 760/6552/14 3507/2954/1113 3530/2968/1065
f 3513/2958/1114 3544/5857/2483 3520/5842/2474
f 3515/2963/1060 759/6545/18 3538/2977/1074
f 3520/5848/2474 3547/5862/2486 3523/5846/2476
f 3523/5846/2476 3550/6560/2490 3526/5852/2480
f 3529/6561/1116 3550/6560/2490 3554/6562/1119
f 760/6552/14 3530/2968/1065 3553/2982/1079
f 3536/2972/1069 3567/5871/2492 3543/5856/2482
f 3538/2977/1074 759/6545/18 3561/2992/1088
f 3543/5860/2482 3570/5875/2495 3546/5858/2484
f 3546/5858/2484 3573/5880/2498 3549/5868/2489
f 3552/2979/1117 3573/5880/2498 3577/3000/1095
f 760/6552/14 3553/2982/1079 3576/2997/1093
f 3566/5870/2491 3583/3005/1123 3590/5884/2500
f 3561/2992/1088 759/6545/18 3584/3007/1102
f 3566/5874/2491 3593/5889/2503 3569/5872/2493
f 3569/5872/2493 3596/5897/2507 3572/5879/2497
f 3575/2994/1122 3596/5897/2507 3600/3014/1124
f 760/6552/14 3576/2997/1093 3599/3012/1107
f 3647/3071/708 3605/3017/654 3619/3035/672
f 3614/3032/669 3620/3038/675 3607/3023/660
f 3641/3065/702 3606/3020/657 3635/3059/696
f 3626/3044/681 3640/3062/699 3654/3080/717
f 3627/3047/684 3648/3074/711 3621/3041/678
f 3655/3083/720 3634/3056/693 3649/3077/714
f 3703/3143/708 3661/3089/654 3675/3107/672
f 3670/3104/669 3676/3110/675 3663/3095/660
f 3697/3137/702 3662/3092/657 3691/3131/696
f 3682/3116/681 3696/3134/699 3710/3152/717
f 3683/3119/684 3704/3146/711 3677/3113/678
f 3711/3155/720 3690/3128/693 3705/3149/714
f 3874/3269/1102 761/6563/18 3719/3166/1002
f 3719/3166/1002 761/6563/18 3736/3181/1018
f 3717/6045/1138 3742/5952/2514 3895/6043/2555
f 3872/3264/1183 3896/6046/2556 3879/6027/2549
f 3724/6047/2442 3742/5952/2514 3745/5951/2452
f 3885/6564/2553 3725/6049/2444 3899/6056/2560
f 3879/6031/2549 3725/6049/2444 3882/6029/2501
f 3724/6047/2442 3748/6565/2518 3898/6566/2559
f 762/6567/14 3889/3274/1107 3728/3171/1011
f 762/6567/14 3728/3171/1011 3751/3186/1023
f 3898/6053/2559 3752/3188/1150 3727/3168/1140
f 3888/6568/1187 3899/6056/2560 3729/6569/1142
f 3734/3175/1144 3765/5961/2520 3741/5945/2513
f 3736/3181/1018 761/6563/18 3759/3195/1032
f 3741/5945/2513 3768/5964/2461 3744/5948/2450
f 3744/5948/2450 3771/6570/2524 3747/6571/2517
f 3747/5957/2517 3775/3203/1039 3750/3183/1147
f 762/6567/14 3751/3186/1023 3774/3201/1037
f 3757/3190/1152 3788/5973/2526 3764/5960/2519
f 3759/3195/1032 761/6563/18 3782/3211/1161
f 3764/5960/2519 3791/5978/2469 3767/5962/2459
f 3767/5962/2459 3794/6572/2530 3770/6573/2523
f 3773/3198/1034 3794/5985/2530 3798/3218/1053
f 762/6567/14 3774/3201/1037 3797/3216/1113
f 3780/6574/1158 3811/5989/2532 3787/5976/2525
f 3782/3211/1161 761/6563/18 3805/3225/1060
f 3790/5974/2467 3811/5989/2532 3814/5994/2478
f 3790/5974/2467 3817/6575/2536 3793/6576/2529
f 3793/5983/2529 3821/3232/1169 3796/3213/1163
f 762/6567/14 3797/3216/1113 3820/3230/1065
f 3803/3220/1055 3834/6002/2538 3810/5987/2531
f 3805/3225/1060 761/6563/18 3828/3239/1074
f 3813/5991/2476 3834/6008/2538 3837/6007/2486
f 3813/5991/2476 3840/6577/2542 3816/5997/2535
f 3819/6578/1167 3840/6577/2542 3844/6579/1176
f 762/6567/14 3820/3230/1065 3843/3244/1174
f 3826/3234/1170 3857/6016/2544 3833/6001/2537
f 3828/3239/1074 761/6563/18 3851/3254/1088
f 3836/6003/2484 3857/6021/2544 3860/6020/2495
f 3836/6003/2484 3863/6025/2548 3839/6013/2541
f 3839/6013/2541 3867/3262/1095 3842/3241/1076
f 762/6567/14 3843/3244/1174 3866/3259/1093
f 3849/3249/1120 3880/6028/2550 3856/6015/2543
f 3851/3254/1088 761/6563/18 3874/3269/1102
f 3856/6019/2543 3883/6033/2503 3859/6017/2493
f 3862/6024/2547 3883/6033/2503 3886/6041/2554
f 3862/6024/2547 3890/3276/1189 3865/3256/1122
f 762/6567/14 3866/3259/1093 3889/3274/1107
f 4058/3387/1102 763/6580/18 3903/3284/1002
f 3903/3284/1002 763/6580/18 3920/3299/1018
f 4079/6156/2555 3919/6581/1145 3926/6064/2514
f 4056/3382/1183 4080/6159/2556 4063/6139/2549
f 4079/6156/2555 3929/6063/2452 3908/6160/2442
f 4066/6141/2501 4083/6169/2560 4069/6582/2553
f 4066/6141/2501 4080/6163/2556 3909/6162/2444
f 3908/6160/2442 3932/6583/2518 4082/6584/2559
f 764/6585/14 4073/3392/1107 3912/3289/1011
f 764/6585/14 3912/3289/1011 3935/3304/1023
f 4082/6166/2559 3936/3306/1150 3911/3286/1140
f 4069/6582/2553 3913/6586/1142 4072/6587/1187
f 3918/3293/1144 3949/6073/2520 3925/6057/2513
f 3920/3299/1018 763/6580/18 3943/3313/1032
f 3928/6060/2450 3949/6073/2520 3952/6076/2461
f 3928/6060/2450 3955/6588/2524 3931/6589/2517
f 3931/6069/2517 3959/3321/1039 3934/3301/1147
f 764/6585/14 3935/3304/1023 3958/3319/1037
f 3941/3308/1152 3972/6085/2526 3948/6072/2519
f 3943/3313/1032 763/6580/18 3966/3329/1161
f 3948/6072/2519 3975/6090/2469 3951/6074/2459
f 3954/6590/2523 3975/6090/2469 3978/6591/2530
f 3954/6079/2523 3982/3336/1053 3957/3316/1034
f 764/6585/14 3958/3319/1037 3981/3334/1113
f 3964/6592/1158 3995/6101/2532 3971/6088/2525
f 3966/3329/1161 763/6580/18 3989/3343/1060
f 3971/6088/2525 3998/6106/2478 3974/6086/2467
f 3977/6593/2529 3998/6106/2478 4001/6594/2536
f 3977/6095/2529 4005/3350/1169 3980/3331/1163
f 764/6585/14 3981/3334/1113 4004/3348/1065
f 3987/3338/1055 4018/6114/2538 3994/6099/2531
f 3989/3343/1060 763/6580/18 4012/3357/1074
f 3997/6103/2476 4018/6120/2538 4021/6119/2486
f 3997/6103/2476 4024/6595/2542 4000/6109/2535
f 4000/6109/2535 4028/6596/1176 4003/6597/1167
f 764/6585/14 4004/3348/1065 4027/3362/1174
f 4017/6113/2537 4034/3370/1179 4041/6128/2544
f 4012/3357/1074 763/6580/18 4035/3372/1088
f 4017/6117/2537 4044/6132/2495 4020/6115/2484
f 4020/6115/2484 4047/6137/2548 4023/6125/2541
f 4023/6125/2541 4051/3380/1095 4026/3359/1076
f 764/6585/14 4027/3362/1174 4050/3377/1093
f 4033/3367/1120 4064/6140/2550 4040/6127/2543
f 4035/3372/1088 763/6580/18 4058/3387/1102
f 4040/6131/2543 4067/6145/2503 4043/6129/2493
f 4043/6129/2493 4070/6153/2554 4046/6136/2547
f 4046/6136/2547 4074/3394/1189 4049/3374/1122
f 764/6585/14 4050/3377/1093 4073/3392/1107
f 4085/3399/1197 4107/6171/1217 4117/6178/1230
f 4089/3407/1205 4100/3420/1216 4108/6172/1222
f 4096/3408/1206 4088/3406/1204 4137/3453/1249
f 4086/3401/1199 4116/6177/1228 4128/6184/1240
f 4087/3402/1200 4127/6182/1239 4138/3458/1253
f 4097/3413/1211 4136/3452/1248 4188/3514/1302
f 4098/3414/1212 4187/6193/1297 4147/3466/1259
f 4109/3427/1223 4099/3417/1213 4150/3472/1265
f 4109/3427/1223 4150/3472/1265 4158/3479/1271
f 4118/6598/1231 4110/3429/1225 4157/3476/1269
f 4119/3439/1235 4156/3475/1268 4169/3493/1284
f 4129/3448/1244 4120/6599/1236 4168/3489/1280
f 4130/3449/1245 4167/3486/1277 4179/3503/1291
f 4139/3459/1254 4130/3449/1245 4179/3503/1291
f 4140/3462/1255 4178/3502/1290 4189/6600/1303
f 4159/3483/1275 4149/6200/1264 4198/3520/1308
f 4148/6601/1260 4191/6204/1307 4199/3525/1313
f 4170/3494/1285 4160/3484/1276 4202/3530/1318
f 4180/6206/1295 4171/3499/1287 4201/3528/1316
f 4190/6202/1306 4181/6602/1296 4200/3527/1315
f 4251/3585/708 4209/3531/654 4223/3549/672
f 4218/3546/669 4224/3552/675 4211/3537/660
f 4245/3579/702 4210/3534/657 4239/3573/696
f 4230/3558/681 4244/3576/699 4258/3594/717
f 4231/3561/684 4252/3588/711 4225/3555/678
f 4259/3597/720 4238/3570/693 4253/3591/714
f 4283/6263/2593 4307/6297/2625 4331/6331/2657
f 4269/6348/2672 4272/6230/2562 4266/6232/2564
f 4347/6343/2667 4266/6232/2564 4344/6336/2662
f 4340/6334/2660 4316/6300/2628 4292/6266/2596
f 4275/6603/2568 4278/6253/2583 4272/6242/2562
f 4281/6247/2578 4284/6252/2582 4278/6253/2583
f 4287/6256/2586 4290/6260/2590 4284/6252/2582
f 4293/6265/2595 4296/6268/2598 4290/6260/2590
f 4299/6604/2603 4302/6276/2606 4296/6278/2598
f 4305/6281/2610 4308/6295/2623 4302/6276/2606
f 4311/6291/2619 4314/6294/2622 4308/6295/2623
f 4317/6307/2627 4320/6312/2638 4314/6302/2622
f 4320/6312/2638 4329/6317/2643 4326/6321/2647
f 4326/6321/2647 4335/6325/2651 4332/6320/2646
f 4335/6325/2651 4338/6328/2654 4332/6320/2646
f 4341/6341/2658 4344/6336/2662 4338/6338/2654
f 4391/3652/1370 4447/3718/1434 4475/3750/1466
f 4357/3616/1335 4364/3624/1343 4351/3610/1329
f 4483/3764/1479 4350/3608/1327 4477/3758/1473
f 4468/3742/1458 4412/3676/1394 4384/3644/1362
f 4371/3632/1351 4378/3641/1359 4365/6353/1345
f 4385/3649/1367 4392/3657/1375 4379/3643/1361
f 4399/3665/1383 4406/6605/1391 4393/3659/1377
f 4413/3681/1399 4420/3690/1407 4407/3675/1393
f 4427/3698/1415 4434/3706/1423 4421/3692/1409
f 4441/6606/1431 4448/3723/1439 4435/3709/1425
f 4455/3731/1447 4462/3739/1455 4449/3725/1441
f 4469/3747/1463 4476/3755/1471 4463/3741/1457
f 4531/3817/1530 4559/3851/1562 4587/3884/1594
f 4497/3778/1493 4504/3788/1503 4491/3773/1488
f 4595/3898/1607 4490/3770/1485 4589/3892/1601
f 4580/3876/1586 4552/3843/1554 4524/3809/1522
f 4511/3797/1511 4518/3806/1519 4505/3791/1505
f 4519/3808/1521 4540/3834/1545 4532/3822/1535
f 4539/3831/1543 4546/3840/1551 4533/3825/1537
f 4553/3848/1559 4560/3854/1565 4547/3842/1553
f 4567/3865/1575 4574/3872/1581 4561/3857/1568
f 4581/3881/1591 4588/3889/1599 4575/3874/1584
f 4/1/1 12/18/17 13/2/2
f 2/4/4 9/20/19 10/5/5
f 6/7/7 16/22/20 17/8/8
f 127/10/10 5/3/3 13/2/2
f 126/12/6 10/6607/5 11/13/12
f 127/10/10 14/11/11 15/16/15
f 3/14/13 11/13/12 12/18/17
f 128/21/16 15/32/15 16/22/20
f 12/18/17 21/30/27 22/23/21
f 9/20/19 18/31/28 19/24/22
f 16/22/20 25/33/29 26/25/23
f 13/2/2 22/23/21 23/26/24
f 10/5/5 19/24/22 20/27/25
f 14/11/11 23/26/24 24/29/26
f 11/13/12 20/6608/25 21/30/27
f 15/32/15 24/35/26 25/33/29
f 24/35/26 33/53/37 34/36/31
f 21/37/27 30/49/38 31/38/32
f 19/24/22 18/31/28 27/34/30
f 26/25/23 25/33/29 34/36/31
f 22/39/21 31/38/32 32/42/35
f 20/44/25 19/6609/22 28/45/33
f 24/47/26 23/43/24 32/42/35
f 20/44/25 29/46/36 30/49/38
f 30/49/38 29/46/36 38/50/39
f 33/53/37 42/65/47 43/54/42
f 30/49/38 39/51/40 40/55/43
f 27/34/30 36/52/41 37/56/44
f 34/36/31 43/54/42 44/57/45
f 31/38/32 40/55/43 41/58/46
f 28/45/33 37/70/44 38/50/39
f 32/42/35 41/58/46 42/59/47
f 41/58/46 50/69/56 51/61/49
f 39/51/40 38/50/39 47/62/50
f 42/65/47 51/84/49 52/66/53
f 39/51/40 48/63/51 49/67/54
f 36/52/41 45/64/52 46/68/55
f 44/57/45 43/54/42 52/66/53
f 40/55/43 49/67/54 50/69/56
f 37/70/44 46/6610/55 47/62/50
f 49/71/54 58/86/65 59/72/57
f 47/74/50 46/68/55 55/75/58
f 50/73/56 59/72/57 60/78/61
f 47/80/50 56/94/59 57/81/62
f 51/84/49 60/98/61 61/85/64
f 48/82/51 57/81/62 58/86/65
f 45/64/52 54/83/63 55/75/58
f 52/66/53 61/85/64 62/77/60
f 54/83/63 63/97/74 64/87/66
f 62/77/60 61/85/64 70/88/67
f 59/72/57 58/86/65 67/90/69
f 55/92/58 64/6611/66 65/93/71
f 59/72/57 68/91/70 69/95/72
f 57/81/62 56/94/59 65/93/71
f 60/98/61 69/6612/72 70/88/67
f 57/81/62 66/96/73 67/90/69
f 66/96/73 75/107/82 76/99/75
f 63/97/74 72/108/83 73/100/76
f 71/89/68 70/88/67 79/101/77
f 67/90/69 76/99/75 77/103/79
f 65/104/71 64/87/66 73/100/76
f 68/91/70 77/103/79 78/106/81
f 65/93/71 74/6613/80 75/107/82
f 69/95/72 78/106/81 79/109/77
f 79/112/77 78/6614/81 87/113/85
f 75/107/82 84/122/92 85/115/87
f 72/108/83 81/111/84 82/116/88
f 79/101/77 88/6615/86 89/117/89
f 77/103/79 76/99/75 85/115/87
f 74/105/80 73/100/76 82/116/88
f 77/103/79 86/118/90 87/120/85
f 75/107/82 74/6613/80 83/121/91
f 86/123/90 95/135/100 96/124/93
f 83/119/91 92/136/101 93/125/94
f 88/114/86 87/113/85 96/124/93
f 84/129/92 93/142/94 94/130/97
f 81/111/84 90/127/95 91/132/98
f 89/117/89 88/6615/86 97/133/96
f 85/131/87 94/130/97 95/135/100
f 82/116/88 91/132/98 92/136/101
f 91/132/98 100/146/109 101/137/102
f 95/135/100 104/147/110 105/139/104
f 92/140/101 101/6616/102 102/141/105
f 96/124/93 105/139/104 106/144/107
f 93/142/94 102/141/105 103/145/108
f 90/127/95 99/143/106 100/146/109
f 97/133/96 106/158/107 107/138/103
f 94/130/97 103/145/108 104/147/110
f 103/145/108 112/156/118 113/148/111
f 100/146/109 109/157/119 110/149/112
f 104/147/110 113/148/111 114/151/114
f 101/137/102 110/149/112 111/152/115
f 106/144/107 105/139/104 114/151/114
f 102/141/105 111/6617/115 112/156/118
f 99/143/106 108/154/116 109/157/119
f 106/158/107 115/6618/117 116/150/113
f 108/154/116 117/171/127 118/159/120
f 116/150/113 115/6618/117 124/160/121
f 112/162/118 121/173/128 122/163/123
f 109/157/119 118/159/120 119/165/124
f 113/164/111 122/163/123 123/166/125
f 110/168/112 119/177/124 120/169/126
f 114/151/114 123/6619/125 124/172/121
f 111/170/115 120/169/126 121/173/128
f 123/166/125 128/17/16 6/174/7
f 120/169/126 4/1/1 5/3/3
f 117/171/127 2/4/4 126/6/6
f 124/160/121 6/7/7 7/9/9
f 122/163/123 121/173/128 5/3/3
f 118/159/120 126/6/6 3/176/13
f 122/163/123 127/10/10 128/17/16
f 119/177/124 3/14/13 4/1/1
f 134/178/129 141/199/139 142/179/130
f 132/181/3 139/193/140 140/182/132
f 130/184/134 137/6620/141 138/185/135
f 134/191/129 133/183/133 140/182/132
f 131/186/136 138/185/135 139/193/140
f 213/187/137 136/189/138 137/194/141
f 140/197/132 147/217/146 148/198/143
f 138/200/135 145/206/147 146/201/144
f 136/189/138 143/207/148 144/203/145
f 141/199/139 148/198/143 149/196/142
f 139/193/140 146/6621/144 147/204/146
f 137/205/141 144/212/145 145/206/147
f 146/201/144 145/206/147 152/208/149
f 143/210/148 150/227/154 151/211/151
f 148/198/143 155/218/155 156/213/152
f 146/201/144 153/209/150 154/214/153
f 144/212/145 151/211/151 152/208/149
f 147/217/146 154/6622/153 155/218/155
f 155/218/155 162/231/162 163/219/156
f 154/214/153 153/209/150 160/220/157
f 152/208/149 151/211/151 158/222/159
f 155/225/155 154/214/153 161/221/158
f 152/208/149 159/223/160 160/220/157
f 150/227/154 157/6623/161 158/222/159
f 158/222/159 165/6624/169 166/228/163
f 162/231/162 161/6625/158 168/232/166
f 159/223/160 166/228/163 167/234/168
f 157/224/161 164/229/164 165/235/169
f 162/231/162 169/233/167 170/230/165
f 161/237/158 160/6626/157 167/238/168
f 169/241/167 168/239/166 175/242/171
f 167/238/168 166/250/163 173/244/173
f 165/235/169 164/229/164 171/246/174
f 170/230/165 169/233/167 176/248/172
f 167/238/168 174/245/69 175/242/171
f 165/249/169 172/6627/175 173/244/173
f 171/246/174 178/257/181 179/251/176
f 176/248/172 183/259/182 184/252/177
f 175/242/171 174/245/69 181/253/178
f 173/244/173 172/6627/175 179/255/176
f 175/242/171 182/254/179 183/258/182
f 173/244/173 180/256/180 181/253/178
f 183/259/182 190/6628/187 191/260/183
f 181/261/178 188/277/188 189/262/184
f 179/251/176 186/270/189 187/264/185
f 183/267/182 182/263/179 189/262/184
f 180/256/180 187/6629/185 188/269/188
f 179/251/176 178/257/181 185/266/186
f 190/268/187 189/262/184 196/273/192
f 187/275/185 194/6630/196 195/276/194
f 186/270/189 185/266/186 192/271/190
f 190/268/187 197/274/193 198/279/191
f 189/262/184 188/277/188 195/276/194
f 186/270/189 193/278/195 194/281/196
f 196/273/192 203/288/203 204/282/197
f 195/276/194 194/6630/196 201/283/198
f 193/278/195 192/271/190 199/285/200
f 197/274/193 204/282/197 205/287/202
f 195/276/194 202/284/199 203/288/203
f 193/278/195 200/286/201 201/289/198
f 204/291/197 211/305/210 212/292/204
f 203/288/203 202/284/199 209/293/205
f 201/289/198 200/286/201 207/295/207
f 203/288/203 210/294/206 211/298/210
f 201/299/198 208/303/208 209/300/205
f 200/286/201 199/285/200 206/297/209
f 209/300/205 132/181/3 133/183/133
f 208/303/208 207/6631/207 130/184/134
f 210/302/206 133/183/133 134/191/129
f 208/303/208 131/186/136 132/181/3
f 207/295/207 206/297/209 213/187/137
f 211/305/210 134/178/129 214/180/131
f 220/306/129 227/325/139 228/307/130
f 219/309/133 218/321/3 225/310/140
f 216/312/134 223/6632/141 224/313/135
f 219/309/133 226/311/132 227/319/139
f 218/321/3 217/314/136 224/313/135
f 299/315/137 222/317/138 223/322/141
f 227/325/139 226/6633/132 233/326/146
f 224/328/135 231/334/147 232/329/144
f 222/317/138 229/335/148 230/331/145
f 228/307/130 227/325/139 234/327/143
f 225/310/140 232/6634/144 233/332/146
f 223/333/141 230/337/145 231/334/147
f 231/334/147 238/343/149 239/336/150
f 230/337/145 229/6635/148 236/338/154
f 234/327/143 241/346/155 242/340/152
f 232/329/144 239/336/150 240/341/211
f 231/334/147 230/337/145 237/339/151
f 234/327/143 233/326/146 240/345/211
f 242/340/152 241/346/155 248/347/162
f 239/336/150 246/354/157 247/349/158
f 237/339/151 244/355/159 245/350/160
f 240/341/211 247/349/158 248/352/162
f 238/343/149 245/350/160 246/354/157
f 236/338/154 243/6636/161 244/355/159
f 244/355/159 251/6637/169 252/356/163
f 247/359/158 254/6638/166 255/360/167
f 245/350/160 252/356/163 253/361/168
f 244/362/159 243/351/161 250/357/164
f 248/347/162 255/360/167 256/358/165
f 247/364/158 246/6639/157 253/365/168
f 254/366/166 261/374/171 262/368/172
f 252/370/163 259/376/173 260/371/69
f 251/363/169 250/357/164 257/372/174
f 255/360/167 262/378/172 263/367/170
f 254/366/166 253/365/168 260/371/69
f 251/375/169 258/382/175 259/376/173
f 257/372/174 264/384/181 265/377/176
f 262/378/172 269/386/182 270/379/177
f 261/374/171 260/371/69 267/380/178
f 258/382/175 265/6640/176 266/383/180
f 262/368/172 261/374/171 268/381/179
f 259/376/173 266/383/180 267/380/178
f 269/386/182 276/6641/187 277/387/183
f 267/388/178 274/403/188 275/389/184
f 265/377/176 272/397/189 273/391/185
f 269/394/182 268/390/179 275/389/184
f 266/383/180 273/6642/185 274/396/188
f 265/377/176 264/384/181 271/393/186
f 275/389/184 282/407/192 283/400/193
f 273/401/185 280/6643/196 281/402/194
f 272/397/189 271/393/186 278/398/190
f 276/395/187 283/400/193 284/405/191
f 274/403/188 281/402/194 282/407/192
f 272/397/189 279/404/195 280/408/196
f 283/400/193 282/407/192 289/409/203
f 281/402/194 280/6643/196 287/411/198
f 279/404/195 278/398/190 285/413/200
f 283/400/193 290/410/197 291/415/202
f 282/407/192 281/402/194 288/412/199
f 279/404/195 286/414/201 287/416/198
f 290/418/197 297/431/210 298/419/204
f 288/412/199 295/6644/205 296/420/206
f 286/414/201 293/427/207 294/421/208
f 289/409/203 296/420/206 297/423/210
f 287/424/198 294/429/208 295/425/205
f 285/413/200 292/422/209 293/427/207
f 295/425/205 218/321/3 219/309/133
f 294/429/208 293/6645/207 216/312/134
f 296/428/206 219/309/133 220/320/129
f 295/425/205 294/429/208 217/314/136
f 293/427/207 292/422/209 299/315/137
f 297/431/210 220/306/129 300/308/131
f 386/432/129 313/453/139 314/433/130
f 304/435/3 311/447/140 312/436/132
f 303/438/136 385/6646/134 309/439/141
f 305/437/133 312/436/132 313/445/139
f 303/438/136 310/440/135 311/447/140
f 302/441/137 308/443/138 309/448/141
f 312/451/132 319/6647/146 320/452/143
f 310/454/135 317/460/147 318/455/144
f 308/443/138 315/461/148 316/457/145
f 314/433/130 313/453/139 320/452/143
f 311/447/140 318/6648/144 319/458/146
f 309/459/141 316/465/145 317/460/147
f 317/460/147 324/469/149 325/462/150
f 315/463/148 322/6649/154 323/464/151
f 320/452/143 327/472/155 328/466/152
f 318/455/144 325/462/150 326/467/211
f 316/465/145 323/464/151 324/469/149
f 320/452/143 319/6647/146 326/471/211
f 327/472/155 334/488/162 335/473/156
f 325/462/150 332/479/157 333/474/158
f 323/464/151 330/481/159 331/475/160
f 326/467/211 333/474/158 334/477/162
f 324/469/149 331/475/160 332/479/157
f 323/464/151 322/6649/154 329/480/161
f 331/475/160 330/481/159 337/482/169
f 333/486/158 340/6650/166 341/487/167
f 331/475/160 338/483/163 339/489/168
f 329/476/161 336/484/164 337/490/169
f 334/488/162 341/487/167 342/485/165
f 333/492/158 332/6651/157 339/493/168
f 340/494/166 347/502/171 348/496/172
f 339/493/168 338/504/163 345/498/173
f 336/484/164 343/505/174 344/500/175
f 342/485/165 341/487/167 348/501/172
f 339/493/168 346/499/69 347/502/171
f 337/503/169 344/509/175 345/498/173
f 343/505/174 350/511/181 351/506/176
f 348/501/172 355/514/182 356/507/177
f 346/499/69 353/513/178 354/508/179
f 344/509/175 351/6652/176 352/510/180
f 348/496/172 347/502/171 354/508/179
f 346/499/69 345/498/173 352/510/180
f 355/514/182 362/6653/187 363/515/183
f 353/516/178 360/530/188 361/517/184
f 351/506/176 358/526/189 359/519/185
f 355/522/182 354/518/179 361/517/184
f 353/513/178 352/510/180 359/524/185
f 350/511/181 357/521/186 358/526/189
f 361/517/184 368/536/212 369/529/193
f 360/530/188 359/6654/185 366/531/196
f 358/526/189 357/521/186 364/527/190
f 362/523/187 369/529/193 370/534/191
f 360/530/188 367/532/194 368/536/212
f 358/526/189 365/533/195 366/537/196
f 369/529/193 368/536/212 375/538/203
f 366/531/196 373/6655/198 374/540/199
f 364/527/190 371/544/200 372/541/201
f 369/529/193 376/539/197 377/542/202
f 368/536/212 367/532/194 374/540/199
f 365/533/195 372/541/201 373/543/198
f 376/546/197 383/561/210 384/547/204
f 375/538/203 374/540/199 381/548/205
f 373/543/198 372/541/201 379/550/207
f 375/538/203 382/549/206 383/553/210
f 373/554/198 380/559/208 381/555/205
f 372/541/201 371/544/200 378/552/209
f 381/555/205 304/435/3 305/437/133
f 379/558/207 385/6646/134 303/438/136
f 382/557/206 305/437/133 386/446/129
f 380/559/208 303/438/136 304/435/3
f 378/552/209 302/441/137 385/449/134
f 383/561/210 386/432/129 306/434/131
f 472/562/129 399/583/139 400/563/213
f 390/565/3 397/577/140 398/566/132
f 389/568/136 471/686/134 395/569/141
f 391/567/133 398/566/132 399/575/139
f 389/568/136 396/570/135 397/577/140
f 388/571/137 394/573/138 395/578/141
f 398/581/132 405/600/146 406/582/143
f 397/584/140 396/589/135 403/585/147
f 394/573/138 401/591/148 402/587/145
f 399/583/139 406/582/143 407/580/142
f 397/577/140 404/6656/144 405/588/146
f 396/589/135 395/6657/141 402/590/145
f 404/586/144 403/585/147 410/592/149
f 402/590/145 401/6658/148 408/594/154
f 406/582/143 413/601/155 414/596/152
f 404/586/144 411/593/150 412/597/153
f 402/590/145 409/595/151 410/592/149
f 405/600/146 412/6659/153 413/601/155
f 414/596/152 413/601/155 420/602/162
f 412/597/153 411/593/150 418/604/157
f 409/595/151 416/610/159 417/606/160
f 413/608/155 412/597/153 419/605/158
f 410/592/149 417/606/160 418/604/157
f 408/594/154 415/6660/161 416/610/159
f 417/606/160 416/610/159 423/611/169
f 419/615/158 426/6661/166 427/616/167
f 417/606/160 424/612/163 425/617/168
f 415/607/161 422/613/164 423/618/169
f 420/602/162 427/616/167 428/614/165
f 419/620/158 418/6662/157 425/621/168
f 426/622/166 433/629/171 434/624/172
f 424/626/163 431/631/173 432/627/69
f 422/613/164 429/632/174 430/628/175
f 427/616/167 434/634/172 435/623/170
f 426/622/166 425/621/168 432/627/69
f 424/626/163 423/6663/169 430/630/175
f 429/632/174 436/639/181 437/633/176
f 434/634/172 441/641/182 442/635/177
f 433/629/171 432/627/69 439/636/178
f 430/630/175 437/6664/176 438/638/180
f 433/629/171 440/637/179 441/640/182
f 431/631/173 438/638/180 439/636/178
f 441/641/182 448/6665/187 449/642/183
f 439/643/178 446/660/188 447/644/184
f 437/633/176 444/653/189 445/646/185
f 441/649/182 440/645/179 447/644/184
f 439/636/178 438/638/180 445/651/185
f 436/639/181 443/648/186 444/653/189
f 448/650/187 447/644/184 454/656/192
f 445/658/185 452/667/196 453/659/194
f 443/648/186 450/654/190 451/661/195
f 448/650/187 455/657/193 456/662/191
f 446/660/188 453/659/194 454/656/192
f 444/653/189 451/661/195 452/664/196
f 455/657/193 454/656/192 461/665/203
f 452/667/196 459/6666/198 460/668/199
f 451/661/195 450/654/190 457/669/200
f 455/657/193 462/666/197 463/671/202
f 453/659/194 460/668/199 461/665/203
f 451/661/195 458/670/201 459/672/198
f 462/674/197 469/688/210 470/675/204
f 460/668/199 467/6667/205 468/676/206
f 458/670/201 465/683/207 466/677/208
f 461/665/203 468/676/206 469/679/210
f 459/680/198 466/685/208 467/681/205
f 457/669/200 464/678/209 465/683/207
f 467/681/205 390/565/3 391/567/133
f 466/685/208 465/6668/207 471/686/134
f 468/684/206 391/567/133 472/576/129
f 466/685/208 389/568/136 390/565/3
f 464/678/209 388/571/137 471/579/134
f 469/688/210 472/562/129 392/564/131
f 753/733/234 532/775/257 533/734/235
f 747/736/237 746/6669/258 525/737/238
f 755/739/240 754/735/236 533/734/235
f 747/736/237 526/738/239 527/741/242
f 755/739/240 534/740/241 535/743/244
f 749/745/246 748/742/243 527/741/242
f 750/748/3 749/745/246 528/746/247
f 750/748/3 529/749/248 530/750/249
f 751/751/250 530/750/249 531/755/253
f 745/757/255 744/752/251 523/754/252
f 752/756/254 531/755/253 532/759/257
f 746/761/258 745/757/255 524/758/256
f 534/740/241 533/734/235 546/763/259
f 526/738/239 539/777/271 540/765/261
f 534/740/241 547/764/260 548/766/262
f 527/741/242 540/765/261 541/767/263
f 528/746/247 541/767/263 542/768/264
f 529/749/248 542/768/264 543/769/265
f 531/755/253 530/750/249 543/769/265
f 523/754/252 536/770/266 537/772/268
f 531/755/253 544/771/267 545/773/269
f 524/758/256 537/772/268 538/774/270
f 532/775/257 545/794/269 546/763/259
f 526/738/239 525/737/238 538/776/270
f 540/778/261 539/797/271 552/779/272
f 547/764/260 560/799/283 561/781/274
f 540/778/261 553/780/273 554/782/275
f 542/784/264 541/783/263 554/782/275
f 542/784/264 555/785/144 556/786/276
f 544/789/267 543/787/265 556/786/276
f 536/770/266 549/788/277 550/791/279
f 544/792/267 557/6670/278 558/793/280
f 537/772/268 550/791/279 551/795/281
f 545/794/269 558/793/280 559/796/282
f 539/797/271 538/6671/270 551/798/281
f 546/763/259 559/796/282 560/799/283
f 560/799/283 573/812/295 574/800/284
f 553/780/273 566/813/296 567/801/285
f 554/782/275 567/801/285 568/802/286
f 555/785/144 568/802/286 569/803/287
f 557/790/278 556/786/276 569/803/287
f 549/788/277 562/804/288 563/806/290
f 557/790/278 570/805/289 571/807/291
f 550/791/279 563/806/290 564/809/292
f 558/793/280 571/6672/291 572/810/293
f 551/798/281 564/825/292 565/811/294
f 559/796/282 572/810/293 573/812/295
f 552/779/272 565/811/294 566/813/296
f 566/813/296 579/828/309 580/814/297
f 568/802/286 567/801/285 580/814/297
f 568/802/286 581/816/299 582/817/300
f 570/805/289 569/803/287 582/817/300
f 562/804/288 575/818/301 576/820/303
f 570/805/289 583/819/302 584/821/304
f 564/809/292 563/806/290 576/820/303
f 572/810/293 571/6672/291 584/823/304
f 564/825/292 577/839/305 578/826/307
f 572/810/293 585/824/306 586/827/308
f 565/811/294 578/826/307 579/828/309
f 573/812/295 586/827/308 587/815/298
f 581/816/299 580/814/297 593/830/311
f 581/816/299 594/831/157 595/832/312
f 583/819/302 582/817/300 595/832/312
f 576/820/303 575/818/301 588/833/313
f 584/821/304 583/819/302 596/834/314
f 577/822/305 576/820/303 589/835/315
f 584/823/304 597/849/316 598/838/318
f 577/839/305 590/6673/317 591/840/319
f 585/824/306 598/838/318 599/841/320
f 578/826/307 591/840/319 592/842/321
f 586/827/308 599/841/320 600/829/310
f 579/828/309 592/842/321 593/830/311
f 594/831/157 607/858/334 608/843/322
f 596/834/314 595/832/312 608/843/322
f 588/833/313 601/844/323 602/846/325
f 596/847/314 609/6674/324 610/848/326
f 589/835/315 602/846/325 603/850/327
f 597/849/316 610/848/326 611/851/328
f 591/840/319 590/6673/317 603/852/327
f 598/838/318 611/851/328 612/854/330
f 591/840/319 604/853/329 605/855/331
f 599/841/320 612/854/330 613/856/332
f 592/842/321 605/855/331 606/857/333
f 594/831/157 593/830/311 606/857/333
f 607/859/334 620/879/347 621/860/335
f 609/863/324 608/861/322 621/860/335
f 602/846/325 601/844/323 614/862/336
f 609/863/324 622/864/337 623/866/339
f 602/846/325 615/865/338 616/868/340
f 610/848/326 623/886/339 624/869/341
f 603/870/327 616/888/340 617/871/342
f 611/851/328 624/869/341 625/873/343
f 604/872/329 617/871/342 618/874/344
f 612/854/330 625/873/343 626/876/345
f 605/875/331 618/874/344 619/877/346
f 607/859/334 606/878/333 619/877/346
f 622/864/337 621/860/335 634/881/349
f 614/862/336 627/880/348 628/883/351
f 622/864/337 635/882/350 636/884/352
f 615/865/338 628/883/351 629/885/353
f 623/886/339 636/6675/352 637/887/354
f 616/888/340 629/6676/353 630/889/355
f 624/869/341 637/887/354 638/890/356
f 617/871/342 630/889/355 631/891/357
f 625/873/343 638/890/356 639/892/358
f 618/874/344 631/891/357 632/893/359
f 620/879/347 619/877/346 632/893/359
f 620/879/347 633/894/69 634/881/349
f 635/882/350 634/881/349 647/895/360
f 627/880/348 640/909/372 641/897/362
f 635/882/350 648/896/361 649/898/363
f 628/883/351 641/897/362 642/899/364
f 636/884/352 649/898/363 650/900/365
f 629/885/353 642/899/364 643/902/366
f 637/887/354 650/914/365 651/904/367
f 630/889/355 643/916/366 644/905/368
f 638/890/356 651/904/367 652/906/369
f 631/891/357 644/905/368 645/907/370
f 632/893/359 645/907/370 646/908/371
f 633/894/69 646/908/371 647/895/360
f 648/896/361 661/923/384 662/910/373
f 641/897/362 654/924/385 655/911/374
f 649/898/363 662/910/373 663/912/375
f 642/899/364 655/911/374 656/913/376
f 650/914/365 663/931/375 664/915/377
f 643/916/366 656/6677/376 657/917/378
f 651/904/367 664/915/377 665/918/379
f 644/905/368 657/917/378 658/919/380
f 646/908/371 645/907/370 658/919/380
f 646/908/371 659/920/381 660/921/382
f 648/896/361 647/895/360 660/921/382
f 641/897/362 640/909/372 653/922/383
f 655/911/374 654/924/385 667/925/386
f 663/927/375 662/945/373 675/928/388
f 655/911/374 668/926/387 669/930/390
f 663/931/375 676/6678/389 677/932/391
f 656/913/376 669/930/390 670/933/392
f 664/915/377 677/932/391 678/935/393
f 657/917/378 670/6679/392 671/936/394
f 659/937/381 658/6680/380 671/938/394
f 659/937/381 672/939/188 673/940/395
f 661/943/384 660/941/382 673/940/395
f 653/922/383 666/942/396 667/925/386
f 661/943/384 674/944/397 675/928/388
f 675/928/388 688/959/409 689/946/398
f 668/926/387 681/960/410 682/947/399
f 676/929/389 689/946/398 690/948/400
f 670/933/392 669/930/390 682/947/399
f 677/932/391 690/964/400 691/951/402
f 670/952/392 683/966/401 684/953/403
f 672/939/188 671/938/394 684/953/403
f 672/939/188 685/954/404 686/955/405
f 674/944/397 673/940/395 686/955/405
f 666/942/396 679/956/406 680/958/408
f 674/944/397 687/957/407 688/959/409
f 667/925/386 680/958/408 681/960/410
f 681/960/410 694/974/422 695/961/411
f 689/946/398 702/975/423 703/962/412
f 683/950/401 682/947/399 695/961/411
f 690/964/400 703/978/412 704/965/414
f 683/966/401 696/980/413 697/967/415
f 685/954/404 684/953/403 697/967/415
f 685/954/404 698/968/416 699/969/417
f 687/957/407 686/955/405 699/969/417
f 679/956/406 692/970/418 693/972/420
f 687/957/407 700/971/419 701/973/421
f 681/960/410 680/958/408 693/972/420
f 688/959/409 701/973/421 702/975/423
f 702/975/423 715/989/434 716/976/424
f 695/961/411 708/990/435 709/977/425
f 703/978/412 716/991/424 717/979/426
f 696/980/413 709/6681/425 710/981/427
f 698/968/416 697/967/415 710/981/427
f 698/968/416 711/982/199 712/983/428
f 700/971/419 699/969/417 712/983/428
f 692/970/418 705/984/429 706/986/431
f 700/971/419 713/985/430 714/987/432
f 693/972/420 706/986/431 707/988/433
f 702/975/423 701/973/421 714/987/432
f 694/974/422 707/988/433 708/990/435
f 716/991/424 729/1006/447 730/992/436
f 709/993/425 722/1008/448 723/994/437
f 710/981/427 723/6682/437 724/996/438
f 711/982/199 724/996/438 725/997/439
f 713/985/430 712/983/428 725/997/439
f 706/986/431 705/984/429 718/998/440
f 713/985/430 726/999/441 727/1001/443
f 706/986/431 719/1000/442 720/1002/444
f 714/987/432 727/1001/443 728/1003/445
f 708/990/435 707/988/433 720/1002/444
f 716/991/424 715/6683/434 728/1005/445
f 708/990/435 721/1004/446 722/1007/448
f 722/1008/448 735/1027/461 736/1009/449
f 723/994/437 736/1009/449 737/1011/451
f 724/1012/438 737/1011/451 738/1013/452
f 726/1016/441 725/1014/439 738/1013/452
f 718/998/440 731/1015/453 732/1018/455
f 726/1016/441 739/1017/454 740/1019/456
f 719/1000/442 732/1018/455 733/1021/457
f 727/1020/443 740/1019/456 741/1022/458
f 721/1004/446 720/1002/444 733/1021/457
f 728/1005/445 741/1030/458 742/1025/460
f 722/1008/448 721/6684/446 734/1026/459
f 729/1006/447 742/1025/460 743/1010/450
f 737/1011/451 736/1009/449 749/745/246
f 737/1011/451 750/748/3 751/751/250
f 739/1017/454 738/1013/452 751/751/250
f 731/1015/453 744/752/251 745/757/255
f 739/1017/454 752/756/254 753/760/234
f 733/1021/457 732/1018/455 745/757/255
f 740/1019/456 753/760/234 754/1028/236
f 733/1021/457 746/761/258 747/1029/237
f 741/1030/458 754/735/236 755/739/240
f 734/1026/459 747/736/237 748/742/243
f 742/1025/460 755/739/240 756/744/245
f 735/1027/461 748/742/243 749/745/246
f 765/1031/462 768/3932/1626 769/1032/463
f 770/1034/465 769/6685/2701 768/1035/466
f 771/1037/468 769/6685/2701 770/1034/465
f 772/1039/470 775/6686/2420 776/1040/471
f 777/1042/473 776/6687/2702 775/1043/474
f 778/1045/476 776/6687/2702 777/1042/473
f 779/1047/478 782/3902/1610 783/1048/479
f 784/1050/481 783/6688/2703 782/1051/482
f 785/1053/484 783/6688/2703 784/1050/481
f 786/1055/486 789/3905/1611 790/1056/487
f 791/1058/489 790/6689/2704 789/1059/490
f 792/1061/492 790/6689/2704 791/1058/489
f 793/1063/494 796/6690/2421 797/1064/495
f 798/1066/497 797/6691/2705 796/1067/498
f 799/1069/500 797/6691/2705 798/1066/497
f 800/1071/502 803/3907/1613 804/1072/503
f 805/1074/505 804/6692/2706 803/1075/506
f 806/1077/508 804/6692/2706 805/1074/505
f 807/1079/510 810/3906/1612 811/1080/511
f 812/1082/513 811/6693/2707 810/1083/514
f 813/1085/516 811/6693/2707 812/1082/513
f 814/1087/518 817/6694/2423 818/1088/519
f 819/1090/521 818/6695/2708 817/1091/522
f 820/1093/524 818/6695/2708 819/1090/521
f 821/1095/526 824/3908/1614 825/1096/527
f 826/1098/529 825/6696/2709 824/1099/530
f 827/1101/532 825/6696/2709 826/1098/529
f 828/1103/534 831/3914/1616 832/1104/535
f 833/1106/537 832/6697/2710 831/1107/538
f 834/1109/540 832/6697/2710 833/1106/537
f 835/1111/542 838/3911/1615 839/1112/543
f 840/1114/545 839/6698/2711 838/1115/546
f 841/1117/548 839/6698/2711 840/1114/545
f 842/1119/550 845/3915/1617 846/1120/551
f 847/1122/553 846/6699/2712 845/1123/554
f 848/1125/556 846/6699/2712 847/1122/553
f 849/1127/558 852/6700/2713 853/1128/559
f 854/1130/561 853/6701/2714 852/1131/562
f 855/1133/564 853/6701/2714 854/1130/561
f 856/1135/566 859/3917/1619 860/1136/567
f 861/1138/569 860/6702/2715 859/1139/570
f 862/1141/572 860/6702/2715 861/1138/569
f 863/1143/574 866/3916/1618 867/1144/575
f 868/1146/577 867/6703/2716 866/1147/578
f 869/1149/580 867/6703/2716 868/1146/577
f 870/1151/582 873/6704/2426 874/1152/583
f 875/1154/585 874/6705/2717 873/1155/586
f 876/1157/588 874/6705/2717 875/1154/585
f 877/1159/590 880/3920/1620 881/1160/591
f 882/1162/593 881/6706/2718 880/1163/594
f 883/1165/596 881/6706/2718 882/1162/593
f 884/1167/598 887/3924/1621 888/1168/599
f 889/1170/601 888/6707/2719 887/1171/602
f 890/1173/604 888/6707/2719 889/1170/601
f 891/1175/606 894/1179/2720 895/1176/607
f 896/1178/609 895/1176/2721 894/1179/610
f 897/1177/612 895/1176/2721 896/1178/609
f 898/1182/614 901/3927/1623 902/1183/615
f 903/1185/617 902/6708/2722 901/1186/618
f 904/1188/620 902/6708/2722 903/1185/617
f 905/1190/622 908/3925/1622 909/1191/623
f 910/1193/625 909/6709/2723 908/1194/626
f 911/1196/628 909/6709/2723 910/1193/625
f 912/1198/630 915/3931/1625 916/1199/631
f 917/1201/633 916/6710/2724 915/1202/634
f 918/1204/636 916/6710/2724 917/1201/633
f 919/1206/638 922/3929/1624 923/1207/639
f 924/1209/641 923/6711/2725 922/1210/642
f 925/1212/644 923/6711/2725 924/1209/641
f 926/1214/646 929/3933/1627 930/1215/647
f 931/1217/649 930/6712/2726 929/1218/650
f 932/1220/652 930/6712/2726 931/1217/649
f 1269/1222/654 1272/4433/1780 1273/1223/655
f 1270/1225/657 1274/4416/1763 1273/1226/658
f 1271/1228/660 1275/4415/1762 1273/1229/661
f 1276/1231/663 1279/6713/1784 1280/1232/664
f 1277/1234/666 1281/4418/1765 1280/1235/667
f 1278/1237/669 1282/4417/1764 1280/1238/670
f 1283/1240/672 1286/4414/1761 1287/1241/673
f 1284/1243/675 1288/4421/1768 1287/1244/676
f 1285/1246/678 1289/6714/1783 1287/1247/679
f 1290/1249/681 1293/4423/1770 1294/1250/682
f 1291/1252/684 1295/4420/1767 1294/1253/685
f 1292/1255/687 1296/4419/1766 1294/1256/688
f 1297/1258/690 1300/4427/1774 1301/1259/691
f 1298/1261/693 1302/4432/1779 1301/1262/694
f 1299/1264/696 1303/4434/1781 1301/1265/697
f 1304/1267/699 1307/4435/1782 1308/1268/700
f 1305/1270/702 1309/4431/1778 1308/1271/703
f 1306/1273/705 1310/4430/1777 1308/1274/706
f 1311/1276/708 1314/4422/1769 1315/1277/709
f 1312/1279/711 1316/4426/1773 1315/1280/712
f 1313/1282/714 1317/4428/1775 1315/1283/715
f 1318/1285/717 1321/4429/1776 1322/1286/718
f 1319/1288/720 1323/4425/1772 1322/1289/721
f 1320/1291/723 1324/4424/1771 1322/1292/724
f 1325/1294/654 1328/4455/1780 1329/1295/655
f 1326/1297/657 1330/4438/1763 1329/1298/658
f 1327/1300/660 1331/4437/1762 1329/1301/661
f 1332/1303/663 1335/4457/1784 1336/1304/664
f 1333/1306/666 1337/4440/1765 1336/1307/667
f 1334/1309/669 1338/4439/1764 1336/1310/670
f 1339/1312/672 1342/4436/1761 1343/1313/673
f 1340/1315/675 1344/4443/1768 1343/1316/676
f 1341/1318/678 1345/4445/1783 1343/1319/679
f 1346/1321/681 1349/4446/1770 1350/1322/682
f 1347/1324/684 1351/4442/1767 1350/1325/685
f 1348/1327/687 1352/4441/1766 1350/1328/688
f 1353/1330/690 1356/4449/1774 1357/1331/691
f 1354/1333/693 1358/4454/1779 1357/1334/694
f 1355/1336/696 1359/6715/1781 1357/1337/697
f 1360/1339/699 1363/4456/1782 1364/1340/700
f 1361/1342/702 1365/4453/1778 1364/1343/703
f 1362/1345/705 1366/4452/1777 1364/1346/706
f 1367/1348/708 1370/4444/1769 1371/1349/709
f 1368/1351/711 1372/4448/1773 1371/1352/712
f 1369/1354/714 1373/4450/1775 1371/1355/715
f 1374/1357/717 1377/4451/1776 1378/1358/718
f 1375/1360/720 1379/4447/1772 1378/1361/721
f 1376/1363/723 1380/6716/1771 1378/1364/724
f 1381/1366/654 1384/4477/1780 1385/1367/655
f 1382/1369/657 1386/4460/1763 1385/1370/658
f 1383/1372/660 1387/4459/1762 1385/1373/661
f 1388/1375/663 1391/4479/1784 1392/1376/664
f 1389/1378/666 1393/4462/1765 1392/1379/667
f 1390/1381/669 1394/4461/1764 1392/1382/670
f 1395/1384/672 1398/4458/1761 1399/1385/673
f 1396/1387/675 1400/4465/1768 1399/1388/676
f 1397/1390/678 1401/4467/1783 1399/1391/679
f 1402/1393/681 1405/4468/1770 1406/1394/682
f 1403/1396/684 1407/4464/1767 1406/1397/685
f 1404/1399/687 1408/4463/1766 1406/1400/688
f 1409/1402/690 1412/4471/1774 1413/1403/691
f 1410/1405/693 1414/4476/1779 1413/1406/694
f 1411/1408/696 1415/6717/1781 1413/1409/697
f 1416/1411/699 1419/4478/1782 1420/1412/700
f 1417/1414/702 1421/4475/1778 1420/1415/703
f 1418/1417/705 1422/4474/1777 1420/1418/706
f 1423/1420/708 1426/4466/1769 1427/1421/709
f 1424/1423/711 1428/4470/1773 1427/1424/712
f 1425/1426/714 1429/4472/1775 1427/1427/715
f 1430/1429/717 1433/4473/1776 1434/1430/718
f 1431/1432/720 1435/4469/1772 1434/1433/721
f 1432/1435/723 1436/6718/1771 1434/1436/724
f 1437/1438/654 1440/4499/1780 1441/1439/655
f 1438/1441/657 1442/4482/1763 1441/1442/658
f 1439/1444/660 1443/4481/1762 1441/1445/661
f 1444/1447/663 1447/6719/1784 1448/1448/664
f 1445/1450/666 1449/4484/1765 1448/1451/667
f 1446/1453/669 1450/4483/1764 1448/1454/670
f 1451/1456/672 1454/4480/1761 1455/1457/673
f 1452/1459/675 1456/4487/1768 1455/1460/676
f 1453/1462/678 1457/6720/1783 1455/1463/679
f 1458/1465/681 1461/4489/1770 1462/1466/682
f 1459/1468/684 1463/4486/1767 1462/1469/685
f 1460/1471/687 1464/4485/1766 1462/1472/688
f 1465/1474/690 1468/4493/1774 1469/1475/691
f 1466/1477/693 1470/4498/1779 1469/1478/694
f 1467/1480/696 1471/4500/1781 1469/1481/697
f 1472/1483/699 1475/4501/1782 1476/1484/700
f 1473/1486/702 1477/4497/1778 1476/1487/703
f 1474/1489/705 1478/4496/1777 1476/1490/706
f 1479/1492/708 1482/4488/1769 1483/1493/709
f 1480/1495/711 1484/4492/1773 1483/1496/712
f 1481/1498/714 1485/4494/1775 1483/1499/715
f 1486/1501/717 1489/4495/1776 1490/1502/718
f 1487/1504/720 1491/4491/1772 1490/1505/721
f 1488/1507/723 1492/4490/1771 1490/1508/724
f 2509/1870/654 2512/5464/2413 2513/1871/892
f 2510/1873/657 2514/5452/1763 2513/1874/893
f 2511/1876/660 2515/5451/1762 2513/1877/661
f 2516/1879/663 2519/5467/1784 2520/1880/894
f 2517/1882/666 2521/5454/2412 2520/1883/667
f 2518/1885/669 2522/5453/1764 2520/1886/895
f 2523/1888/672 2526/5450/2411 2527/1889/896
f 2524/1891/675 2528/6721/1768 2527/1892/897
f 2525/1894/678 2529/6722/1783 2527/1895/898
f 2530/1897/681 2533/5457/1770 2534/1898/682
f 2531/1900/684 2535/5455/1767 2534/1901/899
f 2532/1903/687 2536/6723/1766 2534/1904/688
f 2537/1906/690 2540/5460/1774 2541/1907/900
f 2538/1909/693 2542/6724/1779 2541/1910/694
f 2539/1912/696 2543/5465/1781 2541/1913/902
f 2544/1915/699 2547/5466/1782 2548/1916/700
f 2545/1918/702 2549/5463/1778 2548/1919/903
f 2546/1921/705 2550/5462/1777 2548/1922/904
f 2551/1924/708 2554/5456/1769 2555/1925/905
f 2552/1927/711 2556/6725/1773 2555/1928/906
f 2553/1930/714 2557/6726/1775 2555/1931/715
f 2558/1933/717 2561/5461/1776 2562/1934/718
f 2559/1936/720 2563/5459/1772 2562/1937/721
f 2560/1939/723 2564/5458/1771 2562/1940/907
f 2565/1942/654 2568/5485/2413 2569/1943/908
f 2566/1945/657 2570/5470/1763 2569/1946/893
f 2567/1948/660 2571/5469/2414 2569/1949/661
f 2572/1951/663 2575/5488/1784 2576/1952/664
f 2573/1954/666 2577/5472/2412 2576/1955/667
f 2574/1957/669 2578/5471/1764 2576/1958/909
f 2579/1960/672 2582/5468/1761 2583/1961/896
f 2580/1963/675 2584/6727/1768 2583/1964/911
f 2581/1966/678 2585/5476/1783 2583/1967/898
f 2586/1969/681 2589/5477/1770 2590/1970/682
f 2587/1972/684 2591/5474/1767 2590/1973/899
f 2588/1975/687 2592/5473/2415 2590/1976/688
f 2593/1978/690 2596/5480/1774 2597/1979/912
f 2594/1981/693 2598/6728/1779 2597/1982/913
f 2595/1984/696 2599/5486/1781 2597/1985/902
f 2600/1987/699 2603/5487/1782 2604/1988/700
f 2601/1990/702 2605/5484/1778 2604/1991/903
f 2602/1993/705 2606/5483/2416 2604/1994/914
f 2607/1996/708 2610/5475/1769 2611/1997/905
f 2608/1999/711 2612/6729/1773 2611/2000/906
f 2609/2002/714 2613/5481/1775 2611/2003/915
f 2614/2005/717 2617/5482/1776 2618/2006/718
f 2615/2008/720 2619/5479/1772 2618/2009/916
f 2616/2011/723 2620/5478/1771 2618/2012/907
f 2621/2014/654 2624/5503/2413 2625/2015/908
f 2622/2017/657 2626/5491/1763 2625/2018/893
f 2623/2020/660 2627/5490/1762 2625/2021/661
f 2628/2023/663 2631/5506/1784 2632/2024/894
f 2629/2026/666 2633/5493/2412 2632/2027/667
f 2630/2029/669 2634/5492/1764 2632/2030/895
f 2635/2032/672 2638/5489/2411 2639/2033/896
f 2636/2035/675 2640/6730/1768 2639/2036/897
f 2637/2038/678 2641/6731/1783 2639/2039/898
f 2642/2041/681 2645/5496/1770 2646/2042/682
f 2643/2044/684 2647/5494/1767 2646/2045/899
f 2644/2047/687 2648/6732/1766 2646/2048/688
f 2649/2050/690 2652/5499/1774 2653/2051/900
f 2650/2053/693 2654/6733/1779 2653/2054/694
f 2651/2056/696 2655/5504/1781 2653/2057/902
f 2656/2059/699 2659/5505/1782 2660/2060/700
f 2657/2062/702 2661/5502/1778 2660/2063/703
f 2658/2065/705 2662/5501/2416 2660/2066/904
f 2663/2068/708 2666/5495/1769 2667/2069/905
f 2664/2071/711 2668/6734/1773 2667/2072/906
f 2665/2074/714 2669/6735/1775 2667/2075/917
f 2670/2077/717 2673/5500/1776 2674/2078/718
f 2671/2080/720 2675/5498/1772 2674/2081/721
f 2672/2083/723 2676/5497/1771 2674/2084/907
f 2677/2086/654 2680/5523/2413 2681/2087/892
f 2678/2089/657 2682/5509/1763 2681/2090/893
f 2679/2092/660 2683/5508/1762 2681/2093/661
f 2684/2095/663 2687/5526/1784 2688/2096/664
f 2685/2098/666 2689/5511/2412 2688/2099/667
f 2686/2101/669 2690/5510/1764 2688/2102/895
f 2691/2104/672 2694/5507/1761 2695/2105/896
f 2692/2107/675 2696/6736/1768 2695/2108/676
f 2693/2110/678 2697/5514/1783 2695/2111/898
f 2698/2113/681 2701/5515/1770 2702/2114/682
f 2699/2116/684 2703/5512/1767 2702/2117/899
f 2700/2119/687 2704/6737/1766 2702/2120/688
f 2705/2122/690 2708/5518/1774 2709/2123/900
f 2706/2125/693 2710/6738/1779 2709/2126/913
f 2707/2128/696 2711/5524/1781 2709/2129/902
f 2712/2131/699 2715/5525/1782 2716/2132/700
f 2713/2134/702 2717/5522/1778 2716/2135/903
f 2714/2137/705 2718/5521/2416 2716/2138/914
f 2719/2140/708 2722/5513/1769 2723/2141/905
f 2720/2143/711 2724/6739/1773 2723/2144/906
f 2721/2146/714 2725/5519/1775 2723/2147/915
f 2726/2149/717 2729/5520/1776 2730/2150/718
f 2727/2152/720 2731/5517/1772 2730/2153/916
f 2728/2155/723 2732/5516/1771 2730/2156/907
f 2733/2158/654 2736/5542/2413 2737/2159/892
f 2734/2161/657 2738/5529/1763 2737/2162/893
f 2735/2164/660 2739/5528/1762 2737/2165/918
f 2740/2167/663 2743/5545/1784 2744/2168/894
f 2741/2170/666 2745/5531/2412 2744/2171/667
f 2742/2173/669 2746/5530/1764 2744/2174/919
f 2747/2176/672 2750/5527/1761 2751/2177/896
f 2748/2179/675 2752/6740/1768 2751/2180/911
f 2749/2182/678 2753/5534/1783 2751/2183/898
f 2754/2185/681 2757/5535/1770 2758/2186/682
f 2755/2188/684 2759/5532/1767 2758/2189/899
f 2756/2191/687 2760/6741/1766 2758/2192/920
f 2761/2194/690 2764/5538/1774 2765/2195/900
f 2762/2197/693 2766/6742/1779 2765/2198/694
f 2763/2200/696 2767/5543/1781 2765/2201/902
f 2768/2203/699 2771/5544/1782 2772/2204/700
f 2769/2206/702 2773/5541/1778 2772/2207/703
f 2770/2209/705 2774/5540/1777 2772/2210/904
f 2775/2212/708 2778/5533/1769 2779/2213/905
f 2776/2215/711 2780/6743/1773 2779/2216/906
f 2777/2218/714 2781/6744/1775 2779/2219/715
f 2782/2221/717 2785/5539/1776 2786/2222/718
f 2783/2224/720 2787/5537/1772 2786/2225/721
f 2784/2227/723 2788/5536/1771 2786/2228/907
f 2789/2230/654 2792/5561/2413 2793/2231/892
f 2790/2233/657 2794/5548/1763 2793/2234/893
f 2791/2236/660 2795/5547/1762 2793/2237/661
f 2796/2239/663 2799/5563/1784 2800/2240/664
f 2797/2242/666 2801/5550/2412 2800/2243/667
f 2798/2245/669 2802/5549/1764 2800/2246/895
f 2803/2248/672 2806/5546/1761 2807/2249/896
f 2804/2251/675 2808/6745/1768 2807/2252/921
f 2805/2254/678 2809/5553/1783 2807/2255/898
f 2810/2257/681 2813/5554/1770 2814/2258/682
f 2811/2260/684 2815/5551/1767 2814/2261/899
f 2812/2263/687 2816/6746/1766 2814/2264/688
f 2817/2266/690 2820/5556/2417 2821/2267/900
f 2818/2269/693 2822/6747/1779 2821/2270/922
f 2819/2272/696 2823/6748/1781 2821/2273/902
f 2824/2275/699 2827/5562/1782 2828/2276/700
f 2825/2278/702 2829/5560/1778 2828/2279/903
f 2826/2281/705 2830/5559/1777 2828/2282/904
f 2831/2284/708 2834/5552/1769 2835/2285/905
f 2832/2287/711 2836/6749/1773 2835/2288/906
f 2833/2290/714 2837/5557/1775 2835/2291/715
f 2838/2293/717 2841/5558/1776 2842/2294/923
f 2839/2296/720 2843/5555/1772 2842/2297/924
f 2840/2299/723 2844/6750/1771 2842/2300/907
f 2845/2302/654 2848/5580/2413 2849/2303/908
f 2846/2305/657 2850/5566/1763 2849/2306/893
f 2847/2308/660 2851/5565/1762 2849/2309/918
f 2852/2311/663 2855/5583/1784 2856/2312/894
f 2853/2314/666 2857/5568/2412 2856/2315/667
f 2854/2317/669 2858/5567/1764 2856/2318/919
f 2859/2320/672 2862/5564/1761 2863/2321/896
f 2860/2323/675 2864/6751/1768 2863/2324/911
f 2861/2326/678 2865/5571/1783 2863/2327/898
f 2866/2329/681 2869/5572/1770 2870/2330/682
f 2867/2332/684 2871/5569/1767 2870/2333/899
f 2868/2335/687 2872/6752/1766 2870/2336/920
f 2873/2338/690 2876/5575/1774 2877/2339/912
f 2874/2341/693 2878/6753/1779 2877/2342/694
f 2875/2344/696 2879/5581/1781 2877/2345/902
f 2880/2347/699 2883/5582/1782 2884/2348/700
f 2881/2350/702 2885/5579/1778 2884/2351/703
f 2882/2353/705 2886/5578/2416 2884/2354/927
f 2887/2356/708 2890/5570/1769 2891/2357/905
f 2888/2359/711 2892/6754/1773 2891/2360/906
f 2889/2362/714 2893/5576/2418 2891/2363/915
f 2894/2365/717 2897/5577/1776 2898/2366/718
f 2895/2368/720 2899/5574/1772 2898/2369/721
f 2896/2371/723 2900/5573/1771 2898/2372/907
f 2901/2374/654 2904/5599/2413 2905/2375/892
f 2902/2377/657 2906/5586/1763 2905/2378/893
f 2903/2380/660 2907/5585/1762 2905/2381/661
f 2908/2383/663 2911/5601/1784 2912/2384/894
f 2909/2386/666 2913/5588/2412 2912/2387/667
f 2910/2389/669 2914/5587/1764 2912/2390/895
f 2915/2392/672 2918/5584/1761 2919/2393/896
f 2916/2395/675 2920/6755/1768 2919/2396/676
f 2917/2398/678 2921/5591/1783 2919/2399/898
f 2922/2401/681 2925/5592/1770 2926/2402/682
f 2923/2404/684 2927/5589/1767 2926/2405/899
f 2924/2407/687 2928/6756/1766 2926/2408/688
f 2929/2410/690 2932/5594/2419 2933/2411/900
f 2930/2413/693 2934/6757/1779 2933/2414/928
f 2931/2416/696 2935/6758/1781 2933/2417/902
f 2936/2419/699 2939/5600/1782 2940/2420/700
f 2937/2422/702 2941/5598/1778 2940/2423/903
f 2938/2425/705 2942/5597/1777 2940/2426/904
f 2943/2428/708 2946/5590/1769 2947/2429/905
f 2944/2431/711 2948/6759/1773 2947/2432/906
f 2945/2434/714 2949/5595/1775 2947/2435/715
f 2950/2437/717 2953/5596/1776 2954/2438/923
f 2951/2440/720 2955/5593/1772 2954/2441/924
f 2952/2443/723 2956/6760/1771 2954/2444/907
f 2957/2446/462 2960/5630/1626 2961/2447/463
f 2962/2449/465 2961/6761/2727 2960/2450/466
f 2963/2452/468 2961/6761/2727 2962/2449/465
f 2964/2454/470 2967/5602/2420 2968/2455/471
f 2969/2457/473 2968/6762/2702 2967/2458/474
f 2970/2460/476 2968/6762/2702 2969/2457/473
f 2971/2462/478 2974/6763/1610 2975/2463/929
f 2976/2465/481 2975/6764/2728 2974/2466/482
f 2977/2468/484 2975/6764/2728 2976/2465/481
f 2978/2470/486 2981/5606/2422 2982/2471/930
f 2983/2473/489 2982/6765/2729 2981/2474/490
f 2984/2476/492 2982/6765/2729 2983/2473/489
f 2985/2478/932 2988/5604/2421 2989/2479/933
f 2990/2481/497 2989/6766/2730 2988/2482/498
f 2991/2484/500 2989/6766/2730 2990/2481/497
f 2992/2486/935 2995/6767/2731 2996/2487/936
f 2997/2489/505 2996/6768/2732 2995/2490/506
f 2998/2492/508 2996/6768/2732 2997/2489/505
f 2999/2494/510 3002/5607/1612 3003/2495/938
f 3004/2497/513 3003/6769/2707 3002/2498/514
f 3005/2500/516 3003/6769/2707 3004/2497/513
f 3006/2502/940 3009/5608/2423 3010/2503/941
f 3011/2505/521 3010/6770/2733 3009/2506/522
f 3012/2508/524 3010/6770/2733 3011/2505/521
f 3013/2510/942 3016/6771/2734 3017/2511/943
f 3018/2513/529 3017/6772/2709 3016/2514/530
f 3019/2516/532 3017/6772/2709 3018/2513/529
f 3020/2518/945 3023/6773/2735 3024/2519/946
f 3025/2521/537 3024/6774/2736 3023/2522/538
f 3026/2524/540 3024/6774/2736 3025/2521/537
f 3027/2526/542 3030/5611/2424 3031/2527/949
f 3032/2529/545 3031/6775/2737 3030/2530/546
f 3033/2532/548 3031/6775/2737 3032/2529/545
f 3034/2534/550 3037/5614/2425 3038/2535/950
f 3039/2537/553 3038/6776/2738 3037/2538/554
f 3040/2540/556 3038/6776/2738 3039/2537/553
f 3041/2542/558 3044/6777/2713 3045/2543/559
f 3046/2545/561 3045/6778/2739 3044/2546/562
f 3047/2548/564 3045/6778/2739 3046/2545/561
f 3048/2550/566 3051/6779/1619 3052/2551/567
f 3053/2553/569 3052/6780/2740 3051/2554/570
f 3054/2556/572 3052/6780/2740 3053/2553/569
f 3055/2558/574 3058/5615/1618 3059/2559/951
f 3060/2561/577 3059/6781/2741 3058/2562/578
f 3061/2564/580 3059/6781/2741 3060/2561/577
f 3062/2566/582 3065/5621/2426 3066/2567/952
f 3067/2569/585 3066/6782/2742 3065/2570/586
f 3068/2572/588 3066/6782/2742 3067/2569/585
f 3069/2574/590 3072/5618/1620 3073/2575/953
f 3074/2577/593 3073/6783/2718 3072/2578/594
f 3075/2580/596 3073/6783/2718 3074/2577/593
f 3076/2582/954 3079/6784/2743 3080/2583/955
f 3081/2585/601 3080/6785/2744 3079/2586/602
f 3082/2588/604 3080/6785/2744 3081/2585/601
f 3083/2590/956 3086/2594/2427 3087/2591/957
f 3088/2593/959 3087/2591/2745 3086/2594/610
f 3089/2592/612 3087/2591/2745 3088/2593/959
f 3090/2597/614 3093/5625/1623 3094/2598/960
f 3095/2600/617 3094/6786/2746 3093/2601/618
f 3096/2603/620 3094/6786/2746 3095/2600/617
f 3097/2605/622 3100/6787/2747 3101/2606/961
f 3102/2608/625 3101/6788/2723 3100/2609/626
f 3103/2611/628 3101/6788/2723 3102/2608/625
f 3104/2613/962 3107/5629/1625 3108/2614/963
f 3109/2616/633 3108/6789/2748 3107/2617/634
f 3110/2619/636 3108/6789/2748 3109/2616/633
f 3111/2621/638 3114/5627/2428 3115/2622/965
f 3116/2624/641 3115/6790/2749 3114/2625/642
f 3117/2627/644 3115/6790/2749 3116/2624/641
f 3118/2629/646 3121/6791/2750 3122/2630/966
f 3123/2632/649 3122/6792/2751 3121/2633/650
f 3124/2635/652 3122/6792/2751 3123/2632/649
f 3125/2637/654 3128/5648/1780 3129/2638/908
f 3126/2640/657 3130/5633/1763 3129/2641/658
f 3127/2643/660 3131/5632/2414 3129/2644/969
f 3132/2646/663 3135/5651/1784 3136/2647/664
f 3133/2649/666 3137/5635/2430 3136/2650/971
f 3134/2652/669 3138/5634/1764 3136/2653/909
f 3139/2655/672 3142/5631/2429 3143/2656/673
f 3140/2658/675 3144/6793/2752 3143/2659/897
f 3141/2661/678 3145/5638/1783 3143/2662/679
f 3146/2664/681 3149/5639/2433 3150/2665/974
f 3147/2667/684 3151/5636/2431 3150/2668/685
f 3148/2670/687 3152/6794/2415 3150/2671/976
f 3153/2673/690 3156/5643/2417 3157/2674/912
f 3154/2676/693 3158/5647/2436 3157/2677/928
f 3155/2679/696 3159/5649/1781 3157/2680/697
f 3160/2682/699 3163/5650/1782 3164/2683/978
f 3161/2685/702 3165/5646/1778 3164/2686/703
f 3162/2688/705 3166/5645/2416 3164/2689/927
f 3167/2691/708 3170/5637/2432 3171/2692/709
f 3168/2694/711 3172/5642/1773 3171/2695/712
f 3169/2697/714 3173/6795/2418 3171/2698/981
f 3174/2700/717 3177/5644/2435 3178/2701/983
f 3175/2703/720 3179/5641/2434 3178/2704/985
f 3176/2706/723 3180/5640/1771 3178/2707/724
f 3181/2709/654 3184/5667/2413 3185/2710/988
f 3182/2712/657 3186/5654/1763 3185/2713/989
f 3183/2715/660 3187/5653/1762 3185/2716/918
f 3188/2718/663 3191/5670/1784 3192/2719/664
f 3189/2721/666 3193/5656/2430 3192/2722/991
f 3190/2724/669 3194/5655/1764 3192/2725/670
f 3195/2727/672 3198/5652/2429 3199/2728/896
f 3196/2730/675 3200/6796/1768 3199/2731/897
f 3197/2733/678 3201/5659/2437 3199/2734/993
f 3202/2736/681 3205/5660/2433 3206/2737/974
f 3203/2739/684 3207/5657/1767 3206/2740/685
f 3204/2742/687 3208/6797/2415 3206/2743/976
f 3209/2745/690 3212/5663/2417 3213/2746/994
f 3210/2748/693 3214/6798/2436 3213/2749/913
f 3211/2751/696 3215/5668/2438 3213/2752/995
f 3216/2754/699 3219/5669/2439 3220/2755/996
f 3217/2757/702 3221/5666/1778 3220/2758/703
f 3218/2760/705 3222/5665/2416 3220/2761/706
f 3223/2763/708 3226/5658/2432 3227/2764/905
f 3224/2766/711 3228/6799/1773 3227/2767/997
f 3225/2769/714 3229/6800/1775 3227/2770/981
f 3230/2772/717 3233/5664/2435 3234/2773/983
f 3231/2775/720 3235/5662/1772 3234/2776/985
f 3232/2778/723 3236/5661/1771 3234/2779/724
f 3237/2781/999 3240/2785/1003 3241/2782/1000
f 3238/2784/1002 3242/2787/1005 3241/2782/1000
f 3239/2786/1004 3243/2783/1001 3241/2782/1000
f 3253/2788/1006 3256/2792/1010 3257/2789/1007
f 3254/2791/1009 3258/2794/1012 3257/2789/1007
f 3255/2793/1011 3259/2790/1008 3257/2789/1007
f 3260/2795/1013 3263/5686/1017 3264/2796/1014
f 3261/2798/1016 3265/2802/1019 3264/2799/1014
f 3262/2801/1018 3266/5710/1015 3264/2799/1014
f 3276/2803/1020 3279/2807/1024 3280/2804/1021
f 3277/2806/1023 3281/2809/1026 3280/2804/1021
f 3278/2808/1025 3282/2805/1022 3280/2804/1021
f 3283/2810/1027 3286/2814/1031 3287/2811/1028
f 3284/2813/1030 3288/5711/1033 3287/2811/1028
f 3285/2815/1032 3289/6801/1029 3287/2816/1028
f 3299/2818/1034 3302/2822/1038 3303/2819/1035
f 3300/2821/1037 3304/2824/1040 3303/2819/1035
f 3301/2823/1039 3305/2820/1036 3303/2819/1035
f 3306/2825/1041 3309/5713/1045 3310/2826/1042
f 3307/2828/1044 3311/5727/1047 3310/2829/1042
f 3308/2831/1046 3312/2827/1043 3310/2826/1042
f 3322/2833/1048 3325/2837/1052 3326/2834/1049
f 3323/2836/1051 3327/2839/1054 3326/2834/1049
f 3324/2838/1053 3328/2835/1050 3326/2834/1049
f 3329/2840/1055 3332/2844/1059 3333/2841/1056
f 3330/2843/1058 3334/2846/1061 3333/2841/1056
f 3331/2845/1060 3335/2842/1057 3333/2841/1056
f 3345/2847/1062 3348/2851/1066 3349/2848/1063
f 3346/2850/1065 3350/2853/1068 3349/2848/1063
f 3347/2852/1067 3351/2849/1064 3349/2848/1063
f 3352/2854/1069 3355/2858/1073 3356/2855/1070
f 3353/2857/1072 3357/2860/1075 3356/2855/1070
f 3354/2859/1074 3358/2856/1071 3356/2855/1070
f 3368/2861/1076 3371/6802/1080 3372/2862/1077
f 3369/2864/1079 3373/2868/1082 3372/2865/1077
f 3370/2867/1081 3374/6803/1078 3372/2865/1077
f 3375/2869/1083 3378/2873/1087 3379/2870/1084
f 3376/2872/1086 3380/2875/1089 3379/2870/1084
f 3377/2874/1088 3381/2871/1085 3379/2870/1084
f 3391/2876/1090 3394/5783/1094 3395/2877/1091
f 3392/2879/1093 3396/5767/1096 3395/2880/1091
f 3393/2882/1095 3397/2878/1092 3395/2877/1091
f 3398/2884/1097 3401/2888/1101 3402/2885/1098
f 3399/2887/1100 3403/2890/1103 3402/2885/1098
f 3400/2889/1102 3404/2886/1099 3402/2885/1098
f 3414/2891/1104 3417/2895/1108 3418/2892/1105
f 3415/2894/1107 3419/5784/1110 3418/2892/1105
f 3416/2896/1109 3420/5781/1106 3418/2897/1105
f 3421/2899/999 3424/2903/1003 3425/2900/1000
f 3422/2902/1002 3426/2905/1005 3425/2900/1000
f 3423/2904/1004 3427/2901/1001 3425/2900/1000
f 3437/2906/1006 3440/2910/1010 3441/2907/1007
f 3438/2909/1009 3442/2912/1012 3441/2907/1007
f 3439/2911/1011 3443/2908/1008 3441/2907/1007
f 3444/2913/1013 3447/5800/1017 3448/2914/1014
f 3445/2916/1016 3449/2920/1019 3448/2917/1014
f 3446/2919/1018 3450/5824/1015 3448/2917/1014
f 3460/2921/1020 3463/2925/1024 3464/2922/1021
f 3461/2924/1023 3465/2927/1026 3464/2922/1021
f 3462/2926/1025 3466/2923/1022 3464/2922/1021
f 3467/2928/1111 3470/2932/1031 3471/2929/1028
f 3468/2931/1030 3472/5825/1033 3471/2929/1028
f 3469/2933/1032 3473/6804/1029 3471/2934/1028
f 3483/2936/1034 3486/2940/1038 3487/2937/1035
f 3484/2939/1037 3488/2942/1040 3487/2937/1035
f 3485/2941/1039 3489/2938/1036 3487/2937/1035
f 3490/2943/1112 3493/5827/1045 3494/2944/1042
f 3491/2946/1044 3495/5841/1047 3494/2947/1042
f 3492/2949/1046 3496/2945/1043 3494/2944/1042
f 3506/2951/1048 3509/2955/1052 3510/2952/1049
f 3507/2954/1113 3511/2957/1054 3510/2952/1049
f 3508/2956/1053 3512/2953/1050 3510/2952/1049
f 3513/2958/1114 3516/2962/1059 3517/2959/1056
f 3514/2961/1115 3518/2964/1061 3517/2959/1056
f 3515/2963/1060 3519/2960/1057 3517/2959/1056
f 3529/2965/1116 3532/2969/1066 3533/2966/1063
f 3530/2968/1065 3534/2971/1068 3533/2966/1063
f 3531/2970/1067 3535/2967/1064 3533/2966/1063
f 3536/2972/1069 3539/2976/1073 3540/2973/1070
f 3537/2975/1072 3541/2978/1075 3540/2973/1070
f 3538/2977/1074 3542/2974/1071 3540/2973/1070
f 3552/2979/1117 3555/5882/1118 3556/2980/1077
f 3553/2982/1079 3557/2986/1082 3556/2983/1077
f 3554/2985/1119 3558/6805/1078 3556/2983/1077
f 3559/2987/1120 3562/2991/1087 3563/2988/1084
f 3560/2990/1121 3564/2993/1089 3563/2988/1084
f 3561/2992/1088 3565/2989/1085 3563/2988/1084
f 3575/2994/1122 3578/5898/1094 3579/2995/1091
f 3576/2997/1093 3580/5881/1096 3579/2998/1091
f 3577/3000/1095 3581/2996/1092 3579/2995/1091
f 3582/3002/1097 3585/3006/1101 3586/3003/1098
f 3583/3005/1123 3587/3008/1103 3586/3003/1098
f 3584/3007/1102 3588/3004/1099 3586/3003/1098
f 3598/3009/1104 3601/3013/1108 3602/3010/1105
f 3599/3012/1107 3603/5899/1110 3602/3010/1105
f 3600/3014/1124 3604/5896/1106 3602/3015/1105
f 3605/3017/654 3608/5919/2413 3609/3018/655
f 3606/3020/657 3610/5902/2509 3609/3021/658
f 3607/3023/660 3611/5901/1762 3609/3024/661
f 3612/3026/663 3615/5922/1784 3616/3027/664
f 3613/3029/666 3617/5903/2430 3616/3030/1126
f 3614/3032/669 3618/6806/1764 3616/3033/670
f 3619/3035/672 3622/5900/2429 3623/3036/673
f 3620/3038/675 3624/5906/1768 3623/3039/676
f 3621/3041/678 3625/5908/2437 3623/3042/679
f 3626/3044/681 3629/5909/1770 3630/3045/974
f 3627/3047/684 3631/5905/1767 3630/3048/685
f 3628/3050/687 3632/5904/2415 3630/3051/920
f 3633/3053/690 3636/5913/2510 3637/3054/691
f 3634/3056/693 3638/5918/2436 3637/3057/694
f 3635/3059/696 3639/5920/2438 3637/3060/697
f 3640/3062/699 3643/5921/1782 3644/3063/1128
f 3641/3065/702 3645/5917/1778 3644/3066/703
f 3642/3068/705 3646/5916/2416 3644/3069/706
f 3647/3071/708 3650/5907/2432 3651/3072/709
f 3648/3074/711 3652/5912/1773 3651/3075/712
f 3649/3077/714 3653/5914/1775 3651/3078/715
f 3654/3080/717 3657/5915/2435 3658/3081/983
f 3655/3083/720 3659/5911/1772 3658/3084/916
f 3656/3086/723 3660/5910/1771 3658/3087/724
f 3661/3089/654 3664/5941/1780 3665/3090/988
f 3662/3092/657 3666/5924/1763 3665/3093/658
f 3663/3095/660 3667/6807/1762 3665/3096/918
f 3668/3098/663 3671/5944/1784 3672/3099/1129
f 3669/3101/666 3673/5926/2430 3672/3102/991
f 3670/3104/669 3674/5925/1764 3672/3105/919
f 3675/3107/672 3678/5923/2511 3679/3108/1130
f 3676/3110/675 3680/5929/1768 3679/3111/897
f 3677/3113/678 3681/5931/2437 3679/3114/993
f 3682/3116/681 3685/5932/1770 3686/3117/1131
f 3683/3119/684 3687/5928/1767 3686/3120/1132
f 3684/3122/687 3688/5927/1766 3686/3123/920
f 3689/3125/690 3692/5936/2417 3693/3126/994
f 3690/3128/693 3694/5940/1779 3693/3129/913
f 3691/3131/696 3695/5942/1781 3693/3132/697
f 3696/3134/699 3699/5943/2439 3700/3135/996
f 3697/3137/702 3701/5939/1778 3700/3138/1134
f 3698/3140/705 3702/6808/1777 3700/3141/914
f 3703/3143/708 3706/5930/1769 3707/3144/1135
f 3704/3146/711 3708/5935/1773 3707/3147/997
f 3705/3149/714 3709/5937/2418 3707/3150/981
f 3710/3152/717 3713/5938/2435 3714/3153/923
f 3711/3155/720 3715/5934/1772 3714/3156/916
f 3712/3158/723 3716/5933/2512 3714/3159/1137
f 3717/3161/1138 3720/3165/1001 3721/3162/1000
f 3718/3164/1139 3722/3167/1003 3721/3162/1000
f 3719/3166/1002 3723/3163/1005 3721/3162/1000
f 3727/3168/1140 3730/3172/1141 3731/3169/1007
f 3728/3171/1011 3732/3174/1143 3731/3169/1007
f 3729/3173/1142 3733/3170/1010 3731/3169/1007
f 3734/3175/1144 3737/5946/1017 3738/3176/1014
f 3735/3178/1145 3739/3182/1146 3738/3179/1014
f 3736/3181/1018 3740/5970/1015 3738/3179/1014
f 3750/3183/1147 3753/3187/1149 3754/3184/1021
f 3751/3186/1023 3755/3189/1151 3754/3184/1021
f 3752/3188/1150 3756/3185/1148 3754/3184/1021
f 3757/3190/1152 3760/3194/1031 3761/3191/1153
f 3758/3193/1154 3762/6809/1033 3761/3191/1153
f 3759/3195/1032 3763/6810/1029 3761/3196/1153
f 3773/3198/1034 3776/3202/1038 3777/3199/1155
f 3774/3201/1037 3778/3204/1157 3777/3199/1155
f 3775/3203/1039 3779/3200/1156 3777/3199/1155
f 3780/3205/1158 3783/5972/1045 3784/3206/1042
f 3781/3208/1160 3785/5986/1162 3784/3209/1042
f 3782/3211/1161 3786/3207/1159 3784/3206/1042
f 3796/3213/1163 3799/3217/1164 3800/3214/1049
f 3797/3216/1113 3801/3219/1165 3800/3214/1049
f 3798/3218/1053 3802/3215/1050 3800/3214/1049
f 3803/3220/1055 3806/3224/1059 3807/3221/1056
f 3804/3223/1166 3808/3226/1061 3807/3221/1056
f 3805/3225/1060 3809/3222/1057 3807/3221/1056
f 3819/3227/1167 3822/3231/1168 3823/3228/1063
f 3820/3230/1065 3824/3233/1068 3823/3228/1063
f 3821/3232/1169 3825/3229/1064 3823/3228/1063
f 3826/3234/1170 3829/3238/1073 3830/3235/1070
f 3827/3237/1172 3831/3240/1173 3830/3235/1070
f 3828/3239/1074 3832/3236/1171 3830/3235/1070
f 3842/3241/1076 3845/6811/1175 3846/3242/1077
f 3843/3244/1174 3847/3248/1177 3846/3245/1077
f 3844/3247/1176 3848/6812/1078 3846/3245/1077
f 3849/3249/1120 3852/3253/1087 3853/3250/1178
f 3850/3252/1179 3854/3255/1089 3853/3250/1178
f 3851/3254/1088 3855/3251/1085 3853/3250/1178
f 3865/3256/1122 3868/6042/1094 3869/3257/1180
f 3866/3259/1093 3870/6026/1182 3869/3260/1180
f 3867/3262/1095 3871/3258/1181 3869/3257/1180
f 3872/3264/1183 3875/3268/1101 3876/3265/1098
f 3873/3267/1185 3877/3270/1186 3876/3265/1098
f 3874/3269/1102 3878/3266/1184 3876/3265/1098
f 3888/3271/1187 3891/3275/1188 3892/3272/1105
f 3889/3274/1107 3893/6813/1110 3892/3272/1105
f 3890/3276/1189 3894/6040/1106 3892/3277/1105
f 3901/3279/1138 3904/3283/1001 3905/3280/1000
f 3902/3282/1139 3906/3285/1003 3905/3280/1000
f 3903/3284/1002 3907/3281/1005 3905/3280/1000
f 3911/3286/1140 3914/3290/1141 3915/3287/1007
f 3912/3289/1011 3916/3292/1143 3915/3287/1007
f 3913/3291/1142 3917/3288/1010 3915/3287/1007
f 3918/3293/1144 3921/6058/1017 3922/3294/1014
f 3919/3296/1145 3923/3300/1146 3922/3297/1014
f 3920/3299/1018 3924/6082/1190 3922/3297/1014
f 3934/3301/1147 3937/3305/1024 3938/3302/1021
f 3935/3304/1023 3939/3307/1191 3938/3302/1021
f 3936/3306/1150 3940/3303/1148 3938/3302/1021
f 3941/3308/1152 3944/3312/1031 3945/3309/1153
f 3942/3311/1154 3946/6814/1033 3945/3309/1153
f 3943/3313/1032 3947/6815/1029 3945/3314/1153
f 3957/3316/1034 3960/3320/1038 3961/3317/1155
f 3958/3319/1037 3962/3322/1157 3961/3317/1155
f 3959/3321/1039 3963/3318/1156 3961/3317/1155
f 3964/3323/1158 3967/6084/1045 3968/3324/1042
f 3965/3326/1160 3969/6098/1047 3968/3327/1042
f 3966/3329/1161 3970/3325/1192 3968/3324/1042
f 3980/3331/1163 3983/3335/1164 3984/3332/1049
f 3981/3334/1113 3985/3337/1165 3984/3332/1049
f 3982/3336/1053 3986/3333/1050 3984/3332/1049
f 3987/3338/1055 3990/3342/1059 3991/3339/1056
f 3988/3341/1166 3992/3344/1061 3991/3339/1056
f 3989/3343/1060 3993/3340/1057 3991/3339/1056
f 4003/3345/1167 4006/3349/1168 4007/3346/1063
f 4004/3348/1065 4008/3351/1068 4007/3346/1063
f 4005/3350/1169 4009/3347/1064 4007/3346/1063
f 4010/3352/1170 4013/3356/1073 4014/3353/1070
f 4011/3355/1172 4015/3358/1193 4014/3353/1070
f 4012/3357/1074 4016/3354/1171 4014/3353/1070
f 4026/3359/1076 4029/6816/1175 4030/3360/1077
f 4027/3362/1174 4031/3366/1177 4030/3363/1077
f 4028/3365/1176 4032/6817/1078 4030/3363/1077
f 4033/3367/1120 4036/3371/1087 4037/3368/1178
f 4034/3370/1179 4038/3373/1089 4037/3368/1178
f 4035/3372/1088 4039/3369/1085 4037/3368/1178
f 4049/3374/1122 4052/6154/1094 4053/3375/1180
f 4050/3377/1093 4054/6138/1182 4053/3378/1180
f 4051/3380/1095 4055/3376/1181 4053/3375/1180
f 4056/3382/1183 4059/3386/1101 4060/3383/1098
f 4057/3385/1185 4061/3388/1186 4060/3383/1098
f 4058/3387/1102 4062/3384/1184 4060/3383/1098
f 4072/3389/1187 4075/3393/1188 4076/3390/1105
f 4073/3392/1107 4077/6155/1194 4076/3390/1105
f 4074/3394/1189 4078/6152/1106 4076/3395/1105
f 4090/3397/1195 4091/3403/1201 4095/3398/1196
f 4092/3400/1198 4091/3403/1201 4090/3397/1195
f 4087/3402/1200 4093/3405/1203 4091/3403/1201
f 4094/3404/1202 4091/3403/1201 4093/3405/1203
f 4089/3407/1205 4095/3398/1196 4091/3403/1201
f 4096/3408/1206 4101/6175/1210 4102/3409/1207
f 4103/3411/1209 4102/6818/1207 4101/3412/1210
f 4098/3414/1212 4104/3418/1214 4102/3415/1207
f 4099/3417/1213 4105/6173/1215 4102/3415/1207
f 4106/3410/1208 4102/3409/1207 4105/3419/1215
f 4107/3421/1217 4111/3425/1221 4112/3422/1218
f 4113/3424/1220 4112/3422/1218 4111/3425/1221
f 4109/3427/1223 4114/3428/1224 4112/3422/1218
f 4115/3423/1219 4112/3422/1218 4114/3428/1224
f 4121/3430/1226 4122/3436/1232 4126/3431/1227
f 4123/3433/1229 4122/3436/1232 4121/3430/1226
f 4118/3435/1231 4124/3438/1234 4122/3436/1232
f 4125/3437/1233 4122/3436/1232 4124/3438/1234
f 4120/3440/1236 4126/3431/1227 4122/3436/1232
f 4131/3441/1237 4132/3445/1241 4135/3442/1238
f 4128/3444/1240 4133/3447/1243 4132/3445/1241
f 4134/3446/1242 4132/3445/1241 4133/3447/1243
f 4130/3449/1245 4135/3442/1238 4132/3445/1241
f 4141/3450/1246 4142/6819/1250 4146/3451/1247
f 4137/3453/1249 4143/3457/1252 4142/3454/1250
f 4144/3456/1251 4142/3454/1250 4143/3457/1252
f 4139/3459/1254 4145/3463/1256 4142/3460/1250
f 4140/3462/1255 4146/6820/1247 4142/3460/1250
f 4151/3464/1257 4152/3468/1261 4155/3465/1258
f 4148/3467/1260 4153/3470/1263 4152/3468/1261
f 4154/3469/1262 4152/3468/1261 4153/3470/1263
f 4150/3472/1265 4155/3465/1258 4152/3468/1261
f 4161/3473/1266 4162/6821/1270 4166/3474/1267
f 4157/3476/1269 4163/3480/1272 4162/3477/1270
f 4158/3479/1271 4164/6194/1274 4162/3477/1270
f 4165/3481/1273 4162/3485/1270 4164/3482/1274
f 4160/3484/1276 4166/6195/1267 4162/3485/1270
f 4167/3486/1277 4172/3490/1281 4173/3487/1278
f 4168/3489/1280 4174/6822/1283 4173/3487/1278
f 4175/3491/1282 4173/6823/1278 4174/3492/1283
f 4170/3494/1285 4176/3498/1286 4173/3495/1278
f 4177/3497/1279 4173/3495/1278 4176/3498/1286
f 4182/3500/1288 4183/3504/1292 4186/3501/1289
f 4179/3503/1291 4184/3506/1294 4183/3504/1292
f 4185/3505/1293 4183/3504/1292 4184/3506/1294
f 4181/3508/1296 4186/3501/1289 4183/3504/1292
f 4187/3509/1297 4192/3513/1301 4193/3510/1298
f 4194/3512/1300 4193/3510/1298 4192/3513/1301
f 4189/3515/1303 4195/3517/1305 4193/3510/1298
f 4196/3516/1304 4193/3510/1298 4195/3517/1305
f 4197/3511/1299 4193/3510/1298 4196/3516/1304
f 4198/3520/1308 4203/3524/1312 4204/3521/1309
f 4205/3523/1311 4204/3521/1309 4203/3524/1312
f 4206/3526/1314 4204/3521/1309 4205/3523/1311
f 4201/3528/1316 4207/3529/1317 4204/3521/1309
f 4208/3522/1310 4204/3521/1309 4207/3529/1317
f 4209/3531/654 4212/6226/1780 4213/3532/908
f 4210/3534/657 4214/6209/1763 4213/3535/658
f 4211/3537/660 4215/6208/1762 4213/3538/661
f 4216/3540/663 4219/6229/1784 4220/3541/664
f 4217/3543/666 4221/6210/2430 4220/3544/1126
f 4218/3546/669 4222/6824/1764 4220/3547/919
f 4223/3549/672 4226/6207/2511 4227/3550/1320
f 4224/3552/675 4228/6213/1768 4227/3553/676
f 4225/3555/678 4229/6215/1783 4227/3556/679
f 4230/3558/681 4233/6216/2433 4234/3559/1131
f 4231/3561/684 4235/6212/1767 4234/3562/685
f 4232/3564/687 4236/6211/1766 4234/3565/920
f 4237/3567/690 4240/6220/2561 4241/3568/912
f 4238/3570/693 4242/6225/1779 4241/3571/694
f 4239/3573/696 4243/6227/1781 4241/3574/697
f 4244/3576/699 4247/6228/2439 4248/3577/1128
f 4245/3579/702 4249/6224/1778 4248/3580/703
f 4246/3582/705 4250/6223/1777 4248/3583/914
f 4251/3585/708 4254/6214/1769 4255/3586/1321
f 4252/3588/711 4256/6219/1773 4255/3589/712
f 4253/3591/714 4257/6221/1775 4255/3592/715
f 4258/3594/717 4261/6222/2435 4262/3595/923
f 4259/3597/720 4263/6218/1772 4262/3598/916
f 4260/3600/723 4264/6217/1771 4262/3601/724
f 4349/3603/1322 4352/6825/2753 4353/3604/1323
f 4354/3606/1325 4353/6826/2754 4352/3607/1326
f 4355/3609/1328 4353/6826/2754 4354/3606/1325
f 4356/3611/1330 4359/6827/2755 4360/3612/1331
f 4361/3614/1333 4360/6828/2756 4359/3615/1334
f 4362/3617/1336 4360/6828/2756 4361/3614/1333
f 4363/3619/1338 4366/6350/2674 4367/3620/1339
f 4368/3622/1341 4367/6829/2757 4366/3623/1342
f 4369/3625/1344 4367/6829/2757 4368/3622/1341
f 4370/3627/1346 4373/6830/2758 4374/3628/1347
f 4375/3630/1349 4374/6831/2759 4373/3631/1350
f 4376/3633/1352 4374/6832/2759 4375/3634/1349
f 4377/3636/1354 4380/6833/2760 4381/3637/1355
f 4382/3639/1357 4381/6834/2761 4380/3640/1358
f 4383/3642/1360 4381/6834/2761 4382/3639/1357
f 4384/3644/1362 4387/6355/2676 4388/3645/1363
f 4389/3647/1365 4388/6835/2762 4387/3648/1366
f 4390/3650/1368 4388/6835/2762 4389/3647/1365
f 4391/3652/1370 4394/6354/2675 4395/3653/1371
f 4396/3655/1373 4395/6836/2763 4394/3656/1374
f 4397/3658/1376 4395/6836/2763 4396/3655/1373
f 4398/3660/1378 4401/6837/2764 4402/3661/1379
f 4403/3663/1381 4402/6838/2765 4401/3664/1382
f 4404/3666/1384 4402/6838/2765 4403/3663/1381
f 4405/3668/1386 4408/6839/2766 4409/3669/1387
f 4410/3671/1389 4409/6840/2767 4408/3672/1390
f 4411/3674/1392 4409/6840/2767 4410/3671/1389
f 4412/3676/1394 4415/6358/2677 4416/3677/1395
f 4417/3679/1397 4416/6841/2768 4415/3680/1398
f 4418/3682/1400 4416/6842/2768 4417/3683/1397
f 4419/3685/1402 4422/6843/2769 4423/3686/1403
f 4424/3688/1405 4423/6844/2770 4422/3689/1406
f 4425/3691/1408 4423/6844/2770 4424/3688/1405
f 4426/3693/1410 4429/6360/2679 4430/3694/1411
f 4431/3696/1413 4430/6845/2771 4429/3697/1414
f 4432/3699/1416 4430/6845/2771 4431/3696/1413
f 4433/3701/1418 4436/6359/2678 4437/3702/1419
f 4438/3704/1421 4437/6846/2772 4436/3705/1422
f 4439/3707/1424 4437/6847/2772 4438/3708/1421
f 4440/3710/1426 4443/6364/2681 4444/3711/1427
f 4445/3713/1429 4444/6848/2773 4443/3714/1430
f 4446/3716/1432 4444/6848/2773 4445/3713/1429
f 4447/3718/1434 4450/6362/2680 4451/3719/1435
f 4452/3721/1437 4451/6849/2774 4450/3722/1438
f 4453/3724/1440 4451/6849/2774 4452/3721/1437
f 4454/3726/1442 4457/6366/2683 4458/3727/1443
f 4459/3729/1445 4458/6850/2775 4457/3730/1446
f 4460/3732/1448 4458/6850/2775 4459/3729/1445
f 4461/3734/1450 4464/6365/2682 4465/3735/1451
f 4466/3737/1453 4465/6851/2776 4464/3738/1454
f 4467/3740/1456 4465/6851/2776 4466/3737/1453
f 4468/3742/1458 4471/6369/2684 4472/3743/1459
f 4473/3745/1461 4472/6852/2777 4471/3746/1462
f 4474/3748/1464 4472/6852/2777 4473/3745/1461
f 4475/3750/1466 4478/6853/2778 4479/3751/1467
f 4480/3753/1469 4479/6854/2779 4478/3754/1470
f 4481/3756/1472 4479/6855/2779 4480/3757/1469
f 4482/3759/1474 4485/6370/2685 4486/3760/1475
f 4487/3762/1477 4486/6856/2780 4485/3763/1478
f 4488/3765/1480 4486/6856/2780 4487/3762/1477
f 4489/3767/1482 4492/6385/2699 4493/3768/1483
f 4490/3770/1485 4494/3774/1489 4493/3771/1486
f 4491/3773/1488 4495/6371/2686 4493/3771/1486
f 4496/3775/1490 4499/6372/2687 4500/3776/1491
f 4497/3778/1493 4501/3782/1497 4500/3779/1494
f 4498/3781/1496 4502/6386/2700 4500/3779/1494
f 4503/3783/1498 4506/6857/2781 4507/3784/1499
f 4508/3786/1501 4507/6858/2782 4506/3787/1502
f 4509/3789/1504 4507/6859/2782 4508/3790/1501
f 4510/3792/1506 4513/6860/2783 4514/3793/1507
f 4515/3795/1509 4514/6861/2784 4513/3796/1510
f 4516/3798/1512 4514/6862/2784 4515/3799/1509
f 4517/3801/1514 4520/6863/2785 4521/3802/1515
f 4522/3804/1517 4521/6864/2786 4520/3805/1518
f 4523/3807/1520 4521/6864/2786 4522/3804/1517
f 4524/3809/1522 4527/6375/2690 4528/3810/1523
f 4525/3812/1525 4529/3816/1529 4528/3813/1526
f 4526/3815/1528 4530/6373/2688 4528/3813/1526
f 4531/3817/1530 4534/6374/2689 4535/3818/1531
f 4536/3820/1533 4535/6865/2787 4534/3821/1534
f 4537/3823/1536 4535/6866/2787 4536/3824/1533
f 4538/3826/1538 4541/6376/2691 4542/3827/1539
f 4543/3829/1541 4542/6867/2788 4541/3830/1542
f 4544/3832/1544 4542/6868/2788 4543/3833/1541
f 4545/3835/1546 4548/6869/2789 4549/3836/1547
f 4550/3838/1549 4549/6870/2790 4548/3839/1550
f 4551/3841/1552 4549/6870/2790 4550/3838/1549
f 4552/3843/1554 4555/6378/2693 4556/3844/1555
f 4557/3846/1557 4556/6871/2791 4555/3847/1558
f 4558/3849/1560 4556/6871/2791 4557/3846/1557
f 4559/3851/1562 4562/6377/2692 4563/3852/1563
f 4560/3854/1565 4564/6872/1569 4563/3855/1566
f 4561/3857/1568 4565/6379/2694 4563/3858/1566
f 4566/3860/1570 4569/6381/2696 4570/3861/1571
f 4571/3863/1573 4570/6873/2792 4569/3864/1574
f 4572/3866/1576 4570/6874/2792 4571/3867/1573
f 4573/3869/1578 4576/3873/2695 4577/3870/1579
f 4574/3872/1581 4578/3875/1585 4577/3870/1582
f 4575/3874/1584 4579/3871/2697 4577/3870/1582
f 4580/3876/1586 4583/6384/2698 4584/3877/1587
f 4585/3879/1589 4584/6875/2793 4583/3880/1590
f 4586/3882/1592 4584/6875/2793 4585/3879/1589
f 4587/3884/1594 4590/6876/2794 4591/3885/1595
f 4592/3887/1597 4591/6877/2795 4590/3888/1598
f 4593/3890/1600 4591/6878/2795 4592/3891/1597
f 4594/3893/1602 4597/6879/2796 4598/3894/1603
f 4599/3896/1605 4598/6880/2797 4597/3897/1606
f 4600/3899/1608 4598/6881/2797 4599/3900/1605
f 780/1052/483 782/1051/482 771/1037/468
f 782/3902/1610 779/1047/478 765/1031/462
f 788/1062/493 773/1044/475 775/1043/474
f 792/1057/488 775/6686/2420 772/1039/470
f 774/1046/477 777/1042/473 770/1034/465
f 777/1042/473 773/1044/475 767/1038/469
f 781/1054/485 784/1050/481 791/1058/489
f 784/1050/481 780/1052/483 788/1062/493
f 794/3903/499 796/6882/498 785/1053/484
f 785/1049/480 796/6690/2421 793/1063/494
f 802/1078/509 787/6883/491 789/3904/490
f 789/3905/1611 786/1055/486 800/1071/502
f 795/1070/501 798/1066/497 805/1074/505
f 798/1066/497 794/1068/499 802/1078/509
f 808/1084/515 810/1083/514 799/1069/500
f 810/3906/1612 807/1079/510 793/1063/494
f 816/1094/525 801/1076/507 803/1075/506
f 803/3907/1613 800/1071/502 814/1087/518
f 809/1086/517 812/1082/513 819/1090/521
f 812/1082/513 808/1084/515 816/1094/525
f 822/1100/531 824/1099/530 813/1085/516
f 824/3908/1614 821/1095/526 807/1079/510
f 830/1110/541 815/1092/523 817/1091/522
f 834/1105/536 817/6694/2423 814/1087/518
f 823/1102/533 826/1098/529 833/1106/537
f 826/1098/529 822/1100/531 830/1110/541
f 823/3909/533 836/1116/547 838/1115/546
f 838/3911/1615 835/1111/542 821/1095/526
f 844/3912/557 829/1108/539 831/1107/538
f 831/3914/1616 828/1103/534 842/1119/550
f 837/1118/549 840/1114/545 847/1122/553
f 840/1114/545 836/1116/547 844/1126/557
f 850/1132/563 852/1131/562 841/1117/548
f 841/1113/544 852/6700/2713 849/1127/558
f 858/1142/573 843/1124/555 845/1123/554
f 845/3915/1617 842/1119/550 856/1135/566
f 851/1134/565 854/1130/561 861/1138/569
f 854/1130/561 850/1132/563 858/1142/573
f 864/1148/579 866/1147/578 855/1133/564
f 866/3916/1618 863/1143/574 849/1127/558
f 872/1158/589 857/1140/571 859/1139/570
f 859/3917/1619 856/1135/566 870/1151/582
f 865/1150/581 868/1146/577 875/1154/585
f 868/1146/577 864/1148/579 872/1158/589
f 865/3918/581 878/1164/595 880/1163/594
f 880/3920/1620 877/1159/590 863/1143/574
f 886/3921/605 871/1156/587 873/1155/586
f 890/1169/600 873/6704/2426 870/1151/582
f 879/1166/597 882/1162/593 889/1170/601
f 882/1162/593 878/1164/595 886/1174/605
f 879/1166/597 892/1180/611 894/1179/610
f 883/1161/592 894/6884/2720 891/3923/606
f 900/1189/621 885/1172/603 887/1171/602
f 887/3924/1621 884/1167/598 898/1182/614
f 893/1181/613 896/1178/609 903/1185/617
f 896/1178/609 892/1180/611 900/1189/621
f 893/1181/613 906/1195/627 908/1194/626
f 908/3925/1622 905/1190/622 891/3923/606
f 899/1187/619 901/1186/618 918/1204/636
f 901/3927/1623 898/1182/614 912/1198/630
f 907/1197/629 910/1193/625 917/1201/633
f 910/1193/625 906/1195/627 914/1205/637
f 907/1197/629 920/6885/643 922/3928/642
f 922/3929/1624 919/1206/638 905/1190/622
f 913/3930/635 915/6886/634 932/1220/652
f 915/3931/1625 912/1198/630 926/1214/646
f 921/1213/645 924/1209/641 931/1217/649
f 924/1209/641 920/1211/643 928/1221/653
f 921/1213/645 766/1036/467 768/1035/466
f 768/3932/1626 765/1031/462 919/1206/638
f 774/1046/477 927/1219/651 929/1218/650
f 929/3933/1627 926/1214/646 772/1039/470
f 934/3934/1628 940/3947/1641 941/3935/1629
f 941/3937/1631 939/3949/1643 933/3938/1632
f 937/3940/1634 938/4052/1738 944/3941/1635
f 944/3943/1637 938/4053/1739 936/3944/1638
f 946/3946/1640 947/6887/1649 941/3935/1629
f 947/3948/1642 945/3958/1651 939/3949/1643
f 943/3942/1636 944/3941/1635 950/3950/1644
f 950/3952/1646 944/3943/1637 942/3945/1639
f 952/3954/1648 953/3965/1657 947/3955/1649
f 953/3957/1650 951/3967/1659 945/3958/1651
f 949/3959/1645 950/6888/1644 956/3960/1652
f 956/3962/1654 950/3952/1646 948/3953/1647
f 958/3964/1656 959/3973/1665 953/3965/1657
f 959/3966/1658 957/3975/1667 951/3967/1659
f 955/3961/1653 956/3960/1652 962/3968/1660
f 962/3970/1662 956/3962/1654 954/3963/1655
f 964/3972/1664 965/6889/1673 959/3973/1665
f 965/3974/1666 963/3984/1675 957/3975/1667
f 961/3969/1661 962/3968/1660 968/3976/1668
f 962/3970/1662 960/3971/1663 966/3978/1670
f 970/3980/1672 971/3991/1681 965/3981/1673
f 965/3974/1666 971/3993/1683 969/3983/1674
f 973/3985/1676 967/6390/1669 968/3986/1668
f 968/3979/1671 966/3978/1670 972/3988/1678
f 976/3990/1680 977/3999/1689 971/3991/1681
f 977/3992/1682 975/4001/1691 969/3983/1674
f 973/3985/1676 974/3987/1677 980/3994/1684
f 974/3989/1679 972/3988/1678 978/3996/1686
f 982/3998/1688 983/4007/1697 977/3999/1689
f 977/3992/1682 983/4009/1699 981/4000/1690
f 979/3995/1685 980/3994/1684 986/4002/1692
f 980/3997/1687 978/3996/1686 984/4004/1694
f 982/3998/1688 988/6391/1705 989/4006/1696
f 989/4008/1698 987/4018/1707 981/4000/1690
f 985/4003/1693 986/4002/1692 992/4010/1700
f 986/4005/1695 984/4004/1694 990/4012/1702
f 994/4014/1704 995/4025/1713 989/4015/1696
f 995/4017/1706 993/4027/1715 987/4018/1707
f 997/4019/1708 991/6392/1701 992/4020/1700
f 992/4013/1703 990/4012/1702 996/4022/1710
f 1000/4024/1712 1001/4033/1721 995/4025/1713
f 1001/4026/1714 999/4035/1723 993/4027/1715
f 997/4019/1708 998/4021/1709 1004/4028/1716
f 998/4023/1711 996/4022/1710 1002/4030/1718
f 1000/4024/1712 1006/6393/1729 1007/4032/1720
f 1001/4026/1714 1007/4044/1731 1005/4034/1722
f 1003/4029/1717 1004/4028/1716 1010/4036/1724
f 1004/4031/1719 1002/4030/1718 1008/4038/1726
f 1012/4040/1728 1013/4050/1736 1007/4041/1720
f 1013/4043/1730 1011/4051/1737 1005/4034/1722
f 1009/4045/1725 1010/6890/1724 1016/4046/1732
f 1010/4039/1727 1008/4038/1726 1014/4048/1734
f 1012/4040/1728 934/3934/1628 935/3936/1630
f 935/3939/1633 933/3938/1632 1011/4051/1737
f 1015/4047/1733 1016/4046/1732 938/4052/1738
f 938/4053/1739 1016/4049/1735 1014/4048/1734
f 1024/4054/1641 1025/4067/1629 1019/4055/1630
f 1019/4057/1633 1025/4069/1631 1023/4058/1643
f 1021/4060/1634 1022/4172/1738 1028/4061/1635
f 1022/4063/1739 1020/4173/1638 1026/4064/1639
f 1024/4054/1641 1030/6394/1640 1031/4066/1649
f 1031/4068/1642 1029/4078/1651 1023/4058/1643
f 1027/4062/1636 1028/4061/1635 1034/4070/1644
f 1028/4065/1740 1026/4064/1639 1032/4072/1647
f 1036/4074/1648 1037/4085/1657 1031/4075/1649
f 1037/4077/1650 1035/4087/1659 1029/4078/1651
f 1039/4079/1653 1033/6395/1645 1034/4080/1644
f 1040/4082/1742 1034/4073/1741 1032/4072/1647
f 1042/4084/1656 1043/4093/1665 1037/4085/1657
f 1043/4086/1744 1041/4095/1747 1035/4087/1659
f 1039/4079/1653 1040/4081/1652 1046/4088/1660
f 1040/4082/1742 1038/4083/1743 1044/4090/1745
f 1048/4092/1664 1049/6891/1673 1043/4093/1665
f 1049/4094/1746 1047/4104/1675 1041/4095/1747
f 1045/4089/1661 1046/4088/1660 1052/4096/1668
f 1052/4098/1671 1046/4091/1662 1044/4090/1745
f 1054/4100/1672 1055/4111/1681 1049/4101/1673
f 1055/4103/1683 1053/4113/1674 1047/4104/1675
f 1051/4105/1669 1052/6892/1668 1058/4106/1677
f 1058/4108/1679 1052/4098/1671 1050/4099/1670
f 1060/4110/1680 1061/4119/1689 1055/4111/1681
f 1055/4103/1683 1061/4120/1682 1059/4112/1691
f 1057/4107/1676 1058/4106/1677 1064/4114/1684
f 1064/4116/1687 1058/4108/1679 1056/4109/1678
f 1066/4118/1688 1067/4127/1697 1061/4119/1689
f 1061/4120/1682 1067/4129/1699 1065/4121/1690
f 1069/4122/1693 1063/4115/1685 1064/4114/1684
f 1064/4116/1687 1062/4117/1686 1068/4124/1694
f 1066/4118/1688 1072/6396/1705 1073/4126/1696
f 1073/4128/1698 1071/4138/1707 1065/4121/1690
f 1069/4122/1693 1070/4123/1692 1076/4130/1700
f 1076/4132/1748 1070/4125/1695 1068/4124/1694
f 1078/4134/1704 1079/4145/1713 1073/4135/1696
f 1079/4137/1706 1077/4147/1715 1071/4138/1707
f 1081/4139/1708 1075/6397/1701 1076/4140/1700
f 1076/4132/1748 1074/4133/1702 1080/4142/1710
f 1084/4144/1712 1085/4153/1721 1079/4145/1713
f 1079/4137/1706 1085/4154/1750 1083/4146/1723
f 1081/4139/1708 1082/4141/1709 1088/4148/1716
f 1082/4143/1711 1080/4142/1710 1086/4150/1749
f 1084/4144/1712 1090/6398/1729 1091/4152/1720
f 1085/4154/1750 1091/4163/1731 1089/4155/1722
f 1087/4149/1717 1088/4148/1716 1094/4156/1724
f 1088/4151/1719 1086/4150/1749 1092/4158/1726
f 1096/4160/1728 1097/4170/1736 1091/4161/1720
f 1091/4163/1731 1097/4171/1752 1095/4164/1737
f 1093/4165/1725 1094/6893/1724 1100/4166/1732
f 1094/4159/1751 1092/4158/1726 1098/4168/1734
f 1018/4056/1628 1019/4055/1630 1097/4170/1736
f 1097/4171/1752 1019/4057/1633 1017/4059/1632
f 1099/4167/1733 1100/4166/1732 1022/4172/1738
f 1100/4169/1735 1098/4168/1734 1020/4173/1638
f 1108/4174/1641 1109/4187/1629 1103/4175/1630
f 1103/4177/1633 1109/4189/1631 1107/4178/1643
f 1105/4180/1634 1106/4292/1738 1112/4181/1635
f 1106/4183/1739 1104/4293/1638 1110/4184/1639
f 1108/4174/1641 1114/6399/1640 1115/4186/1649
f 1115/4188/1642 1113/4198/1651 1107/4178/1643
f 1111/4182/1636 1112/4181/1635 1118/4190/1644
f 1112/4185/1740 1110/4184/1639 1116/4192/1647
f 1120/4194/1648 1121/4205/1657 1115/4195/1649
f 1121/4197/1650 1119/4207/1659 1113/4198/1651
f 1117/4199/1645 1118/6894/1644 1124/4200/1652
f 1124/4202/1654 1118/4193/1741 1116/4192/1647
f 1126/4204/1656 1127/4213/1665 1121/4205/1657
f 1127/4206/1658 1125/4215/1667 1119/4207/1659
f 1123/4201/1653 1124/4200/1652 1130/4208/1660
f 1124/4202/1654 1122/4203/1743 1128/4210/1745
f 1132/4212/1664 1133/6895/1673 1127/4213/1665
f 1133/4214/1666 1131/4224/1675 1125/4215/1667
f 1135/4216/1669 1129/4209/1661 1130/4208/1660
f 1130/4211/1662 1128/4210/1745 1134/4218/1670
f 1138/4220/1672 1139/4231/1681 1133/4221/1673
f 1133/4214/1666 1139/4232/1754 1137/4223/1674
f 1135/4225/1669 1136/6896/1668 1142/4226/1677
f 1136/4219/1671 1134/4218/1670 1140/4228/1678
f 1144/4230/1680 1145/4239/1689 1139/4231/1681
f 1139/4232/1754 1145/4241/1682 1143/4233/1691
f 1147/4234/1685 1141/4227/1676 1142/4226/1677
f 1148/4236/1687 1142/4229/1753 1140/4228/1678
f 1150/4238/1688 1151/4247/1697 1145/4239/1689
f 1151/4240/1755 1149/4249/1690 1143/4233/1691
f 1153/4242/1693 1147/4234/1685 1148/4235/1684
f 1148/4236/1687 1146/4237/1686 1152/4244/1694
f 1156/4246/1705 1157/6897/1696 1151/4247/1697
f 1151/4240/1755 1157/4258/1698 1155/4248/1707
f 1153/4242/1693 1154/4243/1692 1160/4250/1700
f 1154/4245/1756 1152/4244/1694 1158/4252/1702
f 1162/4254/1704 1163/4265/1713 1157/4255/1696
f 1163/4257/1706 1161/4267/1715 1155/4248/1707
f 1165/4259/1708 1159/6400/1701 1160/4260/1700
f 1166/4262/1711 1160/4253/1703 1158/4252/1702
f 1168/4264/1712 1169/4273/1721 1163/4265/1713
f 1169/4266/1750 1167/4275/1723 1161/4267/1715
f 1165/4259/1708 1166/4261/1709 1172/4268/1716
f 1166/4262/1711 1164/4263/1710 1170/4270/1749
f 1174/4272/1729 1175/6898/1720 1169/4273/1721
f 1169/4266/1750 1175/4284/1731 1173/4274/1722
f 1171/4269/1717 1172/4268/1716 1178/4276/1724
f 1172/4271/1757 1170/4270/1749 1176/4278/1726
f 1180/4280/1728 1181/4290/1736 1175/4281/1720
f 1181/4283/1752 1179/4291/1737 1173/4274/1722
f 1177/4285/1725 1178/6899/1724 1184/4286/1732
f 1184/4288/1759 1178/4279/1758 1176/4278/1726
f 1180/4280/1728 1102/4176/1628 1103/4175/1630
f 1103/4177/1633 1101/4179/1632 1179/4291/1737
f 1105/4180/1634 1183/4287/1733 1184/4286/1732
f 1106/4183/1739 1184/4288/1759 1182/4289/1734
f 1192/4294/1641 1193/4307/1629 1187/4295/1630
f 1187/4297/1633 1193/4308/1631 1191/4298/1643
f 1189/4300/1634 1190/4412/1738 1196/4301/1635
f 1190/4303/1739 1188/4413/1638 1194/4304/1639
f 1198/4306/1640 1199/6900/1649 1193/4307/1629
f 1193/4308/1631 1199/4318/1642 1197/4309/1651
f 1195/4302/1636 1196/4301/1635 1202/4310/1644
f 1196/4305/1740 1194/4304/1639 1200/4312/1647
f 1204/4314/1648 1205/4325/1657 1199/4315/1649
f 1205/4317/1650 1203/4327/1659 1197/4309/1651
f 1201/4319/1645 1202/6901/1644 1208/4320/1652
f 1202/4313/1646 1200/4312/1647 1206/4322/1655
f 1210/4324/1656 1211/4333/1665 1205/4325/1657
f 1211/4326/1658 1209/4335/1667 1203/4327/1659
f 1207/4321/1653 1208/4320/1652 1214/4328/1660
f 1208/4323/1742 1206/4322/1655 1212/4330/1663
f 1210/4324/1656 1216/6401/1664 1217/4332/1673
f 1211/4326/1658 1217/4344/1666 1215/4334/1675
f 1213/4329/1661 1214/4328/1660 1220/4336/1668
f 1214/4331/1760 1212/4330/1663 1218/4338/1670
f 1222/4340/1672 1223/4351/1681 1217/4341/1673
f 1223/4343/1754 1221/4353/1674 1215/4334/1675
f 1225/4345/1676 1219/6402/1669 1220/4346/1668
f 1220/4339/1671 1218/4338/1670 1224/4348/1678
f 1222/4340/1672 1228/4358/1680 1229/4350/1689
f 1229/4352/1682 1227/4361/1691 1221/4353/1674
f 1225/4345/1676 1226/4347/1677 1232/4354/1684
f 1226/4349/1679 1224/4348/1678 1230/4356/1686
f 1228/4358/1680 1234/4367/1688 1235/4359/1697
f 1235/4360/1755 1233/4369/1690 1227/4361/1691
f 1231/4355/1685 1232/4354/1684 1238/4362/1692
f 1238/4364/1695 1232/4357/1687 1230/4356/1686
f 1240/4366/1705 1241/6902/1696 1235/4359/1697
f 1241/4368/1698 1239/4378/1707 1233/4369/1690
f 1237/4363/1693 1238/4362/1692 1244/4370/1700
f 1238/4364/1695 1236/4365/1694 1242/4372/1702
f 1246/4374/1704 1247/4385/1713 1241/4375/1696
f 1247/4377/1706 1245/4387/1715 1239/4378/1707
f 1243/4379/1701 1244/6903/1700 1250/4380/1709
f 1244/4373/1748 1242/4372/1702 1248/4382/1710
f 1252/4384/1712 1253/4393/1721 1247/4385/1713
f 1253/4386/1750 1251/4395/1723 1245/4387/1715
f 1249/4381/1708 1250/4380/1709 1256/4388/1716
f 1250/4383/1711 1248/4382/1710 1254/4390/1749
f 1258/4392/1729 1259/6904/1720 1253/4393/1721
f 1259/4394/1731 1257/4404/1722 1251/4395/1723
f 1255/4389/1717 1256/4388/1716 1262/4396/1724
f 1256/4391/1757 1254/4390/1749 1260/4398/1726
f 1264/4400/1728 1265/4410/1736 1259/4401/1720
f 1259/4394/1731 1265/4411/1752 1263/4403/1737
f 1267/4405/1733 1261/6403/1725 1262/4406/1724
f 1262/4399/1758 1260/4398/1726 1266/4408/1734
f 1186/4296/1628 1187/4295/1630 1265/4410/1736
f 1265/4411/1752 1187/4297/1633 1185/4299/1632
f 1189/4300/1634 1267/4405/1733 1268/4407/1732
f 1268/4409/1735 1266/4408/1734 1188/4413/1638
f 1269/1222/654 1275/1224/656 1286/4414/1761
f 1275/4415/1762 1271/1228/660 1284/1243/675
f 1276/1231/663 1282/1233/665 1274/4416/1763
f 1282/4417/1764 1278/1237/669 1271/1228/660
f 1290/1249/681 1296/1251/683 1281/4418/1765
f 1296/4419/1766 1292/1255/687 1278/1237/669
f 1285/1246/678 1288/1248/680 1295/4420/1767
f 1288/4421/1768 1284/1243/675 1292/1255/687
f 1283/1240/672 1289/1242/674 1314/4422/1769
f 1314/1281/713 1289/6714/1783 1285/1246/678
f 1290/1249/681 1318/1285/717 1324/1287/719
f 1324/4424/1771 1320/1291/723 1291/1252/684
f 1313/1282/714 1316/1284/716 1323/4425/1772
f 1316/4426/1773 1312/1279/711 1320/1291/723
f 1311/1276/708 1317/1278/710 1300/4427/1774
f 1317/4428/1775 1313/1282/714 1298/1261/693
f 1304/1267/699 1310/1269/701 1321/4429/1776
f 1310/4430/1777 1306/1273/705 1319/1288/720
f 1299/1264/696 1302/1266/698 1309/4431/1778
f 1302/4432/1779 1298/1261/693 1306/1273/705
f 1269/1222/654 1297/1258/690 1303/1260/692
f 1303/4434/1781 1299/1264/696 1270/1225/657
f 1277/1234/666 1279/1236/668 1307/4435/1782
f 1307/1272/704 1279/6713/1784 1276/1231/663
f 1325/1294/654 1331/1296/656 1342/4436/1761
f 1331/4437/1762 1327/1300/660 1340/1315/675
f 1332/1303/663 1338/1305/665 1330/4438/1763
f 1338/4439/1764 1334/1309/669 1327/1300/660
f 1346/1321/681 1352/1323/683 1337/4440/1765
f 1352/4441/1766 1348/1327/687 1334/1309/669
f 1341/1318/678 1344/1320/680 1351/4442/1767
f 1344/4443/1768 1340/1315/675 1348/1327/687
f 1367/1348/708 1339/1312/672 1345/1314/674
f 1345/4445/1783 1341/1318/678 1368/1351/711
f 1374/1357/717 1380/1359/719 1349/4446/1770
f 1349/1326/686 1380/6716/1771 1376/1363/723
f 1369/1354/714 1372/1356/716 1379/4447/1772
f 1372/4448/1773 1368/1351/711 1376/1363/723
f 1367/1348/708 1373/1350/710 1356/4449/1774
f 1373/4450/1775 1369/1354/714 1354/1333/693
f 1360/1339/699 1366/1341/701 1377/4451/1776
f 1366/4452/1777 1362/1345/705 1375/1360/720
f 1355/1336/696 1358/1338/698 1365/4453/1778
f 1358/4454/1779 1354/1333/693 1362/1345/705
f 1353/1330/690 1359/1332/692 1328/4455/1780
f 1328/1299/659 1359/6715/1781 1355/1336/696
f 1360/1339/699 1333/1306/666 1335/1308/668
f 1335/4457/1784 1332/1303/663 1361/1342/702
f 1381/1366/654 1387/1368/656 1398/4458/1761
f 1387/4459/1762 1383/1372/660 1396/1387/675
f 1388/1375/663 1394/1377/665 1386/4460/1763
f 1394/4461/1764 1390/1381/669 1383/1372/660
f 1402/1393/681 1408/1395/683 1393/4462/1765
f 1408/4463/1766 1404/1399/687 1390/1381/669
f 1397/1390/678 1400/1392/680 1407/4464/1767
f 1400/4465/1768 1396/1387/675 1404/1399/687
f 1423/1420/708 1395/1384/672 1401/1386/674
f 1401/4467/1783 1397/1390/678 1424/1423/711
f 1430/1429/717 1436/1431/719 1405/4468/1770
f 1405/1398/686 1436/6718/1771 1432/1435/723
f 1425/1426/714 1428/1428/716 1435/4469/1772
f 1428/4470/1773 1424/1423/711 1432/1435/723
f 1423/1420/708 1429/1422/710 1412/4471/1774
f 1429/4472/1775 1425/1426/714 1410/1405/693
f 1416/1411/699 1422/1413/701 1433/4473/1776
f 1422/4474/1777 1418/1417/705 1431/1432/720
f 1411/1408/696 1414/1410/698 1421/4475/1778
f 1414/4476/1779 1410/1405/693 1418/1417/705
f 1409/1402/690 1415/1404/692 1384/4477/1780
f 1384/1371/659 1415/6717/1781 1411/1408/696
f 1389/1378/666 1391/1380/668 1419/4478/1782
f 1391/4479/1784 1388/1375/663 1417/1414/702
f 1437/1438/654 1443/1440/656 1454/4480/1761
f 1443/4481/1762 1439/1444/660 1452/1459/675
f 1444/1447/663 1450/1449/665 1442/4482/1763
f 1450/4483/1764 1446/1453/669 1439/1444/660
f 1458/1465/681 1464/1467/683 1449/4484/1765
f 1464/4485/1766 1460/1471/687 1446/1453/669
f 1453/1462/678 1456/1464/680 1463/4486/1767
f 1456/4487/1768 1452/1459/675 1460/1471/687
f 1451/1456/672 1457/1458/674 1482/4488/1769
f 1482/1497/713 1457/6720/1783 1453/1462/678
f 1486/1501/717 1492/1503/719 1461/4489/1770
f 1492/4490/1771 1488/1507/723 1459/1468/684
f 1481/1498/714 1484/1500/716 1491/4491/1772
f 1484/4492/1773 1480/1495/711 1488/1507/723
f 1479/1492/708 1485/1494/710 1468/4493/1774
f 1485/4494/1775 1481/1498/714 1466/1477/693
f 1472/1483/699 1478/1485/701 1489/4495/1776
f 1478/4496/1777 1474/1489/705 1487/1504/720
f 1467/1480/696 1470/1482/698 1477/4497/1778
f 1470/4498/1779 1466/1477/693 1474/1489/705
f 1437/1438/654 1465/1474/690 1471/1476/692
f 1471/4500/1781 1467/1480/696 1438/1441/657
f 1445/1450/666 1447/1452/668 1475/4501/1782
f 1475/1488/704 1447/6719/1784 1444/1447/663
f 1494/4502/1785 1500/4515/1798 1501/4503/1786
f 1495/4505/1788 1501/4517/1800 1499/4506/1789
f 1503/4508/1791 1497/4612/1895 1498/4509/1792
f 1504/4511/1794 1498/4613/1896 1496/4512/1795
f 1506/4514/1797 1507/6905/1806 1501/4503/1786
f 1507/4516/1799 1505/4525/1808 1499/4506/1789
f 1503/4508/1791 1504/4510/1793 1510/4518/1801
f 1504/4511/1794 1502/4513/1796 1508/4520/1803
f 1506/4522/1797 1512/4532/1814 1513/4523/1805
f 1507/4516/1799 1513/4523/1816 1511/4524/1807
f 1509/4526/1802 1510/4529/1801 1516/4527/1809
f 1510/4529/1804 1508/6906/1803 1514/4530/1811
f 1518/4531/1813 1519/4533/1822 1513/4523/1805
f 1519/4533/1815 1517/4539/1824 1511/4524/1807
f 1515/4528/1810 1516/4527/1809 1522/4534/1817
f 1516/4527/1812 1514/4530/1811 1520/4536/1819
f 1524/4537/1821 1525/4547/1830 1519/4533/1822
f 1519/4533/1815 1525/4547/1832 1523/4538/1823
f 1527/4540/1825 1521/4535/1818 1522/4534/1817
f 1528/4541/1827 1522/4534/1820 1520/4536/1819
f 1524/4543/1821 1530/4555/1838 1531/4544/1829
f 1531/4546/1831 1529/4557/1840 1523/4538/1823
f 1527/4548/1825 1528/6907/1826 1534/4549/1833
f 1534/4551/1835 1528/6908/1827 1526/4552/1828
f 1536/4554/1837 1537/4563/1846 1531/4544/1829
f 1537/4556/1839 1535/4565/1848 1529/4557/1840
f 1533/4550/1834 1534/4549/1833 1540/4558/1841
f 1540/4560/1843 1534/4551/1835 1532/4553/1836
f 1542/4562/1845 1543/4571/1854 1537/4563/1846
f 1543/4564/1847 1541/6909/1856 1535/4565/1848
f 1545/4566/1849 1539/4559/1842 1540/4558/1841
f 1546/4568/1851 1540/4560/1843 1538/4561/1844
f 1548/4570/1853 1549/6910/1862 1543/4571/1854
f 1543/4572/1847 1549/4580/1863 1547/4573/1855
f 1545/4566/1849 1546/4567/1850 1552/4575/1857
f 1546/4568/1851 1544/4569/1852 1550/4577/1859
f 1554/4579/1861 1555/4588/1870 1549/4580/1862
f 1549/4580/1863 1555/4588/1872 1553/4582/1864
f 1551/4583/1858 1552/4578/1857 1558/4584/1865
f 1552/4578/1860 1550/4577/1859 1556/4586/1867
f 1560/4587/1869 1561/4589/1878 1555/4588/1870
f 1561/4589/1871 1559/4595/1880 1553/4582/1864
f 1557/4585/1866 1558/4584/1865 1564/4590/1873
f 1558/4584/1868 1556/4586/1867 1562/4592/1875
f 1566/4593/1877 1567/4594/1886 1561/4589/1878
f 1567/4594/1879 1565/4603/1888 1559/4595/1880
f 1569/4596/1881 1563/4591/1874 1564/4590/1873
f 1570/4597/1883 1564/4590/1876 1562/4592/1875
f 1572/4599/1885 1573/4609/1893 1567/4600/1886
f 1567/4594/1879 1573/6911/1894 1571/4602/1887
f 1575/4604/1889 1569/6413/1881 1570/4605/1882
f 1570/4597/1883 1568/4598/1884 1574/4607/1891
f 1494/4502/1785 1495/4504/1787 1573/4609/1893
f 1573/4610/1894 1495/4505/1788 1493/4507/1790
f 1575/4604/1889 1576/4606/1890 1498/4509/1792
f 1498/4613/1896 1576/4608/1892 1574/4607/1891
f 1584/4614/1897 1585/4627/1910 1579/4615/1898
f 1585/4617/1900 1583/4629/1912 1577/4618/1901
f 1587/4620/1903 1581/4732/2007 1582/4621/1904
f 1582/4623/1906 1580/4733/2008 1586/4624/1907
f 1590/4626/1909 1591/6912/1918 1585/4627/1910
f 1591/4628/1911 1589/4638/1920 1583/4629/1912
f 1587/4620/1903 1588/4622/1905 1594/4630/1913
f 1594/4632/1915 1588/4625/1908 1586/4624/1907
f 1596/4634/1917 1597/4645/1926 1591/4635/1918
f 1591/4628/1911 1597/4647/1928 1595/4637/1919
f 1593/4639/1914 1594/6913/1913 1600/4640/1921
f 1594/4632/1915 1592/4633/1916 1598/4642/1923
f 1602/4644/1925 1603/4653/1934 1597/4645/1926
f 1603/4646/1927 1601/4655/1936 1595/4637/1919
f 1599/4641/1922 1600/4640/1921 1606/4648/1929
f 1600/4643/1924 1598/4642/1923 1604/4650/1931
f 1608/4652/1933 1609/6914/1942 1603/4653/1934
f 1609/4654/1935 1607/4664/1944 1601/4655/1936
f 1605/4649/1930 1606/4648/1929 1612/4656/1937
f 1612/4658/1939 1606/4651/1932 1604/4650/1931
f 1614/4660/1941 1615/4671/1950 1609/4661/1942
f 1609/4654/1935 1615/4672/1951 1613/4663/1943
f 1617/4665/1945 1611/6414/1938 1612/4666/1937
f 1618/4668/1947 1612/4658/1939 1610/4659/1940
f 1620/4670/1949 1621/4679/1958 1615/4671/1950
f 1615/4672/1951 1621/4680/1959 1619/4673/1952
f 1617/4665/1945 1618/4667/1946 1624/4674/1953
f 1618/4668/1947 1616/4669/1948 1622/4676/1955
f 1626/4678/1957 1627/4687/1966 1621/4679/1958
f 1621/4680/1959 1627/4689/1968 1625/4681/1960
f 1629/4682/1961 1623/4675/1954 1624/4674/1953
f 1630/4684/1963 1624/4677/1956 1622/4676/1955
f 1632/4686/1965 1633/6915/1974 1627/4687/1966
f 1633/4688/1967 1631/4698/1976 1625/4681/1960
f 1629/4682/1961 1630/4683/1962 1636/4690/1969
f 1636/4692/1971 1630/4684/1963 1628/4685/1964
f 1638/4694/1973 1639/4705/1982 1633/4695/1974
f 1639/4697/1975 1637/4707/1984 1631/4698/1976
f 1635/4699/1970 1636/6916/1969 1642/4700/1977
f 1636/4692/1971 1634/4693/1972 1640/4702/1979
f 1644/4704/1981 1645/4713/1990 1639/4705/1982
f 1645/4706/1983 1643/4715/1992 1637/4707/1984
f 1641/4701/1978 1642/4700/1977 1648/4708/1985
f 1642/4703/1980 1640/4702/1979 1646/4710/1987
f 1650/4712/1989 1651/6917/1998 1645/4713/1990
f 1651/4714/1991 1649/4724/2000 1643/4715/1992
f 1653/4716/1993 1647/4709/1986 1648/4708/1985
f 1654/4718/1995 1648/4711/1988 1646/4710/1987
f 1656/4720/1997 1657/4730/2005 1651/4721/1998
f 1657/4723/1999 1655/4731/2006 1649/4724/2000
f 1659/4725/2001 1653/6415/1993 1654/4726/1994
f 1654/4718/1995 1652/4719/1996 1658/4728/2003
f 1656/4720/1997 1578/4616/1899 1579/4615/1898
f 1579/4619/1902 1577/4618/1901 1655/4731/2006
f 1659/4725/2001 1660/4727/2002 1582/4621/1904
f 1582/4623/1906 1660/4729/2004 1658/4728/2003
f 1665/4734/2009 1667/6918/2012 1664/4735/727
f 1664/4737/727 1667/4741/2012 1666/4738/2010
f 1668/4740/2011 1670/4745/2015 1667/4741/2012
f 1667/4741/2012 1670/4745/2015 1669/4743/2013
f 1668/4740/2011 1671/6919/2016 1673/4744/2014
f 1673/4744/2014 1672/4749/2017 1669/4743/2013
f 1671/4746/2016 1675/1517/733 1677/1515/731
f 1677/4748/731 1674/6420/730 1672/4749/2017
f 1682/4750/2018 1684/4753/2021 1681/1519/735
f 1681/1519/735 1684/4753/2021 1683/4751/2019
f 1685/4752/2020 1687/4756/2024 1684/4753/2021
f 1684/4753/2021 1687/4756/2024 1686/4754/2022
f 1685/4752/2020 1688/6423/2025 1690/4755/2023
f 1690/4755/2023 1689/6419/2026 1686/4754/2022
f 1688/4757/2025 1692/1525/741 1694/1523/739
f 1694/1523/739 1691/1522/738 1689/4759/2026
f 1699/4760/2027 1701/4763/2030 1698/1527/743
f 1698/1527/743 1701/4763/2030 1700/4761/2028
f 1702/4762/2029 1704/4766/2033 1701/4763/2030
f 1701/4763/2030 1704/4766/2033 1703/4764/2031
f 1702/4762/2029 1705/6430/2034 1707/4765/2032
f 1707/4765/2032 1706/6424/2035 1703/4764/2031
f 1705/4767/2034 1709/1533/749 1711/1531/747
f 1711/1531/747 1708/1530/746 1706/4769/2035
f 1716/4770/2036 1718/4777/2039 1715/4771/751
f 1715/4773/751 1718/6920/2039 1717/4774/2037
f 1719/4776/2038 1721/4781/2042 1718/4777/2039
f 1718/4777/2039 1721/4781/2042 1720/4778/2040
f 1719/4776/2038 1722/4782/2043 1724/4780/2041
f 1724/4780/2041 1723/6921/2044 1720/4778/2040
f 1722/4782/2043 1726/6432/757 1728/4783/755
f 1728/1539/755 1725/1538/754 1723/4784/2044
f 1733/4786/2045 1735/4792/2048 1732/4787/759
f 1732/4787/759 1735/4792/2048 1734/4789/2046
f 1736/4791/2047 1738/4795/69 1735/4792/2048
f 1735/4792/2048 1738/4795/69 1737/4793/2049
f 1736/4791/2047 1739/4796/2051 1741/4794/2050
f 1741/4794/2050 1740/4798/2052 1737/4793/2049
f 1739/4796/2051 1743/6434/765 1745/4797/763
f 1745/4797/763 1742/6431/762 1740/4798/2052
f 1750/4799/2053 1752/6922/2056 1749/1551/767
f 1749/4800/767 1752/4804/2056 1751/4801/2054
f 1753/4803/2055 1755/4808/2059 1752/4804/2056
f 1752/4804/2056 1755/4808/2059 1754/4806/2057
f 1753/4803/2055 1756/6923/2060 1758/4807/2058
f 1758/4807/2058 1757/4812/2061 1754/4806/2057
f 1756/4809/2060 1760/1558/773 1762/1557/771
f 1762/4811/771 1759/6433/770 1757/4812/2061
f 1767/4813/2062 1769/6924/2065 1766/1561/775
f 1766/1561/775 1769/6924/2065 1768/4814/2063
f 1770/4815/2064 1772/4821/2068 1769/4816/2065
f 1769/4816/2065 1772/4821/2068 1771/4818/2066
f 1770/4815/2064 1773/4822/2069 1775/4820/2067
f 1775/4820/2067 1774/4823/2070 1771/4818/2066
f 1773/4822/2069 1777/1567/781 1779/1565/779
f 1779/1565/779 1776/1564/778 1774/4823/2070
f 1784/4824/2071 1786/6925/2074 1783/1569/783
f 1783/1569/783 1786/6925/2074 1785/4825/2072
f 1787/4826/2073 1789/4832/2077 1786/4827/2074
f 1786/4827/2074 1789/4832/2077 1788/4829/2075
f 1787/4826/2073 1790/4833/2078 1792/4831/2076
f 1792/4831/2076 1791/4834/2079 1788/4829/2075
f 1790/4833/2078 1794/1575/789 1796/1573/787
f 1796/1573/787 1793/1572/786 1791/4834/2079
f 1801/4835/2080 1803/4840/2083 1800/4836/791
f 1800/1577/791 1803/6926/2083 1802/4838/2081
f 1804/4839/2082 1806/4844/2086 1803/4840/2083
f 1803/4840/2083 1806/4844/2086 1805/4841/2084
f 1804/4839/2082 1807/4845/2087 1809/4843/2085
f 1809/4843/2085 1808/6927/2088 1805/4841/2084
f 1807/4845/2087 1811/6440/797 1813/4846/795
f 1813/1581/795 1810/1580/794 1808/4847/2088
f 1818/4849/2089 1820/4855/2092 1817/4850/799
f 1817/4850/799 1820/4855/2092 1819/4852/2090
f 1821/4854/2091 1823/4858/3 1820/4855/2092
f 1820/4855/2092 1823/4858/3 1822/4856/2093
f 1821/4854/2091 1824/4859/2095 1826/4857/2094
f 1826/4857/2094 1825/4861/2096 1822/4856/2093
f 1824/4859/2095 1828/6421/805 1830/4860/803
f 1830/4860/803 1827/6441/802 1825/4861/2096
f 1835/4862/2009 1837/6928/2012 1834/4863/727
f 1834/4865/727 1837/4869/2012 1836/4866/2010
f 1838/4868/2011 1840/4873/2015 1837/4869/2012
f 1837/4869/2012 1840/4873/2015 1839/4871/2013
f 1838/4868/2011 1841/6929/2016 1843/4872/2014
f 1843/4872/2014 1842/4877/2017 1839/4871/2013
f 1841/4874/2016 1845/1601/733 1847/1599/731
f 1847/4876/731 1844/6446/730 1842/4877/2017
f 1852/4878/2018 1854/4881/2021 1851/1603/735
f 1851/1603/735 1854/4881/2021 1853/4879/2019
f 1855/4880/2020 1857/4884/2024 1854/4881/2021
f 1854/4881/2021 1857/4884/2024 1856/4882/2022
f 1855/4880/2020 1858/6449/2025 1860/4883/2023
f 1860/4883/2023 1859/6444/2026 1856/4882/2022
f 1858/4885/2025 1862/1609/741 1864/1607/739
f 1864/1607/739 1861/1606/738 1859/4887/2026
f 1869/4888/2027 1871/4891/2030 1868/1611/743
f 1868/1611/743 1871/4891/2030 1870/4889/2028
f 1872/4890/2029 1874/4894/2033 1871/4891/2030
f 1871/4891/2030 1874/4894/2033 1873/4892/2031
f 1872/4890/2029 1875/6456/2034 1877/4893/2032
f 1877/4893/2032 1876/6450/2035 1873/4892/2031
f 1875/4895/2034 1879/1617/749 1881/1615/747
f 1881/1615/747 1878/1614/746 1876/4897/2035
f 1886/4898/2036 1888/4905/2039 1885/4899/751
f 1885/4901/751 1888/6930/2039 1887/4902/2037
f 1889/4904/2038 1891/4909/2042 1888/4905/2039
f 1888/4905/2039 1891/4909/2042 1890/4906/2040
f 1889/4904/2038 1892/4910/2043 1894/4908/2041
f 1894/4908/2041 1893/6931/2044 1890/4906/2040
f 1892/4910/2043 1896/6458/757 1898/4911/755
f 1898/1623/755 1895/1622/754 1893/4912/2044
f 1903/4914/2045 1905/4920/2048 1902/4915/759
f 1902/4915/759 1905/4920/2048 1904/4917/2046
f 1906/4919/2047 1908/4923/69 1905/4920/2048
f 1905/4920/2048 1908/4923/69 1907/4921/2049
f 1906/4919/2047 1909/4924/2051 1911/4922/2050
f 1911/4922/2050 1910/4926/2052 1907/4921/2049
f 1909/4924/2051 1913/6460/765 1915/4925/763
f 1915/4925/763 1912/6457/762 1910/4926/2052
f 1920/4927/2053 1922/6932/2056 1919/1635/767
f 1919/4928/767 1922/4932/2056 1921/4929/2054
f 1923/4931/2055 1925/4936/2059 1922/4932/2056
f 1922/4932/2056 1925/4936/2059 1924/4934/2057
f 1923/4931/2055 1926/6933/2060 1928/4935/2058
f 1928/4935/2058 1927/4940/2061 1924/4934/2057
f 1926/4937/2060 1930/1642/773 1932/1641/771
f 1932/4939/771 1929/6459/770 1927/4940/2061
f 1937/4941/2062 1939/6934/2065 1936/1645/775
f 1936/1645/775 1939/6934/2065 1938/4942/2063
f 1940/4943/2064 1942/4949/2068 1939/4944/2065
f 1939/4944/2065 1942/4949/2068 1941/4946/2066
f 1940/4943/2064 1943/4950/2069 1945/4948/2067
f 1945/4948/2067 1944/4951/2070 1941/4946/2066
f 1943/4950/2069 1947/1651/781 1949/1649/779
f 1949/1649/779 1946/1648/778 1944/4951/2070
f 1954/4952/2071 1956/6935/2074 1953/1653/783
f 1953/1653/783 1956/6935/2074 1955/4953/2072
f 1957/4954/2073 1959/4960/2077 1956/4955/2074
f 1956/4955/2074 1959/4960/2077 1958/4957/2075
f 1957/4954/2073 1960/4961/2078 1962/4959/2076
f 1962/4959/2076 1961/4962/2079 1958/4957/2075
f 1960/4961/2078 1964/1659/789 1966/1657/787
f 1966/1657/787 1963/1656/786 1961/4962/2079
f 1971/4963/2080 1973/4968/2083 1970/4964/791
f 1970/1661/791 1973/6936/2083 1972/4966/2081
f 1974/4967/2082 1976/4972/2086 1973/4968/2083
f 1973/4968/2083 1976/4972/2086 1975/4969/2084
f 1974/4967/2082 1977/4973/2087 1979/4971/2085
f 1979/4971/2085 1978/6937/2088 1975/4969/2084
f 1977/4973/2087 1981/6467/797 1983/4974/795
f 1983/1665/795 1980/1664/794 1978/4975/2088
f 1988/4977/2097 1990/4983/2092 1987/4978/799
f 1987/4978/799 1990/4983/2092 1989/4980/2090
f 1991/4982/2091 1993/4986/3 1990/4983/2092
f 1990/4983/2092 1993/4986/3 1992/4984/2093
f 1991/4982/2091 1994/4987/2095 1996/4985/2094
f 1996/4985/2094 1995/4989/2096 1992/4984/2093
f 1994/4987/2095 1998/6447/805 2000/4988/803
f 2000/4988/803 1997/6466/802 1995/4989/2096
f 2008/4990/2098 2009/5003/2111 2003/4991/2099
f 2003/4993/2101 2009/5005/2113 2007/4994/2102
f 2011/4996/2104 2005/5102/2208 2006/4997/2105
f 2006/4999/2107 2004/5103/2209 2010/5000/2108
f 2014/5002/2110 2015/6938/2119 2009/5003/2111
f 2015/5004/2112 2013/5013/2121 2007/4994/2102
f 2011/4996/2104 2012/4998/2106 2018/5006/2114
f 2018/5008/2116 2012/5001/2109 2010/5000/2108
f 2020/5010/2118 2021/5012/2127 2015/5004/2119
f 2021/5012/2120 2019/5023/2129 2013/5013/2121
f 2023/5014/2122 2017/6469/2115 2018/5015/2114
f 2018/5008/2116 2016/5009/2117 2022/5017/2124
f 2026/5019/2126 2027/6939/2135 2021/5020/2127
f 2027/5022/2128 2025/5031/2137 2019/5023/2129
f 2023/5014/2122 2024/5016/2123 2030/5024/2130
f 2024/5018/2125 2022/5017/2124 2028/5026/2132
f 2026/5028/2126 2032/6940/2143 2033/5029/2134
f 2027/5022/2128 2033/5029/2144 2031/5030/2136
f 2029/5025/2131 2030/5024/2130 2036/5032/2138
f 2030/5027/2133 2028/5026/2132 2034/5034/2140
f 2038/5036/2142 2039/5046/2151 2033/5037/2134
f 2033/5029/2144 2039/5047/2152 2037/5039/2145
f 2041/5040/2146 2035/6472/2139 2036/5041/2138
f 2036/5035/2141 2034/5034/2140 2040/5043/2148
f 2044/5045/2150 2045/5054/2159 2039/5046/2151
f 2039/5047/2152 2045/5056/2161 2043/5048/2153
f 2041/5040/2146 2042/5042/2147 2048/5049/2154
f 2042/5044/2149 2040/5043/2148 2046/5051/2156
f 2044/5045/2150 2050/5062/2167 2051/5053/2158
f 2051/5055/2160 2049/5064/2169 2043/5048/2153
f 2047/5050/2155 2048/5049/2154 2054/5057/2162
f 2054/5059/2164 2048/5052/2157 2046/5051/2156
f 2056/5061/2166 2057/6941/2175 2051/5053/2158
f 2051/5055/2160 2057/6942/2177 2055/5063/2168
f 2059/5065/2170 2053/5058/2163 2054/5057/2162
f 2054/5059/2164 2052/5060/2165 2058/5067/2172
f 2062/5069/2174 2063/5072/2183 2057/5070/2175
f 2063/5072/2176 2061/5079/2185 2055/5073/2168
f 2065/5074/2178 2059/6943/2170 2060/5068/2171
f 2066/5075/2180 2060/5068/2173 2058/5067/2172
f 2068/5077/2182 2069/5078/2191 2063/5072/2183
f 2069/5078/2184 2067/5085/2193 2061/5079/2185
f 2065/5074/2178 2066/5075/2179 2072/5080/2186
f 2072/5080/2188 2066/5075/2180 2064/5076/2181
f 2068/5077/2182 2074/6476/2199 2075/5083/2190
f 2069/5078/2184 2075/5083/2201 2073/5084/2192
f 2077/5086/2194 2071/5081/2187 2072/5080/2186
f 2078/5087/2196 2072/5080/2188 2070/5082/2189
f 2080/5089/2198 2081/5100/2206 2075/5090/2190
f 2081/5092/2200 2079/5101/2207 2073/5093/2192
f 2077/5095/2194 2078/6944/2195 2084/5096/2202
f 2078/5087/2196 2076/5088/2197 2082/5098/2204
f 2002/4992/2100 2003/4991/2099 2081/5100/2206
f 2081/5092/2200 2003/4993/2101 2001/4995/2103
f 2005/5102/2208 2083/5097/2203 2084/5096/2202
f 2084/5099/2205 2082/5098/2204 2004/5103/2209
f 2086/5104/2210 2092/5116/2222 2093/5105/2211
f 2093/5107/2213 2091/5119/2225 2085/5108/2214
f 2089/5110/2216 2090/5222/2320 2096/5111/2217
f 2096/5113/2219 2090/5223/2321 2088/5114/2220
f 2092/5116/2222 2098/6477/2230 2099/5117/2223
f 2093/5107/2213 2099/5128/2233 2097/5118/2224
f 2101/5120/2226 2095/5112/2218 2096/5111/2217
f 2102/5122/2228 2096/5113/2219 2094/5115/2221
f 2098/5124/2230 2104/5135/2239 2105/5125/2231
f 2105/5127/2232 2103/5137/2241 2097/5118/2224
f 2107/5129/2234 2101/6478/2226 2102/5130/2227
f 2108/5132/2236 2102/5122/2228 2100/5123/2229
f 2110/5134/2238 2111/5143/2247 2105/5125/2231
f 2111/5136/2240 2109/5145/2249 2103/5137/2241
f 2107/5129/2234 2108/5131/2235 2114/5138/2242
f 2114/5140/2244 2108/5132/2236 2106/5133/2237
f 2110/5134/2238 2116/6479/2255 2117/5142/2246
f 2111/5136/2240 2117/5153/2256 2115/5144/2248
f 2119/5146/2250 2113/5139/2243 2114/5138/2242
f 2114/5140/2244 2112/5141/2245 2118/5148/2252
f 2122/5150/2254 2123/5161/2263 2117/5151/2246
f 2117/5153/2256 2123/5162/2264 2121/5154/2257
f 2119/5155/2250 2120/6945/2251 2126/5156/2258
f 2120/5149/2253 2118/5148/2252 2124/5158/2260
f 2128/5160/2262 2129/5169/2271 2123/5161/2263
f 2123/5162/2264 2129/5171/2273 2127/5163/2265
f 2131/5164/2266 2125/5157/2259 2126/5156/2258
f 2126/5159/2261 2124/5158/2260 2130/5166/2268
f 2128/5160/2262 2134/5176/2278 2135/5168/2270
f 2135/5170/2272 2133/5179/2281 2127/5163/2265
f 2137/5172/2274 2131/5164/2266 2132/5165/2267
f 2132/5167/2269 2130/5166/2268 2136/5174/2276
f 2134/5176/2278 2140/6480/2287 2141/5177/2279
f 2141/5178/2280 2139/5188/2289 2133/5179/2281
f 2137/5172/2274 2138/5173/2275 2144/5180/2282
f 2144/5182/2284 2138/5175/2277 2136/5174/2276
f 2146/5184/2286 2147/5195/2295 2141/5185/2279
f 2147/5187/2288 2145/5197/2297 2139/5188/2289
f 2149/5189/2290 2143/6946/2283 2144/5190/2282
f 2150/5192/2292 2144/5182/2284 2142/5183/2285
f 2152/5194/2294 2153/5203/2303 2147/5195/2295
f 2153/5196/2296 2151/5205/2305 2145/5197/2297
f 2149/5189/2290 2150/5191/2291 2156/5198/2298
f 2150/5192/2292 2148/5193/2293 2154/5200/2300
f 2152/5194/2294 2158/6481/2310 2159/5202/2302
f 2159/5204/2304 2157/5214/2313 2151/5205/2305
f 2155/5199/2299 2156/5198/2298 2162/5206/2306
f 2156/5201/2301 2154/5200/2300 2160/5208/2308
f 2158/5210/2310 2164/5220/2318 2165/5211/2311
f 2159/5204/2304 2165/5221/2319 2163/5213/2312
f 2167/5215/2314 2161/6482/2307 2162/5216/2306
f 2162/5209/2309 2160/5208/2308 2166/5218/2316
f 2164/5220/2318 2086/5104/2210 2087/5106/2212
f 2087/5109/2215 2085/5108/2214 2163/5213/2312
f 2089/5110/2216 2167/5215/2314 2168/5217/2315
f 2090/5223/2321 2168/5219/2317 2166/5218/2316
f 2176/5224/2322 2178/6947/2015 2175/1679/810
f 2175/1681/810 2178/5227/2015 2177/5225/2323
f 2176/5226/2322 2180/6948/816 2182/1685/814
f 2182/1685/814 2179/1684/813 2177/5225/2323
f 2193/5228/2324 2195/5231/2024 2192/1691/818
f 2192/1691/818 2195/5231/2024 2194/5229/2325
f 2193/5228/2324 2197/6492/824 2199/5230/822
f 2199/5230/822 2196/6485/821 2194/5229/2325
f 2187/5232/2326 2169/5335/2399 2171/5233/2327
f 2188/5234/2328 2171/5233/2327 2170/5235/2329
f 2200/5237/2331 2202/5240/2334 2185/5238/2332
f 2202/5240/2334 2201/5248/2340 2183/5241/2335
f 2210/5242/2336 2212/5245/2033 2209/1699/826
f 2209/1699/826 2212/5245/2033 2211/5243/2337
f 2210/5242/2336 2214/6494/832 2216/5244/830
f 2216/5244/830 2213/6491/829 2211/5243/2337
f 2217/5246/2338 2219/5247/2339 2202/5240/2334
f 2219/5247/2339 2218/5258/2346 2201/5248/2340
f 2203/5249/2341 2205/5260/2342 2188/5234/2328
f 2205/5250/2342 2204/6490/2348 2187/5251/2326
f 2227/5253/2343 2229/5255/2042 2226/1707/834
f 2226/1709/834 2229/6949/2042 2228/5254/2344
f 2227/5253/2343 2231/1716/840 2233/1715/838
f 2233/1715/838 2230/6950/837 2228/5256/2344
f 2217/5246/2338 2234/5265/2351 2236/5257/2345
f 2236/5257/2345 2235/5268/2354 2218/5258/2346
f 2203/5249/2341 2220/5270/2356 2222/5259/2347
f 2222/5259/2347 2221/5272/2358 2204/5261/2348
f 2244/5262/2349 2246/5264/69 2243/1719/842
f 2243/1719/842 2246/5264/69 2245/5263/2350
f 2244/5262/2349 2248/1725/848 2250/1723/846
f 2250/1723/846 2247/1722/845 2245/5263/2350
f 2234/5265/2351 2251/6498/2404 2253/5266/2352
f 2236/5257/2345 2253/5266/2352 2252/5267/2353
f 2237/5269/2355 2239/5271/2357 2222/5259/2347
f 2239/5271/2357 2238/5280/2362 2221/5272/2358
f 2261/5273/2359 2263/5278/2059 2260/1729/850
f 2260/1729/850 2263/5278/2059 2262/5275/2360
f 2261/5276/2359 2265/1736/856 2267/1735/854
f 2267/1733/854 2264/1732/853 2262/5275/2360
f 2237/5269/2355 2254/5290/2368 2256/5279/2361
f 2256/5279/2361 2255/5293/2371 2238/5280/2362
f 2252/5267/2353 2253/5266/2352 2270/5281/2363
f 2253/5266/2352 2251/6498/2404 2268/5283/2365
f 2278/5284/2366 2280/5289/2068 2277/5285/858
f 2277/5285/858 2280/5289/2068 2279/5287/2367
f 2278/5284/2366 2282/1745/864 2284/1743/862
f 2284/1743/862 2281/1742/861 2279/5287/2367
f 2254/5290/2368 2271/6502/2408 2273/5291/2369
f 2256/5279/2361 2273/5291/2369 2272/5292/2370
f 2269/5282/2364 2270/5281/2363 2287/5294/2372
f 2270/5296/2363 2268/6951/2365 2285/5297/2374
f 2295/5299/2375 2297/5304/2077 2294/5300/866
f 2294/5300/866 2297/5304/2077 2296/5302/2376
f 2295/5299/2375 2299/1753/872 2301/1751/870
f 2301/1751/870 2298/1750/869 2296/5302/2376
f 2286/5295/2373 2287/5294/2372 2304/5305/2377
f 2287/5298/2372 2285/5297/2374 2302/5307/2379
f 2289/5309/2380 2272/5292/2370 2273/5291/2369
f 2273/5291/2369 2271/6502/2408 2288/5311/2382
f 2312/5312/2383 2314/5315/2086 2311/1755/874
f 2311/1755/874 2314/5315/2086 2313/5313/2384
f 2312/5312/2383 2316/1764/880 2318/1763/878
f 2318/1761/878 2315/1760/877 2313/5316/2384
f 2303/5306/2378 2304/5305/2377 2321/5318/2385
f 2321/5320/2385 2304/5308/2377 2302/5307/2379
f 2289/5309/2380 2290/5310/2381 2307/5322/2388
f 2307/5322/2388 2290/5310/2381 2288/5311/2382
f 2329/5325/2391 2331/5327/3 2328/1767/882
f 2328/1767/882 2331/5327/3 2330/5326/2392
f 2329/5325/2391 2333/1773/888 2335/1771/886
f 2335/1771/886 2332/1770/885 2330/5326/2392
f 2320/5319/2386 2321/5318/2385 2338/5328/2393
f 2338/5328/2393 2321/5318/2385 2319/5330/2387
f 2306/5323/2389 2307/5322/2388 2324/5332/2396
f 2324/5332/2396 2307/5322/2388 2305/5324/2390
f 2183/5241/2335 2337/5329/2394 2338/5328/2393
f 2338/5328/2393 2336/5331/2395 2184/5239/2333
f 2169/5335/2399 2323/5333/2397 2324/5332/2396
f 2324/5332/2396 2322/5334/2398 2170/5235/2329
f 2346/5336/2322 2348/6952/2015 2345/1775/810
f 2345/1777/810 2348/5339/2015 2347/5337/2323
f 2346/5338/2322 2350/6953/816 2352/1781/814
f 2352/1781/814 2349/1780/813 2347/5337/2323
f 2363/5340/2324 2365/5343/2024 2362/1787/818
f 2362/1787/818 2365/5343/2024 2364/5341/2325
f 2363/5340/2324 2367/6513/824 2369/5342/822
f 2369/5342/822 2366/6507/821 2364/5341/2325
f 2357/5344/2326 2339/5448/2399 2341/5345/2327
f 2341/5345/2327 2340/5449/2329 2356/5347/2330
f 2370/5348/2331 2372/5358/2334 2355/5349/2332
f 2355/5349/2332 2372/5358/2334 2371/5351/2340
f 2380/5353/2401 2382/5356/2033 2379/1795/826
f 2379/1795/826 2382/5356/2033 2381/5354/2337
f 2380/5353/2401 2384/6515/832 2386/5355/830
f 2386/5355/830 2383/6512/829 2381/5354/2337
f 2387/5357/2338 2389/5359/2339 2372/5358/2334
f 2389/5359/2339 2388/5370/2346 2371/5351/2340
f 2373/5360/2341 2375/5372/2402 2358/5346/2400
f 2358/5361/2400 2375/6954/2402 2374/5362/2348
f 2397/5364/2343 2399/5366/2042 2396/1803/834
f 2396/1805/834 2399/6955/2042 2398/5365/2344
f 2397/5364/2343 2401/1812/840 2403/1811/838
f 2403/1811/838 2400/6956/837 2398/5367/2344
f 2387/5357/2338 2404/5379/2405 2406/5368/2345
f 2389/5359/2339 2406/5368/2345 2405/5369/2354
f 2390/5371/2356 2392/5373/2403 2375/5372/2402
f 2392/5373/2403 2391/5383/2358 2374/5374/2348
f 2414/5375/2349 2416/5377/69 2413/1815/842
f 2413/1815/842 2416/5377/69 2415/5376/2350
f 2414/5375/2349 2418/1821/848 2420/1819/846
f 2420/1819/846 2417/1818/845 2415/5376/2350
f 2421/5378/2404 2423/5380/2352 2406/5368/2345
f 2423/5380/2352 2422/5393/2353 2405/5369/2354
f 2407/5381/2355 2409/5382/2357 2392/5373/2403
f 2409/5382/2357 2408/5392/2362 2391/5383/2358
f 2431/5384/2359 2433/5389/2059 2430/1825/850
f 2430/1825/850 2433/5389/2059 2432/5386/2360
f 2431/5387/2359 2435/1832/856 2437/1831/854
f 2437/1829/854 2434/1828/853 2432/5386/2360
f 2407/5381/2355 2424/5404/2368 2426/5390/2406
f 2409/5382/2357 2426/5390/2406 2425/5391/2371
f 2422/5393/2353 2423/5380/2352 2440/5394/2363
f 2423/5380/2352 2421/5378/2404 2438/5396/2365
f 2448/5397/2366 2450/5402/2068 2447/5398/858
f 2447/5398/858 2450/5402/2068 2449/5400/2407
f 2448/5397/2366 2452/1841/864 2454/1839/862
f 2454/1839/862 2451/1838/861 2449/5400/2407
f 2441/5403/2408 2443/5422/2369 2426/5390/2406
f 2426/5390/2406 2443/5422/2369 2442/5405/2370
f 2456/5406/2373 2439/5395/2364 2440/5394/2363
f 2440/5408/2363 2438/6957/2365 2455/5409/2374
f 2465/5411/2409 2467/5416/2077 2464/5412/866
f 2464/5412/866 2467/5416/2077 2466/5414/2376
f 2465/5411/2409 2469/1849/872 2471/1847/870
f 2471/1847/870 2468/1846/869 2466/5414/2376
f 2456/5406/2373 2457/5407/2372 2474/5417/2410
f 2457/5410/2372 2455/5409/2374 2472/5419/2379
f 2459/5421/2380 2442/5405/2370 2443/5422/2369
f 2443/5422/2369 2441/5403/2408 2458/5424/2382
f 2482/5425/2383 2484/5428/2086 2481/1851/874
f 2481/1851/874 2484/5428/2086 2483/5426/2384
f 2482/5425/2383 2486/1860/880 2488/1859/878
f 2488/1857/878 2485/1856/877 2483/5429/2384
f 2473/5418/2378 2474/5417/2410 2491/5431/2385
f 2491/5433/2385 2474/5420/2410 2472/5419/2379
f 2459/5421/2380 2460/5423/2381 2477/5435/2388
f 2460/5423/2381 2458/5424/2382 2475/5437/2390
f 2499/5438/2391 2501/5440/3 2498/1863/882
f 2498/1863/882 2501/5440/3 2500/5439/2392
f 2499/5438/2391 2503/1869/888 2505/1867/886
f 2505/1867/886 2502/1866/885 2500/5439/2392
f 2490/5432/2386 2491/5431/2385 2508/5441/2393
f 2508/5441/2393 2491/5431/2385 2489/5443/2387
f 2476/5436/2389 2477/5435/2388 2494/5445/2396
f 2494/5445/2396 2477/5435/2388 2475/5437/2390
f 2507/5442/2394 2508/5441/2393 2355/5349/2332
f 2508/5441/2393 2506/5444/2395 2354/5350/2333
f 2339/5448/2399 2493/5446/2397 2494/5445/2396
f 2494/5445/2396 2492/5447/2398 2340/5449/2329
f 2523/1888/672 2509/1870/654 2515/1872/656
f 2515/5451/1762 2511/1876/660 2524/1891/675
f 2510/1873/657 2516/1879/663 2522/1881/665
f 2522/5453/1764 2518/1885/669 2511/1876/660
f 2530/1897/681 2536/1899/683 2521/5454/2412
f 2521/1887/671 2536/6723/1766 2532/1903/687
f 2525/1894/678 2528/1896/680 2535/5455/1767
f 2535/1905/689 2528/6721/1768 2524/1891/675
f 2523/1888/672 2529/1890/674 2554/5456/1769
f 2554/1929/713 2529/6722/1783 2525/1894/678
f 2558/1933/717 2564/1935/719 2533/5457/1770
f 2564/5458/1771 2560/1939/723 2531/1900/684
f 2553/1930/714 2556/1932/716 2563/5459/1772
f 2563/1941/725 2556/6725/1773 2552/1927/711
f 2551/1924/708 2557/1926/710 2540/5460/1774
f 2540/1911/695 2557/6726/1775 2553/1930/714
f 2544/1915/699 2550/1917/701 2561/5461/1776
f 2550/5462/1777 2546/1921/705 2559/1936/720
f 2539/1912/696 2542/1914/698 2549/5463/1778
f 2549/1923/707 2542/6724/1779 2538/1909/693
f 2537/1906/690 2543/1908/901 2512/5464/2413
f 2543/5465/1781 2539/1912/696 2510/1873/657
f 2517/1882/666 2519/1884/668 2547/5466/1782
f 2519/5467/1784 2516/1879/663 2545/1918/702
f 2565/1942/654 2571/1944/656 2582/5468/1761
f 2571/5469/2414 2567/1948/660 2580/1963/675
f 2566/1945/657 2572/1951/663 2578/1953/665
f 2578/5471/1764 2574/1957/669 2567/1948/660
f 2586/1969/681 2592/1971/683 2577/5472/2412
f 2592/5473/2415 2588/1975/687 2574/1957/669
f 2581/1966/678 2584/1968/680 2591/5474/1767
f 2591/1977/689 2584/6727/1768 2580/1963/675
f 2579/1960/672 2585/1962/674 2610/5475/1769
f 2585/5476/1783 2581/1966/678 2608/1999/711
f 2614/2005/717 2620/2007/719 2589/5477/1770
f 2620/5478/1771 2616/2011/723 2587/1972/684
f 2609/2002/714 2612/2004/716 2619/5479/1772
f 2619/2013/725 2612/6729/1773 2608/1999/711
f 2607/1996/708 2613/1998/710 2596/5480/1774
f 2613/5481/1775 2609/2002/714 2594/1981/693
f 2600/1987/699 2606/1989/701 2617/5482/1776
f 2606/5483/2416 2602/1993/705 2615/2008/720
f 2595/1984/696 2598/1986/698 2605/5484/1778
f 2605/1995/707 2598/6728/1779 2594/1981/693
f 2593/1978/690 2599/1980/901 2568/5485/2413
f 2599/5486/1781 2595/1984/696 2566/1945/657
f 2573/1954/666 2575/1956/668 2603/5487/1782
f 2575/5488/1784 2572/1951/663 2601/1990/702
f 2635/2032/672 2621/2014/654 2627/2016/656
f 2627/5490/1762 2623/2020/660 2636/2035/675
f 2622/2017/657 2628/2023/663 2634/2025/665
f 2634/5492/1764 2630/2029/669 2623/2020/660
f 2642/2041/681 2648/2043/683 2633/5493/2412
f 2633/2031/671 2648/6732/1766 2644/2047/687
f 2637/2038/678 2640/2040/680 2647/5494/1767
f 2647/2049/689 2640/6730/1768 2636/2035/675
f 2635/2032/672 2641/2034/674 2666/5495/1769
f 2666/2073/713 2641/6731/1783 2637/2038/678
f 2670/2077/717 2676/2079/719 2645/5496/1770
f 2676/5497/1771 2672/2083/723 2643/2044/684
f 2665/2074/714 2668/2076/716 2675/5498/1772
f 2675/2085/725 2668/6734/1773 2664/2071/711
f 2663/2068/708 2669/2070/710 2652/5499/1774
f 2652/2055/695 2669/6735/1775 2665/2074/714
f 2656/2059/699 2662/2061/701 2673/5500/1776
f 2662/5501/2416 2658/2065/705 2671/2080/720
f 2651/2056/696 2654/2058/698 2661/5502/1778
f 2661/2067/707 2654/6733/1779 2650/2053/693
f 2649/2050/690 2655/2052/901 2624/5503/2413
f 2655/5504/1781 2651/2056/696 2622/2017/657
f 2629/2026/666 2631/2028/668 2659/5505/1782
f 2631/5506/1784 2628/2023/663 2657/2062/702
f 2677/2086/654 2683/2088/656 2694/5507/1761
f 2683/5508/1762 2679/2092/660 2692/2107/675
f 2678/2089/657 2684/2095/663 2690/2097/665
f 2690/5510/1764 2686/2101/669 2679/2092/660
f 2698/2113/681 2704/2115/683 2689/5511/2412
f 2689/2103/671 2704/6737/1766 2700/2119/687
f 2693/2110/678 2696/2112/680 2703/5512/1767
f 2703/2121/689 2696/6736/1768 2692/2107/675
f 2691/2104/672 2697/2106/674 2722/5513/1769
f 2697/5514/1783 2693/2110/678 2720/2143/711
f 2726/2149/717 2732/2151/719 2701/5515/1770
f 2732/5516/1771 2728/2155/723 2699/2116/684
f 2721/2146/714 2724/2148/716 2731/5517/1772
f 2731/2157/725 2724/6739/1773 2720/2143/711
f 2719/2140/708 2725/2142/710 2708/5518/1774
f 2725/5519/1775 2721/2146/714 2706/2125/693
f 2712/2131/699 2718/2133/701 2729/5520/1776
f 2718/5521/2416 2714/2137/705 2727/2152/720
f 2707/2128/696 2710/2130/698 2717/5522/1778
f 2717/2139/707 2710/6738/1779 2706/2125/693
f 2705/2122/690 2711/2124/901 2680/5523/2413
f 2711/5524/1781 2707/2128/696 2678/2089/657
f 2685/2098/666 2687/2100/668 2715/5525/1782
f 2687/5526/1784 2684/2095/663 2713/2134/702
f 2733/2158/654 2739/2160/656 2750/5527/1761
f 2739/5528/1762 2735/2164/660 2748/2179/675
f 2734/2161/657 2740/2167/663 2746/2169/665
f 2746/5530/1764 2742/2173/669 2735/2164/660
f 2754/2185/681 2760/2187/683 2745/5531/2412
f 2745/2175/910 2760/6741/1766 2756/2191/687
f 2749/2182/678 2752/2184/680 2759/5532/1767
f 2759/2193/689 2752/6740/1768 2748/2179/675
f 2747/2176/672 2753/2178/674 2778/5533/1769
f 2753/5534/1783 2749/2182/678 2776/2215/711
f 2782/2221/717 2788/2223/719 2757/5535/1770
f 2788/5536/1771 2784/2227/723 2755/2188/684
f 2777/2218/714 2780/2220/716 2787/5537/1772
f 2787/2229/725 2780/6743/1773 2776/2215/711
f 2775/2212/708 2781/2214/710 2764/5538/1774
f 2764/2199/695 2781/6744/1775 2777/2218/714
f 2768/2203/699 2774/2205/701 2785/5539/1776
f 2774/5540/1777 2770/2209/705 2783/2224/720
f 2763/2200/696 2766/2202/698 2773/5541/1778
f 2773/2211/707 2766/6742/1779 2762/2197/693
f 2761/2194/690 2767/2196/901 2736/5542/2413
f 2767/5543/1781 2763/2200/696 2734/2161/657
f 2741/2170/666 2743/2172/668 2771/5544/1782
f 2743/5545/1784 2740/2167/663 2769/2206/702
f 2789/2230/654 2795/2232/656 2806/5546/1761
f 2795/5547/1762 2791/2236/660 2804/2251/675
f 2790/2233/657 2796/2239/663 2802/2241/665
f 2802/5549/1764 2798/2245/669 2791/2236/660
f 2810/2257/681 2816/2259/683 2801/5550/2412
f 2801/2247/910 2816/6746/1766 2812/2263/687
f 2805/2254/678 2808/2256/680 2815/5551/1767
f 2815/2265/689 2808/6745/1768 2804/2251/675
f 2803/2248/672 2809/2250/674 2834/5552/1769
f 2809/5553/1783 2805/2254/678 2832/2287/711
f 2838/2293/717 2844/2295/719 2813/5554/1770
f 2813/2262/686 2844/6750/1771 2840/2299/723
f 2833/2290/714 2836/2292/716 2843/5555/1772
f 2843/2301/725 2836/6749/1773 2832/2287/711
f 2831/2284/708 2837/2286/710 2820/5556/2417
f 2837/5557/1775 2833/2290/714 2818/2269/693
f 2824/2275/699 2830/2277/701 2841/5558/1776
f 2830/5559/1777 2826/2281/705 2839/2296/720
f 2819/2272/696 2822/2274/698 2829/5560/1778
f 2829/2283/707 2822/6747/1779 2818/2269/693
f 2817/2266/690 2823/2268/901 2792/5561/2413
f 2792/2235/659 2823/6748/1781 2819/2272/696
f 2797/2242/666 2799/2244/668 2827/5562/1782
f 2799/5563/1784 2796/2239/663 2825/2278/702
f 2845/2302/654 2851/2304/656 2862/5564/1761
f 2851/5565/1762 2847/2308/660 2860/2323/675
f 2846/2305/657 2852/2311/663 2858/2313/665
f 2858/5567/1764 2854/2317/669 2847/2308/660
f 2866/2329/681 2872/2331/683 2857/5568/2412
f 2857/2319/910 2872/6752/1766 2868/2335/687
f 2861/2326/678 2864/2328/680 2871/5569/1767
f 2871/2337/689 2864/6751/1768 2860/2323/675
f 2859/2320/672 2865/2322/674 2890/5570/1769
f 2865/5571/1783 2861/2326/678 2888/2359/711
f 2894/2365/717 2900/2367/719 2869/5572/1770
f 2900/5573/1771 2896/2371/723 2867/2332/684
f 2889/2362/714 2892/2364/716 2899/5574/1772
f 2899/2373/725 2892/6754/1773 2888/2359/711
f 2887/2356/708 2893/2358/710 2876/5575/1774
f 2893/5576/2418 2889/2362/714 2874/2341/693
f 2894/2365/717 2880/2347/699 2886/2349/926
f 2886/5578/2416 2882/2353/705 2895/2368/720
f 2875/2344/696 2878/2346/698 2885/5579/1778
f 2885/2355/707 2878/6753/1779 2874/2341/693
f 2873/2338/690 2879/2340/901 2848/5580/2413
f 2879/5581/1781 2875/2344/696 2846/2305/657
f 2853/2314/666 2855/2316/668 2883/5582/1782
f 2855/5583/1784 2852/2311/663 2881/2350/702
f 2901/2374/654 2907/2376/656 2918/5584/1761
f 2907/5585/1762 2903/2380/660 2916/2395/675
f 2902/2377/657 2908/2383/663 2914/2385/665
f 2914/5587/1764 2910/2389/669 2903/2380/660
f 2922/2401/681 2928/2403/683 2913/5588/2412
f 2913/2391/671 2928/6756/1766 2924/2407/687
f 2917/2398/678 2920/2400/680 2927/5589/1767
f 2927/2409/689 2920/6755/1768 2916/2395/675
f 2915/2392/672 2921/2394/674 2946/5590/1769
f 2921/5591/1783 2917/2398/678 2944/2431/711
f 2950/2437/717 2956/2439/719 2925/5592/1770
f 2925/2406/686 2956/6760/1771 2952/2443/723
f 2945/2434/714 2948/2436/716 2955/5593/1772
f 2955/2445/725 2948/6759/1773 2944/2431/711
f 2929/2410/690 2943/2428/708 2949/2430/710
f 2949/5595/1775 2945/2434/714 2930/2413/693
f 2950/2437/717 2936/2419/699 2942/2421/926
f 2942/5597/1777 2938/2425/705 2951/2440/720
f 2931/2416/696 2934/2418/698 2941/5598/1778
f 2941/2427/707 2934/6757/1779 2930/2413/693
f 2929/2410/690 2935/2412/901 2904/5599/2413
f 2904/2379/659 2935/6758/1781 2931/2416/696
f 2909/2386/666 2911/2388/668 2939/5600/1782
f 2911/5601/1784 2908/2383/663 2937/2422/702
f 2972/2467/483 2974/2466/482 2963/2452/468
f 2963/2448/464 2974/6763/1610 2971/2462/478
f 2965/2459/475 2967/2458/474 2984/2476/492
f 2967/5602/2420 2964/2454/470 2978/2470/486
f 2966/2461/477 2969/2457/473 2962/2449/465
f 2969/2457/473 2965/2459/475 2959/2453/469
f 2973/2469/485 2976/2465/481 2983/2473/489
f 2976/2465/481 2972/2467/483 2980/2477/493
f 2986/5603/499 2988/6958/498 2977/2468/484
f 2988/5604/2421 2985/2478/932 2971/2462/478
f 2994/2493/509 2979/6959/491 2981/5605/490
f 2981/5606/2422 2978/2470/486 2992/2486/935
f 2987/2485/501 2990/2481/497 2997/2489/505
f 2990/2481/497 2986/2483/499 2994/2493/509
f 3000/2499/515 3002/2498/514 2991/2484/500
f 3002/5607/1612 2999/2494/510 2985/2478/932
f 2993/2491/507 2995/2490/506 3012/2508/524
f 3012/2504/520 2995/6767/2731 2992/2486/935
f 3001/2501/517 3004/2497/513 3011/2505/521
f 3004/2497/513 3000/2499/515 3008/2509/525
f 3014/2515/531 3016/2514/530 3005/2500/516
f 3005/2496/939 3016/6771/2734 3013/2510/942
f 3007/2507/523 3009/2506/522 3026/2524/540
f 3009/5608/2423 3006/2502/940 3020/2518/945
f 3015/2517/533 3018/2513/529 3025/2521/537
f 3018/2513/529 3014/2515/531 3022/2525/541
f 3015/5609/533 3028/2531/547 3030/2530/546
f 3030/5611/2424 3027/2526/542 3013/2510/942
f 3021/2523/948 3023/2522/538 3040/5612/556
f 3040/2536/552 3023/6773/2735 3020/2518/945
f 3029/2533/549 3032/2529/545 3039/2537/553
f 3032/2529/545 3028/2531/547 3036/2541/557
f 3042/2547/563 3044/2546/562 3033/2532/548
f 3033/2528/544 3044/6777/2713 3041/2542/558
f 3035/2539/555 3037/2538/554 3054/2556/572
f 3037/5614/2425 3034/2534/550 3048/2550/566
f 3043/2549/565 3046/2545/561 3053/2553/569
f 3046/2545/561 3042/2547/563 3050/2557/573
f 3056/2563/579 3058/2562/578 3047/2548/564
f 3058/5615/1618 3055/2558/574 3041/2542/558
f 3049/2555/571 3051/2554/570 3068/2572/588
f 3068/2568/584 3051/6779/1619 3048/2550/566
f 3057/2565/581 3060/2561/577 3067/2569/585
f 3060/2561/577 3056/2563/579 3064/2573/589
f 3070/2579/595 3072/2578/594 3061/5616/580
f 3072/5618/1620 3069/2574/590 3055/2558/574
f 3078/5619/605 3063/2571/587 3065/2570/586
f 3065/5621/2426 3062/2566/582 3076/2582/954
f 3071/2581/597 3074/2577/593 3081/2585/601
f 3074/2577/593 3070/2579/595 3078/2589/605
f 3071/2581/597 3084/2595/611 3086/2594/610
f 3086/5622/2427 3083/5624/956 3069/2574/590
f 3077/2587/603 3079/2586/602 3096/2603/620
f 3096/2599/616 3079/6784/2743 3076/2582/954
f 3085/2596/613 3088/2593/959 3095/2600/617
f 3088/2593/959 3084/2595/611 3092/2604/621
f 3098/2610/627 3100/2609/626 3089/2592/612
f 3089/5623/958 3100/6787/2747 3097/2605/622
f 3091/2602/619 3093/2601/618 3110/2619/636
f 3093/5625/1623 3090/2597/614 3104/2613/962
f 3099/2612/629 3102/2608/625 3109/2616/633
f 3102/2608/625 3098/2610/627 3106/2620/637
f 3112/5626/643 3114/6960/642 3103/2611/628
f 3114/5627/2428 3111/2621/638 3097/2605/622
f 3120/2636/653 3105/6526/635 3107/5628/634
f 3107/5629/1625 3104/2613/962 3118/2629/646
f 3113/2628/645 3116/2624/641 3123/2632/649
f 3116/2624/641 3112/2626/643 3120/2636/653
f 2958/2451/467 2960/2450/466 3117/2627/644
f 2960/5630/1626 2957/2446/462 3111/2621/638
f 3119/2634/651 3121/2633/650 2970/2460/476
f 2970/2456/472 3121/6791/2750 3118/2629/646
f 3139/2655/672 3125/2637/654 3131/2639/968
f 3131/5632/2414 3127/2643/660 3140/2658/675
f 3132/2646/663 3138/2648/665 3130/5633/1763
f 3138/5634/1764 3134/2652/669 3127/2643/660
f 3146/2664/681 3152/2666/975 3137/5635/2430
f 3137/2654/910 3152/6794/2415 3148/2670/687
f 3141/2661/678 3144/2663/680 3151/5636/2431
f 3151/2672/977 3144/6793/2752 3140/2658/675
f 3139/2655/672 3145/2657/972 3170/5637/2432
f 3145/5638/1783 3141/2661/678 3168/2694/711
f 3174/2700/717 3180/2702/984 3149/5639/2433
f 3180/5640/1771 3176/2706/723 3147/2667/684
f 3169/2697/714 3172/2699/982 3179/5641/2434
f 3172/5642/1773 3168/2694/711 3176/2706/723
f 3167/2691/708 3173/2693/980 3156/5643/2417
f 3156/2678/925 3173/6795/2418 3169/2697/714
f 3174/2700/717 3160/2682/699 3166/2684/979
f 3166/5645/2416 3162/2688/705 3175/2703/720
f 3155/2679/696 3158/2681/698 3165/5646/1778
f 3158/5647/2436 3154/2676/693 3162/2688/705
f 3153/2673/690 3159/2675/692 3128/5648/1780
f 3159/5649/1781 3155/2679/696 3126/2640/657
f 3133/2649/666 3135/2651/668 3163/5650/1782
f 3135/5651/1784 3132/2646/663 3161/2685/702
f 3195/2727/672 3181/2709/654 3187/2711/968
f 3187/5653/1762 3183/2715/660 3196/2730/675
f 3182/2712/657 3188/2718/663 3194/2720/665
f 3194/5655/1764 3190/2724/669 3183/2715/660
f 3202/2736/681 3208/2738/975 3193/5656/2430
f 3193/2726/910 3208/6797/2415 3204/2742/687
f 3197/2733/678 3200/2735/680 3207/5657/1767
f 3207/2744/689 3200/6796/1768 3196/2730/675
f 3195/2727/672 3201/2729/972 3226/5658/2432
f 3201/5659/2437 3197/2733/678 3224/2766/711
f 3230/2772/717 3236/2774/984 3205/5660/2433
f 3236/5661/1771 3232/2778/723 3203/2739/684
f 3225/2769/714 3228/2771/716 3235/5662/1772
f 3235/2780/725 3228/6799/1773 3224/2766/711
f 3223/2763/708 3229/2765/980 3212/5663/2417
f 3212/2750/695 3229/6800/1775 3225/2769/714
f 3230/2772/717 3216/2754/699 3222/2756/979
f 3222/5665/2416 3218/2760/705 3231/2775/720
f 3211/2751/696 3214/2753/698 3221/5666/1778
f 3221/2762/707 3214/6798/2436 3210/2748/693
f 3209/2745/690 3215/2747/901 3184/5667/2413
f 3215/5668/2438 3211/2751/696 3182/2712/657
f 3216/2754/699 3189/2721/666 3191/2723/992
f 3191/5670/1784 3188/2718/663 3217/2757/702
f 3244/5671/2440 3246/5676/2443 3243/5672/1001
f 3243/2783/1001 3246/6961/2443 3245/5674/2441
f 3247/5675/2442 3249/5680/3 3246/5676/2443
f 3246/5676/2443 3249/5680/3 3248/5677/2444
f 3247/5675/2442 3250/6531/2446 3252/5679/2445
f 3252/5679/2445 3251/5684/2447 3248/5677/2444
f 3250/5681/2446 3254/2791/1009 3256/2792/1010
f 3256/5683/1010 3253/6533/1006 3251/5684/2447
f 3267/5685/2448 3269/5689/2451 3263/5686/1017
f 3263/2800/1017 3269/6962/2451 3268/5687/2449
f 3270/5688/2450 3272/5694/2454 3269/5689/2451
f 3269/5690/2451 3272/5696/2454 3271/5691/2452
f 3270/5688/2450 3273/6537/2455 3275/5693/2453
f 3275/5695/2453 3274/6532/2456 3271/5691/2452
f 3273/5697/2455 3276/2803/1020 3282/2805/1022
f 3282/2805/1022 3278/2808/1025 3274/5699/2456
f 3254/2791/1009 3278/2808/1025 3281/2809/1026
f 3258/2794/1012 3281/2809/1026 3277/2806/1023
f 3262/2801/1018 3265/2802/1019 3242/2787/1005
f 3242/2787/1005 3265/2802/1019 3261/2798/1016
f 3290/5700/2457 3292/5703/2460 3286/2814/1031
f 3286/2814/1031 3292/5703/2460 3291/5701/2458
f 3293/5702/2459 3295/5706/150 3292/5703/2460
f 3292/5703/2460 3295/5706/150 3294/5704/2461
f 3293/5702/2459 3296/6539/2463 3298/5705/2462
f 3298/5705/2462 3297/6536/2464 3294/5704/2461
f 3296/5707/2463 3299/2818/1034 3305/2820/1036
f 3305/2820/1036 3301/2823/1039 3297/5709/2464
f 3262/2801/1018 3285/2815/1032 3288/2817/1033
f 3288/5711/1033 3284/2813/1030 3260/2795/1013
f 3277/2806/1023 3279/2807/1024 3304/2824/1040
f 3279/2807/1024 3276/2803/1020 3301/2823/1039
f 3313/5712/2465 3315/6963/2468 3309/5713/1045
f 3309/2830/1045 3315/5718/2468 3314/5714/2466
f 3316/5715/2467 3318/5721/2471 3315/5716/2468
f 3315/5718/2468 3318/5723/2471 3317/5719/2469
f 3316/5715/2467 3319/6541/2472 3321/5720/2470
f 3321/5722/2470 3320/6538/2473 3317/5719/2469
f 3319/5724/2472 3322/2833/1048 3328/2835/1050
f 3328/2835/1050 3324/2838/1053 3320/5726/2473
f 3300/2821/1037 3302/2822/1038 3327/2839/1054
f 3302/2822/1038 3299/2818/1034 3324/2838/1053
f 3307/2828/1044 3283/2810/1027 3289/2812/1029
f 3311/2832/1047 3289/6801/1029 3285/2815/1032
f 3336/5728/2474 3338/6964/2477 3332/2844/1059
f 3332/5729/1059 3338/5733/2477 3337/5730/2475
f 3339/5732/2476 3341/5737/69 3338/5733/2477
f 3338/5733/2477 3341/5737/69 3340/5735/2478
f 3339/5732/2476 3342/5738/2480 3344/5736/2479
f 3344/5736/2479 3343/6540/2481 3340/5735/2478
f 3342/5738/2480 3345/6544/1062 3351/5739/1064
f 3351/2849/1064 3347/2852/1067 3343/5740/2481
f 3346/2850/1065 3323/2836/1051 3325/2837/1052
f 3325/2837/1052 3322/2833/1048 3347/2852/1067
f 3306/2825/1041 3312/2827/1043 3334/2846/1061
f 3312/2827/1043 3308/2831/1046 3331/2845/1060
f 3359/5742/2482 3361/6965/2485 3355/2858/1073
f 3355/2858/1073 3361/6965/2485 3360/5743/2483
f 3362/5744/2484 3364/5751/2488 3361/5745/2485
f 3361/5747/2485 3364/5753/2488 3363/5748/2486
f 3362/5744/2484 3365/5754/2489 3367/5750/2487
f 3367/5752/2487 3366/6542/2490 3363/5748/2486
f 3365/5754/2489 3368/2861/1076 3374/2863/1078
f 3374/2863/1078 3370/6966/1081 3366/5755/2490
f 3346/2850/1065 3348/2851/1066 3373/2868/1082
f 3373/2868/1082 3348/2851/1066 3345/2847/1062
f 3329/2840/1055 3335/2842/1057 3357/2860/1075
f 3335/2842/1057 3331/2845/1060 3354/2859/1074
f 3382/5756/2491 3384/6967/2494 3378/2873/1087
f 3378/2873/1087 3384/6967/2494 3383/5757/2492
f 3385/5758/2493 3387/5764/194 3384/5759/2494
f 3384/5759/2494 3387/5764/194 3386/5761/2495
f 3385/5758/2493 3388/5765/2497 3390/5763/2496
f 3390/5763/2496 3389/5766/2498 3386/5761/2495
f 3388/5765/2497 3391/2876/1090 3397/2878/1092
f 3397/2878/1092 3393/2882/1095 3389/5766/2498
f 3392/2879/1093 3369/2864/1079 3371/2866/1080
f 3396/2883/1096 3371/6802/1080 3368/2861/1076
f 3352/2854/1069 3358/2856/1071 3380/2875/1089
f 3358/2856/1071 3354/2859/1074 3377/2874/1088
f 3405/5768/2499 3407/6968/2502 3401/2888/1101
f 3401/2888/1101 3407/6968/2502 3406/5769/2500
f 3408/5770/2501 3410/5777/2505 3407/5771/2502
f 3407/5773/2502 3410/5779/2505 3409/5774/2503
f 3408/5770/2501 3411/6530/2506 3413/5776/2504
f 3413/5778/2504 3412/5782/2507 3409/5774/2503
f 3411/5780/2506 3414/6969/1104 3420/5781/1106
f 3420/5781/1106 3416/2896/1109 3412/5782/2507
f 3399/2887/1100 3375/2869/1083 3381/2871/1085
f 3381/2871/1085 3377/2874/1088 3400/2889/1102
f 3416/2896/1109 3419/2898/1110 3394/5783/1094
f 3419/5784/1110 3415/2894/1107 3392/2879/1093
f 3237/2781/999 3398/2884/1097 3404/2886/1099
f 3240/2785/1003 3404/2886/1099 3400/2889/1102
f 3253/2788/1006 3259/2790/1008 3417/2895/1108
f 3259/2790/1008 3255/2793/1011 3415/2894/1107
f 3428/5785/2440 3430/5790/2443 3427/5786/1001
f 3427/2901/1001 3430/6970/2443 3429/5788/2441
f 3431/5789/2442 3433/5794/3 3430/5790/2443
f 3430/5790/2443 3433/5794/3 3432/5791/2444
f 3431/5789/2442 3434/6549/2446 3436/5793/2445
f 3436/5793/2445 3435/5798/2447 3432/5791/2444
f 3434/5795/2446 3438/2909/1009 3440/2910/1010
f 3440/5797/1010 3437/6550/1006 3435/5798/2447
f 3451/5799/2448 3453/5803/2451 3447/5800/1017
f 3447/2918/1017 3453/6971/2451 3452/5801/2449
f 3454/5802/2450 3456/5808/2454 3453/5803/2451
f 3453/5804/2451 3456/5810/2454 3455/5805/2452
f 3454/5802/2450 3457/6554/2455 3459/5807/2453
f 3459/5809/2453 3458/6548/2456 3455/5805/2452
f 3457/5811/2455 3460/2921/1020 3466/2923/1022
f 3466/2923/1022 3462/2926/1025 3458/5813/2456
f 3438/2909/1009 3462/2926/1025 3465/2927/1026
f 3442/2912/1012 3465/2927/1026 3461/2924/1023
f 3446/2919/1018 3449/2920/1019 3426/2905/1005
f 3449/2920/1019 3445/2916/1016 3423/2904/1004
f 3474/5814/2457 3476/5817/2460 3470/2932/1031
f 3470/2932/1031 3476/5817/2460 3475/5815/2458
f 3477/5816/2459 3479/5820/150 3476/5817/2460
f 3476/5817/2460 3479/5820/150 3478/5818/2461
f 3477/5816/2459 3480/6556/2463 3482/5819/2462
f 3482/5819/2462 3481/6553/2464 3478/5818/2461
f 3480/5821/2463 3483/2936/1034 3489/2938/1036
f 3489/2938/1036 3485/2941/1039 3481/5823/2464
f 3446/2919/1018 3469/2933/1032 3472/2935/1033
f 3472/5825/1033 3468/2931/1030 3444/2913/1013
f 3461/2924/1023 3463/2925/1024 3488/2942/1040
f 3463/2925/1024 3460/2921/1020 3485/2941/1039
f 3497/5826/2465 3499/6972/2468 3493/5827/1045
f 3493/2948/1045 3499/5832/2468 3498/5828/2466
f 3500/5829/2467 3502/5835/2471 3499/5830/2468
f 3499/5832/2468 3502/5837/2471 3501/5833/2469
f 3500/5829/2467 3503/6558/2472 3505/5834/2470
f 3505/5836/2470 3504/6555/2473 3501/5833/2469
f 3503/5838/2472 3506/2951/1048 3512/2953/1050
f 3512/2953/1050 3508/2956/1053 3504/5840/2473
f 3484/2939/1037 3486/2940/1038 3511/2957/1054
f 3486/2940/1038 3483/2936/1034 3508/2956/1053
f 3491/2946/1044 3467/2928/1111 3473/2930/1029
f 3495/2950/1047 3473/6804/1029 3469/2933/1032
f 3520/5842/2474 3522/6973/2477 3516/2962/1059
f 3516/5843/1059 3522/5847/2477 3521/5844/2508
f 3523/5846/2476 3525/5851/69 3522/5847/2477
f 3522/5847/2477 3525/5851/69 3524/5849/2478
f 3523/5846/2476 3526/5852/2480 3528/5850/2479
f 3528/5850/2479 3527/6559/2481 3524/5849/2478
f 3526/5852/2480 3529/6561/1116 3535/5853/1064
f 3535/2967/1064 3531/2970/1067 3527/5854/2481
f 3507/2954/1113 3509/2955/1052 3534/2971/1068
f 3509/2955/1052 3506/2951/1048 3531/2970/1067
f 3514/2961/1115 3490/2943/1112 3496/2945/1043
f 3496/2945/1043 3492/2949/1046 3515/2963/1060
f 3543/5856/2482 3545/6974/2485 3539/2976/1073
f 3539/2976/1073 3545/6974/2485 3544/5857/2483
f 3546/5858/2484 3548/5865/2488 3545/5859/2485
f 3545/5861/2485 3548/5867/2488 3547/5862/2486
f 3546/5858/2484 3549/5868/2489 3551/5864/2487
f 3551/5866/2487 3550/6560/2490 3547/5862/2486
f 3549/5868/2489 3552/2979/1117 3558/2981/1078
f 3558/2981/1078 3554/6975/1119 3550/5869/2490
f 3530/2968/1065 3532/2969/1066 3557/2986/1082
f 3532/2969/1066 3529/2965/1116 3554/2985/1119
f 3537/2975/1072 3513/2958/1114 3519/2960/1057
f 3519/2960/1057 3515/2963/1060 3538/2977/1074
f 3566/5870/2491 3568/6976/2494 3562/2991/1087
f 3562/2991/1087 3568/6976/2494 3567/5871/2492
f 3569/5872/2493 3571/5878/194 3568/5873/2494
f 3568/5873/2494 3571/5878/194 3570/5875/2495
f 3569/5872/2493 3572/5879/2497 3574/5877/2496
f 3574/5877/2496 3573/5880/2498 3570/5875/2495
f 3572/5879/2497 3575/2994/1122 3581/2996/1092
f 3581/2996/1092 3577/3000/1095 3573/5880/2498
f 3576/2997/1093 3553/2982/1079 3555/2984/1118
f 3555/5882/1118 3552/2979/1117 3577/3000/1095
f 3536/2972/1069 3542/2974/1071 3564/2993/1089
f 3542/2974/1071 3538/2977/1074 3561/2992/1088
f 3589/5883/2499 3591/6977/2502 3585/3006/1101
f 3585/3006/1101 3591/6977/2502 3590/5884/2500
f 3592/5885/2501 3594/5892/2505 3591/5886/2502
f 3591/5888/2502 3594/5894/2505 3593/5889/2503
f 3592/5885/2501 3595/6547/2506 3597/5891/2504
f 3597/5893/2504 3596/5897/2507 3593/5889/2503
f 3595/5895/2506 3598/6978/1104 3604/5896/1106
f 3604/5896/1106 3600/3014/1124 3596/5897/2507
f 3559/2987/1120 3565/2989/1085 3587/3008/1103
f 3587/3008/1103 3565/2989/1085 3561/2992/1088
f 3600/3014/1124 3603/3016/1110 3578/5898/1094
f 3603/5899/1110 3599/3012/1107 3576/2997/1093
f 3421/2899/999 3582/3002/1097 3588/3004/1099
f 3424/2903/1003 3588/3004/1099 3584/3007/1102
f 3437/2906/1006 3443/2908/1008 3601/3013/1108
f 3443/2908/1008 3439/2911/1011 3599/3012/1107
f 3619/3035/672 3605/3017/654 3611/3019/1125
f 3611/5901/1762 3607/3023/660 3620/3038/675
f 3612/3026/663 3618/3028/665 3610/5902/2509
f 3610/3025/970 3618/6806/1764 3614/3032/669
f 3626/3044/681 3632/3046/975 3617/5903/2430
f 3632/5904/2415 3628/3050/687 3614/3032/669
f 3627/3047/684 3621/3041/678 3624/3043/680
f 3624/5906/1768 3620/3038/675 3628/3050/687
f 3619/3035/672 3625/3037/972 3650/5907/2432
f 3625/5908/2437 3621/3041/678 3648/3074/711
f 3654/3080/717 3660/3082/719 3629/5909/1770
f 3660/5910/1771 3656/3086/723 3627/3047/684
f 3655/3083/720 3649/3077/714 3652/3079/716
f 3652/5912/1773 3648/3074/711 3656/3086/723
f 3647/3071/708 3653/3073/980 3636/5913/2510
f 3653/5914/1775 3649/3077/714 3634/3056/693
f 3654/3080/717 3640/3062/699 3646/3064/979
f 3646/5916/2416 3642/3068/705 3655/3083/720
f 3641/3065/702 3635/3059/696 3638/3061/1127
f 3638/5918/2436 3634/3056/693 3642/3068/705
f 3633/3053/690 3639/3055/901 3608/5919/2413
f 3639/5920/2438 3635/3059/696 3606/3020/657
f 3613/3029/666 3615/3031/668 3643/5921/1782
f 3615/5922/1784 3612/3026/663 3641/3065/702
f 3661/3089/654 3667/3091/968 3678/5923/2511
f 3678/3112/973 3667/6807/1762 3663/3095/660
f 3668/3098/663 3674/3100/665 3666/5924/1763
f 3674/5925/1764 3670/3104/669 3663/3095/660
f 3669/3101/666 3682/3116/681 3688/3118/975
f 3688/5927/1766 3684/3122/687 3670/3104/669
f 3677/3113/678 3680/3115/680 3687/5928/1767
f 3680/5929/1768 3676/3110/675 3684/3122/687
f 3675/3107/672 3681/3109/674 3706/5930/1769
f 3681/5931/2437 3677/3113/678 3704/3146/711
f 3710/3152/717 3716/3154/719 3685/5932/1770
f 3716/5933/2512 3712/3158/723 3683/3119/684
f 3705/3149/714 3708/3151/716 3715/5934/1772
f 3708/5935/1773 3704/3146/711 3712/3158/723
f 3689/3125/690 3703/3143/708 3709/3145/1136
f 3709/5937/2418 3705/3149/714 3690/3128/693
f 3696/3134/699 3702/3136/979 3713/5938/2435
f 3713/3157/722 3702/6808/1777 3698/3140/705
f 3691/3131/696 3694/3133/698 3701/5939/1778
f 3694/5940/1779 3690/3128/693 3698/3140/705
f 3689/3125/690 3695/3127/692 3664/5941/1780
f 3695/5942/1781 3691/3131/696 3662/3092/657
f 3669/3101/666 3671/3103/992 3699/5943/2439
f 3671/5944/1784 3668/3098/663 3697/3137/702
f 3741/5945/2513 3743/5949/2515 3737/5946/1017
f 3737/3180/1017 3743/6979/2515 3742/5947/2514
f 3744/5948/2450 3746/5954/2454 3743/5949/2515
f 3743/5950/2515 3746/5956/2454 3745/5951/2452
f 3744/5948/2450 3747/6571/2517 3749/5953/2516
f 3749/5955/2516 3748/6565/2518 3745/5951/2452
f 3747/5957/2517 3750/3183/1147 3756/3185/1148
f 3756/3185/1148 3752/3188/1150 3748/5959/2518
f 3727/3168/1140 3752/3188/1150 3755/3189/1151
f 3755/3189/1151 3751/3186/1023 3728/3171/1011
f 3719/3166/1002 3736/3181/1018 3739/3182/1146
f 3739/3182/1146 3735/3178/1145 3717/3161/1138
f 3764/5960/2519 3766/5963/2521 3760/3194/1031
f 3760/3194/1031 3766/5963/2521 3765/5961/2520
f 3767/5962/2459 3769/5966/150 3766/5963/2521
f 3766/5963/2521 3769/5966/150 3768/5964/2461
f 3767/5962/2459 3770/6573/2523 3772/5965/2522
f 3772/5965/2522 3771/6570/2524 3768/5964/2461
f 3770/5967/2523 3773/3198/1034 3779/3200/1156
f 3779/3200/1156 3775/3203/1039 3771/5969/2524
f 3736/3181/1018 3759/3195/1032 3762/3197/1033
f 3740/3177/1015 3762/6809/1033 3758/3193/1154
f 3751/3186/1023 3753/3187/1149 3778/3204/1157
f 3778/3204/1157 3753/3187/1149 3750/3183/1147
f 3787/5971/2525 3789/6980/2527 3783/5972/1045
f 3783/3210/1045 3789/5977/2527 3788/5973/2526
f 3790/5974/2467 3792/5980/2471 3789/5975/2527
f 3789/5977/2527 3792/5982/2471 3791/5978/2469
f 3790/5974/2467 3793/6576/2529 3795/5979/2528
f 3795/5981/2528 3794/6572/2530 3791/5978/2469
f 3793/5983/2529 3796/3213/1163 3802/3215/1050
f 3802/3215/1050 3798/3218/1053 3794/5985/2530
f 3797/3216/1113 3774/3201/1037 3776/3202/1038
f 3801/3219/1165 3776/3202/1038 3773/3198/1034
f 3757/3190/1152 3763/3192/1029 3785/5986/1162
f 3785/3212/1162 3763/6810/1029 3759/3195/1032
f 3810/5987/2531 3812/6981/2533 3806/3224/1059
f 3806/5988/1059 3812/5992/2533 3811/5989/2532
f 3813/5991/2476 3815/5996/69 3812/5992/2533
f 3812/5992/2533 3815/5996/69 3814/5994/2478
f 3813/5991/2476 3816/5997/2535 3818/5995/2534
f 3818/5995/2534 3817/6575/2536 3814/5994/2478
f 3816/5997/2535 3819/6578/1167 3825/5998/1064
f 3825/3229/1064 3821/3232/1169 3817/5999/2536
f 3797/3216/1113 3799/3217/1164 3824/3233/1068
f 3824/3233/1068 3799/3217/1164 3796/3213/1163
f 3804/3223/1166 3780/3205/1158 3786/3207/1159
f 3808/3226/1061 3786/3207/1159 3782/3211/1161
f 3833/6001/2537 3835/6982/2539 3829/3238/1073
f 3829/3238/1073 3835/6982/2539 3834/6002/2538
f 3836/6003/2484 3838/6010/2488 3835/6004/2539
f 3835/6006/2539 3838/6012/2488 3837/6007/2486
f 3836/6003/2484 3839/6013/2541 3841/6009/2540
f 3841/6011/2540 3840/6577/2542 3837/6007/2486
f 3839/6013/2541 3842/3241/1076 3848/3243/1078
f 3848/3243/1078 3844/6983/1176 3840/6014/2542
f 3843/3244/1174 3820/3230/1065 3822/3231/1168
f 3847/3248/1177 3822/3231/1168 3819/3227/1167
f 3827/3237/1172 3803/3220/1055 3809/3222/1057
f 3831/3240/1173 3809/3222/1057 3805/3225/1060
f 3856/6015/2543 3858/6984/2545 3852/3253/1087
f 3852/3253/1087 3858/6984/2545 3857/6016/2544
f 3859/6017/2493 3861/6023/194 3858/6018/2545
f 3858/6018/2545 3861/6023/194 3860/6020/2495
f 3859/6017/2493 3862/6024/2547 3864/6022/2546
f 3864/6022/2546 3863/6025/2548 3860/6020/2495
f 3862/6024/2547 3865/3256/1122 3871/3258/1181
f 3871/3258/1181 3867/3262/1095 3863/6025/2548
f 3843/3244/1174 3845/3246/1175 3870/6026/1182
f 3870/3263/1182 3845/6811/1175 3842/3241/1076
f 3850/3252/1179 3826/3234/1170 3832/3236/1171
f 3854/3255/1089 3832/3236/1171 3828/3239/1074
f 3879/6027/2549 3881/6985/2551 3875/3268/1101
f 3875/3268/1101 3881/6985/2551 3880/6028/2550
f 3882/6029/2501 3884/6036/2505 3881/6030/2551
f 3881/6032/2551 3884/6038/2505 3883/6033/2503
f 3882/6029/2501 3885/6564/2553 3887/6035/2552
f 3887/6037/2552 3886/6041/2554 3883/6033/2503
f 3885/6039/2553 3888/6986/1187 3894/6040/1106
f 3894/6040/1106 3890/3276/1189 3886/6041/2554
f 3873/3267/1185 3849/3249/1120 3855/3251/1085
f 3877/3270/1186 3855/3251/1085 3851/3254/1088
f 3865/3256/1122 3890/3276/1189 3893/3278/1110
f 3868/3261/1094 3893/6813/1110 3889/3274/1107
f 3895/6043/2555 3897/6048/2557 3720/6044/1001
f 3720/3165/1001 3897/6987/2557 3896/6046/2556
f 3724/6047/2442 3726/6052/3 3897/6048/2557
f 3897/6048/2557 3726/6052/3 3725/6049/2444
f 3724/6047/2442 3898/6566/2559 3900/6051/2558
f 3900/6051/2558 3899/6056/2560 3725/6049/2444
f 3898/6053/2559 3727/3168/1140 3733/3170/1010
f 3733/6055/1010 3729/6569/1142 3899/6056/2560
f 3718/3164/1139 3872/3264/1183 3878/3266/1184
f 3878/3266/1184 3874/3269/1102 3719/3166/1002
f 3888/3271/1187 3729/3173/1142 3732/3174/1143
f 3732/3174/1143 3728/3171/1011 3889/3274/1107
f 3925/6057/2513 3927/6061/2515 3921/6058/1017
f 3921/3298/1017 3927/6988/2515 3926/6059/2514
f 3928/6060/2450 3930/6066/2454 3927/6061/2515
f 3927/6062/2515 3930/6068/2454 3929/6063/2452
f 3928/6060/2450 3931/6589/2517 3933/6065/2516
f 3933/6067/2516 3932/6583/2518 3929/6063/2452
f 3931/6069/2517 3934/3301/1147 3940/3303/1148
f 3940/3303/1148 3936/3306/1150 3932/6071/2518
f 3911/3286/1140 3936/3306/1150 3939/3307/1191
f 3914/3290/1141 3939/3307/1191 3935/3304/1023
f 3903/3284/1002 3920/3299/1018 3923/3300/1146
f 3907/3281/1005 3923/3300/1146 3919/3296/1145
f 3948/6072/2519 3950/6075/2521 3944/3312/1031
f 3944/3312/1031 3950/6075/2521 3949/6073/2520
f 3951/6074/2459 3953/6078/150 3950/6075/2521
f 3950/6075/2521 3953/6078/150 3952/6076/2461
f 3951/6074/2459 3954/6590/2523 3956/6077/2522
f 3956/6077/2522 3955/6588/2524 3952/6076/2461
f 3954/6079/2523 3957/3316/1034 3963/3318/1156
f 3963/3318/1156 3959/3321/1039 3955/6081/2524
f 3943/3313/1032 3946/3315/1033 3924/6082/1190
f 3924/3295/1190 3946/6814/1033 3942/3311/1154
f 3958/3319/1037 3935/3304/1023 3937/3305/1024
f 3962/3322/1157 3937/3305/1024 3934/3301/1147
f 3971/6083/2525 3973/6989/2527 3967/6084/1045
f 3967/3328/1045 3973/6089/2527 3972/6085/2526
f 3974/6086/2467 3976/6092/2471 3973/6087/2527
f 3973/6089/2527 3976/6094/2471 3975/6090/2469
f 3974/6086/2467 3977/6593/2529 3979/6091/2528
f 3979/6093/2528 3978/6591/2530 3975/6090/2469
f 3977/6095/2529 3980/3331/1163 3986/3333/1050
f 3986/3333/1050 3982/3336/1053 3978/6097/2530
f 3981/3334/1113 3958/3319/1037 3960/3320/1038
f 3985/3337/1165 3960/3320/1038 3957/3316/1034
f 3965/3326/1160 3941/3308/1152 3947/3310/1029
f 3969/3330/1047 3947/6815/1029 3943/3313/1032
f 3994/6099/2531 3996/6990/2533 3990/3342/1059
f 3990/6100/1059 3996/6104/2533 3995/6101/2532
f 3997/6103/2476 3999/6108/69 3996/6104/2533
f 3996/6104/2533 3999/6108/69 3998/6106/2478
f 3997/6103/2476 4000/6109/2535 4002/6107/2534
f 4002/6107/2534 4001/6594/2536 3998/6106/2478
f 4000/6109/2535 4003/6597/1167 4009/6110/1064
f 4009/3347/1064 4005/3350/1169 4001/6111/2536
f 4004/3348/1065 3981/3334/1113 3983/3335/1164
f 4008/3351/1068 3983/3335/1164 3980/3331/1163
f 3988/3341/1166 3964/3323/1158 3970/3325/1192
f 3992/3344/1061 3970/3325/1192 3966/3329/1161
f 4017/6113/2537 4019/6991/2539 4013/3356/1073
f 4013/3356/1073 4019/6991/2539 4018/6114/2538
f 4020/6115/2484 4022/6122/2488 4019/6116/2539
f 4019/6118/2539 4022/6124/2488 4021/6119/2486
f 4020/6115/2484 4023/6125/2541 4025/6121/2540
f 4025/6123/2540 4024/6595/2542 4021/6119/2486
f 4023/6125/2541 4026/3359/1076 4032/3361/1078
f 4032/3361/1078 4028/6992/1176 4024/6126/2542
f 4027/3362/1174 4004/3348/1065 4006/3349/1168
f 4031/3366/1177 4006/3349/1168 4003/3345/1167
f 4011/3355/1172 3987/3338/1055 3993/3340/1057
f 3993/3340/1057 3989/3343/1060 4012/3357/1074
f 4040/6127/2543 4042/6993/2545 4036/3371/1087
f 4036/3371/1087 4042/6993/2545 4041/6128/2544
f 4043/6129/2493 4045/6135/194 4042/6130/2545
f 4042/6130/2545 4045/6135/194 4044/6132/2495
f 4043/6129/2493 4046/6136/2547 4048/6134/2546
f 4048/6134/2546 4047/6137/2548 4044/6132/2495
f 4046/6136/2547 4049/3374/1122 4055/3376/1181
f 4055/3376/1181 4051/3380/1095 4047/6137/2548
f 4027/3362/1174 4029/3364/1175 4054/6138/1182
f 4054/3381/1182 4029/6816/1175 4026/3359/1076
f 4034/3370/1179 4010/3352/1170 4016/3354/1171
f 4038/3373/1089 4016/3354/1171 4012/3357/1074
f 4063/6139/2549 4065/6994/2551 4059/3386/1101
f 4059/3386/1101 4065/6994/2551 4064/6140/2550
f 4066/6141/2501 4068/6148/2505 4065/6142/2551
f 4065/6144/2551 4068/6150/2505 4067/6145/2503
f 4066/6141/2501 4069/6582/2553 4071/6147/2552
f 4071/6149/2552 4070/6153/2554 4067/6145/2503
f 4069/6151/2553 4072/6995/1187 4078/6152/1106
f 4078/6152/1106 4074/3394/1189 4070/6153/2554
f 4057/3385/1185 4033/3367/1120 4039/3369/1085
f 4039/3369/1085 4035/3372/1088 4058/3387/1102
f 4049/3374/1122 4074/3394/1189 4077/3396/1194
f 4077/6155/1194 4073/3392/1107 4050/3377/1093
f 4079/6156/2555 4081/6161/2557 3904/6157/1001
f 3904/3283/1001 4081/6996/2557 4080/6159/2556
f 3908/6160/2442 3910/6165/3 4081/6161/2557
f 4081/6161/2557 3910/6165/3 3909/6162/2444
f 3908/6160/2442 4082/6584/2559 4084/6164/2558
f 4084/6164/2558 4083/6169/2560 3909/6162/2444
f 4082/6166/2559 3911/3286/1140 3917/3288/1010
f 3917/6168/1010 3913/6586/1142 4083/6169/2560
f 3902/3282/1139 4056/3382/1183 4062/3384/1184
f 4062/3384/1184 4058/3387/1102 3903/3284/1002
f 4072/3389/1187 3913/3291/1142 3916/3292/1143
f 3916/3292/1143 3912/3289/1011 4073/3392/1107
f 4085/3399/1197 4095/3398/1196 4111/6170/1221
f 4095/3398/1196 4089/3407/1205 4108/6172/1222
f 4088/3406/1204 4096/3408/1206 4106/3410/1208
f 4094/3404/1202 4106/3410/1208 4100/3420/1216
f 4099/3417/1213 4109/3427/1223 4113/3424/1220
f 4105/6173/1215 4113/3424/1220 4108/3426/1222
f 4097/3413/1211 4101/3412/1210 4141/3450/1246
f 4101/6175/1210 4096/3408/1206 4137/3453/1249
f 4138/3458/1253 4143/3457/1252 4093/3405/1203
f 4143/3457/1252 4137/3453/1249 4088/3406/1204
f 4086/3401/1199 4090/3397/1195 4121/6176/1226
f 4090/3397/1195 4085/3399/1197 4117/6178/1230
f 4110/6179/1225 4118/3435/1231 4123/3433/1229
f 4115/6180/1219 4123/3433/1229 4117/3434/1230
f 4127/6182/1239 4087/3402/1200 4092/3400/1198
f 4131/6183/1237 4092/3400/1198 4086/3401/1199
f 4129/6185/1244 4133/6186/1243 4126/3431/1227
f 4133/6186/1243 4128/6997/1240 4116/3432/1228
f 4139/3459/1254 4144/3461/1251 4135/3442/1238
f 4144/3461/1251 4138/6998/1253 4127/3443/1239
f 4098/6187/1212 4103/3411/1209 4192/3513/1301
f 4103/3411/1209 4097/3413/1211 4188/3514/1302
f 4140/6188/1255 4189/3515/1303 4194/3512/1300
f 4146/3451/1247 4194/3512/1300 4188/3514/1302
f 4147/3466/1259 4155/3465/1258 4104/3418/1214
f 4155/3465/1258 4150/3472/1265 4099/3417/1213
f 4119/3439/1235 4124/3438/1234 4161/3473/1266
f 4124/3438/1234 4118/3435/1231 4157/6189/1269
f 4158/3479/1271 4163/3480/1272 4114/3428/1224
f 4163/3480/1272 4157/3476/1269 4110/3429/1225
f 4167/3486/1277 4130/3449/1245 4134/3446/1242
f 4172/3490/1281 4134/3446/1242 4129/3448/1244
f 4119/3439/1235 4169/3493/1284 4174/3492/1283
f 4125/3437/1233 4174/3492/1283 4168/6190/1280
f 4178/3502/1290 4140/3462/1255 4145/3463/1256
f 4182/3500/1288 4145/3463/1256 4139/3459/1254
f 4191/3519/1307 4148/6999/1260 4151/6191/1257
f 4197/6192/1299 4151/3464/1257 4147/3466/1259
f 4149/3471/1264 4159/7000/1275 4164/6194/1274
f 4154/3469/1262 4164/6194/1274 4158/3479/1271
f 4160/3484/1276 4170/3494/1285 4175/3496/1282
f 4175/3491/1282 4169/3493/1284 4156/3475/1268
f 4180/3507/1295 4184/3506/1294 4177/3488/1279
f 4184/3506/1294 4179/3503/1291 4167/3486/1277
f 4190/3518/1306 4195/3517/1305 4186/6197/1289
f 4195/6199/1305 4189/6600/1303 4178/3502/1290
f 4149/6200/1264 4153/6201/1263 4203/3524/1312
f 4153/6201/1263 4148/6601/1260 4199/3525/1313
f 4190/6202/1306 4200/3527/1315 4205/3523/1311
f 4205/3523/1311 4199/3525/1313 4191/6204/1307
f 4202/3530/1318 4160/3484/1276 4165/3481/1273
f 4208/3522/1310 4165/3481/1273 4159/3483/1275
f 4171/3499/1287 4176/3498/1286 4207/3529/1317
f 4176/3498/1286 4170/3494/1285 4202/3530/1318
f 4200/3527/1315 4181/6602/1296 4185/6205/1293
f 4206/3526/1314 4185/6205/1293 4180/6206/1295
f 4209/3531/654 4215/3533/1319 4226/6207/2511
f 4215/6208/1762 4211/3537/660 4224/3552/675
f 4216/3540/663 4222/3542/665 4214/6209/1763
f 4214/3539/662 4222/6824/1764 4218/3546/669
f 4230/3558/681 4236/3560/975 4221/6210/2430
f 4236/6211/1766 4232/3564/687 4218/3546/669
f 4231/3561/684 4225/3555/678 4228/3557/680
f 4228/6213/1768 4224/3552/675 4232/3564/687
f 4251/3585/708 4223/3549/672 4229/3551/674
f 4229/6215/1783 4225/3555/678 4252/3588/711
f 4258/3594/717 4264/3596/984 4233/6216/2433
f 4264/6217/1771 4260/3600/723 4231/3561/684
f 4259/3597/720 4253/3591/714 4256/3593/716
f 4256/6219/1773 4252/3588/711 4260/3600/723
f 4251/3585/708 4257/3587/1136 4240/6220/2561
f 4257/6221/1775 4253/3591/714 4238/3570/693
f 4244/3576/699 4250/3578/979 4261/6222/2435
f 4250/6223/1777 4246/3582/705 4259/3597/720
f 4245/3579/702 4239/3573/696 4242/3575/698
f 4242/6225/1779 4238/3570/693 4246/3582/705
f 4209/3531/654 4237/3567/690 4243/3569/692
f 4243/6227/1781 4239/3573/696 4210/3534/657
f 4217/3543/666 4219/3545/992 4247/6228/2439
f 4219/6229/1784 4216/3540/663 4245/3579/702
f 4272/6230/2562 4273/7001/2575 4267/6231/2563
f 4267/6233/2565 4273/6246/2577 4271/6234/2566
f 4275/6236/2568 4269/6348/2672 4270/6237/2569
f 4270/6239/2571 4268/6349/2673 4274/6240/2572
f 4272/6242/2562 4278/6253/2583 4279/6243/2574
f 4279/6245/2576 4277/6255/2585 4271/6234/2566
f 4281/6247/2578 4275/6603/2568 4276/6248/2570
f 4276/6241/2573 4274/6240/2572 4280/6250/2580
f 4284/6252/2582 4285/6261/2591 4279/6243/2574
f 4285/6254/2584 4283/6263/2593 4277/6255/2585
f 4287/6256/2586 4281/6247/2578 4282/6249/2579
f 4282/6251/2581 4280/6250/2580 4286/6258/2588
f 4290/6260/2590 4291/6269/2599 4285/6261/2591
f 4291/6262/2592 4289/6271/2601 4283/6263/2593
f 4287/6256/2586 4288/6257/2587 4294/6264/2594
f 4288/6259/2589 4286/6258/2588 4292/6266/2596
f 4296/6268/2598 4297/7002/2607 4291/6269/2599
f 4297/6270/2600 4295/6280/2609 4289/6271/2601
f 4293/6265/2595 4294/6264/2594 4300/6272/2602
f 4294/6267/2597 4292/6266/2596 4298/6274/2604
f 4302/6276/2606 4303/6287/2615 4297/6277/2607
f 4303/6279/2608 4301/6289/2617 4295/6280/2609
f 4305/6281/2610 4299/6604/2603 4300/6282/2602
f 4306/6284/2612 4300/6275/2605 4298/6274/2604
f 4302/6276/2606 4308/6295/2623 4309/6286/2614
f 4309/6288/2616 4307/6297/2625 4301/6289/2617
f 4305/6281/2610 4306/6283/2611 4312/6290/2618
f 4312/6292/2620 4306/6284/2612 4304/6285/2613
f 4314/6294/2622 4315/7003/2631 4309/6286/2614
f 4315/6296/2624 4313/6306/2633 4307/6297/2625
f 4311/6291/2619 4312/6290/2618 4318/6298/2626
f 4312/6292/2620 4310/6293/2621 4316/6300/2628
f 4314/6302/2622 4320/6312/2638 4321/6303/2630
f 4315/6296/2624 4321/6315/2641 4319/6305/2632
f 4317/6307/2627 4318/7004/2626 4324/6308/2634
f 4318/6301/2629 4316/6300/2628 4322/6310/2636
f 4320/6312/2638 4326/6321/2647 4327/6313/2639
f 4327/6314/2640 4325/6323/2649 4319/6305/2632
f 4323/6309/2635 4324/6308/2634 4330/6316/2642
f 4330/6318/2644 4324/6311/2637 4322/6310/2636
f 4332/6320/2646 4333/6329/2655 4327/6313/2639
f 4333/6322/2648 4331/6331/2657 4325/6323/2649
f 4329/6317/2643 4330/6316/2642 4336/6324/2650
f 4330/6318/2644 4328/6319/2645 4334/6326/2652
f 4338/6328/2654 4339/7005/2663 4333/6329/2655
f 4333/6322/2648 4339/6339/2664 4337/6330/2656
f 4341/6332/2658 4335/6325/2651 4336/6324/2650
f 4336/6327/2653 4334/6326/2652 4340/6334/2660
f 4344/6336/2662 4345/6346/2670 4339/6337/2663
f 4339/6339/2664 4345/6347/2671 4343/6340/2665
f 4341/6341/2658 4342/7006/2659 4348/6342/2666
f 4348/6344/2668 4342/6335/2661 4340/6334/2660
f 4344/6336/2662 4266/6232/2564 4267/6231/2563
f 4267/6233/2565 4265/6235/2567 4343/6340/2665
f 4347/6343/2667 4348/6342/2666 4270/6237/2569
f 4270/6239/2571 4348/6344/2668 4346/6345/2669
f 4351/3610/1329 4364/3624/1343 4366/3623/1342
f 4366/6350/2674 4363/3619/1338 4349/3603/1322
f 4357/3616/1335 4359/3615/1334 4376/3633/1352
f 4376/3629/1348 4359/6827/2755 4356/3611/1330
f 4358/3618/1337 4361/3614/1333 4354/3606/1325
f 4361/3614/1333 4357/3616/1335 4351/3610/1329
f 4365/3626/1345 4368/3622/1341 4375/3634/1349
f 4368/3622/1341 4364/3624/1343 4372/3635/1353
f 4378/3641/1359 4380/3640/1358 4369/6352/1344
f 4369/3621/1340 4380/6833/2760 4377/3636/1354
f 4371/3632/1351 4373/3631/1350 4390/3650/1368
f 4390/3646/1364 4373/6830/2758 4370/3627/1346
f 4379/3643/1361 4382/3639/1357 4389/3647/1365
f 4382/3639/1357 4378/3641/1359 4386/3651/1369
f 4392/3657/1375 4394/3656/1374 4383/3642/1360
f 4394/6354/2675 4391/3652/1370 4377/3636/1354
f 4400/3667/1385 4385/3649/1367 4387/3648/1366
f 4387/6355/2676 4384/3644/1362 4398/3660/1378
f 4393/3659/1377 4396/3655/1373 4403/3663/1381
f 4396/3655/1373 4392/3657/1375 4400/3667/1385
f 4393/3659/1377 4406/6605/1391 4408/6356/1390
f 4397/3654/1372 4408/6839/2766 4405/3668/1386
f 4414/3684/1401 4399/3665/1383 4401/3664/1382
f 4418/3678/1396 4401/6837/2764 4398/3660/1378
f 4407/3675/1393 4410/3671/1389 4417/3679/1397
f 4410/3671/1389 4406/3673/1391 4414/6357/1401
f 4420/3690/1407 4422/3689/1406 4411/3674/1392
f 4411/3670/1388 4422/6843/2769 4419/3685/1402
f 4428/3700/1417 4413/3681/1399 4415/3680/1398
f 4415/6358/2677 4412/3676/1394 4426/3693/1410
f 4421/3692/1409 4424/3688/1405 4431/3696/1413
f 4424/3688/1405 4420/3690/1407 4428/3700/1417
f 4421/3692/1409 4434/3706/1423 4436/3705/1422
f 4436/6359/2678 4433/3701/1418 4419/3685/1402
f 4442/3717/1433 4427/3698/1415 4429/3697/1414
f 4429/6360/2679 4426/3693/1410 4440/3710/1426
f 4435/6361/1425 4438/3704/1421 4445/3713/1429
f 4438/3704/1421 4434/3706/1423 4442/3717/1433
f 4448/3723/1439 4450/3722/1438 4439/3707/1424
f 4450/6362/2680 4447/3718/1434 4433/3701/1418
f 4456/3733/1449 4441/6606/1431 4443/6363/1430
f 4443/6364/2681 4440/3710/1426 4454/3726/1442
f 4449/3725/1441 4452/3721/1437 4459/3729/1445
f 4452/3721/1437 4448/3723/1439 4456/3733/1449
f 4462/3739/1455 4464/3738/1454 4453/3724/1440
f 4464/6365/2682 4461/3734/1450 4447/3718/1434
f 4455/3731/1447 4457/3730/1446 4474/3748/1464
f 4457/6366/2683 4454/3726/1442 4468/3742/1458
f 4463/3741/1457 4466/3737/1453 4473/3745/1461
f 4466/3737/1453 4462/3739/1455 4470/3749/1465
f 4463/3741/1457 4476/3755/1471 4478/3754/1470
f 4467/3736/1452 4478/6853/2778 4475/3750/1466
f 4469/3747/1463 4471/3746/1462 4488/6367/1480
f 4471/6369/2684 4468/3742/1458 4482/3759/1474
f 4477/3758/1473 4480/3757/1469 4487/3762/1477
f 4480/3757/1469 4476/7007/1471 4484/3766/1481
f 4477/3758/1473 4350/3608/1327 4352/3607/1326
f 4481/3752/1468 4352/6825/2753 4349/3603/1322
f 4358/3618/1337 4483/3764/1479 4485/3763/1478
f 4485/6370/2685 4482/3759/1474 4356/3611/1330
f 4504/3788/1503 4506/3787/1502 4495/6371/2686
f 4495/3769/1484 4506/6857/2781 4503/3783/1498
f 4512/3800/1513 4497/3778/1493 4499/3780/1495
f 4499/6372/2687 4496/3775/1490 4510/3792/1506
f 4490/3770/1485 4498/3781/1496 4501/3782/1497
f 4501/3782/1497 4497/3778/1493 4491/3773/1488
f 4505/3791/1505 4508/3790/1501 4515/3795/1509
f 4508/3786/1501 4504/3788/1503 4512/3800/1513
f 4518/3806/1519 4520/3805/1518 4509/3789/1504
f 4509/3785/1500 4520/6863/2785 4517/3801/1514
f 4511/3797/1511 4513/3796/1510 4530/6373/2688
f 4530/3811/1524 4513/6860/2783 4510/3792/1506
f 4525/3812/1525 4519/3808/1521 4522/3804/1517
f 4522/3804/1517 4518/3806/1519 4526/3815/1528
f 4519/3808/1521 4532/3822/1535 4534/3821/1534
f 4534/6374/2689 4531/3817/1530 4517/3801/1514
f 4540/3834/1545 4525/3812/1525 4527/3814/1527
f 4527/6375/2690 4524/3809/1522 4538/3826/1538
f 4533/3825/1537 4536/3824/1533 4543/3829/1541
f 4536/3820/1533 4532/3822/1535 4540/3834/1545
f 4546/3840/1551 4548/3839/1550 4537/3823/1536
f 4537/3819/1532 4548/6869/2789 4545/3835/1546
f 4554/3850/1561 4539/3831/1543 4541/3830/1542
f 4541/6376/2691 4538/3826/1538 4552/3843/1554
f 4547/3842/1553 4550/3838/1549 4557/3846/1557
f 4550/3838/1549 4546/3840/1551 4554/3850/1561
f 4547/3842/1553 4560/3854/1565 4562/3856/1567
f 4562/6377/2692 4559/3851/1562 4545/3835/1546
f 4568/3868/1577 4553/3848/1559 4555/3847/1558
f 4555/6378/2693 4552/3843/1554 4566/3860/1570
f 4561/3857/1568 4564/3859/1569 4571/3863/1573
f 4571/3867/1573 4564/6872/1569 4560/3854/1565
f 4561/3857/1568 4574/3872/1581 4576/3873/1583
f 4576/6380/2695 4573/6383/1578 4559/3851/1562
f 4567/3865/1575 4569/3864/1574 4586/3882/1592
f 4569/6381/2696 4566/3860/1570 4580/3876/1586
f 4575/3874/1584 4578/3875/1585 4585/3879/1589
f 4585/3879/1589 4578/3875/1585 4574/3872/1581
f 4588/3889/1599 4590/3888/1598 4579/3871/2697
f 4579/6382/1580 4590/6876/2794 4587/3884/1594
f 4596/3901/1609 4581/3881/1591 4583/3880/1590
f 4583/6384/2698 4580/3876/1586 4594/3893/1602
f 4589/3892/1601 4592/3891/1597 4599/3896/1605
f 4599/3900/1605 4592/3887/1597 4588/3889/1599
f 4589/3892/1601 4490/3770/1485 4492/3772/1487
f 4492/6385/2699 4489/3767/1482 4587/3884/1594
f 4595/3898/1607 4597/3897/1606 4502/6386/2700
f 4502/3777/1492 4597/6879/2796 4594/3893/1602
f 919/1206/638 765/1031/462 779/1047/478
f 779/1047/478 793/1063/494 807/1079/510
f 807/1079/510 821/1095/526 835/1111/542
f 835/1111/542 849/1127/558 863/1143/574
f 863/1143/574 877/1159/590 891/3923/606
f 891/3923/606 905/1190/622 919/1206/638
f 919/1206/638 779/1047/478 807/1079/510
f 807/1079/510 835/1111/542 863/1143/574
f 863/1143/574 891/3923/606 919/1206/638
f 773/1044/475 788/1062/493 780/1052/483
f 927/1219/651 774/1046/477 766/1036/467
f 800/1071/502 786/1055/486 772/1039/470
f 772/1039/470 926/1214/646 912/1198/630
f 912/1198/630 898/1182/614 884/1167/598
f 884/1167/598 870/1151/582 856/1135/566
f 856/1135/566 842/1119/550 828/1103/534
f 828/1103/534 814/1087/518 800/1071/502
f 800/1071/502 772/1039/470 912/1198/630
f 912/1198/630 884/1167/598 856/1135/566
f 856/1135/566 828/1103/534 800/1071/502
f 787/1060/491 802/7008/509 794/3903/499
f 801/1076/507 816/1094/525 808/1084/515
f 815/1092/523 830/1110/541 822/1100/531
f 829/6387/539 844/1126/557 836/1116/547
f 843/1124/555 858/1142/573 850/1132/563
f 851/1134/565 857/1140/571 872/1158/589
f 871/1156/587 886/3921/605 878/6388/595
f 885/1172/603 900/1189/621 892/1180/611
f 899/1187/619 914/1205/637 906/1195/627
f 913/3930/635 928/1221/653 920/1211/643
f 1011/4051/1737 933/3938/1632 939/3949/1643
f 939/3949/1643 945/3958/1651 951/3967/1659
f 951/3967/1659 957/3975/1667 963/3984/1675
f 963/3984/1675 969/3983/1674 975/4001/1691
f 975/4001/1691 981/4000/1690 987/4018/1707
f 987/4018/1707 993/4027/1715 999/4035/1723
f 999/4035/1723 1005/4034/1722 1011/4051/1737
f 1011/4051/1737 939/3949/1643 951/3967/1659
f 951/3967/1659 963/3984/1675 975/4001/1691
f 975/4001/1691 987/4018/1707 999/4035/1723
f 999/4035/1723 1011/4051/1737 951/3967/1659
f 937/3940/1634 943/3942/1636 940/3947/1641
f 1015/4047/1733 937/3940/1634 934/3934/1628
f 948/3953/1647 942/3945/1639 936/3944/1638
f 936/3944/1638 1014/4048/1734 1008/4038/1726
f 1008/4038/1726 1002/4030/1718 996/4022/1710
f 996/4022/1710 990/4012/1702 984/4004/1694
f 984/4004/1694 978/3996/1686 972/3988/1678
f 972/3988/1678 966/3978/1670 960/3971/1663
f 960/3971/1663 954/3963/1655 948/3953/1647
f 948/3953/1647 936/3944/1638 1008/4038/1726
f 1008/4038/1726 996/4022/1710 984/4004/1694
f 984/4004/1694 972/3988/1678 960/3971/1663
f 960/3971/1663 948/3953/1647 1008/4038/1726
f 943/3942/1636 949/3951/1645 946/3946/1640
f 949/3959/1645 955/3961/1653 952/3954/1648
f 955/3961/1653 961/3969/1661 958/3964/1656
f 961/3969/1661 967/3977/1669 964/3972/1664
f 967/6390/1669 973/3985/1676 970/3980/1672
f 973/3985/1676 979/3995/1685 976/3990/1680
f 979/3995/1685 985/4003/1693 982/3998/1688
f 985/4003/1693 991/4011/1701 988/6391/1705
f 991/6392/1701 997/4019/1708 994/4014/1704
f 997/4019/1708 1003/4029/1717 1000/4024/1712
f 1003/4029/1717 1009/4037/1725 1006/6393/1729
f 1009/4045/1725 1015/4047/1733 1012/4040/1728
f 1095/4164/1737 1017/4059/1632 1023/4058/1643
f 1023/4058/1643 1029/4078/1651 1035/4087/1659
f 1035/4087/1659 1041/4095/1747 1047/4104/1675
f 1047/4104/1675 1053/4113/1674 1059/4112/1691
f 1059/4112/1691 1065/4121/1690 1071/4138/1707
f 1071/4138/1707 1077/4147/1715 1083/4146/1723
f 1083/4146/1723 1089/4155/1722 1095/4164/1737
f 1095/4164/1737 1023/4058/1643 1035/4087/1659
f 1035/4087/1659 1047/4104/1675 1059/4112/1691
f 1059/4112/1691 1071/4138/1707 1083/4146/1723
f 1083/4146/1723 1095/4164/1737 1035/4087/1659
f 1021/4060/1634 1027/4062/1636 1024/4054/1641
f 1099/4167/1733 1021/4060/1634 1018/4056/1628
f 1032/4072/1647 1026/4064/1639 1020/4173/1638
f 1020/4173/1638 1098/4168/1734 1092/4158/1726
f 1092/4158/1726 1086/4150/1749 1080/4142/1710
f 1080/4142/1710 1074/4133/1702 1068/4124/1694
f 1068/4124/1694 1062/4117/1686 1056/4109/1678
f 1056/4109/1678 1050/4099/1670 1044/4090/1745
f 1044/4090/1745 1038/4083/1743 1032/4072/1647
f 1032/4072/1647 1020/4173/1638 1092/4158/1726
f 1092/4158/1726 1080/4142/1710 1068/4124/1694
f 1068/4124/1694 1056/4109/1678 1044/4090/1745
f 1044/4090/1745 1032/4072/1647 1092/4158/1726
f 1027/4062/1636 1033/4071/1645 1030/6394/1640
f 1033/6395/1645 1039/4079/1653 1036/4074/1648
f 1039/4079/1653 1045/4089/1661 1042/4084/1656
f 1045/4089/1661 1051/4097/1669 1048/4092/1664
f 1051/4105/1669 1057/4107/1676 1054/4100/1672
f 1057/4107/1676 1063/4115/1685 1060/4110/1680
f 1063/4115/1685 1069/4122/1693 1066/4118/1688
f 1069/4122/1693 1075/4131/1701 1072/6396/1705
f 1075/6397/1701 1081/4139/1708 1078/4134/1704
f 1081/4139/1708 1087/4149/1717 1084/4144/1712
f 1087/4149/1717 1093/4157/1725 1090/6398/1729
f 1093/4165/1725 1099/4167/1733 1096/4160/1728
f 1179/4291/1737 1101/4179/1632 1107/4178/1643
f 1107/4178/1643 1113/4198/1651 1119/4207/1659
f 1119/4207/1659 1125/4215/1667 1131/4224/1675
f 1131/4224/1675 1137/4223/1674 1143/4233/1691
f 1143/4233/1691 1149/4249/1690 1155/4248/1707
f 1155/4248/1707 1161/4267/1715 1167/4275/1723
f 1167/4275/1723 1173/4274/1722 1179/4291/1737
f 1179/4291/1737 1107/4178/1643 1119/4207/1659
f 1119/4207/1659 1131/4224/1675 1143/4233/1691
f 1143/4233/1691 1155/4248/1707 1167/4275/1723
f 1167/4275/1723 1179/4291/1737 1119/4207/1659
f 1105/4180/1634 1111/4182/1636 1108/4174/1641
f 1183/4287/1733 1105/4180/1634 1102/4176/1628
f 1116/4192/1647 1110/4184/1639 1104/4293/1638
f 1104/4293/1638 1182/4289/1734 1176/4278/1726
f 1176/4278/1726 1170/4270/1749 1164/4263/1710
f 1164/4263/1710 1158/4252/1702 1152/4244/1694
f 1152/4244/1694 1146/4237/1686 1140/4228/1678
f 1140/4228/1678 1134/4218/1670 1128/4210/1745
f 1128/4210/1745 1122/4203/1743 1116/4192/1647
f 1116/4192/1647 1104/4293/1638 1176/4278/1726
f 1176/4278/1726 1164/4263/1710 1152/4244/1694
f 1152/4244/1694 1140/4228/1678 1128/4210/1745
f 1128/4210/1745 1116/4192/1647 1176/4278/1726
f 1111/4182/1636 1117/4191/1645 1114/6399/1640
f 1117/4199/1645 1123/4201/1653 1120/4194/1648
f 1123/4201/1653 1129/4209/1661 1126/4204/1656
f 1129/4209/1661 1135/4216/1669 1132/4212/1664
f 1135/4225/1669 1141/4227/1676 1138/4220/1672
f 1141/4227/1676 1147/4234/1685 1144/4230/1680
f 1147/4234/1685 1153/4242/1693 1150/4238/1688
f 1153/4242/1693 1159/4251/1701 1156/4246/1705
f 1159/6400/1701 1165/4259/1708 1162/4254/1704
f 1165/4259/1708 1171/4269/1717 1168/4264/1712
f 1171/4269/1717 1177/4277/1725 1174/4272/1729
f 1177/4285/1725 1183/4287/1733 1180/4280/1728
f 1263/4403/1737 1185/4299/1632 1191/4298/1643
f 1191/4298/1643 1197/4309/1651 1203/4327/1659
f 1203/4327/1659 1209/4335/1667 1215/4334/1675
f 1215/4334/1675 1221/4353/1674 1227/4361/1691
f 1227/4361/1691 1233/4369/1690 1239/4378/1707
f 1239/4378/1707 1245/4387/1715 1251/4395/1723
f 1251/4395/1723 1257/4404/1722 1263/4403/1737
f 1263/4403/1737 1191/4298/1643 1203/4327/1659
f 1203/4327/1659 1215/4334/1675 1227/4361/1691
f 1227/4361/1691 1239/4378/1707 1251/4395/1723
f 1251/4395/1723 1263/4403/1737 1203/4327/1659
f 1189/4300/1634 1195/4302/1636 1192/4294/1641
f 1267/4405/1733 1189/4300/1634 1186/4296/1628
f 1200/4312/1647 1194/4304/1639 1188/4413/1638
f 1188/4413/1638 1266/4408/1734 1260/4398/1726
f 1260/4398/1726 1254/4390/1749 1248/4382/1710
f 1248/4382/1710 1242/4372/1702 1236/4365/1694
f 1236/4365/1694 1230/4356/1686 1224/4348/1678
f 1224/4348/1678 1218/4338/1670 1212/4330/1663
f 1212/4330/1663 1206/4322/1655 1200/4312/1647
f 1200/4312/1647 1188/4413/1638 1260/4398/1726
f 1260/4398/1726 1248/4382/1710 1236/4365/1694
f 1236/4365/1694 1224/4348/1678 1212/4330/1663
f 1212/4330/1663 1200/4312/1647 1260/4398/1726
f 1195/4302/1636 1201/4311/1645 1198/4306/1640
f 1201/4319/1645 1207/4321/1653 1204/4314/1648
f 1207/4321/1653 1213/4329/1661 1210/4324/1656
f 1213/4329/1661 1219/4337/1669 1216/6401/1664
f 1219/6402/1669 1225/4345/1676 1222/4340/1672
f 1225/4345/1676 1231/4355/1685 1228/4358/1680
f 1231/4355/1685 1237/4363/1693 1234/4367/1688
f 1237/4363/1693 1243/4371/1701 1240/4366/1705
f 1243/4379/1701 1249/4381/1708 1246/4374/1704
f 1249/4381/1708 1255/4389/1717 1252/4384/1712
f 1255/4389/1717 1261/4397/1725 1258/4392/1729
f 1261/6403/1725 1267/4405/1733 1264/4400/1728
f 1311/1276/708 1297/1258/690 1269/1222/654
f 1278/1237/669 1292/1255/687 1284/1243/675
f 1305/1270/702 1276/1231/663 1270/1225/657
f 1290/1249/681 1277/1234/666 1304/1267/699
f 1291/1252/684 1320/1291/723 1312/1279/711
f 1319/1288/720 1306/1273/705 1298/1261/693
f 1367/1348/708 1353/1330/690 1325/1294/654
f 1334/1309/669 1348/1327/687 1340/1315/675
f 1361/1342/702 1332/1303/663 1326/1297/657
f 1346/1321/681 1333/1306/666 1360/1339/699
f 1347/1324/684 1376/1363/723 1368/1351/711
f 1375/1360/720 1362/1345/705 1354/1333/693
f 1423/1420/708 1409/1402/690 1381/1366/654
f 1390/1381/669 1404/1399/687 1396/1387/675
f 1417/1414/702 1388/1375/663 1382/1369/657
f 1402/1393/681 1389/1378/666 1416/1411/699
f 1403/1396/684 1432/1435/723 1424/1423/711
f 1431/1432/720 1418/1417/705 1410/1405/693
f 1479/1492/708 1465/1474/690 1437/1438/654
f 1446/1453/669 1460/1471/687 1452/1459/675
f 1473/1486/702 1444/1447/663 1438/1441/657
f 1458/1465/681 1445/1450/666 1472/1483/699
f 1459/1468/684 1488/1507/723 1480/1495/711
f 1487/1504/720 1474/1489/705 1466/1477/693
f 1571/4611/1887 1493/4507/1790 1499/4506/1789
f 1499/4506/1789 1505/4525/1808 1511/4524/1807
f 1511/4524/1807 1517/4539/1824 1523/4538/1823
f 1523/4538/1823 1529/4557/1840 1535/4565/1848
f 1535/4565/1848 1541/6909/1856 1547/7009/1855
f 1547/7009/1855 1553/7010/1864 1559/6404/1880
f 1559/6404/1880 1565/7011/1888 1571/4611/1887
f 1571/4611/1887 1499/4506/1789 1511/4524/1807
f 1511/4524/1807 1523/4538/1823 1535/4565/1848
f 1535/4565/1848 1547/7009/1855 1559/6404/1880
f 1559/6404/1880 1571/4611/1887 1511/4524/1807
f 1497/4612/1895 1503/4508/1791 1500/4515/1798
f 1572/4599/1885 1575/4604/1889 1497/4612/1895
f 1508/4520/1803 1502/4513/1796 1496/4512/1795
f 1496/4512/1795 1574/4607/1891 1568/4598/1884
f 1568/4598/1884 1562/4592/1875 1556/4586/1867
f 1556/4586/1867 1550/4577/1859 1544/4569/1852
f 1544/4569/1852 1538/4561/1844 1532/4553/1836
f 1532/4553/1836 1526/4552/1828 1520/6405/1819
f 1520/6405/1819 1514/7012/1811 1508/4520/1803
f 1508/4520/1803 1496/4512/1795 1568/4598/1884
f 1568/4598/1884 1556/4586/1867 1544/4569/1852
f 1544/4569/1852 1532/4553/1836 1520/6405/1819
f 1520/6405/1819 1508/4520/1803 1568/4598/1884
f 1500/4515/1798 1503/4508/1791 1509/4519/1802
f 1506/6406/1797 1509/4526/1802 1515/4528/1810
f 1515/4528/1810 1521/4535/1818 1518/6408/1813
f 1521/4535/1818 1527/4540/1825 1524/6409/1821
f 1524/4543/1821 1527/4548/1825 1533/4550/1834
f 1530/4555/1838 1533/4550/1834 1539/4559/1842
f 1539/4559/1842 1545/4566/1849 1542/4562/1845
f 1545/4566/1849 1551/4576/1858 1548/4570/1853
f 1551/6410/1858 1557/6411/1866 1554/4579/1861
f 1557/6411/1866 1563/6412/1874 1560/4587/1869
f 1563/6412/1874 1569/7013/1881 1566/4593/1877
f 1569/6413/1881 1575/4604/1889 1572/4599/1885
f 1655/4731/2006 1577/4618/1901 1583/4629/1912
f 1583/4629/1912 1589/4638/1920 1595/4637/1919
f 1595/4637/1919 1601/4655/1936 1607/4664/1944
f 1607/4664/1944 1613/4663/1943 1619/4673/1952
f 1619/4673/1952 1625/4681/1960 1631/4698/1976
f 1631/4698/1976 1637/4707/1984 1643/4715/1992
f 1643/4715/1992 1649/4724/2000 1655/4731/2006
f 1655/4731/2006 1583/4629/1912 1595/4637/1919
f 1595/4637/1919 1607/4664/1944 1619/4673/1952
f 1619/4673/1952 1631/4698/1976 1643/4715/1992
f 1643/4715/1992 1655/4731/2006 1595/4637/1919
f 1581/4732/2007 1587/4620/1903 1584/4614/1897
f 1656/4720/1997 1659/4725/2001 1581/4732/2007
f 1592/4633/1916 1586/4624/1907 1580/4733/2008
f 1580/4733/2008 1658/4728/2003 1652/4719/1996
f 1652/4719/1996 1646/4710/1987 1640/4702/1979
f 1640/4702/1979 1634/4693/1972 1628/4685/1964
f 1628/4685/1964 1622/4676/1955 1616/4669/1948
f 1616/4669/1948 1610/4659/1940 1604/4650/1931
f 1604/4650/1931 1598/4642/1923 1592/4633/1916
f 1592/4633/1916 1580/4733/2008 1652/4719/1996
f 1652/4719/1996 1640/4702/1979 1628/4685/1964
f 1628/4685/1964 1616/4669/1948 1604/4650/1931
f 1604/4650/1931 1592/4633/1916 1652/4719/1996
f 1587/4620/1903 1593/4631/1914 1590/4626/1909
f 1593/4639/1914 1599/4641/1922 1596/4634/1917
f 1599/4641/1922 1605/4649/1930 1602/4644/1925
f 1602/4644/1925 1605/4649/1930 1611/4657/1938
f 1611/6414/1938 1617/4665/1945 1614/4660/1941
f 1614/4660/1941 1617/4665/1945 1623/4675/1954
f 1623/4675/1954 1629/4682/1961 1626/4678/1957
f 1629/4682/1961 1635/4691/1970 1632/4686/1965
f 1632/4696/1965 1635/4699/1970 1641/4701/1978
f 1641/4701/1978 1647/4709/1986 1644/4704/1981
f 1647/4709/1986 1653/4716/1993 1650/4712/1989
f 1653/6415/1993 1659/4725/2001 1656/4720/1997
f 1679/6416/737 1661/1510/726 1663/1512/728
f 1663/1512/728 475/691/215 477/696/219
f 477/696/219 1680/7014/736 1679/6416/737
f 1818/4849/2089 1814/4851/798 1662/4739/729
f 1661/4736/726 1679/1521/737 1683/4751/2019
f 1662/1513/729 1814/1586/798 1816/1588/800
f 1816/1588/800 493/689/214 475/691/215
f 475/691/215 1663/1512/728 1662/1513/729
f 1821/4854/2091 1818/4849/2089 1666/4738/2010
f 1665/4734/2009 1683/4751/2019 1686/4754/2022
f 1821/4854/2091 1669/4743/2013 1672/4749/2017
f 1671/6418/2016 1668/6417/2011 1686/4754/2022
f 1824/4859/2095 1672/4749/2017 1674/6420/730
f 1675/1517/733 1671/4746/2016 1689/4759/2026
f 476/694/217 494/693/216 1829/1592/804
f 1829/1592/804 1828/1593/805 1674/1514/730
f 1674/1514/730 1676/1516/732 476/694/217
f 478/695/218 476/694/217 1676/1516/732
f 1676/1516/732 1675/1517/733 1691/1522/738
f 1691/1522/738 1693/1524/740 478/695/218
f 1696/1529/745 1678/1518/734 1680/1520/736
f 1680/1520/736 477/7015/219 479/6422/220
f 479/6422/220 1697/1528/744 1696/1529/745
f 1682/4750/2018 1678/1518/734 1696/1529/745
f 1682/4750/2018 1700/4761/2028 1703/4764/2031
f 1688/6423/2025 1685/4752/2020 1703/4764/2031
f 1692/6425/741 1688/6423/2025 1706/6424/2035
f 480/698/221 478/695/218 1693/1524/740
f 1693/1524/740 1692/1525/741 1708/1530/746
f 1708/1530/746 1710/1532/748 480/698/221
f 1713/1537/753 1695/7016/742 1697/6427/744
f 1697/6427/744 479/697/220 481/699/222
f 481/699/222 1714/1536/752 1713/1537/753
f 1695/1526/742 1713/4775/753 1717/4774/2037
f 1702/4762/2029 1699/4760/2027 1717/4774/2037
f 1702/4762/2029 1720/6428/2040 1723/6429/2044
f 1709/1533/749 1705/4767/2034 1723/4784/2044
f 482/700/223 480/698/221 1710/1532/748
f 1710/1532/748 1709/1533/749 1725/1538/754
f 1725/1538/754 1727/1540/756 482/700/223
f 1730/1545/761 1712/1534/750 1714/1536/752
f 1714/1536/752 481/699/222 483/701/224
f 483/701/224 1731/1544/760 1730/1545/761
f 1712/4772/750 1730/4790/761 1734/4789/2046
f 1716/4770/2036 1734/4789/2046 1737/4793/2049
f 1722/4782/2043 1719/4776/2038 1737/4793/2049
f 1722/4782/2043 1740/4798/2052 1742/6431/762
f 484/702/225 482/700/223 1727/1540/756
f 1727/1540/756 1726/1541/757 1742/1546/762
f 1742/1546/762 1744/1548/764 484/702/225
f 1747/1553/769 1729/1542/758 1731/1544/760
f 1731/1544/760 483/701/224 485/704/227
f 485/704/227 1748/1552/768 1747/1553/769
f 1733/4786/2045 1729/4788/758 1747/4802/769
f 1733/4786/2045 1751/4801/2054 1754/4806/2057
f 1736/4791/2047 1754/4806/2057 1757/4812/2061
f 1739/4796/2051 1757/4812/2061 1759/6433/770
f 486/703/226 484/702/225 1744/1548/764
f 1744/1548/764 1743/1549/765 1759/1554/770
f 1759/1554/770 1761/1556/772 486/703/226
f 1764/1563/777 1746/1550/766 1748/1552/768
f 1748/1552/768 485/704/227 487/705/228
f 487/705/228 1765/1562/776 1764/1563/777
f 1746/1550/766 1764/1563/777 1768/4814/2063
f 1753/6435/2055 1750/7017/2053 1768/4819/2063
f 1753/6435/2055 1771/4818/2066 1774/4823/2070
f 1756/4809/2060 1774/4823/2070 1776/1564/778
f 488/6436/229 486/7018/226 1761/1559/772
f 1761/1559/772 1760/1558/773 1776/1564/778
f 1776/1564/778 1778/1566/780 488/6436/229
f 1781/1571/785 1763/1560/774 1765/1562/776
f 1765/1562/776 487/705/228 489/707/230
f 489/707/230 1782/1570/784 1781/1571/785
f 1763/1560/774 1781/1571/785 1785/4825/2072
f 1770/4815/2064 1767/4817/2062 1785/4830/2072
f 1770/4815/2064 1788/4829/2075 1791/4834/2079
f 1773/4822/2069 1791/4834/2079 1793/1572/786
f 490/6437/231 488/6436/229 1778/1566/780
f 1778/1566/780 1777/1567/781 1793/1572/786
f 1793/1572/786 1795/1574/788 490/6437/231
f 1798/1579/793 1780/1568/782 1782/1570/784
f 1782/1570/784 489/707/230 491/709/232
f 491/709/232 1799/1578/792 1798/1579/793
f 1784/4824/2071 1780/1568/782 1798/1579/793
f 1784/4828/2071 1802/7019/2081 1805/6438/2084
f 1790/4833/2078 1787/4826/2073 1805/6438/2084
f 1790/4833/2078 1808/4847/2088 1810/1580/794
f 492/6439/233 490/6437/231 1795/1574/788
f 1795/1574/788 1794/1575/789 1810/1580/794
f 1810/1580/794 1812/1582/796 492/6439/233
f 1815/1589/801 1797/1576/790 1799/1578/792
f 1799/1578/792 491/709/232 493/689/214
f 493/689/214 1816/1588/800 1815/1589/801
f 1797/4837/790 1815/4853/801 1819/4852/2090
f 1801/4835/2080 1819/4852/2090 1822/4856/2093
f 1807/4845/2087 1804/4839/2082 1822/4856/2093
f 1811/6440/797 1807/4845/2087 1825/4861/2096
f 494/693/216 492/710/233 1812/1585/796
f 1812/1585/796 1811/1584/797 1827/1590/802
f 1827/1590/802 1829/1592/804 494/693/216
f 1849/6442/737 1831/1594/726 1833/1596/728
f 1833/1596/728 497/713/215 499/718/219
f 499/718/219 1850/7020/736 1849/6442/737
f 1988/4977/2097 1984/4979/798 1832/4867/729
f 1835/4862/2009 1831/4864/726 1849/1605/737
f 1832/1597/729 1984/1670/798 1986/1672/800
f 1986/1672/800 515/711/214 497/713/215
f 497/713/215 1833/1596/728 1832/1597/729
f 1988/4977/2097 1836/4866/2010 1839/4871/2013
f 1835/4862/2009 1853/4879/2019 1856/4882/2022
f 1991/4982/2091 1839/4871/2013 1842/4877/2017
f 1838/6443/2011 1856/4882/2022 1859/6444/2026
f 1994/4987/2095 1842/4877/2017 1844/6446/730
f 1841/4874/2016 1859/4887/2026 1861/1606/738
f 498/716/217 516/715/216 1999/1676/804
f 1999/1676/804 1998/1677/805 1844/1598/730
f 1844/1598/730 1846/1600/732 498/716/217
f 500/717/218 498/716/217 1846/1600/732
f 1846/1600/732 1845/1601/733 1861/1606/738
f 1861/1606/738 1863/1608/740 500/717/218
f 1866/1613/745 1848/1602/806 1850/1604/736
f 1850/1604/736 499/7021/219 501/6448/220
f 501/6448/220 1867/1612/744 1866/1613/745
f 1848/1602/806 1866/1613/745 1870/4889/2028
f 1852/4878/2018 1870/4889/2028 1873/4892/2031
f 1858/6449/2025 1855/4880/2020 1873/4892/2031
f 1858/6449/2025 1876/6450/2035 1878/6451/746
f 502/720/221 500/717/218 1863/1608/740
f 1863/1608/740 1862/1609/741 1878/1614/746
f 1878/1614/746 1880/1616/748 502/720/221
f 1883/1621/753 1865/7022/742 1867/6453/744
f 1867/6453/744 501/719/220 503/721/222
f 503/721/222 1884/1620/752 1883/1621/753
f 1869/4888/2027 1865/1610/742 1883/4903/753
f 1872/4890/2029 1869/4888/2027 1887/4902/2037
f 1872/4890/2029 1890/6454/2040 1893/6455/2044
f 1879/1617/749 1875/4895/2034 1893/4912/2044
f 504/722/223 502/720/221 1880/1616/748
f 1880/1616/748 1879/1617/749 1895/1622/754
f 1895/1622/754 1897/1624/756 504/722/223
f 1900/1629/761 1882/1618/750 1884/1620/752
f 1884/1620/752 503/721/222 505/723/224
f 505/723/224 1901/1628/760 1900/1629/761
f 1882/4900/750 1900/4918/761 1904/4917/2046
f 1886/4898/2036 1904/4917/2046 1907/4921/2049
f 1889/4904/2038 1907/4921/2049 1910/4926/2052
f 1892/4910/2043 1910/4926/2052 1912/6457/762
f 506/724/225 504/722/223 1897/1624/756
f 1897/1624/756 1896/1625/757 1912/1630/762
f 1912/1630/762 1914/1632/764 506/724/225
f 1917/1637/769 1899/1626/758 1901/1628/760
f 1901/1628/760 505/723/224 507/726/227
f 507/726/227 1918/1636/768 1917/1637/769
f 1899/4916/758 1917/4930/769 1921/4929/2054
f 1903/4914/2045 1921/4929/2054 1924/4934/2057
f 1906/4919/2047 1924/4934/2057 1927/4940/2061
f 1909/4924/2051 1927/4940/2061 1929/6459/770
f 508/725/226 506/724/225 1914/1632/764
f 1914/1632/764 1913/1633/765 1929/1638/770
f 1929/1638/770 1931/1640/772 508/725/226
f 1934/1647/777 1916/1634/766 1918/1636/768
f 1918/1636/768 507/726/227 509/727/228
f 509/727/228 1935/1646/776 1934/1647/777
f 1916/1634/766 1934/1647/777 1938/4942/2063
f 1923/6461/2055 1920/7023/2053 1938/4947/2063
f 1923/6461/2055 1941/4946/2066 1944/4951/2070
f 1930/1642/773 1926/4937/2060 1944/4951/2070
f 510/6462/229 508/7024/226 1931/1643/772
f 1931/1643/772 1930/1642/773 1946/1648/778
f 1946/1648/778 1948/1650/780 510/6462/229
f 1951/1655/808 1933/1644/807 1935/1646/776
f 1935/1646/776 509/727/228 511/729/230
f 511/729/230 1952/1654/784 1951/1655/808
f 1937/4941/2062 1933/1644/807 1951/1655/808
f 1940/4943/2064 1937/4945/2062 1955/4958/2072
f 1940/4943/2064 1958/4957/2075 1961/4962/2079
f 1947/1651/781 1943/4950/2069 1961/4962/2079
f 512/6463/231 510/6462/229 1948/1650/780
f 1948/1650/780 1947/1651/781 1963/1656/786
f 1963/1656/786 1965/1658/788 512/6463/231
f 1968/1663/793 1950/1652/782 1952/1654/784
f 1952/1654/784 511/729/230 513/731/232
f 513/731/232 1969/1662/792 1968/1663/793
f 1950/1652/782 1968/1663/793 1972/4966/2081
f 1954/4956/2071 1972/7025/2081 1975/6464/2084
f 1960/4961/2078 1957/4954/2073 1975/6464/2084
f 1960/4961/2078 1978/4975/2088 1980/1664/794
f 514/6465/233 512/6463/231 1965/1658/788
f 1965/1658/788 1964/1659/789 1980/1664/794
f 1980/1664/794 1982/1666/796 514/6465/233
f 1985/1673/801 1967/1660/790 1969/1662/792
f 1969/1662/792 513/731/232 515/711/214
f 515/711/214 1986/1672/800 1985/1673/801
f 1967/4965/790 1985/4981/801 1989/4980/2090
f 1971/4963/2080 1989/4980/2090 1992/4984/2093
f 1977/4973/2087 1974/4967/2082 1992/4984/2093
f 1977/4973/2087 1995/4989/2096 1997/6466/802
f 516/715/216 514/732/233 1982/1669/796
f 1982/1669/796 1981/1668/797 1997/1674/802
f 1997/1674/802 1999/1676/804 516/715/216
f 2079/5101/2207 2001/4995/2103 2007/4994/2102
f 2007/4994/2102 2013/5013/2121 2019/5023/2129
f 2019/5023/2129 2025/5031/2137 2031/5030/2136
f 2031/5030/2136 2037/5039/2145 2043/5048/2153
f 2043/5048/2153 2049/5064/2169 2055/5063/2168
f 2055/5063/2168 2061/7026/2185 2067/6468/2193
f 2067/6468/2193 2073/5093/2192 2079/5101/2207
f 2079/5101/2207 2007/4994/2102 2019/5023/2129
f 2019/5023/2129 2031/5030/2136 2043/5048/2153
f 2043/5048/2153 2055/5063/2168 2067/6468/2193
f 2067/6468/2193 2079/5101/2207 2019/5023/2129
f 2005/5102/2208 2011/4996/2104 2008/4990/2098
f 2083/5097/2203 2005/5102/2208 2002/4992/2100
f 2016/5009/2117 2010/5000/2108 2004/5103/2209
f 2004/5103/2209 2082/5098/2204 2076/5088/2197
f 2076/5088/2197 2070/5082/2189 2064/5076/2181
f 2064/5076/2181 2058/5067/2172 2052/5060/2165
f 2052/5060/2165 2046/5051/2156 2040/5043/2148
f 2040/5043/2148 2034/5034/2140 2028/5026/2132
f 2028/5026/2132 2022/5017/2124 2016/5009/2117
f 2016/5009/2117 2004/5103/2209 2076/5088/2197
f 2076/5088/2197 2064/5076/2181 2052/5060/2165
f 2052/5060/2165 2040/5043/2148 2028/5026/2132
f 2028/5026/2132 2016/5009/2117 2076/5088/2197
f 2008/4990/2098 2011/4996/2104 2017/5007/2115
f 2017/6469/2115 2023/5014/2122 2020/5021/2118
f 2023/5014/2122 2029/5025/2131 2026/5019/2126
f 2026/5019/2126 2029/5025/2131 2035/5033/2139
f 2035/6472/2139 2041/5040/2146 2038/5036/2142
f 2041/5040/2146 2047/5050/2155 2044/5045/2150
f 2047/5050/2155 2053/5058/2163 2050/5062/2167
f 2053/5058/2163 2059/5065/2170 2056/5061/2166
f 2059/6473/2170 2065/6474/2178 2062/5069/2174
f 2065/6474/2178 2071/7027/2187 2068/5077/2182
f 2068/5077/2182 2071/7027/2187 2077/6475/2194
f 2077/5095/2194 2083/5097/2203 2080/5089/2198
f 2163/5213/2312 2085/5108/2214 2091/5119/2225
f 2091/5119/2225 2097/5118/2224 2103/5137/2241
f 2103/5137/2241 2109/5145/2249 2115/5144/2248
f 2115/5144/2248 2121/5154/2257 2127/5163/2265
f 2127/5163/2265 2133/5179/2281 2139/5188/2289
f 2139/5188/2289 2145/5197/2297 2151/5205/2305
f 2151/5205/2305 2157/5214/2313 2163/5213/2312
f 2163/5213/2312 2091/5119/2225 2103/5137/2241
f 2103/5137/2241 2115/5144/2248 2127/5163/2265
f 2127/5163/2265 2139/5188/2289 2151/5205/2305
f 2151/5205/2305 2163/5213/2312 2103/5137/2241
f 2089/5110/2216 2095/5112/2218 2092/5116/2222
f 2164/5220/2318 2167/5215/2314 2089/5110/2216
f 2100/5123/2229 2094/5115/2221 2088/5114/2220
f 2088/5114/2220 2166/5218/2316 2160/5208/2308
f 2160/5208/2308 2154/5200/2300 2148/5193/2293
f 2148/5193/2293 2142/5183/2285 2136/5174/2276
f 2136/5174/2276 2130/5166/2268 2124/5158/2260
f 2124/5158/2260 2118/5148/2252 2112/5141/2245
f 2112/5141/2245 2106/5133/2237 2100/5123/2229
f 2100/5123/2229 2088/5114/2220 2160/5208/2308
f 2160/5208/2308 2148/5193/2293 2136/5174/2276
f 2136/5174/2276 2124/5158/2260 2112/5141/2245
f 2112/5141/2245 2100/5123/2229 2160/5208/2308
f 2092/5116/2222 2095/5112/2218 2101/5120/2226
f 2101/6478/2226 2107/5129/2234 2104/5135/2239
f 2107/5129/2234 2113/5139/2243 2110/5134/2238
f 2113/5139/2243 2119/5146/2250 2116/6479/2255
f 2116/5152/2255 2119/5155/2250 2125/5157/2259
f 2125/5157/2259 2131/5164/2266 2128/5160/2262
f 2128/5160/2262 2131/5164/2266 2137/5172/2274
f 2134/5176/2278 2137/5172/2274 2143/5181/2283
f 2140/5186/2287 2143/6946/2283 2149/5189/2290
f 2149/5189/2290 2155/5199/2299 2152/5194/2294
f 2152/5194/2294 2155/5199/2299 2161/5207/2307
f 2161/6482/2307 2167/5215/2314 2164/5220/2318
f 2190/1693/820 2172/1678/809 2174/1680/811
f 2174/1680/811 2169/7028/2399 2187/5251/2326
f 2187/5251/2326 2191/1692/819 2190/1693/820
f 2173/1682/812 2325/1766/881 2327/1768/883
f 2327/1768/883 2323/7029/2397 2169/6484/2399
f 2169/6484/2399 2174/1683/811 2173/1682/812
f 2329/5325/2391 2325/1766/881 2173/1682/812
f 2176/5224/2322 2172/1678/809 2190/1693/820
f 2329/5325/2391 2177/5225/2323 2179/1684/813
f 2176/5224/2322 2194/5229/2325 2196/6485/821
f 2184/5239/2333 2336/5331/2395 2334/6487/887
f 2334/6487/887 2333/7030/888 2179/6488/813
f 2179/6488/813 2181/1689/815 2184/5239/2333
f 2200/5237/2331 2184/5239/2333 2181/1689/815
f 2181/1689/815 2180/1688/816 2196/1694/821
f 2196/1694/821 2198/1696/823 2200/5237/2331
f 2207/1701/828 2189/1690/817 2191/1692/819
f 2191/1692/819 2187/5251/2326 2204/6490/2348
f 2204/6490/2348 2208/1700/827 2207/1701/828
f 2189/1690/817 2207/1701/828 2211/5243/2337
f 2193/5228/2324 2211/5243/2337 2213/6491/829
f 2217/5246/2338 2200/5237/2331 2198/1696/823
f 2198/1696/823 2197/1697/824 2213/1702/829
f 2213/1702/829 2215/1704/831 2217/5246/2338
f 2224/1710/836 2206/1698/825 2208/1700/827
f 2208/1700/827 2204/6490/2348 2221/6493/2358
f 2221/6493/2358 2225/1711/835 2224/1710/836
f 2206/1698/825 2224/1710/836 2228/5254/2344
f 2214/6494/832 2210/5242/2336 2228/5254/2344
f 2234/5265/2351 2217/5246/2338 2215/1704/831
f 2215/1704/831 2214/1705/832 2230/1712/837
f 2230/1712/837 2232/1714/839 2234/5265/2351
f 2241/1721/844 2223/1706/833 2225/1708/835
f 2225/1708/835 2221/7031/2358 2238/6496/2362
f 2238/6496/2362 2242/1720/843 2241/1721/844
f 2223/1706/833 2241/1721/844 2245/5263/2350
f 2227/5253/2343 2245/5263/2350 2247/1722/845
f 2251/6498/2404 2234/5265/2351 2232/1714/839
f 2232/1714/839 2231/7032/840 2247/6497/845
f 2247/6497/845 2249/7033/847 2251/6498/2404
f 2258/6500/852 2240/7034/841 2242/6499/843
f 2242/6499/843 2238/5280/2362 2255/5293/2371
f 2255/5293/2371 2259/1728/851 2258/6500/852
f 2244/5262/2349 2240/1718/841 2258/1730/852
f 2244/5262/2349 2262/5275/2360 2264/1732/853
f 2268/6501/2365 2251/7035/2404 2249/1724/847
f 2249/1724/847 2248/1725/848 2264/1732/853
f 2264/1732/853 2266/1734/855 2268/6501/2365
f 2275/1741/860 2257/1726/849 2259/1728/851
f 2259/1728/851 2255/5293/2371 2272/5292/2370
f 2272/5292/2370 2276/1740/859 2275/1741/860
f 2261/5276/2359 2257/7036/849 2275/5288/860
f 2265/1736/856 2261/5276/2359 2279/5287/2367
f 2285/5297/2374 2268/6951/2365 2266/1737/855
f 2266/1737/855 2265/1736/856 2281/1742/861
f 2281/1742/861 2283/1744/863 2285/5297/2374
f 2292/1749/868 2274/1738/857 2276/1740/859
f 2276/1740/859 2272/5292/2370 2289/5309/2380
f 2289/5309/2380 2293/1748/867 2292/1749/868
f 2274/5286/857 2292/5303/868 2296/5302/2376
f 2278/5284/2366 2296/5302/2376 2298/1750/869
f 2302/5307/2379 2285/5297/2374 2283/1744/863
f 2283/1744/863 2282/1745/864 2298/1750/869
f 2298/1750/869 2300/1752/871 2302/5307/2379
f 2309/1758/876 2291/1746/865 2293/1748/867
f 2293/1748/867 2289/5309/2380 2306/5323/2389
f 2306/5323/2389 2310/1759/875 2309/1758/876
f 2291/5301/865 2309/7037/876 2313/5316/2384
f 2299/1753/872 2295/5299/2375 2313/5316/2384
f 2319/5321/2387 2302/5307/2379 2300/1752/871
f 2300/1752/871 2299/1753/872 2315/1760/877
f 2315/1760/877 2317/1762/879 2319/5321/2387
f 2326/6503/884 2308/7038/873 2310/1759/875
f 2310/1759/875 2306/5323/2389 2323/5333/2397
f 2323/5333/2397 2327/7039/883 2326/6503/884
f 2308/1754/873 2326/1769/884 2330/5326/2392
f 2316/1764/880 2312/5312/2383 2330/5326/2392
f 2336/6504/2395 2319/7040/2387 2317/1765/879
f 2317/1765/879 2316/1764/880 2332/1770/885
f 2332/1770/885 2334/1772/887 2336/6504/2395
f 2360/1789/820 2342/1774/809 2344/1776/811
f 2344/1776/811 2339/7041/2399 2357/5363/2326
f 2357/5363/2326 2361/1788/819 2360/1789/820
f 2343/1778/812 2495/1862/881 2497/1864/891
f 2497/1864/891 2493/7042/2397 2339/6506/2399
f 2339/6506/2399 2344/1779/811 2343/1778/812
f 2499/5438/2391 2495/1862/881 2343/1778/812
f 2346/5336/2322 2342/1774/809 2360/1789/820
f 2499/5438/2391 2347/5337/2323 2349/1780/813
f 2346/5336/2322 2364/5341/2325 2366/6507/821
f 2354/5350/2333 2506/5444/2395 2504/6509/887
f 2504/6509/887 2503/7043/888 2349/6510/813
f 2349/6510/813 2351/1785/815 2354/5350/2333
f 2370/5348/2331 2354/5350/2333 2351/1785/815
f 2351/1785/815 2350/1784/816 2366/1790/821
f 2366/1790/821 2368/1792/823 2370/5348/2331
f 2377/1797/828 2359/1786/817 2361/1788/819
f 2361/1788/819 2357/5363/2326 2374/5362/2348
f 2374/5362/2348 2378/1796/827 2377/1797/828
f 2363/5340/2324 2359/1786/817 2377/1797/828
f 2363/5340/2324 2381/5354/2337 2383/6512/829
f 2387/5357/2338 2370/5348/2331 2368/1792/823
f 2368/1792/823 2367/1793/824 2383/1798/829
f 2383/1798/829 2385/1800/831 2387/5357/2338
f 2394/1806/836 2376/1794/825 2378/1796/827
f 2378/1796/827 2374/5362/2348 2391/6514/2358
f 2391/6514/2358 2395/1807/835 2394/1806/836
f 2380/5353/2401 2376/1794/825 2394/1806/836
f 2384/6515/832 2380/5353/2401 2398/5365/2344
f 2404/5379/2405 2387/5357/2338 2385/1800/831
f 2385/1800/831 2384/1801/832 2400/1808/837
f 2400/1808/837 2402/1810/839 2404/5379/2405
f 2411/1817/844 2393/1802/833 2395/1804/835
f 2395/1804/835 2391/7044/2358 2408/6517/2362
f 2408/6517/2362 2412/1816/843 2411/1817/844
f 2393/1802/833 2411/1817/844 2415/5376/2350
f 2397/5364/2343 2415/5376/2350 2417/1818/845
f 2421/5378/2404 2404/5379/2405 2402/1810/839
f 2402/1810/839 2401/7045/840 2417/6518/845
f 2417/6518/845 2419/7046/889 2421/5378/2404
f 2428/6520/852 2410/7047/841 2412/6519/843
f 2412/6519/843 2408/5392/2362 2425/5391/2371
f 2425/5391/2371 2429/1824/851 2428/6520/852
f 2410/1814/841 2428/1826/852 2432/5386/2360
f 2414/5375/2349 2432/5386/2360 2434/1828/853
f 2438/6521/2365 2421/7048/2404 2419/1820/889
f 2419/1820/889 2418/1821/848 2434/1828/853
f 2434/1828/853 2436/1830/855 2438/6521/2365
f 2445/1837/860 2427/1822/849 2429/1824/851
f 2429/1824/851 2425/5391/2371 2442/5405/2370
f 2442/5405/2370 2446/1836/859 2445/1837/860
f 2431/5387/2359 2427/7049/849 2445/5401/860
f 2431/5387/2359 2449/5400/2407 2451/1838/861
f 2455/5409/2374 2438/6957/2365 2436/1833/855
f 2436/1833/855 2435/1832/856 2451/1838/861
f 2451/1838/861 2453/1840/863 2455/5409/2374
f 2462/1845/868 2444/1834/857 2446/1836/859
f 2446/1836/859 2442/5405/2370 2459/5421/2380
f 2459/5421/2380 2463/1844/867 2462/1845/868
f 2444/5399/857 2462/5415/868 2466/5414/2376
f 2448/5397/2366 2466/5414/2376 2468/1846/869
f 2472/5419/2379 2455/5409/2374 2453/1840/863
f 2453/1840/863 2452/1841/864 2468/1846/869
f 2468/1846/869 2470/1848/890 2472/5419/2379
f 2479/1854/876 2461/1842/865 2463/1844/867
f 2463/1844/867 2459/5421/2380 2476/5436/2389
f 2476/5436/2389 2480/1855/875 2479/1854/876
f 2461/5413/865 2479/7050/876 2483/5429/2384
f 2469/1849/872 2465/5411/2409 2483/5429/2384
f 2489/5434/2387 2472/5419/2379 2470/1848/890
f 2470/1848/890 2469/1849/872 2485/1856/877
f 2485/1856/877 2487/1858/879 2489/5434/2387
f 2496/6522/884 2478/7051/873 2480/1855/875
f 2480/1855/875 2476/5436/2389 2493/5446/2397
f 2493/5446/2397 2497/7052/891 2496/6522/884
f 2478/1850/873 2496/1865/884 2500/5439/2392
f 2482/5425/2383 2500/5439/2392 2502/1866/885
f 2506/6523/2395 2489/7053/2387 2487/1861/879
f 2487/1861/879 2486/1860/880 2502/1866/885
f 2502/1866/885 2504/1868/887 2506/6523/2395
f 2551/1924/708 2537/1906/690 2509/1870/654
f 2518/1885/669 2532/1903/687 2524/1891/675
f 2545/1918/702 2516/1879/663 2510/1873/657
f 2530/1897/681 2517/1882/666 2544/1915/699
f 2531/1900/684 2560/1939/723 2552/1927/711
f 2559/1936/720 2546/1921/705 2538/1909/693
f 2607/1996/708 2593/1978/690 2565/1942/654
f 2574/1957/669 2588/1975/687 2580/1963/675
f 2601/1990/702 2572/1951/663 2566/1945/657
f 2586/1969/681 2573/1954/666 2600/1987/699
f 2587/1972/684 2616/2011/723 2608/1999/711
f 2615/2008/720 2602/1993/705 2594/1981/693
f 2663/2068/708 2649/2050/690 2621/2014/654
f 2630/2029/669 2644/2047/687 2636/2035/675
f 2657/2062/702 2628/2023/663 2622/2017/657
f 2642/2041/681 2629/2026/666 2656/2059/699
f 2643/2044/684 2672/2083/723 2664/2071/711
f 2671/2080/720 2658/2065/705 2650/2053/693
f 2719/2140/708 2705/2122/690 2677/2086/654
f 2686/2101/669 2700/2119/687 2692/2107/675
f 2713/2134/702 2684/2095/663 2678/2089/657
f 2698/2113/681 2685/2098/666 2712/2131/699
f 2699/2116/684 2728/2155/723 2720/2143/711
f 2727/2152/720 2714/2137/705 2706/2125/693
f 2775/2212/708 2761/2194/690 2733/2158/654
f 2742/2173/669 2756/2191/687 2748/2179/675
f 2769/2206/702 2740/2167/663 2734/2161/657
f 2754/2185/681 2741/2170/666 2768/2203/699
f 2755/2188/684 2784/2227/723 2776/2215/711
f 2783/2224/720 2770/2209/705 2762/2197/693
f 2831/2284/708 2817/2266/690 2789/2230/654
f 2798/2245/669 2812/2263/687 2804/2251/675
f 2825/2278/702 2796/2239/663 2790/2233/657
f 2810/2257/681 2797/2242/666 2824/2275/699
f 2811/2260/684 2840/2299/723 2832/2287/711
f 2839/2296/720 2826/2281/705 2818/2269/693
f 2887/2356/708 2873/2338/690 2845/2302/654
f 2854/2317/669 2868/2335/687 2860/2323/675
f 2881/2350/702 2852/2311/663 2846/2305/657
f 2866/2329/681 2853/2314/666 2880/2347/699
f 2867/2332/684 2896/2371/723 2888/2359/711
f 2895/2368/720 2882/2353/705 2874/2341/693
f 2943/2428/708 2929/2410/690 2901/2374/654
f 2910/2389/669 2924/2407/687 2916/2395/675
f 2937/2422/702 2908/2383/663 2902/2377/657
f 2922/2401/681 2909/2386/666 2936/2419/699
f 2923/2404/684 2952/2443/723 2944/2431/711
f 2951/2440/720 2938/2425/705 2930/2413/693
f 3111/2621/638 2957/2446/462 2971/2462/478
f 2971/2462/478 2985/2478/932 2999/2494/510
f 2999/2494/510 3013/2510/942 3027/2526/542
f 3027/2526/542 3041/2542/558 3055/2558/574
f 3055/2558/574 3069/2574/590 3083/5624/956
f 3083/5624/956 3097/2605/622 3111/2621/638
f 3111/2621/638 2971/2462/478 2999/2494/510
f 2999/2494/510 3027/2526/542 3055/2558/574
f 3055/2558/574 3083/5624/956 3111/2621/638
f 2965/2459/475 2980/2477/493 2972/2467/483
f 3119/2634/651 2966/2461/477 2958/2451/467
f 2992/2486/935 2978/2470/486 2964/2454/470
f 2964/2454/470 3118/2629/646 3104/2613/962
f 3104/2613/962 3090/2597/614 3076/2582/954
f 3076/2582/954 3062/2566/582 3048/2550/566
f 3048/2550/566 3034/2534/550 3020/2518/945
f 3020/2518/945 3006/2502/940 2992/2486/935
f 2992/2486/935 2964/2454/470 3104/2613/962
f 3104/2613/962 3076/2582/954 3048/2550/566
f 3048/2550/566 3020/2518/945 2992/2486/935
f 2979/2475/491 2994/7054/509 2986/5603/499
f 2993/2491/507 3008/2509/525 3000/2499/515
f 3007/2507/523 3022/2525/541 3014/2515/531
f 3021/6524/948 3036/2541/557 3028/2531/547
f 3035/2539/555 3050/2557/573 3042/2547/563
f 3049/2555/571 3064/2573/589 3056/2563/579
f 3063/2571/587 3078/5619/605 3070/6525/595
f 3077/2587/603 3092/2604/621 3084/2595/611
f 3091/2602/619 3106/2620/637 3098/2610/627
f 3105/6526/635 3120/2636/653 3112/2626/643
f 3167/2691/708 3153/2673/690 3125/2637/654
f 3134/2652/669 3148/2670/687 3140/2658/675
f 3161/2685/702 3132/2646/663 3126/2640/657
f 3146/2664/681 3133/2649/666 3160/2682/699
f 3147/2667/684 3176/2706/723 3168/2694/711
f 3175/2703/720 3162/2688/705 3154/2676/693
f 3223/2763/708 3209/2745/690 3181/2709/654
f 3190/2724/669 3204/2742/687 3196/2730/675
f 3217/2757/702 3188/2718/663 3182/2712/657
f 3202/2736/681 3189/2721/666 3216/2754/699
f 3203/2739/684 3232/2778/723 3224/2766/711
f 3231/2775/720 3218/2760/705 3210/2748/693
f 3405/5768/2499 3398/2884/1097 3237/2781/999
f 3244/5671/2440 3239/5673/1004 3261/6529/1016
f 3405/5772/2499 3245/5678/2441 3248/5677/2444
f 3244/5671/2440 3268/5692/2449 3271/5691/2452
f 3408/5770/2501 3248/5677/2444 3251/5684/2447
f 3250/6531/2446 3247/5675/2442 3271/5691/2452
f 3411/6530/2506 3251/5684/2447 3253/6533/1006
f 3254/2791/1009 3250/5681/2446 3274/5699/2456
f 3260/2795/1013 3284/2813/1030 3291/5701/2458
f 3267/5685/2448 3291/5701/2458 3294/5704/2461
f 3270/5688/2450 3294/5704/2461 3297/6536/2464
f 3276/2803/1020 3273/5697/2455 3297/5709/2464
f 3290/5700/2457 3283/2810/1027 3307/2828/1044
f 3290/5700/2457 3314/5714/2466 3317/5719/2469
f 3293/5702/2459 3317/5719/2469 3320/6538/2473
f 3296/5707/2463 3320/5726/2473 3324/2838/1053
f 3313/5717/2465 3306/7055/1041 3330/5731/1058
f 3313/5717/2465 3337/5730/2475 3340/5735/2478
f 3316/5715/2467 3340/5735/2478 3343/6540/2481
f 3319/5724/2472 3343/5740/2481 3347/2852/1067
f 3329/2840/1055 3353/2857/1072 3360/5743/2483
f 3339/5732/2476 3336/5734/2474 3360/5749/2483
f 3339/5732/2476 3363/5748/2486 3366/6542/2490
f 3342/5738/2480 3366/6542/2490 3370/6543/1081
f 3352/2854/1069 3376/2872/1086 3383/5757/2492
f 3359/5746/2482 3383/5762/2492 3386/5761/2495
f 3362/5744/2484 3386/5761/2495 3389/5766/2498
f 3368/2861/1076 3365/5754/2489 3389/5766/2498
f 3382/5756/2491 3375/2869/1083 3399/2887/1100
f 3382/5760/2491 3406/5775/2500 3409/5774/2503
f 3388/5765/2497 3385/5758/2493 3409/5774/2503
f 3388/5765/2497 3412/5782/2507 3416/2896/1109
f 3589/5883/2499 3582/3002/1097 3421/2899/999
f 3428/5785/2440 3423/5787/1004 3445/6546/1016
f 3592/5885/2501 3589/5887/2499 3429/5792/2441
f 3428/5785/2440 3452/5806/2449 3455/5805/2452
f 3592/5885/2501 3432/5791/2444 3435/5798/2447
f 3431/5789/2442 3455/5805/2452 3458/6548/2456
f 3595/6547/2506 3435/5798/2447 3437/6550/1006
f 3438/2909/1009 3434/5795/2446 3458/5813/2456
f 3444/2913/1013 3468/2931/1030 3475/5815/2458
f 3451/5799/2448 3475/5815/2458 3478/5818/2461
f 3454/5802/2450 3478/5818/2461 3481/6553/2464
f 3460/2921/1020 3457/5811/2455 3481/5823/2464
f 3474/5814/2457 3467/2928/1111 3491/2946/1044
f 3474/5814/2457 3498/5828/2466 3501/5833/2469
f 3477/5816/2459 3501/5833/2469 3504/6555/2473
f 3480/5821/2463 3504/5840/2473 3508/2956/1053
f 3490/6557/1112 3514/5845/1115 3521/5844/2508
f 3497/5831/2465 3521/5844/2508 3524/5849/2478
f 3503/6558/2472 3500/5829/2467 3524/5849/2478
f 3503/5838/2472 3527/5854/2481 3531/2970/1067
f 3513/2958/1114 3537/2975/1072 3544/5857/2483
f 3520/5848/2474 3544/5863/2483 3547/5862/2486
f 3523/5846/2476 3547/5862/2486 3550/6560/2490
f 3529/6561/1116 3526/5852/2480 3550/6560/2490
f 3536/2972/1069 3560/2990/1121 3567/5871/2492
f 3543/5860/2482 3567/5876/2492 3570/5875/2495
f 3546/5858/2484 3570/5875/2495 3573/5880/2498
f 3552/2979/1117 3549/5868/2489 3573/5880/2498
f 3566/5870/2491 3559/2987/1120 3583/3005/1123
f 3566/5874/2491 3590/5890/2500 3593/5889/2503
f 3569/5872/2493 3593/5889/2503 3596/5897/2507
f 3575/2994/1122 3572/5879/2497 3596/5897/2507
f 3647/3071/708 3633/3053/690 3605/3017/654
f 3614/3032/669 3628/3050/687 3620/3038/675
f 3641/3065/702 3612/3026/663 3606/3020/657
f 3626/3044/681 3613/3029/666 3640/3062/699
f 3627/3047/684 3656/3086/723 3648/3074/711
f 3655/3083/720 3642/3068/705 3634/3056/693
f 3703/3143/708 3689/3125/690 3661/3089/654
f 3670/3104/669 3684/3122/687 3676/3110/675
f 3697/3137/702 3668/3098/663 3662/3092/657
f 3682/3116/681 3669/3101/666 3696/3134/699
f 3683/3119/684 3712/3158/723 3704/3146/711
f 3711/3155/720 3698/3140/705 3690/3128/693
f 3717/6045/1138 3735/7056/1145 3742/5952/2514
f 3872/3264/1183 3718/3164/1139 3896/6046/2556
f 3724/6047/2442 3895/6043/2555 3742/5952/2514
f 3885/6564/2553 3882/6029/2501 3725/6049/2444
f 3879/6031/2549 3896/6050/2556 3725/6049/2444
f 3724/6047/2442 3745/5951/2452 3748/6565/2518
f 3898/6053/2559 3748/5959/2518 3752/3188/1150
f 3888/6568/1187 3885/6564/2553 3899/6056/2560
f 3734/3175/1144 3758/3193/1154 3765/5961/2520
f 3741/5945/2513 3765/5961/2520 3768/5964/2461
f 3744/5948/2450 3768/5964/2461 3771/6570/2524
f 3747/5957/2517 3771/5969/2524 3775/3203/1039
f 3757/3190/1152 3781/3208/1160 3788/5973/2526
f 3764/5960/2519 3788/5973/2526 3791/5978/2469
f 3767/5962/2459 3791/5978/2469 3794/6572/2530
f 3773/3198/1034 3770/5967/2523 3794/5985/2530
f 3780/6574/1158 3804/5990/1166 3811/5989/2532
f 3790/5974/2467 3787/5976/2525 3811/5989/2532
f 3790/5974/2467 3814/5994/2478 3817/6575/2536
f 3793/5983/2529 3817/5999/2536 3821/3232/1169
f 3803/3220/1055 3827/3237/1172 3834/6002/2538
f 3813/5991/2476 3810/5993/2531 3834/6008/2538
f 3813/5991/2476 3837/6007/2486 3840/6577/2542
f 3819/6578/1167 3816/5997/2535 3840/6577/2542
f 3826/3234/1170 3850/3252/1179 3857/6016/2544
f 3836/6003/2484 3833/6005/2537 3857/6021/2544
f 3836/6003/2484 3860/6020/2495 3863/6025/2548
f 3839/6013/2541 3863/6025/2548 3867/3262/1095
f 3849/3249/1120 3873/3267/1185 3880/6028/2550
f 3856/6019/2543 3880/6034/2550 3883/6033/2503
f 3862/6024/2547 3859/6017/2493 3883/6033/2503
f 3862/6024/2547 3886/6041/2554 3890/3276/1189
f 4079/6156/2555 3901/6158/1138 3919/6581/1145
f 4056/3382/1183 3902/3282/1139 4080/6159/2556
f 4079/6156/2555 3926/6064/2514 3929/6063/2452
f 4066/6141/2501 3909/6162/2444 4083/6169/2560
f 4066/6141/2501 4063/6143/2549 4080/6163/2556
f 3908/6160/2442 3929/6063/2452 3932/6583/2518
f 4082/6166/2559 3932/6071/2518 3936/3306/1150
f 4069/6582/2553 4083/6169/2560 3913/6586/1142
f 3918/3293/1144 3942/3311/1154 3949/6073/2520
f 3928/6060/2450 3925/6057/2513 3949/6073/2520
f 3928/6060/2450 3952/6076/2461 3955/6588/2524
f 3931/6069/2517 3955/6081/2524 3959/3321/1039
f 3941/3308/1152 3965/3326/1160 3972/6085/2526
f 3948/6072/2519 3972/6085/2526 3975/6090/2469
f 3954/6590/2523 3951/6074/2459 3975/6090/2469
f 3954/6079/2523 3978/6097/2530 3982/3336/1053
f 3964/6592/1158 3988/6102/1166 3995/6101/2532
f 3971/6088/2525 3995/6101/2532 3998/6106/2478
f 3977/6593/2529 3974/6086/2467 3998/6106/2478
f 3977/6095/2529 4001/6111/2536 4005/3350/1169
f 3987/3338/1055 4011/3355/1172 4018/6114/2538
f 3997/6103/2476 3994/6105/2531 4018/6120/2538
f 3997/6103/2476 4021/6119/2486 4024/6595/2542
f 4000/6109/2535 4024/6595/2542 4028/6596/1176
f 4017/6113/2537 4010/3352/1170 4034/3370/1179
f 4017/6117/2537 4041/6133/2544 4044/6132/2495
f 4020/6115/2484 4044/6132/2495 4047/6137/2548
f 4023/6125/2541 4047/6137/2548 4051/3380/1095
f 4033/3367/1120 4057/3385/1185 4064/6140/2550
f 4040/6131/2543 4064/6146/2550 4067/6145/2503
f 4043/6129/2493 4067/6145/2503 4070/6153/2554
f 4046/6136/2547 4070/6153/2554 4074/3394/1189
f 4251/3585/708 4237/3567/690 4209/3531/654
f 4218/3546/669 4232/3564/687 4224/3552/675
f 4245/3579/702 4216/3540/663 4210/3534/657
f 4230/3558/681 4217/3543/666 4244/3576/699
f 4231/3561/684 4260/3600/723 4252/3588/711
f 4259/3597/720 4246/3582/705 4238/3570/693
f 4343/6340/2665 4265/6235/2567 4271/6234/2566
f 4271/6234/2566 4277/6255/2585 4283/6263/2593
f 4283/6263/2593 4289/6271/2601 4295/6280/2609
f 4295/6280/2609 4301/6289/2617 4307/6297/2625
f 4307/6297/2625 4313/6306/2633 4319/6305/2632
f 4319/6305/2632 4325/6323/2649 4331/6331/2657
f 4331/6331/2657 4337/6330/2656 4343/6340/2665
f 4343/6340/2665 4271/6234/2566 4283/6263/2593
f 4283/6263/2593 4295/6280/2609 4307/6297/2625
f 4307/6297/2625 4319/6305/2632 4331/6331/2657
f 4331/6331/2657 4343/6340/2665 4283/6263/2593
f 4269/6348/2672 4275/6236/2568 4272/6230/2562
f 4347/6343/2667 4269/6348/2672 4266/6232/2564
f 4280/6250/2580 4274/6240/2572 4268/6349/2673
f 4268/6349/2673 4346/6345/2669 4340/6334/2660
f 4340/6334/2660 4334/6326/2652 4328/6319/2645
f 4328/6319/2645 4322/6310/2636 4316/6300/2628
f 4316/6300/2628 4310/6293/2621 4304/6285/2613
f 4304/6285/2613 4298/6274/2604 4292/6266/2596
f 4292/6266/2596 4286/6258/2588 4280/6250/2580
f 4280/6250/2580 4268/6349/2673 4340/6334/2660
f 4340/6334/2660 4328/6319/2645 4316/6300/2628
f 4316/6300/2628 4304/6285/2613 4292/6266/2596
f 4292/6266/2596 4280/6250/2580 4340/6334/2660
f 4275/6603/2568 4281/6247/2578 4278/6253/2583
f 4281/6247/2578 4287/6256/2586 4284/6252/2582
f 4287/6256/2586 4293/6265/2595 4290/6260/2590
f 4293/6265/2595 4299/6273/2603 4296/6268/2598
f 4299/6604/2603 4305/6281/2610 4302/6276/2606
f 4305/6281/2610 4311/6291/2619 4308/6295/2623
f 4311/6291/2619 4317/6299/2627 4314/6294/2622
f 4317/6307/2627 4323/6309/2635 4320/6312/2638
f 4320/6312/2638 4323/6309/2635 4329/6317/2643
f 4326/6321/2647 4329/6317/2643 4335/6325/2651
f 4335/6325/2651 4341/6332/2658 4338/6328/2654
f 4341/6341/2658 4347/6343/2667 4344/6336/2662
f 4475/3750/1466 4349/3603/1322 4363/3619/1338
f 4363/3619/1338 4377/3636/1354 4391/3652/1370
f 4391/3652/1370 4405/3668/1386 4419/3685/1402
f 4419/3685/1402 4433/3701/1418 4447/3718/1434
f 4447/3718/1434 4461/3734/1450 4475/3750/1466
f 4475/3750/1466 4363/3619/1338 4391/3652/1370
f 4391/3652/1370 4419/3685/1402 4447/3718/1434
f 4357/3616/1335 4372/3635/1353 4364/3624/1343
f 4483/3764/1479 4358/3618/1337 4350/3608/1327
f 4384/3644/1362 4370/3627/1346 4356/3611/1330
f 4356/3611/1330 4482/3759/1474 4468/3742/1458
f 4468/3742/1458 4454/3726/1442 4440/3710/1426
f 4440/3710/1426 4426/3693/1410 4412/3676/1394
f 4412/3676/1394 4398/3660/1378 4384/3644/1362
f 4384/3644/1362 4356/3611/1330 4468/3742/1458
f 4468/3742/1458 4440/3710/1426 4412/3676/1394
f 4371/3632/1351 4386/3651/1369 4378/3641/1359
f 4385/3649/1367 4400/3667/1385 4392/3657/1375
f 4399/3665/1383 4414/3684/1401 4406/6605/1391
f 4413/3681/1399 4428/3700/1417 4420/3690/1407
f 4427/3698/1415 4442/3717/1433 4434/3706/1423
f 4441/6606/1431 4456/3733/1449 4448/3723/1439
f 4455/3731/1447 4470/3749/1465 4462/3739/1455
f 4469/3747/1463 4484/6368/1481 4476/3755/1471
f 4587/3884/1594 4489/3767/1482 4503/3783/1498
f 4503/3783/1498 4517/3801/1514 4531/3817/1530
f 4531/3817/1530 4545/3835/1546 4559/3851/1562
f 4559/3851/1562 4573/6383/1578 4587/3884/1594
f 4587/3884/1594 4503/3783/1498 4531/3817/1530
f 4497/3778/1493 4512/3800/1513 4504/3788/1503
f 4595/3898/1607 4498/3781/1496 4490/3770/1485
f 4524/3809/1522 4510/3792/1506 4496/3775/1490
f 4496/3775/1490 4594/3893/1602 4580/3876/1586
f 4580/3876/1586 4566/3860/1570 4552/3843/1554
f 4552/3843/1554 4538/3826/1538 4524/3809/1522
f 4524/3809/1522 4496/3775/1490 4580/3876/1586
f 4511/3797/1511 4526/3815/1528 4518/3806/1519
f 4519/3808/1521 4525/3812/1525 4540/3834/1545
f 4539/3831/1543 4554/3850/1561 4546/3840/1551
f 4553/3848/1559 4568/3868/1577 4560/3854/1565
f 4567/3865/1575 4582/3883/1593 4574/3872/1581
f 4581/3881/1591 4596/3901/1609 4588/3889/1599
