# Blender 5.2.0 LTS
# www.blender.org
o unit_freetown_jump_imp
v -0.069600 0.300440 -0.011600
v -0.069600 0.287190 -0.043590
v -0.069600 0.272513 -0.053396
v -0.069600 0.255200 -0.056840
v -0.069600 0.237887 -0.053396
v -0.069600 0.213404 -0.028913
v -0.069600 0.209960 -0.011600
v -0.060944 0.296996 -0.026593
v -0.053605 0.287190 -0.039304
v -0.048702 0.272513 -0.047797
v -0.046980 0.255200 -0.050779
v -0.048702 0.237887 -0.047797
v -0.053605 0.223210 -0.039304
v -0.060944 0.213404 -0.026593
v -0.054607 0.296996 -0.020256
v -0.041896 0.287190 -0.027595
v -0.033403 0.272513 -0.032498
v -0.030421 0.255200 -0.034220
v -0.033403 0.237887 -0.032498
v -0.041896 0.223210 -0.027595
v -0.054607 0.213404 -0.020256
v -0.052287 0.296996 -0.011600
v -0.037610 0.287190 -0.011600
v -0.027804 0.272513 -0.011600
v -0.024360 0.255200 -0.011600
v -0.027804 0.237887 -0.011600
v -0.037610 0.223210 -0.011600
v -0.052287 0.213404 -0.011600
v -0.054607 0.296996 -0.002944
v -0.041896 0.287190 0.004395
v -0.033403 0.272513 0.009298
v -0.030421 0.255200 0.011020
v -0.033403 0.237887 0.009298
v -0.041896 0.223210 0.004395
v -0.054607 0.213404 -0.002944
v -0.060944 0.296996 0.003393
v -0.053605 0.287190 0.016104
v -0.048702 0.272513 0.024597
v -0.046980 0.255200 0.027579
v -0.048702 0.237887 0.024597
v -0.053605 0.223210 0.016104
v -0.060944 0.213404 0.003393
v -0.069600 0.296996 0.005713
v -0.069600 0.287190 0.020390
v -0.069600 0.272513 0.030196
v -0.069600 0.255200 0.033640
v -0.069600 0.237887 0.030196
v -0.069600 0.223210 0.020390
v -0.069600 0.213404 0.005713
v -0.078256 0.296996 0.003393
v -0.085595 0.287190 0.016104
v -0.090498 0.272513 0.024597
v -0.092220 0.255200 0.027579
v -0.090498 0.237887 0.024597
v -0.085595 0.223210 0.016104
v -0.078256 0.213404 0.003393
v -0.084593 0.296996 -0.002944
v -0.097304 0.287190 0.004395
v -0.105797 0.272513 0.009298
v -0.108779 0.255200 0.011020
v -0.105797 0.237887 0.009298
v -0.097304 0.223210 0.004395
v -0.084593 0.213404 -0.002944
v -0.086913 0.296996 -0.011600
v -0.101590 0.287190 -0.011600
v -0.111396 0.272513 -0.011600
v -0.114840 0.255200 -0.011600
v -0.111396 0.237887 -0.011600
v -0.101590 0.223210 -0.011600
v -0.086913 0.213404 -0.011600
v -0.084593 0.296996 -0.020256
v -0.097304 0.287190 -0.027595
v -0.105797 0.272513 -0.032498
v -0.108779 0.255200 -0.034220
v -0.105797 0.237887 -0.032498
v -0.097304 0.223210 -0.027595
v -0.084593 0.213404 -0.020256
v -0.078256 0.296996 -0.026593
v -0.085595 0.287190 -0.039304
v -0.090498 0.272513 -0.047797
v -0.092220 0.255200 -0.050779
v -0.090498 0.237887 -0.047797
v -0.085595 0.223210 -0.039304
v -0.078256 0.213404 -0.026593
v -0.069600 0.296996 -0.028913
v -0.069600 0.223210 -0.043590
v 0.069600 0.300440 -0.011600
v 0.069600 0.287190 -0.043590
v 0.069600 0.272513 -0.053396
v 0.069600 0.255200 -0.056840
v 0.069600 0.237887 -0.053396
v 0.069600 0.213404 -0.028913
v 0.069600 0.209960 -0.011600
v 0.078256 0.296996 -0.026593
v 0.085595 0.287190 -0.039304
v 0.090498 0.272513 -0.047797
v 0.092220 0.255200 -0.050779
v 0.090498 0.237887 -0.047797
v 0.085595 0.223210 -0.039304
v 0.078256 0.213404 -0.026593
v 0.084593 0.296996 -0.020256
v 0.097304 0.287190 -0.027595
v 0.105797 0.272513 -0.032498
v 0.108779 0.255200 -0.034220
v 0.105797 0.237887 -0.032498
v 0.097304 0.223210 -0.027595
v 0.084593 0.213404 -0.020256
v 0.086913 0.296996 -0.011600
v 0.101590 0.287190 -0.011600
v 0.111396 0.272513 -0.011600
v 0.114840 0.255200 -0.011600
v 0.111396 0.237887 -0.011600
v 0.101590 0.223210 -0.011600
v 0.086913 0.213404 -0.011600
v 0.084593 0.296996 -0.002944
v 0.097304 0.287190 0.004395
v 0.105797 0.272513 0.009298
v 0.108779 0.255200 0.011020
v 0.105797 0.237887 0.009298
v 0.097304 0.223210 0.004395
v 0.084593 0.213404 -0.002944
v 0.078256 0.296996 0.003393
v 0.085595 0.287190 0.016104
v 0.090498 0.272513 0.024597
v 0.092220 0.255200 0.027579
v 0.090498 0.237887 0.024597
v 0.085595 0.223210 0.016104
v 0.078256 0.213404 0.003393
v 0.069600 0.296996 0.005713
v 0.069600 0.287190 0.020390
v 0.069600 0.272513 0.030196
v 0.069600 0.255200 0.033640
v 0.069600 0.237887 0.030196
v 0.069600 0.223210 0.020390
v 0.069600 0.213404 0.005713
v 0.060944 0.296996 0.003393
v 0.053605 0.287190 0.016104
v 0.048702 0.272513 0.024597
v 0.046980 0.255200 0.027579
v 0.048702 0.237887 0.024597
v 0.053605 0.223210 0.016104
v 0.060944 0.213404 0.003393
v 0.054607 0.296996 -0.002944
v 0.041896 0.287190 0.004395
v 0.033403 0.272513 0.009298
v 0.030421 0.255200 0.011020
v 0.033403 0.237887 0.009298
v 0.041896 0.223210 0.004395
v 0.054607 0.213404 -0.002944
v 0.052287 0.296996 -0.011600
v 0.037610 0.287190 -0.011600
v 0.027804 0.272513 -0.011600
v 0.024360 0.255200 -0.011600
v 0.027804 0.237887 -0.011600
v 0.037610 0.223210 -0.011600
v 0.052287 0.213404 -0.011600
v 0.054607 0.296996 -0.020256
v 0.041896 0.287190 -0.027595
v 0.033403 0.272513 -0.032498
v 0.030421 0.255200 -0.034220
v 0.033403 0.237887 -0.032498
v 0.041896 0.223210 -0.027595
v 0.054607 0.213404 -0.020256
v 0.060944 0.296996 -0.026593
v 0.053605 0.287190 -0.039304
v 0.048702 0.272513 -0.047797
v 0.046980 0.255200 -0.050779
v 0.048702 0.237887 -0.047797
v 0.053605 0.223210 -0.039304
v 0.060944 0.213404 -0.026593
v 0.069600 0.296996 -0.028913
v 0.069600 0.223210 -0.043590
v -0.150800 0.887400 0.000000
v -0.150800 0.764656 -0.024415
v -0.150800 0.759800 0.000000
v -0.138592 0.882544 -0.021144
v -0.128243 0.868713 -0.039069
v -0.121328 0.848015 -0.051047
v -0.118900 0.823600 -0.055252
v -0.121328 0.799185 -0.051047
v -0.128243 0.778487 -0.039069
v -0.138592 0.764656 -0.021144
v -0.129656 0.882544 -0.012208
v -0.111731 0.868713 -0.022557
v -0.099753 0.848015 -0.029472
v -0.095548 0.823600 -0.031900
v -0.099753 0.799185 -0.029472
v -0.111731 0.778487 -0.022557
v -0.129656 0.764656 -0.012208
v -0.126385 0.882544 0.000000
v -0.105687 0.868713 0.000000
v -0.091856 0.848015 0.000000
v -0.087000 0.823600 0.000000
v -0.091856 0.799185 0.000000
v -0.105687 0.778487 0.000000
v -0.126385 0.764656 0.000000
v -0.129656 0.882544 0.012208
v -0.111731 0.868713 0.022557
v -0.099753 0.848015 0.029472
v -0.095548 0.823600 0.031900
v -0.099753 0.799185 0.029472
v -0.111731 0.778487 0.022557
v -0.129656 0.764656 0.012208
v -0.138592 0.882544 0.021144
v -0.128243 0.868713 0.039069
v -0.121328 0.848015 0.051047
v -0.118900 0.823600 0.055252
v -0.121328 0.799185 0.051047
v -0.128243 0.778487 0.039069
v -0.138592 0.764656 0.021144
v -0.150800 0.882544 0.024415
v -0.150800 0.868713 0.045113
v -0.150800 0.848015 0.058944
v -0.150800 0.823600 0.063800
v -0.150800 0.799185 0.058944
v -0.150800 0.778487 0.045113
v -0.150800 0.764656 0.024415
v -0.163008 0.882544 0.021144
v -0.173357 0.868713 0.039069
v -0.180272 0.848015 0.051047
v -0.182700 0.823600 0.055252
v -0.180272 0.799185 0.051047
v -0.173357 0.778487 0.039069
v -0.163008 0.764656 0.021144
v -0.171944 0.882544 0.012208
v -0.189869 0.868713 0.022557
v -0.201847 0.848015 0.029472
v -0.206052 0.823600 0.031900
v -0.201847 0.799185 0.029472
v -0.189869 0.778487 0.022557
v -0.171944 0.764656 0.012208
v -0.175215 0.882544 0.000000
v -0.195913 0.868713 0.000000
v -0.209744 0.848015 0.000000
v -0.214600 0.823600 0.000000
v -0.209744 0.799185 0.000000
v -0.195913 0.778487 0.000000
v -0.175215 0.764656 0.000000
v -0.171944 0.882544 -0.012208
v -0.189869 0.868713 -0.022557
v -0.201847 0.848015 -0.029472
v -0.206052 0.823600 -0.031900
v -0.201847 0.799185 -0.029472
v -0.189869 0.778487 -0.022557
v -0.171944 0.764656 -0.012208
v -0.163008 0.882544 -0.021144
v -0.173357 0.868713 -0.039069
v -0.180272 0.848015 -0.051047
v -0.182700 0.823600 -0.055252
v -0.180272 0.799185 -0.051047
v -0.173357 0.778487 -0.039069
v -0.163008 0.764656 -0.021144
v -0.150800 0.882544 -0.024415
v -0.150800 0.868713 -0.045113
v -0.150800 0.848015 -0.058944
v -0.150800 0.823600 -0.063800
v -0.150800 0.799185 -0.058944
v -0.150800 0.778487 -0.045113
v 0.150800 0.887400 0.000000
v 0.150800 0.764656 -0.024415
v 0.150800 0.759800 0.000000
v 0.163008 0.882544 -0.021144
v 0.173357 0.868713 -0.039069
v 0.180272 0.848015 -0.051047
v 0.182700 0.823600 -0.055252
v 0.180272 0.799185 -0.051047
v 0.173357 0.778487 -0.039069
v 0.163008 0.764656 -0.021144
v 0.171944 0.882544 -0.012208
v 0.189869 0.868713 -0.022557
v 0.201847 0.848015 -0.029472
v 0.206052 0.823600 -0.031900
v 0.201847 0.799185 -0.029472
v 0.189869 0.778487 -0.022557
v 0.171944 0.764656 -0.012208
v 0.175215 0.882544 0.000000
v 0.195913 0.868713 0.000000
v 0.209744 0.848015 0.000000
v 0.214600 0.823600 0.000000
v 0.209744 0.799185 0.000000
v 0.195913 0.778487 0.000000
v 0.175215 0.764656 0.000000
v 0.171944 0.882544 0.012208
v 0.189869 0.868713 0.022557
v 0.201847 0.848015 0.029472
v 0.206052 0.823600 0.031900
v 0.201847 0.799185 0.029472
v 0.189869 0.778487 0.022557
v 0.171944 0.764656 0.012208
v 0.163008 0.882544 0.021144
v 0.173357 0.868713 0.039069
v 0.180272 0.848015 0.051047
v 0.182700 0.823600 0.055252
v 0.180272 0.799185 0.051047
v 0.173357 0.778487 0.039069
v 0.163008 0.764656 0.021144
v 0.150800 0.882544 0.024415
v 0.150800 0.868713 0.045113
v 0.150800 0.848015 0.058944
v 0.150800 0.823600 0.063800
v 0.150800 0.799185 0.058944
v 0.150800 0.778487 0.045113
v 0.150800 0.764656 0.024415
v 0.138592 0.882544 0.021144
v 0.128243 0.868713 0.039069
v 0.121328 0.848015 0.051047
v 0.118900 0.823600 0.055252
v 0.121328 0.799185 0.051047
v 0.128243 0.778487 0.039069
v 0.138592 0.764656 0.021144
v 0.129656 0.882544 0.012208
v 0.111731 0.868713 0.022557
v 0.099753 0.848015 0.029472
v 0.095548 0.823600 0.031900
v 0.099753 0.799185 0.029472
v 0.111731 0.778487 0.022557
v 0.129656 0.764656 0.012208
v 0.126385 0.882544 0.000000
v 0.105687 0.868713 0.000000
v 0.091856 0.848015 0.000000
v 0.087000 0.823600 0.000000
v 0.091856 0.799185 0.000000
v 0.105687 0.778487 0.000000
v 0.126385 0.764656 0.000000
v 0.129656 0.882544 -0.012208
v 0.111731 0.868713 -0.022557
v 0.099753 0.848015 -0.029472
v 0.095548 0.823600 -0.031900
v 0.099753 0.799185 -0.029472
v 0.111731 0.778487 -0.022557
v 0.129656 0.764656 -0.012208
v 0.138592 0.882544 -0.021144
v 0.128243 0.868713 -0.039069
v 0.121328 0.848015 -0.051047
v 0.118900 0.823600 -0.055252
v 0.121328 0.799185 -0.051047
v 0.128243 0.778487 -0.039069
v 0.138592 0.764656 -0.021144
v 0.150800 0.882544 -0.024415
v 0.150800 0.868713 -0.045113
v 0.150800 0.848015 -0.058944
v 0.150800 0.823600 -0.063800
v 0.150800 0.799185 -0.058944
v 0.150800 0.778487 -0.045113
v -0.255200 0.683240 -0.017400
v -0.255200 0.615960 -0.017400
v -0.247633 0.680679 -0.027815
v -0.247633 0.618521 -0.027815
v -0.242957 0.680679 -0.021378
v -0.242957 0.618521 -0.021378
v -0.242957 0.680679 -0.013422
v -0.242957 0.618521 -0.013422
v -0.247633 0.680679 -0.006985
v -0.247633 0.618521 -0.006985
v -0.255200 0.680679 -0.004527
v -0.255200 0.618521 -0.004527
v -0.262767 0.680679 -0.006985
v -0.262767 0.618521 -0.006985
v -0.267443 0.680679 -0.013422
v -0.267443 0.618521 -0.013422
v -0.267443 0.680679 -0.021378
v -0.267443 0.618521 -0.021378
v -0.262767 0.680679 -0.027815
v -0.262767 0.618521 -0.027815
v -0.255200 0.680679 -0.030273
v -0.255200 0.618521 -0.030273
v 0.255200 0.683240 -0.017400
v 0.255200 0.615960 -0.017400
v 0.262767 0.680679 -0.027815
v 0.262767 0.618521 -0.027815
v 0.267443 0.680679 -0.021378
v 0.267443 0.618521 -0.021378
v 0.267443 0.680679 -0.013422
v 0.267443 0.618521 -0.013422
v 0.262767 0.680679 -0.006985
v 0.262767 0.618521 -0.006985
v 0.255200 0.680679 -0.004527
v 0.255200 0.618521 -0.004527
v 0.247633 0.680679 -0.006985
v 0.247633 0.618521 -0.006985
v 0.242957 0.680679 -0.013422
v 0.242957 0.618521 -0.013422
v 0.242957 0.680679 -0.021378
v 0.242957 0.618521 -0.021378
v 0.247633 0.680679 -0.027815
v 0.247633 0.618521 -0.027815
v 0.255200 0.680679 -0.030273
v 0.255200 0.618521 -0.030273
v -0.313200 0.507500 -0.046400
v -0.313200 0.443700 -0.046400
v 0.313200 0.507500 -0.046400
v 0.313200 0.443700 -0.046400
v 0.000000 1.041100 -0.011600
v 0.000000 0.884500 -0.011600
v 0.005959 1.039137 -0.027973
v 0.011619 1.033346 -0.043524
v 0.016697 1.024017 -0.057475
v 0.020938 1.011619 -0.069126
v 0.024128 0.996773 -0.077891
v 0.026109 0.980223 -0.083333
v 0.026780 0.962800 -0.085178
v 0.026109 0.945377 -0.083333
v 0.024128 0.928827 -0.077891
v 0.020938 0.913981 -0.069126
v 0.016697 0.901583 -0.057475
v 0.011619 0.892254 -0.043524
v 0.005959 0.886463 -0.027973
v 0.011200 1.039137 -0.024947
v 0.021837 1.033346 -0.037625
v 0.031380 1.024017 -0.048998
v 0.039350 1.011619 -0.058495
v 0.045346 0.996773 -0.065641
v 0.049068 0.980223 -0.070077
v 0.050330 0.962800 -0.071581
v 0.049068 0.945377 -0.070077
v 0.045346 0.928827 -0.065641
v 0.039350 0.913981 -0.058495
v 0.031380 0.901583 -0.048998
v 0.021837 0.892254 -0.037625
v 0.011200 0.886463 -0.024947
v 0.015089 1.039137 -0.020312
v 0.029422 1.033346 -0.028587
v 0.042279 1.024017 -0.036010
v 0.053016 1.011619 -0.042209
v 0.061095 0.996773 -0.046873
v 0.066110 0.980223 -0.049768
v 0.067810 0.962800 -0.050750
v 0.066110 0.945377 -0.049768
v 0.061095 0.928827 -0.046873
v 0.053016 0.913981 -0.042209
v 0.042279 0.901583 -0.036010
v 0.029422 0.892254 -0.028587
v 0.015089 0.886463 -0.020312
v 0.017159 1.039137 -0.014626
v 0.033457 1.033346 -0.017499
v 0.048078 1.024017 -0.020077
v 0.060287 1.011619 -0.022230
v 0.069474 0.996773 -0.023850
v 0.075177 0.980223 -0.024856
v 0.077110 0.962800 -0.025197
v 0.075177 0.945377 -0.024856
v 0.069474 0.928827 -0.023850
v 0.060287 0.913981 -0.022230
v 0.048078 0.901583 -0.020077
v 0.033457 0.892254 -0.017499
v 0.017159 0.886463 -0.014626
v 0.017159 1.039137 -0.008574
v 0.033457 1.033346 -0.005701
v 0.048078 1.024017 -0.003123
v 0.060287 1.011619 -0.000970
v 0.069474 0.996773 0.000650
v 0.075177 0.980223 0.001656
v 0.077110 0.962800 0.001997
v 0.075177 0.945377 0.001656
v 0.069474 0.928827 0.000650
v 0.060287 0.913981 -0.000970
v 0.048078 0.901583 -0.003123
v 0.033457 0.892254 -0.005701
v 0.017159 0.886463 -0.008574
v 0.015089 1.039137 -0.002888
v 0.029422 1.033346 0.005387
v 0.042279 1.024017 0.012810
v 0.053016 1.011619 0.019009
v 0.061094 0.996773 0.023673
v 0.066110 0.980223 0.026568
v 0.067810 0.962800 0.027550
v 0.066110 0.945377 0.026568
v 0.061094 0.928827 0.023673
v 0.053016 0.913981 0.019009
v 0.042279 0.901583 0.012810
v 0.029422 0.892254 0.005387
v 0.015089 0.886463 -0.002888
v 0.011200 1.039137 0.001747
v 0.021837 1.033346 0.014425
v 0.031380 1.024017 0.025798
v 0.039350 1.011619 0.035295
v 0.045346 0.996773 0.042441
v 0.049068 0.980223 0.046877
v 0.050330 0.962800 0.048381
v 0.049068 0.945377 0.046877
v 0.045346 0.928827 0.042441
v 0.039350 0.913981 0.035295
v 0.031380 0.901583 0.025798
v 0.021837 0.892254 0.014425
v 0.011200 0.886463 0.001747
v 0.005959 1.039137 0.004773
v 0.011619 1.033346 0.020324
v 0.016697 1.024017 0.034275
v 0.020938 1.011619 0.045926
v 0.024128 0.996773 0.054691
v 0.026109 0.980223 0.060133
v 0.026780 0.962800 0.061978
v 0.026109 0.945377 0.060133
v 0.024128 0.928827 0.054691
v 0.020938 0.913981 0.045926
v 0.016697 0.901583 0.034275
v 0.011619 0.892254 0.020324
v 0.005959 0.886463 0.004773
v 0.000000 1.039137 0.005823
v 0.000000 1.033346 0.022373
v 0.000000 1.024017 0.037219
v 0.000000 1.011619 0.049617
v 0.000000 0.996773 0.058946
v 0.000000 0.980223 0.064737
v 0.000000 0.962800 0.066700
v 0.000000 0.945377 0.064737
v 0.000000 0.928827 0.058946
v 0.000000 0.913981 0.049617
v 0.000000 0.901583 0.037219
v 0.000000 0.892254 0.022373
v 0.000000 0.886463 0.005823
v -0.005959 1.039137 0.004773
v -0.011619 1.033346 0.020324
v -0.016697 1.024017 0.034275
v -0.020938 1.011619 0.045926
v -0.024128 0.996773 0.054691
v -0.026109 0.980223 0.060133
v -0.026780 0.962800 0.061978
v -0.026109 0.945377 0.060133
v -0.024128 0.928827 0.054691
v -0.020938 0.913981 0.045926
v -0.016697 0.901583 0.034275
v -0.011619 0.892254 0.020324
v -0.005959 0.886463 0.004773
v -0.011200 1.039137 0.001747
v -0.021837 1.033346 0.014425
v -0.031380 1.024017 0.025798
v -0.039350 1.011619 0.035295
v -0.045346 0.996773 0.042441
v -0.049068 0.980223 0.046877
v -0.050330 0.962800 0.048381
v -0.049068 0.945377 0.046877
v -0.045346 0.928827 0.042441
v -0.039350 0.913981 0.035295
v -0.031380 0.901583 0.025798
v -0.021837 0.892254 0.014425
v -0.011200 0.886463 0.001747
v -0.015089 1.039137 -0.002888
v -0.029422 1.033346 0.005387
v -0.042279 1.024017 0.012810
v -0.053016 1.011619 0.019009
v -0.061094 0.996773 0.023673
v -0.066110 0.980223 0.026568
v -0.067810 0.962800 0.027550
v -0.066110 0.945377 0.026568
v -0.061094 0.928827 0.023673
v -0.053016 0.913981 0.019009
v -0.042279 0.901583 0.012810
v -0.029422 0.892254 0.005387
v -0.015089 0.886463 -0.002888
v -0.017159 1.039137 -0.008574
v -0.033457 1.033346 -0.005701
v -0.048078 1.024017 -0.003123
v -0.060287 1.011619 -0.000970
v -0.069474 0.996773 0.000650
v -0.075177 0.980223 0.001656
v -0.077110 0.962800 0.001997
v -0.075177 0.945377 0.001656
v -0.069474 0.928827 0.000650
v -0.060287 0.913981 -0.000970
v -0.048078 0.901583 -0.003123
v -0.033457 0.892254 -0.005701
v -0.017159 0.886463 -0.008574
v -0.017159 1.039137 -0.014626
v -0.033457 1.033346 -0.017499
v -0.048078 1.024017 -0.020077
v -0.060287 1.011619 -0.022230
v -0.069474 0.996773 -0.023850
v -0.075177 0.980223 -0.024856
v -0.077110 0.962800 -0.025197
v -0.075177 0.945377 -0.024856
v -0.069474 0.928827 -0.023850
v -0.060287 0.913981 -0.022230
v -0.048078 0.901583 -0.020077
v -0.033457 0.892254 -0.017499
v -0.017159 0.886463 -0.014626
v -0.015089 1.039137 -0.020312
v -0.029422 1.033346 -0.028587
v -0.042279 1.024017 -0.036010
v -0.053016 1.011619 -0.042209
v -0.061094 0.996773 -0.046873
v -0.066110 0.980223 -0.049768
v -0.067810 0.962800 -0.050750
v -0.066110 0.945377 -0.049768
v -0.061094 0.928827 -0.046873
v -0.053016 0.913981 -0.042209
v -0.042279 0.901583 -0.036010
v -0.029422 0.892254 -0.028587
v -0.015089 0.886463 -0.020312
v -0.011200 1.039137 -0.024947
v -0.021837 1.033346 -0.037625
v -0.031380 1.024017 -0.048998
v -0.039350 1.011619 -0.058495
v -0.045346 0.996773 -0.065641
v -0.049068 0.980223 -0.070077
v -0.050330 0.962800 -0.071581
v -0.049068 0.945377 -0.070077
v -0.045346 0.928827 -0.065641
v -0.039350 0.913981 -0.058495
v -0.031380 0.901583 -0.048998
v -0.021837 0.892254 -0.037625
v -0.011200 0.886463 -0.024947
v -0.005959 1.039137 -0.027973
v -0.011619 1.033346 -0.043524
v -0.016697 1.024017 -0.057475
v -0.020938 1.011619 -0.069126
v -0.024128 0.996773 -0.077891
v -0.026109 0.980223 -0.083333
v -0.026780 0.962800 -0.085178
v -0.026109 0.945377 -0.083333
v -0.024128 0.928827 -0.077891
v -0.020938 0.913981 -0.069126
v -0.016697 0.901583 -0.057475
v -0.011619 0.892254 -0.043524
v -0.005959 0.886463 -0.027973
v -0.000000 1.039137 -0.029023
v -0.000000 1.033346 -0.045573
v -0.000000 1.024017 -0.060419
v -0.000000 1.011619 -0.072817
v -0.000000 0.996773 -0.082146
v -0.000000 0.980223 -0.087937
v -0.000000 0.962800 -0.089900
v -0.000000 0.945377 -0.087937
v -0.000000 0.928827 -0.082146
v -0.000000 0.913981 -0.072817
v -0.000000 0.901583 -0.060419
v -0.000000 0.892254 -0.045573
v -0.000000 0.886463 -0.029023
v -0.027840 0.984840 0.062640
v -0.027840 0.963960 0.062640
v 0.027840 0.984840 0.062640
v 0.027840 0.963960 0.062640
v -0.075400 0.983100 -0.011600
v -0.075400 0.942500 -0.011600
v 0.075400 0.983100 -0.011600
v 0.075400 0.942500 -0.011600
v -0.000000 0.420400 -0.217228
v -0.002507 0.423037 -0.219185
v 0.002507 0.423037 -0.219185
v -0.001422 0.421172 -0.218726
v 0.000000 0.421514 -0.219166
v 0.000000 0.423037 -0.219523
v 0.001422 0.421172 -0.218726
v 0.000000 0.600400 -0.217228
v 0.002507 0.597763 -0.219185
v -0.002507 0.597763 -0.219185
v 0.001422 0.599628 -0.218726
v -0.000000 0.599286 -0.219166
v -0.000000 0.597763 -0.219523
v -0.001422 0.599628 -0.218726
v 0.080660 0.420400 -0.191020
v 0.079782 0.423037 -0.194077
v 0.083840 0.423037 -0.191129
v 0.080390 0.421172 -0.193068
v 0.081800 0.421514 -0.192588
v 0.082009 0.423037 -0.192876
v 0.082692 0.421172 -0.191395
v 0.080660 0.600400 -0.191020
v 0.083840 0.597763 -0.191129
v 0.079782 0.597763 -0.194077
v 0.082692 0.599628 -0.191395
v 0.081800 0.599286 -0.192588
v 0.082009 0.597763 -0.192876
v 0.080390 0.599628 -0.193068
v 0.130511 0.420400 -0.122406
v 0.131598 0.423037 -0.125395
v 0.133148 0.423037 -0.120626
v 0.131497 0.421172 -0.124221
v 0.132355 0.421514 -0.123005
v 0.132694 0.423037 -0.123115
v 0.132376 0.421172 -0.121516
v 0.130511 0.600400 -0.122406
v 0.133148 0.597763 -0.120626
v 0.131598 0.597763 -0.125395
v 0.132376 0.599628 -0.121516
v 0.132355 0.599286 -0.123005
v 0.132694 0.597763 -0.123115
v 0.131497 0.599628 -0.124221
v 0.130511 0.420400 -0.037594
v 0.133148 0.423037 -0.039374
v 0.131598 0.423037 -0.034605
v 0.132376 0.421172 -0.038484
v 0.132355 0.421514 -0.036995
v 0.132694 0.423037 -0.036885
v 0.131497 0.421172 -0.035779
v 0.130511 0.600400 -0.037594
v 0.131598 0.597763 -0.034605
v 0.133148 0.597763 -0.039374
v 0.131497 0.599628 -0.035779
v 0.132355 0.599286 -0.036995
v 0.132694 0.597763 -0.036885
v 0.132376 0.599628 -0.038484
v 0.080660 0.420400 0.031020
v 0.083840 0.423037 0.031129
v 0.079782 0.423037 0.034077
v 0.082692 0.421172 0.031395
v 0.081800 0.421514 0.032588
v 0.082009 0.423037 0.032876
v 0.080390 0.421172 0.033068
v 0.080660 0.600400 0.031020
v 0.079782 0.597763 0.034077
v 0.083840 0.597763 0.031129
v 0.080390 0.599628 0.033068
v 0.081800 0.599286 0.032588
v 0.082009 0.597763 0.032876
v 0.082692 0.599628 0.031395
v 0.000000 0.420400 0.057228
v 0.002507 0.423037 0.059185
v -0.002507 0.423037 0.059185
v 0.001422 0.421172 0.058726
v -0.000000 0.421514 0.059166
v 0.000000 0.423037 0.059523
v -0.001422 0.421172 0.058726
v -0.000000 0.600400 0.057228
v -0.002507 0.597763 0.059185
v 0.002507 0.597763 0.059185
v -0.001422 0.599628 0.058726
v 0.000000 0.599286 0.059166
v -0.000000 0.597763 0.059523
v 0.001422 0.599628 0.058726
v -0.080660 0.420400 0.031020
v -0.079782 0.423037 0.034077
v -0.083840 0.423037 0.031129
v -0.080390 0.421172 0.033068
v -0.081800 0.421514 0.032588
v -0.082009 0.423037 0.032876
v -0.082692 0.421172 0.031395
v -0.080660 0.600400 0.031020
v -0.083840 0.597763 0.031129
v -0.079782 0.597763 0.034077
v -0.082692 0.599628 0.031395
v -0.081800 0.599286 0.032588
v -0.082009 0.597763 0.032876
v -0.080390 0.599628 0.033068
v -0.130511 0.420400 -0.037594
v -0.131598 0.423037 -0.034605
v -0.133148 0.423037 -0.039374
v -0.131497 0.421172 -0.035779
v -0.132355 0.421514 -0.036995
v -0.132694 0.423037 -0.036885
v -0.132376 0.421172 -0.038484
v -0.130511 0.600400 -0.037594
v -0.133148 0.597763 -0.039374
v -0.131598 0.597763 -0.034605
v -0.132376 0.599628 -0.038484
v -0.132355 0.599286 -0.036995
v -0.132694 0.597763 -0.036885
v -0.131497 0.599628 -0.035779
v -0.130511 0.420400 -0.122406
v -0.133148 0.423037 -0.120626
v -0.131598 0.423037 -0.125395
v -0.132376 0.421172 -0.121516
v -0.132355 0.421514 -0.123005
v -0.132694 0.423037 -0.123115
v -0.131497 0.421172 -0.124221
v -0.130511 0.600400 -0.122406
v -0.131598 0.597763 -0.125395
v -0.133148 0.597763 -0.120626
v -0.131497 0.599628 -0.124221
v -0.132355 0.599286 -0.123005
v -0.132694 0.597763 -0.123115
v -0.132376 0.599628 -0.121516
v -0.080660 0.420400 -0.191020
v -0.083840 0.423037 -0.191129
v -0.079782 0.423037 -0.194077
v -0.082692 0.421172 -0.191395
v -0.081800 0.421514 -0.192588
v -0.082009 0.423037 -0.192876
v -0.080390 0.421172 -0.193068
v -0.080660 0.600400 -0.191020
v -0.079782 0.597763 -0.194077
v -0.083840 0.597763 -0.191129
v -0.080390 0.599628 -0.193068
v -0.081800 0.599286 -0.192588
v -0.082009 0.597763 -0.192876
v -0.082692 0.599628 -0.191395
v 0.000000 0.469600 -0.257228
v -0.002507 0.472237 -0.259185
v 0.002507 0.472237 -0.259185
v -0.001422 0.470372 -0.258726
v 0.000000 0.470714 -0.259166
v -0.000000 0.472237 -0.259523
v 0.001422 0.470372 -0.258726
v -0.000000 0.829600 -0.257228
v 0.002507 0.826964 -0.259185
v -0.002507 0.826964 -0.259185
v 0.001423 0.828828 -0.258726
v -0.000000 0.828486 -0.259166
v 0.000000 0.826964 -0.259523
v -0.001423 0.828828 -0.258726
v 0.092416 0.469600 -0.227200
v 0.091538 0.472237 -0.230257
v 0.095595 0.472237 -0.227310
v 0.092146 0.470372 -0.229248
v 0.093556 0.470714 -0.228768
v 0.093765 0.472237 -0.229057
v 0.094448 0.470372 -0.227576
v 0.092416 0.829600 -0.227200
v 0.095595 0.826964 -0.227310
v 0.091538 0.826964 -0.230257
v 0.094448 0.828828 -0.227576
v 0.093556 0.828486 -0.228768
v 0.093765 0.826964 -0.229057
v 0.092146 0.828828 -0.229248
v 0.149533 0.469600 -0.148586
v 0.150619 0.472237 -0.151576
v 0.152169 0.472237 -0.146806
v 0.150518 0.470372 -0.150402
v 0.151376 0.470714 -0.149185
v 0.151715 0.472237 -0.149295
v 0.151397 0.470372 -0.147696
v 0.149533 0.829600 -0.148586
v 0.152169 0.826964 -0.146806
v 0.150619 0.826964 -0.151576
v 0.151397 0.828828 -0.147696
v 0.151376 0.828486 -0.149185
v 0.151715 0.826964 -0.149295
v 0.150518 0.828828 -0.150402
v 0.149533 0.469600 -0.051414
v 0.152169 0.472237 -0.053194
v 0.150619 0.472237 -0.048424
v 0.151397 0.470372 -0.052304
v 0.151376 0.470714 -0.050815
v 0.151715 0.472237 -0.050705
v 0.150518 0.470372 -0.049598
v 0.149533 0.829600 -0.051414
v 0.150619 0.826964 -0.048424
v 0.152169 0.826964 -0.053194
v 0.150518 0.828828 -0.049598
v 0.151376 0.828486 -0.050815
v 0.151715 0.826964 -0.050705
v 0.151397 0.828828 -0.052304
v 0.092416 0.469600 0.027200
v 0.095595 0.472237 0.027310
v 0.091538 0.472237 0.030257
v 0.094448 0.470372 0.027576
v 0.093556 0.470714 0.028768
v 0.093765 0.472237 0.029057
v 0.092146 0.470372 0.029248
v 0.092416 0.829600 0.027200
v 0.091538 0.826964 0.030257
v 0.095595 0.826964 0.027310
v 0.092146 0.828828 0.029248
v 0.093556 0.828486 0.028768
v 0.093765 0.826964 0.029057
v 0.094448 0.828828 0.027576
v 0.000000 0.469600 0.057228
v 0.002507 0.472237 0.059185
v -0.002507 0.472237 0.059185
v 0.001422 0.470372 0.058726
v -0.000000 0.470714 0.059166
v 0.000000 0.472237 0.059523
v -0.001422 0.470372 0.058726
v -0.000000 0.829600 0.057228
v -0.002507 0.826964 0.059185
v 0.002507 0.826964 0.059185
v -0.001423 0.828828 0.058726
v 0.000000 0.828486 0.059166
v 0.000000 0.826964 0.059523
v 0.001423 0.828828 0.058726
v -0.092416 0.469600 0.027200
v -0.091538 0.472237 0.030257
v -0.095595 0.472237 0.027310
v -0.092146 0.470372 0.029248
v -0.093556 0.470714 0.028768
v -0.093765 0.472237 0.029057
v -0.094448 0.470372 0.027576
v -0.092416 0.829600 0.027200
v -0.095595 0.826964 0.027310
v -0.091538 0.826964 0.030257
v -0.094448 0.828828 0.027576
v -0.093556 0.828486 0.028768
v -0.093765 0.826964 0.029057
v -0.092146 0.828828 0.029248
v -0.149533 0.469600 -0.051414
v -0.150619 0.472237 -0.048424
v -0.152169 0.472237 -0.053194
v -0.150518 0.470372 -0.049598
v -0.151376 0.470714 -0.050815
v -0.151715 0.472237 -0.050705
v -0.151397 0.470372 -0.052304
v -0.149533 0.829600 -0.051414
v -0.152169 0.826964 -0.053194
v -0.150619 0.826964 -0.048424
v -0.151397 0.828828 -0.052304
v -0.151376 0.828486 -0.050815
v -0.151715 0.826964 -0.050705
v -0.150518 0.828828 -0.049598
v -0.149533 0.469600 -0.148586
v -0.152169 0.472237 -0.146806
v -0.150619 0.472237 -0.151576
v -0.151397 0.470372 -0.147696
v -0.151376 0.470714 -0.149185
v -0.151715 0.472237 -0.149295
v -0.150518 0.470372 -0.150402
v -0.149533 0.829600 -0.148586
v -0.150619 0.826964 -0.151576
v -0.152169 0.826964 -0.146806
v -0.150518 0.828828 -0.150402
v -0.151376 0.828486 -0.149185
v -0.151715 0.826964 -0.149295
v -0.151397 0.828828 -0.147696
v -0.092416 0.469600 -0.227200
v -0.095595 0.472237 -0.227310
v -0.091538 0.472237 -0.230257
v -0.094448 0.470372 -0.227576
v -0.093556 0.470714 -0.228768
v -0.093765 0.472237 -0.229057
v -0.092146 0.470372 -0.229248
v -0.092416 0.829600 -0.227200
v -0.091538 0.826964 -0.230257
v -0.095595 0.826964 -0.227310
v -0.092146 0.828828 -0.229248
v -0.093556 0.828486 -0.228768
v -0.093765 0.826964 -0.229057
v -0.094448 0.828828 -0.227576
v -0.069600 0.243600 -0.049496
v -0.069600 0.246237 -0.052200
v -0.069600 0.244372 -0.051408
v -0.069600 0.498800 -0.049496
v -0.069600 0.496163 -0.052200
v -0.069600 0.498028 -0.051408
v -0.048125 0.243600 -0.044594
v -0.046951 0.246237 -0.047031
v -0.047295 0.244372 -0.046317
v -0.048125 0.498800 -0.044594
v -0.046951 0.496163 -0.047031
v -0.047295 0.498028 -0.046317
v -0.030903 0.243600 -0.030860
v -0.028788 0.246237 -0.032546
v -0.029408 0.244372 -0.032052
v -0.030903 0.498800 -0.030860
v -0.028788 0.496163 -0.032546
v -0.029408 0.498028 -0.032052
v -0.021345 0.243600 -0.011014
v -0.018709 0.246237 -0.011616
v -0.019481 0.244372 -0.011439
v -0.021345 0.498800 -0.011014
v -0.018709 0.496163 -0.011616
v -0.019481 0.498028 -0.011439
v -0.021345 0.243600 0.011014
v -0.018709 0.246237 0.011616
v -0.019481 0.244372 0.011439
v -0.021345 0.498800 0.011014
v -0.018709 0.496163 0.011616
v -0.019481 0.498028 0.011439
v -0.030903 0.243600 0.030860
v -0.028788 0.246237 0.032546
v -0.029408 0.244372 0.032052
v -0.030903 0.498800 0.030860
v -0.028788 0.496163 0.032546
v -0.029408 0.498028 0.032052
v -0.048125 0.243600 0.044594
v -0.046951 0.246237 0.047031
v -0.047295 0.244372 0.046317
v -0.048125 0.498800 0.044594
v -0.046951 0.496163 0.047031
v -0.047295 0.498028 0.046317
v -0.069600 0.243600 0.049496
v -0.069600 0.246237 0.052200
v -0.069600 0.244372 0.051408
v -0.069600 0.498800 0.049496
v -0.069600 0.496163 0.052200
v -0.069600 0.498028 0.051408
v -0.091075 0.243600 0.044594
v -0.092249 0.246237 0.047031
v -0.091905 0.244372 0.046317
v -0.091075 0.498800 0.044594
v -0.092249 0.496163 0.047031
v -0.091905 0.498028 0.046317
v -0.108297 0.243600 0.030860
v -0.110412 0.246237 0.032546
v -0.109792 0.244372 0.032052
v -0.108297 0.498800 0.030860
v -0.110412 0.496163 0.032546
v -0.109792 0.498028 0.032052
v -0.117855 0.243600 0.011014
v -0.120491 0.246237 0.011616
v -0.119719 0.244372 0.011439
v -0.117855 0.498800 0.011014
v -0.120491 0.496163 0.011616
v -0.119719 0.498028 0.011439
v -0.117855 0.243600 -0.011014
v -0.120491 0.246237 -0.011616
v -0.119719 0.244372 -0.011439
v -0.117855 0.498800 -0.011014
v -0.120491 0.496163 -0.011616
v -0.119719 0.498028 -0.011439
v -0.108297 0.243600 -0.030860
v -0.110412 0.246237 -0.032546
v -0.109792 0.244372 -0.032052
v -0.108297 0.498800 -0.030860
v -0.110412 0.496163 -0.032546
v -0.109792 0.498028 -0.032052
v -0.091075 0.243600 -0.044594
v -0.092249 0.246237 -0.047031
v -0.091905 0.244372 -0.046317
v -0.091075 0.498800 -0.044594
v -0.092249 0.496163 -0.047031
v -0.091905 0.498028 -0.046317
v 0.069600 0.243600 -0.049496
v 0.069600 0.246237 -0.052200
v 0.069600 0.244372 -0.051408
v 0.069600 0.498800 -0.049496
v 0.069600 0.496163 -0.052200
v 0.069600 0.498028 -0.051408
v 0.091075 0.243600 -0.044594
v 0.092249 0.246237 -0.047031
v 0.091905 0.244372 -0.046317
v 0.091075 0.498800 -0.044594
v 0.092249 0.496163 -0.047031
v 0.091905 0.498028 -0.046317
v 0.108297 0.243600 -0.030860
v 0.110412 0.246237 -0.032546
v 0.109792 0.244372 -0.032052
v 0.108297 0.498800 -0.030860
v 0.110412 0.496163 -0.032546
v 0.109792 0.498028 -0.032052
v 0.117855 0.243600 -0.011014
v 0.120491 0.246237 -0.011616
v 0.119719 0.244372 -0.011439
v 0.117855 0.498800 -0.011014
v 0.120491 0.496163 -0.011616
v 0.119719 0.498028 -0.011439
v 0.117855 0.243600 0.011014
v 0.120491 0.246237 0.011616
v 0.119719 0.244372 0.011439
v 0.117855 0.498800 0.011014
v 0.120491 0.496163 0.011616
v 0.119719 0.498028 0.011439
v 0.108297 0.243600 0.030860
v 0.110412 0.246237 0.032546
v 0.109792 0.244372 0.032052
v 0.108297 0.498800 0.030860
v 0.110412 0.496163 0.032546
v 0.109792 0.498028 0.032052
v 0.091075 0.243600 0.044594
v 0.092249 0.246237 0.047031
v 0.091905 0.244372 0.046317
v 0.091075 0.498800 0.044594
v 0.092249 0.496163 0.047031
v 0.091905 0.498028 0.046317
v 0.069600 0.243600 0.049496
v 0.069600 0.246237 0.052200
v 0.069600 0.244372 0.051408
v 0.069600 0.498800 0.049496
v 0.069600 0.496163 0.052200
v 0.069600 0.498028 0.051408
v 0.048125 0.243600 0.044594
v 0.046951 0.246237 0.047031
v 0.047295 0.244372 0.046317
v 0.048125 0.498800 0.044594
v 0.046951 0.496163 0.047031
v 0.047295 0.498028 0.046317
v 0.030903 0.243600 0.030860
v 0.028788 0.246237 0.032546
v 0.029408 0.244372 0.032052
v 0.030903 0.498800 0.030860
v 0.028788 0.496163 0.032546
v 0.029408 0.498028 0.032052
v 0.021345 0.243600 0.011014
v 0.018709 0.246237 0.011616
v 0.019481 0.244372 0.011439
v 0.021345 0.498800 0.011014
v 0.018709 0.496163 0.011616
v 0.019481 0.498028 0.011439
v 0.021345 0.243600 -0.011014
v 0.018709 0.246237 -0.011616
v 0.019481 0.244372 -0.011439
v 0.021345 0.498800 -0.011014
v 0.018709 0.496163 -0.011616
v 0.019481 0.498028 -0.011439
v 0.030903 0.243600 -0.030860
v 0.028788 0.246237 -0.032546
v 0.029408 0.244372 -0.032052
v 0.030903 0.498800 -0.030860
v 0.028788 0.496163 -0.032546
v 0.029408 0.498028 -0.032052
v 0.048125 0.243600 -0.044594
v 0.046951 0.246237 -0.047031
v 0.047295 0.244372 -0.046317
v 0.048125 0.498800 -0.044594
v 0.046951 0.496163 -0.047031
v 0.047295 0.498028 -0.046317
v -0.069600 0.058000 -0.056456
v -0.069600 0.060637 -0.059160
v -0.069600 0.058772 -0.058368
v -0.069600 0.266800 -0.056456
v -0.069600 0.264163 -0.059160
v -0.069600 0.266028 -0.058368
v -0.052654 0.058000 -0.052588
v -0.051481 0.060637 -0.055024
v -0.051825 0.058772 -0.054311
v -0.052654 0.266800 -0.052588
v -0.051481 0.264163 -0.055024
v -0.051825 0.266028 -0.054311
v -0.039065 0.058000 -0.041751
v -0.036951 0.060637 -0.043437
v -0.037570 0.058772 -0.042943
v -0.039065 0.266800 -0.041751
v -0.036951 0.264163 -0.043437
v -0.037570 0.266028 -0.042943
v -0.031524 0.058000 -0.026091
v -0.028887 0.060637 -0.026692
v -0.029659 0.058772 -0.026516
v -0.031524 0.266800 -0.026091
v -0.028887 0.264163 -0.026692
v -0.029659 0.266028 -0.026516
v -0.031524 0.058000 -0.008709
v -0.028887 0.060637 -0.008108
v -0.029659 0.058772 -0.008284
v -0.031524 0.266800 -0.008709
v -0.028887 0.264163 -0.008108
v -0.029659 0.266028 -0.008284
v -0.039065 0.058000 0.006951
v -0.036951 0.060637 0.008637
v -0.037570 0.058772 0.008143
v -0.039065 0.266800 0.006951
v -0.036951 0.264163 0.008637
v -0.037570 0.266028 0.008143
v -0.052654 0.058000 0.017788
v -0.051481 0.060637 0.020224
v -0.051825 0.058772 0.019511
v -0.052654 0.266800 0.017788
v -0.051481 0.264163 0.020224
v -0.051825 0.266028 0.019511
v -0.069600 0.058000 0.021656
v -0.069600 0.060637 0.024360
v -0.069600 0.058772 0.023568
v -0.069600 0.266800 0.021656
v -0.069600 0.264163 0.024360
v -0.069600 0.266028 0.023568
v -0.086546 0.058000 0.017788
v -0.087719 0.060637 0.020224
v -0.087375 0.058772 0.019511
v -0.086546 0.266800 0.017788
v -0.087719 0.264163 0.020224
v -0.087375 0.266028 0.019511
v -0.100135 0.058000 0.006951
v -0.102249 0.060637 0.008637
v -0.101630 0.058772 0.008143
v -0.100135 0.266800 0.006951
v -0.102249 0.264163 0.008637
v -0.101630 0.266028 0.008143
v -0.107676 0.058000 -0.008709
v -0.110313 0.060637 -0.008108
v -0.109541 0.058772 -0.008284
v -0.107676 0.266800 -0.008709
v -0.110313 0.264163 -0.008108
v -0.109541 0.266028 -0.008284
v -0.107676 0.058000 -0.026091
v -0.110313 0.060637 -0.026692
v -0.109541 0.058772 -0.026516
v -0.107676 0.266800 -0.026091
v -0.110313 0.264163 -0.026692
v -0.109541 0.266028 -0.026516
v -0.100135 0.058000 -0.041751
v -0.102249 0.060637 -0.043437
v -0.101630 0.058772 -0.042943
v -0.100135 0.266800 -0.041751
v -0.102249 0.264163 -0.043437
v -0.101630 0.266028 -0.042943
v -0.086546 0.058000 -0.052588
v -0.087719 0.060637 -0.055024
v -0.087375 0.058772 -0.054311
v -0.086546 0.266800 -0.052588
v -0.087719 0.264163 -0.055024
v -0.087375 0.266028 -0.054311
v 0.069600 0.058000 -0.056456
v 0.069600 0.060637 -0.059160
v 0.069600 0.058772 -0.058368
v 0.069600 0.266800 -0.056456
v 0.069600 0.264163 -0.059160
v 0.069600 0.266028 -0.058368
v 0.086546 0.058000 -0.052588
v 0.087719 0.060637 -0.055024
v 0.087375 0.058772 -0.054311
v 0.086546 0.266800 -0.052588
v 0.087719 0.264163 -0.055024
v 0.087375 0.266028 -0.054311
v 0.100135 0.058000 -0.041751
v 0.102249 0.060637 -0.043437
v 0.101630 0.058772 -0.042943
v 0.100135 0.266800 -0.041751
v 0.102249 0.264163 -0.043437
v 0.101630 0.266028 -0.042943
v 0.107676 0.058000 -0.026091
v 0.110313 0.060637 -0.026692
v 0.109541 0.058772 -0.026516
v 0.107676 0.266800 -0.026091
v 0.110313 0.264163 -0.026692
v 0.109541 0.266028 -0.026516
v 0.107676 0.058000 -0.008709
v 0.110313 0.060637 -0.008108
v 0.109541 0.058772 -0.008284
v 0.107676 0.266800 -0.008709
v 0.110313 0.264163 -0.008108
v 0.109541 0.266028 -0.008284
v 0.100135 0.058000 0.006951
v 0.102249 0.060637 0.008637
v 0.101630 0.058772 0.008143
v 0.100135 0.266800 0.006951
v 0.102249 0.264163 0.008637
v 0.101630 0.266028 0.008143
v 0.086546 0.058000 0.017788
v 0.087719 0.060637 0.020224
v 0.087375 0.058772 0.019511
v 0.086546 0.266800 0.017788
v 0.087719 0.264163 0.020224
v 0.087375 0.266028 0.019511
v 0.069600 0.058000 0.021656
v 0.069600 0.060637 0.024360
v 0.069600 0.058772 0.023568
v 0.069600 0.266800 0.021656
v 0.069600 0.264163 0.024360
v 0.069600 0.266028 0.023568
v 0.052654 0.058000 0.017788
v 0.051481 0.060637 0.020224
v 0.051825 0.058772 0.019511
v 0.052654 0.266800 0.017788
v 0.051481 0.264163 0.020224
v 0.051825 0.266028 0.019511
v 0.039065 0.058000 0.006951
v 0.036951 0.060637 0.008637
v 0.037570 0.058772 0.008143
v 0.039065 0.266800 0.006951
v 0.036951 0.264163 0.008637
v 0.037570 0.266028 0.008143
v 0.031524 0.058000 -0.008709
v 0.028887 0.060637 -0.008108
v 0.029659 0.058772 -0.008284
v 0.031524 0.266800 -0.008709
v 0.028887 0.264163 -0.008108
v 0.029659 0.266028 -0.008284
v 0.031524 0.058000 -0.026091
v 0.028887 0.060637 -0.026692
v 0.029659 0.058772 -0.026516
v 0.031524 0.266800 -0.026091
v 0.028887 0.264163 -0.026692
v 0.029659 0.266028 -0.026516
v 0.039065 0.058000 -0.041751
v 0.036951 0.060637 -0.043437
v 0.037570 0.058772 -0.042943
v 0.039065 0.266800 -0.041751
v 0.036951 0.264163 -0.043437
v 0.037570 0.266028 -0.042943
v 0.052654 0.058000 -0.052588
v 0.051481 0.060637 -0.055024
v 0.051825 0.058772 -0.054311
v 0.052654 0.266800 -0.052588
v 0.051481 0.264163 -0.055024
v 0.051825 0.266028 -0.054311
v -0.119163 0.005800 0.037963
v -0.119163 0.008437 0.040600
v -0.121800 0.008437 0.037963
v -0.119163 0.006572 0.039828
v -0.120686 0.006914 0.039486
v -0.121028 0.008437 0.039828
v -0.121028 0.006572 0.037963
v -0.119163 0.072763 0.040600
v -0.119163 0.075400 0.037963
v -0.121800 0.072763 0.037963
v -0.119163 0.074628 0.039828
v -0.120686 0.074286 0.039486
v -0.121028 0.074628 0.037963
v -0.121028 0.072763 0.039828
v -0.119163 0.005800 -0.142363
v -0.121800 0.008437 -0.142363
v -0.119163 0.008437 -0.145000
v -0.121028 0.006572 -0.142363
v -0.120686 0.006914 -0.143886
v -0.121028 0.008437 -0.144228
v -0.119163 0.006572 -0.144228
v -0.119163 0.075400 -0.142363
v -0.119163 0.072763 -0.145000
v -0.121800 0.072763 -0.142363
v -0.119163 0.074628 -0.144228
v -0.120686 0.074286 -0.143886
v -0.121028 0.072763 -0.144228
v -0.121028 0.074628 -0.142363
v -0.020037 0.005800 0.037963
v -0.017400 0.008437 0.037963
v -0.020037 0.008437 0.040600
v -0.018172 0.006572 0.037963
v -0.018514 0.006914 0.039486
v -0.018172 0.008437 0.039828
v -0.020037 0.006572 0.039828
v -0.020037 0.075400 0.037963
v -0.020037 0.072763 0.040600
v -0.017400 0.072763 0.037963
v -0.020037 0.074628 0.039828
v -0.018514 0.074286 0.039486
v -0.018172 0.072763 0.039828
v -0.018172 0.074628 0.037963
v -0.020037 0.005800 -0.142363
v -0.020037 0.008437 -0.145000
v -0.017400 0.008437 -0.142363
v -0.020037 0.006572 -0.144228
v -0.018514 0.006914 -0.143886
v -0.018172 0.008437 -0.144228
v -0.018172 0.006572 -0.142363
v -0.020037 0.075400 -0.142363
v -0.017400 0.072763 -0.142363
v -0.020037 0.072763 -0.145000
v -0.018172 0.074628 -0.142363
v -0.018514 0.074286 -0.143886
v -0.018172 0.072763 -0.144228
v -0.020037 0.074628 -0.144228
v 0.020037 0.005800 0.037963
v 0.020037 0.008437 0.040600
v 0.017400 0.008437 0.037963
v 0.020037 0.006572 0.039828
v 0.018514 0.006914 0.039486
v 0.018172 0.008437 0.039828
v 0.018172 0.006572 0.037963
v 0.020037 0.072763 0.040600
v 0.020037 0.075400 0.037963
v 0.017400 0.072763 0.037963
v 0.020037 0.074628 0.039828
v 0.018514 0.074286 0.039486
v 0.018172 0.074628 0.037963
v 0.018172 0.072763 0.039828
v 0.020037 0.005800 -0.142363
v 0.017400 0.008437 -0.142363
v 0.020037 0.008437 -0.145000
v 0.018172 0.006572 -0.142363
v 0.018514 0.006914 -0.143886
v 0.018172 0.008437 -0.144228
v 0.020037 0.006572 -0.144228
v 0.020037 0.075400 -0.142363
v 0.020037 0.072763 -0.145000
v 0.017400 0.072763 -0.142363
v 0.020037 0.074628 -0.144228
v 0.018514 0.074286 -0.143886
v 0.018172 0.072763 -0.144228
v 0.018172 0.074628 -0.142363
v 0.119163 0.005800 0.037963
v 0.121800 0.008437 0.037963
v 0.119163 0.008437 0.040600
v 0.121028 0.006572 0.037963
v 0.120686 0.006914 0.039486
v 0.121028 0.008437 0.039828
v 0.119163 0.006572 0.039828
v 0.119163 0.075400 0.037963
v 0.119163 0.072763 0.040600
v 0.121800 0.072763 0.037963
v 0.119163 0.074628 0.039828
v 0.120686 0.074286 0.039486
v 0.121028 0.072763 0.039828
v 0.121028 0.074628 0.037963
v 0.119163 0.005800 -0.142363
v 0.119163 0.008437 -0.145000
v 0.121800 0.008437 -0.142363
v 0.119163 0.006572 -0.144228
v 0.120686 0.006914 -0.143886
v 0.121028 0.008437 -0.144228
v 0.121028 0.006572 -0.142363
v 0.119163 0.075400 -0.142363
v 0.121800 0.072763 -0.142363
v 0.119163 0.072763 -0.145000
v 0.121028 0.074628 -0.142363
v 0.120686 0.074286 -0.143886
v 0.121028 0.072763 -0.144228
v 0.119163 0.074628 -0.144228
v -0.103503 0.011600 -0.095437
v -0.103503 0.014237 -0.092800
v -0.106140 0.014237 -0.095437
v -0.103503 0.012372 -0.093572
v -0.105026 0.012714 -0.093914
v -0.105368 0.014237 -0.093572
v -0.105368 0.012372 -0.095437
v -0.103503 0.043763 -0.092800
v -0.103503 0.046400 -0.095437
v -0.106140 0.043763 -0.095437
v -0.103503 0.045628 -0.093572
v -0.105026 0.045286 -0.093914
v -0.105368 0.045628 -0.095437
v -0.105368 0.043763 -0.093572
v -0.103503 0.011600 -0.159763
v -0.106140 0.014237 -0.159763
v -0.103503 0.014237 -0.162400
v -0.105368 0.012372 -0.159763
v -0.105026 0.012714 -0.161286
v -0.105368 0.014237 -0.161628
v -0.103503 0.012372 -0.161628
v -0.103503 0.046400 -0.159763
v -0.103503 0.043763 -0.162400
v -0.106140 0.043763 -0.159763
v -0.103503 0.045628 -0.161628
v -0.105026 0.045286 -0.161286
v -0.105368 0.043763 -0.161628
v -0.105368 0.045628 -0.159763
v -0.035697 0.011600 -0.095437
v -0.033060 0.014237 -0.095437
v -0.035697 0.014237 -0.092800
v -0.033832 0.012372 -0.095437
v -0.034174 0.012714 -0.093914
v -0.033832 0.014237 -0.093572
v -0.035697 0.012372 -0.093572
v -0.035697 0.046400 -0.095437
v -0.035697 0.043763 -0.092800
v -0.033060 0.043763 -0.095437
v -0.035697 0.045628 -0.093572
v -0.034174 0.045286 -0.093914
v -0.033832 0.043763 -0.093572
v -0.033832 0.045628 -0.095437
v -0.035697 0.011600 -0.159763
v -0.035697 0.014237 -0.162400
v -0.033060 0.014237 -0.159763
v -0.035697 0.012372 -0.161628
v -0.034174 0.012714 -0.161286
v -0.033832 0.014237 -0.161628
v -0.033832 0.012372 -0.159763
v -0.035697 0.046400 -0.159763
v -0.033060 0.043763 -0.159763
v -0.035697 0.043763 -0.162400
v -0.033832 0.045628 -0.159763
v -0.034174 0.045286 -0.161286
v -0.033832 0.043763 -0.161628
v -0.035697 0.045628 -0.161628
v 0.035697 0.011600 -0.095437
v 0.035697 0.014237 -0.092800
v 0.033060 0.014237 -0.095437
v 0.035697 0.012372 -0.093572
v 0.034174 0.012714 -0.093914
v 0.033832 0.014237 -0.093572
v 0.033832 0.012372 -0.095437
v 0.035697 0.043763 -0.092800
v 0.035697 0.046400 -0.095437
v 0.033060 0.043763 -0.095437
v 0.035697 0.045628 -0.093572
v 0.034174 0.045286 -0.093914
v 0.033832 0.045628 -0.095437
v 0.033832 0.043763 -0.093572
v 0.035697 0.011600 -0.159763
v 0.033060 0.014237 -0.159763
v 0.035697 0.014237 -0.162400
v 0.033832 0.012372 -0.159763
v 0.034174 0.012714 -0.161286
v 0.033832 0.014237 -0.161628
v 0.035697 0.012372 -0.161628
v 0.035697 0.046400 -0.159763
v 0.035697 0.043763 -0.162400
v 0.033060 0.043763 -0.159763
v 0.035697 0.045628 -0.161628
v 0.034174 0.045286 -0.161286
v 0.033832 0.043763 -0.161628
v 0.033832 0.045628 -0.159763
v 0.103503 0.011600 -0.095437
v 0.106140 0.014237 -0.095437
v 0.103503 0.014237 -0.092800
v 0.105368 0.012372 -0.095437
v 0.105026 0.012714 -0.093914
v 0.105368 0.014237 -0.093572
v 0.103503 0.012372 -0.093572
v 0.103503 0.046400 -0.095437
v 0.103503 0.043763 -0.092800
v 0.106140 0.043763 -0.095437
v 0.103503 0.045628 -0.093572
v 0.105026 0.045286 -0.093914
v 0.105368 0.043763 -0.093572
v 0.105368 0.045628 -0.095437
v 0.103503 0.011600 -0.159763
v 0.103503 0.014237 -0.162400
v 0.106140 0.014237 -0.159763
v 0.103503 0.012372 -0.161628
v 0.105026 0.012714 -0.161286
v 0.105368 0.014237 -0.161628
v 0.105368 0.012372 -0.159763
v 0.103503 0.046400 -0.159763
v 0.106140 0.043763 -0.159763
v 0.103503 0.043763 -0.162400
v 0.105368 0.045628 -0.159763
v 0.105026 0.045286 -0.161286
v 0.105368 0.043763 -0.161628
v 0.103503 0.045628 -0.161628
v -0.237577 0.642044 -0.039056
v -0.236850 0.644579 -0.041760
v -0.237364 0.642787 -0.040968
v -0.180023 0.842756 -0.039056
v -0.180750 0.840221 -0.041760
v -0.180236 0.842013 -0.040968
v -0.221287 0.637373 -0.035188
v -0.219433 0.639584 -0.037624
v -0.220277 0.637887 -0.036911
v -0.163734 0.838085 -0.035188
v -0.163333 0.835227 -0.037624
v -0.163150 0.837114 -0.036911
v -0.208224 0.633628 -0.024351
v -0.205465 0.635579 -0.026037
v -0.206574 0.633958 -0.025543
v -0.150671 0.834339 -0.024351
v -0.149366 0.831222 -0.026037
v -0.149447 0.833185 -0.025543
v -0.200975 0.631549 -0.008691
v -0.197714 0.633357 -0.009292
v -0.198970 0.631777 -0.009116
v -0.143422 0.832260 -0.008691
v -0.141614 0.828999 -0.009292
v -0.141843 0.831004 -0.009116
v -0.200975 0.631549 0.008691
v -0.197714 0.633357 0.009292
v -0.198970 0.631777 0.009116
v -0.143422 0.832260 0.008691
v -0.141614 0.828999 0.009292
v -0.141843 0.831004 0.009116
v -0.208224 0.633628 0.024351
v -0.205465 0.635579 0.026037
v -0.206574 0.633958 0.025543
v -0.150671 0.834339 0.024351
v -0.149366 0.831222 0.026037
v -0.149447 0.833185 0.025543
v -0.221287 0.637373 0.035188
v -0.219433 0.639584 0.037624
v -0.220277 0.637887 0.036911
v -0.163734 0.838085 0.035188
v -0.163333 0.835227 0.037624
v -0.163150 0.837114 0.036911
v -0.237577 0.642044 0.039056
v -0.236850 0.644579 0.041760
v -0.237364 0.642787 0.040968
v -0.180023 0.842756 0.039056
v -0.180750 0.840221 0.041760
v -0.180236 0.842013 0.040968
v -0.253866 0.646715 0.035188
v -0.254267 0.649573 0.037624
v -0.254450 0.647686 0.036911
v -0.196313 0.847427 0.035188
v -0.198167 0.845216 0.037624
v -0.197323 0.846913 0.036911
v -0.266929 0.650461 0.024351
v -0.268234 0.653578 0.026037
v -0.268153 0.651615 0.025543
v -0.209376 0.851172 0.024351
v -0.212135 0.849221 0.026037
v -0.211026 0.850842 0.025543
v -0.274178 0.652540 0.008691
v -0.275986 0.655801 0.009292
v -0.275757 0.653796 0.009116
v -0.216625 0.853251 0.008691
v -0.219886 0.851443 0.009292
v -0.218630 0.853023 0.009116
v -0.274178 0.652540 -0.008691
v -0.275986 0.655801 -0.009292
v -0.275757 0.653796 -0.009116
v -0.216625 0.853251 -0.008691
v -0.219886 0.851443 -0.009292
v -0.218630 0.853023 -0.009116
v -0.266929 0.650461 -0.024351
v -0.268234 0.653578 -0.026037
v -0.268153 0.651615 -0.025543
v -0.209376 0.851172 -0.024351
v -0.212135 0.849221 -0.026037
v -0.211026 0.850842 -0.025543
v -0.253866 0.646715 -0.035188
v -0.254267 0.649573 -0.037624
v -0.254450 0.647686 -0.036911
v -0.196313 0.847427 -0.035188
v -0.198167 0.845216 -0.037624
v -0.197323 0.846913 -0.036911
v 0.237577 0.642044 -0.039056
v 0.236850 0.644579 -0.041760
v 0.237364 0.642787 -0.040968
v 0.180023 0.842756 -0.039056
v 0.180750 0.840221 -0.041760
v 0.180236 0.842013 -0.040968
v 0.253866 0.646715 -0.035188
v 0.254267 0.649573 -0.037624
v 0.254450 0.647686 -0.036911
v 0.196313 0.847427 -0.035188
v 0.198167 0.845216 -0.037624
v 0.197323 0.846913 -0.036911
v 0.266929 0.650461 -0.024351
v 0.268234 0.653578 -0.026037
v 0.268153 0.651615 -0.025543
v 0.209376 0.851172 -0.024351
v 0.212135 0.849221 -0.026037
v 0.211026 0.850842 -0.025543
v 0.274178 0.652540 -0.008691
v 0.275986 0.655801 -0.009292
v 0.275757 0.653796 -0.009116
v 0.216625 0.853251 -0.008691
v 0.219886 0.851443 -0.009292
v 0.218630 0.853023 -0.009116
v 0.274178 0.652540 0.008691
v 0.275986 0.655801 0.009292
v 0.275757 0.653796 0.009116
v 0.216625 0.853251 0.008691
v 0.219886 0.851443 0.009292
v 0.218630 0.853023 0.009116
v 0.266929 0.650461 0.024351
v 0.268234 0.653578 0.026037
v 0.268153 0.651615 0.025543
v 0.209376 0.851172 0.024351
v 0.212135 0.849221 0.026037
v 0.211026 0.850842 0.025543
v 0.253866 0.646715 0.035188
v 0.254267 0.649573 0.037624
v 0.254450 0.647686 0.036911
v 0.196313 0.847427 0.035188
v 0.198167 0.845216 0.037624
v 0.197323 0.846913 0.036911
v 0.237577 0.642044 0.039056
v 0.236850 0.644579 0.041760
v 0.237364 0.642787 0.040968
v 0.180023 0.842756 0.039056
v 0.180750 0.840221 0.041760
v 0.180236 0.842013 0.040968
v 0.221287 0.637373 0.035188
v 0.219433 0.639584 0.037624
v 0.220277 0.637887 0.036911
v 0.163734 0.838085 0.035188
v 0.163333 0.835227 0.037624
v 0.163150 0.837114 0.036911
v 0.208224 0.633628 0.024351
v 0.205465 0.635579 0.026037
v 0.206574 0.633958 0.025543
v 0.150671 0.834339 0.024351
v 0.149366 0.831222 0.026037
v 0.149447 0.833185 0.025543
v 0.200975 0.631549 0.008691
v 0.197714 0.633357 0.009292
v 0.198970 0.631777 0.009116
v 0.143422 0.832260 0.008691
v 0.141614 0.828999 0.009292
v 0.141843 0.831004 0.009116
v 0.200975 0.631549 -0.008691
v 0.197714 0.633357 -0.009292
v 0.198970 0.631777 -0.009116
v 0.143422 0.832260 -0.008691
v 0.141614 0.828999 -0.009292
v 0.141843 0.831004 -0.009116
v 0.208224 0.633628 -0.024351
v 0.205465 0.635579 -0.026037
v 0.206574 0.633958 -0.025543
v 0.150671 0.834339 -0.024351
v 0.149366 0.831222 -0.026037
v 0.149447 0.833185 -0.025543
v 0.221287 0.637373 -0.035188
v 0.219433 0.639584 -0.037624
v 0.220277 0.637887 -0.036911
v 0.163734 0.838085 -0.035188
v 0.163333 0.835227 -0.037624
v 0.163150 0.837114 -0.036911
v -0.252672 0.649600 -0.050219
v -0.257728 0.649600 -0.050219
v -0.255200 0.649600 -0.050559
v -0.239655 0.673387 -0.034493
v -0.243747 0.673387 -0.037466
v -0.242507 0.674852 -0.034871
v -0.241501 0.673387 -0.036255
v -0.235369 0.662473 -0.040393
v -0.239460 0.662473 -0.043365
v -0.237215 0.662473 -0.042154
v -0.233865 0.649600 -0.042465
v -0.237955 0.649600 -0.045437
v -0.235710 0.649600 -0.044226
v -0.235369 0.636727 -0.040393
v -0.239460 0.636727 -0.043365
v -0.237215 0.636727 -0.042154
v -0.243747 0.625813 -0.037466
v -0.239655 0.625813 -0.034493
v -0.242507 0.624348 -0.034871
v -0.241501 0.625813 -0.036255
v -0.232577 0.673387 -0.022091
v -0.234140 0.673387 -0.026902
v -0.234662 0.674852 -0.024073
v -0.233035 0.673387 -0.024602
v -0.225642 0.662473 -0.024345
v -0.227204 0.662473 -0.029155
v -0.226100 0.662473 -0.026855
v -0.223206 0.649600 -0.025137
v -0.224769 0.649600 -0.029946
v -0.223664 0.649600 -0.027647
v -0.225642 0.636727 -0.024345
v -0.227204 0.636727 -0.029155
v -0.226100 0.636727 -0.026855
v -0.234140 0.625813 -0.026902
v -0.232577 0.625813 -0.022091
v -0.234662 0.624348 -0.024073
v -0.233035 0.625813 -0.024602
v -0.234140 0.673387 -0.007898
v -0.232577 0.673387 -0.012709
v -0.234662 0.674852 -0.010727
v -0.233035 0.673387 -0.010198
v -0.227204 0.662473 -0.005645
v -0.225642 0.662473 -0.010455
v -0.226100 0.662473 -0.007945
v -0.224769 0.649600 -0.004854
v -0.223206 0.649600 -0.009663
v -0.223664 0.649600 -0.007153
v -0.227204 0.636727 -0.005645
v -0.225642 0.636727 -0.010455
v -0.226100 0.636727 -0.007945
v -0.232577 0.625813 -0.012709
v -0.234140 0.625813 -0.007898
v -0.234662 0.624348 -0.010727
v -0.233035 0.625813 -0.010198
v -0.243747 0.673387 0.002666
v -0.239655 0.673387 -0.000307
v -0.242507 0.674852 0.000071
v -0.241501 0.673387 0.001455
v -0.239460 0.662473 0.008565
v -0.235369 0.662473 0.005593
v -0.237215 0.662473 0.007354
v -0.237955 0.649600 0.010637
v -0.233865 0.649600 0.007665
v -0.235710 0.649600 0.009426
v -0.239460 0.636727 0.008565
v -0.235369 0.636727 0.005593
v -0.237215 0.636727 0.007354
v -0.239655 0.625813 -0.000307
v -0.243747 0.625813 0.002666
v -0.242507 0.624348 0.000071
v -0.241501 0.625813 0.001455
v -0.257729 0.673387 0.005565
v -0.252671 0.673387 0.005565
v -0.255200 0.674852 0.004195
v -0.255200 0.673387 0.005906
v -0.257728 0.662473 0.012858
v -0.252672 0.662473 0.012858
v -0.255200 0.662473 0.013198
v -0.257728 0.649600 0.015419
v -0.252672 0.649600 0.015419
v -0.255200 0.649600 0.015759
v -0.257728 0.636727 0.012858
v -0.252672 0.636727 0.012858
v -0.255200 0.636727 0.013198
v -0.252671 0.625813 0.005565
v -0.257729 0.625813 0.005565
v -0.255200 0.624348 0.004195
v -0.255200 0.625813 0.005906
v -0.270745 0.673387 -0.000307
v -0.266653 0.673387 0.002666
v -0.267893 0.674852 0.000071
v -0.268899 0.673387 0.001455
v -0.275031 0.662473 0.005593
v -0.270940 0.662473 0.008565
v -0.273185 0.662473 0.007354
v -0.276535 0.649600 0.007665
v -0.272445 0.649600 0.010637
v -0.274690 0.649600 0.009426
v -0.275031 0.636727 0.005593
v -0.270940 0.636727 0.008565
v -0.273185 0.636727 0.007354
v -0.266653 0.625813 0.002666
v -0.270745 0.625813 -0.000307
v -0.267893 0.624348 0.000071
v -0.268899 0.625813 0.001455
v -0.277823 0.673387 -0.012709
v -0.276260 0.673387 -0.007898
v -0.275738 0.674852 -0.010727
v -0.277365 0.673387 -0.010198
v -0.284758 0.662473 -0.010455
v -0.283196 0.662473 -0.005645
v -0.284300 0.662473 -0.007945
v -0.287194 0.649600 -0.009663
v -0.285631 0.649600 -0.004854
v -0.286736 0.649600 -0.007153
v -0.284758 0.636727 -0.010455
v -0.283196 0.636727 -0.005645
v -0.284300 0.636727 -0.007945
v -0.276260 0.625813 -0.007898
v -0.277823 0.625813 -0.012709
v -0.275738 0.624348 -0.010727
v -0.277365 0.625813 -0.010198
v -0.276260 0.673387 -0.026902
v -0.277823 0.673387 -0.022091
v -0.275738 0.674852 -0.024073
v -0.277365 0.673387 -0.024602
v -0.283196 0.662473 -0.029155
v -0.284758 0.662473 -0.024345
v -0.284300 0.662473 -0.026855
v -0.285631 0.649600 -0.029946
v -0.287194 0.649600 -0.025137
v -0.286736 0.649600 -0.027647
v -0.283196 0.636727 -0.029155
v -0.284758 0.636727 -0.024345
v -0.284300 0.636727 -0.026855
v -0.277823 0.625813 -0.022091
v -0.276260 0.625813 -0.026902
v -0.275738 0.624348 -0.024073
v -0.277365 0.625813 -0.024602
v -0.266653 0.673387 -0.037466
v -0.270745 0.673387 -0.034493
v -0.267893 0.674852 -0.034871
v -0.268899 0.673387 -0.036255
v -0.270940 0.662473 -0.043365
v -0.275031 0.662473 -0.040393
v -0.273185 0.662473 -0.042154
v -0.272445 0.649600 -0.045437
v -0.276535 0.649600 -0.042465
v -0.274690 0.649600 -0.044226
v -0.270940 0.636727 -0.043365
v -0.275031 0.636727 -0.040393
v -0.273185 0.636727 -0.042154
v -0.270745 0.625813 -0.034493
v -0.266653 0.625813 -0.037466
v -0.267893 0.624348 -0.034871
v -0.268899 0.625813 -0.036255
v -0.252671 0.673387 -0.040365
v -0.257729 0.673387 -0.040365
v -0.255200 0.674852 -0.038995
v -0.255200 0.673387 -0.040706
v -0.252672 0.662473 -0.047658
v -0.257728 0.662473 -0.047658
v -0.255200 0.662473 -0.047998
v -0.257728 0.636727 -0.047658
v -0.252672 0.636727 -0.047658
v -0.255200 0.636727 -0.047998
v -0.257729 0.625813 -0.040365
v -0.252671 0.625813 -0.040365
v -0.255200 0.624348 -0.038995
v -0.255200 0.625813 -0.040706
v 0.257728 0.649600 -0.050219
v 0.252672 0.649600 -0.050219
v 0.255200 0.649600 -0.050559
v 0.270745 0.673387 -0.034493
v 0.266653 0.673387 -0.037466
v 0.267893 0.674852 -0.034871
v 0.268899 0.673387 -0.036255
v 0.275031 0.662473 -0.040393
v 0.270940 0.662473 -0.043365
v 0.273185 0.662473 -0.042154
v 0.276535 0.649600 -0.042465
v 0.272445 0.649600 -0.045437
v 0.274690 0.649600 -0.044226
v 0.275031 0.636727 -0.040393
v 0.270940 0.636727 -0.043365
v 0.273185 0.636727 -0.042154
v 0.266653 0.625813 -0.037466
v 0.270745 0.625813 -0.034493
v 0.267893 0.624348 -0.034871
v 0.268899 0.625813 -0.036255
v 0.277823 0.673387 -0.022091
v 0.276260 0.673387 -0.026902
v 0.275738 0.674852 -0.024073
v 0.277365 0.673387 -0.024602
v 0.284758 0.662473 -0.024345
v 0.283196 0.662473 -0.029155
v 0.284300 0.662473 -0.026855
v 0.287194 0.649600 -0.025137
v 0.285631 0.649600 -0.029946
v 0.286736 0.649600 -0.027647
v 0.284758 0.636727 -0.024345
v 0.283196 0.636727 -0.029155
v 0.284300 0.636727 -0.026855
v 0.276260 0.625813 -0.026902
v 0.277823 0.625813 -0.022091
v 0.275738 0.624348 -0.024073
v 0.277365 0.625813 -0.024602
v 0.276260 0.673387 -0.007898
v 0.277823 0.673387 -0.012709
v 0.275738 0.674852 -0.010727
v 0.277365 0.673387 -0.010198
v 0.283196 0.662473 -0.005645
v 0.284758 0.662473 -0.010455
v 0.284300 0.662473 -0.007945
v 0.285631 0.649600 -0.004854
v 0.287194 0.649600 -0.009663
v 0.286736 0.649600 -0.007153
v 0.283196 0.636727 -0.005645
v 0.284758 0.636727 -0.010455
v 0.284300 0.636727 -0.007945
v 0.277823 0.625813 -0.012709
v 0.276260 0.625813 -0.007898
v 0.275738 0.624348 -0.010727
v 0.277365 0.625813 -0.010198
v 0.266653 0.673387 0.002666
v 0.270745 0.673387 -0.000307
v 0.267893 0.674852 0.000071
v 0.268899 0.673387 0.001455
v 0.270940 0.662473 0.008565
v 0.275031 0.662473 0.005593
v 0.273185 0.662473 0.007354
v 0.272445 0.649600 0.010637
v 0.276535 0.649600 0.007665
v 0.274690 0.649600 0.009426
v 0.270940 0.636727 0.008565
v 0.275031 0.636727 0.005593
v 0.273185 0.636727 0.007354
v 0.270745 0.625813 -0.000307
v 0.266653 0.625813 0.002666
v 0.267893 0.624348 0.000071
v 0.268899 0.625813 0.001455
v 0.252671 0.673387 0.005565
v 0.257729 0.673387 0.005565
v 0.255200 0.674852 0.004195
v 0.255200 0.673387 0.005906
v 0.252672 0.662473 0.012858
v 0.257728 0.662473 0.012858
v 0.255200 0.662473 0.013198
v 0.252672 0.649600 0.015419
v 0.257728 0.649600 0.015419
v 0.255200 0.649600 0.015759
v 0.252672 0.636727 0.012858
v 0.257728 0.636727 0.012858
v 0.255200 0.636727 0.013198
v 0.257729 0.625813 0.005565
v 0.252671 0.625813 0.005565
v 0.255200 0.624348 0.004195
v 0.255200 0.625813 0.005906
v 0.239655 0.673387 -0.000307
v 0.243747 0.673387 0.002666
v 0.242507 0.674852 0.000071
v 0.241501 0.673387 0.001455
v 0.235369 0.662473 0.005593
v 0.239460 0.662473 0.008565
v 0.237215 0.662473 0.007354
v 0.233865 0.649600 0.007665
v 0.237955 0.649600 0.010637
v 0.235710 0.649600 0.009426
v 0.235369 0.636727 0.005593
v 0.239460 0.636727 0.008565
v 0.237215 0.636727 0.007354
v 0.243747 0.625813 0.002666
v 0.239655 0.625813 -0.000307
v 0.242507 0.624348 0.000071
v 0.241501 0.625813 0.001455
v 0.232577 0.673387 -0.012709
v 0.234140 0.673387 -0.007898
v 0.234662 0.674852 -0.010727
v 0.233035 0.673387 -0.010198
v 0.225642 0.662473 -0.010455
v 0.227204 0.662473 -0.005645
v 0.226100 0.662473 -0.007945
v 0.223206 0.649600 -0.009663
v 0.224769 0.649600 -0.004854
v 0.223664 0.649600 -0.007153
v 0.225642 0.636727 -0.010455
v 0.227204 0.636727 -0.005645
v 0.226100 0.636727 -0.007945
v 0.234140 0.625813 -0.007898
v 0.232577 0.625813 -0.012709
v 0.234662 0.624348 -0.010727
v 0.233035 0.625813 -0.010198
v 0.234140 0.673387 -0.026902
v 0.232577 0.673387 -0.022091
v 0.234662 0.674852 -0.024073
v 0.233035 0.673387 -0.024602
v 0.227204 0.662473 -0.029155
v 0.225642 0.662473 -0.024345
v 0.226100 0.662473 -0.026855
v 0.224769 0.649600 -0.029946
v 0.223206 0.649600 -0.025137
v 0.223664 0.649600 -0.027647
v 0.227204 0.636727 -0.029155
v 0.225642 0.636727 -0.024345
v 0.226100 0.636727 -0.026855
v 0.232577 0.625813 -0.022091
v 0.234140 0.625813 -0.026902
v 0.234662 0.624348 -0.024073
v 0.233035 0.625813 -0.024602
v 0.243747 0.673387 -0.037466
v 0.239655 0.673387 -0.034493
v 0.242507 0.674852 -0.034871
v 0.241501 0.673387 -0.036255
v 0.239460 0.662473 -0.043365
v 0.235369 0.662473 -0.040393
v 0.237215 0.662473 -0.042154
v 0.237955 0.649600 -0.045437
v 0.233865 0.649600 -0.042465
v 0.235710 0.649600 -0.044226
v 0.239460 0.636727 -0.043365
v 0.235369 0.636727 -0.040393
v 0.237215 0.636727 -0.042154
v 0.239655 0.625813 -0.034493
v 0.243747 0.625813 -0.037466
v 0.242507 0.624348 -0.034871
v 0.241501 0.625813 -0.036255
v 0.257729 0.673387 -0.040365
v 0.252671 0.673387 -0.040365
v 0.255200 0.674852 -0.038995
v 0.255200 0.673387 -0.040706
v 0.257728 0.662473 -0.047658
v 0.252672 0.662473 -0.047658
v 0.255200 0.662473 -0.047998
v 0.252672 0.636727 -0.047658
v 0.257728 0.636727 -0.047658
v 0.255200 0.636727 -0.047998
v 0.252671 0.625813 -0.040365
v 0.257729 0.625813 -0.040365
v 0.255200 0.624348 -0.038995
v 0.255200 0.625813 -0.040706
v -0.294515 0.488610 -0.061096
v -0.294057 0.491206 -0.063800
v -0.294380 0.489370 -0.063008
v -0.262285 0.671390 -0.061096
v -0.262743 0.668794 -0.063800
v -0.262420 0.670630 -0.063008
v -0.280800 0.486192 -0.057917
v -0.279187 0.488584 -0.060354
v -0.279849 0.486808 -0.059640
v -0.248571 0.668972 -0.057917
v -0.247874 0.666172 -0.060354
v -0.247888 0.668067 -0.059640
v -0.269802 0.484252 -0.049011
v -0.267262 0.486482 -0.050697
v -0.268196 0.484753 -0.050204
v -0.237573 0.667033 -0.049011
v -0.235949 0.664069 -0.050697
v -0.236235 0.666013 -0.050204
v -0.263699 0.483176 -0.036142
v -0.260645 0.485315 -0.036744
v -0.261729 0.483613 -0.036567
v -0.231470 0.665956 -0.036142
v -0.229331 0.662902 -0.036744
v -0.229768 0.664872 -0.036567
v -0.263699 0.483176 -0.021858
v -0.260645 0.485315 -0.021256
v -0.261729 0.483613 -0.021433
v -0.231470 0.665956 -0.021858
v -0.229331 0.662902 -0.021256
v -0.229768 0.664872 -0.021433
v -0.269802 0.484252 -0.008989
v -0.267262 0.486482 -0.007303
v -0.268196 0.484753 -0.007796
v -0.237573 0.667033 -0.008989
v -0.235949 0.664069 -0.007303
v -0.236235 0.666013 -0.007796
v -0.280800 0.486192 -0.000083
v -0.279187 0.488584 0.002354
v -0.279849 0.486808 0.001640
v -0.248571 0.668972 -0.000083
v -0.247874 0.666172 0.002354
v -0.247888 0.668067 0.001640
v -0.294515 0.488610 0.003096
v -0.294057 0.491206 0.005800
v -0.294380 0.489370 0.005008
v -0.262285 0.671390 0.003096
v -0.262743 0.668794 0.005800
v -0.262420 0.670630 0.005008
v -0.308229 0.491028 -0.000083
v -0.308926 0.493828 0.002354
v -0.308912 0.491933 0.001640
v -0.276000 0.673808 -0.000083
v -0.277613 0.671416 0.002354
v -0.276951 0.673192 0.001640
v -0.319227 0.492967 -0.008989
v -0.320851 0.495931 -0.007303
v -0.320565 0.493987 -0.007796
v -0.286998 0.675748 -0.008989
v -0.289538 0.673518 -0.007303
v -0.288604 0.675247 -0.007796
v -0.325330 0.494043 -0.021858
v -0.327469 0.497098 -0.021256
v -0.327032 0.495128 -0.021433
v -0.293101 0.676824 -0.021858
v -0.296155 0.674685 -0.021256
v -0.295071 0.676387 -0.021433
v -0.325330 0.494043 -0.036142
v -0.327469 0.497098 -0.036744
v -0.327032 0.495128 -0.036567
v -0.293101 0.676824 -0.036142
v -0.296155 0.674685 -0.036744
v -0.295071 0.676387 -0.036567
v -0.319227 0.492967 -0.049011
v -0.320851 0.495931 -0.050697
v -0.320565 0.493987 -0.050204
v -0.286998 0.675748 -0.049011
v -0.289538 0.673518 -0.050697
v -0.288604 0.675247 -0.050204
v -0.308229 0.491028 -0.057917
v -0.308926 0.493828 -0.060354
v -0.308912 0.491933 -0.059640
v -0.276000 0.673808 -0.057917
v -0.277613 0.671416 -0.060354
v -0.276951 0.673192 -0.059640
v 0.294515 0.488610 -0.061096
v 0.294057 0.491206 -0.063800
v 0.294380 0.489370 -0.063008
v 0.262285 0.671390 -0.061096
v 0.262743 0.668794 -0.063800
v 0.262420 0.670630 -0.063008
v 0.308229 0.491028 -0.057917
v 0.308926 0.493828 -0.060354
v 0.308912 0.491933 -0.059640
v 0.276000 0.673808 -0.057917
v 0.277613 0.671416 -0.060354
v 0.276951 0.673192 -0.059640
v 0.319227 0.492967 -0.049011
v 0.320851 0.495931 -0.050697
v 0.320565 0.493987 -0.050204
v 0.286998 0.675748 -0.049011
v 0.289538 0.673518 -0.050697
v 0.288604 0.675247 -0.050204
v 0.325330 0.494043 -0.036142
v 0.327469 0.497098 -0.036744
v 0.327032 0.495128 -0.036567
v 0.293101 0.676824 -0.036142
v 0.296155 0.674685 -0.036744
v 0.295071 0.676387 -0.036567
v 0.325330 0.494043 -0.021858
v 0.327469 0.497098 -0.021256
v 0.327032 0.495128 -0.021433
v 0.293101 0.676824 -0.021858
v 0.296155 0.674685 -0.021256
v 0.295071 0.676387 -0.021433
v 0.319227 0.492967 -0.008989
v 0.320851 0.495931 -0.007303
v 0.320565 0.493987 -0.007796
v 0.286998 0.675748 -0.008989
v 0.289538 0.673518 -0.007303
v 0.288604 0.675247 -0.007796
v 0.308229 0.491028 -0.000083
v 0.308926 0.493828 0.002354
v 0.308912 0.491933 0.001640
v 0.276000 0.673808 -0.000083
v 0.277613 0.671416 0.002354
v 0.276951 0.673192 0.001640
v 0.294515 0.488610 0.003096
v 0.294057 0.491206 0.005800
v 0.294380 0.489370 0.005008
v 0.262285 0.671390 0.003096
v 0.262743 0.668794 0.005800
v 0.262420 0.670630 0.005008
v 0.280800 0.486192 -0.000083
v 0.279187 0.488584 0.002354
v 0.279849 0.486808 0.001640
v 0.248571 0.668972 -0.000083
v 0.247874 0.666172 0.002354
v 0.247888 0.668067 0.001640
v 0.269802 0.484252 -0.008989
v 0.267262 0.486482 -0.007303
v 0.268196 0.484753 -0.007796
v 0.237573 0.667033 -0.008989
v 0.235949 0.664069 -0.007303
v 0.236235 0.666013 -0.007796
v 0.263699 0.483176 -0.021858
v 0.260645 0.485315 -0.021256
v 0.261729 0.483613 -0.021433
v 0.231470 0.665956 -0.021858
v 0.229331 0.662902 -0.021256
v 0.229768 0.664872 -0.021433
v 0.263699 0.483176 -0.036142
v 0.260645 0.485315 -0.036744
v 0.261729 0.483613 -0.036567
v 0.231470 0.665956 -0.036142
v 0.229331 0.662902 -0.036744
v 0.229768 0.664872 -0.036567
v 0.269802 0.484252 -0.049011
v 0.267262 0.486482 -0.050697
v 0.268196 0.484753 -0.050204
v 0.237573 0.667033 -0.049011
v 0.235949 0.664069 -0.050697
v 0.236235 0.666013 -0.050204
v 0.280800 0.486192 -0.057917
v 0.279187 0.488584 -0.060354
v 0.279849 0.486808 -0.059640
v 0.248571 0.668972 -0.057917
v 0.247874 0.666172 -0.060354
v 0.247888 0.668067 -0.059640
v -0.302702 0.501316 -0.060849
v -0.305393 0.503941 -0.057145
v -0.303955 0.502876 -0.059124
v -0.295407 0.491550 -0.066610
v -0.299477 0.491550 -0.069567
v -0.298058 0.493414 -0.067242
v -0.297243 0.491550 -0.068363
v -0.292895 0.475600 -0.070068
v -0.296965 0.475600 -0.073025
v -0.294731 0.475600 -0.071820
v -0.299477 0.459650 -0.069567
v -0.295407 0.459650 -0.066610
v -0.298058 0.457786 -0.067242
v -0.297243 0.459650 -0.068363
v -0.305393 0.447259 -0.057145
v -0.302702 0.449884 -0.060849
v -0.303955 0.448324 -0.059124
v -0.300568 0.503941 -0.050504
v -0.296214 0.501316 -0.051919
v -0.298242 0.502876 -0.051260
v -0.286926 0.491550 -0.052292
v -0.288481 0.491550 -0.057077
v -0.288699 0.493414 -0.054361
v -0.287381 0.491550 -0.054789
v -0.282861 0.475600 -0.053613
v -0.284416 0.475600 -0.058397
v -0.283317 0.475600 -0.056110
v -0.288481 0.459650 -0.057077
v -0.286926 0.459650 -0.052292
v -0.288699 0.457786 -0.054361
v -0.287381 0.459650 -0.054789
v -0.296214 0.449884 -0.051919
v -0.300568 0.447259 -0.050504
v -0.298242 0.448324 -0.051260
v -0.300568 0.503941 -0.042296
v -0.296214 0.501316 -0.040881
v -0.298242 0.502876 -0.041540
v -0.288481 0.491550 -0.035723
v -0.286926 0.491550 -0.040508
v -0.288699 0.493414 -0.038439
v -0.287381 0.491550 -0.038011
v -0.284416 0.475600 -0.034403
v -0.282861 0.475600 -0.039187
v -0.283317 0.475600 -0.036690
v -0.286926 0.459650 -0.040508
v -0.288481 0.459650 -0.035723
v -0.288699 0.457786 -0.038439
v -0.287381 0.459650 -0.038011
v -0.296214 0.449884 -0.040881
v -0.300568 0.447259 -0.042296
v -0.298242 0.448324 -0.041540
v -0.305393 0.503941 -0.035655
v -0.302702 0.501316 -0.031951
v -0.303955 0.502876 -0.033676
v -0.299477 0.491550 -0.023233
v -0.295407 0.491550 -0.026190
v -0.298058 0.493414 -0.025558
v -0.297243 0.491550 -0.024437
v -0.296965 0.475600 -0.019775
v -0.292895 0.475600 -0.022732
v -0.294731 0.475600 -0.020980
v -0.295407 0.459650 -0.026190
v -0.299477 0.459650 -0.023233
v -0.298058 0.457786 -0.025558
v -0.297243 0.459650 -0.024437
v -0.302702 0.449884 -0.031951
v -0.305393 0.447259 -0.035655
v -0.303955 0.448324 -0.033676
v -0.313200 0.503941 -0.033118
v -0.313200 0.501316 -0.028540
v -0.313200 0.502876 -0.030672
v -0.315716 0.491550 -0.019591
v -0.310684 0.491550 -0.019591
v -0.313200 0.493414 -0.020638
v -0.313200 0.491550 -0.019253
v -0.315716 0.475600 -0.015317
v -0.310684 0.475600 -0.015317
v -0.313200 0.475600 -0.014979
v -0.310684 0.459650 -0.019591
v -0.315716 0.459650 -0.019591
v -0.313200 0.457786 -0.020638
v -0.313200 0.459650 -0.019253
v -0.313200 0.449884 -0.028540
v -0.313200 0.447259 -0.033118
v -0.313200 0.448324 -0.030672
v -0.321007 0.503941 -0.035655
v -0.323698 0.501316 -0.031951
v -0.322445 0.502876 -0.033676
v -0.330993 0.491550 -0.026190
v -0.326923 0.491550 -0.023233
v -0.328342 0.493414 -0.025558
v -0.329157 0.491550 -0.024437
v -0.333505 0.475600 -0.022732
v -0.329435 0.475600 -0.019775
v -0.331669 0.475600 -0.020980
v -0.326923 0.459650 -0.023233
v -0.330993 0.459650 -0.026190
v -0.328342 0.457786 -0.025558
v -0.329157 0.459650 -0.024437
v -0.323698 0.449884 -0.031951
v -0.321007 0.447259 -0.035655
v -0.322445 0.448324 -0.033676
v -0.325832 0.503941 -0.042296
v -0.330186 0.501316 -0.040881
v -0.328158 0.502876 -0.041540
v -0.339474 0.491550 -0.040508
v -0.337919 0.491550 -0.035723
v -0.337701 0.493414 -0.038439
v -0.339019 0.491550 -0.038011
v -0.343539 0.475600 -0.039187
v -0.341984 0.475600 -0.034403
v -0.343083 0.475600 -0.036690
v -0.337919 0.459650 -0.035723
v -0.339474 0.459650 -0.040508
v -0.337701 0.457786 -0.038439
v -0.339019 0.459650 -0.038011
v -0.330186 0.449884 -0.040881
v -0.325832 0.447259 -0.042296
v -0.328158 0.448324 -0.041540
v -0.325832 0.503941 -0.050504
v -0.330186 0.501316 -0.051919
v -0.328158 0.502876 -0.051260
v -0.337919 0.491550 -0.057077
v -0.339474 0.491550 -0.052292
v -0.337701 0.493414 -0.054361
v -0.339019 0.491550 -0.054789
v -0.341984 0.475600 -0.058397
v -0.343539 0.475600 -0.053613
v -0.343083 0.475600 -0.056110
v -0.339474 0.459650 -0.052292
v -0.337919 0.459650 -0.057077
v -0.337701 0.457786 -0.054361
v -0.339019 0.459650 -0.054789
v -0.330186 0.449884 -0.051919
v -0.325832 0.447259 -0.050504
v -0.328158 0.448324 -0.051260
v -0.321007 0.503941 -0.057145
v -0.323698 0.501316 -0.060849
v -0.322445 0.502876 -0.059124
v -0.326923 0.491550 -0.069567
v -0.330993 0.491550 -0.066610
v -0.328342 0.493414 -0.067242
v -0.329157 0.491550 -0.068363
v -0.329435 0.475600 -0.073025
v -0.333505 0.475600 -0.070068
v -0.331669 0.475600 -0.071820
v -0.330993 0.459650 -0.066610
v -0.326923 0.459650 -0.069567
v -0.328342 0.457786 -0.067242
v -0.329157 0.459650 -0.068363
v -0.323698 0.449884 -0.060849
v -0.321007 0.447259 -0.057145
v -0.322445 0.448324 -0.059124
v -0.313200 0.503941 -0.059682
v -0.313200 0.501316 -0.064260
v -0.313200 0.502876 -0.062128
v -0.310684 0.491550 -0.073209
v -0.315716 0.491550 -0.073209
v -0.313200 0.493414 -0.072162
v -0.313200 0.491550 -0.073547
v -0.310684 0.475600 -0.077483
v -0.315716 0.475600 -0.077483
v -0.313200 0.475600 -0.077821
v -0.315716 0.459650 -0.073209
v -0.310684 0.459650 -0.073209
v -0.313200 0.457786 -0.072162
v -0.313200 0.459650 -0.073547
v -0.313200 0.449884 -0.064260
v -0.313200 0.447259 -0.059682
v -0.313200 0.448324 -0.062128
v 0.323698 0.501316 -0.060849
v 0.321007 0.503941 -0.057145
v 0.322445 0.502876 -0.059124
v 0.330993 0.491550 -0.066610
v 0.326923 0.491550 -0.069567
v 0.328342 0.493414 -0.067242
v 0.329157 0.491550 -0.068363
v 0.333505 0.475600 -0.070068
v 0.329435 0.475600 -0.073025
v 0.331669 0.475600 -0.071820
v 0.326923 0.459650 -0.069567
v 0.330993 0.459650 -0.066610
v 0.328342 0.457786 -0.067242
v 0.329157 0.459650 -0.068363
v 0.321007 0.447259 -0.057145
v 0.323698 0.449884 -0.060849
v 0.322445 0.448324 -0.059124
v 0.325832 0.503941 -0.050504
v 0.330186 0.501316 -0.051919
v 0.328158 0.502876 -0.051260
v 0.339474 0.491550 -0.052292
v 0.337919 0.491550 -0.057077
v 0.337701 0.493414 -0.054361
v 0.339019 0.491550 -0.054789
v 0.343539 0.475600 -0.053613
v 0.341984 0.475600 -0.058397
v 0.343083 0.475600 -0.056110
v 0.337919 0.459650 -0.057077
v 0.339474 0.459650 -0.052292
v 0.337701 0.457786 -0.054361
v 0.339019 0.459650 -0.054789
v 0.330186 0.449884 -0.051919
v 0.325832 0.447259 -0.050504
v 0.328158 0.448324 -0.051260
v 0.325832 0.503941 -0.042296
v 0.330186 0.501316 -0.040881
v 0.328158 0.502876 -0.041540
v 0.337919 0.491550 -0.035723
v 0.339474 0.491550 -0.040508
v 0.337701 0.493414 -0.038439
v 0.339019 0.491550 -0.038011
v 0.341984 0.475600 -0.034403
v 0.343539 0.475600 -0.039187
v 0.343083 0.475600 -0.036690
v 0.339474 0.459650 -0.040508
v 0.337919 0.459650 -0.035723
v 0.337701 0.457786 -0.038439
v 0.339019 0.459650 -0.038011
v 0.330186 0.449884 -0.040881
v 0.325832 0.447259 -0.042296
v 0.328158 0.448324 -0.041540
v 0.321007 0.503941 -0.035655
v 0.323698 0.501316 -0.031951
v 0.322445 0.502876 -0.033676
v 0.326923 0.491550 -0.023233
v 0.330993 0.491550 -0.026190
v 0.328342 0.493414 -0.025558
v 0.329157 0.491550 -0.024437
v 0.329435 0.475600 -0.019775
v 0.333505 0.475600 -0.022732
v 0.331669 0.475600 -0.020980
v 0.330993 0.459650 -0.026190
v 0.326923 0.459650 -0.023233
v 0.328342 0.457786 -0.025558
v 0.329157 0.459650 -0.024437
v 0.323698 0.449884 -0.031951
v 0.321007 0.447259 -0.035655
v 0.322445 0.448324 -0.033676
v 0.313200 0.503941 -0.033118
v 0.313200 0.501316 -0.028540
v 0.313200 0.502876 -0.030672
v 0.310684 0.491550 -0.019591
v 0.315716 0.491550 -0.019591
v 0.313200 0.493414 -0.020638
v 0.313200 0.491550 -0.019253
v 0.310684 0.475600 -0.015317
v 0.315716 0.475600 -0.015317
v 0.313200 0.475600 -0.014979
v 0.315716 0.459650 -0.019591
v 0.310684 0.459650 -0.019591
v 0.313200 0.457786 -0.020638
v 0.313200 0.459650 -0.019253
v 0.313200 0.449884 -0.028540
v 0.313200 0.447259 -0.033118
v 0.313200 0.448324 -0.030672
v 0.305393 0.503941 -0.035655
v 0.302702 0.501316 -0.031951
v 0.303955 0.502876 -0.033676
v 0.295407 0.491550 -0.026190
v 0.299477 0.491550 -0.023233
v 0.298058 0.493414 -0.025558
v 0.297243 0.491550 -0.024437
v 0.292895 0.475600 -0.022732
v 0.296965 0.475600 -0.019775
v 0.294731 0.475600 -0.020980
v 0.299477 0.459650 -0.023233
v 0.295407 0.459650 -0.026190
v 0.298058 0.457786 -0.025558
v 0.297243 0.459650 -0.024437
v 0.302702 0.449884 -0.031951
v 0.305393 0.447259 -0.035655
v 0.303955 0.448324 -0.033676
v 0.300568 0.503941 -0.042296
v 0.296214 0.501316 -0.040881
v 0.298242 0.502876 -0.041540
v 0.286926 0.491550 -0.040508
v 0.288481 0.491550 -0.035723
v 0.288699 0.493414 -0.038439
v 0.287381 0.491550 -0.038011
v 0.282861 0.475600 -0.039187
v 0.284416 0.475600 -0.034403
v 0.283317 0.475600 -0.036690
v 0.288481 0.459650 -0.035723
v 0.286926 0.459650 -0.040508
v 0.288699 0.457786 -0.038439
v 0.287381 0.459650 -0.038011
v 0.296214 0.449884 -0.040881
v 0.300568 0.447259 -0.042296
v 0.298242 0.448324 -0.041540
v 0.300568 0.503941 -0.050504
v 0.296214 0.501316 -0.051919
v 0.298242 0.502876 -0.051260
v 0.288481 0.491550 -0.057077
v 0.286926 0.491550 -0.052292
v 0.288699 0.493414 -0.054361
v 0.287381 0.491550 -0.054789
v 0.284416 0.475600 -0.058397
v 0.282861 0.475600 -0.053613
v 0.283317 0.475600 -0.056110
v 0.286926 0.459650 -0.052292
v 0.288481 0.459650 -0.057077
v 0.288699 0.457786 -0.054361
v 0.287381 0.459650 -0.054789
v 0.296214 0.449884 -0.051919
v 0.300568 0.447259 -0.050504
v 0.298242 0.448324 -0.051260
v 0.305393 0.503941 -0.057145
v 0.302702 0.501316 -0.060849
v 0.303955 0.502876 -0.059124
v 0.299477 0.491550 -0.069567
v 0.295407 0.491550 -0.066610
v 0.298058 0.493414 -0.067242
v 0.297243 0.491550 -0.068363
v 0.296965 0.475600 -0.073025
v 0.292895 0.475600 -0.070068
v 0.294731 0.475600 -0.071820
v 0.295407 0.459650 -0.066610
v 0.299477 0.459650 -0.069567
v 0.298058 0.457786 -0.067242
v 0.297243 0.459650 -0.068363
v 0.302702 0.449884 -0.060849
v 0.305393 0.447259 -0.057145
v 0.303955 0.448324 -0.059124
v 0.313200 0.503941 -0.059682
v 0.313200 0.501316 -0.064260
v 0.313200 0.502876 -0.062128
v 0.315716 0.491550 -0.073209
v 0.310684 0.491550 -0.073209
v 0.313200 0.493414 -0.072162
v 0.313200 0.491550 -0.073547
v 0.315716 0.475600 -0.077483
v 0.310684 0.475600 -0.077483
v 0.313200 0.475600 -0.077821
v 0.310684 0.459650 -0.073209
v 0.315716 0.459650 -0.073209
v 0.313200 0.457786 -0.072162
v 0.313200 0.459650 -0.073547
v 0.313200 0.449884 -0.064260
v 0.313200 0.447259 -0.059682
v 0.313200 0.448324 -0.062128
v -0.338983 0.467480 -0.063537
v -0.338983 0.470117 -0.060900
v -0.341620 0.470117 -0.063537
v -0.338983 0.468252 -0.061672
v -0.340506 0.468594 -0.062014
v -0.340848 0.470117 -0.061672
v -0.340848 0.468252 -0.063537
v -0.338983 0.481083 -0.060900
v -0.338983 0.483720 -0.063537
v -0.341620 0.481083 -0.063537
v -0.338983 0.482948 -0.061672
v -0.340506 0.482606 -0.062014
v -0.340848 0.482948 -0.063537
v -0.340848 0.481083 -0.061672
v -0.338983 0.467480 -0.110463
v -0.341620 0.470117 -0.110463
v -0.338983 0.470117 -0.113100
v -0.340848 0.468252 -0.110463
v -0.340506 0.468594 -0.111986
v -0.340848 0.470117 -0.112328
v -0.338984 0.468252 -0.112328
v -0.338983 0.483720 -0.110463
v -0.338983 0.481083 -0.113100
v -0.341620 0.481083 -0.110463
v -0.338983 0.482948 -0.112328
v -0.340506 0.482606 -0.111986
v -0.340848 0.481083 -0.112328
v -0.340848 0.482948 -0.110464
v -0.328017 0.467480 -0.063537
v -0.325380 0.470117 -0.063537
v -0.328017 0.470117 -0.060900
v -0.326152 0.468252 -0.063537
v -0.326494 0.468594 -0.062014
v -0.326152 0.470117 -0.061672
v -0.328017 0.468252 -0.061672
v -0.328017 0.483720 -0.063537
v -0.328017 0.481083 -0.060900
v -0.325380 0.481083 -0.063537
v -0.328017 0.482948 -0.061672
v -0.326494 0.482606 -0.062014
v -0.326152 0.481083 -0.061672
v -0.326152 0.482948 -0.063537
v -0.328017 0.467480 -0.110463
v -0.328017 0.470117 -0.113100
v -0.325380 0.470117 -0.110463
v -0.328017 0.468252 -0.112328
v -0.326494 0.468594 -0.111986
v -0.326152 0.470117 -0.112328
v -0.326152 0.468252 -0.110464
v -0.328017 0.483720 -0.110463
v -0.325380 0.481083 -0.110463
v -0.328017 0.481083 -0.113100
v -0.326152 0.482948 -0.110463
v -0.326494 0.482606 -0.111986
v -0.326152 0.481083 -0.112328
v -0.328017 0.482948 -0.112328
v 0.287417 0.467480 -0.063537
v 0.287417 0.470117 -0.060900
v 0.284780 0.470117 -0.063537
v 0.287417 0.468252 -0.061672
v 0.285894 0.468594 -0.062014
v 0.285552 0.470117 -0.061672
v 0.285552 0.468252 -0.063537
v 0.287417 0.481083 -0.060900
v 0.287417 0.483720 -0.063537
v 0.284780 0.481083 -0.063537
v 0.287417 0.482948 -0.061672
v 0.285894 0.482606 -0.062014
v 0.285552 0.482948 -0.063537
v 0.285552 0.481083 -0.061672
v 0.287417 0.467480 -0.110463
v 0.284780 0.470117 -0.110463
v 0.287417 0.470117 -0.113100
v 0.285552 0.468252 -0.110463
v 0.285894 0.468594 -0.111986
v 0.285552 0.470117 -0.112328
v 0.287417 0.468252 -0.112328
v 0.287417 0.483720 -0.110463
v 0.287417 0.481083 -0.113100
v 0.284780 0.481083 -0.110463
v 0.287417 0.482948 -0.112328
v 0.285894 0.482606 -0.111986
v 0.285552 0.481083 -0.112328
v 0.285552 0.482948 -0.110464
v 0.298383 0.467480 -0.063537
v 0.301020 0.470117 -0.063537
v 0.298383 0.470117 -0.060900
v 0.300248 0.468252 -0.063537
v 0.299906 0.468594 -0.062014
v 0.300248 0.470117 -0.061672
v 0.298383 0.468252 -0.061672
v 0.298383 0.483720 -0.063537
v 0.298383 0.481083 -0.060900
v 0.301020 0.481083 -0.063537
v 0.298383 0.482948 -0.061672
v 0.299906 0.482606 -0.062014
v 0.300248 0.481083 -0.061672
v 0.300248 0.482948 -0.063537
v 0.298383 0.467480 -0.110463
v 0.298383 0.470117 -0.113100
v 0.301020 0.470117 -0.110463
v 0.298383 0.468252 -0.112328
v 0.299906 0.468594 -0.111986
v 0.300248 0.470117 -0.112328
v 0.300248 0.468252 -0.110464
v 0.298383 0.483720 -0.110463
v 0.301020 0.481083 -0.110463
v 0.298383 0.481083 -0.113100
v 0.300248 0.482948 -0.110463
v 0.299906 0.482606 -0.111986
v 0.300248 0.481083 -0.112328
v 0.298383 0.482948 -0.112328
v -0.325643 0.467480 -0.063537
v -0.325643 0.470117 -0.060900
v -0.328280 0.470117 -0.063537
v -0.325643 0.468252 -0.061672
v -0.327166 0.468594 -0.062014
v -0.327508 0.470117 -0.061672
v -0.327508 0.468252 -0.063537
v -0.325643 0.481083 -0.060900
v -0.325643 0.483720 -0.063537
v -0.328280 0.481083 -0.063537
v -0.325643 0.482948 -0.061672
v -0.327166 0.482606 -0.062014
v -0.327508 0.482948 -0.063537
v -0.327508 0.481083 -0.061672
v -0.325643 0.467480 -0.110463
v -0.328280 0.470117 -0.110463
v -0.325643 0.470117 -0.113100
v -0.327508 0.468252 -0.110463
v -0.327166 0.468594 -0.111986
v -0.327508 0.470117 -0.112328
v -0.325643 0.468252 -0.112328
v -0.325643 0.483720 -0.110463
v -0.325643 0.481083 -0.113100
v -0.328280 0.481083 -0.110463
v -0.325643 0.482948 -0.112328
v -0.327166 0.482606 -0.111986
v -0.327508 0.481083 -0.112328
v -0.327508 0.482948 -0.110464
v -0.314677 0.467480 -0.063537
v -0.312040 0.470117 -0.063537
v -0.314677 0.470117 -0.060900
v -0.312812 0.468252 -0.063537
v -0.313154 0.468594 -0.062014
v -0.312812 0.470117 -0.061672
v -0.314677 0.468252 -0.061672
v -0.314677 0.483720 -0.063537
v -0.314677 0.481083 -0.060900
v -0.312040 0.481083 -0.063537
v -0.314677 0.482948 -0.061672
v -0.313154 0.482606 -0.062014
v -0.312812 0.481083 -0.061672
v -0.312812 0.482948 -0.063537
v -0.314677 0.467480 -0.110463
v -0.314677 0.470117 -0.113100
v -0.312040 0.470117 -0.110463
v -0.314677 0.468252 -0.112328
v -0.313154 0.468594 -0.111986
v -0.312812 0.470117 -0.112328
v -0.312812 0.468252 -0.110464
v -0.314677 0.483720 -0.110463
v -0.312040 0.481083 -0.110463
v -0.314677 0.481083 -0.113100
v -0.312812 0.482948 -0.110463
v -0.313154 0.482606 -0.111986
v -0.312812 0.481083 -0.112328
v -0.314677 0.482948 -0.112328
v 0.300757 0.467480 -0.063537
v 0.300757 0.470117 -0.060900
v 0.298120 0.470117 -0.063537
v 0.300757 0.468252 -0.061672
v 0.299234 0.468594 -0.062014
v 0.298892 0.470117 -0.061672
v 0.298892 0.468252 -0.063537
v 0.300757 0.481083 -0.060900
v 0.300757 0.483720 -0.063537
v 0.298120 0.481083 -0.063537
v 0.300757 0.482948 -0.061672
v 0.299234 0.482606 -0.062014
v 0.298892 0.482948 -0.063537
v 0.298892 0.481083 -0.061672
v 0.300757 0.467480 -0.110463
v 0.298120 0.470117 -0.110463
v 0.300757 0.470117 -0.113100
v 0.298892 0.468252 -0.110463
v 0.299234 0.468594 -0.111986
v 0.298892 0.470117 -0.112328
v 0.300757 0.468252 -0.112328
v 0.300757 0.483720 -0.110463
v 0.300757 0.481083 -0.113100
v 0.298120 0.481083 -0.110463
v 0.300757 0.482948 -0.112328
v 0.299234 0.482606 -0.111986
v 0.298892 0.481083 -0.112328
v 0.298892 0.482948 -0.110464
v 0.311723 0.467480 -0.063537
v 0.314360 0.470117 -0.063537
v 0.311723 0.470117 -0.060900
v 0.313588 0.468252 -0.063537
v 0.313246 0.468594 -0.062014
v 0.313588 0.470117 -0.061672
v 0.311723 0.468252 -0.061672
v 0.311723 0.483720 -0.063537
v 0.311723 0.481083 -0.060900
v 0.314360 0.481083 -0.063537
v 0.311723 0.482948 -0.061672
v 0.313246 0.482606 -0.062014
v 0.313588 0.481083 -0.061672
v 0.313588 0.482948 -0.063537
v 0.311723 0.467480 -0.110463
v 0.311723 0.470117 -0.113100
v 0.314360 0.470117 -0.110463
v 0.311723 0.468252 -0.112328
v 0.313246 0.468594 -0.111986
v 0.313588 0.470117 -0.112328
v 0.313588 0.468252 -0.110464
v 0.311723 0.483720 -0.110463
v 0.314360 0.481083 -0.110463
v 0.311723 0.481083 -0.113100
v 0.313588 0.482948 -0.110463
v 0.313246 0.482606 -0.111986
v 0.313588 0.481083 -0.112328
v 0.311723 0.482948 -0.112328
v -0.311723 0.467480 -0.063537
v -0.311723 0.470117 -0.060900
v -0.314360 0.470117 -0.063537
v -0.311723 0.468252 -0.061672
v -0.313246 0.468594 -0.062014
v -0.313588 0.470117 -0.061672
v -0.313588 0.468252 -0.063537
v -0.311723 0.481083 -0.060900
v -0.311723 0.483720 -0.063537
v -0.314360 0.481083 -0.063537
v -0.311723 0.482948 -0.061672
v -0.313246 0.482606 -0.062014
v -0.313588 0.482948 -0.063537
v -0.313588 0.481083 -0.061672
v -0.311723 0.467480 -0.110463
v -0.314360 0.470117 -0.110463
v -0.311723 0.470117 -0.113100
v -0.313588 0.468252 -0.110463
v -0.313246 0.468594 -0.111986
v -0.313588 0.470117 -0.112328
v -0.311723 0.468252 -0.112328
v -0.311723 0.483720 -0.110463
v -0.311723 0.481083 -0.113100
v -0.314360 0.481083 -0.110463
v -0.311723 0.482948 -0.112328
v -0.313246 0.482606 -0.111986
v -0.313588 0.481083 -0.112328
v -0.313588 0.482948 -0.110464
v -0.300757 0.467480 -0.063537
v -0.298120 0.470117 -0.063537
v -0.300757 0.470117 -0.060900
v -0.298892 0.468252 -0.063537
v -0.299234 0.468594 -0.062014
v -0.298892 0.470117 -0.061672
v -0.300757 0.468252 -0.061672
v -0.300757 0.483720 -0.063537
v -0.300757 0.481083 -0.060900
v -0.298120 0.481083 -0.063537
v -0.300757 0.482948 -0.061672
v -0.299234 0.482606 -0.062014
v -0.298892 0.481083 -0.061672
v -0.298892 0.482948 -0.063537
v -0.300757 0.467480 -0.110463
v -0.300757 0.470117 -0.113100
v -0.298120 0.470117 -0.110463
v -0.300757 0.468252 -0.112328
v -0.299234 0.468594 -0.111986
v -0.298892 0.470117 -0.112328
v -0.298892 0.468252 -0.110464
v -0.300757 0.483720 -0.110463
v -0.298120 0.481083 -0.110463
v -0.300757 0.481083 -0.113100
v -0.298892 0.482948 -0.110463
v -0.299234 0.482606 -0.111986
v -0.298892 0.481083 -0.112328
v -0.300757 0.482948 -0.112328
v 0.314677 0.467480 -0.063537
v 0.314677 0.470117 -0.060900
v 0.312040 0.470117 -0.063537
v 0.314677 0.468252 -0.061672
v 0.313154 0.468594 -0.062014
v 0.312812 0.470117 -0.061672
v 0.312812 0.468252 -0.063537
v 0.314677 0.481083 -0.060900
v 0.314677 0.483720 -0.063537
v 0.312040 0.481083 -0.063537
v 0.314677 0.482948 -0.061672
v 0.313154 0.482606 -0.062014
v 0.312812 0.482948 -0.063537
v 0.312812 0.481083 -0.061672
v 0.314677 0.467480 -0.110463
v 0.312040 0.470117 -0.110463
v 0.314677 0.470117 -0.113100
v 0.312812 0.468252 -0.110463
v 0.313154 0.468594 -0.111986
v 0.312812 0.470117 -0.112328
v 0.314677 0.468252 -0.112328
v 0.314677 0.483720 -0.110463
v 0.314677 0.481083 -0.113100
v 0.312040 0.481083 -0.110463
v 0.314677 0.482948 -0.112328
v 0.313154 0.482606 -0.111986
v 0.312812 0.481083 -0.112328
v 0.312812 0.482948 -0.110464
v 0.325643 0.467480 -0.063537
v 0.328280 0.470117 -0.063537
v 0.325643 0.470117 -0.060900
v 0.327508 0.468252 -0.063537
v 0.327166 0.468594 -0.062014
v 0.327508 0.470117 -0.061672
v 0.325643 0.468252 -0.061672
v 0.325643 0.483720 -0.063537
v 0.325643 0.481083 -0.060900
v 0.328280 0.481083 -0.063537
v 0.325643 0.482948 -0.061672
v 0.327166 0.482606 -0.062014
v 0.327508 0.481083 -0.061672
v 0.327508 0.482948 -0.063537
v 0.325643 0.467480 -0.110463
v 0.325643 0.470117 -0.113100
v 0.328280 0.470117 -0.110463
v 0.325643 0.468252 -0.112328
v 0.327166 0.468594 -0.111986
v 0.327508 0.470117 -0.112328
v 0.327508 0.468252 -0.110464
v 0.325643 0.483720 -0.110463
v 0.328280 0.481083 -0.110463
v 0.325643 0.481083 -0.113100
v 0.327508 0.482948 -0.110463
v 0.327166 0.482606 -0.111986
v 0.327508 0.481083 -0.112328
v 0.325643 0.482948 -0.112328
v -0.298383 0.467480 -0.063537
v -0.298383 0.470117 -0.060900
v -0.301020 0.470117 -0.063537
v -0.298383 0.468252 -0.061672
v -0.299906 0.468594 -0.062014
v -0.300248 0.470117 -0.061672
v -0.300248 0.468252 -0.063537
v -0.298383 0.481083 -0.060900
v -0.298383 0.483720 -0.063537
v -0.301020 0.481083 -0.063537
v -0.298383 0.482948 -0.061672
v -0.299906 0.482606 -0.062014
v -0.300248 0.482948 -0.063537
v -0.300248 0.481083 -0.061672
v -0.298383 0.467480 -0.110463
v -0.301020 0.470117 -0.110463
v -0.298383 0.470117 -0.113100
v -0.300248 0.468252 -0.110463
v -0.299906 0.468594 -0.111986
v -0.300248 0.470117 -0.112328
v -0.298383 0.468252 -0.112328
v -0.298383 0.483720 -0.110463
v -0.298383 0.481083 -0.113100
v -0.301020 0.481083 -0.110463
v -0.298383 0.482948 -0.112328
v -0.299906 0.482606 -0.111986
v -0.300248 0.481083 -0.112328
v -0.300248 0.482948 -0.110464
v -0.287417 0.467480 -0.063537
v -0.284780 0.470117 -0.063537
v -0.287417 0.470117 -0.060900
v -0.285552 0.468252 -0.063537
v -0.285894 0.468594 -0.062014
v -0.285552 0.470117 -0.061672
v -0.287417 0.468252 -0.061672
v -0.287417 0.483720 -0.063537
v -0.287417 0.481083 -0.060900
v -0.284780 0.481083 -0.063537
v -0.287417 0.482948 -0.061672
v -0.285894 0.482606 -0.062014
v -0.285552 0.481083 -0.061672
v -0.285552 0.482948 -0.063537
v -0.287417 0.467480 -0.110463
v -0.287417 0.470117 -0.113100
v -0.284780 0.470117 -0.110463
v -0.287417 0.468252 -0.112328
v -0.285894 0.468594 -0.111986
v -0.285552 0.470117 -0.112328
v -0.285552 0.468252 -0.110464
v -0.287417 0.483720 -0.110463
v -0.284780 0.481083 -0.110463
v -0.287417 0.481083 -0.113100
v -0.285552 0.482948 -0.110463
v -0.285894 0.482606 -0.111986
v -0.285552 0.481083 -0.112328
v -0.287417 0.482948 -0.112328
v 0.328017 0.467480 -0.063537
v 0.328017 0.470117 -0.060900
v 0.325380 0.470117 -0.063537
v 0.328017 0.468252 -0.061672
v 0.326494 0.468594 -0.062014
v 0.326152 0.470117 -0.061672
v 0.326152 0.468252 -0.063537
v 0.328017 0.481083 -0.060900
v 0.328017 0.483720 -0.063537
v 0.325380 0.481083 -0.063537
v 0.328017 0.482948 -0.061672
v 0.326494 0.482606 -0.062014
v 0.326152 0.482948 -0.063537
v 0.326152 0.481083 -0.061672
v 0.328017 0.467480 -0.110463
v 0.325380 0.470117 -0.110463
v 0.328017 0.470117 -0.113100
v 0.326152 0.468252 -0.110463
v 0.326494 0.468594 -0.111986
v 0.326152 0.470117 -0.112328
v 0.328017 0.468252 -0.112328
v 0.328017 0.483720 -0.110463
v 0.328017 0.481083 -0.113100
v 0.325380 0.481083 -0.110463
v 0.328017 0.482948 -0.112328
v 0.326494 0.482606 -0.111986
v 0.326152 0.481083 -0.112328
v 0.326152 0.482948 -0.110464
v 0.338983 0.467480 -0.063537
v 0.341620 0.470117 -0.063537
v 0.338983 0.470117 -0.060900
v 0.340848 0.468252 -0.063537
v 0.340506 0.468594 -0.062014
v 0.340848 0.470117 -0.061672
v 0.338984 0.468252 -0.061672
v 0.338983 0.483720 -0.063537
v 0.338983 0.481083 -0.060900
v 0.341620 0.481083 -0.063537
v 0.338983 0.482948 -0.061672
v 0.340506 0.482606 -0.062014
v 0.340848 0.481083 -0.061672
v 0.340848 0.482948 -0.063537
v 0.338983 0.467480 -0.110463
v 0.338983 0.470117 -0.113100
v 0.341620 0.470117 -0.110463
v 0.338983 0.468252 -0.112328
v 0.340506 0.468594 -0.111986
v 0.340848 0.470117 -0.112328
v 0.340848 0.468252 -0.110464
v 0.338983 0.483720 -0.110463
v 0.341620 0.481083 -0.110463
v 0.338983 0.481083 -0.113100
v 0.340848 0.482948 -0.110463
v 0.340506 0.482606 -0.111986
v 0.340848 0.481083 -0.112328
v 0.338984 0.482948 -0.112328
v 0.000000 0.823600 -0.039030
v -0.002547 0.826236 -0.041078
v 0.002547 0.826236 -0.041078
v -0.001415 0.824372 -0.040581
v -0.000000 0.824714 -0.040996
v -0.000000 0.826236 -0.041360
v 0.001415 0.824372 -0.040581
v -0.000000 0.916400 -0.039030
v 0.002547 0.913764 -0.041078
v -0.002547 0.913764 -0.041078
v 0.001415 0.915628 -0.040581
v 0.000000 0.915286 -0.040996
v 0.000000 0.913764 -0.041360
v -0.001415 0.915628 -0.040581
v 0.019515 0.823600 -0.033801
v 0.018333 0.826236 -0.036848
v 0.022744 0.826236 -0.034301
v 0.019066 0.824372 -0.035852
v 0.020498 0.824714 -0.035504
v 0.020680 0.826236 -0.035819
v 0.021516 0.824372 -0.034437
v 0.019515 0.916400 -0.033801
v 0.022744 0.913764 -0.034301
v 0.018333 0.913764 -0.036848
v 0.021516 0.915628 -0.034437
v 0.020498 0.915286 -0.035504
v 0.020680 0.913764 -0.035819
v 0.019066 0.915628 -0.035852
v 0.033801 0.823600 -0.019515
v 0.034301 0.826236 -0.022744
v 0.036848 0.826236 -0.018333
v 0.034437 0.824372 -0.021516
v 0.035504 0.824714 -0.020498
v 0.035819 0.826236 -0.020680
v 0.035852 0.824372 -0.019066
v 0.033801 0.916400 -0.019515
v 0.036848 0.913764 -0.018333
v 0.034301 0.913764 -0.022744
v 0.035852 0.915628 -0.019066
v 0.035504 0.915286 -0.020498
v 0.035819 0.913764 -0.020680
v 0.034437 0.915628 -0.021516
v 0.039030 0.823600 -0.000000
v 0.041078 0.826236 -0.002547
v 0.041078 0.826236 0.002547
v 0.040581 0.824372 -0.001415
v 0.040996 0.824714 0.000000
v 0.041360 0.826236 0.000000
v 0.040581 0.824372 0.001415
v 0.039030 0.916400 0.000000
v 0.041078 0.913764 0.002547
v 0.041078 0.913764 -0.002547
v 0.040581 0.915628 0.001415
v 0.040996 0.915286 -0.000000
v 0.041360 0.913764 0.000000
v 0.040581 0.915628 -0.001415
v 0.033801 0.823600 0.019515
v 0.036848 0.826236 0.018333
v 0.034301 0.826236 0.022744
v 0.035852 0.824372 0.019066
v 0.035504 0.824714 0.020498
v 0.035819 0.826236 0.020680
v 0.034437 0.824372 0.021516
v 0.033801 0.916400 0.019515
v 0.034301 0.913764 0.022744
v 0.036848 0.913764 0.018333
v 0.034437 0.915628 0.021516
v 0.035504 0.915286 0.020498
v 0.035819 0.913764 0.020680
v 0.035852 0.915628 0.019066
v 0.019515 0.823600 0.033801
v 0.022744 0.826236 0.034301
v 0.018333 0.826236 0.036848
v 0.021516 0.824372 0.034437
v 0.020498 0.824714 0.035504
v 0.020680 0.826236 0.035819
v 0.019066 0.824372 0.035852
v 0.019515 0.916400 0.033801
v 0.018333 0.913764 0.036848
v 0.022744 0.913764 0.034301
v 0.019066 0.915628 0.035852
v 0.020498 0.915286 0.035504
v 0.020680 0.913764 0.035819
v 0.021516 0.915628 0.034437
v 0.000000 0.823600 0.039030
v 0.002547 0.826236 0.041078
v -0.002547 0.826236 0.041078
v 0.001415 0.824372 0.040581
v 0.000000 0.824714 0.040996
v 0.000000 0.826236 0.041360
v -0.001415 0.824372 0.040581
v 0.000000 0.916400 0.039030
v -0.002547 0.913764 0.041078
v 0.002547 0.913764 0.041078
v -0.001415 0.915628 0.040581
v -0.000000 0.915286 0.040996
v -0.000000 0.913764 0.041360
v 0.001415 0.915628 0.040581
v -0.019515 0.823600 0.033801
v -0.018333 0.826236 0.036848
v -0.022744 0.826236 0.034301
v -0.019066 0.824372 0.035852
v -0.020498 0.824714 0.035504
v -0.020680 0.826236 0.035819
v -0.021516 0.824372 0.034437
v -0.019515 0.916400 0.033801
v -0.022744 0.913764 0.034301
v -0.018333 0.913764 0.036848
v -0.021516 0.915628 0.034437
v -0.020498 0.915286 0.035504
v -0.020680 0.913764 0.035819
v -0.019066 0.915628 0.035852
v -0.033801 0.823600 0.019515
v -0.034301 0.826236 0.022744
v -0.036848 0.826236 0.018333
v -0.034437 0.824372 0.021516
v -0.035504 0.824714 0.020498
v -0.035819 0.826236 0.020680
v -0.035852 0.824372 0.019066
v -0.033801 0.916400 0.019515
v -0.036848 0.913764 0.018333
v -0.034301 0.913764 0.022744
v -0.035852 0.915628 0.019066
v -0.035504 0.915286 0.020498
v -0.035819 0.913764 0.020680
v -0.034437 0.915628 0.021516
v -0.039030 0.823600 0.000000
v -0.041078 0.826236 0.002547
v -0.041078 0.826236 -0.002547
v -0.040581 0.824372 0.001415
v -0.040996 0.824714 -0.000000
v -0.041360 0.826236 0.000000
v -0.040581 0.824372 -0.001415
v -0.039030 0.916400 -0.000000
v -0.041078 0.913764 -0.002547
v -0.041078 0.913764 0.002547
v -0.040581 0.915628 -0.001415
v -0.040996 0.915286 0.000000
v -0.041360 0.913764 0.000000
v -0.040581 0.915628 0.001415
v -0.033801 0.823600 -0.019515
v -0.036848 0.826236 -0.018333
v -0.034301 0.826236 -0.022744
v -0.035852 0.824372 -0.019066
v -0.035504 0.824714 -0.020498
v -0.035819 0.826236 -0.020680
v -0.034437 0.824372 -0.021516
v -0.033801 0.916400 -0.019515
v -0.034301 0.913764 -0.022744
v -0.036848 0.913764 -0.018333
v -0.034437 0.915628 -0.021516
v -0.035504 0.915286 -0.020498
v -0.035819 0.913764 -0.020680
v -0.035852 0.915628 -0.019066
v -0.019515 0.823600 -0.033801
v -0.022744 0.826236 -0.034301
v -0.018333 0.826236 -0.036848
v -0.021516 0.824372 -0.034437
v -0.020498 0.824714 -0.035504
v -0.020680 0.826236 -0.035819
v -0.019066 0.824372 -0.035852
v -0.019515 0.916400 -0.033801
v -0.018333 0.913764 -0.036848
v -0.022744 0.913764 -0.034301
v -0.019066 0.915628 -0.035852
v -0.020498 0.915286 -0.035504
v -0.020680 0.913764 -0.035819
v -0.021516 0.915628 -0.034437
v -0.008963 0.939600 0.088713
v -0.008963 0.942236 0.091350
v -0.011600 0.942236 0.088713
v -0.008963 0.940372 0.090578
v -0.010486 0.940714 0.090236
v -0.010828 0.942236 0.090578
v -0.010828 0.940372 0.088713
v -0.008963 0.965964 0.091350
v -0.008963 0.968600 0.088713
v -0.011600 0.965964 0.088713
v -0.008963 0.967828 0.090578
v -0.010486 0.967486 0.090236
v -0.010828 0.967828 0.088713
v -0.010828 0.965964 0.090578
v -0.008963 0.939600 0.056287
v -0.011600 0.942236 0.056287
v -0.008963 0.942236 0.053650
v -0.010828 0.940372 0.056287
v -0.010486 0.940714 0.054764
v -0.010828 0.942236 0.054422
v -0.008963 0.940372 0.054422
v -0.008963 0.968600 0.056287
v -0.008963 0.965964 0.053650
v -0.011600 0.965964 0.056287
v -0.008963 0.967828 0.054422
v -0.010486 0.967486 0.054764
v -0.010828 0.965964 0.054422
v -0.010828 0.967828 0.056287
v 0.008963 0.939600 0.088713
v 0.011600 0.942236 0.088713
v 0.008963 0.942236 0.091350
v 0.010828 0.940372 0.088713
v 0.010486 0.940714 0.090236
v 0.010828 0.942236 0.090578
v 0.008963 0.940372 0.090578
v 0.008963 0.968600 0.088713
v 0.008963 0.965964 0.091350
v 0.011600 0.965964 0.088713
v 0.008963 0.967828 0.090578
v 0.010486 0.967486 0.090236
v 0.010828 0.965964 0.090578
v 0.010828 0.967828 0.088713
v 0.008963 0.939600 0.056287
v 0.008963 0.942236 0.053650
v 0.011600 0.942236 0.056287
v 0.008963 0.940372 0.054422
v 0.010486 0.940714 0.054764
v 0.010828 0.942236 0.054422
v 0.010828 0.940372 0.056287
v 0.008963 0.968600 0.056287
v 0.011600 0.965964 0.056287
v 0.008963 0.965964 0.053650
v 0.010828 0.967828 0.056287
v 0.010486 0.967486 0.054764
v 0.010828 0.965964 0.054422
v 0.008963 0.967828 0.054422
v -0.046663 0.986580 0.065513
v -0.046663 0.989217 0.068150
v -0.049300 0.989217 0.065513
v -0.046663 0.987352 0.067378
v -0.048186 0.987694 0.067036
v -0.048528 0.989217 0.067378
v -0.048528 0.987352 0.065513
v -0.046663 1.000183 0.068150
v -0.046663 1.002820 0.065513
v -0.049300 1.000183 0.065513
v -0.046663 1.002048 0.067378
v -0.048186 1.001706 0.067036
v -0.048528 1.002048 0.065513
v -0.048528 1.000184 0.067378
v -0.046663 0.986580 0.050487
v -0.049300 0.989217 0.050487
v -0.046663 0.989217 0.047850
v -0.048528 0.987352 0.050487
v -0.048186 0.987694 0.048964
v -0.048528 0.989217 0.048622
v -0.046663 0.987352 0.048622
v -0.046663 1.002820 0.050487
v -0.046663 1.000183 0.047850
v -0.049300 1.000183 0.050487
v -0.046663 1.002048 0.048622
v -0.048186 1.001706 0.048964
v -0.048528 1.000184 0.048622
v -0.048528 1.002048 0.050487
v 0.046663 0.986580 0.065513
v 0.049300 0.989217 0.065513
v 0.046663 0.989217 0.068150
v 0.048528 0.987352 0.065513
v 0.048186 0.987694 0.067036
v 0.048528 0.989217 0.067378
v 0.046663 0.987352 0.067378
v 0.046663 1.002820 0.065513
v 0.046663 1.000183 0.068150
v 0.049300 1.000183 0.065513
v 0.046663 1.002048 0.067378
v 0.048186 1.001706 0.067036
v 0.048528 1.000184 0.067378
v 0.048528 1.002048 0.065513
v 0.046663 0.986580 0.050487
v 0.046663 0.989217 0.047850
v 0.049300 0.989217 0.050487
v 0.046663 0.987352 0.048622
v 0.048186 0.987694 0.048964
v 0.048528 0.989217 0.048622
v 0.048528 0.987352 0.050487
v 0.046663 1.002820 0.050487
v 0.049300 1.000183 0.050487
v 0.046663 1.000183 0.047850
v 0.048528 1.002048 0.050487
v 0.048186 1.001706 0.048964
v 0.048528 1.000184 0.048622
v 0.046663 1.002048 0.048622
v -0.030329 0.981505 0.056515
v -0.027840 0.984176 0.060161
v -0.025351 0.981505 0.056515
v -0.029144 0.983089 0.058196
v -0.027840 0.982791 0.057553
v -0.026536 0.983089 0.058196
v -0.027840 0.981718 0.056301
v -0.025352 0.979620 0.054629
v -0.030328 0.979620 0.054629
v -0.027840 0.979620 0.054202
v -0.025354 0.974400 0.053230
v -0.030326 0.974400 0.053230
v -0.027840 0.974400 0.052803
v -0.025352 0.969180 0.054629
v -0.030328 0.969180 0.054629
v -0.027840 0.969180 0.054202
v -0.030329 0.967295 0.056515
v -0.025351 0.967295 0.056515
v -0.027840 0.964624 0.060161
v -0.027840 0.967082 0.056301
v -0.027840 0.966009 0.057553
v -0.026536 0.965711 0.058196
v -0.029144 0.965711 0.058196
v -0.021748 0.981505 0.060069
v -0.025269 0.981505 0.056548
v -0.026087 0.984176 0.060887
v -0.023358 0.981718 0.058158
v -0.024243 0.982791 0.059043
v -0.025619 0.983089 0.058576
v -0.023776 0.983089 0.060419
v -0.020416 0.979620 0.058735
v -0.023935 0.979620 0.055216
v -0.021874 0.979620 0.056674
v -0.019428 0.974400 0.057744
v -0.022944 0.974400 0.054228
v -0.020884 0.974400 0.055684
v -0.020416 0.969180 0.058735
v -0.023935 0.969180 0.055216
v -0.021874 0.969180 0.056674
v -0.021748 0.967295 0.060069
v -0.026087 0.964624 0.060887
v -0.025269 0.967295 0.056548
v -0.023776 0.965711 0.060419
v -0.024243 0.966009 0.059043
v -0.025619 0.965711 0.058576
v -0.023358 0.967082 0.058158
v -0.021715 0.981505 0.065129
v -0.021715 0.981505 0.060151
v -0.025361 0.984176 0.062640
v -0.021501 0.981718 0.062640
v -0.022753 0.982791 0.062640
v -0.023396 0.983089 0.061336
v -0.023396 0.983089 0.063944
v -0.019829 0.979620 0.065128
v -0.019829 0.979620 0.060152
v -0.019402 0.979620 0.062640
v -0.018430 0.974400 0.065126
v -0.018430 0.974400 0.060154
v -0.018003 0.974400 0.062640
v -0.019829 0.969180 0.065128
v -0.019829 0.969180 0.060152
v -0.019402 0.969180 0.062640
v -0.021715 0.967295 0.065129
v -0.025361 0.964624 0.062640
v -0.021715 0.967295 0.060151
v -0.023396 0.965711 0.063944
v -0.022753 0.966009 0.062640
v -0.023396 0.965711 0.061336
v -0.021501 0.967082 0.062640
v -0.025269 0.981505 0.068732
v -0.021748 0.981505 0.065211
v -0.026087 0.984176 0.064393
v -0.023358 0.981718 0.067122
v -0.024243 0.982791 0.066237
v -0.023776 0.983089 0.064861
v -0.025619 0.983089 0.066704
v -0.023935 0.979620 0.070064
v -0.020416 0.979620 0.066545
v -0.021874 0.979620 0.068606
v -0.022944 0.974400 0.071052
v -0.019428 0.974400 0.067536
v -0.020884 0.974400 0.069596
v -0.023935 0.969180 0.070064
v -0.020416 0.969180 0.066545
v -0.021874 0.969180 0.068606
v -0.025269 0.967295 0.068732
v -0.026087 0.964624 0.064393
v -0.021748 0.967295 0.065211
v -0.025619 0.965711 0.066704
v -0.024243 0.966009 0.066237
v -0.023776 0.965711 0.064861
v -0.023358 0.967082 0.067122
v -0.030329 0.981505 0.068765
v -0.025351 0.981505 0.068765
v -0.027840 0.984176 0.065119
v -0.027840 0.981718 0.068979
v -0.027840 0.982791 0.067727
v -0.026536 0.983089 0.067084
v -0.029144 0.983089 0.067084
v -0.030328 0.979620 0.070651
v -0.025352 0.979620 0.070651
v -0.027840 0.979620 0.071078
v -0.030326 0.974400 0.072050
v -0.025354 0.974400 0.072050
v -0.027840 0.974400 0.072477
v -0.030328 0.969180 0.070651
v -0.025352 0.969180 0.070651
v -0.027840 0.969180 0.071078
v -0.030329 0.967295 0.068765
v -0.027840 0.964624 0.065119
v -0.025351 0.967295 0.068765
v -0.029144 0.965711 0.067084
v -0.027840 0.966009 0.067727
v -0.026536 0.965711 0.067084
v -0.027840 0.967082 0.068979
v -0.033932 0.981505 0.065211
v -0.030411 0.981505 0.068732
v -0.029593 0.984176 0.064393
v -0.032322 0.981718 0.067122
v -0.031437 0.982791 0.066237
v -0.030061 0.983089 0.066704
v -0.031904 0.983089 0.064861
v -0.035264 0.979620 0.066545
v -0.031745 0.979620 0.070064
v -0.033806 0.979620 0.068606
v -0.036252 0.974400 0.067536
v -0.032736 0.974400 0.071052
v -0.034796 0.974400 0.069596
v -0.035264 0.969180 0.066545
v -0.031745 0.969180 0.070064
v -0.033806 0.969180 0.068606
v -0.033932 0.967295 0.065211
v -0.029593 0.964624 0.064393
v -0.030411 0.967295 0.068732
v -0.031904 0.965711 0.064861
v -0.031437 0.966009 0.066237
v -0.030061 0.965711 0.066704
v -0.032322 0.967082 0.067122
v -0.033965 0.981505 0.060151
v -0.033965 0.981505 0.065129
v -0.030319 0.984176 0.062640
v -0.034179 0.981718 0.062640
v -0.032927 0.982791 0.062640
v -0.032284 0.983089 0.063944
v -0.032284 0.983089 0.061336
v -0.035851 0.979620 0.060152
v -0.035851 0.979620 0.065128
v -0.036278 0.979620 0.062640
v -0.037250 0.974400 0.060154
v -0.037250 0.974400 0.065126
v -0.037677 0.974400 0.062640
v -0.035851 0.969180 0.060152
v -0.035851 0.969180 0.065128
v -0.036278 0.969180 0.062640
v -0.033965 0.967295 0.060151
v -0.030319 0.964624 0.062640
v -0.033965 0.967295 0.065129
v -0.032284 0.965711 0.061336
v -0.032927 0.966009 0.062640
v -0.032284 0.965711 0.063944
v -0.034179 0.967082 0.062640
v -0.030411 0.981505 0.056548
v -0.033932 0.981505 0.060069
v -0.029593 0.984176 0.060887
v -0.032322 0.981718 0.058158
v -0.031437 0.982791 0.059043
v -0.031904 0.983089 0.060419
v -0.030061 0.983089 0.058576
v -0.031745 0.979620 0.055216
v -0.035264 0.979620 0.058735
v -0.033806 0.979620 0.056674
v -0.032736 0.974400 0.054228
v -0.036252 0.974400 0.057744
v -0.034796 0.974400 0.055684
v -0.031745 0.969180 0.055216
v -0.035264 0.969180 0.058735
v -0.033806 0.969180 0.056674
v -0.030411 0.967295 0.056548
v -0.029593 0.964624 0.060887
v -0.033932 0.967295 0.060069
v -0.030061 0.965711 0.058576
v -0.031437 0.966009 0.059043
v -0.031904 0.965711 0.060419
v -0.032322 0.967082 0.058158
v 0.025351 0.981505 0.056515
v 0.027840 0.984176 0.060161
v 0.030329 0.981505 0.056515
v 0.026536 0.983089 0.058196
v 0.027840 0.982791 0.057553
v 0.029144 0.983089 0.058196
v 0.027840 0.981718 0.056301
v 0.030328 0.979620 0.054629
v 0.025352 0.979620 0.054629
v 0.027840 0.979620 0.054202
v 0.030326 0.974400 0.053230
v 0.025354 0.974400 0.053230
v 0.027840 0.974400 0.052803
v 0.030328 0.969180 0.054629
v 0.025352 0.969180 0.054629
v 0.027840 0.969180 0.054202
v 0.025351 0.967295 0.056515
v 0.030329 0.967295 0.056515
v 0.027840 0.964624 0.060161
v 0.027840 0.967082 0.056301
v 0.027840 0.966009 0.057553
v 0.029144 0.965711 0.058196
v 0.026536 0.965711 0.058196
v 0.033932 0.981505 0.060069
v 0.030411 0.981505 0.056548
v 0.029593 0.984176 0.060887
v 0.032322 0.981718 0.058158
v 0.031437 0.982791 0.059043
v 0.030061 0.983089 0.058576
v 0.031904 0.983089 0.060419
v 0.035264 0.979620 0.058735
v 0.031745 0.979620 0.055216
v 0.033806 0.979620 0.056674
v 0.036252 0.974400 0.057744
v 0.032736 0.974400 0.054228
v 0.034796 0.974400 0.055684
v 0.035264 0.969180 0.058735
v 0.031745 0.969180 0.055216
v 0.033806 0.969180 0.056674
v 0.033932 0.967295 0.060069
v 0.029593 0.964624 0.060887
v 0.030411 0.967295 0.056548
v 0.031904 0.965711 0.060419
v 0.031437 0.966009 0.059043
v 0.030061 0.965711 0.058576
v 0.032322 0.967082 0.058158
v 0.033965 0.981505 0.065129
v 0.033965 0.981505 0.060151
v 0.030319 0.984176 0.062640
v 0.034179 0.981718 0.062640
v 0.032927 0.982791 0.062640
v 0.032284 0.983089 0.061336
v 0.032284 0.983089 0.063944
v 0.035851 0.979620 0.065128
v 0.035851 0.979620 0.060152
v 0.036278 0.979620 0.062640
v 0.037250 0.974400 0.065126
v 0.037250 0.974400 0.060154
v 0.037677 0.974400 0.062640
v 0.035851 0.969180 0.065128
v 0.035851 0.969180 0.060152
v 0.036278 0.969180 0.062640
v 0.033965 0.967295 0.065129
v 0.030319 0.964624 0.062640
v 0.033965 0.967295 0.060151
v 0.032284 0.965711 0.063944
v 0.032927 0.966009 0.062640
v 0.032284 0.965711 0.061336
v 0.034179 0.967082 0.062640
v 0.030411 0.981505 0.068732
v 0.033932 0.981505 0.065211
v 0.029593 0.984176 0.064393
v 0.032322 0.981718 0.067122
v 0.031437 0.982791 0.066237
v 0.031904 0.983089 0.064861
v 0.030061 0.983089 0.066704
v 0.031745 0.979620 0.070064
v 0.035264 0.979620 0.066545
v 0.033806 0.979620 0.068606
v 0.032736 0.974400 0.071052
v 0.036252 0.974400 0.067536
v 0.034796 0.974400 0.069596
v 0.031745 0.969180 0.070064
v 0.035264 0.969180 0.066545
v 0.033806 0.969180 0.068606
v 0.030411 0.967295 0.068732
v 0.029593 0.964624 0.064393
v 0.033932 0.967295 0.065211
v 0.030061 0.965711 0.066704
v 0.031437 0.966009 0.066237
v 0.031904 0.965711 0.064861
v 0.032322 0.967082 0.067122
v 0.025351 0.981505 0.068765
v 0.030329 0.981505 0.068765
v 0.027840 0.984176 0.065119
v 0.027840 0.981718 0.068979
v 0.027840 0.982791 0.067727
v 0.029144 0.983089 0.067084
v 0.026536 0.983089 0.067084
v 0.025352 0.979620 0.070651
v 0.030328 0.979620 0.070651
v 0.027840 0.979620 0.071078
v 0.025354 0.974400 0.072050
v 0.030326 0.974400 0.072050
v 0.027840 0.974400 0.072477
v 0.025352 0.969180 0.070651
v 0.030328 0.969180 0.070651
v 0.027840 0.969180 0.071078
v 0.025351 0.967295 0.068765
v 0.027840 0.964624 0.065119
v 0.030329 0.967295 0.068765
v 0.026536 0.965711 0.067084
v 0.027840 0.966009 0.067727
v 0.029144 0.965711 0.067084
v 0.027840 0.967082 0.068979
v 0.021748 0.981505 0.065211
v 0.025269 0.981505 0.068732
v 0.026087 0.984176 0.064393
v 0.023358 0.981718 0.067122
v 0.024243 0.982791 0.066237
v 0.025619 0.983089 0.066704
v 0.023776 0.983089 0.064861
v 0.020416 0.979620 0.066545
v 0.023935 0.979620 0.070064
v 0.021874 0.979620 0.068606
v 0.019428 0.974400 0.067536
v 0.022944 0.974400 0.071052
v 0.020884 0.974400 0.069596
v 0.020416 0.969180 0.066545
v 0.023935 0.969180 0.070064
v 0.021874 0.969180 0.068606
v 0.021748 0.967295 0.065211
v 0.026087 0.964624 0.064393
v 0.025269 0.967295 0.068732
v 0.023776 0.965711 0.064861
v 0.024243 0.966009 0.066237
v 0.025619 0.965711 0.066704
v 0.023358 0.967082 0.067122
v 0.021715 0.981505 0.060151
v 0.021715 0.981505 0.065129
v 0.025361 0.984176 0.062640
v 0.021501 0.981718 0.062640
v 0.022753 0.982791 0.062640
v 0.023396 0.983089 0.063944
v 0.023396 0.983089 0.061336
v 0.019829 0.979620 0.060152
v 0.019829 0.979620 0.065128
v 0.019402 0.979620 0.062640
v 0.018430 0.974400 0.060154
v 0.018430 0.974400 0.065126
v 0.018003 0.974400 0.062640
v 0.019829 0.969180 0.060152
v 0.019829 0.969180 0.065128
v 0.019402 0.969180 0.062640
v 0.021715 0.967295 0.060151
v 0.025361 0.964624 0.062640
v 0.021715 0.967295 0.065129
v 0.023396 0.965711 0.061336
v 0.022753 0.966009 0.062640
v 0.023396 0.965711 0.063944
v 0.021501 0.967082 0.062640
v 0.025269 0.981505 0.056548
v 0.021748 0.981505 0.060069
v 0.026087 0.984176 0.060887
v 0.023358 0.981718 0.058158
v 0.024243 0.982791 0.059043
v 0.023776 0.983089 0.060419
v 0.025619 0.983089 0.058576
v 0.023935 0.979620 0.055216
v 0.020416 0.979620 0.058735
v 0.021874 0.979620 0.056674
v 0.022944 0.974400 0.054228
v 0.019428 0.974400 0.057744
v 0.020884 0.974400 0.055684
v 0.023935 0.969180 0.055216
v 0.020416 0.969180 0.058735
v 0.021874 0.969180 0.056674
v 0.025269 0.967295 0.056548
v 0.026087 0.964624 0.060887
v 0.021748 0.967295 0.060069
v 0.025619 0.965711 0.058576
v 0.024243 0.966009 0.059043
v 0.023776 0.965711 0.060419
v 0.023358 0.967082 0.058158
v -0.033613 0.890300 0.049563
v -0.033613 0.892937 0.052200
v -0.036250 0.892937 0.049563
v -0.033613 0.891072 0.051428
v -0.035136 0.891414 0.051086
v -0.035478 0.892936 0.051428
v -0.035478 0.891072 0.049563
v -0.033613 0.928263 0.052200
v -0.033613 0.930900 0.049563
v -0.036250 0.928263 0.049563
v -0.033613 0.930128 0.051428
v -0.035136 0.929786 0.051086
v -0.035478 0.930128 0.049563
v -0.035478 0.928263 0.051428
v -0.033613 0.890300 -0.003163
v -0.036250 0.892937 -0.003163
v -0.033613 0.892937 -0.005800
v -0.035478 0.891072 -0.003163
v -0.035136 0.891414 -0.004686
v -0.035478 0.892936 -0.005028
v -0.033613 0.891072 -0.005028
v -0.033613 0.930900 -0.003163
v -0.033613 0.928263 -0.005800
v -0.036250 0.928263 -0.003163
v -0.033613 0.930128 -0.005028
v -0.035136 0.929786 -0.004686
v -0.035478 0.928263 -0.005028
v -0.035478 0.930128 -0.003163
v 0.033613 0.890300 0.049563
v 0.036250 0.892937 0.049563
v 0.033613 0.892937 0.052200
v 0.035478 0.891072 0.049563
v 0.035136 0.891414 0.051086
v 0.035478 0.892936 0.051428
v 0.033613 0.891072 0.051428
v 0.033613 0.930900 0.049563
v 0.033613 0.928263 0.052200
v 0.036250 0.928263 0.049563
v 0.033613 0.930128 0.051428
v 0.035136 0.929786 0.051086
v 0.035478 0.928263 0.051428
v 0.035478 0.930128 0.049563
v 0.033613 0.890300 -0.003163
v 0.033613 0.892937 -0.005800
v 0.036250 0.892937 -0.003163
v 0.033613 0.891072 -0.005028
v 0.035136 0.891414 -0.004686
v 0.035478 0.892936 -0.005028
v 0.035478 0.891072 -0.003163
v 0.033613 0.930900 -0.003163
v 0.036250 0.928263 -0.003163
v 0.033613 0.928263 -0.005800
v 0.035478 0.930128 -0.003163
v 0.035136 0.929786 -0.004686
v 0.035478 0.928263 -0.005028
v 0.033613 0.930128 -0.005028
v -0.017663 0.925100 0.068413
v -0.017663 0.927736 0.071050
v -0.020300 0.927736 0.068413
v -0.017663 0.925872 0.070278
v -0.019186 0.926214 0.069936
v -0.019528 0.927736 0.070278
v -0.019528 0.925872 0.068413
v -0.017663 0.934063 0.071050
v -0.017663 0.936700 0.068413
v -0.020300 0.934063 0.068413
v -0.017663 0.935928 0.070278
v -0.019186 0.935586 0.069936
v -0.019528 0.935928 0.068413
v -0.019528 0.934063 0.070278
v -0.017663 0.925100 0.059187
v -0.020300 0.927736 0.059187
v -0.017663 0.927736 0.056550
v -0.019528 0.925872 0.059187
v -0.019186 0.926214 0.057664
v -0.019528 0.927736 0.057322
v -0.017663 0.925872 0.057322
v -0.017663 0.936700 0.059187
v -0.017663 0.934063 0.056550
v -0.020300 0.934063 0.059187
v -0.017663 0.935928 0.057322
v -0.019186 0.935586 0.057664
v -0.019528 0.934063 0.057322
v -0.019528 0.935928 0.059187
v 0.017663 0.925100 0.068413
v 0.020300 0.927736 0.068413
v 0.017663 0.927736 0.071050
v 0.019528 0.925872 0.068413
v 0.019186 0.926214 0.069936
v 0.019528 0.927736 0.070278
v 0.017663 0.925872 0.070278
v 0.017663 0.936700 0.068413
v 0.017663 0.934063 0.071050
v 0.020300 0.934063 0.068413
v 0.017663 0.935928 0.070278
v 0.019186 0.935586 0.069936
v 0.019528 0.934063 0.070278
v 0.019528 0.935928 0.068413
v 0.017663 0.925100 0.059187
v 0.017663 0.927736 0.056550
v 0.020300 0.927736 0.059187
v 0.017663 0.925872 0.057322
v 0.019186 0.926214 0.057664
v 0.019528 0.927736 0.057322
v 0.019528 0.925872 0.059187
v 0.017663 0.936700 0.059187
v 0.020300 0.934063 0.059187
v 0.017663 0.934063 0.056550
v 0.019528 0.935928 0.059187
v 0.019186 0.935586 0.057664
v 0.019528 0.934063 0.057322
v 0.017663 0.935928 0.057322
v -0.077889 0.978444 -0.022655
v -0.075400 0.981115 -0.019009
v -0.072911 0.978444 -0.022655
v -0.076704 0.980028 -0.020974
v -0.075400 0.979730 -0.021617
v -0.074096 0.980028 -0.020974
v -0.075400 0.978657 -0.022869
v -0.072912 0.972950 -0.028150
v -0.077888 0.972950 -0.028150
v -0.075400 0.972950 -0.028577
v -0.072914 0.962800 -0.030870
v -0.077886 0.962800 -0.030870
v -0.075400 0.962800 -0.031297
v -0.072912 0.952650 -0.028150
v -0.077888 0.952650 -0.028150
v -0.075400 0.952650 -0.028577
v -0.077889 0.947156 -0.022655
v -0.072911 0.947156 -0.022655
v -0.075400 0.944485 -0.019009
v -0.075400 0.946943 -0.022869
v -0.075400 0.945870 -0.021617
v -0.074096 0.945572 -0.020974
v -0.076704 0.945572 -0.020974
v -0.065822 0.978444 -0.017657
v -0.069343 0.978444 -0.021178
v -0.070161 0.981115 -0.016839
v -0.067432 0.978657 -0.019568
v -0.068317 0.979730 -0.018683
v -0.069693 0.980028 -0.019151
v -0.067849 0.980028 -0.017307
v -0.061938 0.972950 -0.021543
v -0.065457 0.972950 -0.025062
v -0.063396 0.972950 -0.023604
v -0.060016 0.962800 -0.023468
v -0.063532 0.962800 -0.026984
v -0.061472 0.962800 -0.025528
v -0.061938 0.952650 -0.021543
v -0.065457 0.952650 -0.025062
v -0.063396 0.952650 -0.023604
v -0.065822 0.947156 -0.017657
v -0.070161 0.944485 -0.016839
v -0.069343 0.947156 -0.021178
v -0.067849 0.945572 -0.017307
v -0.068317 0.945870 -0.018683
v -0.069693 0.945572 -0.019151
v -0.067432 0.946943 -0.019568
v -0.064345 0.978444 -0.009111
v -0.064345 0.978444 -0.014089
v -0.067991 0.981115 -0.011600
v -0.064131 0.978657 -0.011600
v -0.065383 0.979730 -0.011600
v -0.066026 0.980028 -0.012904
v -0.066026 0.980028 -0.010296
v -0.058850 0.972950 -0.009112
v -0.058850 0.972950 -0.014088
v -0.058423 0.972950 -0.011600
v -0.056130 0.962800 -0.009114
v -0.056130 0.962800 -0.014086
v -0.055703 0.962800 -0.011600
v -0.058850 0.952650 -0.009112
v -0.058850 0.952650 -0.014088
v -0.058423 0.952650 -0.011600
v -0.064345 0.947156 -0.009111
v -0.067991 0.944485 -0.011600
v -0.064345 0.947156 -0.014089
v -0.066026 0.945572 -0.010296
v -0.065383 0.945870 -0.011600
v -0.066026 0.945572 -0.012904
v -0.064131 0.946943 -0.011600
v -0.069343 0.978444 -0.002022
v -0.065822 0.978444 -0.005543
v -0.070161 0.981115 -0.006361
v -0.067432 0.978657 -0.003632
v -0.068317 0.979730 -0.004517
v -0.067849 0.980028 -0.005893
v -0.069693 0.980028 -0.004049
v -0.065457 0.972950 0.001862
v -0.061938 0.972950 -0.001657
v -0.063396 0.972950 0.000404
v -0.063532 0.962800 0.003784
v -0.060016 0.962800 0.000268
v -0.061472 0.962800 0.002328
v -0.065457 0.952650 0.001862
v -0.061938 0.952650 -0.001657
v -0.063396 0.952650 0.000404
v -0.069343 0.947156 -0.002022
v -0.070161 0.944485 -0.006361
v -0.065822 0.947156 -0.005543
v -0.069693 0.945572 -0.004049
v -0.068317 0.945870 -0.004517
v -0.067849 0.945572 -0.005893
v -0.067432 0.946943 -0.003632
v -0.077889 0.978444 -0.000545
v -0.072911 0.978444 -0.000545
v -0.075400 0.981115 -0.004191
v -0.075400 0.978657 -0.000331
v -0.075400 0.979730 -0.001583
v -0.074096 0.980028 -0.002226
v -0.076704 0.980028 -0.002226
v -0.077888 0.972950 0.004950
v -0.072912 0.972950 0.004950
v -0.075400 0.972950 0.005377
v -0.077886 0.962800 0.007670
v -0.072914 0.962800 0.007670
v -0.075400 0.962800 0.008097
v -0.077888 0.952650 0.004950
v -0.072912 0.952650 0.004950
v -0.075400 0.952650 0.005377
v -0.077889 0.947156 -0.000545
v -0.075400 0.944485 -0.004191
v -0.072911 0.947156 -0.000545
v -0.076704 0.945572 -0.002226
v -0.075400 0.945870 -0.001583
v -0.074096 0.945572 -0.002226
v -0.075400 0.946943 -0.000331
v -0.084978 0.978444 -0.005543
v -0.081457 0.978444 -0.002022
v -0.080639 0.981115 -0.006361
v -0.083368 0.978657 -0.003632
v -0.082483 0.979730 -0.004517
v -0.081107 0.980028 -0.004049
v -0.082951 0.980028 -0.005893
v -0.088862 0.972950 -0.001657
v -0.085343 0.972950 0.001862
v -0.087404 0.972950 0.000404
v -0.090784 0.962800 0.000268
v -0.087268 0.962800 0.003784
v -0.089328 0.962800 0.002328
v -0.088862 0.952650 -0.001657
v -0.085343 0.952650 0.001862
v -0.087404 0.952650 0.000404
v -0.084978 0.947156 -0.005543
v -0.080639 0.944485 -0.006361
v -0.081457 0.947156 -0.002022
v -0.082951 0.945572 -0.005893
v -0.082483 0.945870 -0.004517
v -0.081107 0.945572 -0.004049
v -0.083368 0.946943 -0.003632
v -0.086455 0.978444 -0.014089
v -0.086455 0.978444 -0.009111
v -0.082809 0.981115 -0.011600
v -0.086669 0.978657 -0.011600
v -0.085417 0.979730 -0.011600
v -0.084775 0.980028 -0.010296
v -0.084774 0.980028 -0.012904
v -0.091950 0.972950 -0.014088
v -0.091950 0.972950 -0.009112
v -0.092377 0.972950 -0.011600
v -0.094670 0.962800 -0.014086
v -0.094670 0.962800 -0.009114
v -0.095097 0.962800 -0.011600
v -0.091950 0.952650 -0.014088
v -0.091950 0.952650 -0.009112
v -0.092377 0.952650 -0.011600
v -0.086455 0.947156 -0.014089
v -0.082809 0.944485 -0.011600
v -0.086455 0.947156 -0.009111
v -0.084775 0.945572 -0.012904
v -0.085417 0.945870 -0.011600
v -0.084774 0.945572 -0.010296
v -0.086669 0.946943 -0.011600
v -0.081457 0.978444 -0.021178
v -0.084978 0.978444 -0.017657
v -0.080639 0.981115 -0.016839
v -0.083368 0.978657 -0.019568
v -0.082483 0.979730 -0.018683
v -0.082951 0.980028 -0.017307
v -0.081107 0.980028 -0.019151
v -0.085343 0.972950 -0.025062
v -0.088862 0.972950 -0.021543
v -0.087404 0.972950 -0.023604
v -0.087268 0.962800 -0.026984
v -0.090784 0.962800 -0.023468
v -0.089328 0.962800 -0.025528
v -0.085343 0.952650 -0.025062
v -0.088862 0.952650 -0.021543
v -0.087404 0.952650 -0.023604
v -0.081457 0.947156 -0.021178
v -0.080639 0.944485 -0.016839
v -0.084978 0.947156 -0.017657
v -0.081107 0.945572 -0.019151
v -0.082483 0.945870 -0.018683
v -0.082951 0.945572 -0.017307
v -0.083368 0.946943 -0.019568
v 0.072911 0.978444 -0.022655
v 0.075400 0.981115 -0.019009
v 0.077889 0.978444 -0.022655
v 0.074096 0.980028 -0.020974
v 0.075400 0.979730 -0.021617
v 0.076704 0.980028 -0.020974
v 0.075400 0.978657 -0.022869
v 0.077888 0.972950 -0.028150
v 0.072912 0.972950 -0.028150
v 0.075400 0.972950 -0.028577
v 0.077886 0.962800 -0.030870
v 0.072914 0.962800 -0.030870
v 0.075400 0.962800 -0.031297
v 0.077888 0.952650 -0.028150
v 0.072912 0.952650 -0.028150
v 0.075400 0.952650 -0.028577
v 0.072911 0.947156 -0.022655
v 0.077889 0.947156 -0.022655
v 0.075400 0.944485 -0.019009
v 0.075400 0.946943 -0.022869
v 0.075400 0.945870 -0.021617
v 0.076704 0.945572 -0.020974
v 0.074096 0.945572 -0.020974
v 0.084978 0.978444 -0.017657
v 0.081457 0.978444 -0.021178
v 0.080639 0.981115 -0.016839
v 0.083368 0.978657 -0.019568
v 0.082483 0.979730 -0.018683
v 0.081107 0.980028 -0.019151
v 0.082951 0.980028 -0.017307
v 0.088862 0.972950 -0.021543
v 0.085343 0.972950 -0.025062
v 0.087404 0.972950 -0.023604
v 0.090784 0.962800 -0.023468
v 0.087268 0.962800 -0.026984
v 0.089328 0.962800 -0.025528
v 0.088862 0.952650 -0.021543
v 0.085343 0.952650 -0.025062
v 0.087404 0.952650 -0.023604
v 0.084978 0.947156 -0.017657
v 0.080639 0.944485 -0.016839
v 0.081457 0.947156 -0.021178
v 0.082951 0.945572 -0.017307
v 0.082483 0.945870 -0.018683
v 0.081107 0.945572 -0.019151
v 0.083368 0.946943 -0.019568
v 0.086455 0.978444 -0.009111
v 0.086455 0.978444 -0.014089
v 0.082809 0.981115 -0.011600
v 0.086669 0.978657 -0.011600
v 0.085417 0.979730 -0.011600
v 0.084775 0.980028 -0.012904
v 0.084774 0.980028 -0.010296
v 0.091950 0.972950 -0.009112
v 0.091950 0.972950 -0.014088
v 0.092377 0.972950 -0.011600
v 0.094670 0.962800 -0.009114
v 0.094670 0.962800 -0.014086
v 0.095097 0.962800 -0.011600
v 0.091950 0.952650 -0.009112
v 0.091950 0.952650 -0.014088
v 0.092377 0.952650 -0.011600
v 0.086455 0.947156 -0.009111
v 0.082809 0.944485 -0.011600
v 0.086455 0.947156 -0.014089
v 0.084775 0.945572 -0.010296
v 0.085417 0.945870 -0.011600
v 0.084774 0.945572 -0.012904
v 0.086669 0.946943 -0.011600
v 0.081457 0.978444 -0.002022
v 0.084978 0.978444 -0.005543
v 0.080639 0.981115 -0.006361
v 0.083368 0.978657 -0.003632
v 0.082483 0.979730 -0.004517
v 0.082951 0.980028 -0.005893
v 0.081107 0.980028 -0.004049
v 0.085343 0.972950 0.001862
v 0.088862 0.972950 -0.001657
v 0.087404 0.972950 0.000404
v 0.087268 0.962800 0.003784
v 0.090784 0.962800 0.000268
v 0.089328 0.962800 0.002328
v 0.085343 0.952650 0.001862
v 0.088862 0.952650 -0.001657
v 0.087404 0.952650 0.000404
v 0.081457 0.947156 -0.002022
v 0.080639 0.944485 -0.006361
v 0.084978 0.947156 -0.005543
v 0.081107 0.945572 -0.004049
v 0.082483 0.945870 -0.004517
v 0.082951 0.945572 -0.005893
v 0.083368 0.946943 -0.003632
v 0.072911 0.978444 -0.000545
v 0.077889 0.978444 -0.000545
v 0.075400 0.981115 -0.004191
v 0.075400 0.978657 -0.000331
v 0.075400 0.979730 -0.001583
v 0.076704 0.980028 -0.002226
v 0.074096 0.980028 -0.002226
v 0.072912 0.972950 0.004950
v 0.077888 0.972950 0.004950
v 0.075400 0.972950 0.005377
v 0.072914 0.962800 0.007670
v 0.077886 0.962800 0.007670
v 0.075400 0.962800 0.008097
v 0.072912 0.952650 0.004950
v 0.077888 0.952650 0.004950
v 0.075400 0.952650 0.005377
v 0.072911 0.947156 -0.000545
v 0.075400 0.944485 -0.004191
v 0.077889 0.947156 -0.000545
v 0.074096 0.945572 -0.002226
v 0.075400 0.945870 -0.001583
v 0.076704 0.945572 -0.002226
v 0.075400 0.946943 -0.000331
v 0.065822 0.978444 -0.005543
v 0.069343 0.978444 -0.002022
v 0.070161 0.981115 -0.006361
v 0.067432 0.978657 -0.003632
v 0.068317 0.979730 -0.004517
v 0.069693 0.980028 -0.004049
v 0.067849 0.980028 -0.005893
v 0.061938 0.972950 -0.001657
v 0.065457 0.972950 0.001862
v 0.063396 0.972950 0.000404
v 0.060016 0.962800 0.000268
v 0.063532 0.962800 0.003784
v 0.061472 0.962800 0.002328
v 0.061938 0.952650 -0.001657
v 0.065457 0.952650 0.001862
v 0.063396 0.952650 0.000404
v 0.065822 0.947156 -0.005543
v 0.070161 0.944485 -0.006361
v 0.069343 0.947156 -0.002022
v 0.067849 0.945572 -0.005893
v 0.068317 0.945870 -0.004517
v 0.069693 0.945572 -0.004049
v 0.067432 0.946943 -0.003632
v 0.064345 0.978444 -0.014089
v 0.064345 0.978444 -0.009111
v 0.067991 0.981115 -0.011600
v 0.064131 0.978657 -0.011600
v 0.065383 0.979730 -0.011600
v 0.066026 0.980028 -0.010296
v 0.066026 0.980028 -0.012904
v 0.058850 0.972950 -0.014088
v 0.058850 0.972950 -0.009112
v 0.058423 0.972950 -0.011600
v 0.056130 0.962800 -0.014086
v 0.056130 0.962800 -0.009114
v 0.055703 0.962800 -0.011600
v 0.058850 0.952650 -0.014088
v 0.058850 0.952650 -0.009112
v 0.058423 0.952650 -0.011600
v 0.064345 0.947156 -0.014089
v 0.067991 0.944485 -0.011600
v 0.064345 0.947156 -0.009111
v 0.066026 0.945572 -0.012904
v 0.065383 0.945870 -0.011600
v 0.066026 0.945572 -0.010296
v 0.064131 0.946943 -0.011600
v 0.069343 0.978444 -0.021178
v 0.065822 0.978444 -0.017657
v 0.070161 0.981115 -0.016839
v 0.067432 0.978657 -0.019568
v 0.068317 0.979730 -0.018683
v 0.067849 0.980028 -0.017307
v 0.069693 0.980028 -0.019151
v 0.065457 0.972950 -0.025062
v 0.061938 0.972950 -0.021543
v 0.063396 0.972950 -0.023604
v 0.063532 0.962800 -0.026984
v 0.060016 0.962800 -0.023468
v 0.061472 0.962800 -0.025528
v 0.065457 0.952650 -0.025062
v 0.061938 0.952650 -0.021543
v 0.063396 0.952650 -0.023604
v 0.069343 0.947156 -0.021178
v 0.070161 0.944485 -0.016839
v 0.065822 0.947156 -0.017657
v 0.069693 0.945572 -0.019151
v 0.068317 0.945870 -0.018683
v 0.067849 0.945572 -0.017307
v 0.067432 0.946943 -0.019568
v 0.004638 0.938277 -0.034800
v -0.000887 0.937200 -0.032307
v -0.000887 0.937200 -0.037293
v 0.001968 0.937472 -0.033493
v 0.000746 0.937051 -0.034800
v -0.000989 0.936929 -0.034800
v 0.001968 0.937472 -0.036107
v 0.084485 0.975406 0.018167
v 0.087665 0.979033 0.017166
v 0.085928 0.980356 0.022149
v 0.081385 0.979051 0.025221
v 0.081161 0.975352 0.022118
v 0.086406 0.976929 0.017667
v 0.085261 0.977273 0.021741
v 0.087241 0.979692 0.019813
v 0.083903 0.979706 0.024051
v 0.081367 0.976918 0.023982
v 0.082911 0.975111 0.020200
v -0.027150 0.979051 0.057420
v -0.032846 0.980258 0.057420
v -0.037461 0.979040 0.054300
v -0.032226 0.975353 0.055759
v -0.029998 0.979654 0.057846
v -0.032715 0.977754 0.057088
v -0.035400 0.979646 0.056227
v -0.035119 0.976915 0.055235
v -0.029606 0.976918 0.056905
v -0.102306 0.975354 -0.037295
v -0.102306 0.975354 -0.032305
v -0.104442 0.979040 -0.029872
v -0.106159 0.980425 -0.034800
v -0.104442 0.979040 -0.039728
v -0.102408 0.975083 -0.034800
v -0.105359 0.977275 -0.034800
v -0.103641 0.976916 -0.030874
v -0.105745 0.979735 -0.032180
v -0.105745 0.979735 -0.037420
v -0.103641 0.976916 -0.038726
v -0.037461 0.979040 -0.123900
v -0.032846 0.980258 -0.127020
v -0.027150 0.979051 -0.127020
v -0.032226 0.975353 -0.125359
v -0.035400 0.979646 -0.125827
v -0.032715 0.977754 -0.126688
v -0.029998 0.979654 -0.127446
v -0.029606 0.976918 -0.126505
v -0.035119 0.976915 -0.124835
v 0.087665 0.979033 -0.086766
v 0.084485 0.975406 -0.087767
v 0.081161 0.975352 -0.091718
v 0.081385 0.979051 -0.094821
v 0.085928 0.980356 -0.091749
v 0.086406 0.976929 -0.087267
v 0.085261 0.977273 -0.091341
v 0.082911 0.975111 -0.089800
v 0.081367 0.976918 -0.093582
v 0.083903 0.979706 -0.093651
v 0.087241 0.979692 -0.089413
v 0.027150 1.039350 0.057421
v 0.032846 1.038142 0.057420
v 0.037461 1.039360 0.054300
v 0.032226 1.043047 0.055759
v 0.029998 1.038746 0.057846
v 0.032715 1.040645 0.057088
v 0.035400 1.038754 0.056227
v 0.035119 1.041485 0.055235
v 0.029606 1.041482 0.056905
v -0.087665 1.039367 0.017166
v -0.085928 1.038044 0.022149
v -0.081385 1.039350 0.025221
v -0.081161 1.043048 0.022118
v -0.084485 1.042994 0.018167
v -0.087241 1.038708 0.019813
v -0.085261 1.041128 0.021741
v -0.083903 1.038694 0.024051
v -0.081367 1.041482 0.023982
v -0.082911 1.043289 0.020200
v -0.086406 1.041471 0.017667
v -0.081385 1.039350 -0.094821
v -0.085928 1.038044 -0.091749
v -0.087665 1.039367 -0.086766
v -0.084485 1.042994 -0.087767
v -0.081161 1.043048 -0.091718
v -0.083903 1.038694 -0.093651
v -0.085261 1.041128 -0.091341
v -0.087241 1.038708 -0.089413
v -0.086406 1.041471 -0.087267
v -0.082911 1.043289 -0.089800
v -0.081367 1.041482 -0.093582
v 0.037461 1.039360 -0.123900
v 0.032846 1.038142 -0.127021
v 0.027150 1.039350 -0.127020
v 0.032226 1.043047 -0.125359
v 0.035400 1.038754 -0.125827
v 0.032715 1.040645 -0.126688
v 0.029998 1.038746 -0.127446
v 0.029606 1.041482 -0.126505
v 0.035119 1.041484 -0.124835
v 0.104441 1.039360 -0.029872
v 0.106159 1.037975 -0.034800
v 0.104442 1.039360 -0.039728
v 0.102306 1.043046 -0.037295
v 0.102306 1.043046 -0.032305
v 0.105745 1.038665 -0.032180
v 0.105359 1.041125 -0.034800
v 0.105745 1.038665 -0.037420
v 0.103641 1.041484 -0.038726
v 0.102408 1.043317 -0.034800
v 0.103641 1.041484 -0.030874
v 0.000887 1.081200 -0.037293
v -0.004638 1.080123 -0.034800
v 0.000887 1.081200 -0.032307
v -0.001968 1.080928 -0.036107
v -0.000746 1.081349 -0.034800
v -0.001968 1.080928 -0.033493
v 0.000989 1.081471 -0.034800
v -0.069600 0.836400 -0.066741
v -0.071734 0.839033 -0.068285
v -0.067466 0.839033 -0.068285
v -0.071109 0.837171 -0.067868
v -0.069600 0.837513 -0.068586
v -0.069600 0.839033 -0.068960
v -0.068091 0.837171 -0.067868
v -0.069600 0.996400 -0.056741
v -0.067466 0.993767 -0.058614
v -0.071734 0.993767 -0.058614
v -0.068091 0.995629 -0.057965
v -0.069600 0.995287 -0.058725
v -0.069600 0.993767 -0.059289
v -0.071109 0.995629 -0.057965
v -0.044168 0.836400 -0.048263
v -0.043359 0.839033 -0.050770
v -0.042040 0.839033 -0.046710
v -0.043562 0.837171 -0.050047
v -0.042413 0.837513 -0.048834
v -0.042058 0.839033 -0.048949
v -0.042629 0.837171 -0.047176
v -0.053678 0.996400 -0.045173
v -0.051238 0.993767 -0.043722
v -0.052557 0.993767 -0.047782
v -0.052048 0.995629 -0.044116
v -0.051791 0.995287 -0.045786
v -0.051255 0.993767 -0.045961
v -0.052981 0.995629 -0.046987
v -0.053882 0.836400 -0.018366
v -0.051248 0.839033 -0.018372
v -0.054701 0.839033 -0.015863
v -0.051998 0.837171 -0.018341
v -0.052797 0.837513 -0.016873
v -0.052578 0.839033 -0.016571
v -0.054441 0.837171 -0.016567
v -0.059760 0.996400 -0.026456
v -0.060386 0.993767 -0.023687
v -0.056932 0.993767 -0.026196
v -0.060262 0.995629 -0.024579
v -0.058593 0.995287 -0.024851
v -0.058262 0.993767 -0.024395
v -0.057820 0.995629 -0.026353
v -0.085318 0.836400 -0.018366
v -0.084499 0.839033 -0.015863
v -0.087952 0.839033 -0.018372
v -0.084759 0.837171 -0.016567
v -0.086403 0.837513 -0.016873
v -0.086622 0.839033 -0.016571
v -0.087201 0.837171 -0.018341
v -0.079440 0.996400 -0.026456
v -0.082268 0.993767 -0.026196
v -0.078814 0.993767 -0.023687
v -0.081380 0.995629 -0.026353
v -0.080607 0.995287 -0.024851
v -0.080938 0.993767 -0.024395
v -0.078938 0.995629 -0.024579
v -0.095032 0.836400 -0.048263
v -0.097160 0.839033 -0.046710
v -0.095841 0.839033 -0.050770
v -0.096571 0.837171 -0.047176
v -0.096787 0.837513 -0.048834
v -0.097142 0.839033 -0.048949
v -0.095638 0.837171 -0.050047
v -0.085522 0.996400 -0.045173
v -0.086643 0.993767 -0.047782
v -0.087962 0.993767 -0.043722
v -0.086219 0.995629 -0.046987
v -0.087409 0.995287 -0.045786
v -0.087945 0.993767 -0.045961
v -0.087152 0.995629 -0.044116
v 0.069600 0.836400 -0.066741
v 0.067466 0.839033 -0.068285
v 0.071734 0.839033 -0.068285
v 0.068091 0.837171 -0.067868
v 0.069600 0.837513 -0.068586
v 0.069600 0.839033 -0.068960
v 0.071109 0.837171 -0.067868
v 0.069600 0.996400 -0.056741
v 0.071734 0.993767 -0.058614
v 0.067466 0.993767 -0.058614
v 0.071109 0.995629 -0.057965
v 0.069600 0.995287 -0.058725
v 0.069600 0.993767 -0.059289
v 0.068091 0.995629 -0.057965
v 0.095032 0.836400 -0.048263
v 0.095841 0.839033 -0.050770
v 0.097160 0.839033 -0.046710
v 0.095638 0.837171 -0.050047
v 0.096787 0.837513 -0.048834
v 0.097142 0.839033 -0.048949
v 0.096571 0.837171 -0.047176
v 0.085522 0.996400 -0.045173
v 0.087962 0.993767 -0.043722
v 0.086643 0.993767 -0.047782
v 0.087152 0.995629 -0.044116
v 0.087409 0.995287 -0.045786
v 0.087945 0.993767 -0.045961
v 0.086219 0.995629 -0.046987
v 0.085318 0.836400 -0.018366
v 0.087952 0.839033 -0.018372
v 0.084499 0.839033 -0.015863
v 0.087201 0.837171 -0.018341
v 0.086403 0.837513 -0.016873
v 0.086622 0.839033 -0.016571
v 0.084759 0.837171 -0.016567
v 0.079440 0.996400 -0.026456
v 0.078814 0.993767 -0.023687
v 0.082268 0.993767 -0.026196
v 0.078938 0.995629 -0.024579
v 0.080607 0.995287 -0.024851
v 0.080938 0.993767 -0.024395
v 0.081380 0.995629 -0.026353
v 0.053882 0.836400 -0.018366
v 0.054701 0.839033 -0.015863
v 0.051248 0.839033 -0.018372
v 0.054441 0.837171 -0.016567
v 0.052797 0.837513 -0.016873
v 0.052578 0.839033 -0.016571
v 0.051998 0.837171 -0.018341
v 0.059760 0.996400 -0.026456
v 0.056932 0.993767 -0.026196
v 0.060386 0.993767 -0.023687
v 0.057820 0.995629 -0.026353
v 0.058593 0.995287 -0.024851
v 0.058262 0.993767 -0.024395
v 0.060262 0.995629 -0.024579
v 0.044168 0.836400 -0.048263
v 0.042040 0.839033 -0.046710
v 0.043359 0.839033 -0.050770
v 0.042629 0.837171 -0.047176
v 0.042413 0.837513 -0.048834
v 0.042058 0.839033 -0.048949
v 0.043562 0.837171 -0.050047
v 0.053678 0.996400 -0.045173
v 0.052557 0.993767 -0.047782
v 0.051238 0.993767 -0.043722
v 0.052981 0.995629 -0.046987
v 0.051791 0.995287 -0.045786
v 0.051255 0.993767 -0.045961
v 0.052048 0.995629 -0.044116
v -0.000000 0.857600 -0.237146
v -0.002472 0.859994 -0.237779
v 0.002472 0.859994 -0.237779
v -0.001533 0.858301 -0.238179
v -0.000000 0.858647 -0.238512
v 0.000000 0.860163 -0.238119
v 0.001533 0.858301 -0.238179
v 0.000000 1.137600 -0.097146
v 0.002472 1.135206 -0.100173
v -0.002472 1.135206 -0.100173
v 0.001357 1.136899 -0.098952
v 0.000000 1.136624 -0.099554
v -0.000000 1.135376 -0.100512
v -0.001357 1.136899 -0.098952
v 0.111119 0.857600 -0.191119
v 0.109819 0.859994 -0.193315
v 0.113315 0.859994 -0.189819
v 0.110765 0.858301 -0.192933
v 0.112085 0.858647 -0.192085
v 0.111807 0.860163 -0.191807
v 0.112933 0.858301 -0.190765
v 0.012124 1.137600 -0.092124
v 0.016012 1.135206 -0.092516
v 0.012516 1.135206 -0.096012
v 0.014361 1.136899 -0.092441
v 0.013827 1.136624 -0.093827
v 0.014504 1.135376 -0.094504
v 0.012441 1.136899 -0.094361
v 0.157146 0.857600 -0.080000
v 0.157779 0.859994 -0.082472
v 0.157779 0.859994 -0.077528
v 0.158179 0.858301 -0.081533
v 0.158512 0.858647 -0.080000
v 0.158119 0.860163 -0.080000
v 0.158179 0.858301 -0.078467
v 0.017146 1.137600 -0.080000
v 0.020173 1.135206 -0.077528
v 0.020173 1.135206 -0.082472
v 0.018952 1.136899 -0.078643
v 0.019554 1.136624 -0.080000
v 0.020512 1.135376 -0.080000
v 0.018952 1.136899 -0.081357
v 0.111119 0.857600 0.031119
v 0.113315 0.859994 0.029819
v 0.109819 0.859994 0.033315
v 0.112933 0.858301 0.030765
v 0.112085 0.858647 0.032085
v 0.111807 0.860163 0.031807
v 0.110765 0.858301 0.032933
v 0.012124 1.137600 -0.067876
v 0.012516 1.135206 -0.063988
v 0.016012 1.135206 -0.067484
v 0.012441 1.136899 -0.065639
v 0.013827 1.136624 -0.066173
v 0.014504 1.135376 -0.065496
v 0.014361 1.136899 -0.067559
v 0.000000 0.857600 0.077146
v 0.002472 0.859994 0.077779
v -0.002472 0.859994 0.077779
v 0.001533 0.858301 0.078179
v 0.000000 0.858647 0.078512
v -0.000000 0.860163 0.078119
v -0.001533 0.858301 0.078179
v 0.000000 1.137600 -0.062854
v -0.002472 1.135206 -0.059827
v 0.002472 1.135206 -0.059827
v -0.001357 1.136899 -0.061048
v -0.000000 1.136624 -0.060446
v 0.000000 1.135376 -0.059488
v 0.001357 1.136899 -0.061048
v -0.111119 0.857600 0.031119
v -0.109819 0.859994 0.033315
v -0.113315 0.859994 0.029819
v -0.110765 0.858301 0.032933
v -0.112085 0.858647 0.032085
v -0.111807 0.860163 0.031807
v -0.112933 0.858301 0.030765
v -0.012124 1.137600 -0.067876
v -0.016012 1.135206 -0.067484
v -0.012516 1.135206 -0.063988
v -0.014361 1.136899 -0.067559
v -0.013827 1.136624 -0.066173
v -0.014504 1.135376 -0.065496
v -0.012441 1.136899 -0.065639
v -0.157146 0.857600 -0.080000
v -0.157779 0.859994 -0.077528
v -0.157779 0.859994 -0.082472
v -0.158179 0.858301 -0.078467
v -0.158512 0.858647 -0.080000
v -0.158119 0.860163 -0.080000
v -0.158179 0.858301 -0.081533
v -0.017146 1.137600 -0.080000
v -0.020173 1.135206 -0.082472
v -0.020173 1.135206 -0.077528
v -0.018952 1.136899 -0.081357
v -0.019554 1.136624 -0.080000
v -0.020512 1.135376 -0.080000
v -0.018952 1.136899 -0.078643
v -0.111119 0.857600 -0.191119
v -0.113315 0.859994 -0.189819
v -0.109819 0.859994 -0.193315
v -0.112933 0.858301 -0.190765
v -0.112085 0.858647 -0.192085
v -0.111807 0.860163 -0.191807
v -0.110765 0.858301 -0.192933
v -0.012124 1.137600 -0.092124
v -0.012516 1.135206 -0.096012
v -0.016012 1.135206 -0.092516
v -0.012441 1.136899 -0.094361
v -0.013827 1.136624 -0.093827
v -0.014504 1.135376 -0.094504
v -0.014361 1.136899 -0.092441
v 0.170737 0.400200 0.087363
v 0.170737 0.402837 0.090000
v 0.168100 0.402837 0.087363
v 0.170737 0.400972 0.089228
v 0.169214 0.401314 0.088886
v 0.168872 0.402837 0.089228
v 0.168872 0.400972 0.087363
v 0.170737 0.583163 0.090000
v 0.170737 0.585800 0.087363
v 0.168100 0.583163 0.087363
v 0.170737 0.585028 0.089228
v 0.169214 0.584686 0.088886
v 0.168872 0.585028 0.087363
v 0.168872 0.583163 0.089228
v 0.170737 0.400200 0.072637
v 0.168100 0.402837 0.072637
v 0.170737 0.402837 0.070000
v 0.168872 0.400972 0.072637
v 0.169214 0.401314 0.071114
v 0.168872 0.402837 0.070772
v 0.170737 0.400972 0.070772
v 0.170737 0.585800 0.072637
v 0.170737 0.583163 0.070000
v 0.168100 0.583163 0.072637
v 0.170737 0.585028 0.070772
v 0.169214 0.584686 0.071114
v 0.168872 0.583163 0.070772
v 0.168872 0.585028 0.072637
v 0.200463 0.400200 0.087363
v 0.203100 0.402837 0.087363
v 0.200463 0.402837 0.090000
v 0.202328 0.400972 0.087363
v 0.201986 0.401314 0.088886
v 0.202328 0.402837 0.089228
v 0.200463 0.400972 0.089228
v 0.200463 0.585800 0.087363
v 0.200463 0.583163 0.090000
v 0.203100 0.583163 0.087363
v 0.200463 0.585028 0.089228
v 0.201986 0.584686 0.088886
v 0.202328 0.583163 0.089228
v 0.202328 0.585028 0.087363
v 0.200463 0.400200 0.072637
v 0.200463 0.402837 0.070000
v 0.203100 0.402837 0.072637
v 0.200463 0.400972 0.070772
v 0.201986 0.401314 0.071114
v 0.202328 0.402837 0.070772
v 0.202328 0.400972 0.072637
v 0.200463 0.585800 0.072637
v 0.203100 0.583163 0.072637
v 0.200463 0.583163 0.070000
v 0.202328 0.585028 0.072637
v 0.201986 0.584686 0.071114
v 0.202328 0.583163 0.070772
v 0.200463 0.585028 0.070772
v -0.027363 0.345608 -0.069076
v -0.027363 0.346884 -0.065572
v -0.030000 0.347998 -0.067962
v -0.027363 0.345520 -0.067060
v -0.028886 0.345975 -0.067225
v -0.029228 0.347210 -0.066272
v -0.029228 0.346308 -0.068750
v -0.027363 0.396483 -0.042444
v -0.027363 0.399987 -0.043719
v -0.030000 0.397597 -0.044833
v -0.027363 0.398499 -0.042355
v -0.028886 0.398334 -0.042810
v -0.029228 0.399287 -0.044045
v -0.029228 0.396809 -0.043143
v -0.027363 0.412013 -0.211481
v -0.030000 0.414403 -0.210367
v -0.027363 0.415517 -0.212756
v -0.029228 0.412713 -0.211155
v -0.028886 0.413666 -0.212390
v -0.029228 0.415191 -0.212057
v -0.027363 0.413501 -0.212845
v -0.027363 0.466392 -0.186124
v -0.027363 0.465116 -0.189628
v -0.030000 0.464002 -0.187238
v -0.027363 0.466480 -0.188140
v -0.028886 0.466025 -0.187975
v -0.029228 0.464790 -0.188928
v -0.029228 0.465692 -0.186451
v 0.027363 0.345608 -0.069076
v 0.030000 0.347998 -0.067962
v 0.027363 0.346884 -0.065572
v 0.029228 0.346308 -0.068750
v 0.028886 0.345975 -0.067225
v 0.029228 0.347210 -0.066272
v 0.027363 0.345520 -0.067060
v 0.027363 0.399987 -0.043719
v 0.027363 0.396483 -0.042444
v 0.030000 0.397597 -0.044833
v 0.027363 0.398499 -0.042355
v 0.028886 0.398334 -0.042810
v 0.029228 0.396809 -0.043143
v 0.029228 0.399287 -0.044045
v 0.027363 0.412013 -0.211481
v 0.027363 0.415517 -0.212756
v 0.030000 0.414403 -0.210367
v 0.027363 0.413501 -0.212844
v 0.028886 0.413666 -0.212390
v 0.029228 0.415191 -0.212057
v 0.029228 0.412713 -0.211155
v 0.027363 0.466392 -0.186124
v 0.030000 0.464002 -0.187238
v 0.027363 0.465116 -0.189628
v 0.029228 0.465692 -0.186451
v 0.028886 0.466025 -0.187975
v 0.029228 0.464790 -0.188928
v 0.027363 0.466480 -0.188140
vn -0.0000 -0.3718 -0.9283
vn 0.3613 -0.6913 -0.6258
vn -0.0000 -0.6913 -0.7226
vn -0.0000 0.3718 -0.9283
vn 0.5000 -0.0000 -0.8660
vn -0.0000 -0.0000 -1.0000
vn -0.0000 0.9122 -0.4097
vn 0.3613 0.6913 -0.6258
vn -0.0000 0.6913 -0.7226
vn 0.2049 -0.9122 -0.3548
vn -0.0000 -0.9122 -0.4097
vn 0.4642 -0.3718 -0.8040
vn 0.4642 0.3718 -0.8040
vn -0.0000 1.0000 -0.0000
vn 0.2049 0.9122 -0.3548
vn -0.0000 -1.0000 -0.0000
vn 0.3548 -0.9122 -0.2049
vn 0.8040 -0.3718 -0.4642
vn 0.8040 0.3718 -0.4642
vn 0.3548 0.9122 -0.2049
vn 0.6258 -0.6913 -0.3613
vn 0.8660 -0.0000 -0.5000
vn 0.6258 0.6913 -0.3613
vn 0.9283 0.3718 -0.0000
vn 0.4097 0.9122 -0.0000
vn 0.4097 -0.9122 -0.0000
vn 0.7226 -0.6913 -0.0000
vn 1.0000 -0.0000 -0.0000
vn 0.7226 0.6913 -0.0000
vn 0.9283 -0.3718 -0.0000
vn 0.3548 -0.9122 0.2049
vn 0.6258 -0.6913 0.3613
vn 0.8660 -0.0000 0.5000
vn 0.6258 0.6913 0.3613
vn 0.8040 -0.3718 0.4642
vn 0.8040 0.3718 0.4642
vn 0.3548 0.9122 0.2049
vn 0.3613 0.6913 0.6258
vn 0.2049 -0.9122 0.3548
vn 0.5000 -0.0000 0.8660
vn 0.4642 -0.3718 0.8040
vn 0.4642 0.3718 0.8040
vn 0.2048 0.9122 0.3548
vn 0.3613 -0.6913 0.6258
vn -0.0000 -0.9122 0.4097
vn -0.0000 -0.0000 1.0000
vn -0.0000 -0.3718 0.9283
vn -0.0000 0.3718 0.9283
vn -0.0000 0.9122 0.4097
vn -0.0000 -0.6913 0.7226
vn -0.0000 0.6913 0.7226
vn -0.2049 0.9122 0.3548
vn -0.2049 -0.9122 0.3548
vn -0.3613 -0.6913 0.6258
vn -0.5000 -0.0000 0.8660
vn -0.3613 0.6913 0.6258
vn -0.4642 -0.3718 0.8040
vn -0.4642 0.3718 0.8040
vn -0.8040 -0.3718 0.4642
vn -0.6258 -0.6913 0.3613
vn -0.8660 -0.0000 0.5000
vn -0.6258 0.6913 0.3613
vn -0.3548 -0.9122 0.2049
vn -0.8040 0.3718 0.4642
vn -0.3548 0.9122 0.2049
vn -0.4097 -0.9122 -0.0000
vn -1.0000 -0.0000 -0.0000
vn -0.9283 -0.3718 -0.0000
vn -0.9283 0.3718 -0.0000
vn -0.4097 0.9122 -0.0000
vn -0.7226 -0.6913 -0.0000
vn -0.7226 0.6913 -0.0000
vn -0.8660 -0.0000 -0.5000
vn -0.8040 -0.3718 -0.4642
vn -0.8040 0.3718 -0.4642
vn -0.3548 0.9122 -0.2049
vn -0.3548 -0.9122 -0.2049
vn -0.6258 -0.6913 -0.3613
vn -0.6258 0.6913 -0.3613
vn -0.2049 -0.9122 -0.3548
vn -0.3613 -0.6913 -0.6258
vn -0.5000 -0.0000 -0.8660
vn -0.3613 0.6913 -0.6258
vn -0.4642 -0.3718 -0.8040
vn -0.4642 0.3718 -0.8040
vn -0.2049 0.9122 -0.3548
vn 0.2048 -0.9122 0.3548
vn -0.2048 0.9122 0.3548
vn -0.2048 -0.9122 0.3548
vn -0.2048 0.9122 -0.3548
vn 0.2049 0.9122 0.3548
vn -0.0000 0.9099 -0.4149
vn 0.2439 0.9099 -0.3357
vn -0.0000 -0.9099 -0.4149
vn 0.2439 -0.9099 -0.3357
vn 0.3946 0.9099 -0.1282
vn 0.3946 -0.9099 -0.1282
vn 0.3946 0.9099 0.1282
vn 0.3946 -0.9099 0.1282
vn 0.2439 -0.9099 0.3357
vn 0.2439 0.9099 0.3357
vn -0.0000 0.9099 0.4149
vn -0.0000 -0.9099 0.4149
vn -0.2439 0.9099 0.3357
vn -0.2439 -0.9099 0.3357
vn -0.3946 0.9099 0.1282
vn -0.3946 -0.9099 0.1282
vn -0.3946 0.9099 -0.1282
vn -0.3946 -0.9099 -0.1282
vn -0.2439 0.9099 -0.3357
vn -0.2439 -0.9099 -0.3357
vn -0.0000 -0.6175 -0.7866
vn 0.2158 -0.7758 -0.5929
vn -0.0000 -0.7758 -0.6310
vn -0.0000 0.7758 -0.6310
vn 0.2690 0.6175 -0.7391
vn -0.0000 0.6175 -0.7866
vn 0.1518 -0.8961 -0.4171
vn -0.0000 -0.8961 -0.4439
vn -0.0000 0.4291 -0.9033
vn 0.3089 0.4291 -0.8488
vn 0.0801 -0.9722 -0.2201
vn -0.0000 -0.9722 -0.2343
vn 0.3336 0.2199 -0.9167
vn -0.0000 0.2199 -0.9755
vn 0.3420 -0.0000 -0.9397
vn 0.3336 -0.2199 -0.9167
vn -0.0000 -0.2199 -0.9755
vn -0.0000 0.9722 -0.2343
vn 0.0801 0.9722 -0.2201
vn -0.0000 -0.4291 -0.9032
vn 0.3089 -0.4291 -0.8488
vn -0.0000 0.8961 -0.4439
vn 0.1518 0.8961 -0.4171
vn 0.2690 -0.6175 -0.7391
vn 0.2158 0.7758 -0.5929
vn 0.2853 -0.8961 -0.3400
vn 0.5806 0.4291 -0.6919
vn 0.1506 -0.9722 -0.1795
vn 0.6271 0.2199 -0.7473
vn 0.6428 -0.0000 -0.7660
vn 0.6271 -0.2199 -0.7473
vn 0.1506 0.9722 -0.1795
vn 0.5806 -0.4291 -0.6919
vn 0.2853 0.8961 -0.3400
vn 0.5056 -0.6175 -0.6025
vn 0.4056 0.7758 -0.4833
vn 0.4056 -0.7758 -0.4833
vn 0.5056 0.6175 -0.6025
vn 0.7822 0.4291 -0.4516
vn 0.2029 -0.9722 -0.1171
vn 0.8448 0.2199 -0.4878
vn 0.8448 -0.2199 -0.4878
vn 0.2029 0.9722 -0.1171
vn 0.7822 -0.4291 -0.4516
vn 0.3844 0.8961 -0.2219
vn 0.6812 -0.6175 -0.3933
vn 0.5464 0.7758 -0.3155
vn 0.5464 -0.7758 -0.3155
vn 0.6812 0.6175 -0.3933
vn 0.3844 -0.8961 -0.2219
vn 0.2307 -0.9722 -0.0407
vn 0.9607 0.2199 -0.1694
vn 0.9848 -0.0000 -0.1736
vn 0.9607 -0.2199 -0.1694
vn 0.2307 0.9722 -0.0407
vn 0.8895 -0.4291 -0.1568
vn 0.4371 0.8961 -0.0771
vn 0.7746 -0.6175 -0.1366
vn 0.6214 0.7758 -0.1096
vn 0.6214 -0.7758 -0.1096
vn 0.7746 0.6175 -0.1366
vn 0.4371 -0.8961 -0.0771
vn 0.8895 0.4291 -0.1568
vn 0.2307 -0.9722 0.0407
vn 0.9848 -0.0000 0.1736
vn 0.9607 -0.2199 0.1694
vn 0.2307 0.9722 0.0407
vn 0.8895 -0.4291 0.1568
vn 0.4371 0.8961 0.0771
vn 0.7746 -0.6175 0.1366
vn 0.6214 0.7758 0.1096
vn 0.6214 -0.7758 0.1096
vn 0.7746 0.6175 0.1366
vn 0.4371 -0.8961 0.0771
vn 0.8895 0.4291 0.1568
vn 0.9607 0.2199 0.1694
vn 0.8448 -0.2199 0.4878
vn 0.2029 0.9722 0.1171
vn 0.7822 -0.4291 0.4516
vn 0.3844 0.8961 0.2219
vn 0.6812 -0.6175 0.3933
vn 0.5464 0.7758 0.3155
vn 0.5464 -0.7758 0.3155
vn 0.6812 0.6175 0.3933
vn 0.3844 -0.8961 0.2219
vn 0.7822 0.4291 0.4516
vn 0.2029 -0.9722 0.1171
vn 0.8448 0.2199 0.4878
vn 0.6271 -0.2199 0.7473
vn 0.1506 0.9722 0.1795
vn 0.5806 -0.4291 0.6919
vn 0.2853 0.8961 0.3400
vn 0.5056 -0.6175 0.6025
vn 0.4056 0.7758 0.4833
vn 0.4056 -0.7758 0.4833
vn 0.5056 0.6175 0.6025
vn 0.2853 -0.8961 0.3400
vn 0.5806 0.4291 0.6919
vn 0.1506 -0.9722 0.1795
vn 0.6271 0.2199 0.7473
vn 0.6428 -0.0000 0.7660
vn 0.3420 -0.0000 0.9397
vn 0.3336 -0.2199 0.9167
vn 0.0801 0.9722 0.2201
vn 0.3089 -0.4291 0.8488
vn 0.1518 0.8961 0.4171
vn 0.2690 -0.6175 0.7391
vn 0.2158 0.7758 0.5929
vn 0.2158 -0.7758 0.5929
vn 0.2690 0.6175 0.7391
vn 0.1518 -0.8961 0.4171
vn 0.3089 0.4291 0.8488
vn 0.0801 -0.9722 0.2201
vn 0.3336 0.2199 0.9167
vn -0.0000 -0.2199 0.9755
vn -0.0000 -0.4291 0.9032
vn -0.0000 0.9722 0.2343
vn -0.0000 0.8961 0.4439
vn -0.0000 -0.6175 0.7866
vn -0.0000 0.7758 0.6310
vn -0.0000 -0.7758 0.6310
vn -0.0000 0.6175 0.7866
vn -0.0000 -0.8961 0.4439
vn -0.0000 0.4291 0.9033
vn -0.0000 -0.9722 0.2343
vn -0.0000 0.2199 0.9755
vn -0.1518 0.8961 0.4171
vn -0.2690 -0.6175 0.7391
vn -0.2158 0.7758 0.5929
vn -0.2158 -0.7758 0.5929
vn -0.2690 0.6175 0.7391
vn -0.1518 -0.8961 0.4171
vn -0.3089 0.4291 0.8488
vn -0.0801 -0.9722 0.2201
vn -0.3337 0.2199 0.9167
vn -0.3420 -0.0000 0.9397
vn -0.3336 -0.2199 0.9167
vn -0.0801 0.9722 0.2201
vn -0.3089 -0.4291 0.8488
vn -0.5056 -0.6175 0.6025
vn -0.4056 0.7758 0.4833
vn -0.4056 -0.7758 0.4833
vn -0.5056 0.6175 0.6025
vn -0.2853 -0.8961 0.3400
vn -0.5806 0.4291 0.6919
vn -0.1506 -0.9722 0.1795
vn -0.6271 0.2199 0.7473
vn -0.6428 -0.0000 0.7660
vn -0.6271 -0.2199 0.7473
vn -0.1506 0.9722 0.1795
vn -0.5806 -0.4291 0.6919
vn -0.2853 0.8961 0.3400
vn -0.5464 0.7758 0.3155
vn -0.5464 -0.7758 0.3155
vn -0.6812 0.6175 0.3933
vn -0.3844 -0.8961 0.2219
vn -0.7822 0.4291 0.4516
vn -0.2029 -0.9722 0.1171
vn -0.8448 0.2199 0.4878
vn -0.8448 -0.2199 0.4878
vn -0.2029 0.9722 0.1171
vn -0.7822 -0.4291 0.4516
vn -0.3844 0.8961 0.2219
vn -0.6812 -0.6175 0.3933
vn -0.7746 -0.6175 0.1366
vn -0.6214 -0.7758 0.1096
vn -0.7746 0.6175 0.1366
vn -0.4371 -0.8961 0.0771
vn -0.8895 0.4291 0.1568
vn -0.2307 -0.9722 0.0407
vn -0.9607 0.2199 0.1694
vn -0.9848 -0.0000 0.1736
vn -0.9607 -0.2199 0.1694
vn -0.2307 0.9722 0.0407
vn -0.8895 -0.4291 0.1568
vn -0.4371 0.8961 0.0771
vn -0.6214 0.7758 0.1096
vn -0.4371 -0.8961 -0.0771
vn -0.7746 0.6175 -0.1366
vn -0.8895 0.4291 -0.1568
vn -0.2307 -0.9722 -0.0407
vn -0.9607 0.2199 -0.1694
vn -0.9848 -0.0000 -0.1736
vn -0.9607 -0.2199 -0.1694
vn -0.2307 0.9722 -0.0407
vn -0.8895 -0.4291 -0.1568
vn -0.4371 0.8961 -0.0771
vn -0.7746 -0.6175 -0.1366
vn -0.6214 0.7758 -0.1096
vn -0.6214 -0.7758 -0.1096
vn -0.6812 0.6175 -0.3933
vn -0.7822 0.4291 -0.4516
vn -0.3844 -0.8961 -0.2219
vn -0.2029 -0.9722 -0.1171
vn -0.8448 0.2199 -0.4878
vn -0.8448 -0.2199 -0.4878
vn -0.2029 0.9722 -0.1171
vn -0.7822 -0.4291 -0.4516
vn -0.3844 0.8961 -0.2219
vn -0.6812 -0.6175 -0.3933
vn -0.5464 0.7758 -0.3155
vn -0.5464 -0.7758 -0.3155
vn -0.2853 -0.8961 -0.3400
vn -0.1506 -0.9722 -0.1795
vn -0.6271 0.2199 -0.7473
vn -0.6428 -0.0000 -0.7660
vn -0.6271 -0.2199 -0.7473
vn -0.1506 0.9722 -0.1795
vn -0.5806 -0.4291 -0.6919
vn -0.2853 0.8961 -0.3400
vn -0.5056 -0.6175 -0.6025
vn -0.4056 0.7758 -0.4833
vn -0.4056 -0.7758 -0.4833
vn -0.5056 0.6175 -0.6025
vn -0.5806 0.4291 -0.6919
vn -0.3337 0.2199 -0.9167
vn -0.0801 -0.9722 -0.2201
vn -0.3420 -0.0000 -0.9397
vn -0.3336 -0.2199 -0.9167
vn -0.0801 0.9722 -0.2201
vn -0.3089 -0.4291 -0.8488
vn -0.1518 0.8961 -0.4171
vn -0.2690 -0.6175 -0.7391
vn -0.2158 0.7758 -0.5929
vn -0.2158 -0.7758 -0.5929
vn -0.2690 0.6175 -0.7391
vn -0.1518 -0.8961 -0.4171
vn -0.3089 0.4291 -0.8488
vn -0.0000 -0.9672 -0.2540
vn -0.0000 -0.8670 -0.4983
vn 0.0524 -0.9070 -0.4178
vn -0.0000 -0.1378 -0.9905
vn -0.2152 -0.3191 -0.9230
vn -0.2299 -0.1797 -0.9565
vn 0.2152 -0.3191 -0.9230
vn 0.2299 -0.1797 -0.9565
vn -0.0000 0.9672 -0.2540
vn -0.0000 0.8670 -0.4983
vn -0.0524 0.9070 -0.4178
vn -0.0000 0.1378 -0.9905
vn 0.2152 0.3191 -0.9230
vn 0.2299 0.1797 -0.9565
vn -0.2152 0.3191 -0.9230
vn -0.2299 0.1797 -0.9565
vn 0.1493 -0.9672 -0.2055
vn 0.2929 -0.8670 -0.4032
vn 0.2879 -0.9070 -0.3072
vn 0.5822 -0.1378 -0.8013
vn 0.3684 -0.3191 -0.8732
vn 0.3762 -0.1797 -0.9089
vn 0.7166 -0.3191 -0.6202
vn 0.7482 -0.1797 -0.6387
vn 0.1493 0.9672 -0.2055
vn 0.2929 0.8670 -0.4031
vn 0.2031 0.9070 -0.3688
vn 0.5822 0.1378 -0.8013
vn 0.7166 0.3191 -0.6202
vn 0.7482 0.1797 -0.6387
vn 0.3684 0.3191 -0.8732
vn 0.3762 0.1797 -0.9089
vn 0.2416 -0.9672 -0.0785
vn 0.4740 -0.8670 -0.1540
vn 0.4136 -0.9070 -0.0793
vn 0.9420 -0.1378 -0.3061
vn 0.8113 -0.3191 -0.4898
vn 0.8386 -0.1797 -0.5142
vn 0.9443 -0.3191 -0.0806
vn 0.9807 -0.1797 -0.0769
vn 0.2415 0.9672 -0.0785
vn 0.4739 0.8670 -0.1540
vn 0.3811 0.9070 -0.1789
vn 0.9420 0.1378 -0.3061
vn 0.9443 0.3191 -0.0806
vn 0.9807 0.1797 -0.0769
vn 0.8113 0.3191 -0.4898
vn 0.8386 0.1797 -0.5142
vn 0.2415 -0.9672 0.0785
vn 0.4739 -0.8670 0.1540
vn 0.3812 -0.9070 0.1789
vn 0.9420 -0.1378 0.3061
vn 0.9443 -0.3191 0.0806
vn 0.9807 -0.1797 0.0769
vn 0.8113 -0.3191 0.4898
vn 0.8386 -0.1797 0.5142
vn 0.2415 0.9672 0.0785
vn 0.4739 0.8670 0.1540
vn 0.4135 0.9070 0.0793
vn 0.9420 0.1378 0.3061
vn 0.8113 0.3191 0.4898
vn 0.8386 0.1797 0.5142
vn 0.9443 0.3191 0.0806
vn 0.9807 0.1797 0.0769
vn 0.1493 -0.9672 0.2055
vn 0.2929 -0.8670 0.4032
vn 0.2032 -0.9070 0.3688
vn 0.5822 -0.1378 0.8013
vn 0.7166 -0.3191 0.6202
vn 0.7482 -0.1797 0.6386
vn 0.3684 -0.3191 0.8732
vn 0.3762 -0.1797 0.9089
vn 0.1493 0.9672 0.2055
vn 0.2929 0.8670 0.4031
vn 0.2880 0.9070 0.3072
vn 0.5822 0.1378 0.8013
vn 0.3684 0.3191 0.8732
vn 0.3762 0.1797 0.9089
vn 0.7166 0.3191 0.6202
vn 0.7482 0.1797 0.6387
vn -0.0000 -0.9672 0.2540
vn -0.0000 -0.8670 0.4983
vn -0.0524 -0.9070 0.4178
vn -0.0000 -0.1378 0.9905
vn 0.2152 -0.3191 0.9230
vn 0.2299 -0.1797 0.9565
vn -0.2152 -0.3191 0.9230
vn -0.2299 -0.1797 0.9565
vn -0.0000 0.9672 0.2540
vn -0.0000 0.8670 0.4983
vn 0.0524 0.9070 0.4178
vn -0.0000 0.1378 0.9905
vn -0.2152 0.3191 0.9230
vn -0.2299 0.1797 0.9565
vn 0.2152 0.3191 0.9230
vn 0.2299 0.1797 0.9565
vn -0.1493 -0.9672 0.2055
vn -0.2929 -0.8670 0.4032
vn -0.2880 -0.9070 0.3072
vn -0.5822 -0.1378 0.8013
vn -0.3684 -0.3191 0.8732
vn -0.3762 -0.1797 0.9089
vn -0.7166 -0.3191 0.6202
vn -0.7482 -0.1797 0.6387
vn -0.1493 0.9672 0.2055
vn -0.2929 0.8670 0.4031
vn -0.2032 0.9070 0.3688
vn -0.5822 0.1378 0.8013
vn -0.7166 0.3191 0.6202
vn -0.7482 0.1797 0.6387
vn -0.3684 0.3191 0.8732
vn -0.3762 0.1797 0.9089
vn -0.2416 -0.9672 0.0785
vn -0.4739 -0.8670 0.1540
vn -0.4136 -0.9070 0.0793
vn -0.9420 -0.1378 0.3061
vn -0.8113 -0.3191 0.4898
vn -0.8386 -0.1797 0.5142
vn -0.9443 -0.3191 0.0806
vn -0.9807 -0.1797 0.0769
vn -0.2415 0.9672 0.0785
vn -0.4739 0.8670 0.1540
vn -0.3811 0.9070 0.1789
vn -0.9420 0.1378 0.3061
vn -0.9443 0.3191 0.0806
vn -0.9807 0.1797 0.0769
vn -0.8113 0.3191 0.4898
vn -0.8386 0.1797 0.5142
vn -0.2416 -0.9672 -0.0785
vn -0.4739 -0.8670 -0.1540
vn -0.3812 -0.9070 -0.1789
vn -0.9420 -0.1378 -0.3061
vn -0.9443 -0.3191 -0.0806
vn -0.9807 -0.1797 -0.0769
vn -0.8113 -0.3191 -0.4898
vn -0.8386 -0.1797 -0.5142
vn -0.2415 0.9672 -0.0785
vn -0.4739 0.8670 -0.1540
vn -0.4135 0.9070 -0.0793
vn -0.9420 0.1378 -0.3061
vn -0.8113 0.3191 -0.4899
vn -0.8386 0.1797 -0.5142
vn -0.9443 0.3191 -0.0806
vn -0.9807 0.1797 -0.0769
vn -0.1493 -0.9672 -0.2055
vn -0.2929 -0.8670 -0.4032
vn -0.2032 -0.9070 -0.3688
vn -0.5822 -0.1378 -0.8013
vn -0.7166 -0.3191 -0.6202
vn -0.7482 -0.1797 -0.6387
vn -0.3684 -0.3191 -0.8732
vn -0.3762 -0.1797 -0.9089
vn -0.1493 0.9672 -0.2055
vn -0.2929 0.8670 -0.4031
vn -0.2880 0.9070 -0.3072
vn -0.5822 0.1378 -0.8013
vn -0.3684 0.3191 -0.8732
vn -0.3762 0.1797 -0.9089
vn -0.7166 0.3191 -0.6202
vn -0.7482 0.1797 -0.6386
vn -0.0000 -0.8670 -0.4984
vn -0.0000 0.8670 -0.4984
vn 0.2880 -0.9070 -0.3072
vn 0.2929 0.8670 -0.4032
vn 0.2032 0.9070 -0.3688
vn 0.7166 0.3192 -0.6202
vn 0.7482 0.1797 -0.6386
vn 0.2416 0.9672 -0.0785
vn 0.3811 0.9070 -0.1790
vn 0.9443 0.3192 -0.0806
vn 0.9807 0.1798 -0.0769
vn 0.2416 -0.9672 0.0785
vn 0.4740 -0.8670 0.1540
vn 0.2416 0.9672 0.0785
vn 0.4740 0.8670 0.1540
vn 0.4136 0.9070 0.0793
vn 0.9443 0.3192 0.0806
vn 0.9807 0.1798 0.0769
vn 0.7482 -0.1797 0.6387
vn 0.2929 0.8670 0.4032
vn 0.7482 0.1797 0.6386
vn -0.0000 -0.8670 0.4984
vn -0.0000 0.8670 0.4984
vn -0.2929 0.8670 0.4032
vn -0.4740 -0.8670 0.1540
vn -0.2416 0.9672 0.0785
vn -0.3812 0.9070 0.1790
vn -0.9443 0.3192 0.0806
vn -0.9807 0.1798 0.0769
vn -0.4740 -0.8670 -0.1540
vn -0.8113 -0.3191 -0.4899
vn -0.2416 0.9672 -0.0785
vn -0.4136 0.9070 -0.0793
vn -0.8113 0.3191 -0.4898
vn -0.2929 0.8670 -0.4032
vn -0.7482 0.1797 -0.6387
vn -0.1794 -0.9673 0.1794
vn -0.3251 -0.8881 0.3251
vn -0.3791 -0.9152 0.1369
vn -0.1794 -0.1794 0.9673
vn -0.3251 -0.3251 0.8881
vn -0.1369 -0.3791 0.9152
vn -0.9673 -0.1794 0.1794
vn -0.8881 -0.3251 0.3251
vn -0.9152 -0.1369 0.3791
vn -0.1794 0.1794 0.9673
vn -0.3251 0.3251 0.8881
vn -0.3791 0.1369 0.9152
vn -0.1794 0.9673 0.1794
vn -0.3251 0.8881 0.3251
vn -0.1369 0.9152 0.3791
vn -0.9673 0.1794 0.1794
vn -0.8881 0.3251 0.3251
vn -0.9152 0.3791 0.1369
vn -0.1794 -0.9673 -0.1794
vn -0.3251 -0.8881 -0.3251
vn -0.1369 -0.9152 -0.3791
vn -0.9673 -0.1794 -0.1794
vn -0.8881 -0.3251 -0.3251
vn -0.9152 -0.3791 -0.1369
vn -0.1794 -0.1794 -0.9673
vn -0.3251 -0.3251 -0.8881
vn -0.3791 -0.1369 -0.9152
vn -0.1794 0.9673 -0.1794
vn -0.3251 0.8881 -0.3251
vn -0.3791 0.9152 -0.1369
vn -0.1794 0.1794 -0.9673
vn -0.3251 0.3251 -0.8881
vn -0.1369 0.3791 -0.9152
vn -0.9673 0.1794 -0.1794
vn -0.8881 0.3251 -0.3251
vn -0.9152 0.1369 -0.3791
vn 0.1794 -0.9673 0.1794
vn 0.3251 -0.8881 0.3251
vn 0.1369 -0.9152 0.3791
vn 0.9673 -0.1794 0.1794
vn 0.8881 -0.3251 0.3251
vn 0.9152 -0.3791 0.1369
vn 0.1794 -0.1794 0.9673
vn 0.3251 -0.3251 0.8881
vn 0.3791 -0.1369 0.9152
vn 0.1794 0.9673 0.1794
vn 0.3251 0.8881 0.3251
vn 0.3791 0.9152 0.1369
vn 0.1794 0.1794 0.9673
vn 0.3251 0.3251 0.8881
vn 0.1369 0.3791 0.9152
vn 0.9673 0.1794 0.1794
vn 0.8881 0.3251 0.3251
vn 0.9152 0.1369 0.3791
vn 0.1794 -0.9673 -0.1794
vn 0.3251 -0.8881 -0.3251
vn 0.3791 -0.9152 -0.1369
vn 0.1794 -0.1794 -0.9673
vn 0.3251 -0.3251 -0.8881
vn 0.1369 -0.3791 -0.9152
vn 0.9673 -0.1794 -0.1794
vn 0.8881 -0.3251 -0.3251
vn 0.9152 -0.1369 -0.3791
vn 0.1794 0.9673 -0.1794
vn 0.3251 0.8881 -0.3251
vn 0.1369 0.9152 -0.3791
vn 0.9673 0.1794 -0.1794
vn 0.8881 0.3251 -0.3251
vn 0.9152 0.3791 -0.1369
vn 0.1794 0.1794 -0.9673
vn 0.3251 0.3251 -0.8881
vn 0.3791 0.1369 -0.9152
vn -0.3791 -0.1368 -0.9152
vn -0.3251 0.3250 -0.8881
vn 0.3791 0.1368 -0.9152
vn 0.3251 0.3250 -0.8881
vn 0.5611 0.6806 -0.4710
vn 0.4426 0.6581 -0.6091
vn 0.3433 0.8117 -0.4726
vn 0.2746 0.6806 -0.6792
vn 0.2746 -0.6806 -0.6792
vn 0.4426 -0.6581 -0.6091
vn 0.3433 -0.8117 -0.4726
vn 0.5611 -0.6806 -0.4710
vn 0.7308 0.6806 -0.0512
vn 0.7161 0.6581 -0.2327
vn 0.5555 0.8117 -0.1805
vn 0.6214 0.6806 -0.3881
vn 0.6214 -0.6806 -0.3881
vn 0.7161 -0.6581 -0.2327
vn 0.5555 -0.8117 -0.1805
vn 0.7308 -0.6807 -0.0512
vn 0.6214 0.6806 0.3881
vn 0.7161 0.6581 0.2327
vn 0.5555 0.8117 0.1805
vn 0.7308 0.6806 0.0512
vn 0.7308 -0.6806 0.0512
vn 0.7161 -0.6581 0.2327
vn 0.5555 -0.8117 0.1805
vn 0.6214 -0.6806 0.3881
vn 0.2746 0.6806 0.6792
vn 0.4426 0.6581 0.6091
vn 0.3433 0.8117 0.4726
vn 0.5611 0.6806 0.4710
vn 0.5611 -0.6806 0.4710
vn 0.4426 -0.6581 0.6091
vn 0.3433 -0.8117 0.4726
vn 0.2746 -0.6806 0.6792
vn -0.1771 0.6806 0.7109
vn -0.0000 0.6581 0.7529
vn -0.0000 0.8117 0.5841
vn 0.1771 0.6806 0.7109
vn 0.1771 -0.6806 0.7109
vn -0.0000 -0.6581 0.7529
vn -0.0000 -0.8117 0.5841
vn -0.1771 -0.6806 0.7109
vn -0.5611 0.6806 0.4710
vn -0.4426 0.6581 0.6091
vn -0.3433 0.8117 0.4726
vn -0.2746 0.6806 0.6792
vn -0.2746 -0.6806 0.6792
vn -0.4426 -0.6581 0.6091
vn -0.3433 -0.8117 0.4726
vn -0.5611 -0.6806 0.4710
vn -0.7308 0.6806 0.0513
vn -0.7161 0.6581 0.2327
vn -0.5555 0.8117 0.1805
vn -0.6214 0.6806 0.3881
vn -0.6214 -0.6806 0.3881
vn -0.7161 -0.6581 0.2327
vn -0.5555 -0.8117 0.1805
vn -0.7308 -0.6807 0.0513
vn -0.6214 0.6806 -0.3881
vn -0.7161 0.6581 -0.2327
vn -0.5555 0.8117 -0.1805
vn -0.7308 0.6806 -0.0513
vn -0.7308 -0.6806 -0.0513
vn -0.7161 -0.6581 -0.2327
vn -0.5555 -0.8117 -0.1805
vn -0.6214 -0.6806 -0.3881
vn -0.2746 0.6806 -0.6792
vn -0.4426 0.6581 -0.6091
vn -0.3433 0.8117 -0.4726
vn -0.5611 0.6806 -0.4710
vn -0.5611 -0.6806 -0.4710
vn -0.4426 -0.6581 -0.6091
vn -0.3433 -0.8117 -0.4726
vn -0.2746 -0.6806 -0.6792
vn 0.1771 0.6806 -0.7109
vn -0.0000 0.6581 -0.7529
vn -0.0000 0.8117 -0.5841
vn -0.1771 0.6806 -0.7109
vn -0.1771 -0.6806 -0.7109
vn -0.0000 -0.6581 -0.7529
vn -0.0000 -0.8117 -0.5841
vn 0.1771 -0.6806 -0.7109
vn 0.7308 0.6806 -0.0513
vn 0.7308 -0.6807 -0.0513
vn 0.7308 0.6806 0.0513
vn 0.7308 -0.6806 0.0513
vn 0.4425 -0.6581 0.6091
vn -0.7308 0.6806 0.0512
vn -0.7308 -0.6806 0.0512
vn -0.7308 0.6806 -0.0512
vn -0.7308 -0.6806 -0.0512
vn 0.6764 0.4674 -0.5692
vn 0.5309 0.4293 -0.7307
vn 0.4325 0.6771 -0.5953
vn 0.3323 0.4674 -0.8192
vn 0.3323 -0.4674 -0.8192
vn 0.5309 -0.4293 -0.7307
vn 0.4325 -0.6772 -0.5953
vn 0.6764 -0.4674 -0.5692
vn 0.8818 0.4674 -0.0629
vn 0.8590 0.4293 -0.2791
vn 0.6998 0.6771 -0.2274
vn 0.7504 0.4674 -0.4674
vn 0.7504 -0.4674 -0.4674
vn 0.8590 -0.4293 -0.2791
vn 0.6998 -0.6772 -0.2274
vn 0.8818 -0.4674 -0.0629
vn 0.7504 0.4674 0.4674
vn 0.8590 0.4293 0.2791
vn 0.6998 0.6772 0.2274
vn 0.8818 0.4674 0.0629
vn 0.8818 -0.4674 0.0629
vn 0.8590 -0.4293 0.2791
vn 0.6998 -0.6772 0.2274
vn 0.7504 -0.4674 0.4674
vn 0.3323 0.4674 0.8192
vn 0.5309 0.4293 0.7307
vn 0.4325 0.6771 0.5953
vn 0.6764 0.4674 0.5692
vn 0.6764 -0.4674 0.5692
vn 0.5309 -0.4293 0.7307
vn 0.4325 -0.6771 0.5953
vn 0.3323 -0.4674 0.8192
vn -0.2126 0.4674 0.8581
vn -0.0000 0.4293 0.9032
vn -0.0000 0.6771 0.7359
vn 0.2126 0.4674 0.8581
vn 0.2126 -0.4674 0.8581
vn -0.0000 -0.4293 0.9032
vn -0.0000 -0.6771 0.7358
vn -0.2126 -0.4674 0.8581
vn -0.6764 0.4674 0.5692
vn -0.5309 0.4293 0.7307
vn -0.4325 0.6771 0.5953
vn -0.3324 0.4674 0.8192
vn -0.3323 -0.4674 0.8192
vn -0.5309 -0.4293 0.7307
vn -0.4325 -0.6772 0.5953
vn -0.6764 -0.4674 0.5692
vn -0.8818 0.4674 0.0629
vn -0.8590 0.4293 0.2791
vn -0.6998 0.6771 0.2274
vn -0.7504 0.4674 0.4674
vn -0.7504 -0.4674 0.4674
vn -0.8590 -0.4293 0.2791
vn -0.6998 -0.6772 0.2274
vn -0.8818 -0.4674 0.0629
vn -0.7504 0.4674 -0.4674
vn -0.8590 0.4293 -0.2791
vn -0.6998 0.6772 -0.2274
vn -0.8818 0.4674 -0.0629
vn -0.8818 -0.4674 -0.0629
vn -0.8590 -0.4293 -0.2791
vn -0.6998 -0.6772 -0.2274
vn -0.7504 -0.4674 -0.4674
vn -0.3324 0.4674 -0.8192
vn -0.5309 0.4293 -0.7307
vn -0.4325 0.6771 -0.5953
vn -0.6764 0.4674 -0.5692
vn -0.6764 -0.4674 -0.5692
vn -0.5309 -0.4293 -0.7307
vn -0.4325 -0.6771 -0.5953
vn -0.3323 -0.4674 -0.8192
vn 0.2126 0.4674 -0.8581
vn -0.0000 0.4293 -0.9032
vn -0.0000 0.6771 -0.7358
vn -0.2126 0.4674 -0.8581
vn -0.2126 -0.4674 -0.8581
vn -0.0000 -0.4293 -0.9032
vn -0.0000 -0.6771 -0.7359
vn 0.2126 -0.4674 -0.8581
vn 0.4325 -0.6771 -0.5953
vn -0.0000 0.6771 0.7358
vn -0.0000 -0.6771 0.7359
vn -0.3323 0.4674 -0.8192
vn -0.0000 0.6771 -0.7359
vn -0.0000 -0.6771 -0.7358
vn -0.3250 -0.8881 -0.3251
vn -0.8881 -0.3250 -0.3250
vn -0.3251 -0.3250 -0.8881
vn -0.3250 0.8881 -0.3251
vn 0.3250 -0.3251 -0.8881
vn 0.3250 -0.8881 0.3251
vn 0.8881 -0.3250 0.3250
vn 0.9152 -0.3790 0.1369
vn 0.3250 0.8881 -0.3251
vn 0.8881 0.3250 -0.3250
vn -0.0000 -0.9688 -0.2480
vn -0.0000 -0.8700 -0.4931
vn 0.0365 -0.9075 -0.4185
vn -0.0000 -0.1414 -0.9899
vn -0.1836 -0.3224 -0.9286
vn -0.1923 -0.1816 -0.9644
vn 0.1836 -0.3224 -0.9286
vn 0.1923 -0.1816 -0.9644
vn -0.0000 0.9688 -0.2480
vn -0.0000 0.8700 -0.4931
vn -0.0366 0.9075 -0.4185
vn -0.0000 0.1414 -0.9899
vn 0.1836 0.3224 -0.9286
vn 0.1923 0.1816 -0.9644
vn -0.1836 0.3224 -0.9286
vn -0.1923 0.1816 -0.9644
vn 0.1240 -0.9688 -0.2148
vn 0.2466 -0.8700 -0.4270
vn 0.2409 -0.9075 -0.3442
vn 0.4950 -0.1414 -0.8573
vn 0.3053 -0.3224 -0.8960
vn 0.3157 -0.1816 -0.9313
vn 0.6233 -0.3224 -0.7124
vn 0.6487 -0.1816 -0.7390
vn 0.1240 0.9688 -0.2147
vn 0.2465 0.8700 -0.4270
vn 0.1776 0.9075 -0.3807
vn 0.4950 0.1414 -0.8573
vn 0.6233 0.3224 -0.7124
vn 0.6487 0.1816 -0.7390
vn 0.3053 0.3224 -0.8960
vn 0.3157 0.1816 -0.9313
vn 0.2148 -0.9688 -0.1240
vn 0.4271 -0.8700 -0.2466
vn 0.3808 -0.9075 -0.1776
vn 0.8573 -0.1414 -0.4950
vn 0.7124 -0.3224 -0.6233
vn 0.7390 -0.1816 -0.6487
vn 0.8960 -0.3224 -0.3053
vn 0.9313 -0.1816 -0.3157
vn 0.2148 0.9688 -0.1240
vn 0.4270 0.8700 -0.2465
vn 0.3442 0.9075 -0.2409
vn 0.8573 0.1414 -0.4950
vn 0.8960 0.3224 -0.3053
vn 0.9313 0.1816 -0.3157
vn 0.7124 0.3224 -0.6233
vn 0.7390 0.1816 -0.6487
vn 0.2480 -0.9688 -0.0000
vn 0.4931 -0.8700 -0.0000
vn 0.4185 -0.9075 0.0365
vn 0.9899 -0.1414 -0.0000
vn 0.9286 -0.3224 -0.1836
vn 0.9644 -0.1816 -0.1923
vn 0.9286 -0.3224 0.1836
vn 0.9644 -0.1816 0.1923
vn 0.2480 0.9688 -0.0000
vn 0.4931 0.8700 -0.0000
vn 0.4186 0.9075 -0.0365
vn 0.9899 0.1414 -0.0000
vn 0.9286 0.3224 0.1836
vn 0.9644 0.1816 0.1923
vn 0.9286 0.3224 -0.1836
vn 0.9644 0.1816 -0.1923
vn 0.2148 -0.9688 0.1240
vn 0.4271 -0.8700 0.2466
vn 0.3442 -0.9075 0.2409
vn 0.8573 -0.1414 0.4950
vn 0.8960 -0.3224 0.3053
vn 0.9313 -0.1816 0.3157
vn 0.7124 -0.3224 0.6233
vn 0.7390 -0.1816 0.6487
vn 0.2148 0.9688 0.1240
vn 0.4270 0.8700 0.2465
vn 0.3807 0.9075 0.1776
vn 0.8573 0.1414 0.4950
vn 0.7124 0.3224 0.6233
vn 0.7390 0.1816 0.6487
vn 0.8960 0.3224 0.3053
vn 0.9313 0.1816 0.3157
vn 0.1240 -0.9688 0.2148
vn 0.2466 -0.8700 0.4270
vn 0.1776 -0.9075 0.3807
vn 0.4950 -0.1414 0.8573
vn 0.6233 -0.3224 0.7124
vn 0.6487 -0.1816 0.7390
vn 0.3053 -0.3224 0.8960
vn 0.3157 -0.1816 0.9313
vn 0.1240 0.9688 0.2147
vn 0.2465 0.8700 0.4270
vn 0.2409 0.9075 0.3442
vn 0.4950 0.1414 0.8573
vn 0.3053 0.3224 0.8960
vn 0.3157 0.1816 0.9313
vn 0.6233 0.3224 0.7124
vn 0.6487 0.1816 0.7390
vn -0.0000 -0.9688 0.2480
vn -0.0000 -0.8700 0.4931
vn -0.0365 -0.9075 0.4185
vn -0.0000 -0.1414 0.9899
vn 0.1836 -0.3224 0.9286
vn 0.1923 -0.1816 0.9644
vn -0.1836 -0.3224 0.9286
vn -0.1923 -0.1816 0.9644
vn -0.0000 0.9688 0.2480
vn -0.0000 0.8700 0.4931
vn 0.0366 0.9075 0.4185
vn -0.0000 0.1414 0.9899
vn -0.1836 0.3224 0.9286
vn -0.1923 0.1816 0.9644
vn 0.1836 0.3224 0.9286
vn 0.1923 0.1816 0.9644
vn -0.1240 -0.9688 0.2148
vn -0.2466 -0.8700 0.4270
vn -0.2409 -0.9075 0.3442
vn -0.4950 -0.1414 0.8573
vn -0.3053 -0.3224 0.8960
vn -0.3157 -0.1816 0.9313
vn -0.6233 -0.3224 0.7124
vn -0.6487 -0.1816 0.7390
vn -0.1240 0.9688 0.2147
vn -0.2465 0.8700 0.4270
vn -0.1776 0.9075 0.3807
vn -0.4950 0.1414 0.8573
vn -0.6233 0.3224 0.7124
vn -0.6487 0.1816 0.7390
vn -0.3053 0.3224 0.8960
vn -0.3157 0.1816 0.9313
vn -0.2148 -0.9688 0.1240
vn -0.4271 -0.8700 0.2466
vn -0.3808 -0.9075 0.1776
vn -0.8573 -0.1414 0.4950
vn -0.7124 -0.3224 0.6233
vn -0.7390 -0.1816 0.6487
vn -0.8960 -0.3224 0.3053
vn -0.9313 -0.1816 0.3157
vn -0.2148 0.9688 0.1240
vn -0.4270 0.8700 0.2465
vn -0.3442 0.9075 0.2409
vn -0.8573 0.1414 0.4950
vn -0.8960 0.3224 0.3053
vn -0.9313 0.1816 0.3157
vn -0.7124 0.3224 0.6233
vn -0.7390 0.1816 0.6487
vn -0.2480 -0.9688 -0.0000
vn -0.4931 -0.8700 -0.0000
vn -0.4185 -0.9075 -0.0365
vn -0.9899 -0.1414 -0.0000
vn -0.9286 -0.3224 0.1836
vn -0.9644 -0.1816 0.1923
vn -0.9286 -0.3224 -0.1836
vn -0.9644 -0.1816 -0.1923
vn -0.2480 0.9688 -0.0000
vn -0.4931 0.8700 -0.0000
vn -0.4186 0.9075 0.0365
vn -0.9899 0.1414 -0.0000
vn -0.9286 0.3224 -0.1836
vn -0.9644 0.1816 -0.1923
vn -0.9286 0.3224 0.1836
vn -0.9644 0.1816 0.1923
vn -0.2148 -0.9688 -0.1240
vn -0.4271 -0.8700 -0.2466
vn -0.3442 -0.9075 -0.2409
vn -0.8573 -0.1414 -0.4950
vn -0.8960 -0.3224 -0.3053
vn -0.9313 -0.1816 -0.3157
vn -0.7124 -0.3224 -0.6233
vn -0.7390 -0.1816 -0.6487
vn -0.2148 0.9688 -0.1240
vn -0.4270 0.8700 -0.2465
vn -0.3807 0.9075 -0.1776
vn -0.8573 0.1414 -0.4950
vn -0.7124 0.3224 -0.6233
vn -0.7390 0.1816 -0.6487
vn -0.8960 0.3224 -0.3053
vn -0.9313 0.1816 -0.3157
vn -0.1240 -0.9688 -0.2148
vn -0.2466 -0.8700 -0.4270
vn -0.1776 -0.9075 -0.3807
vn -0.4950 -0.1414 -0.8573
vn -0.6233 -0.3224 -0.7124
vn -0.6487 -0.1816 -0.7390
vn -0.3053 -0.3224 -0.8960
vn -0.3157 -0.1816 -0.9313
vn -0.1240 0.9688 -0.2147
vn -0.2465 0.8700 -0.4270
vn -0.2409 0.9075 -0.3442
vn -0.4950 0.1414 -0.8573
vn -0.3053 0.3224 -0.8960
vn -0.3157 0.1816 -0.9313
vn -0.6233 0.3224 -0.7124
vn -0.6487 0.1816 -0.7390
vn -0.3250 -0.8881 0.3250
vn -0.3790 -0.9152 0.1368
vn -0.3250 -0.3251 0.8881
vn -0.3250 0.3251 0.8881
vn -0.1793 0.9673 0.1794
vn -0.3250 0.8881 0.3250
vn -0.1368 0.9152 0.3791
vn -0.8881 0.3250 0.3250
vn -0.9152 0.3791 0.1368
vn -0.3250 -0.8881 -0.3250
vn -0.1368 -0.9152 -0.3791
vn -0.9152 -0.3791 -0.1368
vn -0.3250 -0.3251 -0.8881
vn -0.3250 0.8881 -0.3250
vn -0.3790 0.9152 -0.1369
vn -0.3250 0.3251 -0.8881
vn -0.8881 0.3250 -0.3250
vn 0.3250 -0.8881 0.3250
vn 0.1368 -0.9152 0.3791
vn 0.9152 -0.3791 0.1368
vn 0.3250 -0.3251 0.8881
vn 0.3250 0.8881 0.3250
vn 0.3790 0.9152 0.1369
vn 0.3250 0.3251 0.8881
vn 0.8881 0.3250 0.3250
vn 0.3250 -0.8881 -0.3250
vn 0.3790 -0.9152 -0.1368
vn 0.1793 0.9673 -0.1794
vn 0.3250 0.8881 -0.3250
vn 0.1368 0.9152 -0.3791
vn 0.9152 0.3791 -0.1368
vn 0.3250 0.3251 -0.8881
vn -0.3791 -0.9152 0.1368
vn -0.3251 0.8881 0.3250
vn -0.1369 0.9152 0.3790
vn -0.3251 0.8881 -0.3250
vn 0.3251 0.8881 0.3250
vn 0.3791 -0.9152 -0.1368
vn 0.3251 0.8881 -0.3250
vn 0.1369 0.9152 -0.3790
vn -0.2026 0.7318 -0.6507
vn -0.0000 0.8110 -0.5851
vn -0.0000 0.7338 -0.6794
vn -0.0000 0.9337 -0.3580
vn -0.1403 0.8455 -0.5152
vn 0.2024 0.7319 -0.6507
vn 0.1404 0.8455 -0.5152
vn -0.2021 -0.7319 -0.6507
vn -0.0000 -0.8110 -0.5851
vn -0.1403 -0.8455 -0.5152
vn 0.2022 -0.7319 -0.6507
vn -0.0000 -0.7338 -0.6794
vn -0.0000 -0.9337 -0.3580
vn 0.1403 -0.8455 -0.5152
vn 0.6032 0.7319 -0.3170
vn 0.4137 0.8110 -0.4137
vn 0.4636 0.8455 -0.2650
vn 0.3171 0.7319 -0.6031
vn 0.4804 0.7338 -0.4804
vn 0.2531 0.9337 -0.2531
vn 0.2651 0.8455 -0.4635
vn 0.6032 -0.7319 -0.3171
vn 0.4137 -0.8110 -0.4137
vn 0.4804 -0.7338 -0.4804
vn 0.2531 -0.9337 -0.2531
vn 0.4635 -0.8455 -0.2650
vn 0.3169 -0.7319 -0.6032
vn 0.2651 -0.8455 -0.4635
vn 0.6506 0.7320 0.2024
vn 0.5851 0.8110 -0.0000
vn 0.5152 0.8455 0.1404
vn 0.6507 0.7319 -0.2023
vn 0.6794 0.7338 -0.0000
vn 0.3580 0.9337 -0.0000
vn 0.5152 0.8455 -0.1404
vn 0.6507 -0.7319 0.2023
vn 0.5851 -0.8110 -0.0000
vn 0.6794 -0.7338 -0.0000
vn 0.3580 -0.9337 -0.0000
vn 0.5152 -0.8455 0.1404
vn 0.6507 -0.7319 -0.2023
vn 0.5152 -0.8455 -0.1404
vn 0.3168 0.7319 0.6032
vn 0.4137 0.8110 0.4137
vn 0.2651 0.8455 0.4635
vn 0.6031 0.7320 0.3171
vn 0.4804 0.7338 0.4804
vn 0.2531 0.9337 0.2531
vn 0.4635 0.8455 0.2650
vn 0.3173 -0.7318 0.6031
vn 0.4137 -0.8110 0.4137
vn 0.4804 -0.7338 0.4804
vn 0.2531 -0.9337 0.2531
vn 0.2650 -0.8455 0.4636
vn 0.6032 -0.7319 0.3170
vn 0.4635 -0.8455 0.2650
vn -0.2021 0.7319 0.6507
vn -0.0000 0.8110 0.5851
vn -0.1403 0.8455 0.5152
vn 0.2021 0.7319 0.6507
vn -0.0000 0.7338 0.6794
vn -0.0000 0.9337 0.3580
vn 0.1404 0.8455 0.5152
vn -0.2024 -0.7319 0.6507
vn -0.0000 -0.8110 0.5851
vn -0.0000 -0.7338 0.6794
vn -0.0000 -0.9337 0.3580
vn -0.1403 -0.8455 0.5152
vn 0.2026 -0.7318 0.6507
vn 0.1403 -0.8455 0.5152
vn -0.6032 0.7319 0.3170
vn -0.4137 0.8110 0.4137
vn -0.4635 0.8455 0.2650
vn -0.3168 0.7320 0.6032
vn -0.4804 0.7338 0.4804
vn -0.2531 0.9337 0.2531
vn -0.2651 0.8455 0.4635
vn -0.6032 -0.7318 0.3171
vn -0.4137 -0.8110 0.4137
vn -0.4804 -0.7338 0.4804
vn -0.2531 -0.9337 0.2531
vn -0.4635 -0.8455 0.2650
vn -0.3171 -0.7319 0.6032
vn -0.2651 -0.8455 0.4636
vn -0.6507 0.7319 -0.2024
vn -0.5851 0.8110 -0.0000
vn -0.5152 0.8455 -0.1404
vn -0.6507 0.7319 0.2023
vn -0.6794 0.7338 -0.0000
vn -0.3580 0.9337 -0.0000
vn -0.5152 0.8455 0.1404
vn -0.6507 -0.7319 -0.2023
vn -0.5851 -0.8110 -0.0000
vn -0.6794 -0.7338 -0.0000
vn -0.3580 -0.9337 -0.0000
vn -0.5152 -0.8455 -0.1404
vn -0.6508 -0.7318 0.2024
vn -0.5152 -0.8455 0.1404
vn -0.3173 0.7318 -0.6032
vn -0.4137 0.8110 -0.4137
vn -0.2650 0.8455 -0.4636
vn -0.6032 0.7319 -0.3171
vn -0.4804 0.7338 -0.4804
vn -0.2531 0.9337 -0.2531
vn -0.4636 0.8455 -0.2650
vn -0.3167 -0.7320 -0.6032
vn -0.4137 -0.8110 -0.4137
vn -0.4804 -0.7338 -0.4804
vn -0.2531 -0.9337 -0.2531
vn -0.2651 -0.8455 -0.4635
vn -0.6032 -0.7319 -0.3170
vn -0.4635 -0.8455 -0.2650
vn 0.2028 0.7318 -0.6506
vn 0.1403 0.8455 -0.5152
vn -0.2024 -0.7319 -0.6507
vn 0.2018 -0.7319 -0.6508
vn 0.1404 -0.8455 -0.5152
vn 0.3176 0.7318 -0.6030
vn 0.2650 0.8455 -0.4635
vn 0.3165 -0.7320 -0.6033
vn 0.6507 0.7319 0.2024
vn 0.6507 -0.7318 -0.2024
vn 0.2650 0.8455 0.4636
vn 0.6031 0.7319 0.3171
vn 0.3175 -0.7318 0.6031
vn -0.2023 0.7319 0.6507
vn 0.2022 0.7319 0.6507
vn 0.1403 0.8455 0.5152
vn -0.2021 -0.7319 0.6508
vn 0.2028 -0.7318 0.6506
vn -0.3170 0.7319 0.6032
vn -0.6032 -0.7319 0.3171
vn -0.3167 -0.7320 0.6033
vn -0.6505 0.7320 -0.2024
vn -0.6507 -0.7319 0.2024
vn -0.3173 0.7318 -0.6031
vn -0.2650 0.8455 -0.4635
vn -0.6030 0.7320 -0.3171
vn -0.3170 -0.7319 -0.6032
vn -0.2650 -0.8455 -0.4636
vn -0.3791 0.9152 -0.1368
vn -0.1368 0.3791 -0.9152
vn 0.3790 -0.1369 0.9152
vn 0.3791 0.9152 0.1368
vn 0.1368 0.3791 0.9152
vn -0.2023 0.7319 -0.6507
vn -0.1404 0.8455 -0.5152
vn 0.2023 0.7319 -0.6507
vn -0.2023 -0.7319 -0.6507
vn -0.1404 -0.8455 -0.5152
vn 0.2023 -0.7319 -0.6507
vn 0.6032 0.7319 -0.3171
vn 0.3171 0.7319 -0.6032
vn 0.3171 -0.7319 -0.6032
vn 0.2650 -0.8455 -0.4636
vn 0.6507 0.7319 0.2023
vn 0.3171 0.7319 0.6032
vn 0.2651 0.8455 0.4636
vn 0.6032 0.7319 0.3171
vn 0.3171 -0.7319 0.6032
vn 0.2651 -0.8455 0.4635
vn 0.6032 -0.7319 0.3171
vn 0.2023 0.7319 0.6507
vn -0.2023 -0.7319 0.6507
vn -0.1404 -0.8455 0.5152
vn 0.2023 -0.7319 0.6507
vn 0.1404 -0.8455 0.5152
vn -0.6032 0.7319 0.3171
vn -0.3171 0.7319 0.6032
vn -0.2651 0.8455 0.4636
vn -0.4636 -0.8455 0.2650
vn -0.2651 -0.8455 0.4635
vn -0.6507 0.7319 -0.2023
vn -0.6507 -0.7319 0.2023
vn -0.3171 0.7319 -0.6032
vn -0.2651 0.8455 -0.4635
vn -0.3171 -0.7319 -0.6032
vn -0.2651 -0.8455 -0.4636
vn -0.6032 -0.7319 -0.3171
vn 0.2650 0.8455 -0.4636
vn -0.4635 0.8455 -0.2650
vn 0.2564 -0.9528 0.1628
vn 0.2564 -0.9528 -0.1628
vn 0.3525 -0.9358 -0.0000
vn -0.0709 -0.9649 0.2528
vn 0.1757 -0.9845 -0.0000
vn -0.0709 -0.9649 -0.2528
vn -0.1476 -0.9890 -0.0000
vn 0.5215 -0.8426 0.1340
vn 0.6562 -0.5513 0.5153
vn 0.3821 -0.8712 0.3082
vn 0.9098 -0.1791 0.3743
vn 0.7634 -0.6330 0.1285
vn 0.9280 -0.3507 0.1261
vn 0.7867 0.0095 0.6172
vn 0.3317 -0.6168 0.7138
vn 0.5905 -0.1674 0.7895
vn 0.3812 -0.3309 0.8633
vn 0.2646 -0.8334 0.4852
vn -0.0375 -0.1147 0.9927
vn 0.0995 -0.5535 0.8269
vn 0.1839 -0.3132 0.9317
vn -0.2878 0.0464 0.9566
vn -0.2731 -0.3449 0.8981
vn -0.5413 -0.5692 0.6189
vn -0.5222 -0.1234 0.8438
vn -0.6773 -0.3287 0.6582
vn -0.1865 -0.7709 0.6091
vn -0.4859 -0.8444 -0.2257
vn -0.8280 -0.5608 -0.0000
vn -0.6754 -0.6340 -0.3768
vn -0.4859 -0.8444 0.2257
vn -0.4777 -0.8785 -0.0000
vn -0.9461 -0.1745 0.2729
vn -0.6753 -0.6340 0.3768
vn -0.8086 -0.3477 0.4747
vn -0.9999 0.0147 -0.0000
vn -0.9461 -0.1745 -0.2730
vn -0.8086 -0.3477 -0.4747
vn -0.5222 -0.1234 -0.8438
vn -0.5413 -0.5692 -0.6189
vn -0.6773 -0.3287 -0.6582
vn -0.2878 0.0464 -0.9566
vn -0.2730 -0.3449 -0.8981
vn 0.0995 -0.5535 -0.8269
vn -0.0375 -0.1147 -0.9927
vn 0.1839 -0.3132 -0.9317
vn -0.1865 -0.7709 -0.6091
vn 0.7634 -0.6330 -0.1285
vn 0.9098 -0.1791 -0.3743
vn 0.9280 -0.3507 -0.1261
vn 0.5215 -0.8427 -0.1340
vn 0.6562 -0.5513 -0.5153
vn 0.2646 -0.8334 -0.4852
vn 0.3821 -0.8712 -0.3082
vn 0.5905 -0.1674 -0.7895
vn 0.3317 -0.6168 -0.7138
vn 0.3812 -0.3308 -0.8633
vn 0.7867 0.0095 -0.6172
vn 0.0375 0.1147 0.9927
vn -0.0995 0.5535 0.8269
vn -0.1839 0.3132 0.9317
vn 0.2878 -0.0464 0.9566
vn 0.2731 0.3449 0.8981
vn 0.5413 0.5692 0.6188
vn 0.5222 0.1234 0.8438
vn 0.6773 0.3287 0.6582
vn 0.1865 0.7709 0.6091
vn -0.9098 0.1791 0.3743
vn -0.7634 0.6331 0.1285
vn -0.9280 0.3507 0.1261
vn -0.7867 -0.0095 0.6172
vn -0.6562 0.5513 0.5153
vn -0.3317 0.6168 0.7138
vn -0.5905 0.1674 0.7895
vn -0.3812 0.3308 0.8633
vn -0.2646 0.8334 0.4852
vn -0.5215 0.8427 0.1340
vn -0.3821 0.8712 0.3081
vn -0.5905 0.1674 -0.7895
vn -0.3317 0.6167 -0.7138
vn -0.3812 0.3308 -0.8633
vn -0.7867 -0.0095 -0.6172
vn -0.6562 0.5512 -0.5153
vn -0.7633 0.6331 -0.1285
vn -0.9098 0.1791 -0.3743
vn -0.9280 0.3507 -0.1261
vn -0.5215 0.8427 -0.1340
vn -0.2646 0.8334 -0.4852
vn -0.3821 0.8712 -0.3081
vn 0.5223 0.1234 -0.8438
vn 0.5413 0.5692 -0.6188
vn 0.6773 0.3287 -0.6582
vn 0.2878 -0.0464 -0.9566
vn 0.2731 0.3449 -0.8981
vn -0.0995 0.5535 -0.8269
vn 0.0375 0.1147 -0.9927
vn -0.1839 0.3132 -0.9317
vn 0.1865 0.7709 -0.6091
vn 0.9461 0.1745 0.2730
vn 0.6753 0.6340 0.3768
vn 0.8086 0.3476 0.4747
vn 0.9999 -0.0147 -0.0000
vn 0.8280 0.5608 -0.0000
vn 0.6753 0.6340 -0.3768
vn 0.9461 0.1745 -0.2730
vn 0.8086 0.3477 -0.4747
vn 0.4859 0.8444 -0.2257
vn 0.4859 0.8444 0.2257
vn 0.4777 0.8785 -0.0000
vn 0.0709 0.9649 -0.2528
vn -0.1757 0.9845 -0.0000
vn 0.1476 0.9890 -0.0000
vn -0.2564 0.9528 0.1628
vn -0.2564 0.9528 -0.1628
vn -0.3525 0.9358 -0.0000
vn 0.0709 0.9649 0.2528
vn -0.0000 -0.9588 -0.2842
vn -0.0000 -0.8563 -0.5164
vn 0.1617 -0.9019 -0.4005
vn -0.4594 -0.1331 -0.8782
vn -0.3196 -0.2684 -0.9088
vn -0.4481 -0.3358 -0.8285
vn 0.4594 -0.1331 -0.8782
vn 0.3196 -0.2684 -0.9088
vn 0.3005 -0.0826 -0.9502
vn -0.0000 0.9631 -0.2691
vn -0.0000 0.8722 -0.4892
vn -0.1530 0.9101 -0.3850
vn 0.4508 0.2321 -0.8619
vn 0.3089 0.3693 -0.8765
vn 0.4354 0.4232 -0.7946
vn -0.4508 0.2321 -0.8619
vn -0.3089 0.3693 -0.8765
vn -0.2959 0.1926 -0.9356
vn 0.2703 -0.9588 -0.0878
vn 0.4911 -0.8563 -0.1596
vn 0.4309 -0.9019 0.0300
vn 0.6933 -0.1331 -0.7083
vn 0.7655 -0.2684 -0.5848
vn 0.6495 -0.3358 -0.6822
vn 0.9772 -0.1331 0.1655
vn 0.9630 -0.2684 0.0231
vn 0.9966 -0.0826 -0.0079
vn 0.2559 0.9631 -0.0831
vn 0.4652 0.8722 -0.1512
vn 0.3189 0.9102 -0.2645
vn 0.9590 0.2321 0.1624
vn 0.9290 0.3693 0.0229
vn 0.8902 0.4232 0.1685
vn 0.6804 0.2321 -0.6951
vn 0.7382 0.3693 -0.5646
vn 0.7984 0.1926 -0.5705
vn 0.1671 -0.9588 0.2299
vn 0.3036 -0.8563 0.4178
vn 0.1046 -0.9019 0.4191
vn 0.8879 -0.1331 0.4405
vn 0.7927 -0.2684 0.5473
vn 0.8495 -0.3358 0.4069
vn 0.1445 -0.1331 0.9805
vn 0.2756 -0.2684 0.9231
vn 0.3154 -0.0826 0.9454
vn 0.1581 0.9631 0.2177
vn 0.2875 0.8722 0.3957
vn 0.3501 0.9102 0.2216
vn 0.1419 0.2321 0.9623
vn 0.2653 0.3693 0.8906
vn 0.1148 0.4232 0.8987
vn 0.8713 0.2321 0.4323
vn 0.7651 0.3693 0.5275
vn 0.7893 0.1926 0.5830
vn -0.1671 -0.9588 0.2299
vn -0.3036 -0.8563 0.4178
vn -0.3663 -0.9019 0.2290
vn -0.1445 -0.1331 0.9805
vn -0.2756 -0.2684 0.9231
vn -0.1244 -0.3358 0.9337
vn -0.8878 -0.1331 0.4405
vn -0.7927 -0.2684 0.5473
vn -0.8016 -0.0826 0.5921
vn -0.1581 0.9631 0.2177
vn -0.2875 0.8722 0.3957
vn -0.1025 0.9101 0.4014
vn -0.8713 0.2321 0.4323
vn -0.7651 0.3693 0.5276
vn -0.8192 0.4232 0.3869
vn -0.1419 0.2321 0.9623
vn -0.2653 0.3693 0.8906
vn -0.3106 0.1926 0.9308
vn -0.2703 -0.9588 -0.0878
vn -0.4912 -0.8563 -0.1596
vn -0.3309 -0.9019 -0.2776
vn -0.9772 -0.1331 0.1655
vn -0.9630 -0.2684 0.0231
vn -0.9264 -0.3358 0.1702
vn -0.6933 -0.1331 -0.7083
vn -0.7655 -0.2684 -0.5848
vn -0.8108 -0.0826 -0.5794
vn -0.2559 0.9631 -0.0832
vn -0.4652 0.8722 -0.1512
vn -0.4134 0.9101 0.0265
vn -0.6804 0.2321 -0.6951
vn -0.7382 0.3693 -0.5646
vn -0.6211 0.4233 -0.6596
vn -0.9590 0.2321 0.1624
vn -0.9290 0.3693 0.0229
vn -0.9812 0.1927 -0.0077
vn 0.4353 0.4233 -0.7946
vn 0.4912 -0.8563 -0.1596
vn 0.4310 -0.9019 0.0300
vn 0.8902 0.4233 0.1685
vn 0.1670 -0.9588 0.2299
vn 0.8878 -0.1331 0.4405
vn 0.7927 -0.2684 0.5474
vn 0.3500 0.9102 0.2216
vn -0.1670 -0.9588 0.2299
vn -0.7651 0.3693 0.5275
vn -0.2559 0.9631 -0.0831
vn -0.0000 -0.9493 -0.3144
vn -0.0000 -0.7937 -0.6083
vn 0.0945 -0.8832 -0.4594
vn -0.0000 0.3272 -0.9450
vn -0.2580 0.1229 -0.9583
vn -0.2807 0.2421 -0.9288
vn 0.2580 0.1229 -0.9583
vn 0.2807 0.2421 -0.9288
vn -0.0000 0.9804 -0.1969
vn -0.0000 0.7503 -0.6611
vn -0.1415 0.8315 -0.5372
vn -0.0000 0.5427 -0.8399
vn 0.1415 0.8315 -0.5372
vn 0.2469 0.5467 -0.8001
vn -0.2469 0.5467 -0.8001
vn 0.2223 -0.9493 -0.2223
vn 0.4301 -0.7937 -0.4301
vn 0.3916 -0.8832 -0.2580
vn 0.6682 0.3272 -0.6682
vn 0.4952 0.1229 -0.8601
vn 0.4582 0.2421 -0.8552
vn 0.8601 0.1229 -0.4952
vn 0.8552 0.2421 -0.4582
vn 0.1392 0.9804 -0.1392
vn 0.4674 0.7503 -0.4675
vn 0.2797 0.8315 -0.4799
vn 0.5939 0.5427 -0.5939
vn 0.4799 0.8315 -0.2797
vn 0.7403 0.5467 -0.3912
vn 0.3912 0.5467 -0.7403
vn 0.3144 -0.9493 -0.0000
vn 0.6083 -0.7937 -0.0000
vn 0.4594 -0.8832 0.0945
vn 0.9450 0.3272 -0.0000
vn 0.9583 0.1229 -0.2580
vn 0.9288 0.2421 -0.2807
vn 0.9583 0.1229 0.2580
vn 0.9288 0.2421 0.2807
vn 0.1969 0.9804 -0.0000
vn 0.6611 0.7503 -0.0000
vn 0.5372 0.8315 -0.1416
vn 0.8399 0.5427 -0.0000
vn 0.5372 0.8315 0.1416
vn 0.8001 0.5467 0.2469
vn 0.8001 0.5467 -0.2469
vn 0.2223 -0.9493 0.2223
vn 0.4301 -0.7937 0.4301
vn 0.2580 -0.8832 0.3916
vn 0.6682 0.3272 0.6682
vn 0.8601 0.1229 0.4952
vn 0.8552 0.2421 0.4582
vn 0.4951 0.1229 0.8601
vn 0.4582 0.2421 0.8552
vn 0.1392 0.9804 0.1392
vn 0.4675 0.7503 0.4675
vn 0.4799 0.8315 0.2797
vn 0.5939 0.5427 0.5939
vn 0.2797 0.8315 0.4799
vn 0.3912 0.5467 0.7403
vn 0.7403 0.5467 0.3912
vn -0.0000 -0.9493 0.3144
vn -0.0000 -0.7937 0.6083
vn -0.0945 -0.8832 0.4594
vn -0.0000 0.3272 0.9450
vn 0.2580 0.1229 0.9583
vn 0.2807 0.2421 0.9288
vn -0.2580 0.1229 0.9583
vn -0.2807 0.2421 0.9288
vn -0.0000 0.9804 0.1969
vn -0.0000 0.7503 0.6611
vn 0.1415 0.8315 0.5372
vn -0.0000 0.5427 0.8399
vn -0.1416 0.8315 0.5372
vn -0.2469 0.5467 0.8001
vn 0.2469 0.5467 0.8001
vn -0.2223 -0.9493 0.2223
vn -0.4301 -0.7937 0.4301
vn -0.3916 -0.8832 0.2580
vn -0.6682 0.3272 0.6682
vn -0.4952 0.1229 0.8601
vn -0.4582 0.2421 0.8552
vn -0.8601 0.1229 0.4952
vn -0.8552 0.2421 0.4582
vn -0.1392 0.9804 0.1392
vn -0.4675 0.7503 0.4675
vn -0.2798 0.8315 0.4799
vn -0.5939 0.5427 0.5939
vn -0.4799 0.8315 0.2797
vn -0.7403 0.5467 0.3912
vn -0.3912 0.5467 0.7403
vn -0.3144 -0.9493 -0.0000
vn -0.6083 -0.7937 -0.0000
vn -0.4594 -0.8832 -0.0945
vn -0.9450 0.3272 -0.0000
vn -0.9583 0.1229 0.2580
vn -0.9288 0.2421 0.2807
vn -0.9583 0.1229 -0.2580
vn -0.9288 0.2421 -0.2807
vn -0.1969 0.9804 -0.0000
vn -0.6611 0.7503 -0.0000
vn -0.5371 0.8315 0.1416
vn -0.8399 0.5427 -0.0000
vn -0.5372 0.8315 -0.1416
vn -0.8001 0.5467 -0.2469
vn -0.8001 0.5467 0.2469
vn -0.2223 -0.9493 -0.2223
vn -0.4301 -0.7937 -0.4301
vn -0.2580 -0.8832 -0.3916
vn -0.6682 0.3272 -0.6682
vn -0.8601 0.1229 -0.4952
vn -0.8552 0.2421 -0.4582
vn -0.4952 0.1229 -0.8601
vn -0.4582 0.2421 -0.8552
vn -0.1392 0.9804 -0.1392
vn -0.4675 0.7503 -0.4674
vn -0.4799 0.8315 -0.2797
vn -0.5939 0.5427 -0.5939
vn -0.2798 0.8315 -0.4799
vn -0.3912 0.5467 -0.7403
vn -0.7403 0.5467 -0.3912
vn -0.3250 0.8881 0.3251
vn -0.8881 0.3251 0.3250
vn -0.8881 -0.3251 -0.3250
vn -0.8881 0.3251 -0.3250
vn 0.8881 -0.3250 0.3251
vn 0.3250 0.8881 0.3251
vn 0.8881 0.3251 0.3250
vn -0.1794 -0.9525 -0.2462
vn -0.3251 -0.9422 -0.0807
vn -0.3791 -0.8873 -0.2627
vn -0.1794 -0.5714 0.8009
vn -0.3251 -0.6699 0.6675
vn -0.1369 -0.7303 0.6692
vn -0.9673 -0.2384 0.0868
vn -0.8881 -0.4320 0.1572
vn -0.9152 -0.2842 0.2857
vn -0.1794 -0.2462 0.9525
vn -0.3251 -0.0807 0.9422
vn -0.3791 -0.2627 0.8873
vn -0.1794 0.8008 0.5714
vn -0.3250 0.6675 0.6699
vn -0.1369 0.6692 0.7303
vn -0.9673 0.0868 0.2384
vn -0.8881 0.1572 0.4320
vn -0.9152 0.2857 0.2842
vn -0.1794 -0.8008 -0.5714
vn -0.3251 -0.6675 -0.6699
vn -0.1369 -0.6692 -0.7303
vn -0.9673 -0.0868 -0.2384
vn -0.8881 -0.1572 -0.4320
vn -0.9152 -0.2857 -0.2843
vn -0.1794 0.2462 -0.9525
vn -0.3251 0.0807 -0.9422
vn -0.3791 0.2627 -0.8873
vn -0.1794 0.9525 0.2462
vn -0.3250 0.9422 0.0807
vn -0.3791 0.8873 0.2627
vn -0.1794 0.5714 -0.8009
vn -0.3251 0.6699 -0.6675
vn -0.1369 0.7303 -0.6692
vn -0.9673 0.2384 -0.0868
vn -0.8881 0.4320 -0.1572
vn -0.9152 0.2842 -0.2857
vn 0.1794 -0.9525 -0.2462
vn 0.3251 -0.9422 -0.0807
vn 0.1369 -0.9896 -0.0432
vn 0.9673 -0.2384 0.0868
vn 0.8881 -0.4320 0.1572
vn 0.9152 -0.4014 -0.0362
vn 0.1794 -0.5714 0.8009
vn 0.3251 -0.6699 0.6675
vn 0.3791 -0.5108 0.7716
vn 0.1794 0.8008 0.5714
vn 0.3251 0.6675 0.6699
vn 0.3791 0.7716 0.5108
vn 0.1794 -0.2462 0.9525
vn 0.3251 -0.0807 0.9422
vn 0.1369 -0.0432 0.9896
vn 0.9673 0.0868 0.2384
vn 0.8881 0.1572 0.4320
vn 0.9152 -0.0362 0.4014
vn 0.1794 -0.8008 -0.5714
vn 0.3251 -0.6675 -0.6699
vn 0.3791 -0.7716 -0.5108
vn 0.1794 0.2462 -0.9525
vn 0.3251 0.0807 -0.9422
vn 0.1369 0.0432 -0.9896
vn 0.9673 -0.0868 -0.2384
vn 0.8881 -0.1572 -0.4320
vn 0.9152 0.0362 -0.4014
vn 0.1794 0.9525 0.2462
vn 0.3250 0.9422 0.0807
vn 0.1368 0.9897 0.0432
vn 0.9673 0.2384 -0.0868
vn 0.8881 0.4320 -0.1572
vn 0.9152 0.4014 0.0362
vn 0.1794 0.5714 -0.8008
vn 0.3251 0.6699 -0.6675
vn 0.3791 0.5108 -0.7716
vn 0.2032 -0.9070 -0.3688
vn 0.2880 0.9070 -0.3072
vn 0.4135 -0.9070 0.0793
vn 0.4135 0.9070 -0.0793
vn 0.2880 -0.9070 0.3072
vn 0.3811 0.9070 0.1789
vn 0.2032 0.9070 0.3688
vn -0.2032 -0.9070 0.3688
vn -0.0524 0.9070 0.4178
vn -0.3812 -0.9070 0.1789
vn -0.2880 0.9070 0.3072
vn -0.4135 -0.9070 -0.0793
vn -0.3812 0.9070 -0.1789
vn -0.0524 -0.9070 -0.4178
vn -0.2032 0.9070 -0.3688
vn 0.3812 -0.9070 -0.1789
vn 0.2881 0.9070 -0.3072
vn 0.2879 -0.9070 0.3072
vn 0.3812 0.9070 0.1789
vn -0.3811 -0.9070 0.1789
vn -0.2881 0.9070 0.3072
vn -0.4136 -0.9070 -0.0793
vn -0.4136 0.9070 0.0793
vn -0.2880 -0.9070 -0.3072
vn -0.0000 -0.1942 -0.9810
vn 0.3993 -0.3910 -0.8292
vn -0.0000 -0.3910 -0.9204
vn 0.1625 -0.9272 -0.3374
vn -0.0000 -0.9762 -0.2167
vn -0.0000 -0.9272 -0.3745
vn 0.4256 0.1942 -0.8838
vn -0.0000 0.3910 -0.9204
vn 0.3993 0.3910 -0.8292
vn 0.1625 0.9272 -0.3374
vn -0.0000 0.9762 -0.2167
vn 0.0940 0.9762 -0.1952
vn 0.7669 -0.1942 -0.6116
vn 0.4256 -0.1942 -0.8838
vn 0.1694 -0.9762 -0.1351
vn 0.0940 -0.9762 -0.1952
vn 0.7669 0.1942 -0.6116
vn 0.7196 0.3910 -0.5738
vn 0.1694 0.9762 -0.1351
vn 0.2928 0.9272 -0.2335
vn 0.9564 -0.1942 -0.2183
vn 0.7196 -0.3910 -0.5738
vn 0.3651 -0.9272 -0.0833
vn 0.2928 -0.9272 -0.2335
vn 0.9564 0.1942 -0.2183
vn 0.8973 0.3910 -0.2048
vn 0.2113 0.9762 -0.0482
vn 0.3651 0.9272 -0.0833
vn 0.9564 -0.1942 0.2183
vn 0.8973 -0.3910 -0.2048
vn 0.3651 -0.9272 0.0833
vn 0.2113 -0.9762 -0.0482
vn 0.8973 0.3910 0.2048
vn 0.9564 0.1942 0.2183
vn 0.2113 0.9762 0.0482
vn 0.3651 0.9272 0.0833
vn 0.7669 -0.1942 0.6116
vn 0.8973 -0.3910 0.2048
vn 0.2928 -0.9272 0.2335
vn 0.2113 -0.9762 0.0482
vn 0.7196 0.3910 0.5738
vn 0.7669 0.1942 0.6116
vn 0.1694 0.9762 0.1351
vn 0.2928 0.9272 0.2335
vn 0.4256 -0.1942 0.8838
vn 0.7196 -0.3910 0.5738
vn 0.1625 -0.9272 0.3374
vn 0.1694 -0.9762 0.1351
vn 0.3993 0.3910 0.8292
vn 0.4256 0.1942 0.8838
vn 0.1625 0.9272 0.3374
vn 0.0940 0.9762 0.1952
vn -0.0000 -0.3910 0.9204
vn 0.3993 -0.3910 0.8292
vn -0.0000 -0.9272 0.3745
vn 0.0940 -0.9762 0.1952
vn -0.0000 0.3910 0.9204
vn -0.0000 0.1942 0.9810
vn -0.0000 0.9272 0.3745
vn -0.0000 0.9762 0.2167
vn -0.4256 -0.1942 0.8838
vn -0.0000 -0.1942 0.9810
vn -0.1625 -0.9272 0.3374
vn -0.0000 -0.9762 0.2167
vn -0.4256 0.1942 0.8838
vn -0.3993 0.3910 0.8292
vn -0.0940 0.9762 0.1952
vn -0.1625 0.9272 0.3374
vn -0.7196 -0.3910 0.5738
vn -0.3993 -0.3910 0.8292
vn -0.2927 -0.9272 0.2335
vn -0.0940 -0.9762 0.1952
vn -0.7196 0.3910 0.5738
vn -0.7669 0.1942 0.6116
vn -0.2928 0.9272 0.2335
vn -0.1694 0.9762 0.1351
vn -0.7669 -0.1942 0.6116
vn -0.8973 -0.3910 0.2048
vn -0.3651 -0.9272 0.0833
vn -0.1694 -0.9762 0.1351
vn -0.8973 0.3910 0.2048
vn -0.9564 0.1942 0.2183
vn -0.3650 0.9273 0.0833
vn -0.2112 0.9762 0.0482
vn -0.9564 -0.1942 -0.2183
vn -0.9564 -0.1942 0.2183
vn -0.3651 -0.9272 -0.0833
vn -0.2113 -0.9762 0.0482
vn -0.8973 0.3910 -0.2048
vn -0.9564 0.1942 -0.2183
vn -0.2113 0.9762 -0.0482
vn -0.3651 0.9272 -0.0833
vn -0.7669 -0.1942 -0.6116
vn -0.8973 -0.3910 -0.2048
vn -0.1694 -0.9762 -0.1351
vn -0.2113 -0.9762 -0.0482
vn -0.7196 0.3910 -0.5738
vn -0.7669 0.1942 -0.6116
vn -0.1694 0.9762 -0.1351
vn -0.2928 0.9272 -0.2335
vn -0.4256 -0.1942 -0.8838
vn -0.7196 -0.3910 -0.5738
vn -0.1625 -0.9272 -0.3374
vn -0.2928 -0.9272 -0.2335
vn -0.3993 0.3910 -0.8292
vn -0.4256 0.1942 -0.8838
vn -0.0940 0.9762 -0.1952
vn -0.1625 0.9272 -0.3374
vn -0.3993 -0.3910 -0.8292
vn -0.0940 -0.9762 -0.1952
vn -0.0000 0.1942 -0.9810
vn -0.0000 0.9272 -0.3745
vn 0.2927 -0.9272 -0.2335
vn 0.3650 0.9273 -0.0833
vn 0.2112 0.9762 -0.0482
vn -0.2928 -0.9272 0.2335
vn -0.2113 0.9762 0.0482
vn -0.3651 0.9272 0.0833
vn -0.0000 -0.9272 -0.3744
vn -0.0000 0.9273 -0.3744
vn 0.1625 0.9273 -0.3374
vn 0.2927 0.9273 -0.2335
vn 0.3651 0.9273 0.0833
vn 0.2927 0.9273 0.2335
vn 0.1625 0.9273 0.3374
vn -0.0000 0.9273 0.3744
vn -0.0000 -0.9272 0.3744
vn -0.1625 0.9273 0.3374
vn -0.2928 0.9273 0.2335
vn -0.3651 0.9273 0.0833
vn -0.2112 0.9762 -0.0482
vn -0.3650 0.9273 -0.0833
vn -0.2927 0.9273 -0.2335
vn -0.1625 0.9273 -0.3374
vn 0.2112 0.9762 0.0482
vn 0.3650 0.9273 0.0833
vn 0.2928 0.9273 0.2335
vn -0.7196 0.3910 0.5739
vn -0.2927 0.9273 0.2335
vn -0.3791 -0.9152 -0.1369
vn -0.9152 -0.3791 0.1369
vn -0.3791 -0.1369 0.9152
vn -0.9152 0.1369 0.3791
vn -0.3791 0.9152 0.1369
vn -0.9152 0.3791 -0.1369
vn -0.3791 0.1369 -0.9152
vn -0.9152 -0.1369 -0.3791
vn 0.1369 -0.9152 -0.3791
vn -0.1369 -0.3791 -0.9152
vn -0.1369 0.9152 -0.3791
vn 0.1369 0.3791 -0.9152
vn 0.9152 0.1369 -0.3791
vn 0.3791 -0.1369 -0.9152
vn 0.3791 -0.9152 0.1369
vn 0.9152 -0.3791 -0.1369
vn 0.3791 0.9152 -0.1369
vn 0.9152 0.3791 0.1369
vn 0.3791 0.1369 0.9152
vn 0.9152 -0.1369 0.3791
vn -0.1369 -0.9152 0.3791
vn 0.1369 0.9152 0.3791
vn -0.1369 0.3791 0.9152
vn 0.1369 -0.3791 0.9152
vn -0.3791 0.1368 -0.9152
vn 0.3791 -0.1368 -0.9152
vn 0.3556 -0.3040 -0.8838
vn -0.1078 -0.3759 -0.9204
vn -0.0535 -0.1867 -0.9810
vn -0.2556 -0.8913 -0.3745
vn -0.1787 -0.9643 -0.1952
vn -0.2691 -0.9384 -0.2167
vn 0.4627 0.0694 -0.8838
vn 0.1078 0.3759 -0.9204
vn 0.4917 0.2658 -0.8292
vn 0.4118 0.8465 -0.3374
vn 0.2691 0.9384 -0.2167
vn 0.3595 0.9125 -0.1952
vn 0.6837 -0.3981 -0.6116
vn 0.2761 -0.4860 -0.8292
vn -0.0994 -0.9361 -0.3374
vn -0.1063 -0.9851 -0.1351
vn 0.7908 -0.0247 -0.6116
vn 0.7995 0.1775 -0.5738
vn 0.4319 0.8917 -0.1351
vn 0.5370 0.8106 -0.2335
vn 0.8658 -0.4503 -0.2183
vn 0.5839 -0.5742 -0.5738
vn 0.0953 -0.9920 -0.0833
vn 0.0258 -0.9720 -0.2334
vn 0.9728 -0.0769 -0.2183
vn 0.9703 0.1286 -0.2048
vn 0.6065 0.7907 -0.0833
vn 0.4722 0.8802 -0.0482
vn 0.8658 -0.4503 0.2183
vn 0.7547 -0.6232 -0.2048
vn 0.0954 -0.9919 0.0833
vn -0.0660 -0.9967 -0.0482
vn 0.9703 0.1286 0.2048
vn 0.9728 -0.0769 0.2183
vn 0.4722 0.8802 0.0482
vn 0.6065 0.7907 0.0833
vn 0.5839 -0.5742 0.5738
vn 0.7548 -0.6232 0.2048
vn -0.1063 -0.9851 0.1351
vn -0.0660 -0.9967 0.0482
vn 0.7995 0.1775 0.5739
vn 0.7908 -0.0247 0.6116
vn 0.5370 0.8106 0.2335
vn 0.4319 0.8917 0.1351
vn 0.6837 -0.3981 0.6116
vn 0.2761 -0.4860 0.8292
vn -0.0994 -0.9361 0.3374
vn 0.0258 -0.9720 0.2335
vn 0.4916 0.2658 0.8292
vn 0.4627 0.0694 0.8838
vn 0.4118 0.8466 0.3373
vn 0.3595 0.9125 0.1952
vn 0.3556 -0.3040 0.8838
vn -0.1078 -0.3759 0.9204
vn -0.2691 -0.9384 0.2167
vn -0.1787 -0.9643 0.1952
vn 0.1078 0.3759 0.9204
vn 0.0535 0.1867 0.9810
vn 0.2691 0.9384 0.2167
vn 0.2556 0.8913 0.3745
vn -0.4627 -0.0694 0.8838
vn -0.0535 -0.1867 0.9810
vn -0.2556 -0.8913 0.3745
vn -0.3595 -0.9125 0.1952
vn -0.2761 0.4860 0.8292
vn -0.3556 0.3040 0.8838
vn 0.0994 0.9361 0.3374
vn 0.1787 0.9643 0.1952
vn -0.7995 -0.1776 0.5739
vn -0.4916 -0.2658 0.8292
vn -0.5370 -0.8106 0.2335
vn -0.4117 -0.8466 0.3373
vn -0.6837 0.3981 0.6116
vn -0.5839 0.5742 0.5738
vn 0.1063 0.9851 0.1351
vn -0.0258 0.9720 0.2335
vn -0.7908 0.0247 0.6116
vn -0.9703 -0.1286 0.2048
vn -0.4722 -0.8802 0.0482
vn -0.4319 -0.8917 0.1351
vn -0.8658 0.4503 0.2183
vn -0.7547 0.6232 0.2048
vn -0.0954 0.9919 0.0833
vn 0.0660 0.9967 0.0482
vn -0.9728 0.0769 0.2183
vn -0.9703 -0.1286 -0.2048
vn -0.6065 -0.7907 -0.0833
vn -0.6065 -0.7907 0.0833
vn -0.7548 0.6232 -0.2048
vn -0.8658 0.4503 -0.2183
vn 0.0660 0.9967 -0.0482
vn -0.0954 0.9919 -0.0833
vn -0.7908 0.0247 -0.6116
vn -0.9728 0.0769 -0.2183
vn -0.4320 -0.8917 -0.1351
vn -0.4722 -0.8802 -0.0482
vn -0.5839 0.5742 -0.5738
vn -0.6837 0.3981 -0.6116
vn 0.1062 0.9851 -0.1351
vn -0.0258 0.9720 -0.2334
vn -0.4627 -0.0694 -0.8838
vn -0.7995 -0.1776 -0.5739
vn -0.5370 -0.8106 -0.2335
vn -0.3595 -0.9125 -0.1952
vn -0.2761 0.4860 -0.8292
vn -0.3556 0.3040 -0.8838
vn 0.0994 0.9361 -0.3374
vn 0.1787 0.9643 -0.1952
vn -0.4916 -0.2658 -0.8292
vn -0.4118 -0.8465 -0.3374
vn 0.0535 0.1867 -0.9810
vn 0.2556 0.8913 -0.3745
vn 0.4627 -0.0694 -0.8838
vn 0.1078 -0.3759 -0.9204
vn 0.0535 -0.1867 -0.9810
vn 0.4118 -0.8466 -0.3373
vn 0.2691 -0.9384 -0.2167
vn 0.2556 -0.8913 -0.3745
vn -0.0535 0.1867 -0.9810
vn 0.2761 0.4860 -0.8292
vn 0.3556 0.3040 -0.8838
vn -0.0994 0.9361 -0.3374
vn -0.2691 0.9384 -0.2167
vn -0.1787 0.9643 -0.1952
vn 0.7995 -0.1776 -0.5739
vn 0.4916 -0.2658 -0.8292
vn 0.5370 -0.8106 -0.2335
vn 0.3595 -0.9125 -0.1952
vn 0.6837 0.3981 -0.6116
vn 0.5840 0.5742 -0.5738
vn -0.1063 0.9851 -0.1351
vn 0.0258 0.9720 -0.2334
vn 0.7908 0.0247 -0.6116
vn 0.9703 -0.1286 -0.2048
vn 0.4722 -0.8802 -0.0482
vn 0.4319 -0.8917 -0.1351
vn 0.8658 0.4503 -0.2183
vn 0.7547 0.6232 -0.2048
vn 0.0954 0.9919 -0.0833
vn -0.0660 0.9967 -0.0482
vn 0.9729 0.0769 0.2183
vn 0.9728 0.0769 -0.2183
vn 0.6065 -0.7907 -0.0833
vn 0.4722 -0.8802 0.0482
vn 0.7548 0.6232 0.2048
vn 0.8658 0.4503 0.2183
vn -0.0660 0.9967 0.0482
vn 0.0953 0.9920 0.0833
vn 0.7908 0.0247 0.6116
vn 0.9703 -0.1286 0.2048
vn 0.6065 -0.7907 0.0833
vn 0.4320 -0.8917 0.1351
vn 0.5839 0.5742 0.5739
vn 0.6837 0.3981 0.6116
vn 0.0258 0.9720 0.2335
vn -0.1063 0.9851 0.1351
vn 0.4917 -0.2658 0.8292
vn 0.7995 -0.1776 0.5739
vn 0.4118 -0.8465 0.3374
vn 0.5370 -0.8106 0.2335
vn 0.2761 0.4860 0.8292
vn 0.3556 0.3040 0.8838
vn -0.0994 0.9361 0.3374
vn -0.1787 0.9643 0.1952
vn 0.4627 -0.0694 0.8838
vn 0.1078 -0.3759 0.9204
vn 0.2556 -0.8913 0.3745
vn 0.3595 -0.9125 0.1952
vn -0.0535 0.1867 0.9810
vn -0.1078 0.3759 0.9204
vn -0.2691 0.9384 0.2167
vn -0.2556 0.8913 0.3745
vn -0.3556 -0.3040 0.8838
vn 0.0535 -0.1867 0.9810
vn 0.0994 -0.9361 0.3374
vn 0.2691 -0.9384 0.2167
vn -0.4627 0.0694 0.8838
vn -0.4916 0.2658 0.8292
vn -0.3595 0.9125 0.1952
vn -0.4118 0.8465 0.3374
vn -0.6837 -0.3981 0.6116
vn -0.2761 -0.4860 0.8292
vn 0.1063 -0.9851 0.1351
vn 0.1787 -0.9643 0.1952
vn -0.7908 -0.0247 0.6116
vn -0.7995 0.1775 0.5738
vn -0.5370 0.8106 0.2335
vn -0.4320 0.8917 0.1351
vn -0.8658 -0.4503 0.2183
vn -0.5839 -0.5742 0.5738
vn -0.0953 -0.9920 0.0833
vn -0.0258 -0.9720 0.2334
vn -0.9703 0.1286 0.2048
vn -0.9728 -0.0769 0.2183
vn -0.6065 0.7907 0.0833
vn -0.4722 0.8802 0.0482
vn -0.8658 -0.4503 -0.2183
vn -0.7547 -0.6232 0.2048
vn -0.0954 -0.9919 -0.0833
vn 0.0660 -0.9967 0.0482
vn -0.9703 0.1286 -0.2048
vn -0.9728 -0.0769 -0.2183
vn -0.4722 0.8802 -0.0482
vn -0.6065 0.7907 -0.0833
vn -0.5839 -0.5742 -0.5738
vn -0.7548 -0.6232 -0.2048
vn 0.1063 -0.9851 -0.1351
vn 0.0660 -0.9967 -0.0482
vn -0.7908 -0.0247 -0.6116
vn -0.7995 0.1775 -0.5739
vn -0.5370 0.8106 -0.2335
vn -0.4319 0.8917 -0.1351
vn -0.6837 -0.3981 -0.6116
vn -0.2761 -0.4860 -0.8292
vn 0.0994 -0.9361 -0.3374
vn -0.0258 -0.9720 -0.2334
vn -0.4627 0.0694 -0.8838
vn -0.4917 0.2658 -0.8292
vn -0.3595 0.9125 -0.1952
vn -0.4118 0.8466 -0.3373
vn -0.3556 -0.3040 -0.8838
vn 0.1787 -0.9643 -0.1952
vn -0.1078 0.3759 -0.9204
vn -0.2556 0.8913 -0.3745
vn 0.6979 0.3716 -0.6123
vn 0.3667 0.3716 -0.8529
vn 0.7512 -0.0000 -0.6601
vn 0.5444 0.3770 -0.7493
vn 0.3957 -0.0000 -0.9184
vn 0.5444 -0.3770 -0.7493
vn 0.5878 -0.0000 -0.8090
vn 0.6979 -0.3716 -0.6123
vn 0.3667 -0.3716 -0.8529
vn 0.9245 0.3716 -0.0852
vn 0.7980 0.3716 -0.4745
vn 0.9957 -0.0000 -0.0925
vn 0.8809 0.3770 -0.2862
vn 0.8599 -0.0000 -0.5104
vn 0.8809 -0.3770 -0.2862
vn 0.9511 -0.0000 -0.3090
vn 0.9245 -0.3716 -0.0852
vn 0.7980 -0.3716 -0.4745
vn 0.7980 0.3716 0.4745
vn 0.9245 0.3716 0.0852
vn 0.8599 -0.0000 0.5104
vn 0.8809 0.3770 0.2862
vn 0.9957 -0.0000 0.0925
vn 0.8809 -0.3770 0.2862
vn 0.9511 -0.0000 0.3090
vn 0.7980 -0.3716 0.4745
vn 0.9245 -0.3716 0.0852
vn 0.3667 0.3716 0.8529
vn 0.6979 0.3716 0.6123
vn 0.3957 -0.0000 0.9184
vn 0.5444 0.3770 0.7493
vn 0.7512 -0.0000 0.6601
vn 0.5444 -0.3770 0.7493
vn 0.5878 -0.0000 0.8090
vn 0.3667 -0.3716 0.8529
vn 0.6979 -0.3716 0.6123
vn -0.2047 0.3716 0.9056
vn 0.2047 0.3716 0.9055
vn -0.2197 -0.0000 0.9756
vn -0.0000 0.3770 0.9262
vn 0.2197 -0.0000 0.9756
vn -0.0000 -0.3770 0.9262
vn -0.2047 -0.3716 0.9055
vn 0.2047 -0.3716 0.9056
vn -0.6979 0.3716 0.6123
vn -0.3667 0.3716 0.8529
vn -0.7512 -0.0000 0.6601
vn -0.5444 0.3770 0.7493
vn -0.3957 -0.0000 0.9184
vn -0.5444 -0.3770 0.7493
vn -0.5878 -0.0000 0.8090
vn -0.6979 -0.3716 0.6123
vn -0.3667 -0.3716 0.8529
vn -0.9245 0.3716 0.0852
vn -0.7980 0.3716 0.4745
vn -0.9957 -0.0000 0.0925
vn -0.8809 0.3770 0.2862
vn -0.8599 -0.0000 0.5104
vn -0.8809 -0.3770 0.2862
vn -0.9511 -0.0000 0.3090
vn -0.9245 -0.3716 0.0852
vn -0.7980 -0.3716 0.4745
vn -0.7980 0.3716 -0.4745
vn -0.9245 0.3716 -0.0852
vn -0.8599 -0.0000 -0.5104
vn -0.8809 0.3770 -0.2862
vn -0.9957 -0.0000 -0.0925
vn -0.8809 -0.3770 -0.2862
vn -0.9511 -0.0000 -0.3090
vn -0.7980 -0.3716 -0.4745
vn -0.9245 -0.3716 -0.0852
vn -0.3667 0.3716 -0.8529
vn -0.6979 0.3716 -0.6123
vn -0.3957 -0.0000 -0.9184
vn -0.5444 0.3770 -0.7493
vn -0.7512 -0.0000 -0.6601
vn -0.5444 -0.3770 -0.7493
vn -0.5878 -0.0000 -0.8090
vn -0.3667 -0.3716 -0.8529
vn -0.6979 -0.3716 -0.6123
vn 0.2047 0.3716 -0.9056
vn -0.2047 0.3716 -0.9055
vn 0.2047 -0.3716 -0.9056
vn -0.0000 -0.3770 -0.9262
vn -0.2047 -0.3716 -0.9056
vn 0.2197 -0.0000 -0.9756
vn -0.0000 0.3770 -0.9262
vn -0.2197 -0.0000 -0.9756
vn -0.2047 -0.3716 0.9056
vn 0.2047 0.3716 -0.9055
vn -0.2047 0.3716 -0.9056
vn -0.0337 -0.1913 -0.9810
vn 0.3254 -0.4544 -0.8292
vn -0.0679 -0.3851 -0.9204
vn -0.0010 -0.9414 -0.3374
vn -0.1695 -0.9614 -0.2167
vn -0.1610 -0.9132 -0.3744
vn 0.0337 0.1913 -0.9810
vn 0.4612 0.3158 -0.8292
vn 0.4529 0.1174 -0.8838
vn 0.1610 0.9132 -0.3744
vn 0.2621 0.9451 -0.1952
vn 0.3210 0.8849 -0.3374
vn 0.7216 -0.3244 -0.6116
vn 0.3854 -0.2652 -0.8838
vn 0.1273 -0.9640 -0.2335
vn -0.0769 -0.9777 -0.1952
vn 0.7890 0.0581 -0.6116
vn 0.7766 0.2601 -0.5738
vn 0.4493 0.8623 -0.2335
vn 0.3364 0.9320 -0.1351
vn 0.8158 -0.5409 -0.2048
vn 0.6408 -0.5100 -0.5738
vn 0.1985 -0.9766 -0.0833
vn -0.0027 -0.9908 -0.1351
vn 0.9516 0.2293 -0.2048
vn 0.9756 0.0252 -0.2183
vn 0.5205 0.8498 -0.0833
vn 0.3776 0.9247 -0.0482
vn 0.9081 -0.3573 0.2183
vn 0.9081 -0.3573 -0.2183
vn 0.1985 -0.9766 0.0833
vn 0.0385 -0.9981 -0.0482
vn 0.9516 0.2293 0.2048
vn 0.9756 0.0252 0.2183
vn 0.3776 0.9247 0.0482
vn 0.5205 0.8498 0.0833
vn 0.7216 -0.3244 0.6116
vn 0.8158 -0.5409 0.2048
vn 0.1273 -0.9640 0.2335
vn 0.0385 -0.9981 0.0482
vn 0.7890 0.0581 0.6116
vn 0.7765 0.2601 0.5739
vn 0.3364 0.9320 0.1351
vn 0.4493 0.8623 0.2334
vn 0.3854 -0.2652 0.8838
vn 0.6408 -0.5100 0.5738
vn -0.0010 -0.9414 0.3374
vn -0.0027 -0.9908 0.1351
vn 0.4529 0.1174 0.8838
vn 0.4612 0.3157 0.8292
vn 0.2621 0.9451 0.1952
vn 0.3210 0.8850 0.3374
vn -0.0337 -0.1913 0.9810
vn 0.3254 -0.4544 0.8292
vn -0.1695 -0.9614 0.2167
vn -0.0769 -0.9777 0.1952
vn 0.0337 0.1913 0.9810
vn 0.0679 0.3851 0.9204
vn 0.1610 0.9132 0.3744
vn 0.1695 0.9614 0.2167
vn -0.4612 -0.3157 0.8292
vn -0.0679 -0.3851 0.9204
vn -0.3210 -0.8849 0.3374
vn -0.1610 -0.9132 0.3744
vn -0.3254 0.4545 0.8292
vn -0.3854 0.2652 0.8838
vn 0.0769 0.9777 0.1952
vn 0.0010 0.9414 0.3374
vn -0.4529 -0.1174 0.8838
vn -0.7765 -0.2602 0.5738
vn -0.4493 -0.8623 0.2335
vn -0.2621 -0.9451 0.1952
vn -0.7216 0.3244 0.6116
vn -0.6407 0.5100 0.5739
vn 0.0027 0.9908 0.1351
vn -0.1273 0.9640 0.2334
vn -0.7890 -0.0581 0.6116
vn -0.9516 -0.2293 0.2048
vn -0.3775 -0.9247 0.0482
vn -0.3364 -0.9320 0.1351
vn -0.8158 0.5409 0.2048
vn -0.9081 0.3573 0.2183
vn -0.0385 0.9981 0.0482
vn -0.1985 0.9765 0.0833
vn -0.9756 -0.0252 -0.2183
vn -0.9756 -0.0252 0.2183
vn -0.5205 -0.8498 -0.0833
vn -0.5205 -0.8498 0.0833
vn -0.9081 0.3573 -0.2183
vn -0.8158 0.5409 -0.2048
vn -0.0385 0.9981 -0.0482
vn -0.1985 0.9766 -0.0833
vn -0.7890 -0.0581 -0.6116
vn -0.9516 -0.2293 -0.2048
vn -0.4493 -0.8623 -0.2335
vn -0.3776 -0.9247 -0.0482
vn -0.6407 0.5100 -0.5739
vn -0.7216 0.3244 -0.6116
vn 0.0027 0.9908 -0.1351
vn -0.1273 0.9640 -0.2335
vn -0.4529 -0.1173 -0.8838
vn -0.7765 -0.2602 -0.5738
vn -0.2621 -0.9451 -0.1952
vn -0.3364 -0.9320 -0.1351
vn -0.3254 0.4545 -0.8292
vn -0.3854 0.2652 -0.8838
vn 0.0010 0.9414 -0.3374
vn 0.0769 0.9777 -0.1952
vn -0.4612 -0.3157 -0.8292
vn -0.3210 -0.8850 -0.3373
vn 0.0679 0.3851 -0.9204
vn 0.1695 0.9614 -0.2167
vn 0.0337 -0.1913 -0.9810
vn 0.4612 -0.3157 -0.8292
vn 0.0679 -0.3851 -0.9204
vn 0.3210 -0.8849 -0.3374
vn 0.1695 -0.9614 -0.2167
vn 0.1610 -0.9132 -0.3744
vn -0.0337 0.1913 -0.9810
vn 0.3254 0.4545 -0.8292
vn 0.3854 0.2652 -0.8838
vn -0.0010 0.9414 -0.3374
vn -0.1695 0.9614 -0.2167
vn -0.0769 0.9777 -0.1952
vn 0.4529 -0.1174 -0.8838
vn 0.7765 -0.2602 -0.5738
vn 0.4493 -0.8623 -0.2335
vn 0.2621 -0.9451 -0.1952
vn 0.7216 0.3244 -0.6116
vn 0.6407 0.5100 -0.5739
vn -0.0027 0.9908 -0.1351
vn 0.1273 0.9640 -0.2334
vn 0.7890 -0.0581 -0.6116
vn 0.9516 -0.2293 -0.2048
vn 0.3776 -0.9247 -0.0482
vn 0.3364 -0.9320 -0.1351
vn 0.8158 0.5409 -0.2048
vn 0.9081 0.3573 -0.2183
vn 0.1985 0.9765 -0.0833
vn 0.0385 0.9981 -0.0482
vn 0.9756 -0.0252 0.2183
vn 0.9756 -0.0252 -0.2183
vn 0.5205 -0.8498 0.0833
vn 0.5205 -0.8498 -0.0833
vn 0.9081 0.3573 0.2183
vn 0.8158 0.5409 0.2048
vn 0.0385 0.9981 0.0482
vn 0.1985 0.9766 0.0833
vn 0.7890 -0.0581 0.6116
vn 0.9516 -0.2293 0.2048
vn 0.3364 -0.9320 0.1351
vn 0.3776 -0.9247 0.0482
vn 0.6407 0.5100 0.5739
vn 0.7216 0.3244 0.6116
vn 0.1273 0.9640 0.2335
vn -0.0027 0.9908 0.1351
vn 0.4529 -0.1173 0.8838
vn 0.7765 -0.2602 0.5738
vn 0.3210 -0.8850 0.3374
vn 0.4493 -0.8623 0.2335
vn 0.3854 0.2652 0.8838
vn 0.3254 0.4545 0.8292
vn -0.0769 0.9777 0.1953
vn -0.0010 0.9414 0.3374
vn 0.0679 -0.3851 0.9204
vn 0.4612 -0.3157 0.8292
vn 0.1610 -0.9132 0.3744
vn 0.2621 -0.9451 0.1952
vn -0.0337 0.1913 0.9810
vn -0.0679 0.3851 0.9204
vn -0.1695 0.9614 0.2167
vn -0.1610 0.9132 0.3744
vn 0.0337 -0.1913 0.9810
vn -0.3254 -0.4544 0.8292
vn 0.0769 -0.9777 0.1952
vn 0.1695 -0.9614 0.2167
vn -0.4529 0.1173 0.8838
vn -0.4612 0.3157 0.8292
vn -0.2621 0.9451 0.1952
vn -0.3210 0.8849 0.3374
vn -0.7216 -0.3244 0.6116
vn -0.3854 -0.2652 0.8838
vn -0.1273 -0.9640 0.2335
vn 0.0010 -0.9414 0.3374
vn -0.7766 0.2601 0.5738
vn -0.7890 0.0581 0.6116
vn -0.3364 0.9320 0.1351
vn -0.4493 0.8623 0.2335
vn -0.8158 -0.5409 0.2048
vn -0.6408 -0.5100 0.5738
vn -0.0385 -0.9981 0.0482
vn 0.0027 -0.9908 0.1351
vn -0.9516 0.2293 0.2048
vn -0.9756 0.0252 0.2183
vn -0.5205 0.8498 0.0833
vn -0.3776 0.9247 0.0482
vn -0.9081 -0.3573 -0.2183
vn -0.9081 -0.3573 0.2183
vn -0.1985 -0.9766 -0.0833
vn -0.1985 -0.9766 0.0833
vn -0.9516 0.2293 -0.2048
vn -0.9756 0.0252 -0.2183
vn -0.5206 0.8497 -0.0833
vn -0.3776 0.9247 -0.0482
vn -0.7216 -0.3244 -0.6116
vn -0.8158 -0.5409 -0.2048
vn -0.1273 -0.9640 -0.2335
vn -0.0385 -0.9981 -0.0482
vn -0.7890 0.0581 -0.6116
vn -0.7765 0.2601 -0.5739
vn -0.3364 0.9320 -0.1351
vn -0.4493 0.8623 -0.2334
vn -0.3254 -0.4545 -0.8292
vn -0.6407 -0.5100 -0.5738
vn 0.0769 -0.9777 -0.1952
vn 0.0027 -0.9908 -0.1351
vn -0.4612 0.3158 -0.8292
vn -0.4529 0.1174 -0.8838
vn -0.3210 0.8850 -0.3374
vn -0.2621 0.9451 -0.1952
vn -0.3854 -0.2652 -0.8838
vn 0.0010 -0.9414 -0.3374
vn -0.0679 0.3851 -0.9204
vn -0.1610 0.9132 -0.3744
vn 0.7507 -0.0000 -0.6607
vn 0.3964 -0.0000 -0.9181
vn 0.9956 -0.0000 -0.0933
vn 0.8603 -0.0000 -0.5098
vn 0.2016 -0.9393 -0.2775
vn 0.4889 -0.8578 -0.1589
vn 0.3262 -0.9393 -0.1060
vn 0.3022 -0.8578 -0.4159
vn 0.6271 -0.7518 -0.2037
vn 0.6271 0.7518 -0.2037
vn 0.3021 0.8578 -0.4159
vn 0.4889 0.8578 -0.1588
vn 0.2016 0.9393 -0.2775
vn 0.3263 0.9393 -0.1060
vn 0.8603 -0.0000 0.5098
vn 0.9956 -0.0000 0.0933
vn 0.4889 -0.8578 0.1588
vn 0.3262 -0.9393 0.1060
vn 0.6271 -0.7518 0.2037
vn 0.4889 0.8578 0.1588
vn 0.6271 0.7518 0.2037
vn 0.3262 0.9393 0.1060
vn 0.3964 -0.0000 0.9181
vn 0.7507 -0.0000 0.6607
vn 0.2016 -0.9393 0.2775
vn 0.3022 -0.8578 0.4159
vn 0.3876 -0.7518 0.5334
vn 0.3876 0.7518 0.5334
vn 0.3021 0.8578 0.4159
vn 0.2016 0.9393 0.2775
vn -0.2190 -0.0000 0.9757
vn 0.2190 -0.0000 0.9757
vn -0.0000 -0.9393 0.3430
vn -0.0000 -0.8578 0.5141
vn -0.0000 -0.7518 0.6593
vn -0.0000 0.8578 0.5140
vn -0.0000 0.7518 0.6593
vn -0.0000 0.9393 0.3430
vn -0.7507 -0.0000 0.6607
vn -0.3964 -0.0000 0.9181
vn -0.3021 0.8578 0.4159
vn -0.3875 0.7518 0.5334
vn -0.2016 0.9393 0.2775
vn -0.3876 -0.7518 0.5334
vn -0.2016 -0.9393 0.2775
vn -0.9956 -0.0000 0.0933
vn -0.8603 -0.0000 0.5098
vn -0.4889 0.8578 0.1588
vn -0.6271 0.7518 0.2037
vn -0.3263 0.9393 0.1060
vn -0.6271 -0.7518 0.2037
vn -0.3022 -0.8578 0.4159
vn -0.3262 -0.9393 0.1060
vn -0.8603 -0.0000 -0.5098
vn -0.9956 -0.0000 -0.0933
vn -0.6271 -0.7518 -0.2037
vn -0.4889 -0.8578 0.1589
vn -0.4889 -0.8578 -0.1588
vn -0.3262 0.9393 -0.1060
vn -0.4889 0.8578 -0.1588
vn -0.3964 -0.0000 -0.9181
vn -0.7507 -0.0000 -0.6607
vn -0.3876 -0.7518 -0.5334
vn -0.3022 -0.8578 -0.4159
vn -0.3262 -0.9393 -0.1060
vn -0.2016 0.9393 -0.2775
vn -0.3022 0.8578 -0.4159
vn -0.6271 0.7518 -0.2037
vn 0.2190 -0.0000 -0.9757
vn -0.2190 -0.0000 -0.9757
vn -0.0000 -0.8578 -0.5141
vn -0.2016 -0.9393 -0.2775
vn -0.0000 0.8578 -0.5140
vn -0.3876 0.7518 -0.5334
vn 0.3876 -0.7518 -0.5334
vn -0.0000 -0.7518 -0.6593
vn -0.0000 -0.9393 -0.3430
vn -0.0000 0.9393 -0.3430
vn 0.3876 0.7518 -0.5334
vn -0.0000 0.7518 -0.6593
vn 0.4889 -0.8578 -0.1588
vn 0.4889 0.8578 -0.1589
vn 0.3022 0.8578 0.4159
vn -0.4889 -0.8578 -0.1589
vn -0.9152 -0.1369 -0.3790
vn 0.9152 0.1369 -0.3790
vn 0.9152 -0.1369 0.3790
vn 0.1776 -0.9075 -0.3807
vn 0.0365 0.9075 -0.4185
vn 0.2409 0.9075 -0.3442
vn 0.3808 0.9075 -0.1776
vn 0.3808 -0.9074 0.1776
vn 0.4185 0.9075 0.0365
vn 0.3442 0.9075 0.2409
vn 0.0365 -0.9075 0.4186
vn 0.1776 0.9075 0.3807
vn -0.1776 -0.9075 0.3807
vn -0.0365 0.9075 0.4185
vn -0.2409 0.9075 0.3442
vn -0.3808 0.9075 0.1776
vn -0.3808 -0.9074 -0.1776
vn -0.4185 0.9075 -0.0365
vn -0.3442 0.9075 -0.2409
vn -0.1776 0.9075 -0.3807
vn -0.3791 -0.9152 -0.1368
vn -0.9152 -0.3791 0.1368
vn -0.3790 0.9152 0.1369
vn -0.9152 0.3791 -0.1368
vn 0.1368 -0.9152 -0.3791
vn -0.1368 0.9152 -0.3791
vn 0.3791 -0.9152 0.1368
vn 0.9152 -0.3791 -0.1368
vn 0.3790 0.9152 -0.1368
vn 0.9152 0.3791 0.1368
vn -0.1368 -0.9152 0.3791
vn 0.1368 0.9152 0.3791
vn -0.9152 0.3790 -0.1369
vn -0.1369 0.9152 -0.3790
vn 0.3790 0.9152 -0.1369
vn 0.9152 0.3790 0.1369
vn 0.1369 0.9152 0.3790
vn 0.2416 0.4802 -0.8433
vn -0.2416 0.4802 -0.8432
vn 0.2728 -0.0000 -0.9621
vn -0.0000 0.4884 -0.8726
vn -0.2728 -0.0000 -0.9621
vn -0.0000 -0.4884 -0.8726
vn 0.2416 -0.4802 -0.8433
vn -0.2416 -0.4802 -0.8432
vn 0.7671 0.4802 -0.4254
vn 0.4254 0.4802 -0.7671
vn 0.8732 -0.0000 -0.4874
vn 0.6171 0.4884 -0.6170
vn 0.4874 -0.0000 -0.8732
vn 0.6170 -0.4884 -0.6170
vn 0.7071 -0.0000 -0.7071
vn 0.7671 -0.4802 -0.4254
vn 0.4254 -0.4802 -0.7671
vn 0.8432 0.4802 0.2416
vn 0.8432 0.4802 -0.2416
vn 0.9621 -0.0000 0.2728
vn 0.8726 0.4884 -0.0000
vn 0.9621 -0.0000 -0.2728
vn 0.8726 -0.4884 -0.0000
vn 0.8432 -0.4802 0.2416
vn 0.8432 -0.4802 -0.2416
vn 0.4254 0.4802 0.7671
vn 0.7671 0.4802 0.4254
vn 0.4874 -0.0000 0.8732
vn 0.6170 0.4884 0.6171
vn 0.8732 -0.0000 0.4874
vn 0.6170 -0.4884 0.6171
vn 0.7071 -0.0000 0.7071
vn 0.4254 -0.4802 0.7671
vn 0.7671 -0.4802 0.4254
vn -0.2416 0.4802 0.8433
vn 0.2416 0.4802 0.8433
vn -0.2728 -0.0000 0.9621
vn -0.0000 0.4884 0.8726
vn 0.2728 -0.0000 0.9621
vn -0.0000 -0.4884 0.8726
vn -0.2416 -0.4802 0.8433
vn 0.2416 -0.4802 0.8432
vn -0.7671 0.4802 0.4254
vn -0.4254 0.4802 0.7671
vn -0.8732 -0.0000 0.4874
vn -0.6170 0.4884 0.6170
vn -0.4874 -0.0000 0.8732
vn -0.6170 -0.4884 0.6170
vn -0.7071 -0.0000 0.7071
vn -0.7671 -0.4802 0.4254
vn -0.4254 -0.4802 0.7671
vn -0.8432 0.4802 -0.2416
vn -0.8432 0.4802 0.2416
vn -0.9621 -0.0000 -0.2728
vn -0.8726 0.4884 -0.0000
vn -0.9621 -0.0000 0.2728
vn -0.8726 -0.4884 -0.0000
vn -0.8432 -0.4802 -0.2416
vn -0.8432 -0.4802 0.2416
vn -0.4254 0.4802 -0.7671
vn -0.7671 0.4802 -0.4254
vn -0.4874 -0.0000 -0.8732
vn -0.6171 0.4884 -0.6170
vn -0.8732 -0.0000 -0.4874
vn -0.6170 -0.4884 -0.6171
vn -0.7071 -0.0000 -0.7071
vn -0.4254 -0.4802 -0.7671
vn -0.7671 -0.4802 -0.4254
vn 0.2416 -0.4802 -0.8432
vn 0.2416 0.4802 0.8432
vn 0.2416 -0.4802 0.8433
vn -0.3790 -0.1369 0.9152
vn -0.3791 0.9152 0.1368
vn 0.1368 0.3791 -0.9152
vn 0.3791 0.9152 -0.1368
vn -0.1368 0.3791 0.9152
vn 0.2416 0.4801 -0.8433
vn -0.2416 0.4801 -0.8433
vn -0.0000 0.4883 -0.8727
vn -0.0000 -0.4883 -0.8727
vn 0.2416 -0.4801 -0.8433
vn -0.2416 -0.4801 -0.8433
vn 0.7671 0.4801 -0.4254
vn 0.4254 0.4801 -0.7671
vn 0.6171 0.4883 -0.6171
vn 0.6171 -0.4883 -0.6171
vn 0.7671 -0.4801 -0.4254
vn 0.4254 -0.4801 -0.7671
vn 0.8433 0.4801 0.2416
vn 0.8433 0.4801 -0.2416
vn 0.8727 0.4883 -0.0000
vn 0.8727 -0.4883 -0.0000
vn 0.8433 -0.4801 0.2416
vn 0.8433 -0.4801 -0.2416
vn 0.4254 0.4801 0.7671
vn 0.7671 0.4801 0.4254
vn 0.6171 0.4883 0.6171
vn 0.6171 -0.4883 0.6171
vn 0.4254 -0.4801 0.7671
vn 0.7671 -0.4801 0.4254
vn -0.2416 0.4801 0.8433
vn 0.2416 0.4801 0.8433
vn -0.0000 0.4883 0.8727
vn -0.0000 -0.4883 0.8727
vn -0.2416 -0.4801 0.8433
vn 0.2416 -0.4801 0.8433
vn -0.7671 0.4801 0.4254
vn -0.4254 0.4801 0.7671
vn -0.6171 0.4883 0.6171
vn -0.6171 -0.4883 0.6171
vn -0.7671 -0.4801 0.4254
vn -0.4254 -0.4801 0.7671
vn -0.8433 0.4801 -0.2416
vn -0.8433 0.4801 0.2416
vn -0.8727 0.4883 -0.0000
vn -0.8727 -0.4883 -0.0000
vn -0.8433 -0.4801 -0.2416
vn -0.8433 -0.4801 0.2416
vn -0.4254 0.4801 -0.7671
vn -0.7671 0.4801 -0.4254
vn -0.6171 0.4883 -0.6171
vn -0.6171 -0.4883 -0.6171
vn -0.4254 -0.4801 -0.7671
vn -0.7671 -0.4801 -0.4254
vn 0.4873 -0.0000 -0.8732
vn -0.4255 0.4801 0.7671
vn 0.4481 -0.3358 -0.8285
vn 0.6211 0.4233 -0.6596
vn -0.3005 -0.0826 -0.9502
vn 0.2959 0.1926 -0.9356
vn 0.9812 0.1927 -0.0077
vn 0.9264 -0.3358 0.1702
vn 0.3663 -0.9019 0.2290
vn 0.8192 0.4232 0.3869
vn 0.3106 0.1926 0.9308
vn 0.1244 -0.3358 0.9337
vn -0.1148 0.4232 0.8987
vn -0.7893 0.1926 0.5830
vn -0.8495 -0.3358 0.4069
vn -0.8902 0.4232 0.1685
vn -0.3501 0.9102 0.2216
vn -0.7984 0.1926 -0.5705
vn -0.6495 -0.3358 -0.6822
vn -0.1617 -0.9019 -0.4005
vn -0.4354 0.4232 -0.7946
vn -0.3189 0.9102 -0.2645
vn 0.6211 0.4232 -0.6596
vn 0.1025 0.9101 0.4014
vn -0.4310 -0.9019 0.0300
vn 0.4594 -0.8832 -0.0945
vn 0.3916 -0.8832 0.2580
vn 0.0945 -0.8832 0.4594
vn -0.2580 -0.8832 0.3916
vn -0.4593 -0.8832 0.0945
vn -0.3916 -0.8832 -0.2580
vn -0.0945 -0.8832 -0.4594
vn -0.3791 -0.7716 -0.5108
vn -0.9152 -0.4014 -0.0362
vn -0.3791 -0.5108 0.7716
vn -0.9152 -0.0362 0.4014
vn -0.3791 0.7716 0.5108
vn -0.3791 0.5108 -0.7716
vn -0.9152 0.0362 -0.4014
vn 0.1369 -0.6692 -0.7304
vn -0.1369 0.0432 -0.9896
vn -0.1368 0.9897 0.0432
vn 0.1369 0.7303 -0.6692
vn 0.9152 0.2842 -0.2857
vn 0.3791 -0.8873 -0.2627
vn 0.9152 -0.2857 -0.2843
vn 0.3791 0.8873 0.2627
vn 0.9152 0.2857 0.2842
vn 0.3791 -0.2627 0.8873
vn -0.1369 -0.9896 -0.0432
vn 0.1369 -0.7303 0.6692
vn 0.1369 0.6692 0.7303
vn -0.1369 -0.0432 0.9896
vn -0.0000 -0.2280 -0.9737
vn 0.0524 0.9070 -0.4178
vn -0.0000 0.2280 -0.9737
vn 0.5723 -0.2279 -0.7877
vn 0.5723 0.2280 -0.7877
vn 0.9260 -0.2280 -0.3009
vn 0.9260 0.2280 -0.3009
vn 0.9260 -0.2280 0.3009
vn 0.9260 0.2279 0.3009
vn 0.5723 -0.2280 0.7877
vn 0.5723 0.2280 0.7877
vn 0.0524 -0.9070 0.4178
vn -0.0000 -0.2280 0.9737
vn -0.0000 0.2280 0.9737
vn -0.5723 -0.2280 0.7877
vn -0.5723 0.2280 0.7877
vn -0.9260 -0.2280 0.3009
vn -0.4135 0.9070 0.0793
vn -0.9260 0.2280 0.3009
vn -0.9260 -0.2280 -0.3009
vn -0.9260 0.2279 -0.3009
vn -0.5723 -0.2280 -0.7877
vn -0.5723 0.2279 -0.7877
vn -0.0000 0.2279 -0.9737
vn 0.5723 -0.2280 -0.7877
vn 0.9260 -0.2279 -0.3009
vn 0.4136 0.9070 -0.0793
vn 0.4136 -0.9070 0.0793
vn 0.9260 0.2280 0.3009
vn -0.9260 -0.2279 0.3009
vn -0.9260 -0.2279 -0.3009
vn -0.9260 0.2280 -0.3009
vn -0.5723 0.2280 -0.7877
vn -0.0365 -0.9075 -0.4186
vn -0.0000 -0.2325 -0.9726
vn -0.0000 0.2324 -0.9726
vn 0.4863 -0.2325 -0.8423
vn 0.4863 0.2324 -0.8423
vn 0.3442 -0.9075 -0.2409
vn 0.8423 -0.2325 -0.4863
vn 0.8423 0.2324 -0.4863
vn 0.4186 -0.9074 -0.0365
vn 0.9726 -0.2325 -0.0000
vn 0.9726 0.2325 -0.0000
vn 0.8423 -0.2325 0.4863
vn 0.8423 0.2324 0.4863
vn 0.2409 -0.9075 0.3442
vn 0.4863 -0.2325 0.8423
vn 0.4863 0.2324 0.8423
vn -0.0000 -0.2324 0.9726
vn -0.0000 0.2324 0.9726
vn -0.4863 -0.2325 0.8423
vn -0.4863 0.2324 0.8423
vn -0.3442 -0.9075 0.2409
vn -0.8423 -0.2325 0.4863
vn -0.8423 0.2324 0.4863
vn -0.4186 -0.9074 0.0365
vn -0.9726 -0.2325 -0.0000
vn -0.9726 0.2325 -0.0000
vn -0.8423 -0.2325 -0.4863
vn -0.8423 0.2324 -0.4863
vn -0.2409 -0.9075 -0.3442
vn -0.4863 -0.2325 -0.8423
vn -0.4863 0.2324 -0.8423
vn 0.1530 0.9101 -0.3850
vn 0.3309 -0.9019 -0.2776
vn 0.8108 -0.0826 -0.5794
vn 0.4134 0.9101 0.0265
vn 0.8016 -0.0826 0.5921
vn -0.1046 -0.9019 0.4191
vn -0.3154 -0.0826 0.9454
vn -0.4309 -0.9019 0.0300
vn -0.9966 -0.0826 -0.0079
vn 0.3310 -0.9019 -0.2776
vn -0.3500 0.9102 0.2216
vn -0.3188 0.9102 -0.2645
vn -0.0000 0.2515 -0.9679
vn 0.2580 -0.8832 -0.3917
vn 0.6844 0.2515 -0.6844
vn 0.9679 0.2515 -0.0000
vn 0.6844 0.2515 0.6844
vn -0.0000 0.2515 0.9679
vn -0.6844 0.2515 0.6844
vn -0.9679 0.2515 -0.0000
vn -0.6844 0.2515 -0.6844
vn -0.9152 0.4014 0.0362
vn 0.9152 -0.2842 0.2857
vn 0.3791 0.2627 -0.8873
vt 0.569210 0.792203
vt 0.573817 0.795468
vt 0.571009 0.795448
vt 0.569195 0.784506
vt 0.572544 0.788389
vt 0.568573 0.788360
vt 0.815290 0.221162
vt 0.811261 0.219853
vt 0.814449 0.218012
vt 0.811262 0.378495
vt 0.812577 0.374464
vt 0.813573 0.376189
vt 0.572879 0.792229
vt 0.570981 0.781226
vt 0.572863 0.784533
vt 0.816284 0.224879
vt 0.813564 0.222158
vt 0.816296 0.373468
vt 0.809421 0.375307
vt 0.812577 0.372472
vt 0.577611 0.792229
vt 0.573788 0.781247
vt 0.577595 0.784533
vt 0.812568 0.223884
vt 0.577438 0.795468
vt 0.577666 0.788389
vt 0.809421 0.223041
vt 0.577410 0.781247
vt 0.582123 0.784506
vt 0.812568 0.225876
vt 0.813573 0.370746
vt 0.580904 0.795448
vt 0.582567 0.788360
vt 0.809421 0.226722
vt 0.809421 0.371626
vt 0.582138 0.792203
vt 0.815298 0.369750
vt 0.810063 0.178957
vt 0.814647 0.182221
vt 0.811881 0.182209
vt 0.810053 0.171260
vt 0.813333 0.175130
vt 0.809421 0.175112
vt 0.811261 0.229909
vt 0.814449 0.366598
vt 0.813677 0.178973
vt 0.811861 0.167987
vt 0.813667 0.171276
vt 0.813564 0.227601
vt 0.814449 0.231750
vt 0.817290 0.369750
vt 0.818438 0.175130
vt 0.818394 0.178973
vt 0.814628 0.167999
vt 0.818383 0.171276
vt 0.815290 0.228597
vt 0.818257 0.182221
vt 0.818130 0.366598
vt 0.819015 0.370746
vt 0.823369 0.175112
vt 0.822949 0.178957
vt 0.818238 0.167999
vt 0.822938 0.171260
vt 0.817282 0.228597
vt 0.821743 0.182208
vt 0.818130 0.231750
vt 0.819007 0.227601
vt 0.820011 0.372472
vt 0.668782 0.792197
vt 0.673371 0.795461
vt 0.670595 0.795448
vt 0.668772 0.784500
vt 0.672067 0.788370
vt 0.668142 0.788352
vt 0.821318 0.229909
vt 0.821318 0.368439
vt 0.672409 0.792213
vt 0.670576 0.781226
vt 0.672398 0.784517
vt 0.677129 0.792213
vt 0.676983 0.795461
vt 0.677176 0.788370
vt 0.823159 0.226722
vt 0.823159 0.375307
vt 0.820011 0.374464
vt 0.673352 0.781239
vt 0.677118 0.784517
vt 0.820003 0.225876
vt 0.819015 0.376189
vt 0.682100 0.788352
vt 0.681678 0.792197
vt 0.676964 0.781239
vt 0.681668 0.784500
vt 0.820003 0.223884
vt 0.680465 0.795448
vt 0.823159 0.223041
vt 0.810066 0.028872
vt 0.813336 0.025058
vt 0.813682 0.028898
vt 0.811854 0.017895
vt 0.813666 0.021202
vt 0.810049 0.021175
vt 0.819007 0.222158
vt 0.817290 0.377185
vt 0.811885 0.032117
vt 0.814653 0.032137
vt 0.809421 0.025029
vt 0.821318 0.219853
vt 0.821318 0.378495
vt 0.815298 0.377185
vt 0.818264 0.032137
vt 0.818442 0.025058
vt 0.818130 0.218012
vt 0.818130 0.380336
vt 0.818400 0.028898
vt 0.814623 0.017916
vt 0.818383 0.021202
vt 0.817282 0.221162
vt 0.823371 0.025029
vt 0.814449 0.380336
vt 0.822954 0.028872
vt 0.818233 0.017916
vt 0.822937 0.021175
vt 0.821749 0.032117
vt 0.618995 0.792203
vt 0.623601 0.795468
vt 0.620793 0.795448
vt 0.618979 0.784506
vt 0.622328 0.788389
vt 0.618358 0.788360
vt 0.819015 0.277130
vt 0.823159 0.276250
vt 0.821318 0.279438
vt 0.818130 0.317069
vt 0.819007 0.321218
vt 0.817282 0.320222
vt 0.622663 0.792229
vt 0.620765 0.781226
vt 0.622648 0.784533
vt 0.816295 0.274408
vt 0.820011 0.275405
vt 0.816284 0.323940
vt 0.821318 0.318910
vt 0.820003 0.322944
vt 0.627395 0.792229
vt 0.623573 0.781247
vt 0.627380 0.784533
vt 0.820011 0.273413
vt 0.627223 0.795468
vt 0.627450 0.788389
vt 0.823159 0.272569
vt 0.627194 0.781247
vt 0.631908 0.784506
vt 0.819015 0.271687
vt 0.820003 0.324936
vt 0.631923 0.792203
vt 0.630688 0.795448
vt 0.632351 0.788360
vt 0.821318 0.269381
vt 0.823159 0.325779
vt 0.819007 0.326661
vt 0.810063 0.128931
vt 0.814647 0.132196
vt 0.811881 0.132183
vt 0.810053 0.121234
vt 0.813333 0.125104
vt 0.809421 0.125086
vt 0.818130 0.267541
vt 0.813677 0.128948
vt 0.811861 0.117961
vt 0.813667 0.121251
vt 0.817290 0.270691
vt 0.814449 0.267541
vt 0.818130 0.330807
vt 0.817282 0.327657
vt 0.818394 0.128948
vt 0.814628 0.117974
vt 0.818384 0.121251
vt 0.815298 0.270691
vt 0.818257 0.132196
vt 0.818438 0.125104
vt 0.815290 0.327657
vt 0.823369 0.125086
vt 0.822949 0.128931
vt 0.821724 0.117961
vt 0.822939 0.121234
vt 0.813573 0.271687
vt 0.821743 0.132183
vt 0.811262 0.269381
vt 0.812577 0.273413
vt 0.813564 0.326661
vt 0.718531 0.792197
vt 0.723120 0.795461
vt 0.720344 0.795448
vt 0.718521 0.784500
vt 0.721816 0.788370
vt 0.717891 0.788352
vt 0.809421 0.272569
vt 0.811262 0.328967
vt 0.722158 0.792213
vt 0.720325 0.781226
vt 0.722147 0.784517
vt 0.726732 0.795461
vt 0.726925 0.788370
vt 0.809421 0.276250
vt 0.809421 0.325779
vt 0.812568 0.324936
vt 0.726878 0.792213
vt 0.726713 0.781239
vt 0.726868 0.784517
vt 0.812577 0.275405
vt 0.812568 0.322944
vt 0.731849 0.788352
vt 0.731427 0.792197
vt 0.731417 0.784500
vt 0.813573 0.277130
vt 0.730214 0.795448
vt 0.811262 0.279438
vt 0.810066 0.078904
vt 0.813336 0.075091
vt 0.813683 0.078931
vt 0.811854 0.067928
vt 0.813666 0.071234
vt 0.810049 0.071208
vt 0.815298 0.278126
vt 0.813564 0.321218
vt 0.814653 0.082170
vt 0.811885 0.082150
vt 0.809421 0.075062
vt 0.814449 0.281278
vt 0.809421 0.322098
vt 0.815290 0.320222
vt 0.818264 0.082170
vt 0.818442 0.075091
vt 0.818130 0.281278
vt 0.811261 0.318910
vt 0.818400 0.078931
vt 0.814623 0.067949
vt 0.818383 0.071234
vt 0.817290 0.278126
vt 0.823371 0.075062
vt 0.814449 0.317069
vt 0.822954 0.078904
vt 0.818233 0.067949
vt 0.822937 0.071208
vt 0.821749 0.082150
vt 0.701398 0.110104
vt 0.707894 0.114710
vt 0.703934 0.114681
vt 0.701376 0.099250
vt 0.706099 0.104727
vt 0.700499 0.104686
vt 0.208070 0.721281
vt 0.206227 0.715593
vt 0.210665 0.716785
vt 0.369068 0.704503
vt 0.370304 0.710354
vt 0.367871 0.708949
vt 0.706571 0.110142
vt 0.703894 0.094625
vt 0.706549 0.099288
vt 0.204822 0.718026
vt 0.200986 0.714188
vt 0.366464 0.714192
vt 0.373563 0.707098
vt 0.371709 0.712787
vt 0.713244 0.110142
vt 0.707854 0.094654
vt 0.713223 0.099288
vt 0.206227 0.712784
vt 0.713001 0.114710
vt 0.713322 0.104727
vt 0.210665 0.711594
vt 0.712961 0.094654
vt 0.719608 0.099250
vt 0.204822 0.710350
vt 0.371709 0.715596
vt 0.717888 0.114681
vt 0.720234 0.104686
vt 0.208070 0.707098
vt 0.376159 0.711594
vt 0.719630 0.110104
vt 0.370304 0.718029
vt 0.701405 0.445329
vt 0.707869 0.449933
vt 0.703968 0.449915
vt 0.701390 0.434475
vt 0.706016 0.439933
vt 0.700499 0.439907
vt 0.202389 0.708946
vt 0.203574 0.704503
vt 0.376159 0.716785
vt 0.706502 0.445353
vt 0.703941 0.429859
vt 0.706487 0.434498
vt 0.198383 0.704503
vt 0.369068 0.723876
vt 0.367871 0.719434
vt 0.713153 0.445353
vt 0.707842 0.429877
vt 0.713139 0.434498
vt 0.199580 0.708946
vt 0.712960 0.449933
vt 0.713216 0.439933
vt 0.365062 0.719434
vt 0.719577 0.445329
vt 0.712933 0.429877
vt 0.719562 0.434475
vt 0.197147 0.710350
vt 0.717876 0.449915
vt 0.720169 0.439907
vt 0.193887 0.707098
vt 0.195742 0.712784
vt 0.362629 0.718029
vt 0.703959 0.282299
vt 0.706516 0.277737
vt 0.707873 0.282317
vt 0.701388 0.266858
vt 0.706035 0.272317
vt 0.700499 0.272291
vt 0.191292 0.711594
vt 0.359381 0.721281
vt 0.701402 0.277713
vt 0.703932 0.262242
vt 0.706502 0.266882
vt 0.712968 0.282317
vt 0.713240 0.272317
vt 0.195742 0.715593
vt 0.191292 0.716785
vt 0.361224 0.715596
vt 0.713173 0.277737
vt 0.707846 0.262260
vt 0.713158 0.266882
vt 0.356785 0.711594
vt 0.361224 0.712787
vt 0.719588 0.277713
vt 0.712941 0.262260
vt 0.719574 0.266858
vt 0.197147 0.718026
vt 0.717878 0.282299
vt 0.720184 0.272291
vt 0.193887 0.721281
vt 0.700499 0.328168
vt 0.706509 0.333624
vt 0.701408 0.333587
vt 0.703931 0.318108
vt 0.706486 0.322770
vt 0.701385 0.322733
vt 0.199580 0.719431
vt 0.362629 0.710354
vt 0.703974 0.338164
vt 0.707878 0.338192
vt 0.706020 0.328209
vt 0.198383 0.723876
vt 0.359381 0.707098
vt 0.365062 0.708949
vt 0.713162 0.333624
vt 0.712970 0.338192
vt 0.713221 0.328209
vt 0.202389 0.719431
vt 0.203574 0.723876
vt 0.707835 0.318137
vt 0.713138 0.322770
vt 0.720172 0.328168
vt 0.363877 0.704503
vt 0.719584 0.333587
vt 0.712926 0.318137
vt 0.719560 0.322733
vt 0.717885 0.338164
vt 0.703934 0.170557
vt 0.706571 0.166018
vt 0.707894 0.170585
vt 0.701376 0.155126
vt 0.706099 0.160602
vt 0.700499 0.160561
vt 0.253547 0.704503
vt 0.252300 0.710350
vt 0.249052 0.707098
vt 0.304216 0.721281
vt 0.306071 0.715595
vt 0.307476 0.718028
vt 0.701398 0.165980
vt 0.703894 0.150501
vt 0.706549 0.155163
vt 0.254733 0.708945
vt 0.256135 0.714187
vt 0.311316 0.714191
vt 0.301621 0.716785
vt 0.306071 0.712786
vt 0.713244 0.166018
vt 0.707854 0.150530
vt 0.713223 0.155163
vt 0.250895 0.712783
vt 0.713001 0.170585
vt 0.713322 0.160602
vt 0.246456 0.711594
vt 0.712961 0.150530
vt 0.719608 0.155126
vt 0.250895 0.715592
vt 0.307476 0.710353
vt 0.717888 0.170557
vt 0.720234 0.160561
vt 0.246456 0.716785
vt 0.301621 0.711594
vt 0.719630 0.165980
vt 0.309909 0.708948
vt 0.701405 0.501195
vt 0.707869 0.505799
vt 0.703968 0.505781
vt 0.701390 0.490340
vt 0.706016 0.495798
vt 0.700499 0.495773
vt 0.252300 0.718025
vt 0.249052 0.721281
vt 0.304216 0.707098
vt 0.706502 0.501219
vt 0.703941 0.485724
vt 0.706487 0.490364
vt 0.254733 0.719430
vt 0.253547 0.723876
vt 0.313903 0.704503
vt 0.312718 0.708948
vt 0.713153 0.501219
vt 0.707842 0.485742
vt 0.713139 0.490364
vt 0.712960 0.505799
vt 0.713216 0.495798
vt 0.315151 0.710353
vt 0.719577 0.501195
vt 0.717849 0.485724
vt 0.719562 0.490340
vt 0.257542 0.719430
vt 0.717876 0.505781
vt 0.720169 0.495773
vt 0.258739 0.723876
vt 0.259975 0.718025
vt 0.316556 0.712786
vt 0.701402 0.221847
vt 0.707873 0.226451
vt 0.703959 0.226433
vt 0.701388 0.210993
vt 0.706035 0.216451
vt 0.700499 0.216425
vt 0.263234 0.721281
vt 0.320994 0.711594
vt 0.706516 0.221871
vt 0.703932 0.206376
vt 0.706502 0.211016
vt 0.713173 0.221871
vt 0.712968 0.226451
vt 0.713240 0.216451
vt 0.261380 0.715592
vt 0.265830 0.716785
vt 0.316556 0.715595
vt 0.707846 0.206395
vt 0.713158 0.211016
vt 0.318399 0.721281
vt 0.315151 0.718028
vt 0.719588 0.221847
vt 0.712941 0.206395
vt 0.719574 0.210993
vt 0.261380 0.712783
vt 0.717878 0.226433
vt 0.720184 0.216425
vt 0.265830 0.711594
vt 0.700499 0.384044
vt 0.706509 0.389500
vt 0.701408 0.389462
vt 0.703931 0.373983
vt 0.706486 0.378646
vt 0.701385 0.378608
vt 0.259975 0.710350
vt 0.312718 0.719433
vt 0.707878 0.394068
vt 0.703974 0.394039
vt 0.706020 0.384084
vt 0.263234 0.707098
vt 0.309909 0.719433
vt 0.713162 0.389500
vt 0.712970 0.394068
vt 0.713221 0.384084
vt 0.258739 0.704503
vt 0.313903 0.723876
vt 0.707835 0.374012
vt 0.713138 0.378646
vt 0.257542 0.708945
vt 0.720172 0.384044
vt 0.308712 0.723876
vt 0.719584 0.389462
vt 0.712926 0.374012
vt 0.719560 0.378608
vt 0.717885 0.394039
vt 0.752243 0.844824
vt 0.750562 0.842509
vt 0.753283 0.843393
vt 0.864192 0.023080
vt 0.861470 0.022195
vt 0.862510 0.020764
vt 0.753283 0.841624
vt 0.864192 0.020218
vt 0.752243 0.840193
vt 0.865874 0.020764
vt 0.866913 0.022195
vt 0.750561 0.839647
vt 0.748879 0.840193
vt 0.866913 0.023964
vt 0.747839 0.841624
vt 0.865874 0.025394
vt 0.747839 0.843393
vt 0.864192 0.025941
vt 0.748879 0.844824
vt 0.862510 0.025394
vt 0.750561 0.845370
vt 0.861470 0.023964
vt 0.798088 0.840191
vt 0.796405 0.842505
vt 0.796405 0.839644
vt 0.864187 0.069231
vt 0.864188 0.066369
vt 0.865870 0.066915
vt 0.794723 0.840191
vt 0.866910 0.068346
vt 0.793684 0.841622
vt 0.866910 0.070115
vt 0.865870 0.071546
vt 0.793684 0.843390
vt 0.794723 0.844821
vt 0.864188 0.072092
vt 0.796405 0.845368
vt 0.862506 0.071546
vt 0.798088 0.844821
vt 0.861466 0.070115
vt 0.799127 0.843390
vt 0.861466 0.068346
vt 0.799127 0.841622
vt 0.862506 0.066915
vt 0.086242 0.546572
vt 0.088558 0.551047
vt 0.085294 0.549163
vt 0.153580 0.553928
vt 0.152929 0.548935
vt 0.155967 0.552555
vt 0.086433 0.553576
vt 0.084161 0.552265
vt 0.277068 0.551839
vt 0.279331 0.548486
vt 0.281001 0.551800
vt 0.084066 0.556395
vt 0.082901 0.555723
vt 0.282037 0.555488
vt 0.277781 0.555529
vt 0.081575 0.559362
vt 0.282386 0.559364
vt 0.278020 0.559406
vt 0.282031 0.563234
vt 0.277775 0.563275
vt 0.147537 0.557411
vt 0.144182 0.559347
vt 0.146672 0.556381
vt 0.277057 0.566942
vt 0.280990 0.566904
vt 0.150723 0.555574
vt 0.149037 0.553565
vt 0.279315 0.570189
vt 0.275902 0.570222
vt 0.151158 0.551041
vt 0.088119 0.555586
vt 0.473165 0.630405
vt 0.476894 0.633745
vt 0.471970 0.633725
vt 0.084930 0.557425
vt 0.476559 0.637438
vt 0.471230 0.637416
vt 0.476447 0.641316
vt 0.470982 0.641293
vt 0.476566 0.645184
vt 0.471238 0.645162
vt 0.145507 0.555708
vt 0.476910 0.648849
vt 0.471986 0.648828
vt 0.146765 0.552253
vt 0.477460 0.652126
vt 0.473187 0.652109
vt 0.147894 0.549156
vt 0.090335 0.548935
vt 0.090981 0.553934
vt 0.148836 0.546572
vt 0.477438 0.630423
vt 0.482318 0.633745
vt 0.085390 0.558690
vt 0.482427 0.637438
vt 0.482467 0.641316
vt 0.482435 0.645184
vt 0.144182 0.555474
vt 0.482333 0.648849
vt 0.144182 0.551798
vt 0.482166 0.652126
vt 0.144182 0.548502
vt 0.094989 0.556996
vt 0.092270 0.557476
vt 0.478162 0.627637
vt 0.482144 0.630423
vt 0.089016 0.558050
vt 0.085390 0.560035
vt 0.488127 0.637416
vt 0.488314 0.641293
vt 0.488135 0.645162
vt 0.142858 0.555708
vt 0.487601 0.648828
vt 0.141599 0.552253
vt 0.486737 0.652109
vt 0.140470 0.549156
vt 0.094989 0.561723
vt 0.092270 0.561245
vt 0.139527 0.546572
vt 0.144182 0.545751
vt 0.089016 0.560673
vt 0.487585 0.633725
vt 0.084930 0.561299
vt 0.493283 0.641250
vt 0.492980 0.645120
vt 0.141693 0.556381
vt 0.492078 0.648790
vt 0.139328 0.553565
vt 0.490623 0.652075
vt 0.137206 0.551041
vt 0.090981 0.564787
vt 0.135434 0.548935
vt 0.088119 0.563138
vt 0.490601 0.630372
vt 0.492063 0.633687
vt 0.492972 0.637374
vt 0.193691 0.555488
vt 0.198248 0.559389
vt 0.193374 0.559362
vt 0.198439 0.563259
vt 0.193688 0.563234
vt 0.140828 0.557411
vt 0.199007 0.566931
vt 0.194617 0.566907
vt 0.137642 0.555574
vt 0.199924 0.570219
vt 0.196114 0.570198
vt 0.134784 0.553928
vt 0.093373 0.566164
vt 0.088558 0.567674
vt 0.132397 0.552555
vt 0.086433 0.565147
vt 0.194623 0.551803
vt 0.199934 0.548514
vt 0.199014 0.551827
vt 0.084066 0.562329
vt 0.198442 0.555513
vt 0.204096 0.563273
vt 0.140368 0.558675
vt 0.204235 0.566943
vt 0.136745 0.558039
vt 0.204461 0.570230
vt 0.133495 0.557470
vt 0.086242 0.572147
vt 0.085294 0.569559
vt 0.130780 0.556996
vt 0.084161 0.566458
vt 0.204470 0.548526
vt 0.204242 0.551840
vt 0.082901 0.563002
vt 0.204100 0.555527
vt 0.204050 0.559403
vt 0.210082 0.559403
vt 0.209977 0.563273
vt 0.140368 0.560020
vt 0.209670 0.566943
vt 0.136745 0.560661
vt 0.209177 0.570230
vt 0.133495 0.561239
vt 0.208522 0.572967
vt 0.204761 0.572967
vt 0.204773 0.545751
vt 0.209186 0.548526
vt 0.081578 0.566914
vt 0.209677 0.551840
vt 0.081576 0.563235
vt 0.209981 0.555527
vt 0.215373 0.563259
vt 0.214656 0.566931
vt 0.140828 0.561284
vt 0.137642 0.563126
vt 0.213504 0.570219
vt 0.134784 0.564780
vt 0.081588 0.572968
vt 0.077871 0.569559
vt 0.081582 0.570213
vt 0.132397 0.566164
vt 0.130780 0.561722
vt 0.078995 0.566458
vt 0.214663 0.551827
vt 0.080251 0.563002
vt 0.215376 0.555513
vt 0.215617 0.559389
vt 0.139328 0.565135
vt 0.216919 0.570198
vt 0.137206 0.567667
vt 0.072840 0.569784
vt 0.074607 0.567674
vt 0.135434 0.569784
vt 0.076724 0.565147
vt 0.213513 0.548514
vt 0.218599 0.551803
vt 0.079086 0.562329
vt 0.219635 0.555488
vt 0.219985 0.559363
vt 0.219632 0.563234
vt 0.141693 0.562315
vt 0.218592 0.566907
vt 0.210196 0.648817
vt 0.215665 0.652116
vt 0.211419 0.652105
vt 0.140470 0.569552
vt 0.069802 0.566164
vt 0.072184 0.564787
vt 0.139527 0.572147
vt 0.075038 0.563138
vt 0.210185 0.633714
vt 0.215649 0.630412
vt 0.215078 0.633726
vt 0.078222 0.561299
vt 0.214724 0.637414
vt 0.209430 0.637400
vt 0.214606 0.641290
vt 0.209176 0.641276
vt 0.214730 0.645160
vt 0.209436 0.645146
vt 0.142858 0.562987
vt 0.215089 0.648830
vt 0.141599 0.566447
vt 0.144182 0.570206
vt 0.220177 0.654854
vt 0.216429 0.654854
vt 0.216409 0.627637
vt 0.220349 0.630412
vt 0.074141 0.560673
vt 0.220494 0.633726
vt 0.077762 0.560035
vt 0.220585 0.637414
vt 0.220618 0.641290
vt 0.220590 0.645160
vt 0.144182 0.563221
vt 0.220505 0.648830
vt 0.144182 0.566902
vt 0.220365 0.652116
vt 0.070895 0.561245
vt 0.068186 0.556996
vt 0.070895 0.557476
vt 0.148836 0.572147
vt 0.144182 0.572968
vt 0.074141 0.558050
vt 0.224936 0.630401
vt 0.225780 0.633714
vt 0.077762 0.558690
vt 0.226305 0.637400
vt 0.226485 0.641276
vt 0.226310 0.645146
vt 0.145507 0.562987
vt 0.225791 0.648817
vt 0.146765 0.566447
vt 0.224952 0.652105
vt 0.147894 0.569552
vt 0.075038 0.555586
vt 0.228857 0.630380
vt 0.230298 0.633689
vt 0.078222 0.557425
vt 0.231194 0.637374
vt 0.231500 0.641249
vt 0.231200 0.645120
vt 0.146672 0.562315
vt 0.230309 0.648793
vt 0.149037 0.565135
vt 0.228872 0.652084
vt 0.151158 0.567667
vt 0.069802 0.552555
vt 0.072184 0.553934
vt 0.152929 0.569784
vt 0.257027 0.551800
vt 0.262339 0.548519
vt 0.261420 0.551838
vt 0.076724 0.553576
vt 0.079086 0.556395
vt 0.260848 0.555529
vt 0.256094 0.555488
vt 0.260652 0.559406
vt 0.255776 0.559364
vt 0.256089 0.563234
vt 0.260842 0.563275
vt 0.147537 0.561284
vt 0.257016 0.566904
vt 0.261409 0.566942
vt 0.150723 0.563126
vt 0.262323 0.570222
vt 0.258511 0.570189
vt 0.153580 0.564780
vt 0.072840 0.548935
vt 0.074607 0.551047
vt 0.155967 0.566164
vt 0.078995 0.552265
vt 0.080251 0.555723
vt 0.266506 0.555551
vt 0.266456 0.559429
vt 0.266501 0.563297
vt 0.147997 0.560020
vt 0.266638 0.566962
vt 0.151620 0.560661
vt 0.266861 0.570240
vt 0.154870 0.561239
vt 0.076933 0.546572
vt 0.077871 0.549163
vt 0.157583 0.561723
vt 0.266876 0.548536
vt 0.266649 0.551859
vt 0.272387 0.555551
vt 0.081576 0.555489
vt 0.272488 0.559429
vt 0.272381 0.563297
vt 0.147997 0.558675
vt 0.272072 0.566962
vt 0.151620 0.558039
vt 0.271577 0.570240
vt 0.154870 0.557470
vt 0.267158 0.572966
vt 0.270919 0.572966
vt 0.267178 0.545751
vt 0.271592 0.548537
vt 0.081578 0.551809
vt 0.272083 0.551859
vt 0.081582 0.548508
vt 0.157583 0.556996
vt 0.275918 0.548519
vt 0.235593 0.174535
vt 0.235340 0.174883
vt 0.235142 0.174618
vt 0.446734 0.057164
vt 0.446373 0.057578
vt 0.446229 0.057166
vt 0.446898 0.057574
vt 0.447156 0.057160
vt 0.065252 0.246324
vt 0.065506 0.245976
vt 0.065704 0.246241
vt 0.446734 0.018325
vt 0.446898 0.017907
vt 0.447156 0.018321
vt 0.446373 0.017911
vt 0.446229 0.018327
vt 0.224512 0.159282
vt 0.224101 0.159415
vt 0.224097 0.159084
vt 0.103120 0.370551
vt 0.102709 0.370311
vt 0.103123 0.370049
vt 0.102707 0.370908
vt 0.103119 0.371101
vt 0.047322 0.240498
vt 0.047322 0.240068
vt 0.047638 0.240166
vt 0.141959 0.370541
vt 0.142374 0.370898
vt 0.141958 0.371092
vt 0.142376 0.370301
vt 0.141962 0.370040
vt 0.224512 0.140429
vt 0.224101 0.140295
vt 0.224292 0.140025
vt 0.103120 0.389714
vt 0.102707 0.389361
vt 0.103119 0.389159
vt 0.102709 0.389966
vt 0.103123 0.390227
vt 0.029391 0.246324
vt 0.029138 0.245976
vt 0.029452 0.245869
vt 0.141959 0.389705
vt 0.142376 0.389956
vt 0.141962 0.390217
vt 0.142374 0.389351
vt 0.141958 0.389149
vt 0.235593 0.125176
vt 0.235340 0.124827
vt 0.235653 0.124721
vt 0.103243 0.405472
vt 0.102827 0.405140
vt 0.103239 0.405075
vt 0.410659 0.133093
vt 0.410301 0.132678
vt 0.410785 0.132680
vt 0.018310 0.261577
vt 0.017900 0.261444
vt 0.018091 0.261174
vt 0.410301 0.093838
vt 0.410659 0.093424
vt 0.410785 0.093840
vt 0.142495 0.405130
vt 0.142082 0.405463
vt 0.142078 0.405065
vt 0.253524 0.119350
vt 0.253523 0.118919
vt 0.253840 0.119017
vt 0.428281 0.132723
vt 0.427972 0.133136
vt 0.427727 0.132722
vt 0.428604 0.133136
vt 0.428841 0.132723
vt 0.018310 0.280430
vt 0.017900 0.280564
vt 0.017895 0.280233
vt 0.428281 0.093883
vt 0.428604 0.093467
vt 0.428841 0.093883
vt 0.427972 0.093467
vt 0.427727 0.093882
vt 0.271454 0.125176
vt 0.271707 0.124827
vt 0.271906 0.125092
vt 0.446733 0.132688
vt 0.446371 0.133102
vt 0.446228 0.132689
vt 0.446898 0.133100
vt 0.447155 0.132685
vt 0.029391 0.295683
vt 0.029138 0.296032
vt 0.028940 0.295767
vt 0.446733 0.093848
vt 0.446898 0.093431
vt 0.447155 0.093845
vt 0.446371 0.093433
vt 0.446228 0.093849
vt 0.282536 0.140429
vt 0.282945 0.140295
vt 0.282950 0.140626
vt 0.178700 0.370396
vt 0.178287 0.370160
vt 0.178701 0.369898
vt 0.178286 0.370754
vt 0.178699 0.370945
vt 0.047322 0.301509
vt 0.047322 0.301940
vt 0.047006 0.301842
vt 0.217540 0.370386
vt 0.217955 0.370744
vt 0.217539 0.370936
vt 0.217956 0.370150
vt 0.217542 0.369889
vt 0.282536 0.159282
vt 0.282945 0.159415
vt 0.282755 0.159686
vt 0.178700 0.389552
vt 0.178286 0.389200
vt 0.178699 0.388996
vt 0.178287 0.389808
vt 0.178701 0.390068
vt 0.065252 0.295683
vt 0.065506 0.296032
vt 0.065193 0.296138
vt 0.217540 0.389543
vt 0.217956 0.389798
vt 0.217542 0.390058
vt 0.217955 0.389190
vt 0.217539 0.388986
vt 0.271454 0.174535
vt 0.271707 0.174883
vt 0.271394 0.174990
vt 0.178777 0.405455
vt 0.178362 0.405121
vt 0.178775 0.405052
vt 0.410659 0.057563
vt 0.410301 0.057148
vt 0.410785 0.057151
vt 0.076334 0.280430
vt 0.076744 0.280564
vt 0.076553 0.280834
vt 0.410301 0.018309
vt 0.410659 0.017895
vt 0.410785 0.018312
vt 0.218031 0.405111
vt 0.217618 0.405445
vt 0.217615 0.405043
vt 0.253524 0.180361
vt 0.253523 0.180791
vt 0.253207 0.180694
vt 0.428286 0.057220
vt 0.427977 0.057632
vt 0.427732 0.057219
vt 0.428609 0.057633
vt 0.428846 0.057220
vt 0.076334 0.261577
vt 0.076744 0.261444
vt 0.076749 0.261775
vt 0.428286 0.018381
vt 0.428609 0.017965
vt 0.428846 0.018381
vt 0.427977 0.017965
vt 0.427732 0.018380
vt 0.154651 0.018327
vt 0.154651 0.017895
vt 0.154967 0.017993
vt 0.154195 0.319349
vt 0.153834 0.319764
vt 0.153690 0.319352
vt 0.154360 0.319760
vt 0.154617 0.319345
vt 0.084791 0.042477
vt 0.085201 0.042344
vt 0.085205 0.042675
vt 0.154195 0.240499
vt 0.154360 0.240081
vt 0.154617 0.240495
vt 0.153834 0.240085
vt 0.153690 0.240502
vt 0.175195 0.025002
vt 0.175448 0.024653
vt 0.175646 0.024918
vt 0.035005 0.203858
vt 0.034765 0.204269
vt 0.034504 0.203855
vt 0.035362 0.204272
vt 0.035556 0.203859
vt 0.072094 0.025001
vt 0.072347 0.024653
vt 0.072546 0.024918
vt 0.035005 0.125008
vt 0.035362 0.124593
vt 0.035556 0.125009
vt 0.034765 0.124591
vt 0.034504 0.125005
vt 0.187891 0.042477
vt 0.188302 0.042344
vt 0.188306 0.042675
vt 0.056916 0.203863
vt 0.056562 0.204277
vt 0.056360 0.203864
vt 0.057168 0.204275
vt 0.057428 0.203861
vt 0.051551 0.018326
vt 0.051550 0.017895
vt 0.051867 0.017993
vt 0.056916 0.125014
vt 0.057168 0.124596
vt 0.057428 0.125011
vt 0.056562 0.124598
vt 0.056360 0.125015
vt 0.187891 0.064078
vt 0.188302 0.064211
vt 0.188111 0.064482
vt 0.074933 0.203727
vt 0.074600 0.204143
vt 0.074535 0.203731
vt 0.190766 0.319749
vt 0.190408 0.319335
vt 0.190892 0.319337
vt 0.031007 0.025001
vt 0.030753 0.024653
vt 0.031067 0.024546
vt 0.190408 0.240482
vt 0.190766 0.240068
vt 0.190892 0.240484
vt 0.074600 0.124464
vt 0.074933 0.124877
vt 0.074535 0.124882
vt 0.175195 0.081554
vt 0.175448 0.081902
vt 0.175135 0.082009
vt 0.210966 0.319386
vt 0.210657 0.319799
vt 0.210412 0.319386
vt 0.211289 0.319800
vt 0.211526 0.319386
vt 0.018310 0.042477
vt 0.017900 0.042344
vt 0.018091 0.042073
vt 0.210966 0.240534
vt 0.211289 0.240118
vt 0.211526 0.240533
vt 0.210657 0.240118
vt 0.210412 0.240533
vt 0.154651 0.088229
vt 0.154651 0.088660
vt 0.154335 0.088562
vt 0.232062 0.319346
vt 0.231701 0.319760
vt 0.231557 0.319348
vt 0.232227 0.319758
vt 0.232484 0.319343
vt 0.018310 0.064077
vt 0.017900 0.064211
vt 0.017895 0.063880
vt 0.232062 0.240493
vt 0.232227 0.240077
vt 0.232484 0.240491
vt 0.231701 0.240079
vt 0.231557 0.240495
vt 0.134107 0.081554
vt 0.133854 0.081902
vt 0.133656 0.081637
vt 0.127656 0.203809
vt 0.127420 0.204222
vt 0.127158 0.203808
vt 0.128014 0.204223
vt 0.128206 0.203810
vt 0.031007 0.081553
vt 0.030753 0.081902
vt 0.030555 0.081637
vt 0.127656 0.124957
vt 0.128014 0.124542
vt 0.128206 0.124958
vt 0.127420 0.124540
vt 0.127158 0.124955
vt 0.121410 0.064078
vt 0.121001 0.064211
vt 0.120996 0.063880
vt 0.149558 0.203815
vt 0.149206 0.204229
vt 0.149002 0.203815
vt 0.149814 0.204227
vt 0.150074 0.203813
vt 0.051550 0.088228
vt 0.051550 0.088660
vt 0.051234 0.088561
vt 0.149558 0.124962
vt 0.149814 0.124546
vt 0.150074 0.124961
vt 0.149206 0.124547
vt 0.149002 0.124963
vt 0.121410 0.042477
vt 0.121001 0.042344
vt 0.121192 0.042073
vt 0.167741 0.203731
vt 0.167406 0.204146
vt 0.167338 0.203733
vt 0.112898 0.319747
vt 0.112540 0.319332
vt 0.113024 0.319335
vt 0.072094 0.081553
vt 0.072347 0.081902
vt 0.072034 0.082009
vt 0.112540 0.240482
vt 0.112898 0.240068
vt 0.113024 0.240485
vt 0.167406 0.124465
vt 0.167741 0.124878
vt 0.167338 0.124881
vt 0.134107 0.025002
vt 0.133854 0.024653
vt 0.134168 0.024546
vt 0.133103 0.319414
vt 0.132794 0.319826
vt 0.132549 0.319413
vt 0.133426 0.319826
vt 0.133663 0.319413
vt 0.084791 0.064078
vt 0.085201 0.064211
vt 0.085010 0.064482
vt 0.133103 0.240564
vt 0.133426 0.240148
vt 0.133663 0.240563
vt 0.132794 0.240147
vt 0.132549 0.240563
vt 0.390334 0.494041
vt 0.389996 0.494379
vt 0.389920 0.494041
vt 0.282004 0.661772
vt 0.282345 0.661380
vt 0.282418 0.661632
vt 0.282009 0.660959
vt 0.282007 0.661399
vt 0.267705 0.661708
vt 0.267369 0.661312
vt 0.267708 0.661334
vt 0.295059 0.494041
vt 0.295398 0.494379
vt 0.295059 0.494455
vt 0.267710 0.660894
vt 0.267294 0.660988
vt 0.390334 0.453955
vt 0.389996 0.453616
vt 0.390334 0.453540
vt 0.770737 0.358516
vt 0.771080 0.358125
vt 0.771152 0.358376
vt 0.770745 0.357703
vt 0.770743 0.358143
vt 0.295059 0.453955
vt 0.295398 0.453616
vt 0.295473 0.453955
vt 0.756446 0.357604
vt 0.756105 0.358020
vt 0.756030 0.357696
vt 0.756439 0.358417
vt 0.756444 0.358043
vt 0.412369 0.494041
vt 0.412708 0.494379
vt 0.412370 0.494455
vt 0.770738 0.468533
vt 0.771079 0.468141
vt 0.771152 0.468392
vt 0.770743 0.467720
vt 0.770741 0.468160
vt 0.273023 0.494041
vt 0.272685 0.494379
vt 0.272609 0.494041
vt 0.756443 0.467658
vt 0.756103 0.468075
vt 0.756028 0.467751
vt 0.756439 0.468471
vt 0.756442 0.468098
vt 0.412369 0.453955
vt 0.412708 0.453616
vt 0.412784 0.453955
vt 0.383848 0.661514
vt 0.384191 0.661120
vt 0.384262 0.661376
vt 0.383856 0.660699
vt 0.383853 0.661137
vt 0.273023 0.453955
vt 0.272685 0.453616
vt 0.273024 0.453540
vt 0.369557 0.660593
vt 0.369216 0.661009
vt 0.369140 0.660687
vt 0.369549 0.661408
vt 0.369555 0.661031
vt 0.483361 0.058396
vt 0.483023 0.058734
vt 0.482947 0.058396
vt 0.332926 0.661772
vt 0.333267 0.661379
vt 0.333341 0.661632
vt 0.332931 0.660959
vt 0.332930 0.661399
vt 0.318627 0.661708
vt 0.318292 0.661312
vt 0.318631 0.661334
vt 0.353714 0.494041
vt 0.354053 0.494379
vt 0.353714 0.494455
vt 0.318632 0.660894
vt 0.318216 0.660988
vt 0.483361 0.018310
vt 0.483023 0.017971
vt 0.483361 0.017895
vt 0.770737 0.413539
vt 0.771080 0.413147
vt 0.771152 0.413399
vt 0.770745 0.412726
vt 0.770743 0.413166
vt 0.353714 0.453955
vt 0.354053 0.453616
vt 0.354129 0.453955
vt 0.756446 0.412626
vt 0.756105 0.413043
vt 0.756030 0.412719
vt 0.756439 0.413439
vt 0.756444 0.413066
vt 0.505396 0.058396
vt 0.505735 0.058734
vt 0.505396 0.058810
vt 0.770738 0.523528
vt 0.771079 0.523135
vt 0.771152 0.523387
vt 0.770743 0.522715
vt 0.770741 0.523155
vt 0.331679 0.494041
vt 0.331341 0.494379
vt 0.331264 0.494041
vt 0.756443 0.522652
vt 0.756103 0.523070
vt 0.756028 0.522746
vt 0.756439 0.523465
vt 0.756442 0.523092
vt 0.505396 0.018310
vt 0.505735 0.017971
vt 0.505811 0.018310
vt 0.434771 0.661514
vt 0.435114 0.661120
vt 0.435186 0.661376
vt 0.434779 0.660698
vt 0.434777 0.661137
vt 0.331679 0.453955
vt 0.331341 0.453616
vt 0.331679 0.453540
vt 0.420481 0.660593
vt 0.420139 0.661009
vt 0.420064 0.660687
vt 0.420473 0.661408
vt 0.420478 0.661031
vt 0.132189 0.796714
vt 0.132527 0.797052
vt 0.132189 0.797128
vt 0.866140 0.419538
vt 0.866481 0.419145
vt 0.866554 0.419397
vt 0.866144 0.418725
vt 0.866143 0.419164
vt 0.859576 0.419509
vt 0.859241 0.419113
vt 0.859580 0.419136
vt 0.168809 0.796714
vt 0.168470 0.797053
vt 0.168394 0.796714
vt 0.859581 0.418696
vt 0.859165 0.418790
vt 0.117889 0.796714
vt 0.117551 0.797052
vt 0.117475 0.796714
vt 0.579757 0.850717
vt 0.580100 0.850325
vt 0.580172 0.850577
vt 0.579765 0.849904
vt 0.579763 0.850344
vt 0.183108 0.796714
vt 0.183447 0.797053
vt 0.183108 0.797128
vt 0.573201 0.849859
vt 0.572860 0.850276
vt 0.572785 0.849952
vt 0.573194 0.850672
vt 0.573199 0.850299
vt 0.132189 0.781641
vt 0.132527 0.781302
vt 0.132603 0.781641
vt 0.666134 0.850706
vt 0.666475 0.850314
vt 0.666548 0.850565
vt 0.666138 0.849893
vt 0.666137 0.850333
vt 0.168809 0.781641
vt 0.168470 0.781303
vt 0.168809 0.781226
vt 0.659575 0.849865
vt 0.659235 0.850283
vt 0.659159 0.849959
vt 0.659570 0.850678
vt 0.659574 0.850305
vt 0.117889 0.781641
vt 0.117551 0.781302
vt 0.117889 0.781226
vt 0.866139 0.516443
vt 0.866482 0.516049
vt 0.866554 0.516305
vt 0.866147 0.515628
vt 0.866145 0.516066
vt 0.183108 0.781641
vt 0.183447 0.781303
vt 0.183523 0.781641
vt 0.859584 0.515581
vt 0.859242 0.515998
vt 0.859167 0.515676
vt 0.859576 0.516397
vt 0.859581 0.516020
vt 0.081270 0.796714
vt 0.081608 0.797052
vt 0.081269 0.797128
vt 0.866140 0.468034
vt 0.866481 0.467641
vt 0.866554 0.467894
vt 0.866144 0.467221
vt 0.866143 0.467661
vt 0.859576 0.468006
vt 0.859241 0.467610
vt 0.859580 0.467632
vt 0.219728 0.796714
vt 0.219390 0.797053
vt 0.219314 0.796714
vt 0.859581 0.467192
vt 0.859165 0.467286
vt 0.066970 0.796714
vt 0.066631 0.797052
vt 0.066555 0.796714
vt 0.622945 0.850717
vt 0.623288 0.850325
vt 0.623360 0.850577
vt 0.622953 0.849904
vt 0.622951 0.850344
vt 0.234028 0.796714
vt 0.234366 0.797053
vt 0.234028 0.797128
vt 0.616389 0.849859
vt 0.616048 0.850276
vt 0.615973 0.849952
vt 0.616382 0.850672
vt 0.616387 0.850299
vt 0.081270 0.781641
vt 0.081608 0.781302
vt 0.081684 0.781641
vt 0.709320 0.850706
vt 0.709661 0.850314
vt 0.709735 0.850565
vt 0.709325 0.849893
vt 0.709324 0.850333
vt 0.219728 0.781641
vt 0.219390 0.781303
vt 0.219728 0.781226
vt 0.702761 0.849865
vt 0.702421 0.850283
vt 0.702346 0.849959
vt 0.702757 0.850678
vt 0.702760 0.850305
vt 0.066970 0.781641
vt 0.066631 0.781302
vt 0.066970 0.781226
vt 0.866139 0.564852
vt 0.866482 0.564459
vt 0.866554 0.564714
vt 0.866147 0.564037
vt 0.866145 0.564475
vt 0.234028 0.781641
vt 0.234366 0.781303
vt 0.234442 0.781641
vt 0.859584 0.563990
vt 0.859242 0.564407
vt 0.859167 0.564085
vt 0.859576 0.564806
vt 0.859581 0.564429
vt 0.755587 0.843552
vt 0.755485 0.844110
vt 0.755124 0.843992
vt 0.755239 0.844621
vt 0.860735 0.019277
vt 0.861146 0.018885
vt 0.861369 0.019193
vt 0.861645 0.018616
vt 0.755239 0.840397
vt 0.755485 0.840908
vt 0.755124 0.841025
vt 0.755587 0.841466
vt 0.863629 0.017971
vt 0.864191 0.017895
vt 0.864191 0.018276
vt 0.864753 0.017971
vt 0.753104 0.838048
vt 0.753603 0.838317
vt 0.753380 0.838625
vt 0.754013 0.838709
vt 0.866737 0.018616
vt 0.867236 0.018885
vt 0.867013 0.019193
vt 0.867646 0.019277
vt 0.749996 0.837404
vt 0.750558 0.837328
vt 0.750558 0.837708
vt 0.751120 0.837404
vt 0.868872 0.020964
vt 0.869118 0.021475
vt 0.868756 0.021593
vt 0.869220 0.022033
vt 0.747102 0.838709
vt 0.747513 0.838317
vt 0.747737 0.838625
vt 0.748012 0.838048
vt 0.869220 0.024119
vt 0.869118 0.024677
vt 0.868756 0.024560
vt 0.868872 0.025188
vt 0.745529 0.841466
vt 0.745631 0.840908
vt 0.745993 0.841025
vt 0.745876 0.840397
vt 0.867646 0.026876
vt 0.867236 0.027268
vt 0.867013 0.026960
vt 0.866737 0.027537
vt 0.745876 0.844621
vt 0.745631 0.844110
vt 0.745993 0.843992
vt 0.745529 0.843552
vt 0.864753 0.028181
vt 0.864191 0.028257
vt 0.864191 0.027877
vt 0.863629 0.028181
vt 0.748012 0.846969
vt 0.747513 0.846700
vt 0.747737 0.846392
vt 0.747102 0.846308
vt 0.861645 0.027537
vt 0.861146 0.027268
vt 0.861369 0.026960
vt 0.860735 0.026876
vt 0.751120 0.847614
vt 0.750558 0.847690
vt 0.750558 0.847309
vt 0.749996 0.847614
vt 0.859509 0.025188
vt 0.859264 0.024677
vt 0.859625 0.024560
vt 0.859162 0.024119
vt 0.754013 0.846308
vt 0.753603 0.846700
vt 0.753380 0.846392
vt 0.753104 0.846969
vt 0.859162 0.022033
vt 0.859264 0.021475
vt 0.859625 0.021593
vt 0.859509 0.020964
vt 0.795844 0.837404
vt 0.796407 0.837328
vt 0.796406 0.837708
vt 0.796969 0.837404
vt 0.866737 0.064768
vt 0.867236 0.065037
vt 0.867012 0.065345
vt 0.867646 0.065429
vt 0.792951 0.838709
vt 0.793361 0.838317
vt 0.793585 0.838625
vt 0.793861 0.838048
vt 0.868872 0.067116
vt 0.869118 0.067628
vt 0.868756 0.067746
vt 0.869220 0.068186
vt 0.791378 0.841466
vt 0.791479 0.840908
vt 0.791841 0.841025
vt 0.791725 0.840397
vt 0.869220 0.070272
vt 0.869118 0.070830
vt 0.868756 0.070712
vt 0.868872 0.071341
vt 0.791725 0.844621
vt 0.791479 0.844110
vt 0.791841 0.843992
vt 0.791378 0.843552
vt 0.867646 0.073028
vt 0.867236 0.073420
vt 0.867012 0.073113
vt 0.866737 0.073689
vt 0.793861 0.846969
vt 0.793361 0.846700
vt 0.793585 0.846392
vt 0.792951 0.846308
vt 0.864753 0.074334
vt 0.864191 0.074409
vt 0.864190 0.074030
vt 0.863629 0.074334
vt 0.796969 0.847614
vt 0.796407 0.847690
vt 0.796406 0.847309
vt 0.795844 0.847614
vt 0.861645 0.073689
vt 0.861146 0.073420
vt 0.861369 0.073113
vt 0.860735 0.073028
vt 0.799862 0.846308
vt 0.799452 0.846700
vt 0.799228 0.846392
vt 0.798953 0.846969
vt 0.859509 0.071341
vt 0.859264 0.070830
vt 0.859625 0.070712
vt 0.859162 0.070272
vt 0.801436 0.843552
vt 0.801334 0.844110
vt 0.800972 0.843992
vt 0.801088 0.844621
vt 0.859162 0.068186
vt 0.859264 0.067628
vt 0.859625 0.067746
vt 0.859509 0.067116
vt 0.801088 0.840396
vt 0.801334 0.840908
vt 0.800972 0.841025
vt 0.801436 0.841466
vt 0.860735 0.065429
vt 0.861146 0.065037
vt 0.861369 0.065345
vt 0.861645 0.064768
vt 0.798952 0.838048
vt 0.799452 0.838317
vt 0.799228 0.838625
vt 0.799862 0.838709
vt 0.863629 0.064124
vt 0.864191 0.064048
vt 0.864190 0.064429
vt 0.864753 0.064124
vt 0.208798 0.839521
vt 0.208246 0.839520
vt 0.208347 0.839103
vt 0.207743 0.839518
vt 0.207744 0.846608
vt 0.208247 0.846611
vt 0.208349 0.847022
vt 0.208800 0.846612
vt 0.212488 0.839518
vt 0.211974 0.839520
vt 0.211886 0.839103
vt 0.211417 0.839521
vt 0.211419 0.846612
vt 0.211976 0.846611
vt 0.211888 0.847022
vt 0.212490 0.846608
vt 0.860243 0.267334
vt 0.859757 0.267331
vt 0.859949 0.266916
vt 0.026938 0.838405
vt 0.027346 0.838795
vt 0.026757 0.838654
vt 0.810961 0.776765
vt 0.811369 0.776375
vt 0.811551 0.776625
vt 0.859744 0.274423
vt 0.860229 0.274425
vt 0.859933 0.274836
vt 0.863817 0.267348
vt 0.863256 0.267347
vt 0.863269 0.266930
vt 0.862700 0.267345
vt 0.862686 0.274436
vt 0.863242 0.274438
vt 0.863253 0.274850
vt 0.863804 0.274439
vt 0.867269 0.267345
vt 0.866846 0.267347
vt 0.866676 0.266931
vt 0.866339 0.267348
vt 0.866325 0.274439
vt 0.866832 0.274438
vt 0.866660 0.274850
vt 0.867256 0.274436
vt 0.115358 0.839513
vt 0.114807 0.839512
vt 0.114912 0.839096
vt 0.114307 0.839511
vt 0.114309 0.846602
vt 0.114808 0.846603
vt 0.114914 0.847016
vt 0.115360 0.846604
vt 0.119051 0.839511
vt 0.118534 0.839512
vt 0.118449 0.839096
vt 0.117976 0.839513
vt 0.117977 0.846604
vt 0.118536 0.846603
vt 0.118451 0.847016
vt 0.119053 0.846602
vt 0.860246 0.314559
vt 0.859761 0.314554
vt 0.859952 0.314138
vt 0.019843 0.848170
vt 0.019435 0.847780
vt 0.020025 0.847921
vt 0.818871 0.785750
vt 0.818463 0.786140
vt 0.818283 0.785891
vt 0.859739 0.321645
vt 0.860225 0.321649
vt 0.859928 0.322057
vt 0.863822 0.314580
vt 0.863260 0.314579
vt 0.863273 0.314161
vt 0.862704 0.314576
vt 0.862682 0.321667
vt 0.863238 0.321670
vt 0.863249 0.322081
vt 0.863800 0.321671
vt 0.867272 0.314576
vt 0.866849 0.314579
vt 0.866679 0.314161
vt 0.866343 0.314580
vt 0.866321 0.321671
vt 0.866828 0.321670
vt 0.866655 0.322081
vt 0.867251 0.321667
vt 0.255508 0.839521
vt 0.254955 0.839520
vt 0.255057 0.839103
vt 0.254452 0.839518
vt 0.254454 0.846608
vt 0.254957 0.846611
vt 0.255059 0.847022
vt 0.255510 0.846612
vt 0.259198 0.839518
vt 0.258684 0.839520
vt 0.258595 0.839103
vt 0.258127 0.839521
vt 0.258128 0.846612
vt 0.258686 0.846611
vt 0.258597 0.847022
vt 0.259200 0.846608
vt 0.860243 0.220111
vt 0.859757 0.220108
vt 0.859949 0.219692
vt 0.818463 0.728665
vt 0.818871 0.729055
vt 0.818283 0.728914
vt 0.073222 0.838138
vt 0.073719 0.838405
vt 0.073538 0.838655
vt 0.859743 0.227199
vt 0.860229 0.227202
vt 0.859933 0.227612
vt 0.863817 0.220124
vt 0.863256 0.220123
vt 0.863269 0.219707
vt 0.862700 0.220122
vt 0.862686 0.227213
vt 0.863242 0.227214
vt 0.863253 0.227627
vt 0.863804 0.227215
vt 0.867269 0.220122
vt 0.866846 0.220123
vt 0.866676 0.219707
vt 0.866339 0.220124
vt 0.866325 0.227215
vt 0.866832 0.227214
vt 0.866660 0.227627
vt 0.867256 0.227213
vt 0.162068 0.839513
vt 0.161517 0.839512
vt 0.161623 0.839096
vt 0.161018 0.839511
vt 0.161020 0.846602
vt 0.161519 0.846603
vt 0.161625 0.847016
vt 0.162070 0.846604
vt 0.165762 0.839511
vt 0.165245 0.839512
vt 0.165160 0.839096
vt 0.164686 0.839513
vt 0.164688 0.846604
vt 0.165246 0.846603
vt 0.165162 0.847016
vt 0.165763 0.846602
vt 0.860246 0.361782
vt 0.859761 0.361777
vt 0.859953 0.361361
vt 0.811369 0.738430
vt 0.810961 0.738040
vt 0.811551 0.738181
vt 0.067121 0.848438
vt 0.066624 0.848170
vt 0.066806 0.847921
vt 0.859739 0.368868
vt 0.860225 0.368873
vt 0.859928 0.369280
vt 0.863822 0.361803
vt 0.863260 0.361802
vt 0.863273 0.361384
vt 0.862704 0.361799
vt 0.862683 0.368890
vt 0.863238 0.368893
vt 0.863249 0.369304
vt 0.863800 0.368894
vt 0.867272 0.361799
vt 0.866849 0.361802
vt 0.866680 0.361384
vt 0.866343 0.361803
vt 0.866321 0.368894
vt 0.866828 0.368893
vt 0.866655 0.369304
vt 0.867251 0.368890
vt 0.320702 0.897354
vt 0.320364 0.897692
vt 0.320288 0.897354
vt 0.907863 0.682268
vt 0.908204 0.681875
vt 0.908277 0.682127
vt 0.907868 0.681454
vt 0.907866 0.681894
vt 0.905425 0.682258
vt 0.905089 0.681862
vt 0.905428 0.681884
vt 0.440313 0.897354
vt 0.440652 0.897692
vt 0.440313 0.897768
vt 0.905430 0.681444
vt 0.905014 0.681538
vt 0.320702 0.886922
vt 0.320364 0.886584
vt 0.320702 0.886508
vt 0.946909 0.450640
vt 0.947303 0.450980
vt 0.947052 0.451054
vt 0.947722 0.450642
vt 0.947282 0.450643
vt 0.440313 0.886922
vt 0.440652 0.886584
vt 0.440727 0.886922
vt 0.947722 0.448204
vt 0.947303 0.447866
vt 0.947627 0.447788
vt 0.946909 0.448202
vt 0.947282 0.448205
vt 0.323140 0.897354
vt 0.323478 0.897692
vt 0.323140 0.897768
vt 0.946909 0.880402
vt 0.947303 0.880741
vt 0.947052 0.880816
vt 0.947722 0.880403
vt 0.947282 0.880404
vt 0.437875 0.897354
vt 0.437537 0.897692
vt 0.437461 0.897354
vt 0.947722 0.877965
vt 0.947303 0.877627
vt 0.947627 0.877550
vt 0.946909 0.877964
vt 0.947282 0.877966
vt 0.323140 0.886922
vt 0.323478 0.886584
vt 0.323554 0.886922
vt 0.216057 0.942968
vt 0.216400 0.942574
vt 0.216471 0.942829
vt 0.216064 0.942152
vt 0.216062 0.942591
vt 0.437875 0.886922
vt 0.437537 0.886584
vt 0.437875 0.886508
vt 0.213627 0.942135
vt 0.213285 0.942552
vt 0.213210 0.942230
vt 0.213619 0.942951
vt 0.213625 0.942574
vt 0.672221 0.897354
vt 0.671883 0.897692
vt 0.671807 0.897354
vt 0.907863 0.727537
vt 0.908204 0.727144
vt 0.908277 0.727397
vt 0.907867 0.726724
vt 0.907866 0.727163
vt 0.905425 0.727527
vt 0.905089 0.727131
vt 0.905428 0.727153
vt 0.479371 0.897354
vt 0.479709 0.897693
vt 0.479371 0.897768
vt 0.905430 0.726713
vt 0.905014 0.726807
vt 0.672221 0.886922
vt 0.671883 0.886584
vt 0.672221 0.886508
vt 0.946909 0.489712
vt 0.947303 0.490052
vt 0.947052 0.490126
vt 0.947722 0.489714
vt 0.947282 0.489715
vt 0.479371 0.886922
vt 0.479709 0.886584
vt 0.479785 0.886922
vt 0.947722 0.487276
vt 0.947303 0.486938
vt 0.947627 0.486860
vt 0.946909 0.487275
vt 0.947282 0.487277
vt 0.674659 0.897354
vt 0.674998 0.897692
vt 0.674659 0.897768
vt 0.946909 0.919469
vt 0.947303 0.919808
vt 0.947052 0.919883
vt 0.947722 0.919470
vt 0.947282 0.919471
vt 0.476933 0.897354
vt 0.476595 0.897693
vt 0.476518 0.897354
vt 0.947722 0.917032
vt 0.947303 0.916694
vt 0.947627 0.916617
vt 0.946909 0.917031
vt 0.947282 0.917033
vt 0.674659 0.886922
vt 0.674998 0.886584
vt 0.675074 0.886922
vt 0.137932 0.942968
vt 0.138274 0.942574
vt 0.138346 0.942829
vt 0.137939 0.942152
vt 0.137937 0.942591
vt 0.476933 0.886922
vt 0.476595 0.886584
vt 0.476933 0.886508
vt 0.135501 0.942135
vt 0.135160 0.942552
vt 0.135085 0.942230
vt 0.135494 0.942951
vt 0.135499 0.942574
vt 0.711279 0.897354
vt 0.710941 0.897692
vt 0.710865 0.897354
vt 0.020748 0.943038
vt 0.021089 0.942645
vt 0.021162 0.942897
vt 0.020752 0.942224
vt 0.020751 0.942664
vt 0.018310 0.943027
vt 0.017974 0.942631
vt 0.018313 0.942654
vt 0.518428 0.897354
vt 0.518767 0.897692
vt 0.518429 0.897768
vt 0.018315 0.942214
vt 0.017899 0.942308
vt 0.711279 0.886922
vt 0.710941 0.886584
vt 0.711279 0.886508
vt 0.946909 0.372496
vt 0.947303 0.372836
vt 0.947052 0.372909
vt 0.947722 0.372497
vt 0.947282 0.372498
vt 0.518428 0.886922
vt 0.518767 0.886584
vt 0.518843 0.886922
vt 0.947722 0.370060
vt 0.947303 0.369721
vt 0.947627 0.369644
vt 0.946909 0.370058
vt 0.947282 0.370061
vt 0.713717 0.897354
vt 0.714056 0.897692
vt 0.713717 0.897768
vt 0.946909 0.685068
vt 0.947303 0.685407
vt 0.947052 0.685482
vt 0.947722 0.685069
vt 0.947282 0.685070
vt 0.515990 0.897354
vt 0.515652 0.897693
vt 0.515576 0.897354
vt 0.947722 0.682631
vt 0.947303 0.682293
vt 0.947627 0.682216
vt 0.946909 0.682630
vt 0.947282 0.682632
vt 0.713717 0.886922
vt 0.714056 0.886584
vt 0.714131 0.886922
vt 0.372307 0.942968
vt 0.372650 0.942574
vt 0.372722 0.942829
vt 0.372315 0.942152
vt 0.372313 0.942591
vt 0.515990 0.886922
vt 0.515652 0.886584
vt 0.515991 0.886508
vt 0.369877 0.942135
vt 0.369536 0.942552
vt 0.369460 0.942230
vt 0.369870 0.942951
vt 0.369875 0.942574
vt 0.750337 0.897354
vt 0.749999 0.897692
vt 0.749922 0.897354
vt 0.907863 0.772806
vt 0.908204 0.772413
vt 0.908277 0.772666
vt 0.907867 0.771993
vt 0.907866 0.772433
vt 0.905425 0.772796
vt 0.905089 0.772400
vt 0.905428 0.772422
vt 0.907863 0.075793
vt 0.908202 0.076131
vt 0.907863 0.076207
vt 0.905430 0.771983
vt 0.905014 0.772077
vt 0.750337 0.886922
vt 0.749999 0.886584
vt 0.750337 0.886508
vt 0.946909 0.528785
vt 0.947303 0.529124
vt 0.947052 0.529198
vt 0.947722 0.528786
vt 0.947282 0.528787
vt 0.907863 0.065361
vt 0.908202 0.065023
vt 0.908277 0.065361
vt 0.947722 0.526349
vt 0.947303 0.526010
vt 0.947627 0.525933
vt 0.946909 0.526347
vt 0.947282 0.526349
vt 0.752774 0.897354
vt 0.753113 0.897692
vt 0.752775 0.897768
vt 0.017895 0.981690
vt 0.018289 0.982029
vt 0.018038 0.982104
vt 0.018708 0.981691
vt 0.018268 0.981692
vt 0.905425 0.075793
vt 0.905087 0.076132
vt 0.905011 0.075793
vt 0.018708 0.979253
vt 0.018289 0.978915
vt 0.018613 0.978838
vt 0.017895 0.979252
vt 0.018268 0.979254
vt 0.752774 0.886922
vt 0.753113 0.886584
vt 0.753189 0.886922
vt 0.098869 0.942968
vt 0.099212 0.942574
vt 0.099284 0.942829
vt 0.098877 0.942152
vt 0.098875 0.942591
vt 0.905425 0.065361
vt 0.905087 0.065023
vt 0.905425 0.064947
vt 0.096439 0.942135
vt 0.096097 0.942552
vt 0.096022 0.942230
vt 0.096432 0.942951
vt 0.096437 0.942574
vt 0.555048 0.897354
vt 0.554710 0.897692
vt 0.554634 0.897354
vt 0.907863 0.636999
vt 0.908204 0.636606
vt 0.908277 0.636858
vt 0.907868 0.636185
vt 0.907866 0.636625
vt 0.905425 0.636988
vt 0.905089 0.636592
vt 0.905428 0.636615
vt 0.791832 0.897354
vt 0.792171 0.897692
vt 0.791833 0.897768
vt 0.905430 0.636175
vt 0.905014 0.636269
vt 0.555048 0.886922
vt 0.554710 0.886584
vt 0.555048 0.886508
vt 0.946909 0.567857
vt 0.947303 0.568197
vt 0.947052 0.568270
vt 0.947722 0.567858
vt 0.947282 0.567859
vt 0.791832 0.886922
vt 0.792171 0.886584
vt 0.792247 0.886922
vt 0.947722 0.565421
vt 0.947303 0.565082
vt 0.947627 0.565005
vt 0.946909 0.565419
vt 0.947282 0.565422
vt 0.557486 0.897354
vt 0.557825 0.897692
vt 0.557486 0.897768
vt 0.946909 0.841335
vt 0.947303 0.841675
vt 0.947052 0.841749
vt 0.947722 0.841336
vt 0.947282 0.841337
vt 0.789394 0.897354
vt 0.789056 0.897692
vt 0.788980 0.897354
vt 0.947722 0.838899
vt 0.947303 0.838560
vt 0.947627 0.838483
vt 0.946909 0.838897
vt 0.947282 0.838899
vt 0.557486 0.886922
vt 0.557825 0.886584
vt 0.557901 0.886922
vt 0.255120 0.942968
vt 0.255462 0.942574
vt 0.255534 0.942829
vt 0.255127 0.942152
vt 0.255125 0.942591
vt 0.789394 0.886922
vt 0.789056 0.886584
vt 0.789395 0.886508
vt 0.252689 0.942135
vt 0.252348 0.942552
vt 0.252273 0.942230
vt 0.252682 0.942951
vt 0.252687 0.942574
vt 0.594106 0.897354
vt 0.593768 0.897692
vt 0.593692 0.897354
vt 0.907863 0.818076
vt 0.908204 0.817683
vt 0.908277 0.817935
vt 0.907867 0.817262
vt 0.907866 0.817702
vt 0.905425 0.818065
vt 0.905089 0.817669
vt 0.905428 0.817692
vt 0.830890 0.897354
vt 0.831229 0.897692
vt 0.830890 0.897768
vt 0.905430 0.817252
vt 0.905014 0.817346
vt 0.594106 0.886923
vt 0.593768 0.886584
vt 0.594106 0.886508
vt 0.946909 0.606929
vt 0.947303 0.607269
vt 0.947052 0.607342
vt 0.947722 0.606931
vt 0.947282 0.606932
vt 0.830890 0.886922
vt 0.831229 0.886584
vt 0.831305 0.886922
vt 0.947722 0.604493
vt 0.947303 0.604154
vt 0.947627 0.604077
vt 0.946909 0.604491
vt 0.947282 0.604494
vt 0.596544 0.897354
vt 0.596882 0.897692
vt 0.596544 0.897768
vt 0.946909 0.724135
vt 0.947303 0.724474
vt 0.947052 0.724549
vt 0.947722 0.724136
vt 0.947282 0.724136
vt 0.828452 0.897354
vt 0.828114 0.897692
vt 0.828038 0.897354
vt 0.947722 0.721698
vt 0.947303 0.721360
vt 0.947627 0.721283
vt 0.946909 0.721697
vt 0.947282 0.721699
vt 0.596544 0.886923
vt 0.596882 0.886584
vt 0.596958 0.886922
vt 0.294182 0.942968
vt 0.294525 0.942574
vt 0.294597 0.942829
vt 0.294189 0.942152
vt 0.294187 0.942591
vt 0.828452 0.886922
vt 0.828114 0.886584
vt 0.828452 0.886508
vt 0.291752 0.942135
vt 0.291410 0.942552
vt 0.291335 0.942230
vt 0.291745 0.942951
vt 0.291750 0.942574
vt 0.905425 0.028742
vt 0.905087 0.029080
vt 0.905011 0.028742
vt 0.059809 0.943038
vt 0.060150 0.942645
vt 0.060223 0.942897
vt 0.059813 0.942224
vt 0.059812 0.942664
vt 0.057371 0.943027
vt 0.057035 0.942631
vt 0.057374 0.942653
vt 0.635601 0.897354
vt 0.635940 0.897693
vt 0.635602 0.897768
vt 0.057375 0.942214
vt 0.056960 0.942308
vt 0.905425 0.018310
vt 0.905087 0.017971
vt 0.905425 0.017895
vt 0.946909 0.411568
vt 0.947303 0.411908
vt 0.947052 0.411981
vt 0.947722 0.411570
vt 0.947282 0.411571
vt 0.635601 0.886922
vt 0.635940 0.886584
vt 0.636016 0.886922
vt 0.947722 0.409132
vt 0.947303 0.408793
vt 0.947627 0.408716
vt 0.946909 0.409130
vt 0.947282 0.409133
vt 0.907863 0.028742
vt 0.908201 0.029080
vt 0.907863 0.029156
vt 0.946909 0.763202
vt 0.947303 0.763541
vt 0.947052 0.763615
vt 0.947722 0.763203
vt 0.947282 0.763203
vt 0.633163 0.897354
vt 0.632825 0.897693
vt 0.632749 0.897354
vt 0.947722 0.760765
vt 0.947303 0.760426
vt 0.947627 0.760350
vt 0.946909 0.760764
vt 0.947282 0.760765
vt 0.907863 0.018310
vt 0.908201 0.017971
vt 0.908277 0.018310
vt 0.333245 0.942968
vt 0.333587 0.942574
vt 0.333659 0.942829
vt 0.333252 0.942152
vt 0.333250 0.942591
vt 0.633163 0.886922
vt 0.632825 0.886584
vt 0.633164 0.886508
vt 0.330814 0.942135
vt 0.330473 0.942552
vt 0.330398 0.942230
vt 0.330807 0.942951
vt 0.330812 0.942574
vt 0.359760 0.897354
vt 0.359422 0.897692
vt 0.359345 0.897354
vt 0.907863 0.863345
vt 0.908204 0.862952
vt 0.908277 0.863204
vt 0.907867 0.862531
vt 0.907866 0.862971
vt 0.905425 0.863334
vt 0.905089 0.862939
vt 0.905428 0.862961
vt 0.401255 0.897354
vt 0.401594 0.897692
vt 0.401255 0.897768
vt 0.905430 0.862521
vt 0.905014 0.862615
vt 0.359760 0.886923
vt 0.359422 0.886584
vt 0.359760 0.886508
vt 0.946909 0.646001
vt 0.947303 0.646341
vt 0.947052 0.646414
vt 0.947722 0.646003
vt 0.947282 0.646004
vt 0.401255 0.886922
vt 0.401594 0.886584
vt 0.401670 0.886922
vt 0.947722 0.643565
vt 0.947303 0.643227
vt 0.947627 0.643149
vt 0.946909 0.643563
vt 0.947282 0.643566
vt 0.362197 0.897354
vt 0.362536 0.897692
vt 0.362198 0.897768
vt 0.946909 0.802269
vt 0.947303 0.802608
vt 0.947052 0.802682
vt 0.947722 0.802270
vt 0.947282 0.802270
vt 0.398817 0.897354
vt 0.398479 0.897692
vt 0.398403 0.897354
vt 0.947722 0.799832
vt 0.947303 0.799493
vt 0.947627 0.799416
vt 0.946909 0.799831
vt 0.947282 0.799832
vt 0.362197 0.886923
vt 0.362536 0.886584
vt 0.362612 0.886922
vt 0.176994 0.942968
vt 0.177337 0.942574
vt 0.177409 0.942829
vt 0.177002 0.942152
vt 0.177000 0.942591
vt 0.398817 0.886922
vt 0.398479 0.886584
vt 0.398817 0.886508
vt 0.174564 0.942135
vt 0.174223 0.942552
vt 0.174147 0.942230
vt 0.174557 0.942951
vt 0.174562 0.942574
vt 0.767072 0.286310
vt 0.767186 0.285888
vt 0.767466 0.286058
vt 0.768459 0.635329
vt 0.768101 0.635744
vt 0.767954 0.635332
vt 0.768624 0.635740
vt 0.768895 0.635325
vt 0.762581 0.232913
vt 0.762468 0.232491
vt 0.762796 0.232499
vt 0.768459 0.615874
vt 0.768624 0.615456
vt 0.768895 0.615870
vt 0.768101 0.615460
vt 0.767954 0.615876
vt 0.770962 0.288556
vt 0.771271 0.288247
vt 0.771428 0.288534
vt 0.759333 0.579221
vt 0.759123 0.579632
vt 0.758848 0.579217
vt 0.759691 0.579635
vt 0.759872 0.579223
vt 0.758692 0.235159
vt 0.758383 0.234850
vt 0.758671 0.234693
vt 0.759333 0.559765
vt 0.759691 0.559350
vt 0.759872 0.559767
vt 0.759123 0.559347
vt 0.758848 0.559761
vt 0.773207 0.292445
vt 0.773630 0.292332
vt 0.773622 0.292660
vt 0.764016 0.579230
vt 0.763688 0.579643
vt 0.763446 0.579230
vt 0.764315 0.579642
vt 0.764575 0.579229
vt 0.756446 0.239048
vt 0.756024 0.238935
vt 0.756195 0.238655
vt 0.764016 0.559774
vt 0.764315 0.559357
vt 0.764575 0.559773
vt 0.763688 0.559358
vt 0.763446 0.559774
vt 0.773207 0.296936
vt 0.773630 0.297049
vt 0.773459 0.297329
vt 0.768496 0.579212
vt 0.768139 0.579627
vt 0.767995 0.579215
vt 0.768656 0.579623
vt 0.768926 0.579208
vt 0.756446 0.243540
vt 0.756024 0.243653
vt 0.756032 0.243325
vt 0.768496 0.559757
vt 0.768656 0.559339
vt 0.768926 0.559752
vt 0.768139 0.559343
vt 0.767995 0.559759
vt 0.770962 0.300826
vt 0.771271 0.301135
vt 0.770984 0.301292
vt 0.021154 0.801117
vt 0.020948 0.801530
vt 0.020674 0.801115
vt 0.021512 0.801532
vt 0.021689 0.801119
vt 0.758692 0.247429
vt 0.758383 0.247738
vt 0.758226 0.247451
vt 0.021154 0.781661
vt 0.021512 0.781246
vt 0.021689 0.781662
vt 0.020948 0.781245
vt 0.020674 0.781659
vt 0.767072 0.303072
vt 0.767186 0.303494
vt 0.766858 0.303486
vt 0.025821 0.801124
vt 0.025496 0.801537
vt 0.025252 0.801124
vt 0.026123 0.801537
vt 0.026382 0.801123
vt 0.762581 0.249675
vt 0.762468 0.250097
vt 0.762188 0.249926
vt 0.025821 0.781667
vt 0.026123 0.781252
vt 0.026382 0.781667
vt 0.025496 0.781252
vt 0.025252 0.781667
vt 0.762581 0.303072
vt 0.762469 0.303494
vt 0.762188 0.303323
vt 0.030328 0.801113
vt 0.029971 0.801528
vt 0.029823 0.801115
vt 0.030494 0.801526
vt 0.030764 0.801111
vt 0.767072 0.249675
vt 0.767186 0.250097
vt 0.766858 0.250089
vt 0.030328 0.781657
vt 0.030494 0.781240
vt 0.030764 0.781654
vt 0.029971 0.781243
vt 0.029823 0.781659
vt 0.758692 0.300826
vt 0.758383 0.301135
vt 0.758226 0.300847
vt 0.759294 0.691441
vt 0.759087 0.691853
vt 0.758813 0.691439
vt 0.759652 0.691855
vt 0.759830 0.691442
vt 0.770962 0.247429
vt 0.771271 0.247738
vt 0.770984 0.247895
vt 0.759294 0.671984
vt 0.759652 0.671570
vt 0.759830 0.671986
vt 0.759087 0.671568
vt 0.758813 0.671982
vt 0.756446 0.296936
vt 0.756024 0.297049
vt 0.756032 0.296722
vt 0.763965 0.691447
vt 0.763639 0.691860
vt 0.763396 0.691447
vt 0.764267 0.691860
vt 0.764525 0.691446
vt 0.773207 0.243540
vt 0.773630 0.243653
vt 0.773459 0.243933
vt 0.763965 0.671991
vt 0.764267 0.671575
vt 0.764525 0.671990
vt 0.763639 0.671575
vt 0.763396 0.671990
vt 0.756446 0.292445
vt 0.756024 0.292332
vt 0.756195 0.292052
vt 0.768466 0.691436
vt 0.768109 0.691851
vt 0.767962 0.691438
vt 0.768631 0.691849
vt 0.768901 0.691434
vt 0.773207 0.239048
vt 0.773630 0.238935
vt 0.773622 0.239263
vt 0.768466 0.671980
vt 0.768631 0.671563
vt 0.768901 0.671977
vt 0.768109 0.671566
vt 0.767962 0.671982
vt 0.758692 0.288556
vt 0.758383 0.288247
vt 0.758671 0.288089
vt 0.759285 0.635336
vt 0.759079 0.635747
vt 0.758805 0.635333
vt 0.759643 0.635750
vt 0.759820 0.635338
vt 0.770962 0.235159
vt 0.771271 0.234850
vt 0.771428 0.235138
vt 0.759285 0.615880
vt 0.759643 0.615466
vt 0.759820 0.615882
vt 0.759079 0.615463
vt 0.758805 0.615877
vt 0.762581 0.286310
vt 0.762469 0.285888
vt 0.762796 0.285896
vt 0.763953 0.635346
vt 0.763628 0.635759
vt 0.763384 0.635346
vt 0.764255 0.635758
vt 0.764514 0.635345
vt 0.767072 0.232913
vt 0.767186 0.232491
vt 0.767466 0.232662
vt 0.763953 0.615890
vt 0.764255 0.615474
vt 0.764514 0.615889
vt 0.763628 0.615474
vt 0.763384 0.615890
vt 0.905425 0.547487
vt 0.905087 0.547825
vt 0.905011 0.547487
vt 0.910699 0.461505
vt 0.911040 0.461112
vt 0.911114 0.461364
vt 0.910704 0.460692
vt 0.910703 0.461131
vt 0.905425 0.461483
vt 0.905089 0.461088
vt 0.905428 0.461110
vt 0.909410 0.591315
vt 0.909749 0.591653
vt 0.909410 0.591729
vt 0.905430 0.460670
vt 0.905014 0.460764
vt 0.905425 0.540279
vt 0.905087 0.539940
vt 0.905425 0.539864
vt 0.565647 0.939272
vt 0.566041 0.939612
vt 0.565789 0.939685
vt 0.566460 0.939274
vt 0.566020 0.939274
vt 0.909410 0.584106
vt 0.909749 0.583768
vt 0.909825 0.584107
vt 0.566460 0.933999
vt 0.566041 0.933661
vt 0.566364 0.933583
vt 0.565647 0.933998
vt 0.566020 0.934000
vt 0.909410 0.547487
vt 0.909749 0.547825
vt 0.909410 0.547901
vt 0.605563 0.939263
vt 0.605957 0.939602
vt 0.605706 0.939677
vt 0.606376 0.939264
vt 0.605936 0.939265
vt 0.905425 0.591315
vt 0.905087 0.591653
vt 0.905011 0.591315
vt 0.606376 0.933990
vt 0.605957 0.933651
vt 0.606281 0.933574
vt 0.605563 0.933989
vt 0.605936 0.933990
vt 0.909410 0.540279
vt 0.909749 0.539940
vt 0.909824 0.540278
vt 0.910699 0.504073
vt 0.911041 0.503679
vt 0.911113 0.503935
vt 0.910706 0.503258
vt 0.910704 0.503696
vt 0.905425 0.584106
vt 0.905087 0.583768
vt 0.905425 0.583692
vt 0.905432 0.503222
vt 0.905091 0.503639
vt 0.905015 0.503317
vt 0.905425 0.504038
vt 0.905430 0.503661
vt 0.813176 0.538261
vt 0.813514 0.538599
vt 0.813176 0.538675
vt 0.882082 0.937153
vt 0.882422 0.936760
vt 0.882496 0.937012
vt 0.882086 0.936339
vt 0.882085 0.936779
vt 0.879644 0.937144
vt 0.879308 0.936748
vt 0.879647 0.936770
vt 0.809836 0.595626
vt 0.809497 0.595965
vt 0.809421 0.595626
vt 0.879648 0.936331
vt 0.879232 0.936425
vt 0.809836 0.538261
vt 0.809497 0.538599
vt 0.809421 0.538260
vt 0.862014 0.128278
vt 0.862357 0.127886
vt 0.862428 0.128138
vt 0.862021 0.127465
vt 0.862019 0.127905
vt 0.813176 0.595626
vt 0.813514 0.595965
vt 0.813176 0.596041
vt 0.859584 0.127448
vt 0.859242 0.127864
vt 0.859167 0.127540
vt 0.859576 0.128261
vt 0.859581 0.127888
vt 0.813176 0.517515
vt 0.813514 0.517176
vt 0.813590 0.517514
vt 0.862014 0.182148
vt 0.862355 0.181755
vt 0.862428 0.182007
vt 0.862019 0.181335
vt 0.862017 0.181775
vt 0.809836 0.574880
vt 0.809497 0.574542
vt 0.809835 0.574466
vt 0.859581 0.181324
vt 0.859240 0.181742
vt 0.859165 0.181418
vt 0.859576 0.182137
vt 0.859580 0.181764
vt 0.809836 0.517515
vt 0.809497 0.517176
vt 0.809835 0.517100
vt 0.949762 0.021472
vt 0.950104 0.021077
vt 0.950176 0.021333
vt 0.949768 0.020656
vt 0.949767 0.021094
vt 0.813176 0.574880
vt 0.813514 0.574542
vt 0.813590 0.574880
vt 0.947330 0.020642
vt 0.946989 0.021059
vt 0.946914 0.020737
vt 0.947324 0.021457
vt 0.947329 0.021080
vt 0.723144 0.933921
vt 0.722783 0.934400
vt 0.722643 0.934160
vt 0.723076 0.934900
vt 0.723105 0.934376
vt 0.722190 0.934481
vt 0.722606 0.934670
vt 0.762991 0.933921
vt 0.763351 0.934400
vt 0.763029 0.934376
vt 0.763946 0.934481
vt 0.763492 0.934160
vt 0.763057 0.934900
vt 0.763528 0.934670
vt 0.721900 0.935568
vt 0.722262 0.935091
vt 0.722327 0.935407
vt 0.722178 0.934497
vt 0.721993 0.935021
vt 0.722822 0.935236
vt 0.722473 0.934846
vt 0.764236 0.935568
vt 0.763872 0.935091
vt 0.764142 0.935021
vt 0.763311 0.935236
vt 0.763807 0.935407
vt 0.763957 0.934497
vt 0.763661 0.934846
vt 0.722463 0.936542
vt 0.722381 0.935948
vt 0.722651 0.936125
vt 0.721902 0.935588
vt 0.722142 0.936089
vt 0.722880 0.935654
vt 0.722357 0.935626
vt 0.763672 0.936542
vt 0.763753 0.935948
vt 0.763993 0.936089
vt 0.763252 0.935654
vt 0.763483 0.936125
vt 0.764233 0.935588
vt 0.763776 0.935626
vt 0.723550 0.936832
vt 0.723072 0.936469
vt 0.723388 0.936404
vt 0.722479 0.936554
vt 0.723002 0.936739
vt 0.723217 0.935908
vt 0.722827 0.936258
vt 0.762585 0.936832
vt 0.763062 0.936469
vt 0.763133 0.936739
vt 0.762916 0.935908
vt 0.762746 0.936404
vt 0.763656 0.936554
vt 0.763307 0.936258
vt 0.724524 0.936268
vt 0.723929 0.936350
vt 0.724106 0.936080
vt 0.723570 0.936829
vt 0.724071 0.936590
vt 0.723635 0.935850
vt 0.723607 0.936373
vt 0.761611 0.936268
vt 0.762205 0.936350
vt 0.762064 0.936590
vt 0.762498 0.935850
vt 0.762027 0.936080
vt 0.762566 0.936829
vt 0.762527 0.936374
vt 0.724814 0.935182
vt 0.724451 0.935659
vt 0.724385 0.935343
vt 0.724536 0.936253
vt 0.724721 0.935729
vt 0.723889 0.935513
vt 0.724239 0.935904
vt 0.761321 0.935181
vt 0.761683 0.935659
vt 0.761415 0.935729
vt 0.762244 0.935513
vt 0.761749 0.935343
vt 0.761600 0.936253
vt 0.761894 0.935904
vt 0.724250 0.934208
vt 0.724331 0.934802
vt 0.724061 0.934624
vt 0.724811 0.935162
vt 0.724571 0.934661
vt 0.723831 0.935096
vt 0.724355 0.935124
vt 0.761885 0.934208
vt 0.761803 0.934802
vt 0.761564 0.934661
vt 0.762302 0.935096
vt 0.762073 0.934624
vt 0.761324 0.935162
vt 0.761779 0.935124
vt 0.723163 0.933918
vt 0.723640 0.934280
vt 0.723324 0.934346
vt 0.724235 0.934196
vt 0.723711 0.934011
vt 0.723494 0.934841
vt 0.723885 0.934491
vt 0.762972 0.933918
vt 0.762494 0.934280
vt 0.762424 0.934011
vt 0.762639 0.934842
vt 0.762810 0.934346
vt 0.761901 0.934196
vt 0.762249 0.934491
vt 0.801987 0.933920
vt 0.801627 0.934400
vt 0.801486 0.934160
vt 0.801920 0.934900
vt 0.801949 0.934376
vt 0.801033 0.934481
vt 0.801449 0.934670
vt 0.841835 0.933921
vt 0.842194 0.934400
vt 0.841872 0.934376
vt 0.842789 0.934481
vt 0.842336 0.934160
vt 0.841900 0.934900
vt 0.842372 0.934670
vt 0.800743 0.935568
vt 0.801105 0.935091
vt 0.801171 0.935407
vt 0.801021 0.934497
vt 0.800836 0.935021
vt 0.801666 0.935236
vt 0.801316 0.934846
vt 0.843079 0.935568
vt 0.842716 0.935091
vt 0.842986 0.935021
vt 0.842154 0.935236
vt 0.842651 0.935407
vt 0.842801 0.934497
vt 0.842505 0.934846
vt 0.801307 0.936542
vt 0.801225 0.935948
vt 0.801495 0.936125
vt 0.800746 0.935588
vt 0.800985 0.936089
vt 0.801724 0.935654
vt 0.801201 0.935626
vt 0.842516 0.936542
vt 0.842596 0.935948
vt 0.842837 0.936089
vt 0.842096 0.935654
vt 0.842326 0.936125
vt 0.843076 0.935588
vt 0.842620 0.935626
vt 0.802394 0.936832
vt 0.801916 0.936469
vt 0.802232 0.936404
vt 0.801322 0.936554
vt 0.801846 0.936739
vt 0.802061 0.935908
vt 0.801671 0.936258
vt 0.841429 0.936832
vt 0.841906 0.936469
vt 0.841976 0.936739
vt 0.841759 0.935908
vt 0.841589 0.936404
vt 0.842500 0.936554
vt 0.842150 0.936258
vt 0.803367 0.936268
vt 0.802773 0.936350
vt 0.802950 0.936080
vt 0.802413 0.936829
vt 0.802914 0.936590
vt 0.802478 0.935850
vt 0.802450 0.936373
vt 0.840455 0.936268
vt 0.841049 0.936350
vt 0.840908 0.936590
vt 0.841342 0.935850
vt 0.840871 0.936080
vt 0.841409 0.936829
vt 0.841371 0.936374
vt 0.803657 0.935181
vt 0.803294 0.935659
vt 0.803229 0.935343
vt 0.803379 0.936253
vt 0.803564 0.935729
vt 0.802733 0.935513
vt 0.803083 0.935904
vt 0.840165 0.935181
vt 0.840527 0.935659
vt 0.840258 0.935729
vt 0.841088 0.935513
vt 0.840592 0.935343
vt 0.840443 0.936253
vt 0.840738 0.935904
vt 0.803094 0.934208
vt 0.803175 0.934802
vt 0.802905 0.934624
vt 0.803655 0.935162
vt 0.803415 0.934661
vt 0.802674 0.935095
vt 0.803198 0.935124
vt 0.840729 0.934208
vt 0.840647 0.934802
vt 0.840407 0.934661
vt 0.841146 0.935096
vt 0.840916 0.934624
vt 0.840168 0.935162
vt 0.840623 0.935124
vt 0.802007 0.933918
vt 0.802484 0.934280
vt 0.802167 0.934346
vt 0.803078 0.934196
vt 0.802554 0.934011
vt 0.802338 0.934841
vt 0.802728 0.934491
vt 0.841815 0.933918
vt 0.841337 0.934280
vt 0.841268 0.934011
vt 0.841482 0.934842
vt 0.841654 0.934346
vt 0.840744 0.934196
vt 0.841093 0.934491
vt 0.484027 0.796585
vt 0.484365 0.796923
vt 0.484027 0.796999
vt 0.867429 0.796720
vt 0.867770 0.796327
vt 0.867843 0.796579
vt 0.867433 0.795907
vt 0.867432 0.796346
vt 0.859576 0.796686
vt 0.859240 0.796290
vt 0.859579 0.796313
vt 0.520647 0.796585
vt 0.520308 0.796924
vt 0.520232 0.796585
vt 0.859581 0.795873
vt 0.859165 0.795967
vt 0.472306 0.796585
vt 0.471968 0.796923
vt 0.471892 0.796585
vt 0.492093 0.850618
vt 0.492436 0.850227
vt 0.492508 0.850479
vt 0.492101 0.849806
vt 0.492099 0.850245
vt 0.532368 0.796585
vt 0.532706 0.796924
vt 0.532368 0.796999
vt 0.484248 0.849752
vt 0.483907 0.850168
vt 0.483832 0.849844
vt 0.484241 0.850565
vt 0.484246 0.850192
vt 0.484027 0.781641
vt 0.484365 0.781302
vt 0.484442 0.781641
vt 0.536571 0.850604
vt 0.536912 0.850212
vt 0.536985 0.850463
vt 0.536576 0.849792
vt 0.536574 0.850232
vt 0.520647 0.781640
vt 0.520308 0.781302
vt 0.520647 0.781226
vt 0.528723 0.849758
vt 0.528383 0.850175
vt 0.528307 0.849852
vt 0.528718 0.850571
vt 0.528722 0.850198
vt 0.472306 0.781641
vt 0.471968 0.781302
vt 0.472306 0.781226
vt 0.867429 0.843018
vt 0.867771 0.842624
vt 0.867843 0.842880
vt 0.867436 0.842202
vt 0.867434 0.842641
vt 0.532368 0.781640
vt 0.532706 0.781303
vt 0.532782 0.781641
vt 0.859584 0.842147
vt 0.859242 0.842564
vt 0.859167 0.842242
vt 0.859576 0.842963
vt 0.859581 0.842586
vt 0.490771 0.941827
vt 0.491109 0.942165
vt 0.490770 0.942241
vt 0.058348 0.981348
vt 0.058689 0.980955
vt 0.058762 0.981207
vt 0.058352 0.980535
vt 0.058351 0.980974
vt 0.056942 0.981344
vt 0.056605 0.980948
vt 0.056944 0.980970
vt 0.527390 0.941827
vt 0.527052 0.942165
vt 0.526976 0.941827
vt 0.056945 0.980530
vt 0.056530 0.980625
vt 0.488719 0.941827
vt 0.488381 0.942165
vt 0.488305 0.941827
vt 0.647303 0.940910
vt 0.647645 0.940518
vt 0.647717 0.940770
vt 0.647310 0.940097
vt 0.647308 0.940537
vt 0.529441 0.941827
vt 0.529779 0.942165
vt 0.529441 0.942241
vt 0.645903 0.940088
vt 0.645562 0.940505
vt 0.645487 0.940181
vt 0.645896 0.940901
vt 0.645901 0.940528
vt 0.490771 0.933974
vt 0.491109 0.933635
vt 0.491185 0.933974
vt 0.685334 0.940910
vt 0.685675 0.940517
vt 0.685748 0.940769
vt 0.685338 0.940097
vt 0.685337 0.940537
vt 0.527390 0.933974
vt 0.527052 0.933636
vt 0.527390 0.933559
vt 0.683932 0.940091
vt 0.683592 0.940509
vt 0.683516 0.940185
vt 0.683927 0.940904
vt 0.683931 0.940531
vt 0.488719 0.933974
vt 0.488381 0.933635
vt 0.488719 0.933559
vt 0.096377 0.981337
vt 0.096719 0.980943
vt 0.096791 0.981198
vt 0.096383 0.980522
vt 0.096381 0.980960
vt 0.529441 0.933974
vt 0.529779 0.933636
vt 0.529856 0.933974
vt 0.094976 0.980515
vt 0.094636 0.980932
vt 0.094560 0.980610
vt 0.094970 0.981330
vt 0.094975 0.980953
vt 0.151655 0.887610
vt 0.151255 0.888056
vt 0.151135 0.887805
vt 0.151504 0.888579
vt 0.151578 0.888060
vt 0.150657 0.888087
vt 0.151055 0.888310
vt 0.281496 0.887610
vt 0.281895 0.888057
vt 0.281572 0.888061
vt 0.282495 0.888087
vt 0.282016 0.887806
vt 0.281645 0.888580
vt 0.282095 0.888311
vt 0.149714 0.889768
vt 0.150115 0.889323
vt 0.150153 0.889644
vt 0.150082 0.888725
vt 0.149853 0.889231
vt 0.150661 0.889517
vt 0.150346 0.889098
vt 0.283438 0.889769
vt 0.283035 0.889324
vt 0.283298 0.889231
vt 0.282488 0.889517
vt 0.282997 0.889645
vt 0.283069 0.888725
vt 0.282804 0.889099
vt 0.150236 0.891624
vt 0.150205 0.891025
vt 0.150459 0.891225
vt 0.149759 0.890626
vt 0.149955 0.891145
vt 0.150728 0.890775
vt 0.150209 0.890702
vt 0.282915 0.891625
vt 0.282945 0.891026
vt 0.283197 0.891146
vt 0.282421 0.890776
vt 0.282691 0.891226
vt 0.283392 0.890626
vt 0.282941 0.890703
vt 0.151918 0.892567
vt 0.151472 0.892165
vt 0.151793 0.892127
vt 0.150874 0.892198
vt 0.151380 0.892428
vt 0.151665 0.891618
vt 0.151247 0.891934
vt 0.281234 0.892568
vt 0.281678 0.892166
vt 0.281771 0.892428
vt 0.281484 0.891619
vt 0.281357 0.892128
vt 0.282277 0.892199
vt 0.281903 0.891935
vt 0.153774 0.892045
vt 0.153174 0.892075
vt 0.153374 0.891821
vt 0.152775 0.892522
vt 0.153295 0.892326
vt 0.152924 0.891552
vt 0.152851 0.892071
vt 0.279378 0.892045
vt 0.279976 0.892076
vt 0.279856 0.892327
vt 0.280225 0.891553
vt 0.279776 0.891822
vt 0.280376 0.892522
vt 0.280299 0.892072
vt 0.154717 0.890363
vt 0.154314 0.890808
vt 0.154276 0.890487
vt 0.154348 0.891406
vt 0.154577 0.890901
vt 0.153767 0.890614
vt 0.154083 0.891033
vt 0.278435 0.890364
vt 0.278836 0.890809
vt 0.278574 0.890901
vt 0.279382 0.890615
vt 0.278874 0.890488
vt 0.278804 0.891407
vt 0.279067 0.891034
vt 0.154194 0.888507
vt 0.154224 0.889106
vt 0.153970 0.888906
vt 0.154671 0.889506
vt 0.154475 0.888986
vt 0.153700 0.889356
vt 0.154220 0.889429
vt 0.278957 0.888508
vt 0.278926 0.889107
vt 0.278676 0.888987
vt 0.279449 0.889357
vt 0.279180 0.888907
vt 0.278480 0.889506
vt 0.278930 0.889430
vt 0.152512 0.887564
vt 0.152957 0.887966
vt 0.152636 0.888004
vt 0.153556 0.887933
vt 0.153050 0.887704
vt 0.152763 0.888513
vt 0.153182 0.888197
vt 0.280639 0.887565
vt 0.280194 0.887967
vt 0.280101 0.887704
vt 0.280386 0.888514
vt 0.280514 0.888005
vt 0.279595 0.887934
vt 0.279968 0.888198
vt 0.194562 0.887610
vt 0.194162 0.888056
vt 0.194042 0.887805
vt 0.194411 0.888579
vt 0.194485 0.888060
vt 0.193564 0.888087
vt 0.193962 0.888310
vt 0.238589 0.887610
vt 0.238988 0.888057
vt 0.238665 0.888061
vt 0.239588 0.888087
vt 0.239109 0.887806
vt 0.238738 0.888580
vt 0.239188 0.888311
vt 0.192621 0.889768
vt 0.193022 0.889323
vt 0.193060 0.889644
vt 0.192990 0.888725
vt 0.192760 0.889231
vt 0.193568 0.889517
vt 0.193253 0.889098
vt 0.240531 0.889769
vt 0.240128 0.889324
vt 0.240391 0.889231
vt 0.239581 0.889518
vt 0.240090 0.889645
vt 0.240162 0.888726
vt 0.239897 0.889099
vt 0.193143 0.891624
vt 0.193112 0.891025
vt 0.193366 0.891225
vt 0.192666 0.890626
vt 0.192862 0.891145
vt 0.193635 0.890775
vt 0.193116 0.890702
vt 0.240008 0.891625
vt 0.240038 0.891026
vt 0.240290 0.891146
vt 0.239514 0.890776
vt 0.239784 0.891226
vt 0.240485 0.890626
vt 0.240034 0.890703
vt 0.194825 0.892567
vt 0.194379 0.892165
vt 0.194700 0.892127
vt 0.193781 0.892198
vt 0.194287 0.892427
vt 0.194572 0.891618
vt 0.194154 0.891934
vt 0.238327 0.892568
vt 0.238771 0.892166
vt 0.238864 0.892428
vt 0.238577 0.891619
vt 0.238450 0.892128
vt 0.239370 0.892199
vt 0.238996 0.891935
vt 0.196681 0.892045
vt 0.196081 0.892075
vt 0.196281 0.891821
vt 0.195682 0.892522
vt 0.196202 0.892326
vt 0.195831 0.891552
vt 0.195758 0.892071
vt 0.236471 0.892045
vt 0.237069 0.892076
vt 0.236949 0.892327
vt 0.237318 0.891553
vt 0.236869 0.891822
vt 0.237469 0.892522
vt 0.237392 0.892072
vt 0.197624 0.890363
vt 0.197221 0.890808
vt 0.197183 0.890487
vt 0.197255 0.891406
vt 0.197484 0.890901
vt 0.196674 0.890614
vt 0.196990 0.891033
vt 0.235528 0.890364
vt 0.235929 0.890809
vt 0.235667 0.890901
vt 0.236475 0.890615
vt 0.235967 0.890488
vt 0.235897 0.891407
vt 0.236160 0.891034
vt 0.197101 0.888507
vt 0.197131 0.889106
vt 0.196877 0.888906
vt 0.197578 0.889506
vt 0.197382 0.888986
vt 0.196607 0.889356
vt 0.197127 0.889429
vt 0.236050 0.888508
vt 0.236019 0.889107
vt 0.235769 0.888987
vt 0.236542 0.889357
vt 0.236273 0.888907
vt 0.235573 0.889506
vt 0.236023 0.889430
vt 0.195420 0.887564
vt 0.195864 0.887966
vt 0.195543 0.888004
vt 0.196463 0.887933
vt 0.195957 0.887704
vt 0.195670 0.888513
vt 0.196089 0.888197
vt 0.237732 0.887565
vt 0.237286 0.887967
vt 0.237194 0.887704
vt 0.237479 0.888514
vt 0.237607 0.888005
vt 0.236688 0.887934
vt 0.237061 0.888198
vt 0.346539 0.376872
vt 0.345982 0.377037
vt 0.346092 0.376385
vt 0.346973 0.377405
vt 0.346338 0.377215
vt 0.345910 0.377721
vt 0.346448 0.377585
vt 0.352319 0.356009
vt 0.353031 0.355617
vt 0.352852 0.356216
vt 0.605943 0.199384
vt 0.606554 0.199496
vt 0.606086 0.199789
vt 0.605799 0.198853
vt 0.606483 0.198781
vt 0.606564 0.197785
vt 0.605945 0.198244
vt 0.606091 0.197634
vt 0.353371 0.356468
vt 0.353755 0.356305
vt 0.605957 0.173014
vt 0.606564 0.173203
vt 0.606091 0.173593
vt 0.319265 0.553416
vt 0.318709 0.553461
vt 0.319134 0.552984
vt 0.318521 0.554102
vt 0.319127 0.553953
vt 0.318992 0.554564
vt 0.318177 0.553646
vt 0.352309 0.399324
vt 0.353033 0.399816
vt 0.352088 0.399698
vt 0.353373 0.399008
vt 0.352848 0.399188
vt 0.319149 0.578988
vt 0.318524 0.578487
vt 0.318994 0.578401
vt 0.319305 0.579522
vt 0.318605 0.579424
vt 0.606138 0.135946
vt 0.605509 0.136494
vt 0.605668 0.135969
vt 0.605684 0.112572
vt 0.606289 0.112645
vt 0.605816 0.113192
vt 0.605549 0.111953
vt 0.606105 0.111971
vt 0.606288 0.111420
vt 0.605682 0.111374
vt 0.605813 0.110901
vt 0.606635 0.112047
vt 0.368757 0.567606
vt 0.369364 0.567314
vt 0.369225 0.567852
vt 0.329743 0.362707
vt 0.328932 0.362767
vt 0.329728 0.362265
vt 0.329111 0.363665
vt 0.329409 0.363171
vt 0.369357 0.566117
vt 0.368740 0.565814
vt 0.369210 0.565586
vt 0.369506 0.566719
vt 0.368822 0.566716
vt 0.592848 0.184079
vt 0.592238 0.184121
vt 0.592712 0.183605
vt 0.592983 0.184658
vt 0.592426 0.184674
vt 0.592238 0.185347
vt 0.592846 0.185278
vt 0.592710 0.185896
vt 0.591890 0.184746
vt 0.332230 0.567094
vt 0.332847 0.567386
vt 0.332378 0.567635
vt 0.332081 0.566501
vt 0.332768 0.566493
vt 0.332849 0.565596
vt 0.332226 0.565898
vt 0.332374 0.565370
vt 0.254233 0.391768
vt 0.254053 0.392666
vt 0.253822 0.391695
vt 0.254865 0.392726
vt 0.254531 0.392262
vt 0.592520 0.125472
vt 0.591898 0.125010
vt 0.592376 0.124861
vt 0.592662 0.126081
vt 0.591975 0.126006
vt 0.591890 0.126721
vt 0.592510 0.126612
vt 0.592357 0.127017
vt 0.277441 0.399424
vt 0.278153 0.399816
vt 0.277212 0.399802
vt 0.278493 0.398966
vt 0.277974 0.399217
vt 0.382429 0.553983
vt 0.383039 0.554123
vt 0.382568 0.554595
vt 0.382292 0.553443
vt 0.382849 0.553482
vt 0.591890 0.100434
vt 0.592500 0.100247
vt 0.592367 0.100826
vt 0.383388 0.553658
vt 0.383039 0.553120
vt 0.592764 0.209194
vt 0.592138 0.208642
vt 0.592612 0.208668
vt 0.382465 0.579574
vt 0.383166 0.579467
vt 0.382627 0.579999
vt 0.383236 0.578531
vt 0.382611 0.579042
vt 0.382760 0.578453
vt 0.278494 0.356425
vt 0.278155 0.355617
vt 0.278883 0.356231
vt 0.277431 0.356110
vt 0.277969 0.356246
vt 0.272094 0.378028
vt 0.271460 0.378218
vt 0.271569 0.377849
vt 0.271104 0.378396
vt 0.271661 0.378562
vt 0.271213 0.379048
vt 0.271032 0.377713
vt 0.809821 0.641370
vt 0.809489 0.641611
vt 0.809421 0.641245
vt 0.024980 0.739332
vt 0.025412 0.739668
vt 0.025044 0.739744
vt 0.104995 0.739338
vt 0.104671 0.739673
vt 0.104602 0.739336
vt 0.108290 0.886927
vt 0.108154 0.886508
vt 0.108525 0.886565
vt 0.106631 0.704923
vt 0.106339 0.704582
vt 0.106669 0.704507
vt 0.023770 0.704919
vt 0.024178 0.704578
vt 0.024248 0.704917
vt 0.809821 0.634382
vt 0.809489 0.634140
vt 0.809815 0.633963
vt 0.111247 0.739338
vt 0.111722 0.739673
vt 0.111355 0.739750
vt 0.112156 0.739331
vt 0.111744 0.739336
vt 0.105719 0.890467
vt 0.105278 0.890467
vt 0.105447 0.890131
vt 0.111406 0.704917
vt 0.110958 0.704582
vt 0.111230 0.704503
vt 0.110497 0.704923
vt 0.110995 0.704922
vt 0.816467 0.632222
vt 0.816594 0.631832
vt 0.816863 0.632087
vt 0.647625 0.228677
vt 0.648097 0.229015
vt 0.647768 0.229090
vt 0.648574 0.228677
vt 0.648094 0.228678
vt 0.108290 0.894006
vt 0.108154 0.894426
vt 0.107887 0.894161
vt 0.648650 0.194266
vt 0.648175 0.193929
vt 0.648517 0.193852
vt 0.647702 0.194266
vt 0.648170 0.194267
vt 0.820575 0.637876
vt 0.820985 0.637875
vt 0.820825 0.638211
vt 0.700499 0.647442
vt 0.700921 0.647783
vt 0.700661 0.647856
vt 0.701391 0.647446
vt 0.700894 0.647445
vt 0.112451 0.892654
vt 0.112808 0.892913
vt 0.112474 0.893085
vt 0.702196 0.613038
vt 0.701742 0.612698
vt 0.702115 0.612623
vt 0.701304 0.613034
vt 0.701699 0.613037
vt 0.816467 0.643529
vt 0.816594 0.643919
vt 0.816225 0.643871
vt 0.707760 0.647446
vt 0.708104 0.647783
vt 0.707772 0.647859
vt 0.018361 0.739332
vt 0.017947 0.739668
vt 0.017895 0.739331
vt 0.112451 0.888279
vt 0.112808 0.888020
vt 0.112868 0.888391
vt 0.019677 0.704919
vt 0.019289 0.704578
vt 0.019657 0.704503
vt 0.706135 0.613038
vt 0.706447 0.612698
vt 0.706545 0.613037
vt 0.809821 0.689248
vt 0.809489 0.689489
vt 0.809421 0.689124
vt 0.068333 0.739332
vt 0.068765 0.739668
vt 0.068397 0.739744
vt 0.148340 0.739338
vt 0.148016 0.739673
vt 0.147947 0.739336
vt 0.064909 0.886927
vt 0.064773 0.886508
vt 0.065144 0.886565
vt 0.149976 0.704923
vt 0.149684 0.704582
vt 0.150014 0.704507
vt 0.067123 0.704919
vt 0.067531 0.704578
vt 0.067601 0.704917
vt 0.809821 0.682260
vt 0.809489 0.682018
vt 0.809815 0.681841
vt 0.154592 0.739338
vt 0.155067 0.739673
vt 0.154700 0.739750
vt 0.155501 0.739331
vt 0.155089 0.739336
vt 0.062337 0.890467
vt 0.061897 0.890467
vt 0.062066 0.890131
vt 0.154751 0.704917
vt 0.154303 0.704582
vt 0.154575 0.704503
vt 0.153842 0.704923
vt 0.154340 0.704921
vt 0.816467 0.680100
vt 0.816594 0.679710
vt 0.816863 0.679965
vt 0.647625 0.299723
vt 0.648097 0.300062
vt 0.647768 0.300137
vt 0.648574 0.299723
vt 0.648094 0.299724
vt 0.064909 0.894006
vt 0.064773 0.894426
vt 0.064506 0.894161
vt 0.648650 0.265313
vt 0.648175 0.264975
vt 0.648517 0.264898
vt 0.647702 0.265313
vt 0.648170 0.265314
vt 0.820575 0.685754
vt 0.820984 0.685754
vt 0.820825 0.686089
vt 0.700499 0.576412
vt 0.700921 0.576753
vt 0.700661 0.576826
vt 0.701391 0.576416
vt 0.700893 0.576415
vt 0.069070 0.892654
vt 0.069427 0.892913
vt 0.069093 0.893085
vt 0.702196 0.542008
vt 0.701742 0.541668
vt 0.702115 0.541593
vt 0.701304 0.542004
vt 0.701698 0.542007
vt 0.816467 0.691407
vt 0.816594 0.691797
vt 0.816225 0.691749
vt 0.707760 0.576416
vt 0.708104 0.576753
vt 0.707772 0.576829
vt 0.061714 0.739332
vt 0.061300 0.739668
vt 0.061249 0.739331
vt 0.069070 0.888279
vt 0.069427 0.888020
vt 0.069487 0.888391
vt 0.063030 0.704919
vt 0.062642 0.704578
vt 0.063010 0.704503
vt 0.706135 0.542008
vt 0.706447 0.541668
vt 0.706545 0.542007
vt 0.270081 0.018238
vt 0.270198 0.017957
vt 0.270484 0.018156
vt 0.373699 0.275688
vt 0.373422 0.276103
vt 0.373200 0.275727
vt 0.325375 0.079935
vt 0.325193 0.079517
vt 0.325568 0.079560
vt 0.025432 0.888954
vt 0.025914 0.888721
vt 0.025925 0.889051
vt 0.026106 0.888629
vt 0.025662 0.888507
vt 0.025798 0.888167
vt 0.356387 0.213859
vt 0.356830 0.214200
vt 0.356331 0.214239
vt 0.288987 0.037144
vt 0.289268 0.037027
vt 0.289330 0.037370
vt 0.347807 0.079730
vt 0.347469 0.080142
vt 0.347280 0.079764
vt 0.348139 0.080145
vt 0.348361 0.079769
vt 0.023254 0.887013
vt 0.023430 0.886508
vt 0.023671 0.886733
vt 0.353419 0.018239
vt 0.353779 0.017898
vt 0.353973 0.018278
vt 0.353185 0.017895
vt 0.352892 0.018273
vt 0.288987 0.063880
vt 0.289268 0.063996
vt 0.289069 0.064283
vt 0.374101 0.079730
vt 0.373828 0.080145
vt 0.373606 0.079769
vt 0.325371 0.177935
vt 0.325194 0.177519
vt 0.325562 0.177560
vt 0.020342 0.887181
vt 0.020108 0.886700
vt 0.020438 0.886689
vt 0.020016 0.886509
vt 0.019895 0.886951
vt 0.019554 0.886816
vt 0.356385 0.017898
vt 0.356830 0.018239
vt 0.356335 0.018278
vt 0.270081 0.082786
vt 0.270198 0.083066
vt 0.269855 0.083128
vt 0.347554 0.177651
vt 0.347217 0.178064
vt 0.347030 0.177687
vt 0.347885 0.178066
vt 0.348108 0.177690
vt 0.018401 0.889359
vt 0.017895 0.889184
vt 0.018121 0.888943
vt 0.353620 0.116278
vt 0.353984 0.115938
vt 0.354174 0.116316
vt 0.353392 0.115936
vt 0.353096 0.116313
vt 0.243345 0.082786
vt 0.243229 0.083066
vt 0.242942 0.082867
vt 0.373942 0.177651
vt 0.373666 0.178066
vt 0.373443 0.177690
vt 0.374232 0.178064
vt 0.374357 0.177687
vt 0.018569 0.892272
vt 0.018087 0.892505
vt 0.018076 0.892175
vt 0.017895 0.892598
vt 0.018339 0.892719
vt 0.018203 0.893060
vt 0.356600 0.115938
vt 0.357043 0.116278
vt 0.356544 0.116316
vt 0.224439 0.063880
vt 0.224159 0.063996
vt 0.224097 0.063653
vt 0.040134 0.417334
vt 0.039797 0.417748
vt 0.039609 0.417370
vt 0.040466 0.417749
vt 0.040688 0.417373
vt 0.020747 0.894212
vt 0.020571 0.894718
vt 0.020330 0.894493
vt 0.046088 0.355959
vt 0.046451 0.355619
vt 0.046642 0.355998
vt 0.045859 0.355617
vt 0.045563 0.355995
vt 0.224439 0.037144
vt 0.224159 0.037027
vt 0.224358 0.036741
vt 0.066502 0.417334
vt 0.066226 0.417749
vt 0.066004 0.417373
vt 0.066791 0.417748
vt 0.066916 0.417370
vt 0.023660 0.894044
vt 0.023893 0.894526
vt 0.023563 0.894537
vt 0.023985 0.894719
vt 0.024106 0.894275
vt 0.024447 0.894412
vt 0.049065 0.355619
vt 0.049509 0.355959
vt 0.049011 0.355998
vt 0.243345 0.018238
vt 0.243229 0.017957
vt 0.243572 0.017895
vt 0.347315 0.275688
vt 0.346977 0.276100
vt 0.346791 0.275723
vt 0.347646 0.276103
vt 0.347869 0.275727
vt 0.025600 0.891866
vt 0.026106 0.892042
vt 0.025880 0.892283
vt 0.353408 0.214200
vt 0.353772 0.213859
vt 0.353961 0.214239
vt 0.353180 0.213857
vt 0.352883 0.214235
vt 0.412206 0.940582
vt 0.412544 0.940920
vt 0.412206 0.940996
vt 0.411950 0.745015
vt 0.412344 0.745354
vt 0.412092 0.745428
vt 0.412763 0.745016
vt 0.412324 0.745016
vt 0.411950 0.704930
vt 0.412344 0.704592
vt 0.412324 0.704931
vt 0.448826 0.940582
vt 0.448487 0.940920
vt 0.448411 0.940582
vt 0.412763 0.704931
vt 0.412668 0.704515
vt 0.408932 0.940582
vt 0.408594 0.940920
vt 0.408518 0.940582
vt 0.642426 0.650630
vt 0.642820 0.650970
vt 0.642568 0.651043
vt 0.643239 0.650632
vt 0.642799 0.650633
vt 0.452100 0.940582
vt 0.452438 0.940920
vt 0.452099 0.940996
vt 0.643239 0.610548
vt 0.642820 0.610210
vt 0.643143 0.610132
vt 0.642426 0.610546
vt 0.642799 0.610549
vt 0.412206 0.933974
vt 0.412544 0.933635
vt 0.412620 0.933974
vt 0.700499 0.058420
vt 0.700893 0.058759
vt 0.700642 0.058834
vt 0.701312 0.058421
vt 0.700872 0.058421
vt 0.448826 0.933973
vt 0.448487 0.933636
vt 0.448826 0.933559
vt 0.701312 0.018336
vt 0.700893 0.017997
vt 0.701217 0.017920
vt 0.700499 0.018335
vt 0.700872 0.018336
vt 0.408932 0.933974
vt 0.408594 0.933635
vt 0.408932 0.933559
vt 0.451270 0.745021
vt 0.451667 0.745361
vt 0.451411 0.745434
vt 0.452086 0.745023
vt 0.451647 0.745024
vt 0.452100 0.933973
vt 0.452438 0.933636
vt 0.452514 0.933974
vt 0.452086 0.704939
vt 0.451667 0.704600
vt 0.451988 0.704523
vt 0.451270 0.704937
vt 0.451647 0.704940
vt 0.642840 0.367912
vt 0.642502 0.368324
vt 0.642426 0.367985
vt 0.642841 0.368691
vt 0.642840 0.368360
vt 0.654670 0.505168
vt 0.654927 0.505627
vt 0.654624 0.505609
vt 0.642824 0.504287
vt 0.642593 0.503863
vt 0.642939 0.503938
vt 0.655005 0.436941
vt 0.655344 0.437144
vt 0.655006 0.437244
vt 0.642986 0.503497
vt 0.642540 0.503523
vt 0.809894 0.479128
vt 0.809821 0.478734
vt 0.810139 0.478852
vt 0.809421 0.478459
vt 0.809559 0.478883
vt 0.810240 0.478416
vt 0.809804 0.478379
vt 0.655005 0.405269
vt 0.655344 0.404858
vt 0.655420 0.405197
vt 0.810240 0.466981
vt 0.809821 0.466663
vt 0.810139 0.466639
vt 0.642872 0.473310
vt 0.642476 0.473091
vt 0.642822 0.473035
vt 0.655005 0.367903
vt 0.655344 0.368314
vt 0.655006 0.368351
vt 0.642871 0.574034
vt 0.642478 0.574245
vt 0.642426 0.574004
vt 0.810241 0.430511
vt 0.809821 0.430827
vt 0.809805 0.430549
vt 0.809892 0.418434
vt 0.809821 0.418834
vt 0.809559 0.418682
vt 0.810241 0.419150
vt 0.810139 0.418713
vt 0.809421 0.419106
vt 0.809805 0.419188
vt 0.655005 0.336231
vt 0.655344 0.336028
vt 0.655420 0.336303
vt 0.642826 0.543417
vt 0.642590 0.543845
vt 0.642426 0.543620
vt 0.642981 0.544212
vt 0.642936 0.543772
vt 0.642840 0.405260
vt 0.642502 0.404849
vt 0.642840 0.404812
vt 0.654700 0.542544
vt 0.654961 0.542084
vt 0.655053 0.542401
vt 0.642841 0.404482
vt 0.642426 0.404637
vt 0.102827 0.355627
vt 0.103239 0.355680
vt 0.224292 0.159686
vt 0.142078 0.355671
vt 0.047006 0.240166
vt 0.235142 0.125092
vt 0.028940 0.246241
vt 0.253207 0.119017
vt 0.017895 0.261775
vt 0.018091 0.280834
vt 0.178362 0.355627
vt 0.178775 0.355677
vt 0.282755 0.140025
vt 0.218031 0.355617
vt 0.029452 0.296138
vt 0.282950 0.159084
vt 0.047638 0.301842
vt 0.271906 0.174618
vt 0.076749 0.280233
vt 0.235653 0.174990
vt 0.076553 0.261174
vt 0.017895 0.204129
vt 0.017949 0.203717
vt 0.175135 0.024546
vt 0.017949 0.124868
vt 0.188111 0.042074
vt 0.072034 0.024546
vt 0.175646 0.081637
vt 0.030555 0.024918
vt 0.017895 0.042675
vt 0.110724 0.204132
vt 0.110774 0.203719
vt 0.134168 0.082009
vt 0.110724 0.124451
vt 0.018091 0.064481
vt 0.121192 0.064482
vt 0.031067 0.082009
vt 0.120996 0.042675
vt 0.051867 0.088561
vt 0.133656 0.024918
vt 0.072546 0.081637
vt 0.085205 0.063880
vt 0.410301 0.224897
vt 0.414199 0.225348
vt 0.410446 0.225311
vt 0.658525 0.019027
vt 0.653567 0.018321
vt 0.653567 0.017895
vt 0.414112 0.169381
vt 0.410446 0.168927
vt 0.414199 0.168965
vt 0.658525 0.077674
vt 0.662169 0.081109
vt 0.658341 0.078056
vt 0.419058 0.224952
vt 0.414112 0.224935
vt 0.662169 0.022463
vt 0.658341 0.019410
vt 0.419058 0.169397
vt 0.419070 0.168981
vt 0.653567 0.076967
vt 0.653567 0.076542
vt 0.424159 0.224943
vt 0.419070 0.225364
vt 0.664708 0.026780
vt 0.662502 0.022198
vt 0.424159 0.169388
vt 0.424093 0.168972
vt 0.648793 0.078056
vt 0.648609 0.077674
vt 0.428404 0.224911
vt 0.424093 0.225355
vt 0.664708 0.031866
vt 0.664294 0.026875
vt 0.428274 0.168941
vt 0.428404 0.169356
vt 0.644965 0.081109
vt 0.644632 0.080845
vt 0.176638 0.509530
vt 0.172312 0.509926
vt 0.172191 0.509512
vt 0.662502 0.036448
vt 0.664294 0.031772
vt 0.172191 0.453956
vt 0.176692 0.453558
vt 0.176638 0.453973
vt 0.642840 0.085521
vt 0.642426 0.085427
vt 0.181784 0.509533
vt 0.176692 0.509943
vt 0.658525 0.039619
vt 0.662169 0.036184
vt 0.181759 0.453561
vt 0.181784 0.453976
vt 0.642426 0.090513
vt 0.642840 0.090418
vt 0.186512 0.509934
vt 0.181759 0.509946
vt 0.653567 0.040751
vt 0.658341 0.039237
vt 0.186512 0.453548
vt 0.186609 0.453964
vt 0.644632 0.095095
vt 0.644965 0.094829
vt 0.414065 0.409379
vt 0.410447 0.409768
vt 0.410301 0.409354
vt 0.648609 0.039619
vt 0.653567 0.040326
vt 0.414065 0.353822
vt 0.410447 0.353383
vt 0.414154 0.353407
vt 0.648793 0.097882
vt 0.648609 0.098266
vt 0.419005 0.409803
vt 0.414154 0.409792
vt 0.644632 0.036448
vt 0.648793 0.039237
vt 0.419005 0.353417
vt 0.418991 0.353833
vt 0.653567 0.099397
vt 0.653567 0.098972
vt 0.418991 0.409389
vt 0.424038 0.409798
vt 0.642426 0.031866
vt 0.644964 0.036183
vt 0.424038 0.353412
vt 0.424102 0.353828
vt 0.658525 0.098266
vt 0.658341 0.097882
vt 0.428386 0.409364
vt 0.424102 0.409384
vt 0.642426 0.026780
vt 0.642840 0.031772
vt 0.428258 0.353393
vt 0.428386 0.353808
vt 0.662169 0.094829
vt 0.662502 0.095095
vt 0.076220 0.509539
vt 0.071893 0.509924
vt 0.071772 0.509511
vt 0.644964 0.022463
vt 0.642840 0.026875
vt 0.071772 0.453956
vt 0.076274 0.453568
vt 0.076220 0.453985
vt 0.664294 0.090418
vt 0.664708 0.090513
vt 0.081366 0.509544
vt 0.076274 0.509952
vt 0.648609 0.019027
vt 0.644632 0.022198
vt 0.081342 0.453573
vt 0.081366 0.453989
vt 0.664294 0.085521
vt 0.664708 0.085427
vt 0.086093 0.509937
vt 0.081342 0.509956
vt 0.648793 0.019410
vt 0.086093 0.453553
vt 0.086191 0.453969
vt 0.662502 0.080845
vt 0.414112 0.317163
vt 0.410446 0.317538
vt 0.410301 0.317125
vt 0.653567 0.135188
vt 0.658341 0.136703
vt 0.653567 0.135614
vt 0.410301 0.261571
vt 0.414199 0.261193
vt 0.414112 0.261609
vt 0.551357 0.636522
vt 0.548818 0.632205
vt 0.549150 0.631940
vt 0.419058 0.317179
vt 0.414199 0.317576
vt 0.658525 0.136320
vt 0.662169 0.139756
vt 0.419058 0.261625
vt 0.419070 0.261209
vt 0.545174 0.628769
vt 0.544989 0.629152
vt 0.424093 0.317583
vt 0.419070 0.317592
vt 0.664708 0.144073
vt 0.662502 0.139491
vt 0.424093 0.261200
vt 0.424159 0.261616
vt 0.540215 0.627637
vt 0.540215 0.628062
vt 0.428404 0.317138
vt 0.424159 0.317171
vt 0.664708 0.149159
vt 0.664294 0.144168
vt 0.428274 0.261168
vt 0.428404 0.261584
vt 0.535441 0.629152
vt 0.535257 0.628769
vt 0.226847 0.509530
vt 0.222521 0.509926
vt 0.222400 0.509512
vt 0.662169 0.153476
vt 0.664294 0.149065
vt 0.222400 0.453956
vt 0.226900 0.453558
vt 0.226847 0.453973
vt 0.531613 0.632205
vt 0.531281 0.631940
vt 0.231993 0.509533
vt 0.226900 0.509943
vt 0.662502 0.153741
vt 0.658341 0.156530
vt 0.231993 0.453976
vt 0.231968 0.453561
vt 0.529489 0.636617
vt 0.529074 0.636522
vt 0.236720 0.509934
vt 0.231968 0.509946
vt 0.653567 0.158044
vt 0.658525 0.156912
vt 0.236720 0.453548
vt 0.236818 0.453964
vt 0.529489 0.641513
vt 0.529074 0.641608
vt 0.021660 0.509536
vt 0.018042 0.509926
vt 0.017895 0.509512
vt 0.648609 0.156912
vt 0.653567 0.157619
vt 0.021660 0.453980
vt 0.018042 0.453540
vt 0.021749 0.453564
vt 0.531613 0.645925
vt 0.531281 0.646190
vt 0.026585 0.509547
vt 0.021749 0.509950
vt 0.644632 0.153741
vt 0.648793 0.156529
vt 0.026600 0.453575
vt 0.026585 0.453990
vt 0.535441 0.648978
vt 0.535257 0.649361
vt 0.031696 0.509542
vt 0.026600 0.509960
vt 0.642426 0.149159
vt 0.644965 0.153476
vt 0.031696 0.453985
vt 0.031633 0.453570
vt 0.540215 0.650068
vt 0.540215 0.650493
vt 0.035981 0.509522
vt 0.031633 0.509955
vt 0.642426 0.144073
vt 0.642840 0.149065
vt 0.035852 0.453550
vt 0.035981 0.453965
vt 0.544989 0.648978
vt 0.545174 0.649361
vt 0.126430 0.509539
vt 0.122102 0.509924
vt 0.121982 0.509511
vt 0.644632 0.139491
vt 0.642840 0.144168
vt 0.121982 0.453956
vt 0.126484 0.453568
vt 0.126430 0.453985
vt 0.548818 0.645925
vt 0.549150 0.646190
vt 0.131552 0.509956
vt 0.126484 0.509952
vt 0.648609 0.136320
vt 0.644965 0.139756
vt 0.131552 0.453573
vt 0.131576 0.453989
vt 0.551357 0.641608
vt 0.550942 0.641513
vt 0.136400 0.509524
vt 0.131576 0.509544
vt 0.648793 0.136703
vt 0.136303 0.453553
vt 0.136400 0.453969
vt 0.550942 0.636617
vt 0.485996 0.140288
vt 0.483091 0.140671
vt 0.482947 0.140257
vt 0.544116 0.715636
vt 0.546207 0.719023
vt 0.545875 0.719288
vt 0.485996 0.095047
vt 0.483091 0.094601
vt 0.486082 0.094631
vt 0.613663 0.707931
vt 0.610310 0.705787
vt 0.610495 0.705404
vt 0.489952 0.140301
vt 0.486082 0.140701
vt 0.544116 0.711583
vt 0.544531 0.715542
vt 0.489964 0.094644
vt 0.489952 0.095060
vt 0.606543 0.704503
vt 0.606543 0.704927
vt 0.494033 0.140294
vt 0.489964 0.140713
vt 0.545875 0.707932
vt 0.544531 0.711678
vt 0.494033 0.095053
vt 0.493967 0.094637
vt 0.602592 0.705404
vt 0.602776 0.705787
vt 0.497429 0.140268
vt 0.493967 0.140706
vt 0.549044 0.705405
vt 0.546207 0.708197
vt 0.497429 0.095027
vt 0.497299 0.094612
vt 0.599423 0.707932
vt 0.599755 0.708196
vt 0.595447 0.063567
vt 0.592011 0.063967
vt 0.591890 0.063553
vt 0.552995 0.704928
vt 0.549228 0.705788
vt 0.591890 0.018311
vt 0.595501 0.017909
vt 0.595447 0.018325
vt 0.598079 0.711677
vt 0.597665 0.711583
vt 0.599539 0.063983
vt 0.595501 0.063981
vt 0.552995 0.704503
vt 0.556762 0.705788
vt 0.599539 0.017912
vt 0.599564 0.018327
vt 0.598079 0.715541
vt 0.597665 0.715636
vt 0.603424 0.063560
vt 0.599564 0.063570
vt 0.556946 0.705405
vt 0.559783 0.708197
vt 0.603424 0.018317
vt 0.603326 0.017902
vt 0.599423 0.719288
vt 0.599755 0.719022
vt 0.541602 0.063553
vt 0.544702 0.063986
vt 0.541748 0.063967
vt 0.561874 0.711583
vt 0.560115 0.707932
vt 0.541602 0.018311
vt 0.544702 0.017915
vt 0.544613 0.018330
vt 0.602776 0.721431
vt 0.602592 0.721815
vt 0.544613 0.063572
vt 0.548568 0.063994
vt 0.561874 0.715636
vt 0.561460 0.711678
vt 0.548554 0.018339
vt 0.548568 0.017923
vt 0.606543 0.722717
vt 0.606543 0.722291
vt 0.552643 0.063577
vt 0.548554 0.063581
vt 0.560115 0.719288
vt 0.561460 0.715542
vt 0.552643 0.018334
vt 0.552579 0.017919
vt 0.610495 0.721815
vt 0.610310 0.721431
vt 0.556070 0.063561
vt 0.552579 0.063990
vt 0.556946 0.721815
vt 0.559783 0.719023
vt 0.555942 0.017903
vt 0.556070 0.018319
vt 0.613331 0.719022
vt 0.613663 0.719288
vt 0.419178 0.591407
vt 0.422791 0.591843
vt 0.419299 0.591820
vt 0.552995 0.722292
vt 0.556762 0.721432
vt 0.419178 0.546167
vt 0.422791 0.545773
vt 0.422737 0.546190
vt 0.615422 0.715636
vt 0.615008 0.715541
vt 0.426854 0.591434
vt 0.422737 0.591430
vt 0.552995 0.722717
vt 0.549228 0.721432
vt 0.426854 0.546193
vt 0.426830 0.545777
vt 0.615008 0.711677
vt 0.615422 0.711583
vt 0.430714 0.591418
vt 0.426830 0.591846
vt 0.549044 0.721815
vt 0.430616 0.545761
vt 0.430714 0.546177
vt 0.613331 0.708196
vt 0.482947 0.222160
vt 0.486082 0.222603
vt 0.483091 0.222574
vt 0.651213 0.715636
vt 0.653304 0.719023
vt 0.652971 0.719288
vt 0.485996 0.176950
vt 0.483091 0.176504
vt 0.486082 0.176534
vt 0.508325 0.715636
vt 0.506235 0.719023
vt 0.507911 0.715542
vt 0.485996 0.222191
vt 0.489964 0.222616
vt 0.651213 0.711583
vt 0.651628 0.715542
vt 0.489964 0.176547
vt 0.489952 0.176963
vt 0.508325 0.711583
vt 0.507911 0.711678
vt 0.494033 0.222197
vt 0.489952 0.222204
vt 0.652971 0.707931
vt 0.651628 0.711678
vt 0.494033 0.176956
vt 0.493967 0.176540
vt 0.506235 0.708197
vt 0.506567 0.707932
vt 0.497429 0.222171
vt 0.493967 0.222609
vt 0.656140 0.705404
vt 0.653304 0.708197
vt 0.497299 0.176515
vt 0.497429 0.176930
vt 0.503214 0.705787
vt 0.503398 0.705405
vt 0.513831 0.591409
vt 0.517441 0.591836
vt 0.513952 0.591822
vt 0.660092 0.704928
vt 0.656325 0.705788
vt 0.513831 0.546166
vt 0.517441 0.545765
vt 0.517388 0.546181
vt 0.499447 0.704928
vt 0.499447 0.704503
vt 0.521504 0.591425
vt 0.517388 0.591423
vt 0.660092 0.704503
vt 0.663859 0.705788
vt 0.521480 0.545767
vt 0.521504 0.546183
vt 0.495680 0.705787
vt 0.495495 0.705405
vt 0.525365 0.591415
vt 0.521480 0.591839
vt 0.667212 0.707931
vt 0.664043 0.705404
vt 0.525365 0.546173
vt 0.525267 0.545758
vt 0.492659 0.708197
vt 0.492327 0.707932
vt 0.482947 0.468061
vt 0.486047 0.468494
vt 0.483093 0.468475
vt 0.668970 0.711583
vt 0.666880 0.708197
vt 0.482947 0.422819
vt 0.486047 0.422423
vt 0.485958 0.422838
vt 0.490568 0.711583
vt 0.490983 0.711678
vt 0.485958 0.468080
vt 0.489913 0.468502
vt 0.668970 0.715636
vt 0.668556 0.711678
vt 0.489913 0.422431
vt 0.489898 0.422847
vt 0.490568 0.715636
vt 0.490983 0.715542
vt 0.493987 0.468085
vt 0.489898 0.468089
vt 0.666880 0.719023
vt 0.668556 0.715542
vt 0.493924 0.422427
vt 0.493987 0.422843
vt 0.492659 0.719023
vt 0.492327 0.719288
vt 0.497415 0.468069
vt 0.493924 0.468498
vt 0.667212 0.719288
vt 0.663859 0.721432
vt 0.497415 0.422827
vt 0.497286 0.422411
vt 0.495680 0.721432
vt 0.495495 0.721815
vt 0.466505 0.591407
vt 0.470117 0.591843
vt 0.466625 0.591820
vt 0.664043 0.721815
vt 0.660092 0.722292
vt 0.466505 0.546167
vt 0.470117 0.545773
vt 0.470063 0.546190
vt 0.499447 0.722292
vt 0.499447 0.722717
vt 0.474180 0.591434
vt 0.470063 0.591430
vt 0.660092 0.722717
vt 0.656325 0.721432
vt 0.474180 0.546193
vt 0.474156 0.545777
vt 0.503214 0.721432
vt 0.503398 0.721815
vt 0.478040 0.591418
vt 0.474156 0.591846
vt 0.656140 0.721815
vt 0.477942 0.545761
vt 0.478040 0.546177
vt 0.506567 0.719288
vt 0.389920 0.453955
vt 0.282422 0.661057
vt 0.282005 0.627702
vt 0.282418 0.627800
vt 0.295474 0.494041
vt 0.267290 0.627731
vt 0.412370 0.453540
vt 0.771157 0.357802
vt 0.770739 0.339384
vt 0.771152 0.339482
vt 0.295059 0.453540
vt 0.756024 0.339377
vt 0.412784 0.494041
vt 0.384268 0.660799
vt 0.383850 0.627743
vt 0.384262 0.627844
vt 0.272609 0.453955
vt 0.369135 0.627732
vt 0.390334 0.494455
vt 0.771152 0.449489
vt 0.770739 0.449392
vt 0.273024 0.494455
vt 0.756024 0.449423
vt 0.482947 0.018310
vt 0.333344 0.661057
vt 0.332928 0.627702
vt 0.333341 0.627800
vt 0.354129 0.494041
vt 0.318213 0.627731
vt 0.505396 0.017895
vt 0.771152 0.394505
vt 0.770739 0.394407
vt 0.353714 0.453540
vt 0.756024 0.394400
vt 0.505811 0.058396
vt 0.435191 0.660799
vt 0.434774 0.627743
vt 0.435186 0.627844
vt 0.331264 0.453955
vt 0.420059 0.627732
vt 0.483361 0.058810
vt 0.771156 0.522812
vt 0.770739 0.504387
vt 0.771152 0.504484
vt 0.331679 0.494455
vt 0.756024 0.504418
vt 0.117889 0.797128
vt 0.866557 0.418822
vt 0.866141 0.406861
vt 0.866554 0.406959
vt 0.168809 0.797128
vt 0.859162 0.406926
vt 0.117475 0.781641
vt 0.580177 0.850002
vt 0.579759 0.837373
vt 0.580172 0.837471
vt 0.183523 0.796714
vt 0.572780 0.837421
vt 0.132189 0.781226
vt 0.866559 0.515729
vt 0.866141 0.503872
vt 0.866554 0.503973
vt 0.183108 0.781226
vt 0.859162 0.503920
vt 0.132603 0.796714
vt 0.666551 0.849990
vt 0.666135 0.837356
vt 0.666548 0.837453
vt 0.168394 0.781641
vt 0.659156 0.837421
vt 0.066970 0.797128
vt 0.866557 0.467319
vt 0.866141 0.455357
vt 0.866554 0.455455
vt 0.219728 0.797128
vt 0.859162 0.455423
vt 0.066555 0.781641
vt 0.623365 0.850002
vt 0.622947 0.837373
vt 0.623360 0.837471
vt 0.234442 0.796714
vt 0.615968 0.837421
vt 0.081269 0.781226
vt 0.866559 0.564138
vt 0.866141 0.552281
vt 0.866554 0.552382
vt 0.234028 0.781226
vt 0.859162 0.552329
vt 0.081684 0.796714
vt 0.709738 0.849990
vt 0.709322 0.837356
vt 0.709735 0.837453
vt 0.219314 0.781641
vt 0.702342 0.837422
vt 0.497349 0.304196
vt 0.494370 0.304205
vt 0.494465 0.303774
vt 0.757755 0.181996
vt 0.761026 0.180068
vt 0.758052 0.182304
vt 0.021001 0.546824
vt 0.018038 0.545751
vt 0.021085 0.546385
vt 0.768654 0.126081
vt 0.771415 0.128661
vt 0.768442 0.126426
vt 0.024981 0.591040
vt 0.021085 0.591143
vt 0.021001 0.590777
vt 0.760875 0.179651
vt 0.764734 0.179374
vt 0.024981 0.547087
vt 0.024989 0.546642
vt 0.764734 0.125731
vt 0.764764 0.125353
vt 0.029047 0.590867
vt 0.024989 0.591401
vt 0.768654 0.179954
vt 0.764764 0.178922
vt 0.029047 0.546914
vt 0.028979 0.546473
vt 0.760875 0.126384
vt 0.761026 0.126714
vt 0.032395 0.590293
vt 0.028979 0.591231
vt 0.771773 0.182542
vt 0.768442 0.180357
vt 0.032263 0.545910
vt 0.032395 0.546340
vt 0.758052 0.129181
vt 0.757755 0.128972
vt 0.541602 0.145150
vt 0.545174 0.145879
vt 0.541725 0.145539
vt 0.773066 0.186286
vt 0.771415 0.182824
vt 0.541602 0.100486
vt 0.545174 0.100397
vt 0.545117 0.100832
vt 0.756024 0.132604
vt 0.756402 0.132644
vt 0.545117 0.145496
vt 0.549205 0.145946
vt 0.773504 0.190129
vt 0.773504 0.186173
vt 0.549205 0.100464
vt 0.549226 0.100901
vt 0.756024 0.136560
vt 0.756402 0.136415
vt 0.549226 0.145565
vt 0.553020 0.145728
vt 0.771415 0.193392
vt 0.773066 0.190058
vt 0.553020 0.100246
vt 0.553115 0.100679
vt 0.758052 0.139749
vt 0.757755 0.140057
vt 0.544662 0.390007
vt 0.541746 0.391050
vt 0.541602 0.390624
vt 0.771773 0.193626
vt 0.768442 0.195627
vt 0.555863 0.099785
vt 0.556013 0.100209
vt 0.760875 0.142402
vt 0.761026 0.141984
vt 0.548634 0.390190
vt 0.544748 0.390445
vt 0.764764 0.196700
vt 0.768654 0.195971
vt 0.548623 0.345633
vt 0.544748 0.345523
vt 0.548634 0.345268
vt 0.764734 0.142679
vt 0.764764 0.143131
vt 0.548623 0.389747
vt 0.552635 0.390334
vt 0.761026 0.195339
vt 0.764734 0.196322
vt 0.552701 0.345780
vt 0.552635 0.345412
vt 0.768654 0.142099
vt 0.768442 0.141696
vt 0.552701 0.389894
vt 0.555958 0.390849
vt 0.757755 0.193081
vt 0.760875 0.195669
vt 0.555958 0.345927
vt 0.556088 0.346305
vt 0.771415 0.139229
vt 0.771773 0.139511
vt 0.486472 0.303631
vt 0.483069 0.304366
vt 0.482947 0.303938
vt 0.756402 0.189409
vt 0.758052 0.192871
vt 0.482947 0.259158
vt 0.486528 0.258465
vt 0.486472 0.258851
vt 0.773066 0.135767
vt 0.773504 0.135880
vt 0.490583 0.303572
vt 0.486528 0.304065
vt 0.756024 0.189449
vt 0.756402 0.185638
vt 0.490561 0.258407
vt 0.490583 0.258792
vt 0.773504 0.131924
vt 0.773066 0.131995
vt 0.490561 0.304007
vt 0.756024 0.185493
vt 0.494370 0.258605
vt 0.494465 0.258994
vt 0.771773 0.128427
vt 0.544697 0.308459
vt 0.541745 0.309477
vt 0.541602 0.309050
vt 0.764623 0.017895
vt 0.761018 0.019041
vt 0.760796 0.018675
vt 0.553115 0.182643
vt 0.555864 0.181737
vt 0.556013 0.182161
vt 0.773510 0.082979
vt 0.771422 0.086244
vt 0.773072 0.082907
vt 0.548682 0.308659
vt 0.544782 0.308897
vt 0.768450 0.018907
vt 0.764666 0.018298
vt 0.548673 0.264042
vt 0.544782 0.263913
vt 0.548682 0.263675
vt 0.773072 0.079134
vt 0.773510 0.079021
vt 0.548673 0.308216
vt 0.552674 0.308810
vt 0.771240 0.021743
vt 0.768314 0.019262
vt 0.552743 0.264196
vt 0.552674 0.263827
vt 0.771779 0.075388
vt 0.771422 0.075671
vt 0.556099 0.308891
vt 0.552743 0.308371
vt 0.771519 0.021510
vt 0.772863 0.025250
vt 0.555967 0.264337
vt 0.556099 0.264717
vt 0.768447 0.073205
vt 0.768658 0.072802
vt 0.486469 0.385612
vt 0.483070 0.386356
vt 0.482947 0.385928
vt 0.773222 0.025187
vt 0.772863 0.029086
vt 0.482947 0.341172
vt 0.486525 0.340471
vt 0.486469 0.340856
vt 0.764767 0.071773
vt 0.764738 0.072225
vt 0.490557 0.385986
vt 0.486525 0.386046
vt 0.771519 0.032787
vt 0.773222 0.029212
vt 0.490557 0.340411
vt 0.490579 0.340795
vt 0.760876 0.072506
vt 0.761028 0.072923
vt 0.490579 0.385550
vt 0.494368 0.386188
vt 0.768450 0.035203
vt 0.771240 0.032494
vt 0.494463 0.341001
vt 0.494368 0.340613
vt 0.758053 0.075163
vt 0.757756 0.074856
vt 0.497352 0.386189
vt 0.494463 0.385757
vt 0.764623 0.035982
vt 0.768314 0.034798
vt 0.544668 0.427919
vt 0.541746 0.426841
vt 0.544754 0.427480
vt 0.756403 0.078500
vt 0.756024 0.078356
vt 0.548632 0.472166
vt 0.544754 0.472259
vt 0.544668 0.471892
vt 0.761018 0.034576
vt 0.764666 0.035541
vt 0.548632 0.428193
vt 0.548643 0.427749
vt 0.756024 0.082314
vt 0.756403 0.082274
vt 0.552709 0.472008
vt 0.548643 0.472528
vt 0.757728 0.032368
vt 0.760796 0.034971
vt 0.552642 0.427594
vt 0.552709 0.428035
vt 0.757756 0.085946
vt 0.758053 0.085736
vt 0.556090 0.471450
vt 0.552642 0.472373
vt 0.756024 0.028690
vt 0.758092 0.032095
vt 0.555960 0.427046
vt 0.556090 0.427477
vt 0.761028 0.088202
vt 0.760876 0.088533
vt 0.541602 0.227078
vt 0.545174 0.227815
vt 0.541725 0.227467
vt 0.756469 0.024752
vt 0.756469 0.028589
vt 0.545117 0.182800
vt 0.541725 0.182016
vt 0.545174 0.182364
vt 0.764767 0.089562
vt 0.764738 0.089183
vt 0.545117 0.227434
vt 0.549204 0.227885
vt 0.757728 0.021091
vt 0.756024 0.024666
vt 0.549226 0.182871
vt 0.549204 0.182433
vt 0.768447 0.088484
vt 0.768658 0.088829
vt 0.553115 0.227276
vt 0.549226 0.227504
vt 0.758092 0.021345
vt 0.553020 0.182209
vt 0.771779 0.086479
vt 0.300759 0.844883
vt 0.298315 0.844902
vt 0.298316 0.844347
vt 0.300754 0.845944
vt 0.298312 0.845408
vt 0.303626 0.845072
vt 0.300757 0.845439
vt 0.303622 0.846133
vt 0.306480 0.845440
vt 0.303625 0.845628
vt 0.306482 0.844885
vt 0.308890 0.844905
vt 0.306477 0.845946
vt 0.300757 0.840719
vt 0.298317 0.841701
vt 0.298314 0.841184
vt 0.300761 0.841796
vt 0.298317 0.842261
vt 0.303625 0.840557
vt 0.300760 0.841236
vt 0.303628 0.841633
vt 0.306483 0.841238
vt 0.303627 0.841073
vt 0.306480 0.840721
vt 0.308892 0.841704
vt 0.306484 0.841798
vt 0.860003 0.695837
vt 0.860519 0.693400
vt 0.861008 0.693402
vt 0.298298 0.839069
vt 0.300739 0.838181
vt 0.298302 0.839470
vt 0.859650 0.698702
vt 0.859515 0.695835
vt 0.300735 0.837780
vt 0.303604 0.837729
vt 0.859514 0.701558
vt 0.859162 0.698700
vt 0.306458 0.837782
vt 0.303600 0.837328
vt 0.860002 0.701560
vt 0.860518 0.703976
vt 0.308873 0.839072
vt 0.306462 0.838183
vt 0.864023 0.695845
vt 0.863523 0.693408
vt 0.864088 0.693408
vt 0.862899 0.695845
vt 0.862964 0.693408
vt 0.863999 0.698711
vt 0.863458 0.695845
vt 0.862877 0.698710
vt 0.863457 0.701569
vt 0.863435 0.698711
vt 0.864022 0.701568
vt 0.863521 0.703984
vt 0.862899 0.701568
vt 0.867930 0.695836
vt 0.866605 0.693403
vt 0.867031 0.693400
vt 0.866995 0.695840
vt 0.866095 0.693404
vt 0.868246 0.698701
vt 0.867505 0.695838
vt 0.867311 0.698705
vt 0.867504 0.701562
vt 0.867820 0.698703
vt 0.867929 0.701559
vt 0.866603 0.703978
vt 0.866994 0.701563
vt 0.393517 0.844911
vt 0.391080 0.844908
vt 0.391081 0.844354
vt 0.393515 0.845967
vt 0.391078 0.845410
vt 0.396383 0.845106
vt 0.393516 0.845465
vt 0.396380 0.846162
vt 0.399240 0.845465
vt 0.396382 0.845660
vt 0.399241 0.844911
vt 0.401655 0.844909
vt 0.399238 0.845967
vt 0.393516 0.840744
vt 0.391081 0.841708
vt 0.391080 0.841189
vt 0.393518 0.841825
vt 0.391082 0.842270
vt 0.396382 0.840588
vt 0.393518 0.841264
vt 0.396384 0.841669
vt 0.399241 0.841264
vt 0.396383 0.841107
vt 0.399240 0.840744
vt 0.401656 0.841710
vt 0.399242 0.841825
vt 0.860003 0.603086
vt 0.860519 0.600643
vt 0.861007 0.600647
vt 0.391069 0.839052
vt 0.393505 0.838182
vt 0.391072 0.839458
vt 0.859650 0.605952
vt 0.859515 0.603083
vt 0.393502 0.837776
vt 0.396369 0.837734
vt 0.859513 0.608806
vt 0.859162 0.605949
vt 0.399225 0.837777
vt 0.396366 0.837328
vt 0.860002 0.608809
vt 0.860516 0.611218
vt 0.401644 0.839053
vt 0.399228 0.838183
vt 0.864024 0.603099
vt 0.863523 0.600656
vt 0.864088 0.600656
vt 0.862900 0.603098
vt 0.862964 0.600655
vt 0.864001 0.605967
vt 0.863459 0.603100
vt 0.862878 0.605966
vt 0.863458 0.608823
vt 0.863436 0.605967
vt 0.864022 0.608822
vt 0.863520 0.611231
vt 0.862899 0.608821
vt 0.867930 0.603084
vt 0.866604 0.600647
vt 0.867030 0.600643
vt 0.866995 0.603091
vt 0.866095 0.600650
vt 0.867929 0.608807
vt 0.866602 0.611222
vt 0.867503 0.608811
vt 0.866994 0.608814
vt 0.868246 0.605951
vt 0.867505 0.603088
vt 0.867311 0.605957
vt 0.867820 0.605955
vt 0.347144 0.844883
vt 0.344701 0.844902
vt 0.344702 0.844347
vt 0.347140 0.845944
vt 0.344698 0.845408
vt 0.350012 0.845072
vt 0.347143 0.845439
vt 0.350007 0.846133
vt 0.352866 0.845440
vt 0.350010 0.845628
vt 0.352868 0.844885
vt 0.355276 0.844905
vt 0.352863 0.845946
vt 0.347143 0.840719
vt 0.344702 0.841701
vt 0.344700 0.841184
vt 0.347146 0.841796
vt 0.344703 0.842261
vt 0.350011 0.840557
vt 0.347145 0.841236
vt 0.350014 0.841633
vt 0.352869 0.841238
vt 0.350013 0.841073
vt 0.352866 0.840721
vt 0.355277 0.841704
vt 0.352869 0.841798
vt 0.860003 0.742211
vt 0.860519 0.739775
vt 0.861008 0.739777
vt 0.344683 0.839069
vt 0.347125 0.838181
vt 0.344688 0.839470
vt 0.859650 0.745076
vt 0.859515 0.742209
vt 0.347120 0.837780
vt 0.349990 0.837729
vt 0.859514 0.747932
vt 0.859162 0.745074
vt 0.352843 0.837782
vt 0.349986 0.837328
vt 0.860002 0.747934
vt 0.860518 0.750350
vt 0.355258 0.839072
vt 0.352848 0.838183
vt 0.864023 0.742219
vt 0.863523 0.739783
vt 0.864088 0.739782
vt 0.862899 0.742219
vt 0.862964 0.739782
vt 0.863999 0.745085
vt 0.863458 0.742220
vt 0.862877 0.745084
vt 0.863457 0.747943
vt 0.863435 0.745085
vt 0.864022 0.747943
vt 0.863521 0.750358
vt 0.862899 0.747942
vt 0.867930 0.742210
vt 0.866605 0.739777
vt 0.867031 0.739775
vt 0.866995 0.742214
vt 0.866095 0.739779
vt 0.868246 0.745075
vt 0.867505 0.742212
vt 0.867311 0.745079
vt 0.867504 0.747936
vt 0.867820 0.745077
vt 0.867929 0.747933
vt 0.866603 0.750352
vt 0.866994 0.747937
vt 0.439896 0.844911
vt 0.437459 0.844908
vt 0.437460 0.844354
vt 0.439893 0.845967
vt 0.437457 0.845410
vt 0.442761 0.845106
vt 0.439895 0.845465
vt 0.442759 0.846162
vt 0.445618 0.845465
vt 0.442760 0.845660
vt 0.445619 0.844911
vt 0.448034 0.844909
vt 0.445617 0.845967
vt 0.439895 0.840744
vt 0.437460 0.841708
vt 0.437458 0.841189
vt 0.439897 0.841825
vt 0.437460 0.842270
vt 0.442761 0.840588
vt 0.439897 0.841263
vt 0.442763 0.841669
vt 0.445620 0.841264
vt 0.442762 0.841107
vt 0.445618 0.840744
vt 0.448035 0.841709
vt 0.445620 0.841825
vt 0.860003 0.649465
vt 0.860519 0.647022
vt 0.861007 0.647025
vt 0.437448 0.839052
vt 0.439884 0.838182
vt 0.437450 0.839458
vt 0.859650 0.652331
vt 0.859515 0.649461
vt 0.439881 0.837776
vt 0.442748 0.837734
vt 0.859513 0.655185
vt 0.859162 0.652328
vt 0.445604 0.837777
vt 0.442745 0.837328
vt 0.860002 0.655188
vt 0.860516 0.657597
vt 0.448023 0.839053
vt 0.445607 0.838183
vt 0.864024 0.649478
vt 0.863523 0.647035
vt 0.864088 0.647034
vt 0.862900 0.649477
vt 0.862964 0.647033
vt 0.864001 0.652345
vt 0.863459 0.649478
vt 0.862878 0.652345
vt 0.863458 0.655201
vt 0.863436 0.652346
vt 0.864022 0.655201
vt 0.863520 0.657610
vt 0.862899 0.655200
vt 0.867930 0.649463
vt 0.866604 0.647026
vt 0.867030 0.647022
vt 0.866995 0.649469
vt 0.866095 0.647028
vt 0.867929 0.655186
vt 0.866602 0.657601
vt 0.867503 0.655190
vt 0.866994 0.655192
vt 0.868246 0.652329
vt 0.867505 0.649467
vt 0.867311 0.652336
vt 0.867820 0.652333
vt 0.027504 0.668077
vt 0.029731 0.668712
vt 0.027406 0.668503
vt 0.421372 0.787069
vt 0.421793 0.790317
vt 0.421372 0.790384
vt 0.161310 0.628063
vt 0.163956 0.627983
vt 0.163870 0.628416
vt 0.375066 0.781934
vt 0.372770 0.784275
vt 0.372469 0.783994
vt 0.167175 0.668175
vt 0.163956 0.668413
vt 0.163870 0.668027
vt 0.422831 0.784072
vt 0.421793 0.787188
vt 0.167175 0.628564
vt 0.167186 0.628127
vt 0.371028 0.787000
vt 0.371410 0.787112
vt 0.170504 0.668472
vt 0.167186 0.668557
vt 0.425459 0.781987
vt 0.423170 0.784360
vt 0.170504 0.628042
vt 0.170571 0.628477
vt 0.371028 0.790354
vt 0.371410 0.790278
vt 0.173385 0.667783
vt 0.170571 0.668088
vt 0.428737 0.781226
vt 0.425651 0.782392
vt 0.173254 0.627745
vt 0.173385 0.628172
vt 0.372770 0.793147
vt 0.372469 0.793395
vt 0.594840 0.516429
vt 0.592012 0.516646
vt 0.591890 0.516246
vt 0.432014 0.781941
vt 0.428744 0.781674
vt 0.594840 0.476557
vt 0.592012 0.475949
vt 0.594895 0.476127
vt 0.375221 0.795151
vt 0.375066 0.795518
vt 0.598268 0.516462
vt 0.594895 0.516824
vt 0.434642 0.783990
vt 0.431837 0.782349
vt 0.598268 0.476590
vt 0.598245 0.476160
vt 0.378277 0.795892
vt 0.378305 0.796303
vt 0.601495 0.516338
vt 0.598245 0.516856
vt 0.435694 0.787092
vt 0.434317 0.784283
vt 0.601495 0.476466
vt 0.601398 0.476039
vt 0.381543 0.795596
vt 0.381334 0.795225
vt 0.591890 0.362709
vt 0.594502 0.362819
vt 0.592035 0.363133
vt 0.436101 0.790282
vt 0.436101 0.786967
vt 0.603730 0.475789
vt 0.603881 0.476210
vt 0.383785 0.793280
vt 0.384140 0.793536
vt 0.594414 0.362388
vt 0.597718 0.362683
vt 0.434642 0.793279
vt 0.435694 0.790221
vt 0.597705 0.322542
vt 0.594502 0.322292
vt 0.597718 0.322156
vt 0.385145 0.790444
vt 0.385581 0.790530
vt 0.597705 0.362249
vt 0.601044 0.362752
vt 0.431837 0.795017
vt 0.434317 0.793049
vt 0.601044 0.322225
vt 0.601109 0.322613
vt 0.385145 0.787277
vt 0.385581 0.787175
vt 0.603953 0.362586
vt 0.601109 0.362319
vt 0.428737 0.796124
vt 0.432014 0.795364
vt 0.603953 0.322879
vt 0.603824 0.322485
vt 0.383785 0.784408
vt 0.384140 0.784135
vt 0.020852 0.668000
vt 0.018017 0.668575
vt 0.017895 0.668151
vt 0.425459 0.795409
vt 0.428744 0.795735
vt 0.017895 0.628213
vt 0.020906 0.627663
vt 0.020852 0.628062
vt 0.381334 0.782404
vt 0.381543 0.782012
vt 0.024281 0.667974
vt 0.020906 0.668427
vt 0.423170 0.793126
vt 0.425651 0.795060
vt 0.024257 0.627637
vt 0.024281 0.628035
vt 0.378305 0.781226
vt 0.378277 0.781663
vt 0.024257 0.668401
vt 0.422831 0.793361
vt 0.027504 0.628139
vt 0.027406 0.627739
vt 0.375221 0.782331
vt 0.591890 0.285941
vt 0.594531 0.286067
vt 0.592034 0.286365
vt 0.277513 0.781226
vt 0.274482 0.782307
vt 0.274273 0.781935
vt 0.075278 0.628325
vt 0.077513 0.627637
vt 0.077664 0.628059
vt 0.331171 0.781920
vt 0.333474 0.784251
vt 0.331007 0.782325
vt 0.594445 0.285636
vt 0.597759 0.285942
vt 0.280753 0.782011
vt 0.277540 0.781638
vt 0.597748 0.245773
vt 0.594531 0.245510
vt 0.597759 0.245385
vt 0.327929 0.781670
vt 0.327911 0.781226
vt 0.597748 0.285508
vt 0.601078 0.286014
vt 0.283050 0.784381
vt 0.280598 0.782378
vt 0.601078 0.245457
vt 0.601145 0.245846
vt 0.324650 0.782016
vt 0.324852 0.782416
vt 0.603963 0.285843
vt 0.601145 0.285582
vt 0.284793 0.787173
vt 0.283352 0.784133
vt 0.603963 0.246107
vt 0.603833 0.245712
vt 0.322385 0.784414
vt 0.322035 0.784133
vt 0.594844 0.439274
vt 0.592012 0.439856
vt 0.591890 0.439432
vt 0.284411 0.790416
vt 0.284411 0.787250
vt 0.591890 0.399508
vt 0.594898 0.398951
vt 0.594844 0.399349
vt 0.320584 0.787159
vt 0.321015 0.787269
vt 0.598272 0.439246
vt 0.594898 0.439701
vt 0.283352 0.793534
vt 0.284793 0.790528
vt 0.598272 0.399321
vt 0.598249 0.398924
vt 0.321015 0.790416
vt 0.320584 0.790493
vt 0.601400 0.439780
vt 0.598249 0.439674
vt 0.280753 0.795596
vt 0.283050 0.793254
vt 0.601497 0.399429
vt 0.601400 0.399030
vt 0.322385 0.793231
vt 0.322035 0.793476
vt 0.601497 0.439354
vt 0.603727 0.439998
vt 0.277540 0.795869
vt 0.280598 0.795199
vt 0.115983 0.628415
vt 0.113600 0.627638
vt 0.116070 0.627982
vt 0.324852 0.795157
vt 0.324650 0.795516
vt 0.119274 0.668194
vt 0.116071 0.668429
vt 0.115983 0.668042
vt 0.274273 0.795521
vt 0.277513 0.796305
vt 0.119287 0.628131
vt 0.119274 0.628567
vt 0.327929 0.795812
vt 0.327911 0.796210
vt 0.122613 0.668501
vt 0.119287 0.668578
vt 0.272030 0.793125
vt 0.274482 0.795128
vt 0.122613 0.628054
vt 0.122678 0.628489
vt 0.331171 0.795420
vt 0.331007 0.795066
vt 0.125519 0.667823
vt 0.122678 0.668116
vt 0.270233 0.790359
vt 0.271675 0.793398
vt 0.125390 0.627768
vt 0.125519 0.628195
vt 0.333786 0.793303
vt 0.333474 0.793068
vt 0.068623 0.668275
vt 0.065795 0.668483
vt 0.065673 0.668085
vt 0.270233 0.787003
vt 0.270669 0.790257
vt 0.068623 0.628420
vt 0.065795 0.627804
vt 0.068678 0.627990
vt 0.334844 0.790213
vt 0.335237 0.790278
vt 0.072028 0.668702
vt 0.068678 0.668669
vt 0.272030 0.784253
vt 0.270669 0.787090
vt 0.072028 0.628023
vt 0.072051 0.628454
vt 0.335237 0.786943
vt 0.334844 0.787066
vt 0.075278 0.668180
vt 0.072051 0.668309
vt 0.271675 0.783997
vt 0.075181 0.627897
vt 0.333786 0.783961
vt 0.208485 0.843077
vt 0.207430 0.843073
vt 0.207933 0.843075
vt 0.212762 0.843073
vt 0.211691 0.843077
vt 0.212248 0.843075
vt 0.812113 0.782170
vt 0.811596 0.780177
vt 0.812113 0.780345
vt 0.811596 0.782338
vt 0.811144 0.780031
vt 0.027171 0.842060
vt 0.026721 0.844368
vt 0.026720 0.842207
vt 0.026204 0.844200
vt 0.026204 0.842375
vt 0.859647 0.270884
vt 0.215041 0.839496
vt 0.215399 0.843052
vt 0.214642 0.839501
vt 0.859162 0.270881
vt 0.215042 0.846587
vt 0.215797 0.843048
vt 0.812866 0.778429
vt 0.813186 0.778869
vt 0.812587 0.778046
vt 0.025450 0.840459
vt 0.025728 0.840075
vt 0.025131 0.840899
vt 0.863773 0.270900
vt 0.862655 0.270897
vt 0.863211 0.270899
vt 0.814921 0.778305
vt 0.814921 0.777762
vt 0.814920 0.777287
vt 0.023395 0.839317
vt 0.023395 0.839791
vt 0.023396 0.840335
vt 0.867790 0.270897
vt 0.866859 0.270900
vt 0.867366 0.270899
vt 0.816657 0.778869
vt 0.816976 0.778429
vt 0.817254 0.778046
vt 0.021340 0.840459
vt 0.021061 0.840075
vt 0.021660 0.840899
vt 0.115033 0.843065
vt 0.113982 0.843062
vt 0.114482 0.843064
vt 0.020070 0.842207
vt 0.019619 0.842060
vt 0.020588 0.842375
vt 0.818696 0.780031
vt 0.817729 0.780345
vt 0.119313 0.843062
vt 0.118237 0.843065
vt 0.118796 0.843064
vt 0.020070 0.844368
vt 0.019619 0.844514
vt 0.020588 0.844200
vt 0.818696 0.782485
vt 0.818246 0.780177
vt 0.817729 0.782170
vt 0.859647 0.318110
vt 0.121628 0.839497
vt 0.121973 0.843049
vt 0.121224 0.839500
vt 0.859162 0.318106
vt 0.121630 0.846588
vt 0.122377 0.843047
vt 0.817254 0.784470
vt 0.818246 0.782338
vt 0.816976 0.784086
vt 0.021660 0.845676
vt 0.021340 0.846116
vt 0.863774 0.318136
vt 0.862656 0.318132
vt 0.863212 0.318134
vt 0.814920 0.785228
vt 0.814921 0.784754
vt 0.816657 0.783646
vt 0.023396 0.846240
vt 0.023395 0.846784
vt 0.021061 0.846499
vt 0.867790 0.318132
vt 0.866860 0.318136
vt 0.867367 0.318134
vt 0.812866 0.784086
vt 0.814921 0.784210
vt 0.025450 0.846116
vt 0.023395 0.847258
vt 0.811144 0.782485
vt 0.812587 0.784470
vt 0.813186 0.783646
vt 0.025131 0.845676
vt 0.027171 0.844514
vt 0.025728 0.846499
vt 0.255195 0.843077
vt 0.254139 0.843073
vt 0.254642 0.843076
vt 0.259472 0.843073
vt 0.258401 0.843077
vt 0.258958 0.843076
vt 0.068437 0.840904
vt 0.070173 0.839796
vt 0.070173 0.840340
vt 0.068118 0.840464
vt 0.070173 0.839321
vt 0.818696 0.732320
vt 0.818246 0.734628
vt 0.818246 0.732467
vt 0.817729 0.734460
vt 0.817729 0.732635
vt 0.859647 0.223660
vt 0.261750 0.839496
vt 0.262108 0.843052
vt 0.261351 0.839501
vt 0.859162 0.223657
vt 0.261752 0.846587
vt 0.262507 0.843048
vt 0.072228 0.840464
vt 0.071908 0.840904
vt 0.072506 0.840080
vt 0.817254 0.730335
vt 0.816976 0.730719
vt 0.816657 0.731159
vt 0.863773 0.223676
vt 0.862655 0.223674
vt 0.863211 0.223675
vt 0.073498 0.842212
vt 0.072981 0.842380
vt 0.073949 0.842065
vt 0.814921 0.730051
vt 0.814920 0.729577
vt 0.814921 0.730595
vt 0.867790 0.223674
vt 0.866859 0.223676
vt 0.867366 0.223675
vt 0.072981 0.844205
vt 0.073498 0.844373
vt 0.073949 0.844519
vt 0.812866 0.730719
vt 0.812587 0.730335
vt 0.813186 0.731159
vt 0.161743 0.843065
vt 0.160693 0.843062
vt 0.161192 0.843064
vt 0.811596 0.732467
vt 0.811144 0.732320
vt 0.812113 0.732635
vt 0.072506 0.846504
vt 0.071908 0.845681
vt 0.166023 0.843062
vt 0.164948 0.843065
vt 0.165506 0.843064
vt 0.811596 0.734628
vt 0.811144 0.734774
vt 0.812113 0.734460
vt 0.070173 0.847262
vt 0.072228 0.846121
vt 0.070173 0.846789
vt 0.859648 0.365334
vt 0.168339 0.839497
vt 0.168684 0.843049
vt 0.167935 0.839500
vt 0.859162 0.365329
vt 0.168341 0.846588
vt 0.169088 0.843047
vt 0.067839 0.846504
vt 0.068118 0.846121
vt 0.070173 0.846245
vt 0.813186 0.735936
vt 0.812866 0.736376
vt 0.863774 0.365359
vt 0.862656 0.365355
vt 0.863212 0.365358
vt 0.066848 0.844373
vt 0.067365 0.844205
vt 0.068437 0.845681
vt 0.814921 0.736500
vt 0.814921 0.737044
vt 0.812587 0.736759
vt 0.867790 0.365355
vt 0.866860 0.365359
vt 0.867367 0.365358
vt 0.066397 0.844519
vt 0.066848 0.842212
vt 0.816976 0.736376
vt 0.814920 0.737518
vt 0.067839 0.840080
vt 0.066397 0.842065
vt 0.067365 0.842380
vt 0.816657 0.735936
vt 0.818696 0.734774
vt 0.817254 0.736759
vt 0.320288 0.886922
vt 0.908281 0.681552
vt 0.907864 0.672800
vt 0.908277 0.672898
vt 0.440727 0.897354
vt 0.905427 0.672790
vt 0.323140 0.886508
vt 0.949654 0.451040
vt 0.949749 0.450627
vt 0.440313 0.886508
vt 0.949654 0.447773
vt 0.323554 0.897354
vt 0.216471 0.933677
vt 0.216059 0.933576
vt 0.437461 0.886922
vt 0.213205 0.933654
vt 0.320702 0.897768
vt 0.947627 0.880817
vt 0.949750 0.880394
vt 0.949655 0.880807
vt 0.437875 0.897768
vt 0.949655 0.877541
vt 0.671807 0.886922
vt 0.908280 0.726821
vt 0.907864 0.718069
vt 0.908277 0.718167
vt 0.479785 0.897354
vt 0.905426 0.718059
vt 0.674659 0.886508
vt 0.947627 0.490127
vt 0.949749 0.489699
vt 0.949654 0.490112
vt 0.479371 0.886508
vt 0.949654 0.486846
vt 0.675074 0.897354
vt 0.138346 0.933677
vt 0.137934 0.933576
vt 0.476518 0.886922
vt 0.135080 0.933654
vt 0.672221 0.897768
vt 0.947627 0.919883
vt 0.949750 0.919461
vt 0.949655 0.919874
vt 0.476933 0.897768
vt 0.949655 0.916608
vt 0.710865 0.886922
vt 0.021165 0.942322
vt 0.020749 0.933570
vt 0.021162 0.933667
vt 0.518843 0.897354
vt 0.018311 0.933559
vt 0.713717 0.886508
vt 0.947627 0.372910
vt 0.949749 0.372483
vt 0.949654 0.372896
vt 0.518429 0.886508
vt 0.949654 0.369629
vt 0.714131 0.897354
vt 0.372722 0.933677
vt 0.372309 0.933576
vt 0.515576 0.886922
vt 0.369455 0.933654
vt 0.711279 0.897768
vt 0.947627 0.685483
vt 0.949750 0.685060
vt 0.949655 0.685473
vt 0.515991 0.897768
vt 0.949655 0.682207
vt 0.749922 0.886922
vt 0.908280 0.772091
vt 0.907864 0.763338
vt 0.908277 0.763436
vt 0.908277 0.075793
vt 0.905426 0.763328
vt 0.752775 0.886508
vt 0.947627 0.529199
vt 0.949749 0.528772
vt 0.949654 0.529184
vt 0.907863 0.064947
vt 0.949654 0.525918
vt 0.753189 0.897354
vt 0.099284 0.933677
vt 0.098871 0.933576
vt 0.905011 0.065361
vt 0.096017 0.933654
vt 0.750337 0.897768
vt 0.018613 0.982105
vt 0.020736 0.981682
vt 0.020641 0.982095
vt 0.905425 0.076207
vt 0.020641 0.978829
vt 0.554634 0.886922
vt 0.908281 0.636283
vt 0.907864 0.627531
vt 0.908277 0.627628
vt 0.792247 0.897354
vt 0.905427 0.627520
vt 0.557486 0.886508
vt 0.947627 0.568271
vt 0.949749 0.567844
vt 0.949654 0.568257
vt 0.791833 0.886508
vt 0.949654 0.564990
vt 0.557901 0.897354
vt 0.255534 0.933677
vt 0.255122 0.933576
vt 0.788980 0.886922
vt 0.252267 0.933654
vt 0.555048 0.897768
vt 0.947627 0.841750
vt 0.949750 0.841327
vt 0.949655 0.841741
vt 0.789395 0.897768
vt 0.949655 0.838474
vt 0.593692 0.886922
vt 0.908280 0.817360
vt 0.907864 0.808608
vt 0.908277 0.808705
vt 0.831305 0.897354
vt 0.905426 0.808597
vt 0.596544 0.886508
vt 0.947627 0.607343
vt 0.949749 0.606916
vt 0.949654 0.607329
vt 0.830890 0.886508
vt 0.949654 0.604062
vt 0.596958 0.897354
vt 0.294597 0.933677
vt 0.294184 0.933576
vt 0.828038 0.886922
vt 0.291330 0.933654
vt 0.594106 0.897768
vt 0.947627 0.724549
vt 0.949750 0.724127
vt 0.949655 0.724540
vt 0.828452 0.897768
vt 0.949655 0.721273
vt 0.905011 0.018310
vt 0.060226 0.942322
vt 0.059810 0.933570
vt 0.060223 0.933667
vt 0.636016 0.897354
vt 0.057372 0.933559
vt 0.907863 0.017895
vt 0.947627 0.411983
vt 0.949749 0.411555
vt 0.949654 0.411968
vt 0.635602 0.886508
vt 0.949654 0.408701
vt 0.908277 0.028742
vt 0.333659 0.933677
vt 0.333247 0.933576
vt 0.632749 0.886922
vt 0.330393 0.933654
vt 0.905425 0.029156
vt 0.947627 0.763616
vt 0.949750 0.763194
vt 0.949655 0.763607
vt 0.633164 0.897768
vt 0.949655 0.760340
vt 0.359345 0.886922
vt 0.908280 0.862629
vt 0.907864 0.853877
vt 0.908277 0.853975
vt 0.401670 0.897354
vt 0.905426 0.853867
vt 0.362198 0.886508
vt 0.947627 0.646416
vt 0.949749 0.645988
vt 0.949654 0.646401
vt 0.401255 0.886508
vt 0.949749 0.643550
vt 0.362612 0.897354
vt 0.177409 0.933677
vt 0.176997 0.933576
vt 0.398403 0.886922
vt 0.174142 0.933654
vt 0.359760 0.897768
vt 0.949655 0.802674
vt 0.949750 0.802260
vt 0.398817 0.897768
vt 0.949655 0.799407
vt 0.756024 0.579603
vt 0.756077 0.579192
vt 0.770984 0.288089
vt 0.756024 0.559318
vt 0.762188 0.232662
vt 0.758226 0.235138
vt 0.756032 0.239263
vt 0.017895 0.801512
vt 0.017943 0.801099
vt 0.771428 0.300847
vt 0.017895 0.781226
vt 0.756195 0.243933
vt 0.758671 0.247895
vt 0.762796 0.303486
vt 0.762796 0.250089
vt 0.756024 0.691835
vt 0.756073 0.691422
vt 0.758671 0.301292
vt 0.756024 0.671549
vt 0.767466 0.249926
vt 0.771428 0.247451
vt 0.773622 0.243325
vt 0.756024 0.635718
vt 0.756073 0.635307
vt 0.758226 0.288534
vt 0.756024 0.615433
vt 0.773459 0.238655
vt 0.770984 0.234693
vt 0.766858 0.232499
vt 0.905011 0.540278
vt 0.911117 0.460789
vt 0.910701 0.454711
vt 0.911114 0.454809
vt 0.909825 0.591315
vt 0.905011 0.454784
vt 0.909410 0.539864
vt 0.566364 0.939686
vt 0.569772 0.939250
vt 0.569677 0.939662
vt 0.909410 0.583692
vt 0.569677 0.933559
vt 0.909824 0.547487
vt 0.911118 0.503358
vt 0.910701 0.497332
vt 0.911113 0.497432
vt 0.905011 0.584107
vt 0.905010 0.497391
vt 0.905425 0.547901
vt 0.606281 0.939678
vt 0.609691 0.939249
vt 0.609595 0.939663
vt 0.905425 0.591729
vt 0.609595 0.933559
vt 0.809835 0.538675
vt 0.882499 0.936437
vt 0.882083 0.933568
vt 0.882496 0.933665
vt 0.809835 0.596041
vt 0.879229 0.933654
vt 0.809421 0.517514
vt 0.862434 0.127563
vt 0.862016 0.110217
vt 0.862428 0.110316
vt 0.813590 0.595626
vt 0.859162 0.110293
vt 0.813176 0.517100
vt 0.950180 0.020756
vt 0.949764 0.017910
vt 0.950176 0.018010
vt 0.813176 0.574466
vt 0.946909 0.017991
vt 0.813590 0.538260
vt 0.862432 0.181432
vt 0.862015 0.164079
vt 0.862428 0.164176
vt 0.809421 0.574880
vt 0.859162 0.164162
vt 0.721978 0.934120
vt 0.722932 0.933559
vt 0.949930 0.136721
vt 0.949185 0.135660
vt 0.949587 0.135596
vt 0.949022 0.136863
vt 0.948679 0.135738
vt 0.949528 0.137955
vt 0.949528 0.136785
vt 0.764158 0.934120
vt 0.763730 0.933758
vt 0.763205 0.933559
vt 0.948347 0.331016
vt 0.947803 0.330622
vt 0.948357 0.330586
vt 0.721773 0.934392
vt 0.948467 0.332175
vt 0.947792 0.331101
vt 0.947392 0.332337
vt 0.947271 0.331178
vt 0.948142 0.333395
vt 0.947913 0.332259
vt 0.948697 0.333310
vt 0.948295 0.333838
vt 0.764364 0.934392
vt 0.764595 0.934904
vt 0.722102 0.936754
vt 0.721542 0.935801
vt 0.949924 0.331944
vt 0.949179 0.330885
vt 0.949574 0.330821
vt 0.949027 0.332088
vt 0.948676 0.330965
vt 0.949529 0.333179
vt 0.949529 0.332008
vt 0.764034 0.936754
vt 0.764396 0.936325
vt 0.764595 0.935800
vt 0.948348 0.057695
vt 0.947815 0.057299
vt 0.948367 0.057265
vt 0.722375 0.936960
vt 0.948459 0.058853
vt 0.947793 0.057777
vt 0.947386 0.059011
vt 0.947275 0.057853
vt 0.948135 0.060073
vt 0.947904 0.058936
vt 0.948690 0.059990
vt 0.948293 0.060517
vt 0.763762 0.936960
vt 0.763251 0.937190
vt 0.724737 0.936630
vt 0.723783 0.937190
vt 0.949930 0.058629
vt 0.949186 0.057568
vt 0.949588 0.057505
vt 0.949021 0.058769
vt 0.948679 0.057645
vt 0.949527 0.059863
vt 0.949528 0.058692
vt 0.761400 0.936630
vt 0.761829 0.936992
vt 0.762354 0.937190
vt 0.948348 0.213877
vt 0.947812 0.213482
vt 0.948365 0.213448
vt 0.724942 0.936358
vt 0.948461 0.215036
vt 0.947793 0.213960
vt 0.947387 0.215195
vt 0.947274 0.214036
vt 0.948137 0.216255
vt 0.947906 0.215118
vt 0.948691 0.216172
vt 0.948294 0.216700
vt 0.761195 0.936358
vt 0.760964 0.935846
vt 0.724613 0.933996
vt 0.725173 0.934949
vt 0.949929 0.214811
vt 0.949184 0.213750
vt 0.949585 0.213687
vt 0.949022 0.214951
vt 0.948678 0.213827
vt 0.949528 0.216045
vt 0.949528 0.214873
vt 0.761524 0.933996
vt 0.761162 0.934424
vt 0.760964 0.934949
vt 0.948348 0.135788
vt 0.947814 0.135391
vt 0.948367 0.135357
vt 0.724340 0.933790
vt 0.948459 0.136948
vt 0.947793 0.135870
vt 0.947387 0.137105
vt 0.947275 0.135945
vt 0.948136 0.138166
vt 0.947905 0.137030
vt 0.948690 0.138083
vt 0.948294 0.138609
vt 0.761797 0.933790
vt 0.762308 0.933559
vt 0.800822 0.934120
vt 0.801776 0.933559
vt 0.949930 0.175766
vt 0.949185 0.174705
vt 0.949587 0.174641
vt 0.949022 0.175908
vt 0.948679 0.174783
vt 0.949528 0.177001
vt 0.949528 0.175830
vt 0.843002 0.934120
vt 0.842573 0.933758
vt 0.842048 0.933559
vt 0.948346 0.291970
vt 0.947803 0.291576
vt 0.948357 0.291540
vt 0.800616 0.934392
vt 0.948467 0.293129
vt 0.947792 0.292055
vt 0.947392 0.293291
vt 0.947270 0.292132
vt 0.948142 0.294349
vt 0.947913 0.293213
vt 0.948697 0.294264
vt 0.948294 0.294792
vt 0.843208 0.934392
vt 0.843438 0.934903
vt 0.800946 0.936754
vt 0.800386 0.935800
vt 0.949924 0.292898
vt 0.949178 0.291839
vt 0.949574 0.291775
vt 0.949027 0.293042
vt 0.948676 0.291919
vt 0.949529 0.294133
vt 0.949529 0.292962
vt 0.842878 0.936754
vt 0.843240 0.936325
vt 0.843438 0.935800
vt 0.948348 0.096740
vt 0.947815 0.096345
vt 0.948368 0.096311
vt 0.801218 0.936959
vt 0.948459 0.097899
vt 0.947793 0.096823
vt 0.947386 0.098057
vt 0.947275 0.096899
vt 0.948135 0.099118
vt 0.947904 0.097982
vt 0.948690 0.099036
vt 0.948293 0.099563
vt 0.842606 0.936960
vt 0.842094 0.937190
vt 0.803580 0.936630
vt 0.802627 0.937190
vt 0.949930 0.097675
vt 0.949186 0.096614
vt 0.949588 0.096551
vt 0.949021 0.097815
vt 0.948679 0.096691
vt 0.949528 0.098909
vt 0.949528 0.097738
vt 0.840244 0.936630
vt 0.840672 0.936992
vt 0.841197 0.937190
vt 0.948348 0.252923
vt 0.947812 0.252528
vt 0.948365 0.252494
vt 0.803786 0.936358
vt 0.948460 0.254082
vt 0.947793 0.253006
vt 0.947387 0.254241
vt 0.947274 0.253082
vt 0.948136 0.255301
vt 0.947906 0.254164
vt 0.948691 0.255218
vt 0.948294 0.255746
vt 0.840038 0.936358
vt 0.839807 0.935846
vt 0.803456 0.933996
vt 0.804017 0.934949
vt 0.949929 0.253857
vt 0.949184 0.252796
vt 0.949585 0.252733
vt 0.949022 0.253997
vt 0.948678 0.252873
vt 0.949528 0.255091
vt 0.949528 0.253919
vt 0.840368 0.933996
vt 0.840006 0.934424
vt 0.839807 0.934949
vt 0.948348 0.174833
vt 0.947814 0.174436
vt 0.948367 0.174402
vt 0.803184 0.933790
vt 0.948459 0.175993
vt 0.947793 0.174916
vt 0.947387 0.176151
vt 0.947275 0.174991
vt 0.948135 0.177211
vt 0.947905 0.176076
vt 0.948690 0.177129
vt 0.948294 0.177654
vt 0.840640 0.933790
vt 0.841152 0.933559
vt 0.472306 0.797000
vt 0.867846 0.796004
vt 0.867430 0.786182
vt 0.867843 0.786280
vt 0.520647 0.796999
vt 0.859162 0.786243
vt 0.471892 0.781641
vt 0.492513 0.849904
vt 0.492096 0.837382
vt 0.492508 0.837480
vt 0.532782 0.796585
vt 0.483827 0.837421
vt 0.484027 0.781226
vt 0.867848 0.842303
vt 0.867431 0.832566
vt 0.867843 0.832667
vt 0.532368 0.781226
vt 0.859162 0.832606
vt 0.484442 0.796585
vt 0.536989 0.849889
vt 0.536572 0.837362
vt 0.536985 0.837459
vt 0.520232 0.781641
vt 0.528304 0.837421
vt 0.488719 0.942241
vt 0.058765 0.980632
vt 0.058349 0.978833
vt 0.058762 0.978930
vt 0.527390 0.942241
vt 0.056943 0.978829
vt 0.488305 0.933974
vt 0.647722 0.940195
vt 0.647305 0.933568
vt 0.647717 0.933667
vt 0.529856 0.941827
vt 0.645482 0.933652
vt 0.490770 0.933559
vt 0.096795 0.980622
vt 0.096379 0.978836
vt 0.096791 0.978936
vt 0.529441 0.933559
vt 0.094556 0.978924
vt 0.491185 0.941827
vt 0.685751 0.940194
vt 0.685335 0.933565
vt 0.685748 0.933662
vt 0.526976 0.933974
vt 0.683513 0.933653
vt 0.150133 0.886985
vt 0.151131 0.886508
vt 0.911101 0.415501
vt 0.910437 0.413219
vt 0.910844 0.413229
vt 0.910182 0.415475
vt 0.909925 0.413203
vt 0.910280 0.417728
vt 0.910694 0.415491
vt 0.283023 0.886985
vt 0.282565 0.886661
vt 0.282025 0.886508
vt 0.908181 0.113292
vt 0.907892 0.111998
vt 0.908443 0.112066
vt 0.148933 0.888318
vt 0.907993 0.115549
vt 0.907620 0.113272
vt 0.906907 0.115509
vt 0.907094 0.113251
vt 0.907462 0.117781
vt 0.907433 0.115529
vt 0.908023 0.117801
vt 0.907645 0.119044
vt 0.284223 0.888318
vt 0.284497 0.888808
vt 0.149136 0.892151
vt 0.148659 0.891153
vt 0.911107 0.115646
vt 0.910442 0.113364
vt 0.910843 0.113374
vt 0.910199 0.115621
vt 0.909934 0.113349
vt 0.910284 0.117874
vt 0.910707 0.115637
vt 0.284020 0.892151
vt 0.284344 0.891693
vt 0.284497 0.891153
vt 0.908165 0.284631
vt 0.907897 0.283344
vt 0.908447 0.283411
vt 0.150470 0.893350
vt 0.907969 0.286886
vt 0.907605 0.284612
vt 0.906886 0.286847
vt 0.907081 0.284592
vt 0.907449 0.289122
vt 0.907409 0.286867
vt 0.908009 0.289141
vt 0.907653 0.290390
vt 0.282686 0.893350
vt 0.282196 0.893624
vt 0.154302 0.893147
vt 0.153304 0.893624
vt 0.911101 0.286987
vt 0.910436 0.284706
vt 0.910844 0.284717
vt 0.910182 0.286960
vt 0.909924 0.284690
vt 0.910281 0.289216
vt 0.910694 0.286976
vt 0.278854 0.893147
vt 0.279312 0.893471
vt 0.279852 0.893624
vt 0.908169 0.198958
vt 0.907896 0.197671
vt 0.908446 0.197738
vt 0.155502 0.891814
vt 0.907974 0.201213
vt 0.907608 0.198939
vt 0.906890 0.201174
vt 0.907084 0.198919
vt 0.907452 0.203449
vt 0.907414 0.201194
vt 0.908013 0.203468
vt 0.907652 0.204716
vt 0.277654 0.891814
vt 0.277381 0.891324
vt 0.155299 0.887981
vt 0.155775 0.888979
vt 0.911102 0.201314
vt 0.910438 0.199033
vt 0.910843 0.199044
vt 0.910186 0.201287
vt 0.909926 0.199017
vt 0.910282 0.203543
vt 0.910697 0.201303
vt 0.277857 0.887981
vt 0.277533 0.888439
vt 0.277381 0.888979
vt 0.908167 0.413146
vt 0.907898 0.411853
vt 0.908448 0.411921
vt 0.153965 0.886782
vt 0.907970 0.415403
vt 0.907606 0.413126
vt 0.906886 0.415363
vt 0.907083 0.413106
vt 0.907449 0.417636
vt 0.907409 0.415383
vt 0.908009 0.417656
vt 0.907652 0.418899
vt 0.279191 0.886782
vt 0.279681 0.886508
vt 0.193040 0.886985
vt 0.194038 0.886508
vt 0.911101 0.372665
vt 0.910437 0.370383
vt 0.910844 0.370393
vt 0.910182 0.372639
vt 0.909925 0.370367
vt 0.910280 0.374892
vt 0.910694 0.372655
vt 0.240116 0.886985
vt 0.239658 0.886661
vt 0.239118 0.886508
vt 0.908181 0.156128
vt 0.907892 0.154835
vt 0.908443 0.154902
vt 0.191840 0.888318
vt 0.907993 0.158385
vt 0.907620 0.156108
vt 0.906907 0.158345
vt 0.907094 0.156088
vt 0.907462 0.160618
vt 0.907433 0.158366
vt 0.908023 0.160637
vt 0.907645 0.161880
vt 0.241316 0.888318
vt 0.241590 0.888808
vt 0.192043 0.892151
vt 0.191566 0.891153
vt 0.911107 0.158483
vt 0.910442 0.156201
vt 0.910843 0.156210
vt 0.910199 0.158458
vt 0.909934 0.156185
vt 0.910284 0.160710
vt 0.910707 0.158473
vt 0.241113 0.892151
vt 0.241437 0.891693
vt 0.241590 0.891153
vt 0.908165 0.327468
vt 0.907897 0.326181
vt 0.908447 0.326248
vt 0.193377 0.893350
vt 0.907969 0.329723
vt 0.907605 0.327448
vt 0.906886 0.329684
vt 0.907082 0.327429
vt 0.907449 0.331958
vt 0.907409 0.329703
vt 0.908010 0.331978
vt 0.907654 0.333226
vt 0.239779 0.893350
vt 0.239289 0.893624
vt 0.197209 0.893147
vt 0.196211 0.893624
vt 0.911101 0.329824
vt 0.910437 0.327542
vt 0.910844 0.327554
vt 0.910182 0.329796
vt 0.909924 0.327526
vt 0.910281 0.332052
vt 0.910694 0.329812
vt 0.235947 0.893147
vt 0.236405 0.893471
vt 0.236945 0.893624
vt 0.908169 0.241795
vt 0.907896 0.240507
vt 0.908446 0.240574
vt 0.198409 0.891814
vt 0.907974 0.244050
vt 0.907608 0.241775
vt 0.906890 0.244011
vt 0.907084 0.241756
vt 0.907452 0.246285
vt 0.907414 0.244030
vt 0.908013 0.246305
vt 0.907652 0.247553
vt 0.234747 0.891814
vt 0.234473 0.891324
vt 0.198206 0.887981
vt 0.198683 0.888979
vt 0.911102 0.244151
vt 0.910438 0.241869
vt 0.910843 0.241881
vt 0.910186 0.244123
vt 0.909926 0.241853
vt 0.910282 0.246379
vt 0.910697 0.244139
vt 0.234950 0.887981
vt 0.234626 0.888439
vt 0.234473 0.888979
vt 0.908167 0.370310
vt 0.907898 0.369017
vt 0.908448 0.369084
vt 0.196872 0.886782
vt 0.907970 0.372567
vt 0.907606 0.370290
vt 0.906886 0.372527
vt 0.907083 0.370269
vt 0.907449 0.374799
vt 0.907409 0.372547
vt 0.908009 0.374819
vt 0.907652 0.376062
vt 0.236284 0.886782
vt 0.236774 0.886508
vt 0.367788 0.377874
vt 0.369535 0.586844
vt 0.367780 0.379154
vt 0.367710 0.378505
vt 0.329405 0.390540
vt 0.369210 0.545964
vt 0.368740 0.545751
vt 0.328700 0.389470
vt 0.329111 0.389957
vt 0.592913 0.209594
vt 0.332479 0.586802
vt 0.319154 0.579954
vt 0.254526 0.364894
vt 0.277210 0.355735
vt 0.253822 0.365963
vt 0.254232 0.365477
vt 0.332472 0.545961
vt 0.332949 0.545751
vt 0.254849 0.393168
vt 0.332949 0.586738
vt 0.292909 0.377559
vt 0.278876 0.399128
vt 0.292902 0.376279
vt 0.292831 0.376928
vt 0.104994 0.739750
vt 0.110587 0.704507
vt 0.025458 0.739331
vt 0.106237 0.704922
vt 0.642477 0.229063
vt 0.642426 0.228650
vt 0.816225 0.631880
vt 0.644587 0.193835
vt 0.647847 0.193852
vt 0.654044 0.229063
vt 0.648439 0.229090
vt 0.651970 0.193835
vt 0.652058 0.194250
vt 0.701291 0.647859
vt 0.706108 0.612623
vt 0.112868 0.892542
vt 0.019211 0.704917
vt 0.018309 0.739744
vt 0.809815 0.641788
vt 0.023806 0.704503
vt 0.112474 0.887848
vt 0.148339 0.739750
vt 0.153932 0.704507
vt 0.068811 0.739330
vt 0.149582 0.704921
vt 0.642477 0.300110
vt 0.642426 0.299697
vt 0.644486 0.265296
vt 0.647846 0.264898
vt 0.654083 0.299697
vt 0.648439 0.300137
vt 0.651970 0.264881
vt 0.652057 0.265296
vt 0.065144 0.894368
vt 0.701291 0.576829
vt 0.816863 0.691542
vt 0.706107 0.541593
vt 0.062564 0.704917
vt 0.061662 0.739744
vt 0.067158 0.704503
vt 0.023994 0.886559
vt 0.357245 0.214235
vt 0.374114 0.275723
vt 0.289330 0.063653
vt 0.374510 0.079764
vt 0.357239 0.018273
vt 0.270484 0.082867
vt 0.017946 0.888620
vt 0.243572 0.083128
vt 0.017923 0.889513
vt 0.357458 0.116313
vt 0.018086 0.417242
vt 0.017895 0.417617
vt 0.224358 0.064283
vt 0.020007 0.894668
vt 0.224097 0.037370
vt 0.049922 0.355995
vt 0.325311 0.275520
vt 0.325121 0.275895
vt 0.242942 0.018156
vt 0.026055 0.892607
vt 0.269855 0.017895
vt 0.026079 0.891713
vt 0.408932 0.940996
vt 0.412668 0.745429
vt 0.415479 0.745003
vt 0.415384 0.745417
vt 0.448826 0.940996
vt 0.415384 0.704503
vt 0.408518 0.933974
vt 0.648637 0.651005
vt 0.648732 0.650592
vt 0.452514 0.940582
vt 0.648732 0.610508
vt 0.412206 0.933559
vt 0.451988 0.745435
vt 0.454777 0.745002
vt 0.454679 0.745415
vt 0.452099 0.933559
vt 0.454777 0.704919
vt 0.412620 0.940582
vt 0.706713 0.058809
vt 0.706808 0.058396
vt 0.448411 0.933974
vt 0.706808 0.018311
vt 0.642426 0.336313
vt 0.642840 0.336240
vt 0.655020 0.505308
vt 0.654556 0.474981
vt 0.654906 0.475121
vt 0.654509 0.505958
vt 0.655420 0.436869
vt 0.809804 0.466945
vt 0.809421 0.467024
vt 0.655006 0.335927
vt 0.820051 0.480872
vt 0.819950 0.481309
vt 0.655006 0.404821
vt 0.655007 0.404491
vt 0.654655 0.542104
vt 0.654545 0.541749
vt 0.655420 0.367975
vt 0.642536 0.544182
vt 0.642426 0.436859
vt 0.642426 0.405187
vt 0.654943 0.572223
vt 0.809421 0.430467
vt 0.642840 0.437235
vt 0.642840 0.436932
vt 0.819921 0.416127
vt 0.217615 0.355667
vt 0.110774 0.124867
vt 0.410301 0.169343
vt 0.086191 0.509524
vt 0.186609 0.509520
vt 0.410301 0.353798
vt 0.236818 0.509520
vt 0.017895 0.453955
vt 0.482947 0.095017
vt 0.482947 0.176920
vt 0.017895 0.546178
vt 0.017895 0.590131
vt 0.553115 0.145342
vt 0.541602 0.346510
vt 0.544662 0.345893
vt 0.556088 0.390419
vt 0.544697 0.264284
vt 0.541602 0.427268
vt 0.541602 0.471241
vt 0.541602 0.182445
vt 0.303598 0.848870
vt 0.306456 0.848402
vt 0.300733 0.848401
vt 0.298298 0.847067
vt 0.308887 0.845411
vt 0.308873 0.847070
vt 0.308892 0.842265
vt 0.308891 0.844350
vt 0.308877 0.839473
vt 0.308889 0.841188
vt 0.861006 0.703978
vt 0.862963 0.703983
vt 0.864086 0.703983
vt 0.866094 0.703980
vt 0.393501 0.848398
vt 0.396365 0.848871
vt 0.399224 0.848399
vt 0.401653 0.845412
vt 0.401644 0.847054
vt 0.401657 0.842271
vt 0.401656 0.844355
vt 0.401647 0.839459
vt 0.401655 0.841190
vt 0.862962 0.611230
vt 0.861005 0.611221
vt 0.866092 0.611225
vt 0.864085 0.611230
vt 0.349984 0.848870
vt 0.352842 0.848402
vt 0.347119 0.848401
vt 0.355273 0.845411
vt 0.355258 0.847070
vt 0.355278 0.842265
vt 0.355277 0.844350
vt 0.355262 0.839473
vt 0.355275 0.841188
vt 0.862963 0.750357
vt 0.861006 0.750352
vt 0.866094 0.750354
vt 0.864086 0.750358
vt 0.437448 0.847053
vt 0.439880 0.848398
vt 0.442744 0.848871
vt 0.445603 0.848398
vt 0.448032 0.845411
vt 0.448023 0.847054
vt 0.448036 0.842271
vt 0.448035 0.844355
vt 0.448034 0.841190
vt 0.448026 0.839459
vt 0.862962 0.657608
vt 0.861005 0.657600
vt 0.866092 0.657603
vt 0.864085 0.657609
vt 0.161310 0.667673
vt 0.591890 0.476374
vt 0.591890 0.323003
vt 0.591890 0.246205
vt 0.594445 0.245901
vt 0.113455 0.667690
vt 0.065673 0.628230
vt 0.211380 0.837328
vt 0.023397 0.843287
vt 0.026757 0.847921
vt 0.028885 0.845661
vt 0.204879 0.843052
vt 0.205661 0.846592
vt 0.811551 0.785891
vt 0.809421 0.783631
vt 0.211383 0.848760
vt 0.814923 0.781258
vt 0.028838 0.841518
vt 0.214644 0.846592
vt 0.809470 0.779488
vt 0.023950 0.837328
vt 0.814357 0.775298
vt 0.865704 0.265162
vt 0.865682 0.276595
vt 0.020025 0.838654
vt 0.017895 0.840914
vt 0.112245 0.839500
vt 0.111457 0.843049
vt 0.112246 0.846591
vt 0.818283 0.776625
vt 0.820411 0.778884
vt 0.117966 0.837328
vt 0.117969 0.848761
vt 0.017945 0.845057
vt 0.121226 0.846591
vt 0.820363 0.783027
vt 0.022831 0.849247
vt 0.815475 0.787217
vt 0.865709 0.312386
vt 0.865674 0.323818
vt 0.258090 0.837328
vt 0.814923 0.733547
vt 0.818283 0.738181
vt 0.820411 0.735921
vt 0.252368 0.839501
vt 0.251588 0.843052
vt 0.252370 0.846592
vt 0.064725 0.841519
vt 0.066216 0.838795
vt 0.258093 0.848760
vt 0.070173 0.843294
vt 0.820363 0.731778
vt 0.261353 0.846592
vt 0.070172 0.837562
vt 0.815475 0.727588
vt 0.075667 0.840914
vt 0.865704 0.217939
vt 0.865682 0.229371
vt 0.811551 0.728914
vt 0.809421 0.731174
vt 0.158955 0.839500
vt 0.158168 0.843049
vt 0.158957 0.846591
vt 0.075618 0.845058
vt 0.074127 0.847780
vt 0.164677 0.837328
vt 0.164680 0.848761
vt 0.809470 0.735317
vt 0.167937 0.846591
vt 0.070172 0.849015
vt 0.814357 0.739507
vt 0.064676 0.845661
vt 0.865709 0.359609
vt 0.865674 0.371041
vt 0.756077 0.559736
vt 0.017943 0.781643
vt 0.756073 0.671966
vt 0.756073 0.615851
vt 0.723355 0.935375
vt 0.948386 0.135354
vt 0.946987 0.331219
vt 0.946909 0.332407
vt 0.949021 0.138033
vt 0.947337 0.333513
vt 0.947621 0.333472
vt 0.948852 0.138478
vt 0.948833 0.138481
vt 0.762777 0.935375
vt 0.949027 0.333259
vt 0.948853 0.333705
vt 0.948834 0.333708
vt 0.946909 0.059080
vt 0.947617 0.060148
vt 0.947336 0.060189
vt 0.949021 0.059940
vt 0.948852 0.060387
vt 0.948832 0.060390
vt 0.946993 0.214077
vt 0.946909 0.215264
vt 0.947336 0.216372
vt 0.947618 0.216331
vt 0.949022 0.216122
vt 0.948852 0.216569
vt 0.948833 0.216572
vt 0.946909 0.137173
vt 0.947617 0.138241
vt 0.947336 0.138281
vt 0.802199 0.935375
vt 0.946987 0.292173
vt 0.946909 0.293361
vt 0.949021 0.177079
vt 0.947337 0.294467
vt 0.947621 0.294426
vt 0.948852 0.177524
vt 0.948833 0.177526
vt 0.841621 0.935375
vt 0.949026 0.294213
vt 0.948853 0.294659
vt 0.948834 0.294662
vt 0.946909 0.098126
vt 0.947617 0.099194
vt 0.947336 0.099235
vt 0.948387 0.096308
vt 0.949021 0.098986
vt 0.948832 0.099435
vt 0.948852 0.099433
vt 0.946993 0.253123
vt 0.946909 0.254310
vt 0.947336 0.255418
vt 0.947617 0.255377
vt 0.949022 0.255168
vt 0.948833 0.255618
vt 0.948852 0.255615
vt 0.946994 0.175031
vt 0.946909 0.176218
vt 0.947617 0.177286
vt 0.947336 0.177326
vt 0.152213 0.890065
vt 0.909289 0.411948
vt 0.905587 0.113188
vt 0.905011 0.115429
vt 0.909768 0.417713
vt 0.906935 0.117761
vt 0.905429 0.117697
vt 0.909047 0.418899
vt 0.908205 0.418871
vt 0.280934 0.890067
vt 0.909775 0.117859
vt 0.909037 0.119044
vt 0.908199 0.119016
vt 0.905591 0.284534
vt 0.905011 0.286774
vt 0.906926 0.289102
vt 0.905436 0.289044
vt 0.909289 0.283439
vt 0.909768 0.289200
vt 0.909048 0.290390
vt 0.908207 0.290362
vt 0.905011 0.201101
vt 0.905434 0.203371
vt 0.906928 0.203429
vt 0.909770 0.203527
vt 0.909046 0.204716
vt 0.908205 0.204689
vt 0.905592 0.413043
vt 0.905011 0.415284
vt 0.905435 0.417553
vt 0.906925 0.417615
vt 0.195120 0.890065
vt 0.905587 0.156024
vt 0.905011 0.158265
vt 0.909768 0.374877
vt 0.905429 0.160534
vt 0.906935 0.160597
vt 0.909047 0.376062
vt 0.908205 0.376035
vt 0.238027 0.890067
vt 0.909775 0.160695
vt 0.909037 0.161880
vt 0.908199 0.161852
vt 0.905592 0.327371
vt 0.905011 0.329610
vt 0.905436 0.331880
vt 0.906926 0.331939
vt 0.909768 0.332036
vt 0.909048 0.333226
vt 0.908207 0.333198
vt 0.905590 0.241697
vt 0.905011 0.243937
vt 0.905434 0.246207
vt 0.906928 0.246266
vt 0.909770 0.246363
vt 0.909046 0.247553
vt 0.908205 0.247525
vt 0.905592 0.370207
vt 0.905011 0.372447
vt 0.906925 0.374779
vt 0.905435 0.374716
vt 0.644486 0.194250
vt 0.654083 0.228651
vt 0.350860 0.018254
vt 0.351087 0.116301
vt 0.043549 0.355983
vt 0.350874 0.214216
vt 0.820023 0.427924
vt 0.580875 0.781226
vt 0.811262 0.368439
vt 0.821724 0.167987
vt 0.823159 0.371626
vt 0.680446 0.781226
vt 0.821718 0.017895
vt 0.823159 0.322098
vt 0.630660 0.781226
vt 0.821318 0.328967
vt 0.818238 0.117974
vt 0.814449 0.330807
vt 0.723101 0.781239
vt 0.730195 0.781226
vt 0.821718 0.067928
vt 0.717848 0.094625
vt 0.373563 0.721281
vt 0.363877 0.723876
vt 0.717849 0.429859
vt 0.356785 0.716785
vt 0.717851 0.262242
vt 0.717842 0.318108
vt 0.717848 0.150501
vt 0.308712 0.704503
vt 0.712933 0.485742
vt 0.318399 0.707098
vt 0.320994 0.716785
vt 0.717851 0.206376
vt 0.717842 0.373983
vt 0.093373 0.552555
vt 0.481915 0.627637
vt 0.486715 0.630405
vt 0.090335 0.569784
vt 0.196124 0.548494
vt 0.208534 0.545751
vt 0.076933 0.572147
vt 0.216929 0.548494
vt 0.211403 0.630401
vt 0.220157 0.627637
vt 0.068186 0.561722
vt 0.258527 0.548486
vt 0.270938 0.545751
vt 0.081588 0.545751
vt 0.446690 0.057501
vt 0.065193 0.245869
vt 0.446690 0.017986
vt 0.102783 0.370577
vt 0.142298 0.370567
vt 0.224097 0.140626
vt 0.102783 0.389692
vt 0.142298 0.389682
vt 0.102905 0.405410
vt 0.410350 0.133016
vt 0.410350 0.093499
vt 0.142421 0.405400
vt 0.428285 0.133061
vt 0.428285 0.093544
vt 0.271394 0.124721
vt 0.446689 0.133026
vt 0.446689 0.093509
vt 0.178362 0.370423
vt 0.217879 0.370414
vt 0.178362 0.389531
vt 0.065704 0.295767
vt 0.217879 0.389521
vt 0.178439 0.405393
vt 0.410350 0.057486
vt 0.410350 0.017970
vt 0.217956 0.405383
vt 0.253840 0.180694
vt 0.428290 0.057558
vt 0.428290 0.018042
vt 0.154335 0.017993
vt 0.154151 0.319687
vt 0.085010 0.042073
vt 0.154151 0.240160
vt 0.035031 0.204196
vt 0.035031 0.124669
vt 0.056893 0.204201
vt 0.051234 0.017993
vt 0.056893 0.124674
vt 0.188306 0.063880
vt 0.074870 0.204065
vt 0.190457 0.319673
vt 0.190457 0.240143
vt 0.074870 0.124538
vt 0.210969 0.319724
vt 0.210969 0.240195
vt 0.154967 0.088562
vt 0.232018 0.319684
vt 0.232018 0.240154
vt 0.127683 0.204147
vt 0.127683 0.124618
vt 0.149537 0.204153
vt 0.149537 0.124623
vt 0.167678 0.204069
vt 0.112589 0.319669
vt 0.112589 0.240143
vt 0.167678 0.124539
vt 0.133106 0.319751
vt 0.133106 0.240225
vt 0.267290 0.661563
vt 0.756024 0.358271
vt 0.771156 0.467817
vt 0.756024 0.468326
vt 0.369135 0.661264
vt 0.318213 0.661563
vt 0.771157 0.412824
vt 0.756024 0.413294
vt 0.756024 0.523321
vt 0.420059 0.661264
vt 0.859162 0.419365
vt 0.572780 0.850527
vt 0.659156 0.850534
vt 0.859162 0.516253
vt 0.859162 0.467862
vt 0.615968 0.850526
vt 0.702342 0.850534
vt 0.859162 0.564662
vt 0.905011 0.682113
vt 0.947627 0.451055
vt 0.947052 0.447787
vt 0.947052 0.877549
vt 0.216477 0.942253
vt 0.213205 0.942807
vt 0.905011 0.727383
vt 0.947052 0.486859
vt 0.947052 0.916616
vt 0.138351 0.942253
vt 0.135080 0.942807
vt 0.017895 0.942883
vt 0.947052 0.369643
vt 0.947052 0.682215
vt 0.372727 0.942253
vt 0.369455 0.942807
vt 0.905011 0.772652
vt 0.947052 0.525931
vt 0.018038 0.978837
vt 0.099289 0.942253
vt 0.096017 0.942807
vt 0.905011 0.636844
vt 0.947052 0.565004
vt 0.947052 0.838482
vt 0.255539 0.942253
vt 0.252267 0.942807
vt 0.905011 0.817921
vt 0.947052 0.604076
vt 0.947052 0.721282
vt 0.294602 0.942253
vt 0.291330 0.942807
vt 0.056956 0.942883
vt 0.947052 0.408715
vt 0.947052 0.760349
vt 0.333664 0.942253
vt 0.330393 0.942807
vt 0.905011 0.863190
vt 0.947052 0.643148
vt 0.947627 0.802683
vt 0.947052 0.799416
vt 0.177414 0.942253
vt 0.174142 0.942807
vt 0.766858 0.285896
vt 0.768414 0.635667
vt 0.768414 0.615534
vt 0.759368 0.579558
vt 0.759368 0.559426
vt 0.773459 0.292052
vt 0.764009 0.579567
vt 0.764009 0.559435
vt 0.773622 0.296722
vt 0.768450 0.579550
vt 0.768450 0.559417
vt 0.021189 0.801455
vt 0.021189 0.781322
vt 0.767466 0.303323
vt 0.025816 0.801462
vt 0.025816 0.781328
vt 0.030283 0.801451
vt 0.030283 0.781318
vt 0.759329 0.691779
vt 0.759329 0.671645
vt 0.756195 0.297329
vt 0.763959 0.691785
vt 0.763959 0.671652
vt 0.756032 0.292660
vt 0.768421 0.691774
vt 0.768421 0.671641
vt 0.759320 0.635673
vt 0.759320 0.615541
vt 0.762188 0.286058
vt 0.763947 0.635683
vt 0.763947 0.615551
vt 0.905011 0.461339
vt 0.565789 0.933582
vt 0.605706 0.933574
vt 0.905010 0.503894
vt 0.879229 0.937000
vt 0.859162 0.128115
vt 0.859162 0.181993
vt 0.946909 0.021314
vt 0.859162 0.796542
vt 0.483827 0.850419
vt 0.528304 0.850426
vt 0.859162 0.842819
vt 0.056527 0.981200
vt 0.645482 0.940755
vt 0.683513 0.940760
vt 0.094556 0.981187
vt 0.352090 0.355631
vt 0.606377 0.172606
vt 0.318527 0.553109
vt 0.353762 0.399202
vt 0.606050 0.136748
vt 0.328700 0.363739
vt 0.382427 0.553003
vt 0.592074 0.099837
vt 0.592213 0.209445
vt 0.107887 0.886772
vt 0.809421 0.634506
vt 0.111998 0.739745
vt 0.105447 0.890802
vt 0.108525 0.894368
vt 0.820825 0.637540
vt 0.701485 0.612620
vt 0.816863 0.643664
vt 0.708170 0.647445
vt 0.809815 0.689666
vt 0.064506 0.886772
vt 0.809421 0.682384
vt 0.155343 0.739745
vt 0.062066 0.890802
vt 0.816225 0.679758
vt 0.820825 0.685418
vt 0.069487 0.892543
vt 0.701485 0.541590
vt 0.708170 0.576415
vt 0.069093 0.887848
vt 0.373747 0.276026
vt 0.325121 0.079854
vt 0.356713 0.213921
vt 0.289069 0.036741
vt 0.347791 0.080068
vt 0.023101 0.886535
vt 0.353458 0.017959
vt 0.374150 0.080068
vt 0.325121 0.177856
vt 0.356709 0.017959
vt 0.347537 0.177988
vt 0.353662 0.115999
vt 0.373990 0.177988
vt 0.356925 0.115999
vt 0.040117 0.417672
vt 0.020900 0.894691
vt 0.046129 0.355680
vt 0.066550 0.417672
vt 0.049390 0.355680
vt 0.347297 0.276026
vt 0.353450 0.213921
vt 0.412092 0.704514
vt 0.643143 0.651045
vt 0.642568 0.610131
vt 0.701217 0.058834
vt 0.700642 0.017920
vt 0.451411 0.704522
vt 0.642426 0.368535
vt 0.642426 0.504082
vt 0.642426 0.473337
vt 0.642824 0.574301
vt 0.810139 0.430848
vt 0.142495 0.355617
vt 0.017895 0.124450
vt 0.428274 0.225324
vt 0.172312 0.453540
vt 0.428258 0.409778
vt 0.071893 0.453540
vt 0.410446 0.261155
vt 0.428274 0.317552
vt 0.222521 0.453540
vt 0.035852 0.509936
vt 0.122102 0.453540
vt 0.136303 0.509937
vt 0.497299 0.140681
vt 0.592011 0.017895
vt 0.603326 0.063973
vt 0.541748 0.017895
vt 0.555942 0.063974
vt 0.419299 0.545751
vt 0.430616 0.591831
vt 0.497299 0.222584
vt 0.513952 0.545751
vt 0.525267 0.591829
vt 0.483093 0.422403
vt 0.497286 0.468482
vt 0.466625 0.545751
vt 0.477942 0.591831
vt 0.267706 0.627637
vt 0.756441 0.339284
vt 0.369552 0.627638
vt 0.756440 0.449330
vt 0.318629 0.627637
vt 0.756441 0.394307
vt 0.420475 0.627637
vt 0.756440 0.504324
vt 0.859578 0.406832
vt 0.573196 0.837328
vt 0.859578 0.503825
vt 0.659572 0.837328
vt 0.859578 0.455329
vt 0.616384 0.837328
vt 0.859578 0.552234
vt 0.702758 0.837328
vt 0.497199 0.304620
vt 0.032263 0.590668
vt 0.541725 0.100057
vt 0.483069 0.258766
vt 0.555967 0.309321
vt 0.483070 0.340781
vt 0.497202 0.386613
vt 0.555960 0.471825
vt 0.553020 0.227661
vt 0.867029 0.703976
vt 0.867027 0.611218
vt 0.867029 0.750350
vt 0.867027 0.657597
vt 0.029882 0.668291
vt 0.161454 0.627637
vt 0.173254 0.668175
vt 0.601398 0.516735
vt 0.594414 0.322681
vt 0.603824 0.363012
vt 0.018017 0.627811
vt 0.603833 0.286269
vt 0.592012 0.399106
vt 0.603878 0.439577
vt 0.113455 0.628062
vt 0.125390 0.668214
vt 0.075181 0.668576
vt 0.905011 0.672884
vt 0.949749 0.448189
vt 0.213621 0.933559
vt 0.949750 0.877956
vt 0.905011 0.718153
vt 0.949749 0.487262
vt 0.135496 0.933559
vt 0.949750 0.917023
vt 0.017895 0.933653
vt 0.949749 0.370045
vt 0.369872 0.933559
vt 0.949750 0.682622
vt 0.905011 0.763422
vt 0.949749 0.526334
vt 0.096434 0.933559
vt 0.020736 0.979244
vt 0.905011 0.627614
vt 0.949749 0.565406
vt 0.252684 0.933559
vt 0.949750 0.838889
vt 0.905011 0.808691
vt 0.949749 0.604478
vt 0.291747 0.933559
vt 0.949750 0.721689
vt 0.056956 0.933653
vt 0.949749 0.409117
vt 0.330809 0.933559
vt 0.949750 0.760756
vt 0.905011 0.853961
vt 0.949654 0.643134
vt 0.174559 0.933559
vt 0.949750 0.799823
vt 0.905426 0.454690
vt 0.569772 0.933975
vt 0.905427 0.497296
vt 0.609691 0.933975
vt 0.879645 0.933559
vt 0.859578 0.110200
vt 0.947326 0.017895
vt 0.859578 0.164068
vt 0.722407 0.933758
vt 0.949930 0.137891
vt 0.721542 0.934904
vt 0.721740 0.936325
vt 0.949924 0.333115
vt 0.722886 0.937190
vt 0.724308 0.936992
vt 0.949930 0.059801
vt 0.725173 0.935846
vt 0.724975 0.934425
vt 0.949929 0.215982
vt 0.723829 0.933559
vt 0.801251 0.933758
vt 0.949930 0.176936
vt 0.800386 0.934903
vt 0.800584 0.936325
vt 0.949924 0.294069
vt 0.801730 0.937190
vt 0.803151 0.936992
vt 0.949930 0.098847
vt 0.804017 0.935846
vt 0.803818 0.934424
vt 0.949929 0.255028
vt 0.802673 0.933559
vt 0.859577 0.786149
vt 0.484243 0.837328
vt 0.859578 0.832511
vt 0.528720 0.837328
vt 0.056527 0.978923
vt 0.645898 0.933559
vt 0.094972 0.978829
vt 0.683929 0.933559
vt 0.150591 0.886661
vt 0.910687 0.417738
vt 0.148659 0.888808
vt 0.148812 0.891693
vt 0.910684 0.117884
vt 0.150960 0.893624
vt 0.153844 0.893471
vt 0.910688 0.289227
vt 0.155775 0.891324
vt 0.155623 0.888439
vt 0.910687 0.203554
vt 0.153475 0.886508
vt 0.193498 0.886661
vt 0.910687 0.374902
vt 0.191566 0.888808
vt 0.191719 0.891692
vt 0.910684 0.160720
vt 0.193867 0.893624
vt 0.196751 0.893471
vt 0.910688 0.332064
vt 0.198683 0.891324
vt 0.198530 0.888439
vt 0.910687 0.246391
vt 0.196382 0.886508
vt 0.369070 0.586780
vt 0.605820 0.172539
vt 0.332336 0.587238
vt 0.592631 0.099774
vt 0.644587 0.264881
vt 0.654044 0.300110
vt 0.415479 0.704918
vt 0.648637 0.610092
vt 0.454679 0.704503
vt 0.706713 0.017895
vt 0.642840 0.335937
vt 0.654590 0.572366
vt 0.655006 0.368681
vt 0.820023 0.416563
vt 0.541602 0.264876
vt 0.391069 0.847053
vt 0.344683 0.847067
vt 0.208927 0.837328
vt 0.027346 0.847780
vt 0.028838 0.845057
vt 0.205659 0.839501
vt 0.810961 0.785750
vt 0.809470 0.783027
vt 0.208930 0.848760
vt 0.028886 0.840914
vt 0.809421 0.778884
vt 0.026441 0.838138
vt 0.023391 0.837561
vt 0.811865 0.776107
vt 0.814917 0.775531
vt 0.863342 0.265162
vt 0.863320 0.276595
vt 0.019435 0.838795
vt 0.017945 0.841518
vt 0.818871 0.776765
vt 0.820363 0.779488
vt 0.115514 0.837328
vt 0.115517 0.848761
vt 0.017895 0.845661
vt 0.820411 0.783631
vt 0.020340 0.848438
vt 0.023391 0.849014
vt 0.817967 0.786408
vt 0.814917 0.786984
vt 0.863347 0.312386
vt 0.863312 0.323818
vt 0.255637 0.837328
vt 0.818871 0.738040
vt 0.820363 0.735317
vt 0.064676 0.840914
vt 0.066806 0.838655
vt 0.255640 0.848760
vt 0.820411 0.731174
vt 0.070731 0.837328
vt 0.817967 0.728398
vt 0.814917 0.727821
vt 0.074127 0.838795
vt 0.075618 0.841519
vt 0.863342 0.217939
vt 0.863320 0.229371
vt 0.810961 0.729055
vt 0.809470 0.731778
vt 0.075667 0.845661
vt 0.073538 0.847921
vt 0.162225 0.837328
vt 0.162228 0.848761
vt 0.809421 0.735921
vt 0.069612 0.849247
vt 0.811866 0.738698
vt 0.814917 0.739274
vt 0.066216 0.847780
vt 0.064725 0.845058
vt 0.863347 0.359609
vt 0.863312 0.371041
vt 0.948376 0.330583
vt 0.946994 0.057893
vt 0.948387 0.057262
vt 0.948384 0.213445
vt 0.946994 0.135985
vt 0.948386 0.174400
vt 0.948376 0.291537
vt 0.946994 0.096939
vt 0.948384 0.252491
vt 0.909282 0.112093
vt 0.905590 0.198861
vt 0.909287 0.197766
vt 0.909289 0.369112
vt 0.909282 0.154930
vt 0.909289 0.326275
vt 0.909287 0.240602
vt 0.820051 0.469438
s 1
f 5/1/1 13/2/2 86/3/3
f 3/4/4 11/5/5 4/6/6
f 85/7/7 9/8/8 2/9/9
f 86/10/3 14/11/10 6/12/11
f 4/6/6 12/13/12 5/1/1
f 2/14/9 10/15/13 3/4/4
f 85/7/7 1/16/14 8/17/15
f 7/18/16 6/12/11 14/11/10
f 13/19/2 21/20/17 14/11/10
f 11/5/5 19/21/18 12/13/12
f 9/22/8 17/23/19 10/15/13
f 8/17/15 1/16/14 15/24/20
f 7/18/16 14/11/10 21/20/17
f 12/13/12 20/25/21 13/2/2
f 10/15/13 18/26/22 11/5/5
f 8/17/15 16/27/23 9/8/8
f 16/28/23 24/29/24 17/23/19
f 15/24/20 1/16/14 22/30/25
f 7/18/16 21/20/17 28/31/26
f 19/21/18 27/32/27 20/25/21
f 17/23/19 25/33/28 18/26/22
f 15/24/20 23/34/29 16/27/23
f 20/35/21 28/31/26 21/20/17
f 18/26/22 26/36/30 19/21/18
f 7/18/16 28/31/26 35/37/31
f 26/38/30 34/39/32 27/40/27
f 24/41/24 32/42/33 25/43/28
f 22/30/25 30/44/34 23/34/29
f 28/31/26 34/45/32 35/37/31
f 26/38/30 32/42/33 33/46/35
f 23/47/29 31/48/36 24/41/24
f 22/30/25 1/16/14 29/49/37
f 29/49/37 37/50/38 30/44/34
f 34/45/32 42/51/39 35/37/31
f 33/46/35 39/52/40 40/53/41
f 30/54/34 38/55/42 31/48/36
f 29/49/37 1/16/14 36/56/43
f 7/18/16 35/37/31 42/51/39
f 34/39/32 40/53/41 41/57/44
f 31/48/36 39/52/40 32/42/33
f 41/58/44 49/59/45 42/51/39
f 40/53/41 46/60/46 47/61/47
f 37/62/38 45/63/48 38/55/42
f 36/56/43 1/16/14 43/64/49
f 7/18/16 42/51/39 49/59/45
f 40/53/41 48/65/50 41/57/44
f 38/55/42 46/60/46 39/52/40
f 37/50/38 43/64/49 44/66/51
f 43/64/49 1/16/14 50/67/52
f 7/18/16 49/59/45 56/68/53
f 47/69/47 55/70/54 48/71/50
f 45/72/48 53/73/55 46/74/46
f 43/64/49 51/75/56 44/66/51
f 48/76/50 56/68/53 49/59/45
f 47/69/47 53/73/55 54/77/57
f 44/78/51 52/79/58 45/72/48
f 55/70/54 61/80/59 62/81/60
f 52/79/58 60/82/61 53/73/55
f 50/67/52 58/83/62 51/75/56
f 56/68/53 62/84/60 63/85/63
f 54/77/57 60/82/61 61/80/59
f 51/86/56 59/87/64 52/79/58
f 50/67/52 1/16/14 57/88/65
f 7/18/16 56/68/53 63/85/63
f 62/84/60 70/89/66 63/85/63
f 61/80/59 67/90/67 68/91/68
f 58/92/62 66/93/69 59/87/64
f 57/88/65 1/16/14 64/94/70
f 7/18/16 63/85/63 70/89/66
f 62/81/60 68/91/68 69/95/71
f 59/87/64 67/90/67 60/82/61
f 57/88/65 65/96/72 58/83/62
f 68/97/68 74/98/73 75/99/74
f 65/100/72 73/101/75 66/102/69
f 64/94/70 1/16/14 71/103/76
f 7/18/16 70/89/66 77/104/77
f 69/105/71 75/99/74 76/106/78
f 66/102/69 74/98/73 67/107/67
f 64/94/70 72/108/79 65/96/72
f 69/109/71 77/104/77 70/89/66
f 7/18/16 77/104/77 84/110/80
f 75/99/74 83/111/81 76/106/78
f 73/101/75 81/112/82 74/98/73
f 71/103/76 79/113/83 72/108/79
f 76/114/78 84/110/80 77/104/77
f 74/98/73 82/115/84 75/99/74
f 72/116/79 80/117/85 73/101/75
f 71/103/76 1/16/14 78/118/86
f 80/117/85 4/119/6 81/112/82
f 78/118/86 2/9/9 79/113/83
f 83/120/81 6/12/11 84/110/80
f 82/115/84 4/119/6 5/121/1
f 79/122/83 3/123/4 80/117/85
f 78/118/86 1/16/14 85/7/7
f 7/18/16 84/110/80 6/12/11
f 83/111/81 5/121/1 86/124/3
f 91/125/1 99/126/2 172/127/3
f 89/128/4 97/129/5 90/130/6
f 171/131/7 95/132/8 88/133/9
f 172/134/3 100/135/10 92/136/11
f 90/130/6 98/137/12 91/125/1
f 88/138/9 96/139/13 89/128/4
f 171/131/7 87/140/14 94/141/15
f 93/142/16 92/136/11 100/135/10
f 99/143/2 107/144/17 100/135/10
f 97/129/5 105/145/18 98/137/12
f 95/146/8 103/147/19 96/139/13
f 94/141/15 87/140/14 101/148/20
f 93/142/16 100/135/10 107/144/17
f 98/137/12 106/149/21 99/126/2
f 96/139/13 104/150/22 97/129/5
f 94/141/15 102/151/23 95/132/8
f 102/152/23 110/153/24 103/147/19
f 101/148/20 87/140/14 108/154/25
f 93/142/16 107/144/17 114/155/26
f 106/149/21 112/156/30 113/157/27
f 103/147/19 111/158/28 104/150/22
f 102/151/23 108/154/25 109/159/29
f 107/144/17 113/160/27 114/155/26
f 104/150/22 112/156/30 105/145/18
f 93/142/16 114/155/26 121/161/31
f 112/162/30 120/163/32 113/164/27
f 110/165/24 118/166/33 111/167/28
f 108/154/25 116/168/34 109/159/29
f 113/160/27 121/161/31 114/155/26
f 111/167/28 119/169/35 112/162/30
f 109/170/29 117/171/36 110/165/24
f 108/154/25 87/140/14 115/172/37
f 115/172/37 123/173/38 116/168/34
f 121/161/31 127/174/44 128/175/39
f 118/166/33 126/176/41 119/169/35
f 116/177/34 124/178/42 117/171/36
f 115/172/37 87/140/14 122/179/43
f 93/142/16 121/161/31 128/175/39
f 120/163/32 126/176/41 127/180/44
f 117/171/36 125/181/40 118/166/33
f 127/174/44 135/182/45 128/175/39
f 126/176/41 132/183/46 133/184/47
f 124/178/42 130/185/51 131/186/48
f 122/179/43 87/140/14 129/187/49
f 93/142/16 128/175/39 135/182/45
f 126/176/41 134/188/50 127/180/44
f 124/178/42 132/183/46 125/181/40
f 123/173/38 129/187/49 130/189/51
f 129/187/49 87/140/14 136/190/52
f 93/142/16 135/182/45 142/191/53
f 133/192/47 141/193/54 134/194/50
f 131/195/48 139/196/55 132/197/46
f 129/187/49 137/198/56 130/189/51
f 135/182/45 141/199/54 142/191/53
f 133/192/47 139/196/55 140/200/57
f 130/201/51 138/202/58 131/195/48
f 140/200/57 148/203/60 141/193/54
f 138/202/58 146/204/61 139/196/55
f 136/190/52 144/205/62 137/198/56
f 142/191/53 148/206/60 149/207/63
f 140/200/57 146/204/61 147/208/59
f 138/202/58 144/209/62 145/210/64
f 136/190/52 87/140/14 143/211/65
f 93/142/16 142/191/53 149/207/63
f 148/206/60 156/212/66 149/207/63
f 147/208/59 153/213/67 154/214/68
f 144/209/62 152/215/69 145/210/64
f 143/211/65 87/140/14 150/216/70
f 93/142/16 149/207/63 156/212/66
f 148/203/60 154/214/68 155/217/71
f 145/210/64 153/213/67 146/204/61
f 143/211/65 151/218/72 144/205/62
f 154/219/68 160/220/73 161/221/74
f 151/222/72 159/223/75 152/224/69
f 150/216/70 87/140/14 157/225/76
f 93/142/16 156/212/66 163/226/77
f 154/219/68 162/227/78 155/228/71
f 152/224/69 160/220/73 153/229/67
f 150/216/70 158/230/79 151/218/72
f 155/231/71 163/226/77 156/212/66
f 93/142/16 163/226/77 170/232/80
f 161/221/74 169/233/81 162/227/78
f 159/223/75 167/234/82 160/220/73
f 157/225/76 165/235/83 158/230/79
f 162/236/78 170/232/80 163/226/77
f 161/221/74 167/234/82 168/237/84
f 158/238/79 166/239/85 159/223/75
f 157/225/76 87/140/14 164/240/86
f 166/239/85 90/241/6 167/234/82
f 165/235/83 171/131/7 88/133/9
f 169/242/81 92/136/11 170/232/80
f 168/237/84 90/241/6 91/243/1
f 165/244/83 89/245/4 166/239/85
f 164/240/86 87/140/14 171/131/7
f 93/142/16 170/232/80 92/136/11
f 168/237/84 172/246/3 169/233/81
f 257/247/1 181/248/2 258/249/3
f 255/250/4 179/251/5 256/252/6
f 254/253/9 176/254/15 177/255/8
f 258/256/3 182/257/10 174/258/11
f 256/252/6 180/259/12 257/247/1
f 254/260/9 178/261/13 255/250/4
f 253/262/7 173/263/14 176/254/15
f 175/264/16 174/258/11 182/257/10
f 181/265/2 189/266/17 182/257/10
f 179/251/5 187/267/18 180/259/12
f 177/268/8 185/269/19 178/261/13
f 176/254/15 173/263/14 183/270/20
f 175/264/16 182/257/10 189/266/17
f 181/248/2 187/267/18 188/271/21
f 178/261/13 186/272/22 179/251/5
f 176/254/15 184/273/23 177/255/8
f 184/274/23 192/275/24 185/269/19
f 183/270/20 173/263/14 190/276/25
f 175/264/16 189/266/17 196/277/26
f 187/267/18 195/278/27 188/271/21
f 185/269/19 193/279/28 186/272/22
f 184/273/23 190/276/25 191/280/29
f 188/281/21 196/277/26 189/266/17
f 186/272/22 194/282/30 187/267/18
f 175/264/16 196/277/26 203/283/31
f 194/284/30 202/285/32 195/286/27
f 192/287/24 200/288/33 193/289/28
f 191/280/29 197/290/37 198/291/34
f 195/292/27 203/283/31 196/277/26
f 193/289/28 201/293/35 194/284/30
f 191/294/29 199/295/36 192/287/24
f 190/276/25 173/263/14 197/290/37
f 197/290/37 205/296/38 198/291/34
f 203/283/31 209/297/44 210/298/87
f 200/288/33 208/299/41 201/293/35
f 198/300/34 206/301/42 199/295/36
f 197/290/37 173/263/14 204/302/43
f 175/264/16 203/283/31 210/298/87
f 201/293/35 209/303/44 202/285/32
f 199/295/36 207/304/40 200/288/33
f 209/297/44 217/305/45 210/298/87
f 207/304/40 215/306/47 208/299/41
f 205/307/38 213/308/48 206/301/42
f 204/302/43 173/263/14 211/309/49
f 175/264/16 210/298/87 217/305/45
f 208/299/41 216/310/50 209/303/44
f 206/301/42 214/311/46 207/304/40
f 204/302/43 212/312/51 205/296/38
f 211/309/49 173/263/14 218/313/88
f 175/264/16 217/305/45 224/314/89
f 216/315/50 222/316/57 223/317/54
f 213/318/48 221/319/55 214/320/46
f 211/309/49 219/321/56 212/312/51
f 217/305/45 223/322/54 224/314/89
f 214/320/46 222/316/57 215/323/47
f 212/324/51 220/325/58 213/318/48
f 222/316/57 230/326/60 223/317/54
f 220/325/58 228/327/61 221/319/55
f 219/321/56 225/328/65 226/329/62
f 223/322/54 231/330/63 224/314/89
f 221/319/55 229/331/59 222/316/57
f 219/332/56 227/333/64 220/325/58
f 218/313/88 173/263/14 225/328/65
f 175/264/16 224/314/89 231/330/63
f 231/330/63 237/334/71 238/335/66
f 228/327/61 236/336/68 229/331/59
f 226/337/62 234/338/69 227/333/64
f 225/328/65 173/263/14 232/339/70
f 175/264/16 231/330/63 238/335/66
f 229/331/59 237/340/71 230/326/60
f 227/333/64 235/341/67 228/327/61
f 225/328/65 233/342/72 226/329/62
f 235/343/67 243/344/74 236/345/68
f 233/346/72 241/347/75 234/348/69
f 232/339/70 173/263/14 239/349/76
f 175/264/16 238/335/66 245/350/77
f 237/351/71 243/344/74 244/352/78
f 234/348/69 242/353/73 235/343/67
f 232/339/70 240/354/79 233/342/72
f 238/335/66 244/355/78 245/350/77
f 175/264/16 245/350/77 252/356/80
f 244/352/78 250/357/84 251/358/81
f 241/347/75 249/359/82 242/353/73
f 240/354/79 246/360/90 247/361/83
f 244/355/78 252/356/80 245/350/77
f 242/353/73 250/357/84 243/344/74
f 240/362/79 248/363/85 241/347/75
f 239/349/76 173/263/14 246/360/90
f 248/363/85 256/364/6 249/359/82
f 246/360/90 254/253/9 247/361/83
f 251/365/81 174/258/11 252/356/80
f 249/359/82 257/366/1 250/357/84
f 247/367/83 255/368/4 248/363/85
f 246/360/90 173/263/14 253/262/7
f 175/264/16 252/356/80 174/258/11
f 251/358/81 257/366/1 258/369/3
f 344/370/3 266/371/12 267/372/2
f 341/373/4 265/374/5 342/375/6
f 340/376/9 262/377/15 263/378/8
f 344/379/3 268/380/10 260/381/11
f 342/375/6 266/371/12 343/382/1
f 340/383/9 264/384/13 341/373/4
f 339/385/7 259/386/14 262/377/15
f 261/387/16 260/381/11 268/380/10
f 267/388/2 275/389/17 268/380/10
f 265/374/5 273/390/18 266/371/12
f 263/391/8 271/392/19 264/384/13
f 262/377/15 259/386/14 269/393/20
f 261/387/16 268/380/10 275/389/17
f 266/371/12 274/394/21 267/372/2
f 264/384/13 272/395/22 265/374/5
f 262/377/15 270/396/23 263/378/8
f 270/397/23 278/398/24 271/392/19
f 269/393/20 259/386/14 276/399/25
f 261/387/16 275/389/17 282/400/26
f 273/390/18 281/401/27 274/394/21
f 271/392/19 279/402/28 272/395/22
f 269/393/20 277/403/29 270/396/23
f 274/404/21 282/400/26 275/389/17
f 272/395/22 280/405/30 273/390/18
f 261/387/16 282/400/26 289/406/31
f 280/407/30 288/408/32 281/409/27
f 278/410/24 286/411/33 279/412/28
f 277/403/29 283/413/37 284/414/34
f 281/415/27 289/406/31 282/400/26
f 279/412/28 287/416/35 280/407/30
f 277/417/29 285/418/36 278/410/24
f 276/399/25 259/386/14 283/413/37
f 284/414/34 290/419/91 291/420/38
f 289/406/31 295/421/44 296/422/87
f 286/411/33 294/423/41 287/416/35
f 284/424/34 292/425/42 285/418/36
f 283/413/37 259/386/14 290/419/91
f 261/387/16 289/406/31 296/422/87
f 288/408/32 294/423/41 295/426/44
f 285/418/36 293/427/40 286/411/33
f 295/421/44 303/428/45 296/422/87
f 293/427/40 301/429/47 294/423/41
f 292/425/42 298/430/51 299/431/48
f 290/419/91 259/386/14 297/432/49
f 261/387/16 296/422/87 303/428/45
f 294/423/41 302/433/50 295/426/44
f 292/425/42 300/434/46 293/427/40
f 291/420/38 297/432/49 298/435/51
f 297/432/49 259/386/14 304/436/52
f 261/387/16 303/428/45 310/437/89
f 301/438/47 309/439/54 302/440/50
f 299/441/48 307/442/55 300/443/46
f 298/435/51 304/436/52 305/444/56
f 303/428/45 309/445/54 310/437/89
f 300/443/46 308/446/57 301/438/47
f 298/447/51 306/448/58 299/441/48
f 309/439/54 315/449/59 316/450/60
f 306/448/58 314/451/61 307/442/55
f 305/444/56 311/452/65 312/453/62
f 309/445/54 317/454/63 310/437/89
f 307/442/55 315/449/59 308/446/57
f 305/455/56 313/456/64 306/448/58
f 304/436/52 259/386/14 311/452/65
f 261/387/16 310/437/89 317/454/63
f 317/454/63 323/457/71 324/458/66
f 314/451/61 322/459/68 315/449/59
f 312/460/62 320/461/69 313/456/64
f 311/452/65 259/386/14 318/462/70
f 261/387/16 317/454/63 324/458/66
f 315/449/59 323/463/71 316/450/60
f 313/456/64 321/464/67 314/451/61
f 311/452/65 319/465/72 312/453/62
f 321/466/67 329/467/74 322/468/68
f 319/469/72 327/470/75 320/471/69
f 318/462/70 259/386/14 325/472/76
f 261/387/16 324/458/66 331/473/77
f 322/468/68 330/474/78 323/475/71
f 320/471/69 328/476/73 321/466/67
f 319/465/72 325/472/76 326/477/79
f 323/457/71 331/473/77 324/458/66
f 261/387/16 331/473/77 338/478/80
f 330/474/78 336/479/84 337/480/81
f 327/470/75 335/481/82 328/476/73
f 325/472/76 333/482/83 326/477/79
f 330/483/78 338/478/80 331/473/77
f 329/467/74 335/481/82 336/479/84
f 326/484/79 334/485/85 327/470/75
f 325/472/76 259/386/14 332/486/90
f 334/485/85 342/487/6 335/481/82
f 332/486/90 340/376/9 333/482/83
f 337/488/81 260/381/11 338/478/80
f 335/481/82 343/489/1 336/479/84
f 333/490/83 341/491/4 334/485/85
f 332/486/90 259/386/14 339/385/7
f 261/387/16 338/478/80 260/381/11
f 337/480/81 343/489/1 344/492/3
f 365/493/92 345/494/14 347/495/93
f 346/496/16 366/497/94 348/498/95
f 347/495/93 345/494/14 349/499/96
f 346/496/16 348/498/95 350/500/97
f 349/499/96 345/494/14 351/501/98
f 346/496/16 350/500/97 352/502/99
f 346/496/16 352/502/99 354/503/100
f 351/501/98 345/494/14 353/504/101
f 353/504/101 345/494/14 355/505/102
f 346/496/16 354/503/100 356/506/103
f 355/505/102 345/494/14 357/507/104
f 346/496/16 356/506/103 358/508/105
f 357/507/104 345/494/14 359/509/106
f 346/496/16 358/508/105 360/510/107
f 359/509/106 345/494/14 361/511/108
f 346/496/16 360/510/107 362/512/109
f 361/511/108 345/494/14 363/513/110
f 346/496/16 362/512/109 364/514/111
f 363/513/110 345/494/14 365/493/92
f 346/496/16 364/514/111 366/497/94
f 387/515/92 367/516/14 369/517/93
f 368/518/16 388/519/94 370/520/95
f 369/517/93 367/516/14 371/521/96
f 368/518/16 370/520/95 372/522/97
f 371/521/96 367/516/14 373/523/98
f 368/518/16 372/522/97 374/524/99
f 368/518/16 374/524/99 376/525/100
f 373/523/98 367/516/14 375/526/101
f 375/526/101 367/516/14 377/527/102
f 368/518/16 376/525/100 378/528/103
f 377/527/102 367/516/14 379/529/104
f 368/518/16 378/528/103 380/530/105
f 379/529/104 367/516/14 381/531/106
f 368/518/16 380/530/105 382/532/107
f 381/531/106 367/516/14 383/533/108
f 368/518/16 382/532/107 384/534/109
f 383/533/108 367/516/14 385/535/110
f 368/518/16 384/534/109 386/536/111
f 385/535/110 367/516/14 387/515/92
f 368/518/16 386/536/111 388/519/94
f 625/537/112 405/538/113 626/539/114
f 618/540/115 398/541/116 619/542/117
f 626/539/114 406/543/118 627/544/119
f 620/545/120 398/546/116 399/547/121
f 627/544/119 407/548/122 628/549/123
f 620/545/120 400/550/124 621/551/125
f 394/552/16 628/549/123 407/548/122
f 621/551/125 401/553/126 622/554/6
f 622/554/6 402/555/127 623/556/128
f 616/557/129 393/558/14 395/559/130
f 624/560/131 402/555/127 403/561/132
f 617/562/133 395/559/130 396/563/134
f 624/560/131 404/564/135 625/565/112
f 618/540/115 396/563/134 397/566/136
f 405/538/113 419/567/137 406/543/118
f 398/568/116 412/569/138 399/570/121
f 406/543/118 420/571/139 407/548/122
f 399/570/121 413/572/140 400/573/124
f 394/552/16 407/548/122 420/571/139
f 400/573/124 414/574/141 401/575/126
f 401/575/126 415/576/142 402/577/127
f 395/559/130 393/558/14 408/578/143
f 402/577/127 416/579/144 403/580/132
f 395/559/130 409/581/145 396/563/134
f 403/580/132 417/582/146 404/583/135
f 396/563/134 410/584/147 397/566/136
f 404/585/135 418/586/148 405/538/113
f 397/566/136 411/587/149 398/541/116
f 411/588/149 425/589/150 412/569/138
f 419/567/137 433/590/151 420/571/139
f 413/572/140 425/589/150 426/591/152
f 394/552/16 420/571/139 433/590/151
f 413/572/140 427/592/22 414/574/141
f 415/576/142 427/592/22 428/593/153
f 408/578/143 393/558/14 421/594/154
f 415/576/142 429/595/155 416/579/144
f 408/578/143 422/596/156 409/581/145
f 416/579/144 430/597/157 417/582/146
f 410/584/147 422/596/156 423/598/158
f 418/586/148 430/599/157 431/600/159
f 410/601/147 424/602/160 411/588/149
f 418/586/148 432/603/161 419/567/137
f 432/603/161 446/604/162 433/590/151
f 425/589/150 439/605/163 426/591/152
f 394/552/16 433/590/151 446/604/162
f 426/591/152 440/606/164 427/592/22
f 428/593/153 440/606/164 441/607/165
f 421/594/154 393/558/14 434/608/166
f 429/595/155 441/607/165 442/609/167
f 421/594/154 435/610/168 422/596/156
f 429/595/155 443/611/169 430/597/157
f 422/596/156 436/612/170 423/598/158
f 431/600/159 443/613/169 444/614/171
f 423/598/158 437/615/172 424/616/160
f 431/600/159 445/617/173 432/603/161
f 424/602/160 438/618/174 425/589/150
f 394/552/16 446/604/162 459/619/175
f 439/605/163 453/620/176 440/606/164
f 441/607/165 453/620/176 454/621/177
f 434/608/166 393/558/14 447/622/178
f 441/607/165 455/623/179 442/609/167
f 434/608/166 448/624/180 435/610/168
f 442/609/167 456/625/181 443/611/169
f 435/610/168 449/626/182 436/612/170
f 443/613/169 457/627/183 444/614/171
f 436/612/170 450/628/184 437/615/172
f 444/614/171 458/629/185 445/617/173
f 438/618/174 450/630/184 451/631/186
f 446/604/162 458/629/185 459/619/175
f 438/618/174 452/632/187 439/605/163
f 452/633/187 466/634/33 453/635/176
f 453/635/176 467/636/188 454/637/177
f 447/622/178 393/558/14 460/638/189
f 454/637/177 468/639/190 455/640/179
f 447/622/178 461/641/191 448/624/180
f 455/640/179 469/642/192 456/643/181
f 448/624/180 462/644/193 449/626/182
f 456/645/181 470/646/194 457/627/183
f 449/626/182 463/647/195 450/628/184
f 457/627/183 471/648/196 458/629/185
f 451/649/186 463/650/195 464/651/197
f 458/629/185 472/652/198 459/619/175
f 451/649/186 465/653/199 452/633/187
f 394/552/16 459/619/175 472/652/198
f 466/634/33 480/654/200 467/636/188
f 460/638/189 393/558/14 473/655/201
f 468/639/190 480/654/200 481/656/202
f 461/641/191 473/655/201 474/657/203
f 468/639/190 482/658/204 469/642/192
f 461/641/191 475/659/205 462/644/193
f 470/646/194 482/660/204 483/661/206
f 462/644/193 476/662/207 463/647/195
f 470/646/194 484/663/208 471/648/196
f 464/651/197 476/664/207 477/665/209
f 471/648/196 485/666/210 472/652/198
f 464/651/197 478/667/211 465/653/199
f 394/552/16 472/652/198 485/666/210
f 465/653/199 479/668/212 466/634/33
f 480/654/200 492/669/213 493/670/214
f 473/655/201 393/558/14 486/671/215
f 481/656/202 493/670/214 494/672/216
f 473/655/201 487/673/217 474/657/203
f 481/656/202 495/674/218 482/658/204
f 474/657/203 488/675/219 475/659/205
f 482/658/204 496/676/220 483/677/206
f 475/678/205 489/679/221 476/664/207
f 483/661/206 497/680/222 484/663/208
f 477/665/209 489/679/221 490/681/223
f 485/666/210 497/680/222 498/682/224
f 477/665/209 491/683/225 478/667/211
f 394/552/16 485/666/210 498/682/224
f 478/667/211 492/669/213 479/668/212
f 494/672/216 506/684/226 507/685/227
f 487/673/217 499/686/228 500/687/229
f 494/672/216 508/688/230 495/674/218
f 488/675/219 500/687/229 501/689/231
f 495/690/218 509/691/232 496/692/220
f 488/675/219 502/693/233 489/694/221
f 496/692/220 510/695/234 497/680/222
f 489/679/221 503/696/235 490/681/223
f 497/680/222 511/697/236 498/682/224
f 490/681/223 504/698/237 491/683/225
f 394/552/16 498/682/224 511/697/236
f 491/683/225 505/699/46 492/669/213
f 493/670/214 505/699/46 506/684/226
f 486/671/215 393/558/14 499/686/228
f 499/686/228 513/700/238 500/687/229
f 507/685/227 521/701/239 508/688/230
f 500/687/229 514/702/240 501/689/231
f 509/691/232 521/703/239 522/704/241
f 501/689/231 515/705/242 502/693/233
f 509/691/232 523/706/243 510/695/234
f 502/707/233 516/708/244 503/696/235
f 511/697/236 523/706/243 524/709/245
f 503/696/235 517/710/246 504/698/237
f 394/552/16 511/697/236 524/709/245
f 504/698/237 518/711/247 505/699/46
f 506/684/226 518/711/247 519/712/248
f 499/686/228 393/558/14 512/713/249
f 507/685/227 519/712/248 520/714/250
f 520/715/250 534/716/251 521/717/239
f 513/700/238 527/718/252 514/702/240
f 522/704/241 534/719/251 535/720/253
f 514/702/240 528/721/254 515/705/242
f 523/706/243 535/720/253 536/722/255
f 516/723/244 528/724/254 529/725/256
f 523/706/243 537/726/257 524/709/245
f 516/723/244 530/727/258 517/728/246
f 394/552/16 524/709/245 537/726/257
f 517/728/246 531/729/259 518/730/247
f 518/730/247 532/731/260 519/732/248
f 512/713/249 393/558/14 525/733/261
f 520/715/250 532/731/260 533/734/262
f 512/713/249 526/735/263 513/700/238
f 526/735/263 540/736/264 527/718/252
f 534/716/251 548/737/265 535/738/253
f 527/739/252 541/740/266 528/724/254
f 535/720/253 549/741/267 536/722/255
f 529/725/256 541/740/266 542/742/268
f 536/722/255 550/743/269 537/726/257
f 529/725/256 543/744/270 530/727/258
f 394/552/16 537/726/257 550/743/269
f 530/727/258 544/745/61 531/729/259
f 531/729/259 545/746/271 532/731/260
f 525/733/261 393/558/14 538/747/272
f 533/734/262 545/746/271 546/748/273
f 526/735/263 538/747/272 539/749/274
f 533/734/262 547/750/275 534/716/251
f 548/751/265 560/752/276 561/753/277
f 540/736/264 554/754/278 541/755/266
f 548/751/265 562/756/279 549/741/267
f 542/742/268 554/757/278 555/758/280
f 550/743/269 562/756/279 563/759/281
f 542/742/268 556/760/282 543/744/270
f 394/552/16 550/743/269 563/759/281
f 543/744/270 557/761/283 544/745/61
f 545/746/271 557/761/283 558/762/284
f 538/747/272 393/558/14 551/763/285
f 546/748/273 558/762/284 559/764/286
f 538/747/272 552/765/287 539/749/274
f 546/748/273 560/766/276 547/750/275
f 539/749/274 553/767/288 540/736/264
f 561/753/277 575/768/289 562/756/279
f 555/758/280 567/769/290 568/770/291
f 563/759/281 575/768/289 576/771/292
f 555/758/280 569/772/293 556/760/282
f 394/552/16 563/759/281 576/771/292
f 556/760/282 570/773/294 557/761/283
f 558/762/284 570/773/294 571/774/295
f 551/763/285 393/558/14 564/775/296
f 559/764/286 571/774/295 572/776/297
f 551/763/285 565/777/298 552/765/287
f 559/764/286 573/778/299 560/766/276
f 552/765/287 566/779/300 553/767/288
f 561/753/277 573/780/299 574/781/301
f 553/767/288 567/782/290 554/754/278
f 568/783/291 580/784/302 581/785/303
f 576/771/292 588/786/304 589/787/305
f 568/783/291 582/788/306 569/789/293
f 394/552/16 576/771/292 589/787/305
f 569/789/293 583/790/73 570/791/294
f 571/792/295 583/790/73 584/793/307
f 564/775/296 393/558/14 577/794/308
f 572/795/297 584/793/307 585/796/309
f 564/775/296 578/797/310 565/777/298
f 572/795/297 586/798/311 573/799/299
f 565/777/298 579/800/312 566/779/300
f 574/781/301 586/801/311 587/802/313
f 566/779/300 580/803/302 567/782/290
f 574/781/301 588/786/304 575/768/289
f 589/787/305 601/804/314 602/805/315
f 581/785/303 595/806/316 582/788/306
f 394/552/16 589/787/305 602/805/315
f 582/788/306 596/807/317 583/790/73
f 584/793/307 596/807/317 597/808/318
f 577/794/308 393/558/14 590/809/319
f 585/796/309 597/808/318 598/810/320
f 577/794/308 591/811/321 578/797/310
f 585/796/309 599/812/322 586/798/311
f 578/797/310 592/813/323 579/800/312
f 587/802/313 599/814/322 600/815/324
f 579/800/312 593/816/325 580/803/302
f 588/786/304 600/815/324 601/804/314
f 581/785/303 593/817/325 594/818/326
f 594/818/326 608/819/327 595/806/316
f 394/552/16 602/805/315 615/820/328
f 595/806/316 609/821/329 596/807/317
f 597/808/318 609/821/329 610/822/330
f 590/809/319 393/558/14 603/823/331
f 598/810/320 610/822/330 611/824/332
f 590/809/319 604/825/333 591/811/321
f 598/810/320 612/826/334 599/812/322
f 591/811/321 605/827/335 592/813/323
f 600/828/324 612/826/334 613/829/336
f 592/830/323 606/831/337 593/817/325
f 600/815/324 614/832/338 601/804/314
f 594/818/326 606/831/337 607/833/339
f 601/804/314 615/820/328 602/805/315
f 394/552/16 615/820/328 628/549/123
f 608/819/327 622/554/6 609/821/329
f 610/822/330 622/554/6 623/556/128
f 603/823/331 393/558/14 616/557/129
f 611/824/332 623/556/128 624/560/131
f 603/823/331 617/562/133 604/825/333
f 611/824/332 625/565/112 612/826/334
f 604/825/333 618/540/115 605/827/335
f 613/834/336 625/537/112 626/539/114
f 605/827/335 619/542/117 606/835/337
f 613/834/336 627/544/119 614/832/338
f 607/833/339 619/836/117 620/545/120
f 614/832/338 628/549/123 615/820/328
f 607/833/339 621/551/125 608/819/327
f 637/837/340 641/838/341 643/839/342
f 642/840/343 640/841/344 638/842/345
f 643/843/346 642/840/343 639/844/347
f 644/845/348 648/846/349 650/847/350
f 649/848/351 647/849/352 645/850/353
f 650/851/354 649/848/351 646/852/355
f 651/853/356 655/854/357 657/855/358
f 656/856/359 654/857/360 652/858/361
f 657/859/362 656/856/359 653/860/363
f 658/861/364 662/862/365 664/863/366
f 663/864/367 661/865/368 659/866/369
f 664/867/370 663/864/367 660/868/371
f 665/869/372 669/870/373 671/871/374
f 670/872/375 668/873/376 666/874/377
f 671/875/378 670/872/375 667/876/379
f 672/877/380 676/878/381 678/879/382
f 677/880/383 675/881/384 673/882/385
f 678/883/386 677/880/383 674/884/387
f 679/885/388 683/886/389 685/887/390
f 684/888/391 682/889/392 680/890/393
f 685/891/394 684/892/391 681/893/395
f 686/894/396 690/895/397 692/896/398
f 691/897/399 689/898/400 687/899/401
f 692/900/402 691/901/399 688/902/403
f 693/903/404 697/904/405 699/905/406
f 698/906/407 696/907/408 694/908/409
f 699/909/410 698/906/407 695/910/411
f 700/911/412 704/912/413 706/913/414
f 705/914/415 703/915/416 701/916/417
f 706/917/418 705/914/415 702/918/419
f 707/919/420 711/920/421 713/921/422
f 712/922/423 710/923/424 708/924/425
f 713/925/426 712/922/423 709/926/427
f 714/927/428 718/928/429 720/929/430
f 719/930/431 717/931/432 715/932/433
f 720/933/434 719/930/431 716/934/435
f 721/935/436 725/936/437 727/937/438
f 726/938/439 724/939/440 722/940/441
f 727/941/442 726/938/439 723/942/443
f 728/943/444 732/944/445 734/945/446
f 733/946/447 731/947/448 729/948/449
f 734/949/450 733/946/447 730/950/451
f 735/951/452 739/952/453 741/953/454
f 740/954/455 738/955/456 736/956/457
f 741/957/458 740/954/455 737/958/459
f 742/959/460 746/960/461 748/961/462
f 747/962/463 745/963/464 743/964/465
f 748/965/466 747/962/463 744/966/467
f 749/967/468 753/968/469 755/969/470
f 754/970/471 752/971/472 750/972/473
f 755/973/474 754/974/471 751/975/475
f 756/976/476 760/977/477 762/978/478
f 761/979/479 759/980/480 757/981/481
f 762/982/482 761/983/479 758/984/483
f 763/985/484 767/986/485 769/987/486
f 768/988/487 766/989/488 764/990/489
f 769/991/490 768/988/487 765/992/491
f 770/993/492 774/994/493 776/995/494
f 775/996/495 773/997/496 771/998/497
f 776/999/498 775/996/495 772/1000/499
f 777/1001/340 781/1002/500 783/1003/342
f 782/1004/343 780/1005/344 778/1006/345
f 783/1007/346 782/1004/343 779/1008/347
f 784/1009/348 788/1010/501 790/1011/350
f 789/1012/351 787/1013/352 785/1014/353
f 790/1015/354 789/1012/351 786/1016/355
f 791/1017/356 795/1018/357 797/1019/502
f 796/1020/359 794/1021/360 792/1022/361
f 797/1023/362 796/1020/359 793/1024/363
f 798/1025/364 802/1026/503 804/1027/504
f 803/1028/367 801/1029/505 799/1030/506
f 804/1031/370 803/1028/367 800/1032/371
f 805/1033/372 809/1034/373 811/1035/374
f 810/1036/375 808/1037/376 806/1038/377
f 811/1039/378 810/1036/375 807/1040/379
f 812/1041/507 816/1042/381 818/1043/508
f 817/1044/383 815/1045/509 813/1046/510
f 818/1047/386 817/1044/383 814/1048/387
f 819/1049/511 823/1050/512 825/1051/390
f 824/1052/391 822/1053/392 820/1054/393
f 825/1055/394 824/1056/391 821/1057/395
f 826/1058/513 830/1059/514 832/1060/515
f 831/1061/399 829/1062/400 827/1063/401
f 832/1064/516 831/1065/399 828/1066/517
f 833/1067/404 837/1068/405 839/1069/406
f 838/1070/407 836/1071/408 834/1072/518
f 839/1073/410 838/1070/407 835/1074/411
f 840/1075/412 844/1076/519 846/1077/414
f 845/1078/415 843/1079/416 841/1080/417
f 846/1081/418 845/1078/415 842/1082/520
f 847/1083/420 851/1084/521 853/1085/422
f 852/1086/423 850/1087/424 848/1088/425
f 853/1089/426 852/1086/423 849/1090/427
f 854/1091/428 858/1092/522 860/1093/430
f 859/1094/431 857/1095/432 855/1096/433
f 860/1097/434 859/1094/431 856/1098/435
f 861/1099/436 865/1100/437 867/1101/438
f 866/1102/439 864/1103/440 862/1104/441
f 867/1105/442 866/1102/439 863/1106/443
f 868/1107/444 872/1108/523 874/1109/446
f 873/1110/447 871/1111/448 869/1112/449
f 874/1113/450 873/1110/447 870/1114/451
f 875/1115/452 879/1116/524 881/1117/454
f 880/1118/455 878/1119/456 876/1120/457
f 881/1121/458 880/1118/455 877/1122/459
f 882/1123/525 886/1124/461 888/1125/526
f 887/1126/463 885/1127/527 883/1128/528
f 888/1129/466 887/1126/463 884/1130/467
f 889/1131/468 893/1132/529 895/1133/470
f 894/1134/471 892/1135/472 890/1136/473
f 895/1137/530 894/1138/471 891/1139/475
f 896/1140/531 900/1141/477 902/1142/532
f 901/1143/479 899/1144/533 897/1145/481
f 902/1146/482 901/1147/479 898/1148/483
f 903/1149/484 907/1150/485 909/1151/486
f 908/1152/487 906/1153/488 904/1154/489
f 909/1155/490 908/1152/487 905/1156/491
f 910/1157/492 914/1158/534 916/1159/494
f 915/1160/495 913/1161/496 911/1162/497
f 916/1163/498 915/1160/495 912/1164/535
f 1253/1165/536 1257/1166/537 1259/1167/538
f 1254/1168/539 1257/1169/540 1256/1170/541
f 1255/1171/542 1257/1169/543 1258/1172/544
f 1260/1173/545 1264/1174/546 1266/1175/547
f 1261/1176/548 1264/1177/549 1263/1178/550
f 1262/1179/551 1264/1174/552 1265/1180/553
f 1267/1181/554 1271/1182/555 1273/1183/556
f 1268/1184/557 1271/1185/558 1270/1186/559
f 1269/1187/560 1271/1185/561 1272/1188/562
f 1274/1189/563 1278/1190/564 1280/1191/565
f 1275/1192/566 1278/1193/567 1277/1194/568
f 1276/1195/569 1278/1193/570 1279/1196/571
f 1281/1197/572 1285/1198/573 1287/1199/574
f 1282/1200/575 1285/1201/576 1284/1202/577
f 1283/1203/578 1285/1201/579 1286/1204/580
f 1288/1205/581 1292/1206/582 1294/1207/583
f 1289/1208/584 1292/1209/585 1291/1210/586
f 1290/1211/587 1292/1209/588 1293/1212/589
f 1295/1213/590 1299/1214/591 1301/1215/592
f 1296/1216/593 1299/1217/594 1298/1218/595
f 1297/1219/596 1299/1217/597 1300/1220/598
f 1302/1221/599 1306/1222/600 1308/1223/601
f 1303/1224/602 1306/1225/603 1305/1226/604
f 1304/1227/605 1306/1225/606 1307/1228/607
f 1309/1229/536 1313/1230/537 1315/1231/538
f 1310/1232/539 1313/1233/540 1312/1234/541
f 1311/1235/542 1313/1233/543 1314/1236/544
f 1316/1237/545 1320/1238/546 1322/1239/547
f 1317/1240/548 1320/1241/549 1319/1242/550
f 1318/1243/551 1320/1238/552 1321/1244/553
f 1323/1245/554 1327/1246/555 1329/1247/556
f 1324/1248/557 1327/1249/558 1326/1250/559
f 1325/1251/560 1327/1249/561 1328/1252/562
f 1330/1253/563 1334/1254/564 1336/1255/565
f 1331/1256/566 1334/1257/567 1333/1258/568
f 1332/1259/569 1334/1257/570 1335/1260/571
f 1337/1261/572 1341/1262/573 1343/1263/574
f 1338/1264/575 1341/1265/576 1340/1266/577
f 1339/1267/578 1341/1265/579 1342/1268/580
f 1344/1269/581 1348/1270/582 1350/1271/583
f 1345/1272/584 1348/1273/585 1347/1274/586
f 1346/1275/587 1348/1273/588 1349/1276/589
f 1351/1277/590 1355/1278/591 1357/1279/592
f 1352/1280/593 1355/1281/594 1354/1282/595
f 1353/1283/596 1355/1281/597 1356/1284/598
f 1358/1285/599 1362/1286/600 1364/1287/601
f 1359/1288/602 1362/1289/603 1361/1290/604
f 1360/1291/605 1362/1289/606 1363/1292/607
f 1365/1293/536 1369/1294/537 1371/1295/538
f 1366/1296/539 1369/1297/540 1368/1298/541
f 1367/1299/542 1369/1297/543 1370/1300/544
f 1372/1301/545 1376/1302/546 1378/1303/547
f 1373/1304/548 1376/1305/549 1375/1306/550
f 1374/1307/551 1376/1302/552 1377/1308/553
f 1379/1309/554 1383/1310/555 1385/1311/556
f 1380/1312/557 1383/1313/558 1382/1314/559
f 1381/1315/560 1383/1313/561 1384/1316/608
f 1386/1317/563 1390/1318/564 1392/1319/565
f 1387/1320/566 1390/1321/609 1389/1322/568
f 1388/1323/569 1390/1321/570 1391/1324/571
f 1393/1325/572 1397/1326/573 1399/1327/574
f 1394/1328/575 1397/1329/576 1396/1330/577
f 1395/1331/578 1397/1329/579 1398/1332/580
f 1400/1333/581 1404/1334/582 1406/1335/583
f 1401/1336/584 1404/1337/585 1403/1338/586
f 1402/1339/587 1404/1337/588 1405/1340/589
f 1407/1341/590 1411/1342/591 1413/1343/592
f 1408/1344/593 1411/1345/594 1410/1346/595
f 1409/1347/596 1411/1345/597 1412/1348/598
f 1414/1349/599 1418/1350/600 1420/1351/601
f 1415/1352/602 1418/1353/603 1417/1354/604
f 1416/1355/605 1418/1353/606 1419/1356/610
f 1421/1357/536 1425/1358/537 1427/1359/538
f 1422/1360/539 1425/1361/540 1424/1362/541
f 1423/1363/542 1425/1361/543 1426/1364/544
f 1428/1365/545 1432/1366/546 1434/1367/547
f 1429/1368/548 1432/1369/549 1431/1370/550
f 1430/1371/551 1432/1366/552 1433/1372/553
f 1435/1373/554 1439/1374/555 1441/1375/556
f 1436/1376/557 1439/1377/558 1438/1378/559
f 1437/1379/560 1439/1377/561 1440/1380/608
f 1442/1381/563 1446/1382/564 1448/1383/565
f 1443/1384/566 1446/1385/567 1445/1386/568
f 1444/1387/569 1446/1385/570 1447/1388/571
f 1449/1389/572 1453/1390/573 1455/1391/574
f 1450/1392/575 1453/1393/576 1452/1394/577
f 1451/1395/578 1453/1393/579 1454/1396/580
f 1456/1397/581 1460/1398/582 1462/1399/583
f 1457/1400/584 1460/1401/585 1459/1402/586
f 1458/1403/587 1460/1401/588 1461/1404/589
f 1463/1405/590 1467/1406/591 1469/1407/592
f 1464/1408/593 1467/1409/594 1466/1410/595
f 1465/1411/596 1467/1409/597 1468/1412/598
f 1470/1413/599 1474/1414/600 1476/1415/601
f 1471/1416/602 1474/1417/603 1473/1418/604
f 1472/1419/605 1474/1417/611 1475/1420/610
f 1648/1421/612 1651/1422/613 1650/1423/614
f 1651/1422/613 1649/1424/615 1650/1423/614
f 1661/1425/616 1664/1426/617 1663/1427/618
f 1664/1426/617 1662/1428/619 1663/1427/618
f 1665/1429/620 1668/1430/621 1667/1431/622
f 1668/1430/621 1666/1432/623 1667/1431/622
f 1678/1433/624 1681/1434/625 1680/1435/626
f 1681/1434/625 1679/1436/627 1680/1435/626
f 1682/1437/628 1685/1438/629 1684/1439/630
f 1685/1438/629 1683/1440/631 1684/1439/630
f 1695/1441/632 1698/1442/633 1697/1443/634
f 1698/1442/633 1696/1444/635 1697/1443/634
f 1699/1445/636 1702/1446/637 1701/1447/638
f 1702/1446/637 1700/1448/639 1701/1447/638
f 1712/1449/640 1715/1450/641 1714/1451/642
f 1715/1450/641 1713/1452/643 1714/1451/642
f 1716/1453/644 1719/1454/645 1718/1455/646
f 1719/1454/645 1717/1456/647 1718/1455/646
f 1729/1457/648 1732/1458/649 1731/1459/650
f 1732/1458/649 1730/1460/651 1731/1459/650
f 1733/1461/652 1736/1462/653 1735/1463/654
f 1736/1462/653 1734/1464/655 1735/1463/654
f 1746/1465/656 1749/1466/657 1748/1467/658
f 1749/1466/657 1747/1468/659 1748/1467/658
f 1750/1469/660 1753/1470/661 1752/1471/662
f 1753/1470/661 1751/1472/663 1752/1471/662
f 1763/1473/664 1766/1474/665 1765/1475/666
f 1766/1474/665 1764/1476/667 1765/1475/666
f 1767/1477/668 1770/1478/669 1769/1479/670
f 1770/1478/669 1768/1480/671 1769/1479/670
f 1780/1481/672 1783/1482/673 1782/1483/674
f 1783/1482/673 1781/1484/675 1782/1483/674
f 1784/1485/676 1787/1486/677 1786/1487/678
f 1787/1486/677 1785/1488/679 1786/1487/678
f 1797/1489/680 1800/1490/681 1799/1491/682
f 1800/1490/681 1798/1492/683 1799/1491/682
f 1801/1493/684 1804/1494/685 1803/1495/686
f 1804/1494/685 1802/1496/687 1803/1495/686
f 1811/1497/688 1814/1498/689 1813/1499/690
f 1814/1498/689 1812/1500/691 1813/1499/690
f 1818/1501/612 1821/1502/613 1820/1503/614
f 1821/1502/613 1819/1504/615 1820/1503/614
f 1831/1505/616 1834/1506/617 1833/1507/618
f 1834/1506/617 1832/1508/619 1833/1507/618
f 1835/1509/692 1838/1510/621 1837/1511/622
f 1838/1510/621 1836/1512/623 1837/1511/622
f 1848/1513/624 1851/1514/625 1850/1515/626
f 1851/1514/625 1849/1516/693 1850/1515/626
f 1852/1517/628 1855/1518/629 1854/1519/630
f 1855/1518/629 1853/1520/694 1854/1519/630
f 1865/1521/695 1868/1522/633 1867/1523/634
f 1868/1522/633 1866/1524/635 1867/1523/634
f 1869/1525/636 1872/1526/637 1871/1527/638
f 1872/1526/637 1870/1528/639 1871/1527/638
f 1882/1529/640 1885/1530/696 1884/1531/642
f 1885/1530/696 1883/1532/643 1884/1531/642
f 1886/1533/644 1889/1534/645 1888/1535/646
f 1889/1534/645 1887/1536/647 1888/1535/646
f 1899/1537/648 1902/1538/649 1901/1539/650
f 1902/1538/649 1900/1540/651 1901/1539/650
f 1903/1541/652 1906/1542/653 1905/1543/654
f 1906/1542/653 1904/1544/655 1905/1543/654
f 1916/1545/656 1919/1546/657 1918/1547/658
f 1919/1546/657 1917/1548/659 1918/1547/658
f 1920/1549/697 1923/1550/661 1922/1551/662
f 1923/1550/661 1921/1552/663 1922/1551/662
f 1933/1553/664 1936/1554/665 1935/1555/666
f 1936/1554/665 1934/1556/698 1935/1555/666
f 1937/1557/668 1940/1558/669 1939/1559/670
f 1940/1558/669 1938/1560/699 1939/1559/670
f 1950/1561/700 1953/1562/673 1952/1563/674
f 1953/1562/673 1951/1564/675 1952/1563/674
f 1954/1565/676 1957/1566/677 1956/1567/678
f 1957/1566/677 1955/1568/679 1956/1567/678
f 1967/1569/680 1970/1570/681 1969/1571/682
f 1970/1570/681 1968/1572/683 1969/1571/682
f 1971/1573/684 1974/1574/685 1973/1575/686
f 1974/1574/685 1972/1576/687 1973/1575/686
f 1981/1577/688 1984/1578/689 1983/1579/690
f 1984/1578/689 1982/1580/691 1983/1579/690
f 2156/1581/701 2159/1582/702 2158/1583/703
f 2159/1582/702 2157/1584/704 2158/1583/703
f 2163/1585/705 2166/1586/706 2165/1587/707
f 2166/1586/706 2164/1588/708 2165/1587/707
f 2173/1589/709 2176/1590/710 2175/1591/711
f 2176/1590/710 2174/1592/712 2175/1591/711
f 2180/1593/713 2183/1594/714 2182/1595/715
f 2183/1594/714 2181/1596/716 2182/1595/715
f 2190/1597/717 2193/1598/718 2192/1599/719
f 2193/1600/718 2191/1601/720 2192/1602/719
f 2197/1603/721 2200/1604/722 2199/1605/723
f 2200/1606/722 2198/1607/724 2199/1608/723
f 2207/1609/725 2210/1610/726 2209/1611/727
f 2210/1610/726 2208/1612/728 2209/1611/727
f 2214/1613/729 2217/1614/730 2216/1615/731
f 2217/1614/730 2215/1616/732 2216/1615/731
f 2224/1617/733 2227/1618/734 2226/1619/735
f 2227/1618/734 2225/1620/736 2226/1619/735
f 2231/1621/737 2234/1622/738 2233/1623/739
f 2234/1622/738 2232/1624/740 2233/1623/739
f 2241/1625/741 2244/1626/742 2243/1627/743
f 2244/1626/742 2242/1628/744 2243/1627/743
f 2248/1629/745 2251/1630/746 2250/1631/747
f 2251/1630/746 2249/1632/748 2250/1631/747
f 2258/1633/749 2261/1634/750 2260/1635/751
f 2261/1634/750 2259/1636/752 2260/1635/751
f 2265/1637/753 2268/1638/754 2267/1639/755
f 2268/1638/754 2266/1640/756 2267/1639/755
f 2275/1641/757 2278/1642/758 2277/1643/759
f 2278/1644/758 2276/1645/760 2277/1646/759
f 2282/1647/761 2285/1648/762 2284/1649/763
f 2285/1650/762 2283/1651/764 2284/1652/763
f 2292/1653/765 2295/1654/766 2294/1655/767
f 2295/1654/766 2293/1656/768 2294/1655/767
f 2299/1657/769 2302/1658/770 2301/1659/771
f 2302/1658/770 2300/1660/772 2301/1659/771
f 2309/1661/773 2312/1662/774 2311/1663/775
f 2312/1662/774 2310/1664/776 2311/1663/775
f 2316/1665/777 2319/1666/778 2318/1667/779
f 2319/1666/778 2317/1668/780 2318/1667/779
f 2326/1669/701 2329/1670/702 2328/1671/703
f 2329/1670/702 2327/1672/704 2328/1671/703
f 2333/1673/705 2336/1674/706 2335/1675/781
f 2336/1674/706 2334/1676/708 2335/1675/781
f 2343/1677/709 2346/1678/710 2345/1679/711
f 2346/1678/710 2344/1680/712 2345/1679/711
f 2350/1681/713 2353/1682/714 2352/1683/715
f 2353/1682/714 2351/1684/716 2352/1683/715
f 2360/1685/717 2363/1686/718 2362/1687/719
f 2363/1688/718 2361/1689/720 2362/1690/719
f 2367/1691/721 2370/1692/722 2369/1693/723
f 2370/1694/722 2368/1695/724 2369/1696/723
f 2377/1697/725 2380/1698/726 2379/1699/727
f 2380/1698/726 2378/1700/728 2379/1699/727
f 2384/1701/729 2387/1702/730 2386/1703/731
f 2387/1702/730 2385/1704/732 2386/1703/731
f 2394/1705/733 2397/1706/734 2396/1707/782
f 2397/1706/734 2395/1708/736 2396/1707/782
f 2401/1709/737 2404/1710/738 2403/1711/783
f 2404/1710/738 2402/1712/740 2403/1711/783
f 2411/1713/741 2414/1714/742 2413/1715/743
f 2414/1714/742 2412/1716/744 2413/1715/743
f 2418/1717/745 2421/1718/746 2420/1719/747
f 2421/1718/746 2419/1720/748 2420/1719/747
f 2428/1721/749 2431/1722/750 2430/1723/751
f 2431/1722/750 2429/1724/752 2430/1723/751
f 2435/1725/753 2438/1726/754 2437/1727/755
f 2438/1726/754 2436/1728/756 2437/1727/755
f 2445/1729/757 2448/1730/758 2447/1731/759
f 2448/1732/758 2446/1733/760 2447/1734/759
f 2452/1735/761 2455/1736/762 2454/1737/763
f 2455/1738/762 2453/1739/764 2454/1740/763
f 2462/1741/784 2465/1742/766 2464/1743/767
f 2465/1742/766 2463/1744/768 2464/1743/767
f 2469/1745/769 2472/1746/770 2471/1747/771
f 2472/1746/770 2470/1748/772 2471/1747/771
f 2479/1749/773 2482/1750/774 2481/1751/785
f 2482/1750/774 2480/1752/776 2481/1751/785
f 2486/1753/777 2489/1754/778 2488/1755/786
f 2489/1754/778 2487/1756/780 2488/1755/786
f 2493/1757/536 2497/1758/537 2499/1759/538
f 2494/1760/539 2497/1761/540 2496/1762/541
f 2495/1763/542 2497/1761/543 2498/1764/544
f 2500/1765/545 2504/1766/546 2506/1767/547
f 2501/1768/548 2504/1769/549 2503/1770/550
f 2502/1771/551 2504/1766/552 2505/1772/553
f 2507/1773/554 2511/1774/787 2513/1775/556
f 2508/1776/557 2511/1777/788 2510/1778/559
f 2509/1779/560 2511/1777/789 2512/1780/562
f 2514/1781/563 2518/1782/790 2520/1783/565
f 2515/1784/566 2518/1785/567 2517/1786/568
f 2516/1787/569 2518/1785/570 2519/1788/571
f 2521/1789/572 2525/1790/573 2527/1791/574
f 2522/1792/575 2525/1793/576 2524/1794/577
f 2523/1795/578 2525/1793/579 2526/1796/580
f 2528/1797/581 2532/1798/582 2534/1799/583
f 2529/1800/584 2532/1801/585 2531/1802/586
f 2530/1803/587 2532/1801/588 2533/1804/589
f 2535/1805/590 2539/1806/591 2541/1807/592
f 2536/1808/593 2539/1809/791 2538/1810/595
f 2537/1811/596 2539/1809/597 2540/1812/598
f 2542/1813/599 2546/1814/600 2548/1815/601
f 2543/1816/602 2546/1817/603 2545/1818/604
f 2544/1819/605 2546/1817/606 2547/1820/607
f 2549/1821/536 2553/1822/537 2555/1823/538
f 2550/1824/539 2553/1825/540 2552/1826/541
f 2551/1827/542 2553/1825/543 2554/1828/544
f 2556/1829/545 2560/1830/546 2562/1831/547
f 2557/1832/548 2560/1833/549 2559/1834/550
f 2558/1835/551 2560/1830/552 2561/1836/553
f 2563/1837/554 2567/1838/555 2569/1839/556
f 2564/1840/557 2567/1841/558 2566/1842/559
f 2565/1843/560 2567/1841/561 2568/1844/562
f 2570/1845/563 2574/1846/790 2576/1847/565
f 2571/1848/566 2574/1849/567 2573/1850/568
f 2572/1851/569 2574/1849/570 2575/1852/571
f 2577/1853/572 2581/1854/573 2583/1855/574
f 2578/1856/575 2581/1857/576 2580/1858/577
f 2579/1859/578 2581/1857/579 2582/1860/580
f 2584/1861/581 2588/1862/582 2590/1863/583
f 2585/1864/584 2588/1865/585 2587/1866/586
f 2586/1867/587 2588/1865/588 2589/1868/589
f 2591/1869/590 2595/1870/591 2597/1871/592
f 2592/1872/593 2595/1873/791 2594/1874/595
f 2593/1875/596 2595/1873/597 2596/1876/598
f 2598/1877/599 2602/1878/600 2604/1879/601
f 2599/1880/602 2602/1881/603 2601/1882/604
f 2600/1883/605 2602/1881/606 2603/1884/607
f 2605/1885/536 2609/1886/537 2611/1887/538
f 2606/1888/539 2609/1889/540 2608/1890/541
f 2607/1891/542 2609/1889/543 2610/1892/544
f 2612/1893/545 2616/1894/546 2618/1895/547
f 2613/1896/548 2616/1897/549 2615/1898/550
f 2614/1899/551 2616/1894/552 2617/1900/553
f 2619/1901/554 2623/1902/555 2625/1903/556
f 2620/1904/557 2623/1905/558 2622/1906/559
f 2621/1907/560 2623/1905/561 2624/1908/562
f 2626/1909/563 2630/1910/790 2632/1911/565
f 2627/1912/566 2630/1913/567 2629/1914/568
f 2628/1915/569 2630/1913/570 2631/1916/571
f 2633/1917/572 2637/1918/573 2639/1919/574
f 2634/1920/575 2637/1921/576 2636/1922/577
f 2635/1923/578 2637/1921/579 2638/1924/580
f 2640/1925/581 2644/1926/582 2646/1927/583
f 2641/1928/584 2644/1929/585 2643/1930/586
f 2642/1931/587 2644/1929/588 2645/1932/589
f 2647/1933/590 2651/1934/591 2653/1935/592
f 2648/1936/593 2651/1937/791 2650/1938/595
f 2649/1939/596 2651/1937/597 2652/1940/598
f 2654/1941/599 2658/1942/600 2660/1943/601
f 2655/1944/602 2658/1945/603 2657/1946/604
f 2656/1947/605 2658/1945/606 2659/1948/607
f 2661/1949/536 2665/1950/537 2667/1951/538
f 2662/1952/539 2665/1953/540 2664/1954/541
f 2663/1955/542 2665/1953/543 2666/1956/544
f 2668/1957/545 2672/1958/546 2674/1959/547
f 2669/1960/548 2672/1961/549 2671/1962/550
f 2670/1963/551 2672/1958/552 2673/1964/553
f 2675/1965/554 2679/1966/555 2681/1967/556
f 2676/1968/557 2679/1969/558 2678/1970/559
f 2677/1971/560 2679/1969/561 2680/1972/562
f 2682/1973/563 2686/1974/790 2688/1975/565
f 2683/1976/566 2686/1977/567 2685/1978/568
f 2684/1979/569 2686/1977/570 2687/1980/571
f 2689/1981/572 2693/1982/573 2695/1983/574
f 2690/1984/575 2693/1985/576 2692/1986/577
f 2691/1987/578 2693/1985/579 2694/1988/580
f 2696/1989/581 2700/1990/582 2702/1991/583
f 2697/1992/584 2700/1993/585 2699/1994/586
f 2698/1995/587 2700/1993/588 2701/1996/589
f 2703/1997/590 2707/1998/591 2709/1999/592
f 2704/2000/593 2707/2001/594 2706/2002/595
f 2705/2003/596 2707/2001/597 2708/2004/598
f 2710/2005/599 2714/2006/600 2716/2007/601
f 2711/2008/602 2714/2009/603 2713/2010/604
f 2712/2011/605 2714/2009/606 2715/2012/607
f 2717/2013/536 2721/2014/537 2723/2015/538
f 2718/2016/539 2721/2017/540 2720/2018/541
f 2719/2019/542 2721/2017/543 2722/2020/544
f 2724/2021/545 2728/2022/546 2730/2023/547
f 2725/2024/548 2728/2025/549 2727/2026/550
f 2726/2027/551 2728/2022/552 2729/2028/553
f 2731/2029/554 2735/2030/555 2737/2031/556
f 2732/2032/557 2735/2033/558 2734/2034/559
f 2733/2035/560 2735/2033/561 2736/2036/562
f 2738/2037/563 2742/2038/790 2744/2039/565
f 2739/2040/566 2742/2041/567 2741/2042/568
f 2740/2043/569 2742/2041/570 2743/2044/571
f 2745/2045/572 2749/2046/573 2751/2047/574
f 2746/2048/575 2749/2049/576 2748/2050/577
f 2747/2051/578 2749/2049/579 2750/2052/580
f 2752/2053/581 2756/2054/582 2758/2055/583
f 2753/2056/584 2756/2057/585 2755/2058/586
f 2754/2059/587 2756/2057/588 2757/2060/589
f 2759/2061/590 2763/2062/591 2765/2063/592
f 2760/2064/593 2763/2065/791 2762/2066/595
f 2761/2067/596 2763/2065/597 2764/2068/598
f 2766/2069/599 2770/2070/600 2772/2071/601
f 2767/2072/602 2770/2073/603 2769/2074/604
f 2768/2075/605 2770/2073/606 2771/2076/607
f 2773/2077/536 2777/2078/537 2779/2079/538
f 2774/2080/539 2777/2081/540 2776/2082/541
f 2775/2083/542 2777/2081/543 2778/2084/544
f 2780/2085/545 2784/2086/546 2786/2087/547
f 2781/2088/548 2784/2089/549 2783/2090/550
f 2782/2091/551 2784/2086/552 2785/2092/553
f 2787/2093/554 2791/2094/555 2793/2095/556
f 2788/2096/557 2791/2097/558 2790/2098/559
f 2789/2099/560 2791/2097/561 2792/2100/562
f 2794/2101/563 2798/2102/790 2800/2103/565
f 2795/2104/566 2798/2105/567 2797/2106/568
f 2796/2107/569 2798/2105/570 2799/2108/571
f 2801/2109/572 2805/2110/573 2807/2111/574
f 2802/2112/575 2805/2113/576 2804/2114/577
f 2803/2115/578 2805/2113/579 2806/2116/580
f 2808/2117/581 2812/2118/582 2814/2119/583
f 2809/2120/584 2812/2121/585 2811/2122/586
f 2810/2123/587 2812/2121/588 2813/2124/589
f 2815/2125/590 2819/2126/591 2821/2127/592
f 2816/2128/593 2819/2129/791 2818/2130/595
f 2817/2131/596 2819/2129/597 2820/2132/598
f 2822/2133/599 2826/2134/600 2828/2135/601
f 2823/2136/602 2826/2137/603 2825/2138/604
f 2824/2139/605 2826/2137/606 2827/2140/607
f 2829/2141/536 2833/2142/537 2835/2143/538
f 2830/2144/539 2833/2145/540 2832/2146/541
f 2831/2147/542 2833/2145/543 2834/2148/544
f 2836/2149/545 2840/2150/546 2842/2151/547
f 2837/2152/548 2840/2153/549 2839/2154/550
f 2838/2155/551 2840/2150/552 2841/2156/553
f 2843/2157/554 2847/2158/555 2849/2159/556
f 2844/2160/557 2847/2161/558 2846/2162/559
f 2845/2163/560 2847/2161/561 2848/2164/562
f 2850/2165/563 2854/2166/790 2856/2167/565
f 2851/2168/566 2854/2169/567 2853/2170/568
f 2852/2171/569 2854/2169/570 2855/2172/571
f 2857/2173/572 2861/2174/573 2863/2175/574
f 2858/2176/575 2861/2177/576 2860/2178/577
f 2859/2179/578 2861/2177/579 2862/2180/580
f 2864/2181/581 2868/2182/582 2870/2183/583
f 2865/2184/584 2868/2185/585 2867/2186/586
f 2866/2187/587 2868/2185/588 2869/2188/589
f 2871/2189/590 2875/2190/591 2877/2191/592
f 2872/2192/593 2875/2193/791 2874/2194/595
f 2873/2195/596 2875/2193/597 2876/2196/598
f 2878/2197/599 2882/2198/600 2884/2199/601
f 2879/2200/602 2882/2201/603 2881/2202/604
f 2880/2203/605 2882/2201/606 2883/2204/607
f 2885/2205/536 2889/2206/537 2891/2207/538
f 2886/2208/539 2889/2209/540 2888/2210/541
f 2887/2211/542 2889/2209/543 2890/2212/544
f 2892/2213/545 2896/2214/546 2898/2215/547
f 2893/2216/548 2896/2217/549 2895/2218/550
f 2894/2219/551 2896/2214/552 2897/2220/553
f 2899/2221/554 2903/2222/555 2905/2223/556
f 2900/2224/557 2903/2225/558 2902/2226/559
f 2901/2227/560 2903/2225/561 2904/2228/562
f 2906/2229/563 2910/2230/790 2912/2231/565
f 2907/2232/566 2910/2233/567 2909/2234/568
f 2908/2235/569 2910/2233/570 2911/2236/571
f 2913/2237/572 2917/2238/792 2919/2239/574
f 2914/2240/575 2917/2241/793 2916/2242/794
f 2915/2243/578 2917/2241/579 2918/2244/580
f 2920/2245/581 2924/2246/582 2926/2247/583
f 2921/2248/584 2924/2249/585 2923/2250/586
f 2922/2251/587 2924/2249/588 2925/2252/589
f 2927/2253/590 2931/2254/591 2933/2255/592
f 2928/2256/593 2931/2257/594 2930/2258/595
f 2929/2259/596 2931/2257/597 2932/2260/598
f 2934/2261/599 2938/2262/795 2940/2263/601
f 2935/2264/602 2938/2265/796 2937/2266/604
f 2936/2267/605 2938/2265/611 2939/2268/607
f 2941/2269/797 2945/2270/798 2947/2271/799
f 2946/2272/800 2944/2273/801 2942/2274/802
f 2947/2275/803 2946/2272/800 2943/2276/804
f 2948/2277/805 2952/2278/806 2954/2279/807
f 2953/2280/808 2951/2281/809 2949/2282/810
f 2954/2283/811 2953/2280/808 2950/2284/812
f 2955/2285/813 2959/2286/814 2961/2287/815
f 2960/2288/816 2958/2289/817 2956/2290/818
f 2961/2291/819 2960/2288/816 2957/2292/820
f 2962/2293/821 2966/2294/822 2968/2295/823
f 2967/2296/824 2965/2297/825 2963/2298/826
f 2968/2299/827 2967/2296/824 2964/2300/828
f 2969/2301/829 2973/2302/830 2975/2303/831
f 2974/2304/832 2972/2305/833 2970/2306/834
f 2975/2307/835 2974/2304/832 2971/2308/836
f 2976/2309/837 2980/2310/838 2982/2311/839
f 2981/2312/840 2979/2313/841 2977/2314/842
f 2982/2315/843 2981/2312/840 2978/2316/844
f 2983/2317/845 2987/2318/846 2989/2319/847
f 2988/2320/848 2986/2321/849 2984/2322/850
f 2989/2323/851 2988/2320/848 2985/2324/852
f 2990/2325/853 2994/2326/854 2996/2327/855
f 2995/2328/856 2993/2329/857 2991/2330/858
f 2996/2331/859 2995/2328/856 2992/2332/860
f 2997/2333/861 3001/2334/862 3003/2335/863
f 3002/2336/864 3000/2337/865 2998/2338/866
f 3003/2339/867 3002/2336/864 2999/2340/868
f 3004/2341/869 3008/2342/870 3010/2343/871
f 3009/2344/872 3007/2345/873 3005/2346/874
f 3010/2347/875 3009/2344/872 3006/2348/876
f 3011/2349/877 3015/2350/878 3017/2351/879
f 3016/2352/880 3014/2353/881 3012/2354/882
f 3017/2355/883 3016/2352/880 3013/2356/884
f 3018/2357/885 3022/2358/886 3024/2359/887
f 3023/2360/888 3021/2361/889 3019/2362/890
f 3024/2363/891 3023/2360/888 3020/2364/892
f 3025/2365/893 3029/2366/894 3031/2367/895
f 3030/2368/896 3028/2369/897 3026/2370/898
f 3031/2371/899 3030/2368/896 3027/2372/900
f 3032/2373/901 3036/2374/902 3038/2375/903
f 3037/2376/904 3035/2377/905 3033/2378/906
f 3038/2379/907 3037/2376/904 3034/2380/908
f 3039/2381/909 3043/2382/910 3045/2383/911
f 3044/2384/912 3042/2385/913 3040/2386/914
f 3045/2387/915 3044/2384/912 3041/2388/916
f 3046/2389/917 3050/2390/918 3052/2391/919
f 3051/2392/920 3049/2393/921 3047/2394/922
f 3052/2395/923 3051/2392/920 3048/2396/924
f 3053/2397/925 3057/2398/926 3059/2399/927
f 3058/2400/928 3056/2401/929 3054/2402/930
f 3059/2403/931 3058/2400/928 3055/2404/932
f 3060/2405/933 3064/2406/934 3066/2407/935
f 3065/2408/936 3063/2409/937 3061/2410/938
f 3066/2411/939 3065/2408/936 3062/2412/940
f 3067/2413/941 3071/2414/942 3073/2415/943
f 3072/2416/944 3070/2417/945 3068/2418/946
f 3073/2419/947 3072/2416/944 3069/2420/948
f 3074/2421/949 3078/2422/950 3080/2423/951
f 3079/2424/952 3077/2425/953 3075/2426/954
f 3080/2427/955 3079/2424/952 3076/2428/956
f 3081/2429/957 3085/2430/958 3087/2431/959
f 3086/2432/960 3084/2433/961 3082/2434/962
f 3087/2435/963 3086/2432/960 3083/2436/964
f 3088/2437/965 3092/2438/966 3094/2439/967
f 3093/2440/968 3091/2441/969 3089/2442/970
f 3094/2443/971 3093/2440/968 3090/2444/972
f 3095/2445/973 3099/2446/974 3101/2447/975
f 3100/2448/976 3098/2449/977 3096/2450/978
f 3101/2451/979 3100/2448/976 3097/2452/980
f 3102/2453/981 3106/2454/982 3108/2455/983
f 3107/2456/984 3105/2457/985 3103/2458/986
f 3108/2459/987 3107/2456/984 3104/2460/988
f 3109/2461/536 3113/2462/989 3115/2463/990
f 3110/2464/539 3113/2465/991 3112/2466/541
f 3111/2467/542 3113/2465/543 3114/2468/544
f 3116/2469/545 3120/2470/992 3122/2471/547
f 3117/2472/993 3120/2473/994 3119/2474/995
f 3118/2475/551 3120/2470/996 3121/2476/997
f 3123/2477/554 3127/2478/998 3129/2479/999
f 3124/2480/557 3127/2481/558 3126/2482/1000
f 3125/2483/560 3127/2481/1001 3128/2484/562
f 3130/2485/563 3134/2486/1002 3136/2487/1003
f 3131/2488/566 3134/2489/1004 3133/2490/568
f 3132/2491/569 3134/2489/1005 3135/2492/571
f 3137/2493/572 3141/2494/1006 3143/2495/1007
f 3138/2496/575 3141/2497/576 3140/2498/1008
f 3139/2499/578 3141/2497/1009 3142/2500/580
f 3144/2501/581 3148/2502/1010 3150/2503/1011
f 3145/2504/584 3148/2505/1012 3147/2506/586
f 3146/2507/587 3148/2505/1013 3149/2508/589
f 3151/2509/590 3155/2510/1014 3157/2511/1015
f 3152/2512/593 3155/2513/791 3154/2514/595
f 3153/2515/596 3155/2513/597 3156/2516/598
f 3158/2517/1016 3162/2518/1017 3164/2519/1018
f 3159/2520/602 3162/2521/796 3161/2522/1019
f 3160/2523/605 3162/2521/1020 3163/2524/607
f 3165/2525/536 3169/2526/537 3171/2527/1021
f 3166/2528/539 3169/2529/991 3168/2530/541
f 3167/2531/542 3169/2529/543 3170/2532/544
f 3172/2533/545 3176/2534/992 3178/2535/547
f 3173/2536/548 3176/2537/1022 3175/2538/1023
f 3174/2539/551 3176/2534/552 3177/2540/553
f 3179/2541/554 3183/2542/555 3185/2543/556
f 3180/2544/557 3183/2545/558 3182/2546/559
f 3181/2547/560 3183/2545/1001 3184/2548/562
f 3186/2549/563 3190/2550/1024 3192/2551/1003
f 3187/2552/566 3190/2553/1004 3189/2554/568
f 3188/2555/569 3190/2553/570 3191/2556/571
f 3193/2557/572 3197/2558/573 3199/2559/574
f 3194/2560/575 3197/2561/576 3196/2562/577
f 3195/2563/578 3197/2561/1009 3198/2564/580
f 3200/2565/581 3204/2566/1025 3206/2567/1011
f 3201/2568/584 3204/2569/1012 3203/2570/586
f 3202/2571/587 3204/2569/588 3205/2572/589
f 3207/2573/590 3211/2574/591 3213/2575/1026
f 3208/2576/593 3211/2577/791 3210/2578/595
f 3209/2579/596 3211/2577/597 3212/2580/598
f 3214/2581/599 3218/2582/1027 3220/2583/1028
f 3215/2584/602 3218/2585/603 3217/2586/604
f 3216/2587/605 3218/2585/1020 3219/2588/607
f 3221/2589/1029 3225/2590/1030 3227/2591/1031
f 3222/2592/1032 3225/2590/1030 3224/2593/1033
f 3223/2594/1034 3225/2590/1030 3226/2595/1035
f 3237/2596/1036 3241/2597/1037 3243/2598/1038
f 3238/2599/1039 3241/2597/1037 3240/2600/1040
f 3239/2601/1041 3241/2597/1037 3242/2602/1042
f 3244/2603/1043 3248/2604/1044 3250/2605/1045
f 3245/2606/1046 3248/2604/1044 3247/2607/1047
f 3246/2608/1048 3248/2604/1044 3249/2609/1049
f 3260/2610/1050 3264/2611/1051 3266/2612/1052
f 3261/2613/1053 3264/2611/1051 3263/2614/1054
f 3262/2615/1055 3264/2611/1051 3265/2616/1056
f 3267/2617/1057 3271/2618/1058 3273/2619/1059
f 3268/2620/1060 3271/2618/1058 3270/2621/1061
f 3269/2622/1062 3271/2618/1058 3272/2623/1063
f 3283/2624/1064 3287/2625/1065 3289/2626/1066
f 3284/2627/1067 3287/2625/1065 3286/2628/1068
f 3285/2629/1069 3287/2625/1065 3288/2630/1070
f 3290/2631/1071 3294/2632/1072 3296/2633/1073
f 3291/2634/1074 3294/2632/1072 3293/2635/1075
f 3292/2636/1076 3294/2632/1072 3295/2637/1077
f 3306/2638/1078 3310/2639/1079 3312/2640/1080
f 3307/2641/1081 3310/2639/1079 3309/2642/1082
f 3308/2643/1083 3310/2639/1079 3311/2644/1084
f 3313/2645/1085 3317/2646/1086 3319/2647/1087
f 3314/2648/1088 3317/2646/1086 3316/2649/1089
f 3315/2650/1090 3317/2646/1086 3318/2651/1091
f 3329/2652/1092 3333/2653/1093 3335/2654/1094
f 3330/2655/1095 3333/2653/1093 3332/2656/1096
f 3331/2657/1097 3333/2653/1093 3334/2658/1098
f 3336/2659/1099 3340/2660/1100 3342/2661/1101
f 3337/2662/1102 3340/2660/1100 3339/2663/1103
f 3338/2664/1104 3340/2660/1100 3341/2665/1105
f 3352/2666/1106 3356/2667/1107 3358/2668/1108
f 3353/2669/1109 3356/2667/1107 3355/2670/1110
f 3354/2671/1111 3356/2667/1107 3357/2672/1112
f 3359/2673/1113 3363/2674/1114 3365/2675/1115
f 3360/2676/1116 3363/2674/1114 3362/2677/1117
f 3361/2678/1118 3363/2674/1114 3364/2679/1119
f 3375/2680/1120 3379/2681/1121 3381/2682/1122
f 3376/2683/1123 3379/2681/1121 3378/2684/1124
f 3377/2685/1125 3379/2681/1121 3380/2686/1126
f 3382/2687/1127 3386/2688/1128 3388/2689/1129
f 3383/2690/1130 3386/2688/1128 3385/2691/1131
f 3384/2692/1132 3386/2688/1128 3387/2693/1133
f 3398/2694/1134 3402/2695/1135 3404/2696/1136
f 3399/2697/1137 3402/2695/1135 3401/2698/1138
f 3400/2699/1139 3402/2695/1135 3403/2700/1140
f 3405/2701/1029 3409/2702/1030 3411/2703/1031
f 3406/2704/1032 3409/2702/1030 3408/2705/1033
f 3407/2706/1141 3409/2702/1030 3410/2707/1142
f 3421/2708/1143 3425/2709/1037 3427/2710/1038
f 3422/2711/1144 3425/2709/1037 3424/2712/1040
f 3423/2713/1041 3425/2709/1037 3426/2714/1145
f 3428/2715/1043 3432/2716/1044 3434/2717/1045
f 3429/2718/1146 3432/2716/1044 3431/2719/1047
f 3430/2720/1048 3432/2716/1044 3433/2721/1147
f 3444/2722/1050 3448/2723/1051 3450/2724/1052
f 3445/2725/1053 3448/2723/1051 3447/2726/1054
f 3446/2727/1148 3448/2723/1051 3449/2728/1056
f 3451/2729/1149 3455/2730/1058 3457/2731/1059
f 3452/2732/1060 3455/2730/1058 3454/2733/1061
f 3453/2734/1062 3455/2730/1058 3456/2735/1063
f 3467/2736/1064 3471/2737/1065 3473/2738/1066
f 3468/2739/1067 3471/2737/1065 3470/2740/1068
f 3469/2741/1150 3471/2737/1065 3472/2742/1070
f 3474/2743/1071 3478/2744/1072 3480/2745/1151
f 3475/2746/1152 3478/2744/1072 3477/2747/1075
f 3476/2748/1076 3478/2744/1072 3479/2749/1077
f 3490/2750/1153 3494/2751/1079 3496/2752/1080
f 3491/2753/1081 3494/2751/1079 3493/2754/1082
f 3492/2755/1083 3494/2751/1079 3495/2756/1084
f 3497/2757/1154 3501/2758/1086 3503/2759/1087
f 3498/2760/1155 3501/2758/1086 3500/2761/1089
f 3499/2762/1090 3501/2758/1086 3502/2763/1156
f 3513/2764/1157 3517/2765/1093 3519/2766/1094
f 3514/2767/1095 3517/2765/1093 3516/2768/1096
f 3515/2769/1158 3517/2765/1093 3518/2770/1098
f 3520/2771/1099 3524/2772/1100 3526/2773/1101
f 3521/2774/1159 3524/2772/1100 3523/2775/1103
f 3522/2776/1104 3524/2772/1100 3525/2777/1105
f 3536/2778/1160 3540/2779/1107 3542/2780/1108
f 3537/2781/1109 3540/2779/1107 3539/2782/1110
f 3538/2783/1161 3540/2779/1107 3541/2784/1112
f 3543/2785/1162 3547/2786/1114 3549/2787/1115
f 3544/2788/1116 3547/2786/1114 3546/2789/1117
f 3545/2790/1118 3547/2786/1114 3548/2791/1119
f 3559/2792/1120 3563/2793/1121 3565/2794/1122
f 3560/2795/1123 3563/2793/1121 3562/2796/1124
f 3561/2797/1163 3563/2793/1121 3564/2798/1126
f 3566/2799/1164 3570/2800/1128 3572/2801/1165
f 3567/2802/1166 3570/2800/1128 3569/2803/1131
f 3568/2804/1132 3570/2800/1128 3571/2805/1133
f 3582/2806/1167 3586/2807/1135 3588/2808/1136
f 3583/2809/1137 3586/2807/1135 3585/2810/1168
f 3584/2811/1139 3586/2807/1135 3587/2812/1140
f 3589/2813/536 3593/2814/989 3595/2815/990
f 3590/2816/539 3593/2817/991 3592/2818/541
f 3591/2819/542 3593/2817/543 3594/2820/544
f 3596/2821/545 3600/2822/546 3602/2823/547
f 3597/2824/548 3600/2825/549 3599/2826/995
f 3598/2827/551 3600/2822/552 3601/2828/553
f 3603/2829/554 3607/2830/998 3609/2831/999
f 3604/2832/557 3607/2833/558 3606/2834/1000
f 3605/2835/560 3607/2833/1001 3608/2836/562
f 3610/2837/563 3614/2838/790 3616/2839/1169
f 3611/2840/566 3614/2841/1004 3613/2842/1170
f 3612/2843/569 3614/2841/570 3615/2844/571
f 3617/2845/572 3621/2846/1006 3623/2847/574
f 3618/2848/575 3621/2849/576 3620/2850/1008
f 3619/2851/578 3621/2849/1009 3622/2852/1171
f 3624/2853/581 3628/2854/582 3630/2855/1172
f 3625/2856/584 3628/2857/585 3627/2858/1173
f 3626/2859/587 3628/2857/588 3629/2860/589
f 3631/2861/590 3635/2862/1014 3637/2863/1015
f 3632/2864/593 3635/2865/791 3634/2866/595
f 3633/2867/596 3635/2865/597 3636/2868/598
f 3638/2869/599 3642/2870/600 3644/2871/601
f 3639/2872/602 3642/2873/603 3641/2874/604
f 3640/2875/605 3642/2873/1020 3643/2876/607
f 3645/2877/536 3649/2878/537 3651/2879/1021
f 3646/2880/539 3649/2881/540 3648/2882/541
f 3647/2883/542 3649/2881/543 3650/2884/544
f 3652/2885/545 3656/2886/546 3658/2887/547
f 3653/2888/548 3656/2889/549 3655/2890/550
f 3654/2891/551 3656/2886/552 3657/2892/553
f 3659/2893/554 3663/2894/555 3665/2895/556
f 3660/2896/557 3663/2897/558 3662/2898/559
f 3661/2899/560 3663/2897/561 3664/2900/562
f 3666/2901/563 3670/2902/564 3672/2903/1169
f 3667/2904/566 3670/2905/567 3669/2906/568
f 3668/2907/569 3670/2905/570 3671/2908/571
f 3673/2909/572 3677/2910/573 3679/2911/574
f 3674/2912/575 3677/2913/576 3676/2914/577
f 3675/2915/578 3677/2913/579 3678/2916/580
f 3680/2917/581 3684/2918/582 3686/2919/1172
f 3681/2920/584 3684/2921/585 3683/2922/586
f 3682/2923/587 3684/2921/588 3685/2924/589
f 3687/2925/590 3691/2926/591 3693/2927/592
f 3688/2928/593 3691/2929/594 3690/2930/595
f 3689/2931/596 3691/2929/597 3692/2932/598
f 3694/2933/599 3698/2934/600 3700/2935/601
f 3695/2936/602 3698/2937/603 3697/2938/604
f 3696/2939/605 3698/2937/606 3699/2940/607
f 3701/2941/1174 3705/2942/1030 3707/2943/1031
f 3702/2944/1032 3705/2942/1030 3704/2945/1175
f 3703/2946/1176 3705/2942/1030 3706/2947/1035
f 3717/2948/1177 3721/2949/1037 3723/2950/1178
f 3718/2951/1179 3721/2949/1037 3720/2952/1040
f 3719/2953/1041 3721/2949/1037 3722/2954/1042
f 3724/2955/1180 3728/2956/1044 3730/2957/1045
f 3725/2958/1181 3728/2956/1044 3727/2959/1047
f 3726/2960/1048 3728/2956/1044 3729/2961/1049
f 3740/2962/1050 3744/2963/1051 3746/2964/1052
f 3741/2965/1053 3744/2963/1051 3743/2966/1054
f 3742/2967/1182 3744/2963/1051 3745/2968/1183
f 3747/2969/1184 3751/2970/1058 3753/2971/1059
f 3748/2972/1060 3751/2970/1058 3750/2973/1061
f 3749/2974/1062 3751/2970/1058 3752/2975/1063
f 3763/2976/1064 3767/2977/1065 3769/2978/1066
f 3764/2979/1067 3767/2977/1065 3766/2980/1068
f 3765/2981/1069 3767/2977/1065 3768/2982/1070
f 3770/2983/1185 3774/2984/1072 3776/2985/1186
f 3771/2986/1187 3774/2984/1072 3773/2987/1075
f 3772/2988/1076 3774/2984/1072 3775/2989/1077
f 3786/2990/1188 3790/2991/1079 3792/2992/1080
f 3787/2993/1081 3790/2991/1079 3789/2994/1189
f 3788/2995/1190 3790/2991/1079 3791/2996/1084
f 3793/2997/1154 3797/2998/1086 3799/2999/1087
f 3794/3000/1191 3797/2998/1086 3796/3001/1089
f 3795/3002/1090 3797/2998/1086 3798/3003/1091
f 3809/3004/1192 3813/3005/1093 3815/3006/1094
f 3810/3007/1095 3813/3005/1093 3812/3008/1193
f 3811/3009/1194 3813/3005/1093 3814/3010/1195
f 3816/3011/1196 3820/3012/1100 3822/3013/1101
f 3817/3014/1197 3820/3012/1100 3819/3015/1103
f 3818/3016/1104 3820/3012/1100 3821/3017/1198
f 3832/3018/1160 3836/3019/1107 3838/3020/1108
f 3833/3021/1109 3836/3019/1107 3835/3022/1199
f 3834/3023/1111 3836/3019/1107 3837/3024/1200
f 3839/3025/1201 3843/3026/1114 3845/3027/1115
f 3840/3028/1116 3843/3026/1114 3842/3029/1117
f 3841/3030/1118 3843/3026/1114 3844/3031/1119
f 3855/3032/1120 3859/3033/1121 3861/3034/1122
f 3856/3035/1123 3859/3033/1121 3858/3036/1124
f 3857/3037/1202 3859/3033/1121 3860/3038/1126
f 3862/3039/1203 3866/3040/1128 3868/3041/1204
f 3863/3042/1130 3866/3040/1128 3865/3043/1131
f 3864/3044/1132 3866/3040/1128 3867/3045/1133
f 3878/3046/1205 3882/3047/1135 3884/3048/1136
f 3879/3049/1137 3882/3047/1135 3881/3050/1206
f 3880/3051/1207 3882/3047/1135 3883/3052/1140
f 3885/3053/1174 3889/3054/1030 3891/3055/1031
f 3886/3056/1032 3889/3054/1030 3888/3057/1175
f 3887/3058/1176 3889/3054/1030 3890/3059/1035
f 3901/3060/1177 3905/3061/1037 3907/3062/1178
f 3902/3063/1179 3905/3061/1037 3904/3064/1040
f 3903/3065/1041 3905/3061/1037 3906/3066/1042
f 3908/3067/1180 3912/3068/1044 3914/3069/1045
f 3909/3070/1181 3912/3068/1044 3911/3071/1047
f 3910/3072/1048 3912/3068/1044 3913/3073/1208
f 3924/3074/1050 3928/3075/1051 3930/3076/1052
f 3925/3077/1053 3928/3075/1051 3927/3078/1054
f 3926/3079/1182 3928/3075/1051 3929/3080/1183
f 3931/3081/1184 3935/3082/1058 3937/3083/1059
f 3932/3084/1060 3935/3082/1058 3934/3085/1061
f 3933/3086/1062 3935/3082/1058 3936/3087/1063
f 3947/3088/1064 3951/3089/1065 3953/3090/1066
f 3948/3091/1067 3951/3089/1065 3950/3092/1068
f 3949/3093/1069 3951/3089/1065 3952/3094/1070
f 3954/3095/1185 3958/3096/1072 3960/3097/1186
f 3955/3098/1187 3958/3096/1072 3957/3099/1075
f 3956/3100/1076 3958/3096/1072 3959/3101/1077
f 3970/3102/1188 3974/3103/1079 3976/3104/1080
f 3971/3105/1081 3974/3103/1079 3973/3106/1189
f 3972/3107/1190 3974/3103/1079 3975/3108/1084
f 3977/3109/1154 3981/3110/1086 3983/3111/1087
f 3978/3112/1191 3981/3110/1086 3980/3113/1089
f 3979/3114/1090 3981/3110/1086 3982/3115/1091
f 3993/3116/1192 3997/3117/1093 3999/3118/1094
f 3994/3119/1095 3997/3117/1093 3996/3120/1193
f 3995/3121/1194 3997/3117/1093 3998/3122/1195
f 4000/3123/1196 4004/3124/1100 4006/3125/1101
f 4001/3126/1197 4004/3124/1100 4003/3127/1103
f 4002/3128/1104 4004/3124/1100 4005/3129/1105
f 4016/3130/1160 4020/3131/1107 4022/3132/1108
f 4017/3133/1109 4020/3131/1107 4019/3134/1199
f 4018/3135/1111 4020/3131/1107 4021/3136/1200
f 4023/3137/1201 4027/3138/1114 4029/3139/1115
f 4024/3140/1116 4027/3138/1114 4026/3141/1117
f 4025/3142/1118 4027/3138/1114 4028/3143/1119
f 4039/3144/1120 4043/3145/1121 4045/3146/1122
f 4040/3147/1123 4043/3145/1121 4042/3148/1124
f 4041/3149/1202 4043/3145/1121 4044/3150/1126
f 4046/3151/1203 4050/3152/1128 4052/3153/1129
f 4047/3154/1130 4050/3152/1128 4049/3155/1131
f 4048/3156/1132 4050/3152/1128 4051/3157/1209
f 4062/3158/1205 4066/3159/1135 4068/3160/1136
f 4063/3161/1137 4066/3159/1135 4065/3162/1138
f 4064/3163/1207 4066/3159/1135 4067/3164/1140
f 4072/3165/1210 4075/3166/1211 4069/3167/1212
f 4070/3168/1213 4073/3169/1214 4072/3165/1210
f 4071/3170/1215 4073/3169/1214 4074/3171/1216
f 4076/3172/1217 4082/3173/1218 4086/3174/1219
f 4083/3175/1220 4081/3176/1221 4077/3177/1222
f 4078/3178/1223 4082/3179/1218 4083/3175/1220
f 4085/3180/1224 4084/3181/1225 4079/3182/1226
f 4080/3183/1227 4082/3173/1218 4085/3184/1224
f 4091/3185/1228 4095/3186/1229 4087/3187/1230
f 4088/3188/1231 4092/3189/1232 4091/3190/1228
f 4094/3191/1233 4093/3192/1234 4089/3193/1235
f 4090/3194/1236 4092/3189/1232 4094/3191/1233
f 4096/3195/1237 4102/3196/1238 4106/3197/1239
f 4097/3198/1240 4102/3196/1238 4101/3199/1241
f 4104/3200/1242 4103/3201/1243 4098/3202/1244
f 4099/3203/1245 4102/3204/1238 4104/3200/1242
f 4106/3205/1239 4105/3206/1246 4100/3207/1247
f 4111/3208/1248 4115/3209/1249 4107/3210/1250
f 4108/3211/1251 4112/3212/1252 4111/3208/1248
f 4114/3213/1253 4113/3214/1254 4109/3215/1255
f 4110/3216/1256 4112/3212/1252 4114/3213/1253
f 4121/3217/1257 4126/3218/1258 4116/3219/1259
f 4117/3220/1260 4122/3221/1261 4121/3222/1257
f 4118/3223/1262 4122/3221/1261 4123/3224/1263
f 4125/3225/1264 4124/3226/1265 4119/3227/1266
f 4120/3228/1267 4122/3229/1261 4125/3225/1264
f 4131/3230/1268 4135/3231/1269 4127/3232/1270
f 4128/3233/1271 4132/3234/1272 4131/3230/1268
f 4134/3235/1273 4133/3236/1274 4129/3237/1275
f 4130/3238/1276 4132/3234/1272 4134/3235/1273
f 4141/3239/1277 4146/3240/1278 4136/3241/1279
f 4137/3242/1280 4142/3243/1281 4141/3239/1277
f 4144/3244/1282 4143/3245/1283 4138/3246/1284
f 4139/3247/1285 4142/3248/1281 4144/3249/1282
f 4140/3250/1286 4142/3248/1281 4145/3251/1287
f 4152/3252/1288 4157/3253/1289 4147/3254/1290
f 4148/3255/1291 4153/3256/1292 4152/3252/1288
f 4155/3257/1293 4154/3258/1294 4149/3259/1295
f 4150/3260/1296 4153/3261/1292 4155/3262/1293
f 4151/3263/1297 4153/3261/1292 4156/3264/1298
f 4162/3265/1299 4166/3266/1300 4158/3267/1301
f 4159/3268/1302 4163/3269/1303 4162/3265/1299
f 4165/3270/1304 4164/3271/1305 4160/3272/1306
f 4161/3273/1307 4163/3269/1303 4165/3274/1304
f 4172/3275/1308 4177/3276/1309 4167/3277/1310
f 4168/3278/1311 4173/3279/1312 4172/3280/1308
f 4175/3281/1313 4174/3282/1314 4169/3283/1315
f 4170/3284/1316 4173/3285/1312 4175/3286/1313
f 4171/3287/1317 4173/3285/1312 4176/3288/1318
f 4178/3289/1319 4182/3290/1320 4184/3291/1321
f 4183/3292/1322 4181/3293/1323 4179/3294/1324
f 4180/3295/1325 4182/3290/1320 4183/3292/1322
f 4185/3296/1326 4189/3297/1327 4191/3298/1328
f 4186/3299/1329 4189/3300/1330 4188/3301/1331
f 4187/3302/1332 4189/3303/1333 4190/3304/1334
f 4192/3305/1335 4196/3306/1336 4198/3307/1337
f 4193/3308/1338 4196/3309/1339 4195/3310/1340
f 4194/3311/1341 4196/3312/1342 4197/3313/1343
f 4199/3314/1344 4203/3315/1345 4205/3316/1346
f 4200/3317/1347 4203/3318/1348 4202/3319/1349
f 4201/3320/1350 4203/3318/1351 4204/3321/1352
f 4206/3322/1353 4210/3323/1354 4212/3324/1355
f 4207/3325/1356 4210/3326/1357 4209/3327/1358
f 4208/3328/1359 4210/3326/1360 4211/3329/1361
f 4213/3330/1362 4217/3331/1363 4219/3332/1364
f 4214/3333/1365 4217/3334/1366 4216/3335/1367
f 4215/3336/1368 4217/3334/1369 4218/3337/1370
f 4220/3338/1371 4224/3339/1372 4226/3340/1373
f 4221/3341/1374 4224/3342/1375 4223/3343/1376
f 4222/3344/1377 4224/3342/1378 4225/3345/1379
f 4227/3346/1380 4231/3347/1381 4233/3348/1382
f 4228/3349/1383 4231/3350/1384 4230/3351/1385
f 4229/3352/1386 4231/3350/1387 4232/3353/1388
f 4234/3354/1389 4238/3355/1390 4240/3356/1391
f 4235/3357/1392 4238/3358/1393 4237/3359/1394
f 4236/3360/1395 4238/3358/1396 4239/3361/1397
f 4241/3362/1398 4245/3363/1399 4247/3364/1400
f 4242/3365/1401 4245/3366/1402 4244/3367/1403
f 4243/3368/1404 4245/3369/1405 4246/3370/1406
f 4248/3371/1407 4252/3372/1408 4254/3373/1409
f 4249/3374/1410 4252/3375/1411 4251/3376/1412
f 4250/3377/1413 4252/3378/1414 4253/3379/1415
f 4255/3380/1326 4259/3381/1327 4261/3382/1328
f 4256/3383/1329 4259/3384/1330 4258/3385/1331
f 4257/3386/1332 4259/3387/1333 4260/3388/1334
f 4262/3389/1335 4266/3390/1336 4268/3391/1337
f 4263/3392/1338 4266/3393/1339 4265/3394/1416
f 4264/3395/1341 4266/3396/1342 4267/3397/1343
f 4269/3398/1344 4273/3399/1417 4275/3400/1418
f 4270/3401/1347 4273/3402/1348 4272/3403/1349
f 4271/3404/1350 4273/3402/1351 4274/3405/1352
f 4276/3406/1353 4280/3407/1354 4282/3408/1355
f 4277/3409/1356 4280/3410/1357 4279/3411/1419
f 4278/3412/1359 4280/3410/1360 4281/3413/1361
f 4283/3414/1420 4287/3415/1363 4289/3416/1364
f 4284/3417/1421 4287/3418/1422 4286/3419/1367
f 4285/3420/1368 4287/3418/1369 4288/3421/1370
f 4290/3422/1371 4294/3423/1372 4296/3424/1423
f 4291/3425/1374 4294/3426/1375 4293/3427/1376
f 4292/3428/1377 4294/3426/1378 4295/3429/1379
f 4297/3430/1424 4301/3431/1381 4303/3432/1382
f 4298/3433/1383 4301/3434/1384 4300/3435/1385
f 4299/3436/1386 4301/3434/1387 4302/3437/1388
f 4304/3438/1389 4308/3439/1390 4310/3440/1391
f 4305/3441/1392 4308/3442/1425 4307/3443/1394
f 4306/3444/1395 4308/3442/1396 4309/3445/1397
f 4311/3446/1398 4315/3447/1399 4317/3448/1400
f 4312/3449/1401 4315/3450/1402 4314/3451/1403
f 4313/3452/1404 4315/3453/1405 4316/3454/1406
f 4318/3455/1426 4322/3456/1408 4324/3457/1409
f 4319/3458/1410 4322/3459/1411 4321/3460/1412
f 4320/3461/1413 4322/3462/1414 4323/3463/1415
f 4325/3464/1427 4329/3465/1428 4331/3466/1429
f 4330/3467/1430 4328/3468/1431 4326/3469/1432
f 4331/3470/1433 4330/3471/1430 4327/3472/1434
f 4332/3473/1435 4336/3474/1436 4338/3475/1437
f 4337/3476/1438 4335/3477/1439 4333/3478/1440
f 4338/3479/1437 4337/3480/1438 4334/3481/1441
f 4339/3482/1442 4343/3483/1443 4345/3484/1444
f 4344/3485/1445 4342/3486/1446 4340/3487/1447
f 4345/3488/1448 4344/3485/1445 4341/3489/1449
f 4346/3490/1450 4350/3491/1451 4352/3492/1452
f 4351/3493/1453 4349/3494/1454 4347/3495/1455
f 4352/3496/1452 4351/3493/1453 4348/3497/1456
f 4353/3498/1457 4357/3499/1458 4359/3500/1459
f 4358/3501/1460 4356/3502/1461 4354/3503/1462
f 4359/3504/1463 4358/3505/1460 4355/3506/1464
f 4360/3507/1465 4364/3508/1466 4366/3509/1467
f 4365/3510/1468 4363/3511/1469 4361/3512/1470
f 4366/3513/1467 4365/3514/1468 4362/3515/1471
f 4367/3516/1472 4371/3517/1473 4373/3518/1474
f 4372/3519/1475 4370/3520/1476 4368/3521/1477
f 4373/3522/1478 4372/3519/1475 4369/3523/1479
f 4374/3524/1480 4378/3525/1481 4380/3526/1482
f 4379/3527/1483 4377/3528/1484 4375/3529/1485
f 4380/3530/1482 4379/3527/1483 4376/3531/1486
f 4381/3532/1487 4385/3533/1488 4387/3534/1489
f 4386/3535/1490 4384/3536/1491 4382/3537/1492
f 4387/3538/1493 4386/3535/1490 4383/3539/1494
f 4388/3540/1495 4392/3541/1496 4394/3542/1497
f 4393/3543/1498 4391/3544/1499 4389/3545/1500
f 4394/3546/1497 4393/3547/1498 4390/3548/1501
f 4395/3549/1502 4399/3550/1503 4401/3551/1504
f 4400/3552/1505 4398/3553/1506 4396/3554/1507
f 4401/3555/1508 4400/3552/1505 4397/3556/1509
f 4402/3557/1510 4406/3558/1511 4408/3559/1512
f 4407/3560/1513 4405/3561/1514 4403/3562/1515
f 4408/3563/1512 4407/3560/1513 4404/3564/1516
f 4409/3565/1517 4413/3566/1518 4415/3567/1519
f 4414/3568/1520 4412/3569/1521 4410/3570/1522
f 4415/3571/1523 4414/3568/1520 4411/3572/1524
f 4416/3573/1525 4420/3574/1526 4422/3575/1527
f 4421/3576/1528 4419/3577/1529 4417/3578/1530
f 4422/3579/1527 4421/3580/1528 4418/3581/1531
f 4423/3582/1532 4427/3583/1533 4429/3584/1534
f 4428/3585/1535 4426/3586/1536 4424/3587/1537
f 4429/3588/1538 4428/3585/1535 4425/3589/1539
f 4430/3590/1540 4434/3591/1541 4436/3592/1542
f 4435/3593/1543 4433/3594/1544 4431/3595/1545
f 4436/3596/1542 4435/3593/1543 4432/3597/1546
f 4437/3598/536 4441/3599/537 4443/3600/538
f 4438/3601/539 4441/3602/540 4440/3603/541
f 4439/3604/542 4441/3602/543 4442/3605/544
f 4444/3606/545 4448/3607/546 4450/3608/547
f 4445/3609/548 4448/3610/1547 4447/3611/995
f 4446/3612/551 4448/3607/1548 4449/3613/997
f 4451/3614/554 4455/3615/555 4457/3616/556
f 4452/3617/557 4455/3618/1549 4454/3619/1000
f 4453/3620/560 4455/3618/561 4456/3621/562
f 4458/3622/563 4462/3623/790 4464/3624/565
f 4459/3625/566 4462/3626/567 4461/3627/1170
f 4460/3628/569 4462/3626/1550 4463/3629/571
f 4465/3630/572 4469/3631/573 4471/3632/574
f 4466/3633/575 4469/3634/1551 4468/3635/577
f 4467/3636/578 4469/3634/579 4470/3637/580
f 4472/3638/581 4476/3639/1552 4478/3640/1172
f 4473/3641/584 4476/3642/585 4475/3643/1173
f 4474/3644/587 4476/3642/1553 4477/3645/589
f 4479/3646/590 4483/3647/591 4485/3648/592
f 4480/3649/593 4483/3650/594 4482/3651/595
f 4481/3652/596 4483/3650/597 4484/3653/598
f 4486/3654/599 4490/3655/600 4492/3656/1018
f 4487/3657/602 4490/3658/603 4489/3659/1019
f 4488/3660/605 4490/3658/606 4491/3661/607
f 4493/3662/1554 4497/3663/1555 4499/3664/1556
f 4494/3665/1557 4497/3663/1558 4496/3666/1559
f 4495/3667/1560 4497/3668/1561 4498/3669/1562
f 4500/3670/1563 4504/3671/1564 4506/3672/1565
f 4501/3673/1566 4504/3674/1567 4503/3675/1568
f 4502/3676/1569 4504/3671/1570 4505/3677/1571
f 4507/3678/1572 4511/3679/1573 4513/3680/1574
f 4508/3681/1575 4511/3679/1576 4510/3682/1577
f 4509/3683/1578 4511/3679/1579 4512/3684/1580
f 4514/3685/1581 4518/3686/1582 4520/3687/1583
f 4515/3688/1584 4518/3689/1585 4517/3690/1586
f 4516/3691/1587 4518/3692/1588 4519/3693/1589
f 4521/3694/1590 4525/3695/1591 4527/3696/1592
f 4522/3697/1593 4525/3698/1594 4524/3699/1595
f 4523/3700/1596 4525/3701/1597 4526/3702/1598
f 4528/3703/1599 4532/3704/1600 4534/3705/1601
f 4529/3706/1602 4532/3704/1603 4531/3707/1604
f 4530/3708/1605 4532/3704/1606 4533/3709/1607
f 4535/3710/1608 4539/3711/1609 4541/3712/1610
f 4536/3713/1611 4539/3714/1612 4538/3715/1613
f 4537/3716/1614 4539/3714/1615 4540/3717/1616
f 4542/3718/1617 4546/3719/1618 4548/3720/1619
f 4543/3721/1620 4546/3722/1621 4545/3723/1622
f 4544/3724/1623 4546/3719/1624 4547/3725/1625
f 652/858/361 643/3726/346 639/3727/347
f 654/3728/1626 637/837/340 643/839/342
f 645/3729/353 664/867/370 660/868/371
f 664/863/366 644/845/348 658/861/364
f 646/852/355 642/840/343 638/842/345
f 649/848/351 639/844/347 642/840/343
f 653/860/363 663/864/367 659/866/369
f 656/856/359 660/868/371 663/864/367
f 666/874/377 657/859/362 653/860/363
f 657/855/358 665/869/372 651/853/356
f 659/866/369 678/883/386 674/884/387
f 661/3730/1627 672/877/380 678/879/382
f 667/876/379 677/880/383 673/882/385
f 670/872/375 674/884/387 677/880/383
f 680/890/393 671/875/378 667/876/379
f 682/3731/1628 665/869/372 671/871/374
f 673/882/385 692/900/402 688/902/403
f 675/3732/1629 686/894/396 692/896/398
f 681/893/395 691/897/399 687/899/401
f 684/888/391 688/902/403 691/901/399
f 694/908/409 685/891/394 681/893/395
f 696/3733/1630 679/885/388 685/887/390
f 687/899/401 706/917/418 702/918/419
f 689/3734/1631 700/911/412 706/913/414
f 695/910/411 705/914/415 701/916/417
f 698/906/407 702/918/419 705/914/415
f 708/924/425 699/909/410 695/910/411
f 699/905/406 707/919/420 693/903/404
f 701/916/417 720/933/434 716/934/435
f 703/3735/1632 714/927/428 720/929/430
f 709/926/427 719/930/431 715/932/433
f 712/922/423 716/934/435 719/930/431
f 722/940/441 713/3736/426 709/3737/427
f 724/3738/1633 707/919/420 713/921/422
f 730/950/451 717/3739/432 734/949/450
f 717/3740/1634 728/943/444 734/945/446
f 723/942/443 733/946/447 729/948/449
f 726/938/439 730/950/451 733/946/447
f 736/956/457 727/941/442 723/942/443
f 738/3741/1635 721/935/436 727/937/438
f 729/948/449 748/965/466 744/966/467
f 731/3742/1636 742/959/460 748/961/462
f 737/958/459 747/962/463 743/964/465
f 740/954/455 744/966/467 747/962/463
f 750/972/473 741/957/458 737/958/459
f 752/3743/1637 735/951/452 741/953/454
f 743/964/465 762/982/482 758/984/483
f 762/978/478 742/959/460 756/976/476
f 751/975/475 761/979/479 757/981/481
f 754/970/471 758/984/483 761/983/479
f 764/990/489 755/973/474 751/975/475
f 755/969/470 763/985/484 749/967/468
f 757/981/481 776/999/498 772/1000/499
f 759/3744/1638 770/993/492 776/995/494
f 765/992/491 775/996/495 771/998/497
f 775/996/495 764/990/489 772/1000/499
f 638/842/345 769/991/490 765/992/491
f 640/3745/1639 763/985/484 769/987/486
f 771/998/497 650/851/354 646/852/355
f 773/3746/1640 644/845/348 650/847/350
f 792/1022/361 783/3747/346 779/3748/347
f 794/3749/1626 777/1001/340 783/1003/342
f 785/3750/353 804/1031/370 800/1032/371
f 804/1027/504 784/1009/348 798/1025/364
f 786/1016/355 782/1004/343 778/1006/345
f 789/1012/351 779/1008/347 782/1004/343
f 793/1024/363 803/1028/367 799/1030/506
f 796/1020/359 800/1032/371 803/1028/367
f 793/1024/363 808/1037/376 797/1023/362
f 808/3751/1641 791/1017/356 797/1019/502
f 814/1048/387 801/1029/505 818/1047/386
f 801/3752/1642 812/1041/507 818/1043/508
f 807/1040/379 817/1044/383 813/1046/510
f 810/1036/375 814/1048/387 817/1044/383
f 820/1054/393 811/1039/378 807/1040/379
f 811/1035/374 819/1049/511 805/1033/372
f 813/1046/510 832/1064/516 828/1066/517
f 832/1060/515 812/1041/507 826/1058/513
f 821/1057/395 831/1061/399 827/1063/401
f 824/1052/391 828/1066/517 831/1065/399
f 834/1072/518 825/1055/394 821/1057/395
f 836/3753/1643 819/1049/511 825/1051/390
f 842/1082/520 829/1062/400 846/1081/418
f 829/3754/1644 840/1075/412 846/1077/414
f 835/1074/411 845/1078/415 841/1080/417
f 838/1070/407 842/1082/520 845/1078/415
f 848/1088/425 839/1073/410 835/1074/411
f 839/1069/406 847/1083/420 833/1067/404
f 841/1080/417 860/1097/434 856/1098/435
f 843/3755/1632 854/1091/428 860/1093/430
f 849/1090/427 859/1094/431 855/1096/433
f 852/1086/423 856/1098/435 859/1094/431
f 862/1104/441 853/3756/426 849/3757/427
f 864/3758/1633 847/1083/420 853/1085/422
f 870/1114/451 857/3759/432 874/1113/450
f 857/3760/1634 868/1107/444 874/1109/446
f 863/1106/443 873/1110/447 869/1112/449
f 866/1102/439 870/1114/451 873/1110/447
f 876/1120/457 867/1105/442 863/1106/443
f 878/3761/1645 861/1099/436 867/1101/438
f 869/1112/449 888/1129/466 884/1130/467
f 871/3762/1646 882/1123/525 888/1125/526
f 877/1122/459 887/1126/463 883/1128/528
f 880/1118/455 884/1130/467 887/1126/463
f 890/1136/473 881/1121/458 877/1122/459
f 892/3763/1647 875/1115/452 881/1117/454
f 898/1148/483 885/1127/527 902/1146/482
f 885/3764/1648 896/1140/531 902/1142/532
f 891/1139/475 901/1143/479 897/1145/481
f 894/1134/471 898/1148/483 901/1147/479
f 891/1139/475 906/1153/488 895/1137/530
f 906/3765/1649 889/1131/468 895/1133/470
f 912/1164/535 899/1144/533 916/1163/498
f 899/3766/1638 910/1157/492 916/1159/494
f 905/1156/491 915/1160/495 911/1162/497
f 908/1152/487 912/1164/535 915/1160/495
f 778/1006/345 909/1155/490 905/1156/491
f 909/1151/486 777/1001/340 903/1149/484
f 911/1162/497 790/1015/354 786/1016/355
f 913/3767/1640 784/1009/348 790/1011/350
f 918/3768/1650 925/3769/1651 919/3770/1652
f 925/3771/1653 917/3772/1654 919/3773/1655
f 927/3774/1656 922/3775/1657 928/3776/1658
f 928/3777/1659 920/3778/1660 926/3779/1661
f 930/3780/1662 925/3769/1651 924/3781/1663
f 925/3771/1653 929/3782/1664 923/3783/1665
f 933/3784/1666 928/3776/1658 934/3785/1667
f 928/3777/1659 932/3786/1668 934/3787/1669
f 936/3788/1670 931/3789/1671 930/3780/1662
f 937/3790/1672 929/3782/1664 931/3791/1673
f 939/3792/1674 934/3785/1667 940/3793/1675
f 934/3787/1669 938/3794/1676 940/3795/1677
f 942/3796/1678 937/3797/1679 936/3788/1670
f 943/3798/1680 935/3799/1681 937/3790/1672
f 939/3792/1674 946/3800/1682 945/3801/1683
f 940/3795/1677 944/3802/1684 946/3803/1685
f 948/3804/1686 943/3805/1687 942/3806/1678
f 949/3807/1688 941/3808/1689 943/3798/1680
f 945/3809/1683 952/3810/1690 951/3811/1691
f 946/3803/1685 950/3812/1692 952/3813/1693
f 954/3814/1694 949/3815/1695 948/3804/1686
f 955/3816/1696 947/3817/1697 949/3807/1688
f 951/3811/1691 958/3818/1698 957/3819/1699
f 958/3820/1700 950/3812/1692 956/3821/1701
f 954/3814/1694 961/3822/1702 955/3823/1703
f 961/3824/1704 953/3825/1705 955/3816/1696
f 957/3819/1699 964/3826/1706 963/3827/1707
f 964/3828/1708 956/3821/1701 962/3829/1709
f 966/3830/1710 961/3831/1702 960/3832/1711
f 967/3833/1712 959/3834/1713 961/3824/1704
f 969/3835/1714 964/3836/1706 970/3837/1715
f 964/3828/1708 968/3838/1716 970/3839/1717
f 966/3830/1710 973/3840/1718 967/3841/1719
f 973/3842/1720 965/3843/1721 967/3833/1712
f 969/3835/1714 976/3844/1722 975/3845/1723
f 976/3846/1724 968/3838/1716 974/3847/1725
f 972/3848/1726 979/3849/1727 973/3840/1718
f 979/3850/1728 971/3851/1729 973/3842/1720
f 975/3845/1723 982/3852/1730 981/3853/1731
f 982/3854/1732 974/3847/1725 980/3855/1733
f 984/3856/1734 979/3849/1727 978/3857/1735
f 985/3858/1736 977/3859/1737 979/3850/1728
f 981/3853/1731 988/3860/1738 987/3861/1739
f 982/3854/1732 986/3862/1740 988/3863/1741
f 990/3864/1742 985/3865/1743 984/3866/1734
f 985/3858/1736 989/3867/1744 983/3868/1745
f 987/3869/1739 994/3870/1746 993/3871/1747
f 988/3863/1741 992/3872/1748 994/3873/1749
f 996/3874/1750 991/3875/1751 990/3864/1742
f 997/3876/1752 989/3867/1744 991/3877/1753
f 993/3871/1747 1000/3878/1754 999/3879/1755
f 994/3873/1749 998/3880/1756 1000/3881/1757
f 996/3874/1750 919/3882/1652 997/3883/1758
f 919/3773/1655 995/3884/1759 997/3876/1752
f 999/3879/1755 922/3885/1657 921/3886/1760
f 1000/3881/1757 920/3778/1660 922/3887/1761
f 1008/3888/1663 1003/3889/1652 1002/3890/1650
f 1003/3891/1655 1007/3892/1665 1001/3893/1654
f 1005/3894/1760 1012/3895/1658 1011/3896/1656
f 1006/3897/1761 1010/3898/1661 1012/3899/1659
f 1014/3900/1662 1009/3901/1651 1008/3888/1663
f 1009/3902/1653 1013/3903/1664 1007/3892/1665
f 1017/3904/1666 1012/3895/1658 1018/3905/1667
f 1018/3906/1669 1010/3898/1661 1016/3907/1668
f 1014/3900/1662 1021/3908/1679 1015/3909/1671
f 1021/3910/1672 1013/3903/1664 1015/3911/1762
f 1017/3904/1666 1024/3912/1675 1023/3913/1674
f 1024/3914/1763 1016/3907/1668 1022/3915/1764
f 1026/3916/1678 1021/3908/1679 1020/3917/1670
f 1027/3918/1680 1019/3919/1681 1021/3910/1672
f 1023/3913/1674 1030/3920/1682 1029/3921/1683
f 1024/3914/1763 1028/3922/1684 1030/3923/1685
f 1032/3924/1686 1027/3925/1687 1026/3926/1678
f 1027/3918/1680 1031/3927/1697 1025/3928/1689
f 1029/3929/1683 1036/3930/1690 1035/3931/1691
f 1030/3923/1685 1034/3932/1692 1036/3933/1693
f 1038/3934/1694 1033/3935/1695 1032/3924/1686
f 1033/3936/1688 1037/3937/1705 1031/3927/1697
f 1041/3938/1699 1036/3930/1690 1042/3939/1698
f 1036/3933/1693 1040/3940/1701 1042/3941/1700
f 1038/3934/1694 1045/3942/1702 1039/3943/1703
f 1045/3944/1704 1037/3937/1705 1039/3945/1696
f 1041/3938/1699 1048/3946/1706 1047/3947/1707
f 1042/3941/1700 1046/3948/1709 1048/3949/1708
f 1050/3950/1710 1045/3951/1702 1044/3952/1711
f 1051/3953/1712 1043/3954/1713 1045/3944/1704
f 1053/3955/1714 1048/3956/1706 1054/3957/1715
f 1048/3949/1708 1052/3958/1716 1054/3959/1717
f 1056/3960/1726 1051/3961/1719 1050/3950/1710
f 1057/3962/1765 1049/3963/1721 1051/3953/1712
f 1053/3955/1714 1060/3964/1722 1059/3965/1723
f 1054/3959/1717 1058/3966/1725 1060/3967/1724
f 1062/3968/1735 1057/3969/1718 1056/3960/1726
f 1063/3970/1728 1055/3971/1729 1057/3962/1765
f 1065/3972/1731 1060/3964/1722 1066/3973/1730
f 1060/3967/1724 1064/3974/1766 1066/3975/1767
f 1068/3976/1734 1063/3977/1727 1062/3968/1735
f 1069/3978/1736 1061/3979/1737 1063/3970/1728
f 1065/3972/1731 1072/3980/1738 1071/3981/1739
f 1066/3975/1767 1070/3982/1740 1072/3983/1741
f 1074/3984/1742 1069/3985/1743 1068/3986/1734
f 1075/3987/1753 1067/3988/1745 1069/3978/1736
f 1071/3989/1739 1078/3990/1746 1077/3991/1747
f 1072/3983/1741 1076/3992/1748 1078/3993/1749
f 1074/3984/1742 1081/3994/1758 1075/3995/1751
f 1081/3996/1752 1073/3997/1744 1075/3987/1753
f 1077/3991/1747 1084/3998/1754 1083/3999/1755
f 1084/4000/1757 1076/3992/1748 1082/4001/1756
f 1002/4002/1650 1081/3994/1758 1080/4003/1750
f 1081/3996/1752 1001/3893/1654 1079/4004/1759
f 1083/3999/1755 1006/4005/1657 1005/4006/1760
f 1084/4000/1757 1004/4007/1660 1006/3897/1761
f 1092/4008/1663 1087/4009/1652 1086/4010/1650
f 1093/4011/1653 1085/4012/1654 1087/4013/1768
f 1095/4014/1656 1090/4015/1657 1096/4016/1658
f 1090/4017/1769 1094/4018/1661 1096/4019/1770
f 1098/4020/1662 1093/4021/1651 1092/4008/1663
f 1099/4022/1673 1091/4023/1665 1093/4011/1653
f 1095/4014/1656 1102/4024/1667 1101/4025/1666
f 1102/4026/1771 1094/4018/1661 1100/4027/1668
f 1104/4028/1670 1099/4029/1671 1098/4020/1662
f 1105/4030/1672 1097/4031/1664 1099/4022/1673
f 1107/4032/1674 1102/4024/1667 1108/4033/1675
f 1108/4034/1763 1100/4027/1668 1106/4035/1764
f 1110/4036/1678 1105/4037/1679 1104/4028/1670
f 1111/4038/1680 1103/4039/1681 1105/4030/1672
f 1113/4040/1683 1108/4033/1675 1114/4041/1682
f 1114/4042/1772 1106/4035/1764 1112/4043/1684
f 1116/4044/1686 1111/4045/1687 1110/4046/1678
f 1111/4038/1680 1115/4047/1697 1109/4048/1689
f 1113/4049/1683 1120/4050/1690 1119/4051/1691
f 1114/4042/1772 1118/4052/1692 1120/4053/1773
f 1116/4044/1686 1123/4054/1703 1117/4055/1695
f 1117/4056/1688 1121/4057/1705 1115/4047/1697
f 1119/4051/1691 1126/4058/1698 1125/4059/1699
f 1120/4053/1773 1124/4060/1701 1126/4061/1774
f 1128/4062/1711 1123/4054/1703 1122/4063/1694
f 1123/4064/1696 1127/4065/1713 1121/4057/1705
f 1131/4066/1707 1126/4058/1698 1132/4067/1706
f 1132/4068/1775 1124/4060/1701 1130/4069/1709
f 1128/4070/1711 1135/4071/1719 1129/4072/1702
f 1135/4073/1712 1127/4065/1713 1129/4074/1776
f 1131/4075/1707 1138/4076/1715 1137/4077/1714
f 1132/4068/1775 1136/4078/1716 1138/4079/1777
f 1134/4080/1710 1141/4081/1718 1135/4071/1719
f 1141/4082/1765 1133/4083/1721 1135/4073/1712
f 1143/4084/1723 1138/4076/1715 1144/4085/1722
f 1144/4086/1778 1136/4078/1716 1142/4087/1725
f 1146/4088/1735 1141/4081/1718 1140/4089/1726
f 1147/4090/1728 1139/4091/1729 1141/4082/1765
f 1149/4092/1731 1144/4085/1722 1150/4093/1730
f 1150/4094/1779 1142/4087/1725 1148/4095/1766
f 1152/4096/1734 1147/4097/1727 1146/4088/1735
f 1153/4098/1736 1145/4099/1737 1147/4090/1728
f 1149/4092/1731 1156/4100/1738 1155/4101/1739
f 1150/4094/1779 1154/4102/1780 1156/4103/1781
f 1152/4104/1734 1159/4105/1751 1153/4106/1743
f 1153/4098/1736 1157/4107/1744 1151/4108/1745
f 1155/4109/1739 1162/4110/1746 1161/4111/1747
f 1162/4112/1782 1154/4102/1780 1160/4113/1748
f 1164/4114/1750 1159/4105/1751 1158/4115/1742
f 1159/4116/1753 1163/4117/1759 1157/4107/1744
f 1167/4118/1755 1162/4110/1746 1168/4119/1754
f 1162/4112/1782 1166/4120/1756 1168/4121/1783
f 1086/4122/1650 1165/4123/1758 1164/4114/1750
f 1165/4124/1752 1085/4012/1654 1163/4117/1759
f 1167/4118/1755 1090/4125/1657 1089/4126/1760
f 1168/4121/1783 1088/4127/1660 1090/4017/1769
f 1170/4128/1650 1177/4129/1651 1171/4130/1652
f 1177/4131/1653 1169/4132/1654 1171/4133/1768
f 1179/4134/1656 1174/4135/1657 1180/4136/1658
f 1180/4137/1770 1172/4138/1660 1178/4139/1661
f 1176/4140/1663 1183/4141/1671 1177/4129/1651
f 1183/4142/1673 1175/4143/1665 1177/4131/1653
f 1179/4134/1656 1186/4144/1667 1185/4145/1666
f 1186/4146/1771 1178/4139/1661 1184/4147/1668
f 1188/4148/1670 1183/4141/1671 1182/4149/1662
f 1189/4150/1672 1181/4151/1664 1183/4142/1673
f 1191/4152/1674 1186/4144/1667 1192/4153/1675
f 1186/4146/1771 1190/4154/1764 1192/4155/1763
f 1194/4156/1678 1189/4157/1679 1188/4148/1670
f 1195/4158/1680 1187/4159/1681 1189/4150/1672
f 1191/4152/1674 1198/4160/1682 1197/4161/1683
f 1192/4155/1763 1196/4162/1784 1198/4163/1785
f 1194/4164/1678 1201/4165/1695 1195/4166/1687
f 1195/4158/1680 1199/4167/1697 1193/4168/1689
f 1197/4169/1683 1204/4170/1690 1203/4171/1691
f 1198/4163/1785 1202/4172/1692 1204/4173/1786
f 1206/4174/1694 1201/4165/1695 1200/4175/1686
f 1201/4176/1688 1205/4177/1705 1199/4167/1697
f 1203/4171/1691 1210/4178/1698 1209/4179/1699
f 1204/4173/1786 1208/4180/1701 1210/4181/1774
f 1212/4182/1711 1207/4183/1703 1206/4174/1694
f 1213/4184/1776 1205/4177/1705 1207/4185/1696
f 1215/4186/1707 1210/4178/1698 1216/4187/1706
f 1210/4181/1774 1214/4188/1709 1216/4189/1775
f 1212/4190/1711 1219/4191/1719 1213/4192/1702
f 1219/4193/1712 1211/4194/1713 1213/4184/1776
f 1215/4195/1707 1222/4196/1715 1221/4197/1714
f 1222/4198/1777 1214/4188/1709 1220/4199/1716
f 1218/4200/1710 1225/4201/1718 1219/4191/1719
f 1225/4202/1765 1217/4203/1721 1219/4193/1712
f 1221/4197/1714 1228/4204/1787 1227/4205/1723
f 1228/4206/1788 1220/4199/1716 1226/4207/1725
f 1230/4208/1735 1225/4201/1718 1224/4209/1726
f 1225/4202/1765 1229/4210/1737 1223/4211/1729
f 1227/4205/1723 1234/4212/1730 1233/4213/1731
f 1228/4206/1788 1232/4214/1766 1234/4215/1767
f 1236/4216/1734 1231/4217/1727 1230/4208/1735
f 1231/4218/1728 1235/4219/1745 1229/4210/1737
f 1239/4220/1739 1234/4212/1730 1240/4221/1738
f 1234/4215/1767 1238/4222/1780 1240/4223/1781
f 1236/4224/1734 1243/4225/1751 1237/4226/1743
f 1237/4227/1736 1241/4228/1744 1235/4219/1745
f 1239/4229/1739 1246/4230/1746 1245/4231/1747
f 1240/4223/1781 1244/4232/1748 1246/4233/1782
f 1248/4234/1750 1243/4225/1751 1242/4235/1742
f 1243/4236/1753 1247/4237/1759 1241/4228/1744
f 1251/4238/1755 1246/4230/1746 1252/4239/1754
f 1246/4233/1782 1250/4240/1756 1252/4241/1783
f 1170/4242/1650 1249/4243/1758 1248/4234/1750
f 1249/4244/1752 1169/4132/1654 1247/4237/1759
f 1251/4238/1755 1174/4245/1657 1173/4246/1760
f 1252/4241/1783 1172/4138/1660 1174/4247/1769
f 1253/1165/536 1270/4248/1789 1267/1181/554
f 1259/4249/1790 1268/4250/557 1270/4251/559
f 1254/1168/539 1266/1175/547 1258/1172/1791
f 1266/1175/1792 1255/1171/542 1258/1172/544
f 1274/1189/563 1265/4252/1793 1261/1176/548
f 1280/4253/1794 1262/1179/551 1265/1180/553
f 1269/1187/560 1279/1196/1795 1275/1192/566
f 1272/1188/1796 1276/1195/569 1279/1196/571
f 1267/1181/554 1298/4254/1797 1295/1213/590
f 1273/4255/1798 1296/4256/593 1298/4257/595
f 1302/1221/599 1277/4258/1799 1274/1189/563
f 1308/4259/1800 1275/1192/566 1277/1194/568
f 1297/1219/596 1307/1228/1801 1303/1224/602
f 1300/1220/1802 1304/1227/605 1307/1228/607
f 1295/1213/590 1284/4260/1803 1281/1197/572
f 1301/4261/1804 1282/4262/575 1284/4263/577
f 1288/1205/581 1305/4264/1805 1302/1221/599
f 1294/4265/1806 1303/1224/602 1305/1226/604
f 1283/1203/578 1293/1212/1807 1289/1208/584
f 1286/1204/1808 1290/1211/587 1293/1212/589
f 1281/1197/572 1256/4266/1809 1253/1165/536
f 1256/4267/541 1283/1203/578 1254/4268/539
f 1288/1205/581 1263/1178/550 1291/4269/1810
f 1263/4270/1811 1289/1208/584 1291/1210/586
f 1309/1229/536 1326/4271/1789 1323/1245/554
f 1315/4272/1790 1324/4273/557 1326/4274/559
f 1310/1232/539 1322/1239/547 1314/1236/1791
f 1322/1239/1792 1311/1235/542 1314/1236/544
f 1330/1253/563 1321/4275/1793 1317/1240/548
f 1336/4276/1794 1318/1243/551 1321/1244/553
f 1325/1251/560 1335/1260/1795 1331/1256/566
f 1335/1260/571 1324/1248/557 1332/1259/569
f 1323/1245/554 1354/4277/1797 1351/1277/590
f 1354/4278/595 1325/1251/560 1352/4279/593
f 1358/1285/599 1333/4280/1799 1330/1253/563
f 1364/4281/1800 1331/1256/566 1333/1258/568
f 1353/1283/596 1363/1292/1801 1359/1288/602
f 1356/1284/1802 1360/1291/605 1363/1292/607
f 1351/1277/590 1340/4282/1803 1337/1261/572
f 1357/4283/1804 1338/4284/575 1340/4285/577
f 1344/1269/581 1361/4286/1805 1358/1285/599
f 1350/4287/1806 1359/1288/602 1361/1290/604
f 1339/1267/578 1349/1276/1807 1345/1272/584
f 1342/1268/1808 1346/1275/587 1349/1276/589
f 1309/1229/536 1343/1263/574 1312/4288/1809
f 1343/4289/1812 1310/4290/539 1312/4291/541
f 1317/1240/548 1347/4292/1810 1344/1269/581
f 1319/4293/1811 1345/1272/584 1347/1274/586
f 1365/1293/536 1382/4294/1789 1379/1309/554
f 1371/4295/1790 1380/4296/557 1382/4297/559
f 1372/1301/545 1370/1300/1791 1366/1296/539
f 1378/1303/1792 1367/1299/542 1370/1300/544
f 1386/1317/563 1377/4298/1793 1373/1304/548
f 1392/4299/1794 1374/1307/551 1377/1308/553
f 1381/1315/560 1391/1324/1813 1387/1320/566
f 1384/1316/1796 1388/1323/569 1391/1324/571
f 1379/1309/554 1410/4300/1797 1407/1341/590
f 1385/4301/1798 1408/4302/593 1410/4303/595
f 1414/1349/599 1389/4304/1799 1386/1317/563
f 1420/4305/1800 1387/1320/566 1389/1322/568
f 1409/1347/596 1419/1356/1801 1415/1352/602
f 1412/1348/1814 1416/1355/605 1419/1356/610
f 1407/1341/590 1396/4306/1803 1393/1325/572
f 1413/4307/1804 1394/4308/575 1396/4309/577
f 1400/1333/581 1417/4310/1805 1414/1349/599
f 1406/4311/1806 1415/1352/602 1417/1354/604
f 1395/1331/578 1405/1340/1807 1401/1336/584
f 1398/1332/1808 1402/1339/587 1405/1340/589
f 1393/1325/572 1368/4312/1809 1365/1293/536
f 1399/4313/1812 1366/4314/539 1368/4315/541
f 1373/1304/548 1403/4316/1810 1400/1333/581
f 1375/4317/1811 1401/1336/584 1403/1338/586
f 1421/1357/536 1438/4318/1789 1435/1373/554
f 1427/4319/1790 1436/4320/557 1438/4321/559
f 1428/1365/545 1426/1364/1791 1422/1360/539
f 1434/1367/1792 1423/1363/542 1426/1364/544
f 1442/1381/563 1433/4322/1793 1429/1368/548
f 1448/4323/1794 1430/1371/551 1433/1372/553
f 1437/1379/560 1447/1388/1813 1443/1384/566
f 1440/1380/1796 1444/1387/569 1447/1388/571
f 1435/1373/554 1466/4324/1797 1463/1405/590
f 1441/4325/1798 1464/4326/593 1466/4327/595
f 1470/1413/599 1445/4328/1799 1442/1381/563
f 1476/4329/1800 1443/1384/566 1445/1386/568
f 1465/1411/596 1475/1420/1801 1471/1416/602
f 1468/1412/1814 1472/1419/605 1475/1420/610
f 1463/1405/590 1452/4330/1803 1449/1389/572
f 1469/4331/1804 1450/4332/575 1452/4333/577
f 1456/1397/581 1473/4334/1805 1470/1413/599
f 1462/4335/1806 1471/1416/602 1473/1418/604
f 1451/1395/578 1461/1404/1807 1457/1400/584
f 1454/1396/1808 1458/1403/587 1461/1404/589
f 1449/1389/572 1424/4336/1809 1421/1357/536
f 1455/4337/1812 1422/4338/539 1424/4339/541
f 1429/1368/548 1459/4340/1810 1456/1397/581
f 1431/4341/1811 1457/1400/584 1459/1402/586
f 1484/4342/1815 1479/4343/1816 1478/4344/1817
f 1479/4345/1818 1483/4346/1819 1477/4347/1820
f 1487/4348/1821 1482/4349/1822 1488/4350/1823
f 1488/4351/1824 1480/4352/1825 1486/4353/1826
f 1490/4354/1827 1485/4355/1828 1484/4356/1815
f 1485/4357/1829 1489/4358/1830 1483/4346/1819
f 1493/4359/1831 1488/4350/1823 1494/4360/1832
f 1488/4351/1824 1492/4361/1833 1494/4362/1834
f 1496/4363/1835 1491/4364/1836 1490/4354/1827
f 1497/4365/1837 1489/4358/1830 1491/4366/1838
f 1499/4367/1839 1494/4360/1832 1500/4368/1840
f 1500/4369/1841 1492/4361/1833 1498/4370/1842
f 1502/4371/1843 1497/4372/1844 1496/4363/1835
f 1503/4373/1845 1495/4374/1846 1497/4365/1837
f 1499/4367/1839 1506/4375/1847 1505/4376/1848
f 1500/4369/1841 1504/4377/1849 1506/4378/1850
f 1502/4379/1843 1509/4380/1851 1503/4381/1852
f 1503/4373/1845 1507/4382/1853 1501/4383/1854
f 1505/4384/1848 1512/4385/1855 1511/4386/1856
f 1512/4387/1857 1504/4377/1849 1510/4388/1858
f 1508/4389/1859 1515/4390/1860 1509/4380/1851
f 1515/4391/1861 1507/4382/1853 1509/4392/1862
f 1511/4386/1856 1518/4393/1863 1517/4394/1864
f 1518/4395/1865 1510/4388/1858 1516/4396/1866
f 1514/4397/1867 1521/4398/1868 1515/4390/1860
f 1515/4391/1861 1519/4399/1869 1513/4400/1870
f 1517/4394/1864 1524/4401/1871 1523/4402/1872
f 1518/4395/1865 1522/4403/1873 1524/4404/1874
f 1526/4405/1875 1521/4406/1868 1520/4407/1876
f 1521/4408/1877 1525/4409/1878 1519/4399/1869
f 1523/4402/1872 1530/4410/1879 1529/4411/1880
f 1530/4412/1881 1522/4403/1873 1528/4413/1882
f 1526/4405/1875 1533/4414/1883 1527/4415/1884
f 1533/4416/1885 1525/4409/1878 1527/4417/1886
f 1535/4418/1887 1530/4419/1879 1536/4420/1888
f 1530/4412/1881 1534/4421/1889 1536/4422/1890
f 1532/4423/1891 1539/4424/1892 1533/4414/1883
f 1533/4416/1885 1537/4425/1893 1531/4426/1894
f 1541/4427/1895 1536/4420/1888 1542/4428/1896
f 1542/4429/1897 1534/4421/1889 1540/4430/1898
f 1538/4431/1899 1545/4432/1900 1539/4424/1892
f 1545/4433/1901 1537/4425/1893 1539/4434/1902
f 1541/4427/1895 1548/4435/1903 1547/4436/1904
f 1542/4429/1897 1546/4437/1905 1548/4438/1906
f 1550/4439/1907 1545/4440/1900 1544/4441/1908
f 1545/4433/1901 1549/4442/1909 1543/4443/1910
f 1547/4444/1904 1554/4445/1911 1553/4446/1912
f 1548/4438/1906 1552/4447/1913 1554/4448/1914
f 1556/4449/1915 1551/4450/1916 1550/4439/1907
f 1551/4451/1917 1555/4452/1918 1549/4442/1909
f 1553/4446/1912 1560/4453/1919 1559/4454/1920
f 1560/4455/1921 1552/4447/1913 1558/4456/1922
f 1556/4449/1915 1479/4343/1816 1557/4457/1923
f 1557/4458/1924 1477/4347/1820 1555/4452/1918
f 1559/4454/1920 1482/4459/1822 1481/4460/1925
f 1560/4455/1921 1480/4352/1825 1482/4461/1926
f 1568/4462/1927 1563/4463/1928 1562/4464/1929
f 1569/4465/1930 1561/4466/1931 1563/4467/1932
f 1565/4468/1933 1572/4469/1934 1571/4470/1935
f 1572/4471/1936 1564/4472/1937 1570/4473/1938
f 1568/4462/1927 1575/4474/1939 1569/4475/1940
f 1575/4476/1941 1567/4477/1942 1569/4465/1930
f 1577/4478/1943 1572/4479/1934 1578/4480/1944
f 1572/4471/1936 1576/4481/1945 1578/4482/1946
f 1574/4483/1947 1581/4484/1948 1575/4474/1939
f 1575/4476/1941 1579/4485/1949 1573/4486/1950
f 1583/4487/1951 1578/4480/1944 1584/4488/1952
f 1584/4489/1953 1576/4481/1945 1582/4490/1954
f 1586/4491/1955 1581/4484/1948 1580/4492/1956
f 1581/4493/1957 1585/4494/1958 1579/4485/1949
f 1583/4487/1951 1590/4495/1959 1589/4496/1960
f 1584/4489/1953 1588/4497/1961 1590/4498/1962
f 1592/4499/1963 1587/4500/1964 1586/4501/1955
f 1587/4502/1965 1591/4503/1966 1585/4494/1958
f 1589/4504/1960 1596/4505/1967 1595/4506/1968
f 1596/4507/1969 1588/4497/1961 1594/4508/1970
f 1592/4499/1963 1599/4509/1971 1593/4510/1972
f 1599/4511/1973 1591/4503/1966 1593/4512/1974
f 1595/4506/1968 1602/4513/1975 1601/4514/1976
f 1602/4515/1977 1594/4508/1970 1600/4516/1978
f 1598/4517/1979 1605/4518/1980 1599/4509/1971
f 1605/4519/1981 1597/4520/1982 1599/4511/1973
f 1607/4521/1983 1602/4513/1975 1608/4522/1984
f 1602/4515/1977 1606/4523/1985 1608/4524/1986
f 1610/4525/1987 1605/4518/1980 1604/4526/1988
f 1611/4527/1989 1603/4528/1990 1605/4519/1981
f 1613/4529/1991 1608/4530/1984 1614/4531/1992
f 1608/4524/1986 1612/4532/1993 1614/4533/1994
f 1616/4534/1995 1611/4535/1996 1610/4536/1987
f 1611/4527/1989 1615/4537/1997 1609/4538/1998
f 1619/4539/1999 1614/4531/1992 1620/4540/2000
f 1620/4541/2001 1612/4532/1993 1618/4542/2002
f 1622/4543/2003 1617/4544/2004 1616/4534/1995
f 1623/4545/2005 1615/4537/1997 1617/4546/2006
f 1619/4539/1999 1626/4547/2007 1625/4548/2008
f 1626/4549/2009 1618/4542/2002 1624/4550/2010
f 1628/4551/2011 1623/4552/2012 1622/4543/2003
f 1629/4553/2013 1621/4554/2014 1623/4545/2005
f 1625/4548/2008 1632/4555/2015 1631/4556/2016
f 1626/4549/2009 1630/4557/2017 1632/4558/2018
f 1628/4559/2011 1635/4560/2019 1629/4561/2020
f 1629/4553/2013 1633/4562/2021 1627/4563/2022
f 1637/4564/2023 1632/4565/2015 1638/4566/2024
f 1638/4567/2025 1630/4557/2017 1636/4568/2026
f 1634/4569/2027 1641/4570/2028 1635/4560/2019
f 1641/4571/2029 1633/4562/2021 1635/4572/2030
f 1643/4573/2031 1638/4566/2024 1644/4574/2032
f 1638/4567/2025 1642/4575/2033 1644/4576/2034
f 1562/4577/1929 1641/4570/2028 1640/4578/2035
f 1641/4571/2029 1561/4466/1931 1639/4579/2036
f 1643/4573/2031 1566/4580/2037 1565/4468/1933
f 1566/4581/2038 1642/4575/2033 1564/4472/1937
f 1652/4582/2039 1651/4583/613 1648/4584/612
f 1651/4583/613 1653/4585/2040 1649/4586/615
f 1655/4587/2041 1654/4588/2042 1652/4582/2039
f 1654/4588/2042 1656/4589/2043 1653/4585/2040
f 1655/4587/2041 1660/4590/2044 1657/4591/2045
f 1660/4590/2044 1656/4589/2043 1657/4591/2045
f 1658/4592/2046 1664/4593/617 1660/4590/2044
f 1664/4593/617 1659/4594/2047 1660/4590/2044
f 1669/4595/2048 1668/4596/621 1665/4597/620
f 1668/4596/621 1670/4598/2049 1666/4599/623
f 1672/4600/2050 1671/4601/2051 1669/4595/2048
f 1671/4601/2051 1673/4602/2052 1670/4598/2049
f 1672/4600/2050 1677/4603/2053 1674/4604/2054
f 1677/4603/2053 1673/4602/2052 1674/4604/2054
f 1675/4605/2055 1681/4606/625 1677/4603/2053
f 1681/4606/625 1676/4607/2056 1677/4603/2053
f 1686/4608/2057 1685/4609/629 1682/4610/628
f 1685/4611/629 1687/4612/2058 1683/4613/631
f 1689/4614/2059 1688/4615/2060 1686/4608/2057
f 1688/4616/2060 1690/4617/2061 1687/4612/2058
f 1689/4614/2059 1694/4618/2062 1691/4619/2063
f 1694/4620/2062 1690/4617/2061 1691/4621/2063
f 1692/4622/2064 1698/4623/633 1694/4618/2062
f 1698/4624/633 1693/4625/2065 1694/4620/2062
f 1703/4626/2066 1702/4627/637 1699/4628/636
f 1702/4627/637 1704/4629/2067 1700/4630/639
f 1706/4631/2068 1705/4632/2069 1703/4626/2066
f 1705/4632/2069 1707/4633/2070 1704/4629/2067
f 1706/4631/2068 1711/4634/2071 1708/4635/2072
f 1711/4634/2071 1707/4633/2070 1708/4635/2072
f 1709/4636/2073 1715/4637/641 1711/4634/2071
f 1715/4637/641 1710/4638/2074 1711/4634/2071
f 1720/4639/2075 1719/4640/645 1716/4641/644
f 1719/4640/645 1721/4642/2076 1717/4643/647
f 1723/4644/2077 1722/4645/2078 1720/4639/2075
f 1722/4645/2078 1724/4646/2079 1721/4642/2076
f 1723/4644/2077 1728/4647/2080 1725/4648/46
f 1728/4647/2080 1724/4646/2079 1725/4648/46
f 1726/4649/2081 1732/4650/649 1728/4647/2080
f 1732/4650/649 1727/4651/2082 1728/4647/2080
f 1737/4652/2083 1736/4653/653 1733/4654/652
f 1736/4653/653 1738/4655/2084 1734/4656/655
f 1740/4657/2085 1739/4658/2086 1737/4652/2083
f 1739/4658/2086 1741/4659/2087 1738/4655/2084
f 1740/4657/2085 1745/4660/2088 1742/4661/2089
f 1745/4660/2088 1741/4659/2087 1742/4661/2089
f 1743/4662/2090 1749/4663/657 1745/4660/2088
f 1749/4663/657 1744/4664/2091 1745/4660/2088
f 1754/4665/2092 1753/4666/661 1750/4667/660
f 1753/4666/661 1755/4668/2093 1751/4669/663
f 1757/4670/2094 1756/4671/2095 1754/4665/2092
f 1756/4671/2095 1758/4672/2096 1755/4668/2093
f 1757/4670/2094 1762/4673/2097 1759/4674/2098
f 1762/4673/2097 1758/4672/2096 1759/4674/2098
f 1760/4675/2099 1766/4676/665 1762/4673/2097
f 1766/4676/665 1761/4677/2100 1762/4673/2097
f 1771/4678/2101 1770/4679/669 1767/4680/668
f 1770/4681/669 1772/4682/2102 1768/4683/671
f 1774/4684/2103 1773/4685/2104 1771/4678/2101
f 1773/4686/2104 1775/4687/2105 1772/4682/2102
f 1774/4684/2103 1779/4688/2106 1776/4689/2107
f 1779/4690/2106 1775/4687/2105 1776/4691/2107
f 1777/4692/2108 1783/4693/673 1779/4688/2106
f 1783/4694/673 1778/4695/2109 1779/4690/2106
f 1788/4696/2110 1787/4697/677 1784/4698/676
f 1787/4697/677 1789/4699/2111 1785/4700/679
f 1791/4701/2112 1790/4702/2113 1788/4696/2110
f 1790/4702/2113 1792/4703/2114 1789/4699/2111
f 1791/4701/2112 1796/4704/2115 1793/4705/2116
f 1796/4704/2115 1792/4703/2114 1793/4705/2116
f 1794/4706/2117 1800/4707/681 1796/4704/2115
f 1800/4707/681 1795/4708/2118 1796/4704/2115
f 1805/4709/2119 1804/4710/685 1801/4711/684
f 1804/4710/685 1806/4712/2120 1802/4713/687
f 1809/4714/2121 1814/4715/689 1810/4716/2122
f 1814/4715/689 1808/4717/2123 1810/4716/2122
f 1645/4718/2124 1807/4719/2125 1805/4709/2119
f 1807/4719/2125 1646/4720/2126 1806/4712/2120
f 1645/4718/2124 1810/4716/2122 1647/4721/6
f 1810/4716/2122 1646/4720/2126 1647/4721/6
f 1822/4722/2039 1821/4723/613 1818/4724/612
f 1821/4723/613 1823/4725/2040 1819/4726/615
f 1825/4727/2041 1824/4728/2042 1822/4722/2039
f 1824/4728/2042 1826/4729/2043 1823/4725/2040
f 1825/4727/2041 1830/4730/2044 1827/4731/2045
f 1830/4730/2044 1826/4729/2043 1827/4731/2045
f 1828/4732/2046 1834/4733/617 1830/4730/2044
f 1834/4733/617 1829/4734/2047 1830/4730/2044
f 1839/4735/2048 1838/4736/621 1835/4737/692
f 1838/4736/621 1840/4738/2049 1836/4739/623
f 1842/4740/2050 1841/4741/2051 1839/4735/2048
f 1841/4741/2051 1843/4742/2052 1840/4738/2049
f 1842/4740/2050 1847/4743/2053 1844/4744/2054
f 1847/4743/2053 1843/4742/2052 1844/4744/2054
f 1845/4745/2055 1851/4746/625 1847/4743/2053
f 1851/4746/625 1846/4747/2056 1847/4743/2053
f 1856/4748/2057 1855/4749/629 1852/4750/628
f 1855/4751/629 1857/4752/2058 1853/4753/694
f 1859/4754/2059 1858/4755/2060 1856/4748/2057
f 1858/4756/2060 1860/4757/2061 1857/4752/2058
f 1859/4754/2059 1864/4758/2062 1861/4759/2063
f 1864/4760/2062 1860/4757/2061 1861/4761/2063
f 1862/4762/2064 1868/4763/633 1864/4758/2062
f 1868/4764/633 1863/4765/2065 1864/4760/2062
f 1873/4766/2066 1872/4767/637 1869/4768/636
f 1872/4767/637 1874/4769/2067 1870/4770/639
f 1876/4771/2068 1875/4772/2069 1873/4766/2066
f 1875/4772/2069 1877/4773/2070 1874/4769/2067
f 1876/4771/2068 1881/4774/2071 1878/4775/2072
f 1881/4774/2071 1877/4773/2070 1878/4775/2072
f 1879/4776/2073 1885/4777/696 1881/4774/2071
f 1885/4777/696 1880/4778/2074 1881/4774/2071
f 1890/4779/2075 1889/4780/645 1886/4781/644
f 1889/4780/645 1891/4782/2076 1887/4783/647
f 1893/4784/2077 1892/4785/2078 1890/4779/2075
f 1892/4785/2078 1894/4786/2079 1891/4782/2076
f 1893/4784/2077 1898/4787/2080 1895/4788/46
f 1898/4787/2080 1894/4786/2079 1895/4788/46
f 1896/4789/2127 1902/4790/649 1898/4787/2080
f 1902/4790/649 1897/4791/2082 1898/4787/2080
f 1907/4792/2083 1906/4793/653 1903/4794/652
f 1906/4793/653 1908/4795/2084 1904/4796/655
f 1910/4797/2085 1909/4798/2086 1907/4792/2083
f 1909/4798/2086 1911/4799/2087 1908/4795/2084
f 1910/4797/2085 1915/4800/2088 1912/4801/2089
f 1915/4800/2088 1911/4799/2087 1912/4801/2089
f 1913/4802/2090 1919/4803/657 1915/4800/2088
f 1919/4803/657 1914/4804/2091 1915/4800/2088
f 1924/4805/2092 1923/4806/661 1920/4807/697
f 1923/4806/661 1925/4808/2093 1921/4809/663
f 1927/4810/2094 1926/4811/2095 1924/4805/2092
f 1926/4811/2095 1928/4812/2096 1925/4808/2093
f 1927/4810/2094 1932/4813/2097 1929/4814/2098
f 1932/4813/2097 1928/4812/2096 1929/4814/2098
f 1930/4815/2099 1936/4816/665 1932/4813/2097
f 1936/4816/665 1931/4817/2100 1932/4813/2097
f 1941/4818/2101 1940/4819/669 1937/4820/668
f 1940/4821/669 1942/4822/2102 1938/4823/699
f 1944/4824/2103 1943/4825/2104 1941/4818/2101
f 1943/4826/2104 1945/4827/2105 1942/4822/2102
f 1944/4824/2103 1949/4828/2106 1946/4829/2107
f 1949/4830/2106 1945/4827/2105 1946/4831/2107
f 1947/4832/2108 1953/4833/673 1949/4828/2106
f 1953/4834/673 1948/4835/2109 1949/4830/2106
f 1958/4836/2110 1957/4837/677 1954/4838/676
f 1957/4837/677 1959/4839/2111 1955/4840/679
f 1961/4841/2112 1960/4842/2113 1958/4836/2110
f 1960/4842/2113 1962/4843/2114 1959/4839/2111
f 1961/4841/2112 1966/4844/2115 1963/4845/2116
f 1966/4844/2115 1962/4843/2114 1963/4845/2116
f 1964/4846/2117 1970/4847/681 1966/4844/2115
f 1970/4847/681 1965/4848/2118 1966/4844/2115
f 1975/4849/2128 1974/4850/685 1971/4851/684
f 1974/4850/685 1976/4852/2129 1972/4853/687
f 1979/4854/2121 1984/4855/689 1980/4856/2122
f 1984/4855/689 1978/4857/2123 1980/4856/2122
f 1815/4858/2124 1977/4859/2125 1975/4849/2128
f 1977/4859/2125 1816/4860/2126 1976/4852/2129
f 1815/4858/2124 1980/4856/2122 1817/4861/6
f 1980/4856/2122 1816/4860/2126 1817/4861/6
f 1986/4862/2130 1993/4863/2131 1987/4864/2132
f 1993/4865/2133 1985/4866/2134 1987/4867/2135
f 1989/4868/2136 1996/4869/2137 1995/4870/2138
f 1990/4871/2139 1994/4872/2140 1996/4873/2141
f 1998/4874/2142 1993/4875/2131 1992/4876/2143
f 1999/4877/2144 1991/4878/2145 1993/4865/2133
f 2001/4879/2146 1996/4869/2137 2002/4880/2147
f 2002/4881/2148 1994/4872/2140 2000/4882/2149
f 1998/4874/2142 2005/4883/2150 1999/4884/2151
f 2005/4885/2152 1997/4886/2153 1999/4877/2144
f 2001/4879/2146 2008/4887/2154 2007/4888/2155
f 2008/4889/2156 2000/4882/2149 2006/4890/2157
f 2010/4891/2158 2005/4883/2150 2004/4892/2159
f 2011/4893/2160 2003/4894/2161 2005/4885/2152
f 2007/4888/2155 2014/4895/2162 2013/4896/2163
f 2008/4889/2156 2012/4897/2164 2014/4898/2165
f 2016/4899/2166 2011/4900/2167 2010/4901/2158
f 2017/4902/2168 2009/4903/2169 2011/4893/2160
f 2019/4904/2170 2014/4905/2162 2020/4906/2171
f 2014/4898/2165 2018/4907/2172 2020/4908/2173
f 2022/4909/2174 2017/4910/2175 2016/4899/2166
f 2023/4911/2176 2015/4912/2177 2017/4902/2168
f 2025/4913/2178 2020/4906/2171 2026/4914/2179
f 2020/4908/2173 2024/4915/2180 2026/4916/2181
f 2028/4917/2182 2023/4918/2183 2022/4909/2174
f 2023/4911/2176 2027/4919/2184 2021/4920/2185
f 2031/4921/2186 2026/4914/2179 2032/4922/2187
f 2032/4923/2188 2024/4915/2180 2030/4924/2189
f 2028/4925/2182 2035/4926/2190 2029/4927/2191
f 2035/4928/2192 2027/4919/2184 2029/4929/2193
f 2031/4921/2186 2038/4930/2194 2037/4931/2195
f 2032/4923/2188 2036/4932/2196 2038/4933/2197
f 2034/4934/2198 2041/4935/2199 2035/4926/2190
f 2041/4936/2200 2033/4937/2201 2035/4928/2192
f 2043/4938/2202 2038/4939/2194 2044/4940/2203
f 2038/4933/2197 2042/4941/2204 2044/4942/2205
f 2040/4943/2206 2047/4944/2207 2041/4935/2199
f 2041/4936/2200 2045/4945/2208 2039/4946/2209
f 2043/4938/2202 2050/4947/2210 2049/4948/2211
f 2044/4942/2205 2048/4949/2212 2050/4950/2213
f 2052/4951/2214 2047/4944/2207 2046/4952/2215
f 2053/4953/2216 2045/4945/2208 2047/4954/2217
f 2055/4955/2218 2050/4947/2210 2056/4956/2219
f 2050/4950/2213 2054/4957/2220 2056/4958/2221
f 2058/4959/2222 2053/4960/2223 2052/4961/2214
f 2059/4962/2224 2051/4963/2225 2053/4953/2216
f 2055/4964/2218 2062/4965/2226 2061/4966/2227
f 2056/4958/2221 2060/4967/2228 2062/4968/2229
f 2064/4969/2230 2059/4970/2231 2058/4959/2222
f 2059/4962/2224 2063/4971/2232 2057/4972/2233
f 2061/4966/2227 2068/4973/2234 2067/4974/2235
f 2068/4975/2236 2060/4967/2228 2066/4976/2237
f 2064/4969/2230 1987/4864/2132 2065/4977/2238
f 1987/4867/2135 2063/4971/2232 2065/4978/2239
f 1989/4979/2136 2068/4973/2234 1990/4980/2240
f 1990/4871/2139 2066/4976/2237 1988/4981/2241
f 2070/4982/2242 2077/4983/2243 2071/4984/2244
f 2077/4985/2245 2069/4986/2246 2071/4987/2247
f 2073/4988/2248 2080/4989/2249 2079/4990/2250
f 2080/4991/2251 2072/4992/2252 2078/4993/2253
f 2076/4994/2254 2083/4995/2255 2077/4983/2243
f 2083/4996/2256 2075/4997/2257 2077/4985/2245
f 2085/4998/2258 2080/4999/2249 2086/5000/2259
f 2080/4991/2251 2084/5001/2260 2086/5002/2261
f 2082/5003/2262 2089/5004/2263 2083/4995/2255
f 2083/4996/2256 2087/5005/2264 2081/5006/2265
f 2085/4998/2258 2092/5007/2266 2091/5008/2267
f 2092/5009/2268 2084/5001/2260 2090/5010/2269
f 2094/5011/2270 2089/5004/2263 2088/5012/2271
f 2095/5013/2272 2087/5005/2264 2089/5014/2273
f 2097/5015/2274 2092/5007/2266 2098/5016/2275
f 2092/5009/2268 2096/5017/2276 2098/5018/2277
f 2100/5019/2278 2095/5020/2279 2094/5021/2270
f 2095/5013/2272 2099/5022/2280 2093/5023/2281
f 2097/5024/2274 2104/5025/2282 2103/5026/2283
f 2104/5027/2284 2096/5017/2276 2102/5028/2285
f 2106/5029/2286 2101/5030/2287 2100/5019/2278
f 2107/5031/2288 2099/5022/2280 2101/5032/2289
f 2109/5033/2290 2104/5025/2282 2110/5034/2291
f 2104/5027/2284 2108/5035/2292 2110/5036/2293
f 2106/5029/2286 2113/5037/2294 2107/5038/2295
f 2113/5039/2296 2105/5040/2297 2107/5031/2288
f 2115/5041/2298 2110/5034/2291 2116/5042/2299
f 2110/5036/2293 2114/5043/2300 2116/5044/2301
f 2112/5045/2302 2119/5046/2303 2113/5037/2294
f 2113/5039/2296 2117/5047/2304 2111/5048/2305
f 2121/5049/2306 2116/5050/2299 2122/5051/2307
f 2116/5044/2301 2120/5052/2308 2122/5053/2309
f 2124/5054/2310 2119/5055/2303 2118/5056/2311
f 2125/5057/2312 2117/5047/2304 2119/5058/2313
f 2121/5049/2306 2128/5059/2314 2127/5060/2315
f 2122/5053/2309 2126/5061/2316 2128/5062/2317
f 2124/5054/2310 2131/5063/2318 2125/5064/2319
f 2125/5057/2312 2129/5065/2320 2123/5066/2321
f 2127/5060/2315 2134/5067/2322 2133/5068/2323
f 2134/5069/2324 2126/5061/2316 2132/5070/2325
f 2136/5071/2326 2131/5063/2318 2130/5072/2327
f 2137/5073/2328 2129/5065/2320 2131/5074/2329
f 2133/5068/2323 2140/5075/2330 2139/5076/2331
f 2140/5077/2332 2132/5070/2325 2138/5078/2333
f 2142/5079/2334 2137/5080/2335 2136/5081/2326
f 2143/5082/2336 2135/5083/2337 2137/5073/2328
f 2145/5084/2338 2140/5085/2330 2146/5086/2339
f 2140/5077/2332 2144/5087/2340 2146/5088/2341
f 2142/5079/2334 2149/5089/2342 2143/5090/2343
f 2143/5082/2336 2147/5091/2344 2141/5092/2345
f 2145/5084/2338 2152/5093/2346 2151/5094/2347
f 2152/5095/2348 2144/5087/2340 2150/5096/2349
f 2070/5097/2242 2149/5089/2342 2148/5098/2350
f 2149/5099/2351 2069/4986/2246 2147/5091/2344
f 2073/4988/2248 2152/5093/2346 2074/5100/2352
f 2152/5095/2348 2072/4992/2252 2074/5101/2353
f 2160/5102/2354 2159/1582/702 2156/1581/701
f 2159/1582/702 2161/5103/2355 2157/1584/704
f 2160/5102/2354 2166/1586/706 2162/5104/2045
f 2166/1586/706 2161/5103/2355 2162/5104/2045
f 2177/5105/2356 2176/1590/710 2173/1589/709
f 2176/1590/710 2178/5106/2357 2174/1592/712
f 2177/5105/2356 2183/1594/714 2179/5107/2054
f 2183/1594/714 2178/5106/2357 2179/5107/2054
f 2167/5108/2358 2186/5109/2359 2185/5110/2360
f 2169/5111/2361 2184/5112/2362 2186/5109/2359
f 2171/5113/2363 2155/5114/2364 2172/5115/2365
f 2172/5115/2365 2154/5116/2366 2170/5117/2367
f 2194/5118/2368 2193/1598/718 2190/1597/717
f 2193/5119/718 2195/5120/2369 2191/5121/720
f 2194/5118/2368 2200/1606/722 2196/5122/2063
f 2200/5123/722 2195/5120/2369 2196/5124/2063
f 2185/5110/2360 2203/5125/2370 2202/5126/2371
f 2186/5109/2359 2201/5127/2372 2203/5125/2370
f 2171/5113/2363 2189/5128/2373 2188/5129/2374
f 2172/5115/2365 2187/5130/2375 2189/5128/2373
f 2211/5131/2376 2210/1610/726 2207/1609/725
f 2210/1610/726 2212/5132/2377 2208/1612/728
f 2211/5131/2376 2217/1614/730 2213/5133/2072
f 2217/1614/730 2212/5132/2377 2213/5133/2072
f 2219/5134/2378 2203/5125/2370 2220/5135/2379
f 2203/5125/2370 2218/5136/2380 2220/5135/2379
f 2205/5137/2381 2189/5128/2373 2206/5138/2382
f 2189/5128/2373 2204/5139/2383 2206/5138/2382
f 2228/5140/2384 2227/1618/734 2224/1617/733
f 2227/1618/734 2229/5141/2385 2225/1620/736
f 2228/5140/2384 2234/1622/738 2230/5142/46
f 2234/1622/738 2229/5141/2385 2230/5142/46
f 2236/5143/2386 2220/5135/2379 2237/5144/2387
f 2237/5144/2387 2218/5136/2380 2235/5145/2388
f 2205/5137/2381 2223/5146/2389 2222/5147/2390
f 2223/5146/2389 2204/5139/2383 2221/5148/2391
f 2245/5149/2392 2244/1626/742 2241/1625/741
f 2244/1626/742 2246/5150/2393 2242/1628/744
f 2245/5149/2392 2251/1630/746 2247/5151/2089
f 2251/1630/746 2246/5150/2393 2247/5151/2089
f 2222/5147/2390 2240/5152/2394 2239/5153/2395
f 2223/5146/2389 2238/5154/2396 2240/5152/2394
f 2252/5155/2397 2237/5144/2387 2235/5145/2388
f 2237/5144/2387 2253/5156/2398 2236/5143/2386
f 2262/5157/2399 2261/1634/750 2258/1633/749
f 2261/1634/750 2263/5158/2400 2259/1636/752
f 2262/5157/2399 2268/1638/754 2264/5159/2098
f 2268/1638/754 2263/5158/2400 2264/5159/2098
f 2239/5153/2395 2257/5160/2401 2256/5161/2402
f 2257/5160/2401 2238/5154/2396 2255/5162/2403
f 2269/5163/2404 2254/5164/2405 2252/5155/2397
f 2254/5164/2405 2270/5165/2406 2253/5156/2398
f 2279/5166/2407 2278/1642/758 2275/1641/757
f 2278/5167/758 2280/5168/2408 2276/5169/760
f 2279/5166/2407 2285/1650/762 2281/5170/2107
f 2285/5171/762 2280/5168/2408 2281/5172/2107
f 2286/5173/2409 2271/5174/2410 2269/5163/2404
f 2288/5175/2411 2270/5165/2406 2271/5174/2410
f 2272/5176/2412 2257/5160/2401 2255/5162/2403
f 2274/5177/2413 2256/5161/2402 2257/5160/2401
f 2296/5178/2414 2295/1654/766 2292/1653/765
f 2295/1654/766 2297/5179/2415 2293/1656/768
f 2296/5178/2414 2302/1658/770 2298/5180/2116
f 2302/1658/770 2297/5179/2415 2298/5180/2116
f 2303/5181/2416 2288/5175/2411 2286/5173/2409
f 2305/5182/2417 2287/5183/2418 2288/5175/2411
f 2289/5184/2419 2274/5177/2413 2272/5176/2412
f 2291/5185/2420 2273/5186/2421 2274/5177/2413
f 2313/5187/2422 2312/1662/774 2309/1661/773
f 2312/1662/774 2314/5188/2423 2310/1664/776
f 2313/5187/2422 2319/1666/778 2315/5189/6
f 2319/1666/778 2314/5188/2423 2315/5189/6
f 2303/5181/2416 2322/5190/2424 2305/5182/2417
f 2322/5190/2424 2304/5191/2425 2305/5182/2417
f 2289/5184/2419 2308/5192/2426 2291/5185/2420
f 2308/5192/2426 2290/5193/2427 2291/5185/2420
f 2168/5194/2428 2322/5190/2424 2320/5195/2429
f 2322/5190/2424 2167/5108/2358 2321/5196/2430
f 2154/5116/2366 2308/5192/2426 2306/5197/2431
f 2308/5192/2426 2153/5198/2432 2307/5199/2433
f 2330/5200/2354 2329/1670/702 2326/1669/701
f 2329/1670/702 2331/5201/2355 2327/1672/704
f 2330/5200/2354 2336/1674/706 2332/5202/2045
f 2336/1674/706 2331/5201/2355 2332/5202/2045
f 2347/5203/2356 2346/1678/710 2343/1677/709
f 2346/1678/710 2348/5204/2357 2344/1680/712
f 2347/5203/2356 2353/1682/714 2349/5205/2054
f 2353/1682/714 2348/5204/2357 2349/5205/2054
f 2337/5206/2358 2356/5207/2434 2355/5208/2360
f 2339/5209/2361 2354/5210/2362 2356/5207/2434
f 2341/5211/2363 2325/5212/2364 2342/5213/2435
f 2342/5213/2435 2324/5214/2366 2340/5215/2367
f 2364/5216/2368 2363/1686/718 2360/1685/717
f 2363/5217/718 2365/5218/2369 2361/5219/720
f 2364/5216/2368 2370/1694/722 2366/5220/2063
f 2370/5221/722 2365/5218/2369 2366/5222/2063
f 2355/5208/2360 2373/5223/2370 2372/5224/2371
f 2356/5207/2434 2371/5225/2372 2373/5223/2370
f 2358/5226/2374 2342/5213/2435 2359/5227/2373
f 2342/5213/2435 2357/5228/2375 2359/5227/2373
f 2381/5229/2376 2380/1698/726 2377/1697/725
f 2380/1698/726 2382/5230/2377 2378/1700/728
f 2381/5229/2376 2387/1702/730 2383/5231/2072
f 2387/1702/730 2382/5230/2377 2383/5231/2072
f 2372/5224/2371 2390/5232/2379 2389/5233/2378
f 2373/5223/2370 2388/5234/2380 2390/5232/2379
f 2358/5226/2374 2376/5235/2436 2375/5236/2381
f 2376/5235/2436 2357/5228/2375 2374/5237/2383
f 2398/5238/2384 2397/1706/734 2394/1705/733
f 2397/1706/734 2399/5239/2385 2395/1708/736
f 2398/5238/2384 2404/1710/738 2400/5240/46
f 2404/1710/738 2399/5239/2385 2400/5240/46
f 2406/5241/2386 2390/5232/2379 2407/5242/2387
f 2407/5242/2387 2388/5234/2380 2405/5243/2388
f 2375/5236/2381 2393/5244/2389 2392/5245/2390
f 2393/5244/2389 2374/5237/2383 2391/5246/2391
f 2415/5247/2392 2414/1714/742 2411/1713/741
f 2414/1714/742 2416/5248/2393 2412/1716/744
f 2415/5247/2392 2421/1718/746 2417/5249/2089
f 2421/1718/746 2416/5248/2393 2417/5249/2089
f 2392/5245/2390 2410/5250/2394 2409/5251/2395
f 2393/5244/2389 2408/5252/2396 2410/5250/2394
f 2422/5253/2397 2407/5242/2387 2405/5243/2388
f 2407/5242/2387 2423/5254/2398 2406/5241/2386
f 2432/5255/2399 2431/1722/750 2428/1721/749
f 2431/1722/750 2433/5256/2400 2429/1724/752
f 2432/5255/2399 2438/1726/754 2434/5257/2098
f 2438/1726/754 2433/5256/2400 2434/5257/2098
f 2409/5251/2395 2427/5258/2401 2426/5259/2402
f 2427/5258/2401 2408/5252/2396 2425/5260/2403
f 2439/5261/2404 2424/5262/2405 2422/5253/2397
f 2441/5263/2410 2423/5254/2398 2424/5262/2405
f 2449/5264/2407 2448/1730/758 2445/1729/757
f 2448/5265/758 2450/5266/2408 2446/5267/760
f 2449/5264/2407 2455/1738/762 2451/5268/2107
f 2455/5269/762 2450/5266/2408 2451/5270/2107
f 2456/5271/2409 2441/5263/2410 2439/5261/2404
f 2458/5272/2437 2440/5273/2406 2441/5263/2410
f 2442/5274/2412 2427/5258/2401 2425/5260/2403
f 2444/5275/2413 2426/5259/2402 2427/5258/2401
f 2466/5276/2414 2465/1742/766 2462/1741/784
f 2465/1742/766 2467/5277/2415 2463/1744/768
f 2466/5276/2414 2472/1746/770 2468/5278/2116
f 2472/1746/770 2467/5277/2415 2468/5278/2116
f 2456/5271/2409 2475/5279/2417 2458/5272/2437
f 2458/5272/2437 2474/5280/2425 2457/5281/2418
f 2459/5282/2419 2444/5275/2413 2442/5274/2412
f 2461/5283/2420 2443/5284/2421 2444/5275/2413
f 2483/5285/2422 2482/1750/774 2479/1749/773
f 2482/1750/774 2484/5286/2423 2480/1752/776
f 2483/5285/2422 2489/1754/778 2485/5287/6
f 2489/1754/778 2484/5286/2423 2485/5287/6
f 2473/5288/2416 2492/5289/2424 2475/5279/2417
f 2492/5289/2424 2474/5280/2425 2475/5279/2417
f 2459/5282/2419 2478/5290/2426 2461/5283/2420
f 2478/5290/2426 2460/5291/2427 2461/5283/2420
f 2338/5292/2428 2492/5289/2424 2490/5293/2429
f 2492/5289/2424 2337/5206/2358 2491/5294/2430
f 2324/5214/2366 2478/5290/2426 2476/5295/2431
f 2478/5290/2426 2323/5296/2432 2477/5297/2433
f 2493/1757/536 2510/5298/1789 2507/1773/554
f 2499/5299/1790 2508/5300/557 2510/5301/559
f 2500/1765/545 2498/1764/1791 2494/1760/539
f 2506/1767/1792 2495/1763/542 2498/1764/544
f 2514/1781/563 2505/5302/1793 2501/1768/548
f 2505/1772/553 2516/5303/569 2502/1771/551
f 2509/1779/560 2519/1788/1795 2515/1784/566
f 2512/1780/2438 2516/1787/569 2519/1788/571
f 2507/1773/554 2538/5304/1797 2535/1805/590
f 2538/5305/595 2509/1779/560 2536/5306/593
f 2542/1813/599 2517/5307/1799 2514/1781/563
f 2548/5308/1800 2515/1784/566 2517/1786/568
f 2537/1811/596 2547/1820/1801 2543/1816/602
f 2540/1812/1802 2544/1819/605 2547/1820/607
f 2535/1805/590 2524/5309/1803 2521/1789/572
f 2524/5310/577 2537/1811/596 2522/5311/575
f 2528/1797/581 2545/5312/1805 2542/1813/599
f 2534/5313/1806 2543/1816/602 2545/1818/604
f 2523/1795/578 2533/1804/1807 2529/1800/584
f 2526/1796/1808 2530/1803/587 2533/1804/589
f 2521/1789/572 2496/5314/1809 2493/1757/536
f 2527/5315/1812 2494/5316/539 2496/5317/541
f 2501/1768/548 2531/5318/1810 2528/1797/581
f 2503/5319/1811 2529/1800/584 2531/1802/586
f 2549/1821/536 2566/5320/1789 2563/1837/554
f 2555/5321/1790 2564/5322/557 2566/5323/559
f 2556/1829/545 2554/1828/1791 2550/1824/539
f 2562/1831/1792 2551/1827/542 2554/1828/544
f 2570/1845/563 2561/5324/1793 2557/1832/548
f 2561/1836/553 2572/5325/569 2558/1835/551
f 2565/1843/560 2575/1852/1795 2571/1848/566
f 2568/1844/1796 2572/1851/569 2575/1852/571
f 2563/1837/554 2594/5326/1797 2591/1869/590
f 2569/5327/1798 2592/5328/593 2594/5329/595
f 2598/1877/599 2573/5330/1799 2570/1845/563
f 2604/5331/1800 2571/1848/566 2573/1850/568
f 2593/1875/596 2603/1884/1801 2599/1880/602
f 2596/1876/1802 2600/1883/605 2603/1884/607
f 2591/1869/590 2580/5332/1803 2577/1853/572
f 2580/5333/577 2593/1875/596 2578/5334/575
f 2584/1861/581 2601/5335/1805 2598/1877/599
f 2590/5336/1806 2599/1880/602 2601/1882/604
f 2579/1859/578 2589/1868/1807 2585/1864/584
f 2582/1860/1808 2586/1867/587 2589/1868/589
f 2577/1853/572 2552/5337/1809 2549/1821/536
f 2583/5338/1812 2550/5339/539 2552/5340/541
f 2557/1832/548 2587/5341/1810 2584/1861/581
f 2559/5342/1811 2585/1864/584 2587/1866/586
f 2605/1885/536 2622/5343/1789 2619/1901/554
f 2611/5344/1790 2620/5345/557 2622/5346/559
f 2612/1893/545 2610/1892/1791 2606/1888/539
f 2618/1895/1792 2607/1891/542 2610/1892/544
f 2626/1909/563 2617/5347/1793 2613/1896/548
f 2617/1900/553 2628/5348/569 2614/1899/551
f 2621/1907/560 2631/1916/1795 2627/1912/566
f 2624/1908/1796 2628/1915/569 2631/1916/571
f 2619/1901/554 2650/5349/1797 2647/1933/590
f 2625/5350/1798 2648/5351/593 2650/5352/595
f 2654/1941/599 2629/5353/1799 2626/1909/563
f 2660/5354/1800 2627/1912/566 2629/1914/568
f 2649/1939/596 2659/1948/1801 2655/1944/602
f 2652/1940/1802 2656/1947/605 2659/1948/607
f 2647/1933/590 2636/5355/1803 2633/1917/572
f 2636/5356/577 2649/1939/596 2634/5357/575
f 2640/1925/581 2657/5358/1805 2654/1941/599
f 2646/5359/1806 2655/1944/602 2657/1946/604
f 2635/1923/578 2645/1932/1807 2641/1928/584
f 2638/1924/1808 2642/1931/587 2645/1932/589
f 2633/1917/572 2608/5360/1809 2605/1885/536
f 2639/5361/1812 2606/5362/539 2608/5363/541
f 2613/1896/548 2643/5364/1810 2640/1925/581
f 2615/5365/1811 2641/1928/584 2643/1930/586
f 2661/1949/536 2678/5366/1789 2675/1965/554
f 2667/5367/1790 2676/5368/557 2678/5369/559
f 2668/1957/545 2666/1956/1791 2662/1952/539
f 2674/1959/1792 2663/1955/542 2666/1956/544
f 2682/1973/563 2673/5370/1793 2669/1960/548
f 2673/1964/553 2684/5371/569 2670/1963/551
f 2677/1971/560 2687/1980/1795 2683/1976/566
f 2680/1972/1796 2684/1979/569 2687/1980/571
f 2675/1965/554 2706/5372/1797 2703/1997/590
f 2681/5373/1798 2704/5374/593 2706/5375/595
f 2710/2005/599 2685/5376/1799 2682/1973/563
f 2716/5377/1800 2683/1976/566 2685/1978/568
f 2705/2003/596 2715/2012/1801 2711/2008/602
f 2708/2004/1802 2712/2011/605 2715/2012/607
f 2703/1997/590 2692/5378/1803 2689/1981/572
f 2692/5379/577 2705/2003/596 2690/5380/575
f 2696/1989/581 2713/5381/1805 2710/2005/599
f 2702/5382/1806 2711/2008/602 2713/2010/604
f 2691/1987/578 2701/1996/1807 2697/1992/584
f 2694/1988/1808 2698/1995/587 2701/1996/589
f 2689/1981/572 2664/5383/1809 2661/1949/536
f 2695/5384/1812 2662/5385/539 2664/5386/541
f 2669/1960/548 2699/5387/1810 2696/1989/581
f 2671/5388/1811 2697/1992/584 2699/1994/586
f 2717/2013/536 2734/5389/1789 2731/2029/554
f 2723/5390/1790 2732/5391/557 2734/5392/559
f 2724/2021/545 2722/2020/1791 2718/2016/539
f 2730/2023/1792 2719/2019/542 2722/2020/544
f 2738/2037/563 2729/5393/1793 2725/2024/548
f 2729/2028/553 2740/5394/569 2726/2027/551
f 2733/2035/560 2743/2044/1795 2739/2040/566
f 2736/2036/1796 2740/2043/569 2743/2044/571
f 2731/2029/554 2762/5395/1797 2759/2061/590
f 2737/5396/1798 2760/5397/593 2762/5398/595
f 2766/2069/599 2741/5399/1799 2738/2037/563
f 2772/5400/1800 2739/2040/566 2741/2042/568
f 2761/2067/596 2771/2076/1801 2767/2072/602
f 2764/2068/1802 2768/2075/605 2771/2076/607
f 2759/2061/590 2748/5401/1803 2745/2045/572
f 2748/5402/577 2761/2067/596 2746/5403/575
f 2752/2053/581 2769/5404/1805 2766/2069/599
f 2758/5405/1806 2767/2072/602 2769/2074/604
f 2747/2051/578 2757/2060/1807 2753/2056/584
f 2750/2052/1808 2754/2059/587 2757/2060/589
f 2745/2045/572 2720/5406/1809 2717/2013/536
f 2751/5407/1812 2718/5408/539 2720/5409/541
f 2725/2024/548 2755/5410/1810 2752/2053/581
f 2727/5411/1811 2753/2056/584 2755/2058/586
f 2773/2077/536 2790/5412/1789 2787/2093/554
f 2779/5413/1790 2788/5414/557 2790/5415/559
f 2780/2085/545 2778/2084/1791 2774/2080/539
f 2786/2087/1792 2775/2083/542 2778/2084/544
f 2794/2101/563 2785/5416/1793 2781/2088/548
f 2785/2092/553 2796/5417/569 2782/2091/551
f 2789/2099/560 2799/2108/1795 2795/2104/566
f 2792/2100/1796 2796/2107/569 2799/2108/571
f 2787/2093/554 2818/5418/1797 2815/2125/590
f 2793/5419/1798 2816/5420/593 2818/5421/595
f 2822/2133/599 2797/5422/1799 2794/2101/563
f 2828/5423/1800 2795/2104/566 2797/2106/568
f 2817/2131/596 2827/2140/1801 2823/2136/602
f 2820/2132/1802 2824/2139/605 2827/2140/607
f 2815/2125/590 2804/5424/1803 2801/2109/572
f 2804/5425/577 2817/2131/596 2802/5426/575
f 2808/2117/581 2825/5427/1805 2822/2133/599
f 2814/5428/1806 2823/2136/602 2825/2138/604
f 2803/2115/578 2813/2124/1807 2809/2120/584
f 2806/2116/1808 2810/2123/587 2813/2124/589
f 2801/2109/572 2776/5429/1809 2773/2077/536
f 2807/5430/1812 2774/5431/539 2776/5432/541
f 2781/2088/548 2811/5433/1810 2808/2117/581
f 2783/5434/1811 2809/2120/584 2811/2122/586
f 2829/2141/536 2846/5435/1789 2843/2157/554
f 2835/5436/1790 2844/5437/557 2846/5438/559
f 2836/2149/545 2834/2148/1791 2830/2144/539
f 2842/2151/1792 2831/2147/542 2834/2148/544
f 2850/2165/563 2841/5439/1793 2837/2152/548
f 2841/2156/553 2852/5440/569 2838/2155/551
f 2845/2163/560 2855/2172/1795 2851/2168/566
f 2848/2164/1796 2852/2171/569 2855/2172/571
f 2843/2157/554 2874/5441/1797 2871/2189/590
f 2849/5442/1798 2872/5443/593 2874/5444/595
f 2878/2197/599 2853/5445/1799 2850/2165/563
f 2884/5446/1800 2851/2168/566 2853/2170/568
f 2873/2195/596 2883/2204/1801 2879/2200/602
f 2876/2196/1802 2880/2203/605 2883/2204/607
f 2871/2189/590 2860/5447/1803 2857/2173/572
f 2860/5448/577 2873/2195/596 2858/5449/575
f 2864/2181/581 2881/5450/1805 2878/2197/599
f 2870/5451/1806 2879/2200/602 2881/2202/604
f 2859/2179/578 2869/2188/1807 2865/2184/584
f 2862/2180/1808 2866/2187/587 2869/2188/589
f 2857/2173/572 2832/5452/1809 2829/2141/536
f 2863/5453/1812 2830/5454/539 2832/5455/541
f 2837/2152/548 2867/5456/1810 2864/2181/581
f 2839/5457/1811 2865/2184/584 2867/2186/586
f 2885/2205/536 2902/5458/1789 2899/2221/554
f 2891/5459/1790 2900/5460/557 2902/5461/559
f 2892/2213/545 2890/2212/1791 2886/2208/539
f 2898/2215/1792 2887/2211/542 2890/2212/544
f 2906/2229/563 2897/5462/1793 2893/2216/548
f 2897/2220/553 2908/5463/569 2894/2219/551
f 2901/2227/560 2911/2236/1795 2907/2232/566
f 2904/2228/1796 2908/2235/569 2911/2236/571
f 2899/2221/554 2930/5464/1797 2927/2253/590
f 2905/5465/1798 2928/5466/593 2930/5467/595
f 2934/2261/599 2909/5468/1799 2906/2229/563
f 2909/2234/568 2936/5469/605 2907/2232/566
f 2929/2259/596 2939/2268/2439 2935/2264/602
f 2932/2260/1802 2936/2267/605 2939/2268/607
f 2927/2253/590 2916/5470/1803 2913/2237/572
f 2916/5471/794 2929/2259/596 2914/5472/575
f 2920/2245/581 2937/5473/1805 2934/2261/599
f 2926/5474/1806 2935/2264/602 2937/2266/604
f 2915/2243/578 2925/2252/1807 2921/2248/584
f 2918/2244/2440 2922/2251/587 2925/2252/589
f 2913/2237/572 2888/5475/1809 2885/2205/536
f 2888/5476/541 2915/2243/578 2886/5477/539
f 2893/2216/548 2923/5478/1810 2920/2245/581
f 2895/5479/1811 2921/2248/584 2923/2250/586
f 2956/2290/818 2947/5480/803 2943/5481/804
f 2958/5482/2441 2941/2269/797 2947/2271/799
f 2964/2300/828 2951/5483/809 2968/2299/827
f 2951/5484/2442 2962/2293/821 2968/2295/823
f 2950/2284/812 2946/2272/800 2942/2274/802
f 2953/2280/808 2943/2276/804 2946/2272/800
f 2957/2292/820 2967/2296/824 2963/2298/826
f 2960/2288/816 2964/2300/828 2967/2296/824
f 2970/2306/834 2961/2291/819 2957/2292/820
f 2961/2287/815 2969/2301/829 2955/2285/813
f 2978/2316/844 2965/2297/825 2982/2315/843
f 2965/5485/2443 2976/2309/837 2982/2311/839
f 2971/2308/836 2981/2312/840 2977/2314/842
f 2974/2304/832 2978/2316/844 2981/2312/840
f 2984/2322/850 2975/2307/835 2971/2308/836
f 2975/2303/831 2983/2317/845 2969/2301/829
f 2977/2314/842 2996/2331/859 2992/2332/860
f 2979/5486/2444 2990/2325/853 2996/2327/855
f 2985/2324/852 2995/2328/856 2991/2330/858
f 2988/2320/848 2992/2332/860 2995/2328/856
f 2998/2338/866 2989/5487/851 2985/5488/852
f 3000/5489/2445 2983/2317/845 2989/2319/847
f 3006/2348/876 2993/5490/857 3010/2347/875
f 2993/5491/2446 3004/2341/869 3010/2343/871
f 2999/2340/868 3009/2344/872 3005/2346/874
f 3002/2336/864 3006/2348/876 3009/2344/872
f 3012/2354/882 3003/2339/867 2999/2340/868
f 3003/2335/863 3011/2349/877 2997/2333/861
f 3020/2364/892 3007/2345/873 3024/2363/891
f 3007/5492/2447 3018/2357/885 3024/2359/887
f 3013/2356/884 3023/2360/888 3019/2362/890
f 3016/2352/880 3020/2364/892 3023/2360/888
f 3026/2370/898 3017/2355/883 3013/2356/884
f 3028/5493/2448 3011/2349/877 3017/2351/879
f 3019/2362/890 3038/2379/907 3034/2380/908
f 3021/5494/2449 3032/2373/901 3038/2375/903
f 3027/2372/900 3037/2376/904 3033/2378/906
f 3030/2368/896 3034/2380/908 3037/2376/904
f 3040/2386/914 3031/5495/899 3027/5496/900
f 3042/5497/2450 3025/2365/893 3031/2367/895
f 3048/2396/924 3035/5498/905 3052/2395/923
f 3035/5499/2451 3046/2389/917 3052/2391/919
f 3041/2388/916 3051/2392/920 3047/2394/922
f 3044/2384/912 3048/2396/924 3051/2392/920
f 3054/2402/930 3045/2387/915 3041/2388/916
f 3045/2383/911 3053/2397/925 3039/2381/909
f 3062/2412/940 3049/2393/921 3066/2411/939
f 3049/5500/2452 3060/2405/933 3066/2407/935
f 3055/2404/932 3065/2408/936 3061/2410/938
f 3058/2400/928 3062/2412/940 3065/2408/936
f 3068/2418/946 3059/2403/931 3055/2404/932
f 3059/2399/927 3067/2413/941 3053/2397/925
f 3061/2410/938 3080/2427/955 3076/2428/956
f 3063/5501/2453 3074/2421/949 3080/2423/951
f 3069/2420/948 3079/2424/952 3075/2426/954
f 3072/2416/944 3076/2428/956 3079/2424/952
f 3082/2434/962 3073/5502/947 3069/5503/948
f 3084/5504/2454 3067/2413/941 3073/2415/943
f 3090/2444/972 3077/5505/953 3094/2443/971
f 3077/5506/2455 3088/2437/965 3094/2439/967
f 3083/2436/964 3093/2440/968 3089/2442/970
f 3086/2432/960 3090/2444/972 3093/2440/968
f 3096/2450/978 3087/2435/963 3083/2436/964
f 3087/2431/959 3095/2445/973 3081/2429/957
f 3104/2460/988 3091/2441/969 3108/2459/987
f 3091/5507/2456 3102/2453/981 3108/2455/983
f 3097/2452/980 3107/2456/984 3103/2458/986
f 3100/2448/976 3104/2460/988 3107/2456/984
f 2942/2274/802 3101/2451/979 3097/2452/980
f 3101/2447/975 2941/2269/797 3095/2445/973
f 3103/2458/986 2954/2283/811 2950/2284/812
f 3105/5508/2457 2948/2277/805 2954/2279/807
f 3109/2461/536 3126/5509/2458 3123/2477/554
f 3115/5510/2459 3124/5511/557 3126/5512/1000
f 3116/2469/545 3114/2468/1791 3110/2464/539
f 3122/2471/1792 3111/2467/542 3114/2468/544
f 3130/2485/563 3121/5513/2460 3117/2472/993
f 3136/5514/2461 3118/2475/551 3121/2476/997
f 3125/2483/560 3135/2492/1795 3131/2488/566
f 3128/2484/1796 3132/2491/569 3135/2492/571
f 3123/2477/554 3154/5515/2462 3151/2509/590
f 3129/5516/1798 3152/5517/593 3154/5518/595
f 3158/2517/1016 3133/5519/2463 3130/2485/563
f 3164/5520/1800 3131/2488/566 3133/2490/568
f 3153/2515/596 3163/2524/1801 3159/2520/602
f 3156/2516/1802 3160/2523/605 3163/2524/607
f 3151/2509/590 3140/5521/2464 3137/2493/572
f 3157/5522/2465 3138/5523/575 3140/5524/1008
f 3144/2501/581 3161/5525/2466 3158/2517/1016
f 3150/5526/2467 3159/2520/602 3161/2522/1019
f 3139/2499/578 3149/2508/1807 3145/2504/584
f 3142/2500/1808 3146/2507/587 3149/2508/589
f 3137/2493/572 3112/5527/2468 3109/2461/536
f 3143/5528/1812 3110/5529/539 3112/5530/541
f 3117/2472/993 3147/5531/2469 3144/2501/581
f 3119/5532/1811 3145/2504/584 3147/2506/586
f 3165/2525/536 3182/5533/2458 3179/2541/554
f 3171/5534/1790 3180/5535/557 3182/5536/559
f 3172/2533/545 3170/2532/1791 3166/2528/539
f 3170/2532/544 3174/2539/551 3167/2531/542
f 3186/2549/563 3177/5537/2460 3173/2536/548
f 3192/5538/2470 3174/2539/551 3177/2540/553
f 3187/2552/566 3184/2548/562 3191/2556/1795
f 3184/2548/1796 3188/2555/569 3191/2556/571
f 3179/2541/554 3210/5539/1797 3207/2573/590
f 3185/5540/1798 3208/5541/593 3210/5542/595
f 3214/2581/599 3189/5543/2471 3186/2549/563
f 3220/5544/1800 3187/2552/566 3189/2554/568
f 3215/2584/602 3212/2580/598 3219/2588/1801
f 3212/2580/1802 3216/2587/605 3219/2588/607
f 3207/2573/590 3196/5545/2464 3193/2557/572
f 3213/5546/1804 3194/5547/575 3196/5548/577
f 3200/2565/581 3217/5549/2472 3214/2581/599
f 3206/5550/2473 3215/2584/602 3217/2586/604
f 3201/2568/584 3198/2564/580 3205/2572/1807
f 3198/2564/1808 3202/2571/587 3205/2572/589
f 3193/2557/572 3168/5551/1809 3165/2525/536
f 3199/5552/1812 3166/5553/539 3168/5554/541
f 3173/2536/548 3203/5555/2474 3200/2565/581
f 3175/5556/1811 3201/2568/584 3203/2570/586
f 3228/5557/2475 3227/2591/1031 3223/2594/1034
f 3227/2591/1031 3229/5558/2476 3221/2589/1029
f 3231/5559/2477 3230/5560/2478 3228/5561/2475
f 3230/5560/2478 3232/5562/2479 3229/5563/2476
f 3231/5559/2477 3236/5564/2480 3233/5565/6
f 3236/5564/2480 3232/5562/2479 3233/5565/6
f 3234/5566/2481 3240/2600/1040 3236/5567/2480
f 3240/2600/1040 3235/5568/2482 3236/5567/2480
f 3251/5569/2483 3247/5570/1047 3244/5571/1043
f 3247/2607/1047 3252/5572/2484 3245/2606/1046
f 3254/5573/2485 3253/5574/2486 3251/5569/2483
f 3253/5574/2486 3255/5575/2487 3252/5576/2484
f 3254/5573/2485 3259/5577/2488 3256/5578/2489
f 3259/5577/2488 3255/5575/2487 3256/5578/2489
f 3257/5579/2490 3266/5580/1052 3259/5577/2488
f 3266/2612/1052 3258/5581/2491 3259/5582/2488
f 3262/2615/1055 3242/2602/1042 3238/2599/1039
f 3265/2616/1056 3239/2601/1041 3242/2602/1042
f 3222/2592/1032 3249/2609/1049 3226/2595/1035
f 3226/2595/1035 3245/2606/1046 3223/2594/1034
f 3274/5583/2492 3270/2621/1061 3267/2617/1057
f 3270/2621/1061 3275/5584/2493 3268/2620/1060
f 3277/5585/2494 3276/5586/2495 3274/5587/2492
f 3276/5586/2495 3278/5588/2496 3275/5589/2493
f 3277/5585/2494 3282/5590/2497 3279/5591/28
f 3282/5590/2497 3278/5588/2496 3279/5591/28
f 3280/5592/2498 3289/2626/1066 3282/5593/2497
f 3289/2626/1066 3281/5594/2499 3282/5593/2497
f 3284/2627/1067 3263/2614/1054 3288/2630/1070
f 3288/2630/1070 3260/2610/1050 3285/2629/1069
f 3268/2620/1060 3250/2605/1045 3272/2623/1063
f 3250/2605/1045 3269/2622/1062 3272/2623/1063
f 3297/5595/2500 3293/5596/1075 3290/5597/1071
f 3293/2635/1075 3298/5598/2501 3291/2634/1074
f 3300/5599/2502 3299/5600/2503 3297/5595/2500
f 3299/5600/2503 3301/5601/2504 3298/5602/2501
f 3300/5599/2502 3305/5603/2505 3302/5604/2506
f 3305/5603/2505 3301/5601/2504 3302/5604/2506
f 3303/5605/2507 3312/5606/1080 3305/5603/2505
f 3312/2640/1080 3304/5607/2508 3305/5608/2505
f 3307/2641/1081 3286/2628/1068 3311/2644/1084
f 3311/2644/1084 3283/2624/1064 3308/2643/1083
f 3291/2634/1074 3273/2619/1059 3295/2637/1077
f 3273/2619/1059 3292/2636/1076 3295/2637/1077
f 3320/5609/2509 3316/2649/1089 3313/2645/1085
f 3316/2649/1089 3321/5610/2510 3314/2648/1088
f 3323/5611/2511 3322/5612/2512 3320/5613/2509
f 3322/5612/2512 3324/5614/2513 3321/5615/2510
f 3323/5611/2511 3328/5616/2514 3325/5617/46
f 3328/5616/2514 3324/5614/2513 3325/5617/46
f 3326/5618/2515 3335/2654/1094 3328/5619/2514
f 3335/2654/1094 3327/5620/2516 3328/5619/2514
f 3307/2641/1081 3334/2658/1098 3330/2655/1095
f 3309/2642/1082 3331/2657/1097 3334/2658/1098
f 3314/2648/1088 3296/2633/1073 3318/2651/1091
f 3318/2651/1091 3292/2636/1076 3315/2650/1090
f 3343/5621/2517 3339/5622/1103 3336/5623/1099
f 3339/2663/1103 3344/5624/2518 3337/2662/1102
f 3346/5625/2519 3345/5626/2520 3343/5621/2517
f 3345/5626/2520 3347/5627/2521 3344/5628/2518
f 3346/5625/2519 3351/5629/2522 3348/5630/2523
f 3351/5629/2522 3347/5627/2521 3348/5630/2523
f 3349/5631/2524 3358/5632/1108 3351/5629/2522
f 3358/2668/1108 3350/5633/2525 3351/5634/2522
f 3330/2655/1095 3357/2672/1112 3353/2669/1109
f 3332/2656/1096 3354/2671/1111 3357/2672/1112
f 3313/2645/1085 3341/2665/1105 3337/2662/1102
f 3319/2647/1087 3338/2664/1104 3341/2665/1105
f 3366/5635/2526 3362/2677/1117 3359/2673/1113
f 3362/2677/1117 3367/5636/2527 3360/2676/1116
f 3369/5637/2528 3368/5638/2529 3366/5639/2526
f 3368/5638/2529 3370/5640/2530 3367/5641/2527
f 3369/5637/2528 3374/5642/2531 3371/5643/67
f 3374/5642/2531 3370/5640/2530 3371/5643/67
f 3372/5644/2532 3381/2682/1122 3374/5645/2531
f 3381/2682/1122 3373/5646/2533 3374/5645/2531
f 3360/2676/1116 3342/2661/1101 3364/2679/1119
f 3342/2661/1101 3361/2678/1118 3364/2679/1119
f 3352/2666/1106 3380/2686/1126 3355/2670/1110
f 3355/2670/1110 3376/2683/1123 3353/2669/1109
f 3389/5647/2534 3385/5648/1131 3382/5649/1127
f 3385/2691/1131 3390/5650/2535 3383/2690/1130
f 3392/5651/2536 3391/5652/2537 3389/5647/2534
f 3391/5652/2537 3393/5653/2538 3390/5654/2535
f 3392/5651/2536 3397/5655/2539 3394/5656/2540
f 3397/5655/2539 3393/5653/2538 3394/5656/2540
f 3395/5657/2541 3404/5658/1136 3397/5655/2539
f 3404/2696/1136 3396/5659/2542 3397/5660/2539
f 3383/2690/1130 3365/2675/1115 3387/2693/1133
f 3387/2693/1133 3361/2678/1118 3384/2692/1132
f 3375/2680/1120 3403/2700/1140 3378/2684/1124
f 3403/2700/1140 3376/2683/1123 3378/2684/1124
f 3237/2596/1036 3401/2698/1138 3398/2694/1134
f 3401/2698/1138 3239/2601/1041 3399/2697/1137
f 3222/2592/1032 3388/2689/1129 3384/2692/1132
f 3224/2593/1033 3382/2687/1127 3388/2689/1129
f 3412/5661/2475 3411/2703/1031 3407/2706/1141
f 3411/2703/1031 3413/5662/2476 3405/2701/1029
f 3415/5663/2477 3414/5664/2478 3412/5665/2475
f 3414/5664/2478 3416/5666/2479 3413/5667/2476
f 3415/5663/2477 3420/5668/2480 3417/5669/6
f 3420/5668/2480 3416/5666/2479 3417/5669/6
f 3418/5670/2543 3424/2712/1040 3420/5671/2480
f 3424/2712/1040 3419/5672/2482 3420/5671/2480
f 3435/5673/2483 3431/5674/1047 3428/5675/1043
f 3431/2719/1047 3436/5676/2484 3429/2718/1146
f 3438/5677/2485 3437/5678/2486 3435/5673/2483
f 3437/5678/2486 3439/5679/2487 3436/5680/2484
f 3438/5677/2485 3443/5681/2488 3440/5682/2489
f 3443/5681/2488 3439/5679/2487 3440/5682/2489
f 3441/5683/2490 3450/5684/1052 3443/5681/2488
f 3450/2724/1052 3442/5685/2491 3443/5686/2488
f 3423/2713/1041 3449/2728/1056 3445/2725/1053
f 3426/2714/1145 3446/2727/1148 3449/2728/1056
f 3407/2706/1141 3433/2721/1147 3429/2718/1146
f 3433/2721/1147 3406/2704/1032 3430/2720/1048
f 3458/5687/2492 3454/2733/1061 3451/2729/1149
f 3454/2733/1061 3459/5688/2493 3452/2732/1060
f 3461/5689/2494 3460/5690/2495 3458/5691/2492
f 3460/5690/2495 3462/5692/2496 3459/5693/2493
f 3461/5689/2494 3466/5694/2497 3463/5695/28
f 3466/5694/2497 3462/5692/2496 3463/5695/28
f 3464/5696/2498 3473/2738/1066 3466/5697/2497
f 3473/2738/1066 3465/5698/2499 3466/5697/2497
f 3444/2722/1050 3472/2742/1070 3447/2726/1054
f 3447/2726/1054 3468/2739/1067 3445/2725/1053
f 3453/2734/1062 3434/2717/1045 3430/2720/1048
f 3434/2717/1045 3452/2732/1060 3428/2715/1043
f 3481/5699/2500 3477/5700/1075 3474/5701/1071
f 3477/2747/1075 3482/5702/2501 3475/2746/1152
f 3484/5703/2502 3483/5704/2503 3481/5699/2500
f 3483/5704/2503 3485/5705/2504 3482/5706/2501
f 3484/5703/2502 3489/5707/2505 3486/5708/2506
f 3489/5707/2505 3485/5705/2504 3486/5708/2506
f 3487/5709/2507 3496/5710/1080 3489/5707/2505
f 3496/2752/1080 3488/5711/2508 3489/5712/2505
f 3467/2736/1064 3495/2756/1084 3470/2740/1068
f 3495/2756/1084 3468/2739/1067 3470/2740/1068
f 3453/2734/1062 3479/2749/1077 3457/2731/1059
f 3457/2731/1059 3475/2746/1152 3451/2729/1149
f 3504/5713/2509 3500/2761/1089 3497/2757/1154
f 3500/2761/1089 3505/5714/2544 3498/2760/1155
f 3507/5715/2511 3506/5716/2512 3504/5717/2509
f 3506/5716/2512 3508/5718/2513 3505/5719/2544
f 3507/5715/2511 3512/5720/2514 3509/5721/46
f 3512/5720/2514 3508/5718/2513 3509/5721/46
f 3510/5722/2515 3519/2766/1094 3512/5723/2514
f 3519/2766/1094 3511/5724/2545 3512/5723/2514
f 3515/2769/1158 3493/2754/1082 3490/2750/1153
f 3518/2770/1098 3491/2753/1081 3493/2754/1082
f 3499/2762/1090 3480/2745/1151 3476/2748/1076
f 3502/2763/1156 3474/2743/1071 3480/2745/1151
f 3527/5725/2517 3523/5726/1103 3520/5727/1099
f 3523/2775/1103 3528/5728/2518 3521/2774/1159
f 3530/5729/2519 3529/5730/2520 3527/5725/2517
f 3529/5730/2520 3531/5731/2521 3528/5732/2518
f 3530/5729/2519 3535/5733/2522 3532/5734/2523
f 3535/5733/2522 3531/5731/2521 3532/5734/2523
f 3533/5735/2524 3542/5736/1108 3535/5733/2522
f 3542/2780/1108 3534/5737/2525 3535/5738/2522
f 3522/2776/1104 3503/2759/1087 3499/2762/1090
f 3525/2777/1105 3497/2757/1154 3503/2759/1087
f 3537/2781/1109 3516/2768/1096 3541/2784/1112
f 3541/2784/1112 3513/2764/1157 3538/2783/1161
f 3550/5739/2526 3546/2789/1117 3543/2785/1162
f 3546/2789/1117 3551/5740/2527 3544/2788/1116
f 3553/5741/2528 3552/5742/2529 3550/5743/2526
f 3552/5742/2529 3554/5744/2530 3551/5745/2527
f 3553/5741/2528 3558/5746/2531 3555/5747/67
f 3558/5746/2531 3554/5744/2530 3555/5747/67
f 3556/5748/2532 3565/2794/1122 3558/5749/2531
f 3565/2794/1122 3557/5750/2533 3558/5749/2531
f 3522/2776/1104 3548/2791/1119 3526/2773/1101
f 3526/2773/1101 3544/2788/1116 3520/2771/1099
f 3560/2795/1123 3539/2782/1110 3564/2798/1126
f 3564/2798/1126 3536/2778/1160 3561/2797/1163
f 3573/5751/2534 3569/5752/1131 3566/5753/1164
f 3569/2803/1131 3574/5754/2535 3567/2802/1166
f 3576/5755/2536 3575/5756/2537 3573/5751/2534
f 3575/5756/2537 3577/5757/2538 3574/5758/2535
f 3576/5755/2536 3581/5759/2539 3578/5760/2540
f 3581/5759/2539 3577/5757/2538 3578/5760/2540
f 3579/5761/2541 3588/5762/1136 3581/5759/2539
f 3588/2808/1136 3580/5763/2542 3581/5764/2539
f 3560/2795/1123 3587/2812/1140 3583/2809/1137
f 3587/2812/1140 3559/2792/1120 3584/2811/1139
f 3567/2802/1166 3549/2787/1115 3571/2805/1133
f 3571/2805/1133 3545/2790/1118 3568/2804/1132
f 3423/2713/1041 3585/2810/1168 3427/2710/1038
f 3427/2710/1038 3582/2806/1167 3421/2708/1143
f 3566/2799/1164 3408/2705/1033 3405/2701/1029
f 3572/2801/1165 3406/2704/1032 3408/2705/1033
f 3589/2813/536 3606/5765/2458 3603/2829/554
f 3595/5766/2459 3604/5767/557 3606/5768/1000
f 3590/2816/539 3602/2823/547 3594/2820/2546
f 3602/2823/1792 3591/2819/542 3594/2820/544
f 3610/2837/563 3601/5769/2547 3597/2824/548
f 3616/5770/1794 3598/2827/551 3601/2828/553
f 3605/2835/560 3615/2844/1795 3611/2840/566
f 3615/2844/571 3604/2832/557 3612/2843/569
f 3603/2829/554 3634/5771/2462 3631/2861/590
f 3609/5772/1798 3632/5773/593 3634/5774/595
f 3610/2837/563 3644/2871/601 3613/5775/2463
f 3644/5776/2548 3611/2840/566 3613/2842/1170
f 3633/2867/596 3643/2876/1801 3639/2872/602
f 3643/2876/607 3632/2864/593 3640/2875/605
f 3631/2861/590 3620/5777/2464 3617/2845/572
f 3637/5778/2465 3618/5779/575 3620/5780/1008
f 3624/2853/581 3641/5781/2549 3638/2869/599
f 3630/5782/1806 3639/2872/602 3641/2874/604
f 3619/2851/578 3629/2860/1807 3625/2856/584
f 3629/2860/589 3618/2848/575 3626/2859/587
f 3617/2845/572 3592/5783/1809 3589/2813/536
f 3623/5784/1812 3590/5785/539 3592/5786/541
f 3597/2824/548 3627/5787/2469 3624/2853/581
f 3599/5788/2550 3625/2856/584 3627/2858/1173
f 3659/2893/554 3651/2879/1021 3662/5789/1789
f 3651/5790/1790 3660/5791/557 3662/5792/559
f 3652/2885/545 3650/2884/1791 3646/2880/539
f 3658/2887/1792 3647/2883/542 3650/2884/544
f 3666/2901/563 3657/5793/2547 3653/2888/548
f 3657/2892/553 3668/5794/569 3654/2891/551
f 3661/2899/560 3671/2908/1795 3667/2904/566
f 3664/2900/1796 3668/2907/569 3671/2908/571
f 3659/2893/554 3690/5795/1797 3687/2925/590
f 3665/5796/1798 3688/5797/593 3690/5798/595
f 3694/2933/599 3669/5799/1799 3666/2901/563
f 3700/5800/1800 3667/2904/566 3669/2906/568
f 3689/2931/596 3699/2940/1801 3695/2936/602
f 3692/2932/1802 3696/2939/605 3699/2940/607
f 3687/2925/590 3676/5801/1803 3673/2909/572
f 3693/5802/1804 3674/5803/575 3676/5804/577
f 3694/2933/599 3686/2919/1172 3697/5805/2549
f 3686/5806/1806 3695/2936/602 3697/2938/604
f 3681/2920/584 3678/2916/580 3685/2924/1807
f 3685/2924/589 3674/2912/575 3682/2923/587
f 3673/2909/572 3648/5807/1809 3645/2877/536
f 3679/5808/1812 3646/5809/539 3648/5810/541
f 3653/2888/548 3683/5811/1810 3680/2917/581
f 3655/5812/1811 3681/2920/584 3683/2922/586
f 3708/5813/2551 3707/2943/1031 3703/2946/1176
f 3707/2943/1031 3709/5814/2552 3701/2941/1174
f 3711/5815/2477 3710/5816/2553 3708/5817/2551
f 3710/5816/2553 3712/5818/2479 3709/5819/2552
f 3711/5815/2477 3716/5820/2554 3713/5821/6
f 3716/5820/2554 3712/5818/2479 3713/5821/6
f 3714/5822/2555 3720/2952/1040 3716/5823/2554
f 3720/2952/1040 3715/5824/2556 3716/5823/2554
f 3731/5825/2557 3727/5826/1047 3724/5827/1180
f 3727/2959/1047 3732/5828/2558 3725/2958/1181
f 3734/5829/2485 3733/5830/2559 3731/5825/2557
f 3733/5830/2559 3735/5831/2487 3732/5832/2558
f 3734/5829/2485 3739/5833/2560 3736/5834/2489
f 3739/5833/2560 3735/5831/2487 3736/5834/2489
f 3737/5835/2561 3746/5836/1052 3739/5833/2560
f 3746/2964/1052 3738/5837/2562 3739/5838/2560
f 3719/2953/1041 3745/2968/1183 3741/2965/1053
f 3722/2954/1042 3742/2967/1182 3745/2968/1183
f 3703/2946/1176 3729/2961/1049 3725/2958/1181
f 3706/2947/1035 3726/2960/1048 3729/2961/1049
f 3754/5839/2563 3750/2973/1061 3747/2969/1184
f 3750/2973/1061 3755/5840/2564 3748/2972/1060
f 3757/5841/2494 3756/5842/2565 3754/5843/2563
f 3756/5842/2565 3758/5844/2496 3755/5845/2564
f 3757/5841/2494 3762/5846/2566 3759/5847/28
f 3762/5846/2566 3758/5844/2496 3759/5847/28
f 3760/5848/2567 3769/2978/1066 3762/5849/2566
f 3769/2978/1066 3761/5850/2568 3762/5849/2566
f 3765/2981/1069 3743/2966/1054 3740/2962/1050
f 3743/2966/1054 3764/2979/1067 3741/2965/1053
f 3749/2974/1062 3730/2957/1045 3726/2960/1048
f 3752/2975/1063 3724/2955/1180 3730/2957/1045
f 3777/5851/2569 3773/5852/1075 3770/5853/1185
f 3773/2987/1075 3778/5854/2570 3771/2986/1187
f 3780/5855/2502 3779/5856/2571 3777/5851/2569
f 3779/5856/2571 3781/5857/2504 3778/5858/2570
f 3780/5855/2502 3785/5859/2572 3782/5860/2506
f 3785/5859/2572 3781/5857/2504 3782/5860/2506
f 3783/5861/2573 3792/5862/1080 3785/5859/2572
f 3792/2992/1080 3784/5863/2574 3785/5864/2572
f 3788/2995/1190 3766/2980/1068 3763/2976/1064
f 3791/2996/1084 3764/2979/1067 3766/2980/1068
f 3772/2988/1076 3753/2971/1059 3749/2974/1062
f 3775/2989/1077 3747/2969/1184 3753/2971/1059
f 3800/5865/2575 3796/3001/1089 3793/2997/1154
f 3796/3001/1089 3801/5866/2576 3794/3000/1191
f 3803/5867/2511 3802/5868/2577 3800/5869/2575
f 3802/5868/2577 3804/5870/2513 3801/5871/2576
f 3803/5867/2511 3808/5872/2578 3805/5873/46
f 3808/5872/2578 3804/5870/2513 3805/5873/46
f 3806/5874/2579 3815/3006/1094 3808/5875/2578
f 3815/3006/1094 3807/5876/2580 3808/5875/2578
f 3811/3009/1194 3789/2994/1189 3786/2990/1188
f 3814/3010/1195 3787/2993/1081 3789/2994/1189
f 3795/3002/1090 3776/2985/1186 3772/2988/1076
f 3776/2985/1186 3794/3000/1191 3770/2983/1185
f 3823/5877/2581 3819/5878/1103 3816/5879/1196
f 3819/3015/1103 3824/5880/2582 3817/3014/1197
f 3826/5881/2519 3825/5882/2583 3823/5877/2581
f 3825/5882/2583 3827/5883/2521 3824/5884/2582
f 3826/5881/2519 3831/5885/2584 3828/5886/2523
f 3831/5885/2584 3827/5883/2521 3828/5886/2523
f 3829/5887/2585 3838/5888/1108 3831/5885/2584
f 3838/3020/1108 3830/5889/2586 3831/5890/2584
f 3818/3016/1104 3799/2999/1087 3795/3002/1090
f 3821/3017/1198 3793/2997/1154 3799/2999/1087
f 3833/3021/1109 3812/3008/1193 3837/3024/1200
f 3812/3008/1193 3834/3023/1111 3837/3024/1200
f 3846/5891/2587 3842/3029/1117 3839/3025/1201
f 3842/3029/1117 3847/5892/2588 3840/3028/1116
f 3849/5893/2528 3848/5894/2589 3846/5895/2587
f 3848/5894/2589 3850/5896/2530 3847/5897/2588
f 3849/5893/2528 3854/5898/2590 3851/5899/67
f 3854/5898/2590 3850/5896/2530 3851/5899/67
f 3852/5900/2591 3861/3034/1122 3854/5901/2590
f 3861/3034/1122 3853/5902/2592 3854/5901/2590
f 3818/3016/1104 3844/3031/1119 3822/3013/1101
f 3844/3031/1119 3816/3011/1196 3822/3013/1101
f 3833/3021/1109 3860/3038/1126 3856/3035/1123
f 3835/3022/1199 3857/3037/1202 3860/3038/1126
f 3869/5903/2593 3865/5904/1131 3862/5905/1203
f 3865/3043/1131 3870/5906/2594 3863/3042/1130
f 3872/5907/2536 3871/5908/2595 3869/5903/2593
f 3871/5908/2595 3873/5909/2538 3870/5910/2594
f 3872/5907/2536 3877/5911/2596 3874/5912/2540
f 3877/5911/2596 3873/5909/2538 3874/5912/2540
f 3875/5913/2597 3884/5914/1136 3877/5911/2596
f 3884/3048/1136 3876/5915/2598 3877/5916/2596
f 3856/3035/1123 3883/3052/1140 3879/3049/1137
f 3858/3036/1124 3880/3051/1207 3883/3052/1140
f 3863/3042/1130 3845/3027/1115 3867/3045/1133
f 3845/3027/1115 3864/3044/1132 3867/3045/1133
f 3719/2953/1041 3881/3050/1206 3723/2950/1178
f 3881/3050/1206 3717/2948/1177 3723/2950/1178
f 3862/3039/1203 3704/2945/1175 3701/2941/1174
f 3704/2945/1175 3864/3044/1132 3702/2944/1032
f 3892/5917/2551 3891/3055/1031 3887/3058/1176
f 3891/3055/1031 3893/5918/2552 3885/3053/1174
f 3895/5919/2477 3894/5920/2553 3892/5921/2551
f 3894/5920/2553 3896/5922/2479 3893/5923/2552
f 3895/5919/2477 3900/5924/2554 3897/5925/6
f 3900/5924/2554 3896/5922/2479 3897/5925/6
f 3898/5926/2555 3904/3064/1040 3900/5927/2554
f 3904/3064/1040 3899/5928/2556 3900/5927/2554
f 3915/5929/2557 3911/5930/1047 3908/5931/1180
f 3911/3071/1047 3916/5932/2558 3909/3070/1181
f 3918/5933/2485 3917/5934/2559 3915/5929/2557
f 3917/5934/2559 3919/5935/2599 3916/5936/2558
f 3918/5933/2485 3923/5937/2560 3920/5938/2489
f 3923/5937/2560 3919/5935/2599 3920/5938/2489
f 3921/5939/2561 3930/5940/1052 3923/5937/2560
f 3930/3076/1052 3922/5941/2562 3923/5942/2560
f 3925/3077/1053 3906/3066/1042 3929/3080/1183
f 3906/3066/1042 3926/3079/1182 3929/3080/1183
f 3887/3058/1176 3913/3073/1208 3909/3070/1181
f 3913/3073/1208 3886/3056/1032 3910/3072/1048
f 3938/5943/2563 3934/3085/1061 3931/3081/1184
f 3934/3085/1061 3939/5944/2564 3932/3084/1060
f 3941/5945/2494 3940/5946/2565 3938/5947/2563
f 3940/5946/2565 3942/5948/2496 3939/5949/2564
f 3941/5945/2494 3946/5950/2566 3943/5951/28
f 3946/5950/2566 3942/5948/2496 3943/5951/28
f 3944/5952/2567 3953/3090/1066 3946/5953/2566
f 3953/3090/1066 3945/5954/2568 3946/5953/2566
f 3924/3074/1050 3952/3094/1070 3927/3078/1054
f 3952/3094/1070 3925/3077/1053 3927/3078/1054
f 3933/3086/1062 3914/3069/1045 3910/3072/1048
f 3936/3087/1063 3908/3067/1180 3914/3069/1045
f 3961/5955/2569 3957/5956/1075 3954/5957/1185
f 3957/3099/1075 3962/5958/2570 3955/3098/1187
f 3964/5959/2502 3963/5960/2571 3961/5955/2569
f 3963/5960/2571 3965/5961/2504 3962/5962/2570
f 3964/5959/2502 3969/5963/2572 3966/5964/2506
f 3969/5963/2572 3965/5961/2504 3966/5964/2506
f 3967/5965/2573 3976/5966/1080 3969/5963/2572
f 3976/3104/1080 3968/5967/2574 3969/5968/2572
f 3972/3107/1190 3950/3092/1068 3947/3088/1064
f 3975/3108/1084 3948/3091/1067 3950/3092/1068
f 3956/3100/1076 3937/3083/1059 3933/3086/1062
f 3959/3101/1077 3931/3081/1184 3937/3083/1059
f 3984/5969/2575 3980/3113/1089 3977/3109/1154
f 3980/3113/1089 3985/5970/2576 3978/3112/1191
f 3987/5971/2511 3986/5972/2577 3984/5973/2575
f 3986/5972/2577 3988/5974/2513 3985/5975/2576
f 3987/5971/2511 3992/5976/2578 3989/5977/46
f 3992/5976/2578 3988/5974/2513 3989/5977/46
f 3990/5978/2579 3999/3118/1094 3992/5979/2578
f 3999/3118/1094 3991/5980/2580 3992/5979/2578
f 3970/3102/1188 3998/3122/1195 3973/3106/1189
f 3998/3122/1195 3971/3105/1081 3973/3106/1189
f 3956/3100/1076 3982/3115/1091 3960/3097/1186
f 3982/3115/1091 3954/3095/1185 3960/3097/1186
f 4007/5981/2581 4003/5982/1103 4000/5983/1196
f 4003/3127/1103 4008/5984/2600 4001/3126/1197
f 4010/5985/2519 4009/5986/2583 4007/5981/2581
f 4009/5986/2583 4011/5987/2521 4008/5988/2600
f 4010/5985/2519 4015/5989/2584 4012/5990/2523
f 4015/5989/2584 4011/5987/2521 4012/5990/2523
f 4013/5991/2585 4022/5992/1108 4015/5989/2584
f 4022/3132/1108 4014/5993/2586 4015/5994/2584
f 4002/3128/1104 3983/3111/1087 3979/3114/1090
f 3983/3111/1087 4001/3126/1197 3977/3109/1154
f 3994/3119/1095 4021/3136/1200 4017/3133/1109
f 4021/3136/1200 3993/3116/1192 4018/3135/1111
f 4030/5995/2587 4026/3141/1117 4023/3137/1201
f 4026/3141/1117 4031/5996/2588 4024/3140/1116
f 4033/5997/2528 4032/5998/2589 4030/5999/2587
f 4032/5998/2589 4034/6000/2530 4031/6001/2588
f 4033/5997/2528 4038/6002/2590 4035/6003/67
f 4038/6002/2590 4034/6000/2530 4035/6003/67
f 4036/6004/2591 4045/3146/1122 4038/6005/2590
f 4045/3146/1122 4037/6006/2592 4038/6005/2590
f 4025/3142/1118 4006/3125/1101 4002/3128/1104
f 4028/3143/1119 4000/3123/1196 4006/3125/1101
f 4017/3133/1109 4044/3150/1126 4040/3147/1123
f 4019/3134/1199 4041/3149/1202 4044/3150/1126
f 4053/6007/2593 4049/6008/1131 4046/6009/1203
f 4049/3155/1131 4054/6010/2594 4047/3154/1130
f 4056/6011/2536 4055/6012/2595 4053/6007/2593
f 4055/6012/2595 4057/6013/2538 4054/6014/2594
f 4056/6011/2536 4061/6015/2596 4058/6016/2540
f 4061/6015/2596 4057/6013/2538 4058/6016/2540
f 4059/6017/2597 4068/6018/1136 4061/6015/2596
f 4068/3160/1136 4060/6019/2598 4061/6020/2596
f 4040/3147/1123 4067/3164/1140 4063/3161/1137
f 4042/3148/1124 4064/3163/1207 4067/3164/1140
f 4023/3137/1201 4051/3157/1209 4047/3154/1130
f 4051/3157/1209 4025/3142/1118 4048/3156/1132
f 4063/3161/1137 3907/3062/1178 3903/3065/1041
f 4065/3162/1138 3901/3060/1177 3907/3062/1178
f 4046/3151/1203 3888/3057/1175 3885/3053/1174
f 4052/3153/1129 3886/3056/1032 3888/3057/1175
f 4069/3167/1212 4086/3174/1219 4072/3165/1210
f 4072/3165/1210 4080/3183/1227 4070/3168/1213
f 4087/3187/1230 4085/3180/1224 4079/3182/1226
f 4095/6021/1229 4080/3183/1227 4085/3184/1224
f 4077/6022/1222 4121/3217/1257 4116/3219/1259
f 4121/3222/1257 4076/3172/1217 4117/3220/1260
f 4118/3223/1262 4075/3166/1211 4071/3170/1215
f 4123/3224/1263 4069/3167/1212 4075/3166/1211
f 4071/3170/1215 4101/3199/1241 4096/3195/1237
f 4101/3199/1241 4070/3168/1213 4097/3198/1240
f 4089/3193/1235 4103/3201/1243 4094/3191/1233
f 4094/6023/1233 4097/3198/1240 4090/6024/1236
f 4107/3210/1250 4106/3205/1239 4100/3207/1247
f 4115/6025/1249 4096/3195/1237 4106/3197/1239
f 4109/6026/1255 4124/3226/1265 4114/6027/1253
f 4114/6028/1253 4118/3223/1262 4110/6029/1256
f 4167/3277/1310 4083/3175/1220 4172/3275/1308
f 4172/3275/1308 4077/3177/1222 4168/6030/1311
f 4169/3283/1315 4126/3218/1258 4120/3228/1267
f 4174/3282/1314 4116/3219/1259 4126/3218/1258
f 4127/3232/1270 4091/3185/1228 4131/3230/1268
f 4131/3230/1268 4087/3187/1230 4128/3233/1271
f 4129/3237/1275 4084/3181/1225 4078/3178/1223
f 4133/3236/1274 4079/3182/1226 4084/3181/1225
f 4136/3241/1279 4104/3200/1242 4141/3239/1277
f 4141/3239/1277 4098/3202/1244 4137/3242/1280
f 4138/3246/1284 4093/3192/1234 4088/3188/1231
f 4143/3245/1283 4089/3193/1235 4093/3192/1234
f 4147/3254/1290 4111/3208/1248 4152/3252/1288
f 4152/3252/1288 4107/3210/1250 4148/3255/1291
f 4149/6031/1295 4105/6032/1246 4099/3203/1245
f 4154/3258/1294 4100/3207/1247 4105/3206/1246
f 4158/3267/1301 4125/3225/1264 4162/3265/1299
f 4162/3265/1299 4119/3227/1266 4159/3268/1302
f 4160/3272/1306 4113/3214/1254 4108/3211/1251
f 4164/3271/1305 4109/3215/1255 4113/3214/1254
f 4171/3287/1317 4134/6033/1273 4177/6034/1309
f 4177/3276/1309 4129/3237/1275 4167/3277/1310
f 4139/3247/1285 4135/6035/1269 4130/6036/1276
f 4144/3244/1282 4127/6037/1270 4135/6038/1269
f 4150/3260/1296 4146/6039/1278 4140/3250/1286
f 4155/6040/1293 4136/3241/1279 4146/3240/1278
f 4151/3263/1297 4165/6041/1304 4157/6042/1289
f 4157/3253/1289 4160/3272/1306 4147/3254/1290
f 4170/3284/1316 4166/6043/1300 4161/6044/1307
f 4175/3281/1313 4158/3267/1301 4166/3266/1300
f 4178/3289/1319 4176/3288/1318 4170/3284/1316
f 4176/3288/1318 4180/3295/1325 4171/3287/1317
f 4179/3294/1324 4145/3251/1287 4183/3292/1322
f 4183/3292/1322 4139/3247/1285 4180/3295/1325
f 4151/3263/1297 4181/3293/1323 4178/3289/1319
f 4156/3264/1298 4179/3294/1324 4181/3293/1323
f 4200/3317/1347 4191/6045/2601 4187/3302/1332
f 4191/3298/1328 4199/3314/1344 4185/3296/1326
f 4208/3328/1359 4195/3310/1340 4212/6046/2602
f 4212/3324/1355 4192/3305/1335 4206/3322/1353
f 4186/3299/1329 4197/3313/1343 4190/6047/2603
f 4197/6048/2604 4187/3302/1332 4190/3304/1334
f 4201/3320/1350 4211/3329/2605 4207/3325/1356
f 4211/3329/1361 4200/3317/1347 4208/3328/1359
f 4214/3333/1365 4205/6049/2606 4201/6050/1350
f 4216/6051/2607 4199/3314/1344 4205/3316/1346
f 4222/3344/1377 4209/6052/1358 4226/6053/2608
f 4226/3340/1373 4206/3322/1353 4220/3338/1371
f 4215/3336/1368 4225/3345/2609 4221/3341/1374
f 4225/3345/1379 4214/3333/1365 4222/3344/1377
f 4215/3336/1368 4230/6054/1385 4219/6055/2610
f 4219/3332/1364 4227/3346/1380 4213/3330/1362
f 4221/3341/1374 4240/6056/2611 4236/6057/1395
f 4240/3356/1391 4220/3338/1371 4234/3354/1389
f 4229/3352/1386 4239/3361/2612 4235/3357/1392
f 4239/3361/1397 4228/3349/1383 4236/3360/1395
f 4229/3352/1386 4244/3367/1403 4233/6058/2613
f 4233/3348/1382 4241/3362/1398 4227/3346/1380
f 4235/3357/1392 4254/6059/2614 4250/3377/1413
f 4237/6060/2615 4248/3371/1407 4254/3373/1409
f 4243/3368/1404 4253/6061/2616 4249/3374/1410
f 4253/3379/1415 4242/3365/1401 4250/3377/1413
f 4186/3299/1329 4247/6062/2617 4243/3368/1404
f 4188/6063/2618 4241/3362/1398 4247/3364/1400
f 4249/3374/1410 4198/6064/2619 4194/3311/1341
f 4251/6065/2620 4192/3305/1335 4198/3307/1337
f 4270/3401/1347 4261/6066/2601 4257/3386/1332
f 4261/3382/1328 4269/3398/1344 4255/3380/1326
f 4263/3392/1338 4282/6067/2621 4278/3412/1359
f 4282/3408/1355 4262/3389/1335 4276/3406/1353
f 4256/3383/1329 4267/3397/1343 4260/6068/2603
f 4267/6069/2604 4257/3386/1332 4260/3388/1334
f 4271/3404/1350 4281/3413/2605 4277/3409/1356
f 4281/3413/1361 4270/3401/1347 4278/3412/1359
f 4284/3417/1421 4275/6070/2606 4271/6071/1350
f 4275/3400/1418 4283/3414/1420 4269/3398/1344
f 4277/6072/1356 4296/6073/2608 4292/3428/1377
f 4296/3424/1423 4276/3406/1353 4290/3422/1371
f 4285/3420/1368 4295/3429/2609 4291/3425/1374
f 4295/3429/1379 4284/3417/1421 4292/3428/1377
f 4298/6074/1383 4289/6075/2610 4285/3420/1368
f 4289/3416/1364 4297/3430/1424 4283/3414/1420
f 4291/3425/1374 4310/6076/2611 4306/6077/1395
f 4293/6078/2622 4304/3438/1389 4310/3440/1391
f 4299/3436/1386 4309/3445/2612 4305/3441/1392
f 4309/3445/1397 4298/3433/1383 4306/3444/1395
f 4312/3449/1401 4303/6079/2613 4299/3436/1386
f 4314/6080/2623 4297/3430/1424 4303/3432/1382
f 4305/3441/1392 4324/6081/2614 4320/3461/1413
f 4324/3457/1409 4304/3438/1389 4318/3455/1426
f 4313/3452/1404 4323/6082/2616 4319/3458/1410
f 4323/3463/1415 4312/3449/1401 4320/3461/1413
f 4256/3383/1329 4317/6083/2617 4313/3452/1404
f 4317/3448/1400 4255/3380/1326 4311/3446/1398
f 4319/3458/1410 4268/6084/2619 4264/3395/1341
f 4268/3391/1337 4318/3455/1426 4262/3389/1335
f 4340/3487/1447 4331/3470/1433 4327/3472/1434
f 4331/3466/1429 4339/3482/1442 4325/3464/1427
f 4333/3478/1440 4352/3492/1452 4348/6085/1456
f 4352/3492/1452 4332/3473/1435 4346/3490/1450
f 4326/3469/1432 4337/3480/1438 4330/3467/1430
f 4330/3467/1430 4333/6086/1440 4327/6087/1434
f 4341/3489/1449 4351/3493/1453 4347/3495/1455
f 4351/3493/1453 4340/3487/1447 4348/3497/1456
f 4354/3503/1462 4345/3488/1448 4341/3489/1449
f 4356/6088/2624 4339/3482/1442 4345/3484/1444
f 4362/3515/1471 4349/3494/1454 4366/3513/1467
f 4366/3509/1467 4346/3490/1450 4360/3507/1465
f 4355/6089/1464 4365/3514/1468 4361/6090/1470
f 4365/3514/1468 4354/3503/1462 4362/3515/1471
f 4368/3521/1477 4359/3504/1463 4355/3506/1464
f 4370/6091/2625 4353/3498/1457 4359/3500/1459
f 4361/3512/1470 4380/3526/1482 4376/6092/1486
f 4380/3526/1482 4360/3507/1465 4374/3524/1480
f 4369/3523/1479 4379/3527/1483 4375/3529/1485
f 4379/3527/1483 4368/3521/1477 4376/3531/1486
f 4382/3537/1492 4373/3522/1478 4369/3523/1479
f 4384/6093/2626 4367/3516/1472 4373/3518/1474
f 4375/3529/1485 4394/3546/1497 4390/3548/1501
f 4377/6094/1484 4388/3540/1495 4394/3542/1497
f 4389/6095/1500 4386/3535/1490 4393/3547/1498
f 4393/3547/1498 4382/3537/1492 4390/3548/1501
f 4383/6096/1494 4398/3553/1506 4387/6097/1493
f 4398/6098/2627 4381/3532/1487 4387/3534/1489
f 4389/3545/1500 4408/3559/1512 4404/6099/1516
f 4391/3544/1499 4402/3557/1510 4408/3559/1512
f 4397/3556/1509 4407/3560/1513 4403/3562/1515
f 4407/3560/1513 4396/3554/1507 4404/3564/1516
f 4410/3570/1522 4401/3555/1508 4397/3556/1509
f 4412/6100/2628 4395/3549/1502 4401/3551/1504
f 4403/3562/1515 4422/3579/1527 4418/3581/1531
f 4422/3575/1527 4402/3557/1510 4416/3573/1525
f 4411/3572/1524 4421/3580/1528 4417/6101/1530
f 4421/3580/1528 4410/3570/1522 4418/3581/1531
f 4411/6102/1524 4426/3586/1536 4415/6103/1523
f 4426/6104/2629 4409/3565/1517 4415/3567/1519
f 4417/3578/1530 4436/3592/1542 4432/6105/1546
f 4419/3577/1529 4430/3590/1540 4436/3592/1542
f 4425/3589/1539 4435/3593/1543 4431/3595/1545
f 4428/3585/1535 4432/3597/1546 4435/3593/1543
f 4326/3469/1432 4429/3588/1538 4425/3589/1539
f 4328/6106/2630 4423/3582/1532 4429/3584/1534
f 4431/3595/1545 4338/3479/1437 4334/3481/1441
f 4433/6107/1544 4332/3473/1435 4338/3475/1437
f 4451/3614/554 4443/3600/538 4454/6108/1789
f 4443/6109/1790 4452/6110/557 4454/6111/1000
f 4444/3606/545 4442/3605/1791 4438/3601/539
f 4442/3605/544 4446/3612/551 4439/3604/542
f 4458/3622/563 4449/6112/1793 4445/3609/548
f 4464/6113/1794 4446/3612/551 4449/3613/997
f 4453/3620/560 4463/3629/1795 4459/3625/566
f 4456/3621/1796 4460/3628/569 4463/3629/571
f 4451/3614/554 4482/6114/1797 4479/3646/590
f 4482/6115/595 4453/3620/560 4480/6116/593
f 4486/3654/599 4461/6117/2463 4458/3622/563
f 4461/3627/1170 4488/6118/605 4459/3625/566
f 4487/3657/602 4484/3653/598 4491/3661/1801
f 4484/3653/1802 4488/3660/605 4491/3661/607
f 4465/3630/572 4485/3648/592 4468/6119/1803
f 4485/6120/1804 4466/6121/575 4468/6122/577
f 4486/3654/599 4478/3640/1172 4489/6123/2549
f 4489/3659/1019 4474/6124/587 4487/3657/602
f 4473/3641/584 4470/3637/580 4477/3645/1807
f 4470/3637/1808 4474/3644/587 4477/3645/589
f 4465/3630/572 4440/6125/1809 4437/3598/536
f 4440/6126/541 4467/3636/578 4438/6127/539
f 4445/3609/548 4475/6128/2469 4472/3638/581
f 4475/3643/1173 4444/6129/545 4473/3641/584
f 4493/3662/1554 4510/6130/2631 4507/6131/1572
f 4499/6132/2632 4508/6133/1575 4510/6134/1577
f 4494/6135/1557 4506/3672/1565 4498/3669/2633
f 4506/3672/2634 4495/3667/1560 4498/3669/1562
f 4501/3673/1566 4520/3687/1583 4505/6136/2635
f 4505/3677/1571 4516/3691/1587 4502/3676/1569
f 4509/3683/1578 4519/6137/2636 4515/3688/1584
f 4512/3684/2637 4516/6138/1587 4519/6137/1589
f 4507/6131/1572 4538/6139/2638 4535/3710/1608
f 4513/3680/2639 4536/6140/1611 4538/6141/1613
f 4542/3718/1617 4517/6142/2640 4514/3685/1581
f 4548/3720/2641 4515/6143/1584 4517/6142/1586
f 4537/3716/1614 4547/6144/2642 4543/3721/1620
f 4547/6144/1625 4536/3713/1611 4544/6145/1623
f 4521/3694/1590 4541/3712/1610 4524/6146/2643
f 4541/6147/2644 4522/3697/1593 4524/3699/1595
f 4542/3718/1617 4534/6148/1601 4545/6149/2645
f 4534/6150/2646 4543/3721/1620 4545/3723/1622
f 4523/3700/1596 4533/3709/2647 4529/3706/1602
f 4533/3709/1607 4522/6151/1593 4530/3708/1605
f 4521/3694/1590 4496/3666/2648 4493/3662/1554
f 4527/3696/2649 4494/3665/1557 4496/3666/1559
f 4501/3673/1566 4531/6152/2650 4528/6153/1599
f 4503/6154/2651 4529/3706/1602 4531/3707/1604
f 679/885/388 735/951/452 763/985/484
f 645/3729/353 652/858/361 639/3727/347
f 771/998/497 638/842/345 765/992/491
f 756/976/476 700/911/412 672/877/380
f 659/866/369 666/874/377 653/860/363
f 673/882/385 680/890/393 667/876/379
f 687/899/401 694/908/409 681/893/395
f 701/916/417 708/924/425 695/910/411
f 715/6155/433 722/940/441 709/3737/427
f 729/948/449 736/956/457 723/942/443
f 743/964/465 750/972/473 737/958/459
f 757/981/481 764/990/489 751/975/475
f 819/1049/511 875/1115/452 903/1149/484
f 785/3750/353 792/1022/361 779/3748/347
f 911/1162/497 778/1006/345 905/1156/491
f 896/1140/531 840/1075/412 812/1041/507
f 799/1030/506 806/1038/377 793/1024/363
f 813/1046/510 820/1054/393 807/1040/379
f 827/1063/401 834/1072/518 821/1057/395
f 841/1080/417 848/1088/425 835/1074/411
f 855/6156/433 862/1104/441 849/3757/427
f 869/1112/449 876/1120/457 863/1106/443
f 883/1128/528 890/1136/473 877/1122/459
f 897/1145/481 904/1154/489 891/1139/475
f 935/3799/1681 959/3834/1713 983/3868/1745
f 921/6157/1760 924/3781/1663 918/3768/1650
f 999/3879/1755 918/6158/1650 996/3874/1750
f 992/3872/1748 968/3838/1716 944/3802/1684
f 927/3774/1656 930/3780/1662 924/3781/1663
f 933/3784/1666 936/3788/1670 930/3780/1662
f 939/3792/1674 942/3796/1678 936/3788/1670
f 945/3809/1683 948/3804/1686 942/3806/1678
f 951/3811/1691 954/3814/1694 948/3804/1686
f 957/3819/1699 960/6159/1711 954/3814/1694
f 963/6160/1707 966/3830/1710 960/3832/1711
f 969/3835/1714 972/3848/1726 966/3830/1710
f 975/3845/1723 978/3857/1735 972/3848/1726
f 981/3853/1731 984/3856/1734 978/3857/1735
f 987/3869/1739 990/3864/1742 984/3866/1734
f 993/3871/1747 996/3874/1750 990/3864/1742
f 1019/3919/1681 1043/3954/1713 1067/3988/1745
f 1005/3894/1760 1008/3888/1663 1002/3890/1650
f 1083/3999/1755 1002/4002/1650 1080/4003/1750
f 1076/3992/1748 1052/3958/1716 1028/3922/1684
f 1011/3896/1656 1014/3900/1662 1008/3888/1663
f 1017/3904/1666 1020/3917/1670 1014/3900/1662
f 1023/3913/1674 1026/3916/1678 1020/3917/1670
f 1029/3929/1683 1032/3924/1686 1026/3926/1678
f 1035/3931/1691 1038/3934/1694 1032/3924/1686
f 1041/3938/1699 1044/6161/1711 1038/3934/1694
f 1047/6162/1707 1050/3950/1710 1044/3952/1711
f 1053/3955/1714 1056/3960/1726 1050/3950/1710
f 1059/3965/1723 1062/3968/1735 1056/3960/1726
f 1065/3972/1731 1068/3976/1734 1062/3968/1735
f 1071/3989/1739 1074/3984/1742 1068/3986/1734
f 1077/3991/1747 1080/4003/1750 1074/3984/1742
f 1103/4039/1681 1127/4065/1713 1151/4108/1745
f 1089/6163/1760 1092/4008/1663 1086/4010/1650
f 1167/4118/1755 1086/4122/1650 1164/4114/1750
f 1160/4113/1748 1136/4078/1716 1112/4043/1684
f 1095/4014/1656 1098/4020/1662 1092/4008/1663
f 1101/4025/1666 1104/4028/1670 1098/4020/1662
f 1107/4032/1674 1110/4036/1678 1104/4028/1670
f 1113/4049/1683 1116/4044/1686 1110/4046/1678
f 1119/4051/1691 1122/4063/1694 1116/4044/1686
f 1125/4059/1699 1128/4062/1711 1122/4063/1694
f 1131/4075/1707 1134/4080/1710 1128/4070/1711
f 1137/4077/1714 1140/4089/1726 1134/4080/1710
f 1143/4084/1723 1146/4088/1735 1140/4089/1726
f 1149/4092/1731 1152/4096/1734 1146/4088/1735
f 1155/4109/1739 1158/4115/1742 1152/4104/1734
f 1161/4111/1747 1164/4114/1750 1158/4115/1742
f 1187/4159/1681 1211/4194/1713 1235/4219/1745
f 1173/6164/1760 1176/4140/1663 1170/4128/1650
f 1251/4238/1755 1170/4242/1650 1248/4234/1750
f 1244/4232/1748 1220/4199/1716 1196/4162/1784
f 1179/4134/1656 1182/4149/1662 1176/4140/1663
f 1185/4145/1666 1188/4148/1670 1182/4149/1662
f 1191/4152/1674 1194/4156/1678 1188/4148/1670
f 1197/4169/1683 1200/4175/1686 1194/4164/1678
f 1203/4171/1691 1206/4174/1694 1200/4175/1686
f 1209/4179/1699 1212/4182/1711 1206/4174/1694
f 1215/4195/1707 1218/4200/1710 1212/4190/1711
f 1221/4197/1714 1224/4209/1726 1218/4200/1710
f 1227/4205/1723 1230/4208/1735 1224/4209/1726
f 1233/4213/1731 1236/4216/1734 1230/4208/1735
f 1239/4229/1739 1242/4235/1742 1236/4224/1734
f 1245/4231/1747 1248/4234/1750 1242/4235/1742
f 1295/1213/590 1253/1165/536 1267/1181/554
f 1262/1179/551 1268/4250/557 1255/1171/542
f 1289/1208/584 1254/4268/539 1283/1203/578
f 1274/1189/563 1288/1205/581 1302/1221/599
f 1275/1192/566 1296/4256/593 1269/1187/560
f 1303/1224/602 1282/4262/575 1297/1219/596
f 1351/1277/590 1309/1229/536 1323/1245/554
f 1318/1243/551 1324/4273/557 1311/1235/542
f 1345/1272/584 1310/4290/539 1339/1267/578
f 1330/1253/563 1344/1269/581 1358/1285/599
f 1331/1256/566 1352/4279/593 1325/1251/560
f 1359/1288/602 1338/4284/575 1353/1283/596
f 1407/1341/590 1365/1293/536 1379/1309/554
f 1374/1307/551 1380/4296/557 1367/1299/542
f 1401/1336/584 1366/4314/539 1395/1331/578
f 1386/1317/563 1400/1333/581 1414/1349/599
f 1387/1320/566 1408/4302/593 1381/1315/560
f 1415/1352/602 1394/4308/575 1409/1347/596
f 1463/1405/590 1421/1357/536 1435/1373/554
f 1430/1371/551 1436/4320/557 1423/1363/542
f 1457/1400/584 1422/4338/539 1451/1395/578
f 1442/1381/563 1456/1397/581 1470/1413/599
f 1443/1384/566 1464/4326/593 1437/1379/560
f 1471/1416/602 1450/4332/575 1465/1411/596
f 1495/4374/1846 1519/4399/1869 1543/4443/1910
f 1481/6165/1925 1484/4356/1815 1478/6166/1817
f 1559/4454/1920 1478/4344/1817 1556/4449/1915
f 1552/4447/1913 1528/4413/1882 1504/4377/1849
f 1484/4356/1815 1493/4359/1831 1490/4354/1827
f 1490/4354/1827 1499/4367/1839 1496/4363/1835
f 1499/4367/1839 1502/4371/1843 1496/4363/1835
f 1505/4384/1848 1508/4389/1859 1502/4379/1843
f 1511/4386/1856 1514/4397/1867 1508/4389/1859
f 1514/4397/1867 1523/4402/1872 1520/6167/1876
f 1523/6168/1872 1526/4405/1875 1520/4407/1876
f 1529/6169/1880 1532/4423/1891 1526/4405/1875
f 1535/4418/1887 1538/4431/1899 1532/4423/1891
f 1541/4427/1895 1544/6170/1908 1538/4431/1899
f 1547/4444/1904 1550/4439/1907 1544/4441/1908
f 1550/4439/1907 1559/4454/1920 1556/4449/1915
f 1579/4485/1949 1603/4528/1990 1627/4563/2022
f 1562/4464/1929 1571/6171/1935 1568/4462/1927
f 1640/4578/2035 1565/4468/1933 1562/4577/1929
f 1636/4568/2026 1612/4532/1993 1588/4497/1961
f 1571/6171/1935 1574/4483/1947 1568/4462/1927
f 1577/4478/1943 1580/4492/1956 1574/4483/1947
f 1583/4487/1951 1586/4491/1955 1580/4492/1956
f 1589/4504/1960 1592/4499/1963 1586/4501/1955
f 1595/4506/1968 1598/4517/1979 1592/4499/1963
f 1601/4514/1976 1604/4526/1988 1598/4517/1979
f 1607/6172/1983 1610/4536/1987 1604/6173/1988
f 1610/4536/1987 1619/4539/1999 1616/4534/1995
f 1616/4534/1995 1625/4548/2008 1622/4543/2003
f 1625/4548/2008 1628/4551/2011 1622/4543/2003
f 1631/6174/2016 1634/4569/2027 1628/4559/2011
f 1637/4564/2023 1640/4578/2035 1634/4569/2027
f 1645/6175/2124 1659/4594/2047 1809/6176/2121
f 1805/6177/2119 1656/4589/2043 1645/6175/2124
f 1791/4701/2112 1808/4717/2123 1794/4706/2117
f 1788/4696/2110 1646/4720/2126 1791/4701/2112
f 1650/1423/614 349/499/96 1666/1432/623
f 1801/6178/684 1653/4585/2040 1805/6177/2119
f 1648/4584/612 1670/4598/2049 1652/4582/2039
f 1803/1495/686 347/495/93 1649/1424/615
f 1652/4582/2039 1673/4602/2052 1655/4587/2041
f 1658/4592/2046 1673/4602/2052 1676/4607/2056
f 1809/6176/2121 1661/6179/616 1812/6180/691
f 1658/4592/2046 1678/6181/624 1662/6182/619
f 1813/1499/690 1661/1425/616 348/498/95
f 1663/1427/618 1678/1433/624 350/500/97
f 1667/1431/622 351/501/98 1683/1440/631
f 1665/4597/620 1687/4612/2058 1669/4595/2048
f 1669/4595/2048 1690/4617/2061 1672/4600/2050
f 1672/4600/2050 1693/4625/2065 1675/4605/2055
f 1675/4605/2055 1695/6183/632 1679/6184/627
f 1680/1435/626 1695/1441/632 352/502/99
f 1684/1439/630 353/504/101 1700/1448/639
f 1682/4610/628 1704/4629/2067 1686/4608/2057
f 1689/4614/2059 1704/4629/2067 1707/4633/2070
f 1689/4614/2059 1710/4638/2074 1692/4622/2064
f 1696/6185/635 1710/4638/2074 1712/6186/640
f 1697/1443/634 1712/1449/640 354/503/100
f 1701/1447/638 355/505/102 1717/1456/647
f 1699/4628/636 1721/4642/2076 1703/4626/2066
f 1703/4626/2066 1724/4646/2079 1706/4631/2068
f 1706/4631/2068 1727/4651/2082 1709/4636/2073
f 1713/6187/643 1727/4651/2082 1729/6188/648
f 1714/1451/642 1729/1457/648 356/506/103
f 1718/1455/646 357/507/104 1734/1464/655
f 1720/6189/2075 1734/4656/655 1738/4655/2084
f 1720/6189/2075 1741/4659/2087 1723/6190/2077
f 1723/6190/2077 1744/4664/2091 1726/6191/2081
f 1726/6191/2081 1746/6192/656 1730/6193/651
f 1731/1459/650 1746/1465/656 358/508/105
f 1735/1463/654 359/509/106 1751/1472/663
f 1737/4652/2083 1751/4669/663 1755/4668/2093
f 1740/4657/2085 1755/4668/2093 1758/4672/2096
f 1740/4657/2085 1761/4677/2100 1743/4662/2090
f 1743/4662/2090 1763/6194/664 1747/6195/659
f 1748/1467/658 1763/1473/664 360/510/107
f 1752/1471/662 361/511/108 1768/1480/671
f 1750/4667/660 1772/4682/2102 1754/4665/2092
f 1757/4670/2094 1772/4682/2102 1775/4687/2105
f 1757/4670/2094 1778/4695/2109 1760/4675/2099
f 1760/4675/2099 1780/6196/672 1764/6197/667
f 1765/1475/666 1780/1481/672 362/512/109
f 1769/1479/670 363/513/110 1785/1488/679
f 1767/4680/668 1789/4699/2111 1771/4678/2101
f 1774/4684/2103 1789/4699/2111 1792/4703/2114
f 1774/4684/2103 1795/4708/2118 1777/4692/2108
f 1777/4692/2108 1797/6198/680 1781/6199/675
f 1782/1483/674 1797/1489/680 364/514/111
f 1786/1487/678 365/493/92 1802/1496/687
f 1788/4696/2110 1802/4713/687 1806/4712/2120
f 1794/4706/2117 1811/6200/688 1798/6201/683
f 1799/1491/682 1811/1497/688 366/497/94
f 1815/6202/2124 1829/4734/2047 1979/6203/2121
f 1975/6204/2128 1826/4729/2043 1815/6202/2124
f 1961/4841/2112 1978/4857/2123 1964/4846/2117
f 1958/4836/2110 1816/4860/2126 1961/4841/2112
f 1820/1503/614 371/521/96 1836/1512/623
f 1975/6204/2128 1819/4726/615 1823/4725/2040
f 1818/4724/612 1840/4738/2049 1822/4722/2039
f 1973/1575/686 369/517/93 1819/1504/615
f 1822/4722/2039 1843/4742/2052 1825/4727/2041
f 1825/4727/2041 1846/4747/2056 1828/4732/2046
f 1979/6203/2121 1831/6205/616 1982/6206/691
f 1828/4732/2046 1848/6207/624 1832/6208/619
f 1983/1579/690 1831/1505/616 370/520/95
f 1833/1507/618 1848/1513/624 372/522/97
f 1837/1511/622 373/523/98 1853/1520/694
f 1835/4737/692 1857/4752/2058 1839/4735/2048
f 1839/4735/2048 1860/4757/2061 1842/4740/2050
f 1842/4740/2050 1863/4765/2065 1845/4745/2055
f 1845/4745/2055 1865/6209/695 1849/6210/693
f 1850/1515/626 1865/1521/695 374/524/99
f 1854/1519/630 375/526/101 1870/1528/639
f 1852/4750/628 1874/4769/2067 1856/4748/2057
f 1856/4748/2057 1877/4773/2070 1859/4754/2059
f 1859/4754/2059 1880/4778/2074 1862/4762/2064
f 1862/4762/2064 1882/6211/640 1866/6212/635
f 1867/1523/634 1882/1529/640 376/525/100
f 1871/1527/638 377/527/102 1887/1536/647
f 1873/4766/2066 1887/4783/647 1891/4782/2076
f 1873/4766/2066 1894/4786/2079 1876/4771/2068
f 1876/4771/2068 1897/4791/2082 1879/4776/2073
f 1879/4776/2073 1899/6213/648 1883/6214/643
f 1884/1531/642 1899/1537/648 378/528/103
f 1888/1535/646 379/529/104 1904/1544/655
f 1886/6215/644 1908/4795/2084 1890/6216/2075
f 1890/6216/2075 1911/4799/2087 1893/6217/2077
f 1896/6218/2127 1911/4799/2087 1914/4804/2091
f 1896/6218/2127 1916/6219/656 1900/6220/651
f 1901/1539/650 1916/1545/656 380/530/105
f 1905/1543/654 381/531/106 1921/1552/663
f 1903/4794/652 1925/4808/2093 1907/4792/2083
f 1907/4792/2083 1928/4812/2096 1910/4797/2085
f 1913/4802/2090 1928/4812/2096 1931/4817/2100
f 1913/4802/2090 1933/6221/664 1917/6222/659
f 1918/1547/658 1933/1553/664 382/532/107
f 1922/1551/662 383/533/108 1938/1560/699
f 1920/4807/697 1942/4822/2102 1924/4805/2092
f 1927/4810/2094 1942/4822/2102 1945/4827/2105
f 1927/4810/2094 1948/4835/2109 1930/4815/2099
f 1934/6223/698 1948/4835/2109 1950/6224/700
f 1935/1555/666 1950/1561/700 384/534/109
f 1939/1559/670 385/535/110 1955/1568/679
f 1937/4820/668 1959/4839/2111 1941/4818/2101
f 1941/4818/2101 1962/4843/2114 1944/4824/2103
f 1944/4824/2103 1965/4848/2118 1947/4832/2108
f 1947/4832/2108 1967/6225/680 1951/6226/675
f 1952/1563/674 1967/1569/680 386/536/111
f 1956/1567/678 387/515/92 1972/1576/687
f 1958/4836/2110 1972/4853/687 1976/4852/2129
f 1964/4846/2117 1981/6227/688 1968/6228/683
f 1969/1571/682 1981/1577/688 388/519/94
f 2003/4894/2161 2027/4919/2184 2051/4963/2225
f 1986/6229/2130 1995/4870/2138 1992/4876/2143
f 2067/4974/2235 1986/4862/2130 2064/4969/2230
f 2060/4967/2228 2036/4932/2196 2012/4897/2164
f 1995/4870/2138 1998/4874/2142 1992/4876/2143
f 1998/4874/2142 2007/4888/2155 2004/4892/2159
f 2007/4888/2155 2010/4891/2158 2004/4892/2159
f 2013/6230/2163 2016/4899/2166 2010/4901/2158
f 2019/4904/2170 2022/4909/2174 2016/4899/2166
f 2025/4913/2178 2028/4917/2182 2022/4909/2174
f 2031/6231/2186 2034/4934/2198 2028/4925/2182
f 2034/4934/2198 2043/4938/2202 2040/4943/2206
f 2043/4938/2202 2046/4952/2215 2040/4943/2206
f 2049/4948/2211 2052/4951/2214 2046/4952/2215
f 2052/4961/2214 2061/4966/2227 2058/4959/2222
f 2061/4966/2227 2064/4969/2230 2058/4959/2222
f 2087/5005/2264 2111/5048/2305 2135/5083/2337
f 2073/6232/2248 2076/4994/2254 2070/4982/2242
f 2151/5094/2347 2070/5097/2242 2148/5098/2350
f 2144/5087/2340 2120/5052/2308 2096/5017/2276
f 2079/6233/2250 2082/5003/2262 2076/4994/2254
f 2085/4998/2258 2088/5012/2271 2082/5003/2262
f 2091/5008/2267 2094/5011/2270 2088/5012/2271
f 2094/5021/2270 2103/5026/2283 2100/5019/2278
f 2100/5019/2278 2109/5033/2290 2106/5029/2286
f 2106/5029/2286 2115/5041/2298 2112/5045/2302
f 2112/6234/2302 2121/5049/2306 2118/5056/2311
f 2121/5049/2306 2124/5054/2310 2118/5056/2311
f 2124/5054/2310 2133/5068/2323 2130/5072/2327
f 2133/5068/2323 2136/5071/2326 2130/5072/2327
f 2139/6235/2331 2142/5079/2334 2136/5081/2326
f 2145/5084/2338 2148/5098/2350 2142/5079/2334
f 2158/1583/703 2171/6236/2363 2174/1592/712
f 2154/5116/2366 389/6237/14 2170/5117/2367
f 2306/5197/2431 389/6237/14 2154/5116/2366
f 2311/6238/775 2153/5198/2432 2157/6239/704
f 2313/6240/2422 2157/1584/704 2161/5103/2355
f 2160/5102/2354 2174/1592/712 2178/5106/2357
f 2317/6241/780 2161/5103/2355 2163/1585/705
f 2164/1588/708 2178/5106/2357 2180/1593/713
f 2318/6242/779 2163/6243/705 2168/5194/2428
f 2165/1587/707 2180/1593/713 2184/6244/2362
f 390/6245/16 2167/5108/2358 2185/5110/2360
f 390/6245/16 2321/5196/2430 2167/5108/2358
f 2175/6246/711 2188/5129/2374 2191/1601/720
f 2170/5117/2367 389/6237/14 2187/5130/2375
f 2173/1589/709 2195/5120/2369 2177/5105/2356
f 2177/5105/2356 2197/6247/721 2181/1596/716
f 2182/6248/715 2197/1603/721 2201/5127/2372
f 390/6245/16 2185/5110/2360 2202/5126/2371
f 2192/1602/719 2205/5137/2381 2208/6249/728
f 2187/5130/2375 389/6237/14 2204/5139/2383
f 2190/1597/717 2212/5132/2377 2194/5118/2368
f 2194/5118/2368 2214/1613/729 2198/1607/724
f 2199/1605/723 2214/6250/729 2218/5136/2380
f 390/6245/16 2202/5126/2371 2219/5134/2378
f 2209/1611/727 2222/6251/2390 2225/1620/736
f 2204/5139/2383 389/6237/14 2221/5148/2391
f 2207/1609/725 2229/5141/2385 2211/5131/2376
f 2211/5131/2376 2231/1621/737 2215/1616/732
f 2216/1615/731 2231/1621/737 2235/6252/2388
f 390/6245/16 2219/5134/2378 2236/5143/2386
f 2226/6253/735 2239/5153/2395 2242/6254/744
f 2221/5148/2391 389/6237/14 2238/5154/2396
f 2224/6255/733 2246/5150/2393 2228/6256/2384
f 2228/6256/2384 2248/1629/745 2232/6257/740
f 2233/6258/739 2248/6259/745 2252/5155/2397
f 390/6245/16 2236/5143/2386 2253/5156/2398
f 2243/1627/743 2256/6260/2402 2259/1636/752
f 2238/5154/2396 389/6237/14 2255/5162/2403
f 2245/5149/2392 2259/1636/752 2263/5158/2400
f 2249/1632/748 2263/5158/2400 2265/1637/753
f 2250/1631/747 2265/1637/753 2269/6261/2404
f 390/6245/16 2253/5156/2398 2270/5165/2406
f 2260/6262/751 2273/5186/2421 2276/1645/760
f 2255/5162/2403 389/6237/14 2272/5176/2412
f 2258/1633/749 2280/5168/2408 2262/5157/2399
f 2262/5157/2399 2282/6263/761 2266/1640/756
f 2267/6264/755 2282/1647/761 2286/5173/2409
f 390/6245/16 2270/5165/2406 2287/5183/2418
f 2277/1646/759 2290/5193/2427 2293/6265/768
f 2272/5176/2412 389/6237/14 2289/5184/2419
f 2275/1641/757 2297/5179/2415 2279/5166/2407
f 2279/5166/2407 2299/1657/769 2283/1651/764
f 2284/1649/763 2299/6266/769 2303/5181/2416
f 390/6245/16 2287/5183/2418 2304/5191/2425
f 2294/1655/767 2307/6267/2433 2310/1664/776
f 2289/5184/2419 389/6237/14 2306/5197/2431
f 2296/5178/2414 2310/1664/776 2314/5188/2423
f 2296/5178/2414 2316/1665/777 2300/1660/772
f 2301/1659/771 2316/1665/777 2320/6268/2429
f 390/6245/16 2304/5191/2425 2321/5196/2430
f 2328/1671/703 2341/6269/2363 2344/1680/712
f 2324/5214/2366 391/6270/14 2340/5215/2367
f 2476/5295/2431 391/6270/14 2324/5214/2366
f 2481/6271/785 2323/5296/2432 2327/6272/704
f 2479/6273/773 2331/5201/2355 2483/6274/2422
f 2330/5200/2354 2344/1680/712 2348/5204/2357
f 2483/6274/2422 2333/1673/705 2487/6275/780
f 2330/5200/2354 2350/1681/713 2334/1676/708
f 2488/6276/786 2333/6277/705 2338/5292/2428
f 2335/1675/781 2350/1681/713 2354/6278/2362
f 392/6279/16 2337/5206/2358 2355/5208/2360
f 392/6279/16 2491/5294/2430 2337/5206/2358
f 2345/6280/711 2358/5226/2374 2361/1689/720
f 2340/5215/2367 391/6270/14 2357/5228/2375
f 2343/1677/709 2365/5218/2369 2347/5203/2356
f 2347/5203/2356 2367/6281/721 2351/1684/716
f 2352/6282/715 2367/1691/721 2371/5225/2372
f 392/6279/16 2355/5208/2360 2372/5224/2371
f 2362/1690/719 2375/5236/2381 2378/6283/728
f 2357/5228/2375 391/6270/14 2374/5237/2383
f 2360/1685/717 2382/5230/2377 2364/5216/2368
f 2368/1695/724 2382/5230/2377 2384/1701/729
f 2369/1693/723 2384/6284/729 2388/5234/2380
f 392/6279/16 2372/5224/2371 2389/5233/2378
f 2379/1699/727 2392/6285/2390 2395/1708/736
f 2374/5237/2383 391/6270/14 2391/5246/2391
f 2377/1697/725 2399/5239/2385 2381/5229/2376
f 2381/5229/2376 2401/1709/737 2385/1704/732
f 2386/1703/731 2401/1709/737 2405/6286/2388
f 392/6279/16 2389/5233/2378 2406/5241/2386
f 2396/6287/782 2409/5251/2395 2412/6288/744
f 2391/5246/2391 391/6270/14 2408/5252/2396
f 2394/6289/733 2416/5248/2393 2398/6290/2384
f 2398/6290/2384 2418/1717/745 2402/6291/740
f 2403/6292/783 2418/6293/745 2422/5253/2397
f 392/6279/16 2406/5241/2386 2423/5254/2398
f 2413/1715/743 2426/6294/2402 2429/1724/752
f 2408/5252/2396 391/6270/14 2425/5260/2403
f 2415/5247/2392 2429/1724/752 2433/5256/2400
f 2419/1720/748 2433/5256/2400 2435/1725/753
f 2420/1719/747 2435/1725/753 2439/6295/2404
f 392/6279/16 2423/5254/2398 2440/5273/2406
f 2430/6296/751 2443/5284/2421 2446/1733/760
f 2425/5260/2403 391/6270/14 2442/5274/2412
f 2428/1721/749 2450/5266/2408 2432/5255/2399
f 2432/5255/2399 2452/6297/761 2436/1728/756
f 2437/6298/755 2452/1735/761 2456/5271/2409
f 392/6279/16 2440/5273/2406 2457/5281/2418
f 2447/1734/759 2460/5291/2427 2463/6299/768
f 2442/5274/2412 391/6270/14 2459/5282/2419
f 2445/1729/757 2467/5277/2415 2449/5264/2407
f 2453/1739/764 2467/5277/2415 2469/1745/769
f 2454/1737/763 2469/6300/769 2473/5288/2416
f 392/6279/16 2457/5281/2418 2474/5280/2425
f 2464/1743/767 2477/6301/2433 2480/1752/776
f 2459/5282/2419 391/6270/14 2476/5295/2431
f 2462/1741/784 2484/5286/2423 2466/5276/2414
f 2466/5276/2414 2486/1753/777 2470/1748/772
f 2471/1747/771 2486/1753/777 2490/6302/2429
f 392/6279/16 2474/5280/2425 2491/5294/2430
f 2535/1805/590 2493/1757/536 2507/1773/554
f 2502/1771/551 2508/5300/557 2495/1763/542
f 2529/1800/584 2494/5316/539 2523/1795/578
f 2514/1781/563 2528/1797/581 2542/1813/599
f 2515/1784/566 2536/5306/593 2509/1779/560
f 2543/1816/602 2522/5311/575 2537/1811/596
f 2591/1869/590 2549/1821/536 2563/1837/554
f 2558/1835/551 2564/5322/557 2551/1827/542
f 2585/1864/584 2550/5339/539 2579/1859/578
f 2570/1845/563 2584/1861/581 2598/1877/599
f 2571/1848/566 2592/5328/593 2565/1843/560
f 2599/1880/602 2578/5334/575 2593/1875/596
f 2647/1933/590 2605/1885/536 2619/1901/554
f 2614/1899/551 2620/5345/557 2607/1891/542
f 2641/1928/584 2606/5362/539 2635/1923/578
f 2626/1909/563 2640/1925/581 2654/1941/599
f 2627/1912/566 2648/5351/593 2621/1907/560
f 2655/1944/602 2634/5357/575 2649/1939/596
f 2703/1997/590 2661/1949/536 2675/1965/554
f 2670/1963/551 2676/5368/557 2663/1955/542
f 2697/1992/584 2662/5385/539 2691/1987/578
f 2682/1973/563 2696/1989/581 2710/2005/599
f 2683/1976/566 2704/5374/593 2677/1971/560
f 2711/2008/602 2690/5380/575 2705/2003/596
f 2759/2061/590 2717/2013/536 2731/2029/554
f 2726/2027/551 2732/5391/557 2719/2019/542
f 2753/2056/584 2718/5408/539 2747/2051/578
f 2738/2037/563 2752/2053/581 2766/2069/599
f 2739/2040/566 2760/5397/593 2733/2035/560
f 2767/2072/602 2746/5403/575 2761/2067/596
f 2815/2125/590 2773/2077/536 2787/2093/554
f 2782/2091/551 2788/5414/557 2775/2083/542
f 2809/2120/584 2774/5431/539 2803/2115/578
f 2794/2101/563 2808/2117/581 2822/2133/599
f 2795/2104/566 2816/5420/593 2789/2099/560
f 2823/2136/602 2802/5426/575 2817/2131/596
f 2871/2189/590 2829/2141/536 2843/2157/554
f 2838/2155/551 2844/5437/557 2831/2147/542
f 2865/2184/584 2830/5454/539 2859/2179/578
f 2850/2165/563 2864/2181/581 2878/2197/599
f 2851/2168/566 2872/5443/593 2845/2163/560
f 2879/2200/602 2858/5449/575 2873/2195/596
f 2927/2253/590 2885/2205/536 2899/2221/554
f 2894/2219/551 2900/5460/557 2887/2211/542
f 2921/2248/584 2886/5477/539 2915/2243/578
f 2906/2229/563 2920/2245/581 2934/2261/599
f 2907/2232/566 2928/5466/593 2901/2227/560
f 2935/2264/602 2914/5472/575 2929/2259/596
f 2983/2317/845 3039/2381/909 3095/2445/973
f 2949/6303/810 2956/2290/818 2943/5481/804
f 3103/2458/986 2942/2274/802 3097/2452/980
f 3088/2437/965 3032/2373/901 2976/2309/837
f 2963/2298/826 2970/2306/834 2957/2292/820
f 2977/2314/842 2984/2322/850 2971/2308/836
f 2991/6304/858 2998/2338/866 2985/5488/852
f 3005/2346/874 3012/2354/882 2999/2340/868
f 3019/2362/890 3026/2370/898 3013/2356/884
f 3033/6305/906 3040/2386/914 3027/5496/900
f 3047/2394/922 3054/2402/930 3041/2388/916
f 3061/2410/938 3068/2418/946 3055/2404/932
f 3075/6306/954 3082/2434/962 3069/5503/948
f 3089/2442/970 3096/2450/978 3083/2436/964
f 3151/2509/590 3109/2461/536 3123/2477/554
f 3118/2475/551 3124/5511/557 3111/2467/542
f 3145/2504/584 3110/5529/539 3139/2499/578
f 3130/2485/563 3144/2501/581 3158/2517/1016
f 3131/2488/566 3152/5517/593 3125/2483/560
f 3159/2520/602 3138/5523/575 3153/2515/596
f 3207/2573/590 3165/2525/536 3179/2541/554
f 3174/2539/551 3180/5535/557 3167/2531/542
f 3201/2568/584 3166/5553/539 3195/2563/578
f 3186/2549/563 3200/2565/581 3214/2581/599
f 3187/2552/566 3208/5541/593 3181/2547/560
f 3215/2584/602 3194/5547/575 3209/2579/596
f 3384/2692/1132 629/6307/14 3222/2592/1032
f 3222/2592/1032 629/6307/14 3246/2608/1048
f 3389/5647/2534 3221/6308/1029 3229/5563/2476
f 3223/2594/1034 3252/5572/2484 3228/5557/2475
f 3392/5651/2536 3229/5563/2476 3232/5562/2479
f 3228/6309/2475 3255/5575/2487 3231/6310/2477
f 3392/5651/2536 3235/6311/2482 3395/5657/2541
f 3234/6312/2481 3255/5575/2487 3258/6313/2491
f 3395/5657/2541 3237/6314/1036 3398/6315/1134
f 3234/5566/2481 3262/2615/1055 3238/2599/1039
f 630/6316/16 3399/2697/1137 3239/2601/1041
f 630/6316/16 3239/2601/1041 3261/2613/1053
f 3244/5571/1043 3275/5589/2493 3251/5569/2483
f 3246/2608/1048 629/6307/14 3269/2622/1062
f 3251/5569/2483 3278/5588/2496 3254/5573/2485
f 3257/5579/2490 3278/5588/2496 3281/6317/2499
f 3257/5579/2490 3285/6318/1069 3260/6319/1050
f 630/6316/16 3261/2613/1053 3284/2627/1067
f 3274/5583/2492 3291/2634/1074 3298/5598/2501
f 3269/2622/1062 629/6307/14 3292/2636/1076
f 3277/6320/2494 3298/5602/2501 3301/5601/2504
f 3277/6320/2494 3304/6321/2508 3280/6322/2498
f 3280/5592/2498 3308/2643/1083 3283/2624/1064
f 630/6316/16 3284/2627/1067 3307/2641/1081
f 3290/5597/1071 3321/5615/2510 3297/5595/2500
f 3292/2636/1076 629/6307/14 3315/2650/1090
f 3300/5599/2502 3321/5615/2510 3324/5614/2513
f 3300/5599/2502 3327/6323/2516 3303/5605/2507
f 3303/5605/2507 3331/6324/1097 3306/6325/1078
f 630/6316/16 3307/2641/1081 3330/2655/1095
f 3313/2645/1085 3344/5624/2518 3320/5609/2509
f 3315/2650/1090 629/6307/14 3338/2664/1104
f 3320/6326/2509 3347/5627/2521 3323/6327/2511
f 3326/6328/2515 3347/5627/2521 3350/6329/2525
f 3326/5618/2515 3354/2671/1111 3329/2652/1092
f 630/6316/16 3330/2655/1095 3353/2669/1109
f 3336/5623/1099 3367/5641/2527 3343/5621/2517
f 3338/2664/1104 629/6307/14 3361/2678/1118
f 3343/5621/2517 3370/5640/2530 3346/5625/2519
f 3349/5631/2524 3370/5640/2530 3373/6330/2533
f 3349/5631/2524 3377/6331/1125 3352/6332/1106
f 630/6316/16 3353/2669/1109 3376/2683/1123
f 3359/2673/1113 3390/5650/2535 3366/5635/2526
f 3361/2678/1118 629/6307/14 3384/2692/1132
f 3369/6333/2528 3390/5654/2535 3393/5653/2538
f 3369/6333/2528 3396/6334/2542 3372/6335/2532
f 3372/5644/2532 3400/2699/1139 3375/2680/1120
f 630/6316/16 3376/2683/1123 3399/2697/1137
f 3568/2804/1132 631/6336/14 3406/2704/1032
f 3406/2704/1032 631/6336/14 3430/2720/1048
f 3566/5753/1164 3413/5667/2476 3573/5751/2534
f 3407/2706/1141 3436/5676/2484 3412/5661/2475
f 3576/5755/2536 3413/5667/2476 3416/5666/2479
f 3412/6337/2475 3439/5679/2487 3415/6338/2477
f 3576/5755/2536 3419/6339/2482 3579/5761/2541
f 3418/6340/2543 3439/5679/2487 3442/6341/2491
f 3579/5761/2541 3421/6342/1143 3582/6343/1167
f 3422/2711/1144 3442/5685/2491 3446/2727/1148
f 632/6344/16 3583/2809/1137 3423/2713/1041
f 632/6344/16 3423/2713/1041 3445/2725/1053
f 3428/5675/1043 3459/5693/2493 3435/5673/2483
f 3430/2720/1048 631/6336/14 3453/2734/1062
f 3435/5673/2483 3462/5692/2496 3438/5677/2485
f 3441/5683/2490 3462/5692/2496 3465/6345/2499
f 3441/5683/2490 3469/6346/1150 3444/6347/1050
f 632/6344/16 3445/2725/1053 3468/2739/1067
f 3451/2729/1149 3482/5702/2501 3458/5687/2492
f 3453/2734/1062 631/6336/14 3476/2748/1076
f 3461/6348/2494 3482/5706/2501 3485/5705/2504
f 3461/6348/2494 3488/6349/2508 3464/6350/2498
f 3464/5696/2498 3492/2755/1083 3467/2736/1064
f 632/6344/16 3468/2739/1067 3491/2753/1081
f 3481/5699/2500 3498/6351/1155 3505/5719/2544
f 3476/2748/1076 631/6336/14 3499/2762/1090
f 3484/5703/2502 3505/5719/2544 3508/5718/2513
f 3484/5703/2502 3511/6352/2545 3487/5709/2507
f 3490/6353/1153 3511/6352/2545 3515/6354/1158
f 632/6344/16 3491/2753/1081 3514/2767/1095
f 3497/2757/1154 3528/5728/2518 3504/5713/2509
f 3499/2762/1090 631/6336/14 3522/2776/1104
f 3504/6355/2509 3531/5731/2521 3507/6356/2511
f 3510/6357/2515 3531/5731/2521 3534/6358/2525
f 3513/2764/1157 3534/5737/2525 3538/2783/1161
f 632/6344/16 3514/2767/1095 3537/2781/1109
f 3520/5727/1099 3551/5745/2527 3527/5725/2517
f 3522/2776/1104 631/6336/14 3545/2790/1118
f 3527/5725/2517 3554/5744/2530 3530/5729/2519
f 3533/5735/2524 3554/5744/2530 3557/6359/2533
f 3536/6360/1160 3557/6359/2533 3561/6361/1163
f 632/6344/16 3537/2781/1109 3560/2795/1123
f 3543/2785/1162 3574/5754/2535 3550/5739/2526
f 3545/2790/1118 631/6336/14 3568/2804/1132
f 3550/6362/2526 3577/5757/2538 3553/6363/2528
f 3553/6363/2528 3580/6364/2542 3556/6365/2532
f 3556/5748/2532 3584/2811/1139 3559/2792/1120
f 632/6344/16 3560/2795/1123 3583/2809/1137
f 3631/2861/590 3589/2813/536 3603/2829/554
f 3598/2827/551 3604/5767/557 3591/2819/542
f 3625/2856/584 3590/5785/539 3619/2851/578
f 3610/2837/563 3624/2853/581 3638/2869/599
f 3611/2840/566 3632/5773/593 3605/2835/560
f 3639/2872/602 3618/5779/575 3633/2867/596
f 3687/2925/590 3645/2877/536 3659/2893/554
f 3654/2891/551 3660/5791/557 3647/2883/542
f 3681/2920/584 3646/5809/539 3675/2915/578
f 3666/2901/563 3680/2917/581 3694/2933/599
f 3667/2904/566 3688/5797/593 3661/2899/560
f 3695/2936/602 3674/5803/575 3689/2931/596
f 3864/3044/1132 633/6366/14 3702/2944/1032
f 3702/2944/1032 633/6366/14 3726/2960/1048
f 3869/5903/2593 3701/6367/1174 3709/5819/2552
f 3703/2946/1176 3732/5828/2558 3708/5813/2551
f 3872/5907/2536 3709/5819/2552 3712/5818/2479
f 3708/6368/2551 3735/5831/2487 3711/6369/2477
f 3872/5907/2536 3715/6370/2556 3875/5913/2597
f 3711/6369/2477 3738/6371/2562 3714/6372/2555
f 3875/5913/2597 3717/6373/1177 3878/6374/1205
f 3714/5822/2555 3742/2967/1182 3718/2951/1179
f 634/6375/16 3879/3049/1137 3719/2953/1041
f 634/6375/16 3719/2953/1041 3741/2965/1053
f 3724/5827/1180 3755/5845/2564 3731/5825/2557
f 3726/2960/1048 633/6366/14 3749/2974/1062
f 3731/5825/2557 3758/5844/2496 3734/5829/2485
f 3734/5829/2485 3761/6376/2568 3737/5835/2561
f 3737/5835/2561 3765/6377/1069 3740/6378/1050
f 634/6375/16 3741/2965/1053 3764/2979/1067
f 3747/2969/1184 3778/5854/2570 3754/5839/2563
f 3749/2974/1062 633/6366/14 3772/2988/1076
f 3754/6379/2563 3781/5857/2504 3757/6380/2494
f 3757/6380/2494 3784/6381/2574 3760/6382/2567
f 3760/5848/2567 3788/2995/1190 3763/2976/1064
f 634/6375/16 3764/2979/1067 3787/2993/1081
f 3777/5851/2569 3794/6383/1191 3801/5871/2576
f 3772/2988/1076 633/6366/14 3795/3002/1090
f 3780/5855/2502 3801/5871/2576 3804/5870/2513
f 3780/5855/2502 3807/6384/2580 3783/5861/2573
f 3783/5861/2573 3811/6385/1194 3786/6386/1188
f 634/6375/16 3787/2993/1081 3810/3007/1095
f 3793/2997/1154 3824/5880/2582 3800/5865/2575
f 3795/3002/1090 633/6366/14 3818/3016/1104
f 3803/6387/2511 3824/5884/2582 3827/5883/2521
f 3806/6388/2579 3827/5883/2521 3830/6389/2586
f 3806/5874/2579 3834/3023/1111 3809/3004/1192
f 634/6375/16 3810/3007/1095 3833/3021/1109
f 3816/5879/1196 3847/5897/2588 3823/5877/2581
f 3818/3016/1104 633/6366/14 3841/3030/1118
f 3826/5881/2519 3847/5897/2588 3850/5896/2530
f 3826/5881/2519 3853/6390/2592 3829/5887/2585
f 3829/5887/2585 3857/6391/1202 3832/6392/1160
f 634/6375/16 3833/3021/1109 3856/3035/1123
f 3839/3025/1201 3870/5906/2594 3846/5891/2587
f 3841/3030/1118 633/6366/14 3864/3044/1132
f 3846/6393/2587 3873/5909/2538 3849/6394/2528
f 3852/6395/2591 3873/5909/2538 3876/6396/2598
f 3852/5900/2591 3880/3051/1207 3855/3032/1120
f 634/6375/16 3856/3035/1123 3879/3049/1137
f 4048/3156/1132 635/6397/14 3886/3056/1032
f 3886/3056/1032 635/6397/14 3910/3072/1048
f 4046/6009/1203 3893/5923/2552 4053/6007/2593
f 3887/3058/1176 3916/5932/2558 3892/5917/2551
f 4053/6007/2593 3896/5922/2479 4056/6011/2536
f 3892/6398/2551 3919/5935/2599 3895/6399/2477
f 4056/6011/2536 3899/6400/2556 4059/6017/2597
f 3898/6401/2555 3919/5935/2599 3922/6402/2562
f 4059/6017/2597 3901/6403/1177 4062/6404/1205
f 3898/5926/2555 3926/3079/1182 3902/3063/1179
f 636/6405/16 4063/3161/1137 3903/3065/1041
f 636/6405/16 3903/3065/1041 3925/3077/1053
f 3908/5931/1180 3939/5949/2564 3915/5929/2557
f 3910/3072/1048 635/6397/14 3933/3086/1062
f 3918/5933/2485 3939/5949/2564 3942/5948/2496
f 3921/5939/2561 3942/5948/2496 3945/6406/2568
f 3921/5939/2561 3949/6407/1069 3924/6408/1050
f 636/6405/16 3925/3077/1053 3948/3091/1067
f 3931/3081/1184 3962/5958/2570 3938/5943/2563
f 3933/3086/1062 635/6397/14 3956/3100/1076
f 3938/6409/2563 3965/5961/2504 3941/6410/2494
f 3944/6411/2567 3965/5961/2504 3968/6412/2574
f 3944/5952/2567 3972/3107/1190 3947/3088/1064
f 636/6405/16 3948/3091/1067 3971/3105/1081
f 3954/5957/1185 3985/5975/2576 3961/5955/2569
f 3956/3100/1076 635/6397/14 3979/3114/1090
f 3964/5959/2502 3985/5975/2576 3988/5974/2513
f 3964/5959/2502 3991/6413/2580 3967/5965/2573
f 3967/5965/2573 3995/6414/1194 3970/6415/1188
f 636/6405/16 3971/3105/1081 3994/3119/1095
f 3977/3109/1154 4008/5984/2600 3984/5969/2575
f 3979/3114/1090 635/6397/14 4002/3128/1104
f 3984/6416/2575 4011/5987/2521 3987/6417/2511
f 3990/6418/2579 4011/5987/2521 4014/6419/2586
f 3990/5978/2579 4018/3135/1111 3993/3116/1192
f 636/6405/16 3994/3119/1095 4017/3133/1109
f 4000/5983/1196 4031/6001/2588 4007/5981/2581
f 4002/3128/1104 635/6397/14 4025/3142/1118
f 4007/5981/2581 4034/6000/2530 4010/5985/2519
f 4010/5985/2519 4037/6420/2592 4013/5991/2585
f 4013/5991/2585 4041/6421/1202 4016/6422/1160
f 636/6405/16 4017/3133/1109 4040/3147/1123
f 4023/3137/1201 4054/6010/2594 4030/5995/2587
f 4025/3142/1118 635/6397/14 4048/3156/1132
f 4030/6423/2587 4057/6013/2538 4033/6424/2528
f 4033/6424/2528 4060/6425/2598 4036/6426/2591
f 4036/6004/2591 4064/3163/1207 4039/3144/1120
f 636/6405/16 4040/3147/1123 4063/3161/1137
f 4070/3168/1213 4090/6024/1236 4097/3198/1240
f 4070/3168/1213 4080/3183/1227 4090/6024/1236
f 4076/3172/1217 4069/3167/1212 4117/3220/1260
f 4071/3170/1215 4096/3195/1237 4110/6029/1256
f 4071/3170/1215 4110/6029/1256 4118/3223/1262
f 4077/6022/1222 4116/3219/1259 4168/3278/1311
f 4078/3178/1223 4167/3277/1310 4129/3237/1275
f 4087/3187/1230 4079/3182/1226 4128/3233/1271
f 4088/3188/1231 4127/6037/1270 4138/3246/1284
f 4098/3202/1244 4089/3193/1235 4137/3242/1280
f 4099/3203/1245 4136/3241/1279 4149/6031/1295
f 4107/3210/1250 4100/3207/1247 4148/3255/1291
f 4108/3211/1251 4147/3254/1290 4160/3272/1306
f 4119/3227/1266 4109/6026/1255 4159/3268/1302
f 4120/3228/1267 4158/3267/1301 4169/3283/1315
f 4139/3247/1285 4130/6036/1276 4180/3295/1325
f 4130/6036/1276 4171/3287/1317 4180/3295/1325
f 4150/3260/1296 4140/3250/1286 4179/3294/1324
f 4161/6044/1307 4151/3263/1297 4178/3289/1319
f 4170/3284/1316 4161/6044/1307 4178/3289/1319
f 4199/3314/1344 4227/3346/1380 4241/3362/1398
f 4193/3308/1338 4200/3317/1347 4187/3302/1332
f 4249/3374/1410 4186/3299/1329 4243/3368/1404
f 4192/3305/1335 4234/3354/1389 4220/3338/1371
f 4207/6427/1356 4214/3333/1365 4201/6050/1350
f 4221/3341/1374 4228/6428/1383 4215/3336/1368
f 4235/3357/1392 4242/3365/1401 4229/3352/1386
f 4269/3398/1344 4297/3430/1424 4311/3446/1398
f 4263/3392/1338 4270/3401/1347 4257/3386/1332
f 4319/3458/1410 4256/3383/1329 4313/3452/1404
f 4262/3389/1335 4304/3438/1389 4290/3422/1371
f 4277/6072/1356 4284/3417/1421 4271/6071/1350
f 4291/3425/1374 4298/6074/1383 4285/3420/1368
f 4305/3441/1392 4312/3449/1401 4299/3436/1386
f 4367/3516/1472 4395/3549/1502 4423/3582/1532
f 4333/6429/1440 4340/3487/1447 4327/3472/1434
f 4431/3595/1545 4326/3469/1432 4425/3589/1539
f 4416/3573/1525 4388/3540/1495 4360/3507/1465
f 4347/3495/1455 4354/3503/1462 4341/3489/1449
f 4361/6430/1470 4368/3521/1477 4355/3506/1464
f 4375/3529/1485 4382/3537/1492 4369/3523/1479
f 4389/6431/1500 4396/3554/1507 4383/6096/1494
f 4397/3556/1509 4418/3581/1531 4410/3570/1522
f 4417/6432/1530 4424/3587/1537 4411/6102/1524
f 4479/3646/590 4437/3598/536 4451/3614/554
f 4446/3612/551 4452/6110/557 4439/3604/542
f 4473/3641/584 4438/6127/539 4467/3636/578
f 4458/3622/563 4472/3638/581 4486/3654/599
f 4459/3625/566 4480/6116/593 4453/3620/560
f 4487/3657/602 4466/6121/575 4481/3652/596
f 4535/3710/1608 4493/3662/1554 4507/6131/1572
f 4502/3676/1569 4508/6133/1575 4495/3667/1560
f 4529/3706/1602 4494/6433/1557 4523/3700/1596
f 4514/3685/1581 4528/6153/1599 4542/3718/1617
f 4515/3688/1584 4536/6140/1611 4509/3683/1578
f 4543/3721/1620 4522/3697/1593 4537/3716/1614
f 5/1/1 12/13/12 13/2/2
f 3/4/4 10/15/13 11/5/5
f 85/7/7 8/17/15 9/8/8
f 86/10/3 13/19/2 14/11/10
f 4/6/6 11/5/5 12/13/12
f 2/14/9 9/22/8 10/15/13
f 13/19/2 20/35/21 21/20/17
f 11/5/5 18/26/22 19/21/18
f 9/22/8 16/28/23 17/23/19
f 12/13/12 19/21/18 20/25/21
f 10/15/13 17/23/19 18/26/22
f 8/17/15 15/24/20 16/27/23
f 16/28/23 23/6434/29 24/29/24
f 19/21/18 26/36/30 27/32/27
f 17/23/19 24/29/24 25/33/28
f 15/24/20 22/30/25 23/34/29
f 20/35/21 27/6435/27 28/31/26
f 18/26/22 25/33/28 26/36/30
f 26/38/30 33/46/35 34/39/32
f 24/41/24 31/48/36 32/42/33
f 22/30/25 29/49/37 30/44/34
f 28/31/26 27/6435/27 34/45/32
f 26/38/30 25/43/28 32/42/33
f 23/47/29 30/54/34 31/48/36
f 29/49/37 36/56/43 37/50/38
f 34/45/32 41/58/44 42/51/39
f 33/46/35 32/42/33 39/52/40
f 30/54/34 37/62/38 38/55/42
f 34/39/32 33/46/35 40/53/41
f 31/48/36 38/55/42 39/52/40
f 41/58/44 48/76/50 49/59/45
f 40/53/41 39/52/40 46/60/46
f 37/62/38 44/6436/51 45/63/48
f 40/53/41 47/61/47 48/65/50
f 38/55/42 45/63/48 46/60/46
f 37/50/38 36/56/43 43/64/49
f 47/69/47 54/77/57 55/70/54
f 45/72/48 52/79/58 53/73/55
f 43/64/49 50/67/52 51/75/56
f 48/76/50 55/6437/54 56/68/53
f 47/69/47 46/74/46 53/73/55
f 44/78/51 51/86/56 52/79/58
f 55/70/54 54/77/57 61/80/59
f 52/79/58 59/87/64 60/82/61
f 50/67/52 57/88/65 58/83/62
f 56/68/53 55/6437/54 62/84/60
f 54/77/57 53/73/55 60/82/61
f 51/86/56 58/92/62 59/87/64
f 62/84/60 69/109/71 70/89/66
f 61/80/59 60/82/61 67/90/67
f 58/92/62 65/6438/72 66/93/69
f 62/81/60 61/80/59 68/91/68
f 59/87/64 66/93/69 67/90/67
f 57/88/65 64/94/70 65/96/72
f 68/97/68 67/107/67 74/98/73
f 65/100/72 72/116/79 73/101/75
f 69/105/71 68/97/68 75/99/74
f 66/102/69 73/101/75 74/98/73
f 64/94/70 71/103/76 72/108/79
f 69/109/71 76/114/78 77/104/77
f 75/99/74 82/115/84 83/111/81
f 73/101/75 80/117/85 81/112/82
f 71/103/76 78/118/86 79/113/83
f 76/114/78 83/120/81 84/110/80
f 74/98/73 81/112/82 82/115/84
f 72/116/79 79/122/83 80/117/85
f 80/117/85 3/123/4 4/119/6
f 78/118/86 85/7/7 2/9/9
f 83/120/81 86/10/3 6/12/11
f 82/115/84 81/112/82 4/119/6
f 79/122/83 2/6439/9 3/123/4
f 83/111/81 82/115/84 5/121/1
f 91/125/1 98/137/12 99/126/2
f 89/128/4 96/139/13 97/129/5
f 171/131/7 94/141/15 95/132/8
f 172/134/3 99/143/2 100/135/10
f 90/130/6 97/129/5 98/137/12
f 88/138/9 95/146/8 96/139/13
f 99/143/2 106/6440/21 107/144/17
f 97/129/5 104/150/22 105/145/18
f 95/146/8 102/152/23 103/147/19
f 98/137/12 105/145/18 106/149/21
f 96/139/13 103/147/19 104/150/22
f 94/141/15 101/148/20 102/151/23
f 102/152/23 109/6441/29 110/153/24
f 106/149/21 105/145/18 112/156/30
f 103/147/19 110/153/24 111/158/28
f 102/151/23 101/148/20 108/154/25
f 107/144/17 106/6440/21 113/160/27
f 104/150/22 111/158/28 112/156/30
f 112/162/30 119/169/35 120/163/32
f 110/165/24 117/171/36 118/166/33
f 108/154/25 115/172/37 116/168/34
f 113/160/27 120/6442/32 121/161/31
f 111/167/28 118/166/33 119/169/35
f 109/170/29 116/177/34 117/171/36
f 115/172/37 122/179/43 123/173/38
f 121/161/31 120/6442/32 127/174/44
f 118/166/33 125/181/40 126/176/41
f 116/177/34 123/6443/38 124/178/42
f 120/163/32 119/169/35 126/176/41
f 117/171/36 124/178/42 125/181/40
f 127/174/44 134/6444/50 135/182/45
f 126/176/41 125/181/40 132/183/46
f 124/178/42 123/6443/38 130/185/51
f 126/176/41 133/184/47 134/188/50
f 124/178/42 131/186/48 132/183/46
f 123/173/38 122/179/43 129/187/49
f 133/192/47 140/200/57 141/193/54
f 131/195/48 138/202/58 139/196/55
f 129/187/49 136/190/52 137/198/56
f 135/182/45 134/6444/50 141/199/54
f 133/192/47 132/197/46 139/196/55
f 130/201/51 137/6445/56 138/202/58
f 140/200/57 147/208/59 148/203/60
f 138/202/58 145/210/64 146/204/61
f 136/190/52 143/211/65 144/205/62
f 142/191/53 141/199/54 148/206/60
f 140/200/57 139/196/55 146/204/61
f 138/202/58 137/6445/56 144/209/62
f 148/206/60 155/231/71 156/212/66
f 147/208/59 146/204/61 153/213/67
f 144/209/62 151/6446/72 152/215/69
f 148/203/60 147/208/59 154/214/68
f 145/210/64 152/215/69 153/213/67
f 143/211/65 150/216/70 151/218/72
f 154/219/68 153/229/67 160/220/73
f 151/222/72 158/238/79 159/223/75
f 154/219/68 161/221/74 162/227/78
f 152/224/69 159/223/75 160/220/73
f 150/216/70 157/225/76 158/230/79
f 155/231/71 162/236/78 163/226/77
f 161/221/74 168/237/84 169/233/81
f 159/223/75 166/239/85 167/234/82
f 157/225/76 164/240/86 165/235/83
f 162/236/78 169/242/81 170/232/80
f 161/221/74 160/220/73 167/234/82
f 158/238/79 165/244/83 166/239/85
f 166/239/85 89/245/4 90/241/6
f 165/235/83 164/240/86 171/131/7
f 169/242/81 172/134/3 92/136/11
f 168/237/84 167/234/82 90/241/6
f 165/244/83 88/6447/9 89/245/4
f 168/237/84 91/243/1 172/246/3
f 257/247/1 180/259/12 181/248/2
f 255/250/4 178/261/13 179/251/5
f 254/253/9 253/262/7 176/254/15
f 258/256/3 181/265/2 182/257/10
f 256/252/6 179/251/5 180/259/12
f 254/260/9 177/268/8 178/261/13
f 181/265/2 188/281/21 189/266/17
f 179/251/5 186/272/22 187/267/18
f 177/268/8 184/274/23 185/269/19
f 181/248/2 180/259/12 187/267/18
f 178/261/13 185/269/19 186/272/22
f 176/254/15 183/270/20 184/273/23
f 184/274/23 191/6448/29 192/275/24
f 187/267/18 194/282/30 195/278/27
f 185/269/19 192/275/24 193/279/28
f 184/273/23 183/270/20 190/276/25
f 188/281/21 195/292/27 196/277/26
f 186/272/22 193/279/28 194/282/30
f 194/284/30 201/293/35 202/285/32
f 192/287/24 199/295/36 200/288/33
f 191/280/29 190/276/25 197/290/37
f 195/292/27 202/6449/32 203/283/31
f 193/289/28 200/288/33 201/293/35
f 191/294/29 198/300/34 199/295/36
f 197/290/37 204/302/43 205/296/38
f 203/283/31 202/6449/32 209/297/44
f 200/288/33 207/304/40 208/299/41
f 198/300/34 205/307/38 206/301/42
f 201/293/35 208/299/41 209/303/44
f 199/295/36 206/301/42 207/304/40
f 209/297/44 216/6450/50 217/305/45
f 207/304/40 214/311/46 215/306/47
f 205/307/38 212/6451/51 213/308/48
f 208/299/41 215/306/47 216/310/50
f 206/301/42 213/308/48 214/311/46
f 204/302/43 211/309/49 212/312/51
f 216/315/50 215/323/47 222/316/57
f 213/318/48 220/325/58 221/319/55
f 211/309/49 218/313/88 219/321/56
f 217/305/45 216/6450/50 223/322/54
f 214/320/46 221/319/55 222/316/57
f 212/324/51 219/332/56 220/325/58
f 222/316/57 229/331/59 230/326/60
f 220/325/58 227/333/64 228/327/61
f 219/321/56 218/313/88 225/328/65
f 223/322/54 230/6452/60 231/330/63
f 221/319/55 228/327/61 229/331/59
f 219/332/56 226/337/62 227/333/64
f 231/330/63 230/6452/60 237/334/71
f 228/327/61 235/341/67 236/336/68
f 226/337/62 233/6453/72 234/338/69
f 229/331/59 236/336/68 237/340/71
f 227/333/64 234/338/69 235/341/67
f 225/328/65 232/339/70 233/342/72
f 235/343/67 242/353/73 243/344/74
f 233/346/72 240/362/79 241/347/75
f 237/351/71 236/345/68 243/344/74
f 234/348/69 241/347/75 242/353/73
f 232/339/70 239/349/76 240/354/79
f 238/335/66 237/334/71 244/355/78
f 244/352/78 243/344/74 250/357/84
f 241/347/75 248/363/85 249/359/82
f 240/354/79 239/349/76 246/360/90
f 244/355/78 251/365/81 252/356/80
f 242/353/73 249/359/82 250/357/84
f 240/362/79 247/367/83 248/363/85
f 248/363/85 255/368/4 256/364/6
f 246/360/90 253/262/7 254/253/9
f 251/365/81 258/256/3 174/258/11
f 249/359/82 256/364/6 257/366/1
f 247/367/83 254/6454/9 255/368/4
f 251/358/81 250/357/84 257/366/1
f 344/370/3 343/382/1 266/371/12
f 341/373/4 264/384/13 265/374/5
f 340/376/9 339/385/7 262/377/15
f 344/379/3 267/388/2 268/380/10
f 342/375/6 265/374/5 266/371/12
f 340/383/9 263/391/8 264/384/13
f 267/388/2 274/404/21 275/389/17
f 265/374/5 272/395/22 273/390/18
f 263/391/8 270/397/23 271/392/19
f 266/371/12 273/390/18 274/394/21
f 264/384/13 271/392/19 272/395/22
f 262/377/15 269/393/20 270/396/23
f 270/397/23 277/6455/29 278/398/24
f 273/390/18 280/405/30 281/401/27
f 271/392/19 278/398/24 279/402/28
f 269/393/20 276/399/25 277/403/29
f 274/404/21 281/415/27 282/400/26
f 272/395/22 279/402/28 280/405/30
f 280/407/30 287/416/35 288/408/32
f 278/410/24 285/418/36 286/411/33
f 277/403/29 276/399/25 283/413/37
f 281/415/27 288/6456/32 289/406/31
f 279/412/28 286/411/33 287/416/35
f 277/417/29 284/424/34 285/418/36
f 284/414/34 283/413/37 290/419/91
f 289/406/31 288/6456/32 295/421/44
f 286/411/33 293/427/40 294/423/41
f 284/424/34 291/6457/38 292/425/42
f 288/408/32 287/416/35 294/423/41
f 285/418/36 292/425/42 293/427/40
f 295/421/44 302/6458/50 303/428/45
f 293/427/40 300/434/46 301/429/47
f 292/425/42 291/6457/38 298/430/51
f 294/423/41 301/429/47 302/433/50
f 292/425/42 299/431/48 300/434/46
f 291/420/38 290/419/91 297/432/49
f 301/438/47 308/446/57 309/439/54
f 299/441/48 306/448/58 307/442/55
f 298/435/51 297/432/49 304/436/52
f 303/428/45 302/6458/50 309/445/54
f 300/443/46 307/442/55 308/446/57
f 298/447/51 305/455/56 306/448/58
f 309/439/54 308/446/57 315/449/59
f 306/448/58 313/456/64 314/451/61
f 305/444/56 304/436/52 311/452/65
f 309/445/54 316/6459/60 317/454/63
f 307/442/55 314/451/61 315/449/59
f 305/455/56 312/460/62 313/456/64
f 317/454/63 316/6459/60 323/457/71
f 314/451/61 321/464/67 322/459/68
f 312/460/62 319/6460/72 320/461/69
f 315/449/59 322/459/68 323/463/71
f 313/456/64 320/461/69 321/464/67
f 311/452/65 318/462/70 319/465/72
f 321/466/67 328/476/73 329/467/74
f 319/469/72 326/484/79 327/470/75
f 322/468/68 329/467/74 330/474/78
f 320/471/69 327/470/75 328/476/73
f 319/465/72 318/462/70 325/472/76
f 323/457/71 330/483/78 331/473/77
f 330/474/78 329/467/74 336/479/84
f 327/470/75 334/485/85 335/481/82
f 325/472/76 332/486/90 333/482/83
f 330/483/78 337/488/81 338/478/80
f 329/467/74 328/476/73 335/481/82
f 326/484/79 333/490/83 334/485/85
f 334/485/85 341/491/4 342/487/6
f 332/486/90 339/385/7 340/376/9
f 337/488/81 344/379/3 260/381/11
f 335/481/82 342/487/6 343/489/1
f 333/490/83 340/6461/9 341/491/4
f 337/480/81 336/479/84 343/489/1
f 625/537/112 404/585/135 405/538/113
f 618/540/115 397/566/136 398/541/116
f 626/539/114 405/538/113 406/543/118
f 620/545/120 619/836/117 398/546/116
f 627/544/119 406/543/118 407/548/122
f 620/545/120 399/547/121 400/550/124
f 621/551/125 400/550/124 401/553/126
f 622/554/6 401/553/126 402/555/127
f 624/560/131 623/556/128 402/555/127
f 617/562/133 616/557/129 395/559/130
f 624/560/131 403/561/132 404/564/135
f 618/540/115 617/562/133 396/563/134
f 405/538/113 418/586/148 419/567/137
f 398/568/116 411/588/149 412/569/138
f 406/543/118 419/567/137 420/571/139
f 399/570/121 412/569/138 413/572/140
f 400/573/124 413/572/140 414/574/141
f 401/575/126 414/574/141 415/576/142
f 402/577/127 415/576/142 416/579/144
f 395/559/130 408/578/143 409/581/145
f 403/580/132 416/579/144 417/582/146
f 396/563/134 409/581/145 410/584/147
f 404/585/135 417/6462/146 418/586/148
f 397/566/136 410/584/147 411/587/149
f 411/588/149 424/602/160 425/589/150
f 419/567/137 432/603/161 433/590/151
f 413/572/140 412/569/138 425/589/150
f 413/572/140 426/591/152 427/592/22
f 415/576/142 414/574/141 427/592/22
f 415/576/142 428/593/153 429/595/155
f 408/578/143 421/594/154 422/596/156
f 416/579/144 429/595/155 430/597/157
f 410/584/147 409/581/145 422/596/156
f 418/586/148 417/6462/146 430/599/157
f 410/601/147 423/6463/158 424/602/160
f 418/586/148 431/600/159 432/603/161
f 432/603/161 445/617/173 446/604/162
f 425/589/150 438/618/174 439/605/163
f 426/591/152 439/605/163 440/606/164
f 428/593/153 427/592/22 440/606/164
f 429/595/155 428/593/153 441/607/165
f 421/594/154 434/608/166 435/610/168
f 429/595/155 442/609/167 443/611/169
f 422/596/156 435/610/168 436/612/170
f 431/600/159 430/599/157 443/613/169
f 423/598/158 436/612/170 437/615/172
f 431/600/159 444/614/171 445/617/173
f 424/602/160 437/6464/172 438/618/174
f 439/605/163 452/632/187 453/620/176
f 441/607/165 440/606/164 453/620/176
f 441/607/165 454/621/177 455/623/179
f 434/608/166 447/622/178 448/624/180
f 442/609/167 455/623/179 456/625/181
f 435/610/168 448/624/180 449/626/182
f 443/613/169 456/645/181 457/627/183
f 436/612/170 449/626/182 450/628/184
f 444/614/171 457/627/183 458/629/185
f 438/618/174 437/6464/172 450/630/184
f 446/604/162 445/617/173 458/629/185
f 438/618/174 451/631/186 452/632/187
f 452/633/187 465/653/199 466/634/33
f 453/635/176 466/634/33 467/636/188
f 454/637/177 467/636/188 468/639/190
f 447/622/178 460/638/189 461/641/191
f 455/640/179 468/639/190 469/642/192
f 448/624/180 461/641/191 462/644/193
f 456/645/181 469/6465/192 470/646/194
f 449/626/182 462/644/193 463/647/195
f 457/627/183 470/646/194 471/648/196
f 451/649/186 450/6466/184 463/650/195
f 458/629/185 471/648/196 472/652/198
f 451/649/186 464/651/197 465/653/199
f 466/634/33 479/668/212 480/654/200
f 468/639/190 467/636/188 480/654/200
f 461/641/191 460/638/189 473/655/201
f 468/639/190 481/656/202 482/658/204
f 461/641/191 474/657/203 475/659/205
f 470/646/194 469/6465/192 482/660/204
f 462/644/193 475/659/205 476/662/207
f 470/646/194 483/661/206 484/663/208
f 464/651/197 463/650/195 476/664/207
f 471/648/196 484/663/208 485/666/210
f 464/651/197 477/665/209 478/667/211
f 465/653/199 478/667/211 479/668/212
f 480/654/200 479/668/212 492/669/213
f 481/656/202 480/654/200 493/670/214
f 473/655/201 486/671/215 487/673/217
f 481/656/202 494/672/216 495/674/218
f 474/657/203 487/673/217 488/675/219
f 482/658/204 495/674/218 496/676/220
f 475/678/205 488/6467/219 489/679/221
f 483/661/206 496/692/220 497/680/222
f 477/665/209 476/664/207 489/679/221
f 485/666/210 484/663/208 497/680/222
f 477/665/209 490/681/223 491/683/225
f 478/667/211 491/683/225 492/669/213
f 494/672/216 493/670/214 506/684/226
f 487/673/217 486/671/215 499/686/228
f 494/672/216 507/685/227 508/688/230
f 488/675/219 487/673/217 500/687/229
f 495/690/218 508/6468/230 509/691/232
f 488/675/219 501/689/231 502/693/233
f 496/692/220 509/691/232 510/695/234
f 489/679/221 502/707/233 503/696/235
f 497/680/222 510/695/234 511/697/236
f 490/681/223 503/696/235 504/698/237
f 491/683/225 504/698/237 505/699/46
f 493/670/214 492/669/213 505/699/46
f 499/686/228 512/713/249 513/700/238
f 507/685/227 520/714/250 521/701/239
f 500/687/229 513/700/238 514/702/240
f 509/691/232 508/6468/230 521/703/239
f 501/689/231 514/702/240 515/705/242
f 509/691/232 522/704/241 523/706/243
f 502/707/233 515/6469/242 516/708/244
f 511/697/236 510/695/234 523/706/243
f 503/696/235 516/708/244 517/710/246
f 504/698/237 517/710/246 518/711/247
f 506/684/226 505/699/46 518/711/247
f 507/685/227 506/684/226 519/712/248
f 520/715/250 533/734/262 534/716/251
f 513/700/238 526/735/263 527/718/252
f 522/704/241 521/703/239 534/719/251
f 514/702/240 527/718/252 528/721/254
f 523/706/243 522/704/241 535/720/253
f 516/723/244 515/6470/242 528/724/254
f 523/706/243 536/722/255 537/726/257
f 516/723/244 529/725/256 530/727/258
f 517/728/246 530/727/258 531/729/259
f 518/730/247 531/729/259 532/731/260
f 520/715/250 519/732/248 532/731/260
f 512/713/249 525/733/261 526/735/263
f 526/735/263 539/749/274 540/736/264
f 534/716/251 547/750/275 548/737/265
f 527/739/252 540/6471/264 541/740/266
f 535/720/253 548/751/265 549/741/267
f 529/725/256 528/724/254 541/740/266
f 536/722/255 549/741/267 550/743/269
f 529/725/256 542/742/268 543/744/270
f 530/727/258 543/744/270 544/745/61
f 531/729/259 544/745/61 545/746/271
f 533/734/262 532/731/260 545/746/271
f 526/735/263 525/733/261 538/747/272
f 533/734/262 546/748/273 547/750/275
f 548/751/265 547/6472/275 560/752/276
f 540/736/264 553/767/288 554/754/278
f 548/751/265 561/753/277 562/756/279
f 542/742/268 541/740/266 554/757/278
f 550/743/269 549/741/267 562/756/279
f 542/742/268 555/758/280 556/760/282
f 543/744/270 556/760/282 557/761/283
f 545/746/271 544/745/61 557/761/283
f 546/748/273 545/746/271 558/762/284
f 538/747/272 551/763/285 552/765/287
f 546/748/273 559/764/286 560/766/276
f 539/749/274 552/765/287 553/767/288
f 561/753/277 574/781/301 575/768/289
f 555/758/280 554/757/278 567/769/290
f 563/759/281 562/756/279 575/768/289
f 555/758/280 568/770/291 569/772/293
f 556/760/282 569/772/293 570/773/294
f 558/762/284 557/761/283 570/773/294
f 559/764/286 558/762/284 571/774/295
f 551/763/285 564/775/296 565/777/298
f 559/764/286 572/776/297 573/778/299
f 552/765/287 565/777/298 566/779/300
f 561/753/277 560/752/276 573/780/299
f 553/767/288 566/779/300 567/782/290
f 568/783/291 567/6473/290 580/784/302
f 576/771/292 575/768/289 588/786/304
f 568/783/291 581/785/303 582/788/306
f 569/789/293 582/788/306 583/790/73
f 571/792/295 570/791/294 583/790/73
f 572/795/297 571/792/295 584/793/307
f 564/775/296 577/794/308 578/797/310
f 572/795/297 585/796/309 586/798/311
f 565/777/298 578/797/310 579/800/312
f 574/781/301 573/780/299 586/801/311
f 566/779/300 579/800/312 580/803/302
f 574/781/301 587/802/313 588/786/304
f 589/787/305 588/786/304 601/804/314
f 581/785/303 594/818/326 595/806/316
f 582/788/306 595/806/316 596/807/317
f 584/793/307 583/790/73 596/807/317
f 585/796/309 584/793/307 597/808/318
f 577/794/308 590/809/319 591/811/321
f 585/796/309 598/810/320 599/812/322
f 578/797/310 591/811/321 592/813/323
f 587/802/313 586/801/311 599/814/322
f 579/800/312 592/813/323 593/816/325
f 588/786/304 587/802/313 600/815/324
f 581/785/303 580/784/302 593/817/325
f 594/818/326 607/833/339 608/819/327
f 595/806/316 608/819/327 609/821/329
f 597/808/318 596/807/317 609/821/329
f 598/810/320 597/808/318 610/822/330
f 590/809/319 603/823/331 604/825/333
f 598/810/320 611/824/332 612/826/334
f 591/811/321 604/825/333 605/827/335
f 600/828/324 599/812/322 612/826/334
f 592/830/323 605/6474/335 606/831/337
f 600/815/324 613/834/336 614/832/338
f 594/818/326 593/817/325 606/831/337
f 601/804/314 614/832/338 615/820/328
f 608/819/327 621/551/125 622/554/6
f 610/822/330 609/821/329 622/554/6
f 611/824/332 610/822/330 623/556/128
f 603/823/331 616/557/129 617/562/133
f 611/824/332 624/560/131 625/565/112
f 604/825/333 617/562/133 618/540/115
f 613/834/336 612/6475/334 625/537/112
f 605/827/335 618/540/115 619/542/117
f 613/834/336 626/539/114 627/544/119
f 607/833/339 606/831/337 619/836/117
f 614/832/338 627/544/119 628/549/123
f 607/833/339 620/545/120 621/551/125
f 637/837/340 640/3745/1639 641/838/341
f 642/840/343 641/6476/2652 640/841/344
f 643/843/346 641/6476/2652 642/840/343
f 644/845/348 647/6477/2653 648/846/349
f 649/848/351 648/6478/2654 647/849/352
f 650/851/354 648/6478/2654 649/848/351
f 651/853/356 654/3728/1626 655/854/357
f 656/856/359 655/6479/2655 654/857/360
f 657/859/362 655/6479/2655 656/856/359
f 658/861/364 661/3730/1627 662/862/365
f 663/864/367 662/6480/2656 661/865/368
f 664/867/370 662/6480/2656 663/864/367
f 665/869/372 668/6481/1641 669/870/373
f 670/872/375 669/6482/2657 668/873/376
f 671/875/378 669/6482/2657 670/872/375
f 672/877/380 675/3732/1629 676/878/381
f 677/880/383 676/6483/2658 675/881/384
f 678/883/386 676/6483/2658 677/880/383
f 679/885/388 682/3731/1628 683/886/389
f 684/888/391 683/6484/2659 682/889/392
f 685/891/394 683/6485/2659 684/892/391
f 686/894/396 689/3734/1631 690/895/397
f 691/897/399 690/6486/2660 689/898/400
f 692/900/402 690/6487/2660 691/901/399
f 693/903/404 696/3733/1630 697/904/405
f 698/906/407 697/6488/2661 696/907/408
f 699/909/410 697/6488/2661 698/906/407
f 700/911/412 703/3735/1632 704/912/413
f 705/914/415 704/6489/2662 703/915/416
f 706/917/418 704/6489/2662 705/914/415
f 707/919/420 710/6490/2663 711/920/421
f 712/922/423 711/6491/2664 710/923/424
f 713/925/426 711/6491/2664 712/922/423
f 714/927/428 717/3740/1634 718/928/429
f 719/930/431 718/6492/2665 717/931/432
f 720/933/434 718/6492/2665 719/930/431
f 721/935/436 724/3738/1633 725/936/437
f 726/938/439 725/6493/2666 724/939/440
f 727/941/442 725/6493/2666 726/938/439
f 728/943/444 731/3742/1636 732/944/445
f 733/946/447 732/6494/2667 731/947/448
f 734/949/450 732/6494/2667 733/946/447
f 735/951/452 738/3741/1635 739/952/453
f 740/954/455 739/6495/2668 738/955/456
f 741/957/458 739/6495/2668 740/954/455
f 742/959/460 745/6496/2669 746/960/461
f 747/962/463 746/6497/2670 745/963/464
f 748/965/466 746/6497/2670 747/962/463
f 749/967/468 752/3743/1637 753/968/469
f 754/970/471 753/6498/2671 752/971/472
f 755/973/474 753/6499/2671 754/974/471
f 756/976/476 759/3744/1638 760/977/477
f 761/979/479 760/6500/2672 759/980/480
f 762/982/482 760/6501/2672 761/983/479
f 763/985/484 766/6502/1649 767/986/485
f 768/988/487 767/6503/2673 766/989/488
f 769/991/490 767/6503/2673 768/988/487
f 770/993/492 773/3746/1640 774/994/493
f 775/996/495 774/6504/2674 773/997/496
f 776/999/498 774/6504/2674 775/996/495
f 777/1001/340 780/6505/1639 781/1002/500
f 782/1004/343 781/6506/2652 780/1005/344
f 783/1007/346 781/6506/2652 782/1004/343
f 784/1009/348 787/6507/2653 788/1010/501
f 789/1012/351 788/6508/2675 787/1013/352
f 790/1015/354 788/6508/2675 789/1012/351
f 791/1017/356 794/3749/1626 795/1018/357
f 796/1020/359 795/6509/2676 794/1021/360
f 797/1023/362 795/6509/2676 796/1020/359
f 798/1025/364 801/3752/1642 802/1026/503
f 803/1028/367 802/6510/2656 801/1029/505
f 804/1031/370 802/6510/2656 803/1028/367
f 805/1033/372 808/3751/1641 809/1034/373
f 810/1036/375 809/6511/2677 808/1037/376
f 811/1039/378 809/6511/2677 810/1036/375
f 812/1041/507 815/6512/2678 816/1042/381
f 817/1044/383 816/6513/2658 815/1045/509
f 818/1047/386 816/6513/2658 817/1044/383
f 819/1049/511 822/6514/2679 823/1050/512
f 824/1052/391 823/6515/2659 822/1053/392
f 825/1055/394 823/6516/2659 824/1056/391
f 826/1058/513 829/3754/1644 830/1059/514
f 831/1061/399 830/6517/2680 829/1062/400
f 832/1064/516 830/6518/2680 831/1065/399
f 833/1067/404 836/3753/1643 837/1068/405
f 838/1070/407 837/6519/2661 836/1071/408
f 839/1073/410 837/6519/2661 838/1070/407
f 840/1075/412 843/3755/1632 844/1076/519
f 845/1078/415 844/6520/2662 843/1079/416
f 846/1081/418 844/6520/2662 845/1078/415
f 847/1083/420 850/6521/2663 851/1084/521
f 852/1086/423 851/6522/2664 850/1087/424
f 853/1089/426 851/6522/2664 852/1086/423
f 854/1091/428 857/3760/1634 858/1092/522
f 859/1094/431 858/6523/2665 857/1095/432
f 860/1097/434 858/6523/2665 859/1094/431
f 861/1099/436 864/3758/1633 865/1100/437
f 866/1102/439 865/6524/2666 864/1103/440
f 867/1105/442 865/6524/2666 866/1102/439
f 868/1107/444 871/3762/1646 872/1108/523
f 873/1110/447 872/6525/2667 871/1111/448
f 874/1113/450 872/6525/2667 873/1110/447
f 875/1115/452 878/3761/1645 879/1116/524
f 880/1118/455 879/6526/2681 878/1119/456
f 881/1121/458 879/6526/2681 880/1118/455
f 882/1123/525 885/3764/1648 886/1124/461
f 887/1126/463 886/6527/2670 885/1127/527
f 888/1129/466 886/6527/2670 887/1126/463
f 889/1131/468 892/3763/1647 893/1132/529
f 894/1134/471 893/6528/2682 892/1135/472
f 895/1137/530 893/6529/2682 894/1138/471
f 896/1140/531 899/3766/1638 900/1141/477
f 901/1143/479 900/6530/2683 899/1144/533
f 902/1146/482 900/6531/2683 901/1147/479
f 903/1149/484 906/3765/1649 907/1150/485
f 908/1152/487 907/6532/2673 906/1153/488
f 909/1155/490 907/6532/2673 908/1152/487
f 910/1157/492 913/3767/1640 914/1158/534
f 915/1160/495 914/6533/2684 913/1161/496
f 916/1163/498 914/6533/2684 915/1160/495
f 1253/1165/536 1256/4266/1809 1257/1166/537
f 1254/1168/539 1258/1172/1791 1257/1169/540
f 1255/1171/542 1259/4249/1790 1257/1169/543
f 1260/1173/545 1263/6534/1811 1264/1174/546
f 1261/1176/548 1265/4252/1793 1264/1177/549
f 1262/1179/551 1266/1175/1792 1264/1174/552
f 1267/1181/554 1270/4248/1789 1271/1182/555
f 1268/1184/557 1272/1188/1796 1271/1185/558
f 1269/1187/560 1273/4255/1798 1271/1185/561
f 1274/1189/563 1277/4258/1799 1278/1190/564
f 1275/1192/566 1279/1196/1795 1278/1193/567
f 1276/1195/569 1280/6535/1794 1278/1193/570
f 1281/1197/572 1284/4260/1803 1285/1198/573
f 1282/1200/575 1286/1204/1808 1285/1201/576
f 1283/1203/578 1287/6536/1812 1285/1201/579
f 1288/1205/581 1291/4269/1810 1292/1206/582
f 1289/1208/584 1293/1212/1807 1292/1209/585
f 1290/1211/587 1294/6537/1806 1292/1209/588
f 1295/1213/590 1298/4254/1797 1299/1214/591
f 1296/1216/593 1300/1220/1802 1299/1217/594
f 1297/1219/596 1301/4261/1804 1299/1217/597
f 1302/1221/599 1305/4264/1805 1306/1222/600
f 1303/1224/602 1307/1228/1801 1306/1225/603
f 1304/1227/605 1308/6538/1800 1306/1225/606
f 1309/1229/536 1312/4288/1809 1313/1230/537
f 1310/1232/539 1314/1236/1791 1313/1233/540
f 1311/1235/542 1315/4272/1790 1313/1233/543
f 1316/1237/545 1319/6539/1811 1320/1238/546
f 1317/1240/548 1321/4275/1793 1320/1241/549
f 1318/1243/551 1322/1239/1792 1320/1238/552
f 1323/1245/554 1326/4271/1789 1327/1246/555
f 1324/1248/557 1328/1252/1796 1327/1249/558
f 1325/1251/560 1329/6540/1798 1327/1249/561
f 1330/1253/563 1333/4280/1799 1334/1254/564
f 1331/1256/566 1335/1260/1795 1334/1257/567
f 1332/1259/569 1336/6541/1794 1334/1257/570
f 1337/1261/572 1340/4282/1803 1341/1262/573
f 1338/1264/575 1342/1268/1808 1341/1265/576
f 1339/1267/578 1343/4289/1812 1341/1265/579
f 1344/1269/581 1347/4292/1810 1348/1270/582
f 1345/1272/584 1349/1276/1807 1348/1273/585
f 1346/1275/587 1350/6542/1806 1348/1273/588
f 1351/1277/590 1354/4277/1797 1355/1278/591
f 1352/1280/593 1356/1284/1802 1355/1281/594
f 1353/1283/596 1357/4283/1804 1355/1281/597
f 1358/1285/599 1361/4286/1805 1362/1286/600
f 1359/1288/602 1363/1292/1801 1362/1289/603
f 1360/1291/605 1364/6543/1800 1362/1289/606
f 1365/1293/536 1368/4312/1809 1369/1294/537
f 1366/1296/539 1370/1300/1791 1369/1297/540
f 1367/1299/542 1371/4295/1790 1369/1297/543
f 1372/1301/545 1375/6544/1811 1376/1302/546
f 1373/1304/548 1377/4298/1793 1376/1305/549
f 1374/1307/551 1378/1303/1792 1376/1302/552
f 1379/1309/554 1382/4294/1789 1383/1310/555
f 1380/1312/557 1384/1316/1796 1383/1313/558
f 1381/1315/560 1385/4301/1798 1383/1313/561
f 1386/1317/563 1389/4304/1799 1390/1318/564
f 1387/1320/566 1391/1324/1813 1390/1321/609
f 1388/1323/569 1392/6545/1794 1390/1321/570
f 1393/1325/572 1396/4306/1803 1397/1326/573
f 1394/1328/575 1398/1332/1808 1397/1329/576
f 1395/1331/578 1399/4313/1812 1397/1329/579
f 1400/1333/581 1403/4316/1810 1404/1334/582
f 1401/1336/584 1405/1340/1807 1404/1337/585
f 1402/1339/587 1406/6546/1806 1404/1337/588
f 1407/1341/590 1410/4300/1797 1411/1342/591
f 1408/1344/593 1412/1348/1814 1411/1345/594
f 1409/1347/596 1413/4307/1804 1411/1345/597
f 1414/1349/599 1417/4310/1805 1418/1350/600
f 1415/1352/602 1419/1356/1801 1418/1353/603
f 1416/1355/605 1420/6547/1800 1418/1353/606
f 1421/1357/536 1424/4336/1809 1425/1358/537
f 1422/1360/539 1426/1364/1791 1425/1361/540
f 1423/1363/542 1427/4319/1790 1425/1361/543
f 1428/1365/545 1431/6548/1811 1432/1366/546
f 1429/1368/548 1433/4322/1793 1432/1369/549
f 1430/1371/551 1434/1367/1792 1432/1366/552
f 1435/1373/554 1438/4318/1789 1439/1374/555
f 1436/1376/557 1440/1380/1796 1439/1377/558
f 1437/1379/560 1441/4325/1798 1439/1377/561
f 1442/1381/563 1445/4328/1799 1446/1382/564
f 1443/1384/566 1447/1388/1813 1446/1385/567
f 1444/1387/569 1448/6549/1794 1446/1385/570
f 1449/1389/572 1452/4330/1803 1453/1390/573
f 1450/1392/575 1454/1396/1808 1453/1393/576
f 1451/1395/578 1455/4337/1812 1453/1393/579
f 1456/1397/581 1459/4340/1810 1460/1398/582
f 1457/1400/584 1461/1404/1807 1460/1401/585
f 1458/1403/587 1462/6550/1806 1460/1401/588
f 1463/1405/590 1466/4324/1797 1467/1406/591
f 1464/1408/593 1468/1412/1814 1467/1409/594
f 1465/1411/596 1469/4331/1804 1467/1409/597
f 1470/1413/599 1473/4334/1805 1474/1414/600
f 1471/1416/602 1475/1420/1801 1474/1417/603
f 1472/1419/605 1476/6551/1800 1474/1417/611
f 2493/1757/536 2496/5314/1809 2497/1758/537
f 2494/1760/539 2498/1764/1791 2497/1761/540
f 2495/1763/542 2499/5299/1790 2497/1761/543
f 2500/1765/545 2503/6552/1811 2504/1766/546
f 2501/1768/548 2505/5302/1793 2504/1769/549
f 2502/1771/551 2506/1767/1792 2504/1766/552
f 2507/1773/554 2510/5298/1789 2511/1774/787
f 2508/1776/557 2512/1780/2438 2511/1777/788
f 2509/1779/560 2513/6553/1798 2511/1777/789
f 2514/1781/563 2517/5307/1799 2518/1782/790
f 2515/1784/566 2519/1788/1795 2518/1785/567
f 2516/1787/569 2520/6554/1794 2518/1785/570
f 2521/1789/572 2524/5309/1803 2525/1790/573
f 2522/1792/575 2526/1796/1808 2525/1793/576
f 2523/1795/578 2527/5315/1812 2525/1793/579
f 2528/1797/581 2531/5318/1810 2532/1798/582
f 2529/1800/584 2533/1804/1807 2532/1801/585
f 2530/1803/587 2534/6555/1806 2532/1801/588
f 2535/1805/590 2538/5304/1797 2539/1806/591
f 2536/1808/593 2540/1812/1802 2539/1809/791
f 2537/1811/596 2541/6556/1804 2539/1809/597
f 2542/1813/599 2545/5312/1805 2546/1814/600
f 2543/1816/602 2547/1820/1801 2546/1817/603
f 2544/1819/605 2548/6557/1800 2546/1817/606
f 2549/1821/536 2552/5337/1809 2553/1822/537
f 2550/1824/539 2554/1828/1791 2553/1825/540
f 2551/1827/542 2555/5321/1790 2553/1825/543
f 2556/1829/545 2559/6558/1811 2560/1830/546
f 2557/1832/548 2561/5324/1793 2560/1833/549
f 2558/1835/551 2562/1831/1792 2560/1830/552
f 2563/1837/554 2566/5320/1789 2567/1838/555
f 2564/1840/557 2568/1844/1796 2567/1841/558
f 2565/1843/560 2569/5327/1798 2567/1841/561
f 2570/1845/563 2573/5330/1799 2574/1846/790
f 2571/1848/566 2575/1852/1795 2574/1849/567
f 2572/1851/569 2576/6559/1794 2574/1849/570
f 2577/1853/572 2580/5332/1803 2581/1854/573
f 2578/1856/575 2582/1860/1808 2581/1857/576
f 2579/1859/578 2583/5338/1812 2581/1857/579
f 2584/1861/581 2587/5341/1810 2588/1862/582
f 2585/1864/584 2589/1868/1807 2588/1865/585
f 2586/1867/587 2590/6560/1806 2588/1865/588
f 2591/1869/590 2594/5326/1797 2595/1870/591
f 2592/1872/593 2596/1876/1802 2595/1873/791
f 2593/1875/596 2597/6561/1804 2595/1873/597
f 2598/1877/599 2601/5335/1805 2602/1878/600
f 2599/1880/602 2603/1884/1801 2602/1881/603
f 2600/1883/605 2604/6562/1800 2602/1881/606
f 2605/1885/536 2608/5360/1809 2609/1886/537
f 2606/1888/539 2610/1892/1791 2609/1889/540
f 2607/1891/542 2611/5344/1790 2609/1889/543
f 2612/1893/545 2615/6563/1811 2616/1894/546
f 2613/1896/548 2617/5347/1793 2616/1897/549
f 2614/1899/551 2618/1895/1792 2616/1894/552
f 2619/1901/554 2622/5343/1789 2623/1902/555
f 2620/1904/557 2624/1908/1796 2623/1905/558
f 2621/1907/560 2625/5350/1798 2623/1905/561
f 2626/1909/563 2629/5353/1799 2630/1910/790
f 2627/1912/566 2631/1916/1795 2630/1913/567
f 2628/1915/569 2632/6564/1794 2630/1913/570
f 2633/1917/572 2636/5355/1803 2637/1918/573
f 2634/1920/575 2638/1924/1808 2637/1921/576
f 2635/1923/578 2639/5361/1812 2637/1921/579
f 2640/1925/581 2643/5364/1810 2644/1926/582
f 2641/1928/584 2645/1932/1807 2644/1929/585
f 2642/1931/587 2646/6565/1806 2644/1929/588
f 2647/1933/590 2650/5349/1797 2651/1934/591
f 2648/1936/593 2652/1940/1802 2651/1937/791
f 2649/1939/596 2653/6566/1804 2651/1937/597
f 2654/1941/599 2657/5358/1805 2658/1942/600
f 2655/1944/602 2659/1948/1801 2658/1945/603
f 2656/1947/605 2660/6567/1800 2658/1945/606
f 2661/1949/536 2664/5383/1809 2665/1950/537
f 2662/1952/539 2666/1956/1791 2665/1953/540
f 2663/1955/542 2667/5367/1790 2665/1953/543
f 2668/1957/545 2671/6568/1811 2672/1958/546
f 2669/1960/548 2673/5370/1793 2672/1961/549
f 2670/1963/551 2674/1959/1792 2672/1958/552
f 2675/1965/554 2678/5366/1789 2679/1966/555
f 2676/1968/557 2680/1972/1796 2679/1969/558
f 2677/1971/560 2681/5373/1798 2679/1969/561
f 2682/1973/563 2685/5376/1799 2686/1974/790
f 2683/1976/566 2687/1980/1795 2686/1977/567
f 2684/1979/569 2688/6569/1794 2686/1977/570
f 2689/1981/572 2692/5378/1803 2693/1982/573
f 2690/1984/575 2694/1988/1808 2693/1985/576
f 2691/1987/578 2695/5384/1812 2693/1985/579
f 2696/1989/581 2699/5387/1810 2700/1990/582
f 2697/1992/584 2701/1996/1807 2700/1993/585
f 2698/1995/587 2702/6570/1806 2700/1993/588
f 2703/1997/590 2706/5372/1797 2707/1998/591
f 2704/2000/593 2708/2004/1802 2707/2001/594
f 2705/2003/596 2709/6571/1804 2707/2001/597
f 2710/2005/599 2713/5381/1805 2714/2006/600
f 2711/2008/602 2715/2012/1801 2714/2009/603
f 2712/2011/605 2716/6572/1800 2714/2009/606
f 2717/2013/536 2720/5406/1809 2721/2014/537
f 2718/2016/539 2722/2020/1791 2721/2017/540
f 2719/2019/542 2723/5390/1790 2721/2017/543
f 2724/2021/545 2727/6573/1811 2728/2022/546
f 2725/2024/548 2729/5393/1793 2728/2025/549
f 2726/2027/551 2730/2023/1792 2728/2022/552
f 2731/2029/554 2734/5389/1789 2735/2030/555
f 2732/2032/557 2736/2036/1796 2735/2033/558
f 2733/2035/560 2737/5396/1798 2735/2033/561
f 2738/2037/563 2741/5399/1799 2742/2038/790
f 2739/2040/566 2743/2044/1795 2742/2041/567
f 2740/2043/569 2744/6574/1794 2742/2041/570
f 2745/2045/572 2748/5401/1803 2749/2046/573
f 2746/2048/575 2750/2052/1808 2749/2049/576
f 2747/2051/578 2751/5407/1812 2749/2049/579
f 2752/2053/581 2755/5410/1810 2756/2054/582
f 2753/2056/584 2757/2060/1807 2756/2057/585
f 2754/2059/587 2758/6575/1806 2756/2057/588
f 2759/2061/590 2762/5395/1797 2763/2062/591
f 2760/2064/593 2764/2068/1802 2763/2065/791
f 2761/2067/596 2765/6576/1804 2763/2065/597
f 2766/2069/599 2769/5404/1805 2770/2070/600
f 2767/2072/602 2771/2076/1801 2770/2073/603
f 2768/2075/605 2772/6577/1800 2770/2073/606
f 2773/2077/536 2776/5429/1809 2777/2078/537
f 2774/2080/539 2778/2084/1791 2777/2081/540
f 2775/2083/542 2779/5413/1790 2777/2081/543
f 2780/2085/545 2783/6578/1811 2784/2086/546
f 2781/2088/548 2785/5416/1793 2784/2089/549
f 2782/2091/551 2786/2087/1792 2784/2086/552
f 2787/2093/554 2790/5412/1789 2791/2094/555
f 2788/2096/557 2792/2100/1796 2791/2097/558
f 2789/2099/560 2793/5419/1798 2791/2097/561
f 2794/2101/563 2797/5422/1799 2798/2102/790
f 2795/2104/566 2799/2108/1795 2798/2105/567
f 2796/2107/569 2800/6579/1794 2798/2105/570
f 2801/2109/572 2804/5424/1803 2805/2110/573
f 2802/2112/575 2806/2116/1808 2805/2113/576
f 2803/2115/578 2807/5430/1812 2805/2113/579
f 2808/2117/581 2811/5433/1810 2812/2118/582
f 2809/2120/584 2813/2124/1807 2812/2121/585
f 2810/2123/587 2814/6580/1806 2812/2121/588
f 2815/2125/590 2818/5418/1797 2819/2126/591
f 2816/2128/593 2820/2132/1802 2819/2129/791
f 2817/2131/596 2821/6581/1804 2819/2129/597
f 2822/2133/599 2825/5427/1805 2826/2134/600
f 2823/2136/602 2827/2140/1801 2826/2137/603
f 2824/2139/605 2828/6582/1800 2826/2137/606
f 2829/2141/536 2832/5452/1809 2833/2142/537
f 2830/2144/539 2834/2148/1791 2833/2145/540
f 2831/2147/542 2835/5436/1790 2833/2145/543
f 2836/2149/545 2839/6583/1811 2840/2150/546
f 2837/2152/548 2841/5439/1793 2840/2153/549
f 2838/2155/551 2842/2151/1792 2840/2150/552
f 2843/2157/554 2846/5435/1789 2847/2158/555
f 2844/2160/557 2848/2164/1796 2847/2161/558
f 2845/2163/560 2849/5442/1798 2847/2161/561
f 2850/2165/563 2853/5445/1799 2854/2166/790
f 2851/2168/566 2855/2172/1795 2854/2169/567
f 2852/2171/569 2856/6584/1794 2854/2169/570
f 2857/2173/572 2860/5447/1803 2861/2174/573
f 2858/2176/575 2862/2180/1808 2861/2177/576
f 2859/2179/578 2863/5453/1812 2861/2177/579
f 2864/2181/581 2867/5456/1810 2868/2182/582
f 2865/2184/584 2869/2188/1807 2868/2185/585
f 2866/2187/587 2870/6585/1806 2868/2185/588
f 2871/2189/590 2874/5441/1797 2875/2190/591
f 2872/2192/593 2876/2196/1802 2875/2193/791
f 2873/2195/596 2877/6586/1804 2875/2193/597
f 2878/2197/599 2881/5450/1805 2882/2198/600
f 2879/2200/602 2883/2204/1801 2882/2201/603
f 2880/2203/605 2884/6587/1800 2882/2201/606
f 2885/2205/536 2888/5475/1809 2889/2206/537
f 2886/2208/539 2890/2212/1791 2889/2209/540
f 2887/2211/542 2891/5459/1790 2889/2209/543
f 2892/2213/545 2895/6588/1811 2896/2214/546
f 2893/2216/548 2897/5462/1793 2896/2217/549
f 2894/2219/551 2898/2215/1792 2896/2214/552
f 2899/2221/554 2902/5458/1789 2903/2222/555
f 2900/2224/557 2904/2228/1796 2903/2225/558
f 2901/2227/560 2905/5465/1798 2903/2225/561
f 2906/2229/563 2909/5468/1799 2910/2230/790
f 2907/2232/566 2911/2236/1795 2910/2233/567
f 2908/2235/569 2912/6589/1794 2910/2233/570
f 2913/2237/572 2916/5470/1803 2917/2238/792
f 2914/2240/575 2918/2244/2440 2917/2241/793
f 2915/2243/578 2919/6590/1812 2917/2241/579
f 2920/2245/581 2923/5478/1810 2924/2246/582
f 2921/2248/584 2925/2252/1807 2924/2249/585
f 2922/2251/587 2926/6591/1806 2924/2249/588
f 2927/2253/590 2930/5464/1797 2931/2254/591
f 2928/2256/593 2932/2260/1802 2931/2257/594
f 2929/2259/596 2933/6592/1804 2931/2257/597
f 2934/2261/599 2937/5473/1805 2938/2262/795
f 2935/2264/602 2939/2268/2439 2938/2265/796
f 2936/2267/605 2940/6593/1800 2938/2265/611
f 2941/2269/797 2944/6594/2685 2945/2270/798
f 2946/2272/800 2945/6595/2686 2944/2273/801
f 2947/2275/803 2945/6595/2686 2946/2272/800
f 2948/2277/805 2951/5484/2442 2952/2278/806
f 2953/2280/808 2952/6596/2687 2951/2281/809
f 2954/2283/811 2952/6596/2687 2953/2280/808
f 2955/2285/813 2958/5482/2441 2959/2286/814
f 2960/2288/816 2959/6597/2688 2958/2289/817
f 2961/2291/819 2959/6597/2688 2960/2288/816
f 2962/2293/821 2965/5485/2443 2966/2294/822
f 2967/2296/824 2966/6598/2689 2965/2297/825
f 2968/2299/827 2966/6598/2689 2967/2296/824
f 2969/2301/829 2972/6599/2690 2973/2302/830
f 2974/2304/832 2973/6600/2691 2972/2305/833
f 2975/2307/835 2973/6600/2691 2974/2304/832
f 2976/2309/837 2979/5486/2444 2980/2310/838
f 2981/2312/840 2980/6601/2692 2979/2313/841
f 2982/2315/843 2980/6601/2692 2981/2312/840
f 2983/2317/845 2986/6602/2693 2987/2318/846
f 2988/2320/848 2987/6603/2694 2986/2321/849
f 2989/2323/851 2987/6603/2694 2988/2320/848
f 2990/2325/853 2993/5491/2446 2994/2326/854
f 2995/2328/856 2994/6604/2695 2993/2329/857
f 2996/2331/859 2994/6604/2695 2995/2328/856
f 2997/2333/861 3000/5489/2445 3001/2334/862
f 3002/2336/864 3001/6605/2696 3000/2337/865
f 3003/2339/867 3001/6605/2696 3002/2336/864
f 3004/2341/869 3007/5492/2447 3008/2342/870
f 3009/2344/872 3008/6606/2697 3007/2345/873
f 3010/2347/875 3008/6606/2697 3009/2344/872
f 3011/2349/877 3014/6607/2698 3015/2350/878
f 3016/2352/880 3015/6608/2699 3014/2353/881
f 3017/2355/883 3015/6608/2699 3016/2352/880
f 3018/2357/885 3021/5494/2449 3022/2358/886
f 3023/2360/888 3022/6609/2700 3021/2361/889
f 3024/2363/891 3022/6609/2700 3023/2360/888
f 3025/2365/893 3028/5493/2448 3029/2366/894
f 3030/2368/896 3029/6610/2701 3028/2369/897
f 3031/2371/899 3029/6610/2701 3030/2368/896
f 3032/2373/901 3035/5499/2451 3036/2374/902
f 3037/2376/904 3036/6611/2702 3035/2377/905
f 3038/2379/907 3036/6611/2702 3037/2376/904
f 3039/2381/909 3042/5497/2450 3043/2382/910
f 3044/2384/912 3043/6612/2703 3042/2385/913
f 3045/2387/915 3043/6612/2703 3044/2384/912
f 3046/2389/917 3049/5500/2452 3050/2390/918
f 3051/2392/920 3050/6613/2704 3049/2393/921
f 3052/2395/923 3050/6613/2704 3051/2392/920
f 3053/2397/925 3056/6614/2705 3057/2398/926
f 3058/2400/928 3057/6615/2706 3056/2401/929
f 3059/2403/931 3057/6615/2706 3058/2400/928
f 3060/2405/933 3063/5501/2453 3064/2406/934
f 3065/2408/936 3064/6616/2707 3063/2409/937
f 3066/2411/939 3064/6616/2707 3065/2408/936
f 3067/2413/941 3070/6617/2708 3071/2414/942
f 3072/2416/944 3071/6618/2709 3070/2417/945
f 3073/2419/947 3071/6618/2709 3072/2416/944
f 3074/2421/949 3077/5506/2455 3078/2422/950
f 3079/2424/952 3078/6619/2710 3077/2425/953
f 3080/2427/955 3078/6619/2710 3079/2424/952
f 3081/2429/957 3084/5504/2454 3085/2430/958
f 3086/2432/960 3085/6620/2711 3084/2433/961
f 3087/2435/963 3085/6620/2711 3086/2432/960
f 3088/2437/965 3091/5507/2456 3092/2438/966
f 3093/2440/968 3092/6621/2712 3091/2441/969
f 3094/2443/971 3092/6621/2712 3093/2440/968
f 3095/2445/973 3098/6622/2713 3099/2446/974
f 3100/2448/976 3099/6623/2714 3098/2449/977
f 3101/2451/979 3099/6623/2714 3100/2448/976
f 3102/2453/981 3105/5508/2457 3106/2454/982
f 3107/2456/984 3106/6624/2715 3105/2457/985
f 3108/2459/987 3106/6624/2715 3107/2456/984
f 3109/2461/536 3112/5527/2468 3113/2462/989
f 3110/2464/539 3114/2468/1791 3113/2465/991
f 3111/2467/542 3115/5510/2459 3113/2465/543
f 3116/2469/545 3119/6625/1811 3120/2470/992
f 3117/2472/993 3121/5513/2460 3120/2473/994
f 3118/2475/551 3122/2471/1792 3120/2470/996
f 3123/2477/554 3126/5509/2458 3127/2478/998
f 3124/2480/557 3128/2484/1796 3127/2481/558
f 3125/2483/560 3129/5516/1798 3127/2481/1001
f 3130/2485/563 3133/5519/2463 3134/2486/1002
f 3131/2488/566 3135/2492/1795 3134/2489/1004
f 3132/2491/569 3136/6626/2461 3134/2489/1005
f 3137/2493/572 3140/5521/2464 3141/2494/1006
f 3138/2496/575 3142/2500/1808 3141/2497/576
f 3139/2499/578 3143/5528/1812 3141/2497/1009
f 3144/2501/581 3147/5531/2469 3148/2502/1010
f 3145/2504/584 3149/2508/1807 3148/2505/1012
f 3146/2507/587 3150/6627/2467 3148/2505/1013
f 3151/2509/590 3154/5515/2462 3155/2510/1014
f 3152/2512/593 3156/2516/1802 3155/2513/791
f 3153/2515/596 3157/5522/2465 3155/2513/597
f 3158/2517/1016 3161/5525/2466 3162/2518/1017
f 3159/2520/602 3163/2524/1801 3162/2521/796
f 3160/2523/605 3164/6628/1800 3162/2521/1020
f 3165/2525/536 3168/5551/1809 3169/2526/537
f 3166/2528/539 3170/2532/1791 3169/2529/991
f 3167/2531/542 3171/5534/1790 3169/2529/543
f 3172/2533/545 3175/6629/1811 3176/2534/992
f 3173/2536/548 3177/5537/2460 3176/2537/1022
f 3174/2539/551 3178/2535/1792 3176/2534/552
f 3179/2541/554 3182/5533/2458 3183/2542/555
f 3180/2544/557 3184/2548/1796 3183/2545/558
f 3181/2547/560 3185/5540/1798 3183/2545/1001
f 3186/2549/563 3189/5543/2471 3190/2550/1024
f 3187/2552/566 3191/2556/1795 3190/2553/1004
f 3188/2555/569 3192/6630/2470 3190/2553/570
f 3193/2557/572 3196/5545/2464 3197/2558/573
f 3194/2560/575 3198/2564/1808 3197/2561/576
f 3195/2563/578 3199/5552/1812 3197/2561/1009
f 3200/2565/581 3203/5555/2474 3204/2566/1025
f 3201/2568/584 3205/2572/1807 3204/2569/1012
f 3202/2571/587 3206/6631/2473 3204/2569/588
f 3207/2573/590 3210/5539/1797 3211/2574/591
f 3208/2576/593 3212/2580/1802 3211/2577/791
f 3209/2579/596 3213/5546/1804 3211/2577/597
f 3214/2581/599 3217/5549/2472 3218/2582/1027
f 3215/2584/602 3219/2588/1801 3218/2585/603
f 3216/2587/605 3220/6632/1800 3218/2585/1020
f 3221/2589/1029 3224/2593/1033 3225/2590/1030
f 3222/2592/1032 3226/2595/1035 3225/2590/1030
f 3223/2594/1034 3227/2591/1031 3225/2590/1030
f 3237/2596/1036 3240/2600/1040 3241/2597/1037
f 3238/2599/1039 3242/2602/1042 3241/2597/1037
f 3239/2601/1041 3243/2598/1038 3241/2597/1037
f 3244/2603/1043 3247/2607/1047 3248/2604/1044
f 3245/2606/1046 3249/2609/1049 3248/2604/1044
f 3246/2608/1048 3250/2605/1045 3248/2604/1044
f 3260/2610/1050 3263/2614/1054 3264/2611/1051
f 3261/2613/1053 3265/2616/1056 3264/2611/1051
f 3262/2615/1055 3266/2612/1052 3264/2611/1051
f 3267/2617/1057 3270/2621/1061 3271/2618/1058
f 3268/2620/1060 3272/2623/1063 3271/2618/1058
f 3269/2622/1062 3273/2619/1059 3271/2618/1058
f 3283/2624/1064 3286/2628/1068 3287/2625/1065
f 3284/2627/1067 3288/2630/1070 3287/2625/1065
f 3285/2629/1069 3289/2626/1066 3287/2625/1065
f 3290/2631/1071 3293/2635/1075 3294/2632/1072
f 3291/2634/1074 3295/2637/1077 3294/2632/1072
f 3292/2636/1076 3296/2633/1073 3294/2632/1072
f 3306/2638/1078 3309/2642/1082 3310/2639/1079
f 3307/2641/1081 3311/2644/1084 3310/2639/1079
f 3308/2643/1083 3312/2640/1080 3310/2639/1079
f 3313/2645/1085 3316/2649/1089 3317/2646/1086
f 3314/2648/1088 3318/2651/1091 3317/2646/1086
f 3315/2650/1090 3319/2647/1087 3317/2646/1086
f 3329/2652/1092 3332/2656/1096 3333/2653/1093
f 3330/2655/1095 3334/2658/1098 3333/2653/1093
f 3331/2657/1097 3335/2654/1094 3333/2653/1093
f 3336/2659/1099 3339/2663/1103 3340/2660/1100
f 3337/2662/1102 3341/2665/1105 3340/2660/1100
f 3338/2664/1104 3342/2661/1101 3340/2660/1100
f 3352/2666/1106 3355/2670/1110 3356/2667/1107
f 3353/2669/1109 3357/2672/1112 3356/2667/1107
f 3354/2671/1111 3358/2668/1108 3356/2667/1107
f 3359/2673/1113 3362/2677/1117 3363/2674/1114
f 3360/2676/1116 3364/2679/1119 3363/2674/1114
f 3361/2678/1118 3365/2675/1115 3363/2674/1114
f 3375/2680/1120 3378/2684/1124 3379/2681/1121
f 3376/2683/1123 3380/2686/1126 3379/2681/1121
f 3377/2685/1125 3381/2682/1122 3379/2681/1121
f 3382/2687/1127 3385/2691/1131 3386/2688/1128
f 3383/2690/1130 3387/2693/1133 3386/2688/1128
f 3384/2692/1132 3388/2689/1129 3386/2688/1128
f 3398/2694/1134 3401/2698/1138 3402/2695/1135
f 3399/2697/1137 3403/2700/1140 3402/2695/1135
f 3400/2699/1139 3404/2696/1136 3402/2695/1135
f 3405/2701/1029 3408/2705/1033 3409/2702/1030
f 3406/2704/1032 3410/2707/1142 3409/2702/1030
f 3407/2706/1141 3411/2703/1031 3409/2702/1030
f 3421/2708/1143 3424/2712/1040 3425/2709/1037
f 3422/2711/1144 3426/2714/1145 3425/2709/1037
f 3423/2713/1041 3427/2710/1038 3425/2709/1037
f 3428/2715/1043 3431/2719/1047 3432/2716/1044
f 3429/2718/1146 3433/2721/1147 3432/2716/1044
f 3430/2720/1048 3434/2717/1045 3432/2716/1044
f 3444/2722/1050 3447/2726/1054 3448/2723/1051
f 3445/2725/1053 3449/2728/1056 3448/2723/1051
f 3446/2727/1148 3450/2724/1052 3448/2723/1051
f 3451/2729/1149 3454/2733/1061 3455/2730/1058
f 3452/2732/1060 3456/2735/1063 3455/2730/1058
f 3453/2734/1062 3457/2731/1059 3455/2730/1058
f 3467/2736/1064 3470/2740/1068 3471/2737/1065
f 3468/2739/1067 3472/2742/1070 3471/2737/1065
f 3469/2741/1150 3473/2738/1066 3471/2737/1065
f 3474/2743/1071 3477/2747/1075 3478/2744/1072
f 3475/2746/1152 3479/2749/1077 3478/2744/1072
f 3476/2748/1076 3480/2745/1151 3478/2744/1072
f 3490/2750/1153 3493/2754/1082 3494/2751/1079
f 3491/2753/1081 3495/2756/1084 3494/2751/1079
f 3492/2755/1083 3496/2752/1080 3494/2751/1079
f 3497/2757/1154 3500/2761/1089 3501/2758/1086
f 3498/2760/1155 3502/2763/1156 3501/2758/1086
f 3499/2762/1090 3503/2759/1087 3501/2758/1086
f 3513/2764/1157 3516/2768/1096 3517/2765/1093
f 3514/2767/1095 3518/2770/1098 3517/2765/1093
f 3515/2769/1158 3519/2766/1094 3517/2765/1093
f 3520/2771/1099 3523/2775/1103 3524/2772/1100
f 3521/2774/1159 3525/2777/1105 3524/2772/1100
f 3522/2776/1104 3526/2773/1101 3524/2772/1100
f 3536/2778/1160 3539/2782/1110 3540/2779/1107
f 3537/2781/1109 3541/2784/1112 3540/2779/1107
f 3538/2783/1161 3542/2780/1108 3540/2779/1107
f 3543/2785/1162 3546/2789/1117 3547/2786/1114
f 3544/2788/1116 3548/2791/1119 3547/2786/1114
f 3545/2790/1118 3549/2787/1115 3547/2786/1114
f 3559/2792/1120 3562/2796/1124 3563/2793/1121
f 3560/2795/1123 3564/2798/1126 3563/2793/1121
f 3561/2797/1163 3565/2794/1122 3563/2793/1121
f 3566/2799/1164 3569/2803/1131 3570/2800/1128
f 3567/2802/1166 3571/2805/1133 3570/2800/1128
f 3568/2804/1132 3572/2801/1165 3570/2800/1128
f 3582/2806/1167 3585/2810/1168 3586/2807/1135
f 3583/2809/1137 3587/2812/1140 3586/2807/1135
f 3584/2811/1139 3588/2808/1136 3586/2807/1135
f 3589/2813/536 3592/5783/1809 3593/2814/989
f 3590/2816/539 3594/2820/2546 3593/2817/991
f 3591/2819/542 3595/5766/2459 3593/2817/543
f 3596/2821/545 3599/6633/2550 3600/2822/546
f 3597/2824/548 3601/5769/2547 3600/2825/549
f 3598/2827/551 3602/2823/1792 3600/2822/552
f 3603/2829/554 3606/5765/2458 3607/2830/998
f 3604/2832/557 3608/2836/1796 3607/2833/558
f 3605/2835/560 3609/5772/1798 3607/2833/1001
f 3610/2837/563 3613/5775/2463 3614/2838/790
f 3611/2840/566 3615/2844/1795 3614/2841/1004
f 3612/2843/569 3616/6634/1794 3614/2841/570
f 3617/2845/572 3620/5777/2464 3621/2846/1006
f 3618/2848/575 3622/2852/1808 3621/2849/576
f 3619/2851/578 3623/5784/1812 3621/2849/1009
f 3624/2853/581 3627/5787/2469 3628/2854/582
f 3625/2856/584 3629/2860/1807 3628/2857/585
f 3626/2859/587 3630/6635/1806 3628/2857/588
f 3631/2861/590 3634/5771/2462 3635/2862/1014
f 3632/2864/593 3636/2868/1802 3635/2865/791
f 3633/2867/596 3637/5778/2465 3635/2865/597
f 3638/2869/599 3641/5781/2549 3642/2870/600
f 3639/2872/602 3643/2876/1801 3642/2873/603
f 3640/2875/605 3644/6636/2548 3642/2873/1020
f 3645/2877/536 3648/5807/1809 3649/2878/537
f 3646/2880/539 3650/2884/1791 3649/2881/540
f 3647/2883/542 3651/5790/1790 3649/2881/543
f 3652/2885/545 3655/6637/1811 3656/2886/546
f 3653/2888/548 3657/5793/2547 3656/2889/549
f 3654/2891/551 3658/2887/1792 3656/2886/552
f 3659/2893/554 3662/5789/1789 3663/2894/555
f 3660/2896/557 3664/2900/1796 3663/2897/558
f 3661/2899/560 3665/5796/1798 3663/2897/561
f 3666/2901/563 3669/5799/1799 3670/2902/564
f 3667/2904/566 3671/2908/1795 3670/2905/567
f 3668/2907/569 3672/6638/1794 3670/2905/570
f 3673/2909/572 3676/5801/1803 3677/2910/573
f 3674/2912/575 3678/2916/1808 3677/2913/576
f 3675/2915/578 3679/5808/1812 3677/2913/579
f 3680/2917/581 3683/5811/1810 3684/2918/582
f 3681/2920/584 3685/2924/1807 3684/2921/585
f 3682/2923/587 3686/6639/1806 3684/2921/588
f 3687/2925/590 3690/5795/1797 3691/2926/591
f 3688/2928/593 3692/2932/1802 3691/2929/594
f 3689/2931/596 3693/5802/1804 3691/2929/597
f 3694/2933/599 3697/5805/2549 3698/2934/600
f 3695/2936/602 3699/2940/1801 3698/2937/603
f 3696/2939/605 3700/6640/1800 3698/2937/606
f 3701/2941/1174 3704/2945/1175 3705/2942/1030
f 3702/2944/1032 3706/2947/1035 3705/2942/1030
f 3703/2946/1176 3707/2943/1031 3705/2942/1030
f 3717/2948/1177 3720/2952/1040 3721/2949/1037
f 3718/2951/1179 3722/2954/1042 3721/2949/1037
f 3719/2953/1041 3723/2950/1178 3721/2949/1037
f 3724/2955/1180 3727/2959/1047 3728/2956/1044
f 3725/2958/1181 3729/2961/1049 3728/2956/1044
f 3726/2960/1048 3730/2957/1045 3728/2956/1044
f 3740/2962/1050 3743/2966/1054 3744/2963/1051
f 3741/2965/1053 3745/2968/1183 3744/2963/1051
f 3742/2967/1182 3746/2964/1052 3744/2963/1051
f 3747/2969/1184 3750/2973/1061 3751/2970/1058
f 3748/2972/1060 3752/2975/1063 3751/2970/1058
f 3749/2974/1062 3753/2971/1059 3751/2970/1058
f 3763/2976/1064 3766/2980/1068 3767/2977/1065
f 3764/2979/1067 3768/2982/1070 3767/2977/1065
f 3765/2981/1069 3769/2978/1066 3767/2977/1065
f 3770/2983/1185 3773/2987/1075 3774/2984/1072
f 3771/2986/1187 3775/2989/1077 3774/2984/1072
f 3772/2988/1076 3776/2985/1186 3774/2984/1072
f 3786/2990/1188 3789/2994/1189 3790/2991/1079
f 3787/2993/1081 3791/2996/1084 3790/2991/1079
f 3788/2995/1190 3792/2992/1080 3790/2991/1079
f 3793/2997/1154 3796/3001/1089 3797/2998/1086
f 3794/3000/1191 3798/3003/1091 3797/2998/1086
f 3795/3002/1090 3799/2999/1087 3797/2998/1086
f 3809/3004/1192 3812/3008/1193 3813/3005/1093
f 3810/3007/1095 3814/3010/1195 3813/3005/1093
f 3811/3009/1194 3815/3006/1094 3813/3005/1093
f 3816/3011/1196 3819/3015/1103 3820/3012/1100
f 3817/3014/1197 3821/3017/1198 3820/3012/1100
f 3818/3016/1104 3822/3013/1101 3820/3012/1100
f 3832/3018/1160 3835/3022/1199 3836/3019/1107
f 3833/3021/1109 3837/3024/1200 3836/3019/1107
f 3834/3023/1111 3838/3020/1108 3836/3019/1107
f 3839/3025/1201 3842/3029/1117 3843/3026/1114
f 3840/3028/1116 3844/3031/1119 3843/3026/1114
f 3841/3030/1118 3845/3027/1115 3843/3026/1114
f 3855/3032/1120 3858/3036/1124 3859/3033/1121
f 3856/3035/1123 3860/3038/1126 3859/3033/1121
f 3857/3037/1202 3861/3034/1122 3859/3033/1121
f 3862/3039/1203 3865/3043/1131 3866/3040/1128
f 3863/3042/1130 3867/3045/1133 3866/3040/1128
f 3864/3044/1132 3868/3041/1204 3866/3040/1128
f 3878/3046/1205 3881/3050/1206 3882/3047/1135
f 3879/3049/1137 3883/3052/1140 3882/3047/1135
f 3880/3051/1207 3884/3048/1136 3882/3047/1135
f 3885/3053/1174 3888/3057/1175 3889/3054/1030
f 3886/3056/1032 3890/3059/1035 3889/3054/1030
f 3887/3058/1176 3891/3055/1031 3889/3054/1030
f 3901/3060/1177 3904/3064/1040 3905/3061/1037
f 3902/3063/1179 3906/3066/1042 3905/3061/1037
f 3903/3065/1041 3907/3062/1178 3905/3061/1037
f 3908/3067/1180 3911/3071/1047 3912/3068/1044
f 3909/3070/1181 3913/3073/1208 3912/3068/1044
f 3910/3072/1048 3914/3069/1045 3912/3068/1044
f 3924/3074/1050 3927/3078/1054 3928/3075/1051
f 3925/3077/1053 3929/3080/1183 3928/3075/1051
f 3926/3079/1182 3930/3076/1052 3928/3075/1051
f 3931/3081/1184 3934/3085/1061 3935/3082/1058
f 3932/3084/1060 3936/3087/1063 3935/3082/1058
f 3933/3086/1062 3937/3083/1059 3935/3082/1058
f 3947/3088/1064 3950/3092/1068 3951/3089/1065
f 3948/3091/1067 3952/3094/1070 3951/3089/1065
f 3949/3093/1069 3953/3090/1066 3951/3089/1065
f 3954/3095/1185 3957/3099/1075 3958/3096/1072
f 3955/3098/1187 3959/3101/1077 3958/3096/1072
f 3956/3100/1076 3960/3097/1186 3958/3096/1072
f 3970/3102/1188 3973/3106/1189 3974/3103/1079
f 3971/3105/1081 3975/3108/1084 3974/3103/1079
f 3972/3107/1190 3976/3104/1080 3974/3103/1079
f 3977/3109/1154 3980/3113/1089 3981/3110/1086
f 3978/3112/1191 3982/3115/1091 3981/3110/1086
f 3979/3114/1090 3983/3111/1087 3981/3110/1086
f 3993/3116/1192 3996/3120/1193 3997/3117/1093
f 3994/3119/1095 3998/3122/1195 3997/3117/1093
f 3995/3121/1194 3999/3118/1094 3997/3117/1093
f 4000/3123/1196 4003/3127/1103 4004/3124/1100
f 4001/3126/1197 4005/3129/1105 4004/3124/1100
f 4002/3128/1104 4006/3125/1101 4004/3124/1100
f 4016/3130/1160 4019/3134/1199 4020/3131/1107
f 4017/3133/1109 4021/3136/1200 4020/3131/1107
f 4018/3135/1111 4022/3132/1108 4020/3131/1107
f 4023/3137/1201 4026/3141/1117 4027/3138/1114
f 4024/3140/1116 4028/3143/1119 4027/3138/1114
f 4025/3142/1118 4029/3139/1115 4027/3138/1114
f 4039/3144/1120 4042/3148/1124 4043/3145/1121
f 4040/3147/1123 4044/3150/1126 4043/3145/1121
f 4041/3149/1202 4045/3146/1122 4043/3145/1121
f 4046/3151/1203 4049/3155/1131 4050/3152/1128
f 4047/3154/1130 4051/3157/1209 4050/3152/1128
f 4048/3156/1132 4052/3153/1129 4050/3152/1128
f 4062/3158/1205 4065/3162/1138 4066/3159/1135
f 4063/3161/1137 4067/3164/1140 4066/3159/1135
f 4064/3163/1207 4068/3160/1136 4066/3159/1135
f 4072/3165/1210 4073/3169/1214 4075/3166/1211
f 4070/3168/1213 4074/3171/1216 4073/3169/1214
f 4071/3170/1215 4075/3166/1211 4073/3169/1214
f 4076/3172/1217 4081/6641/1221 4082/3173/1218
f 4083/3175/1220 4082/3179/1218 4081/3176/1221
f 4078/3178/1223 4084/3181/1225 4082/3179/1218
f 4085/3180/1224 4082/3179/1218 4084/3181/1225
f 4080/3183/1227 4086/3174/1219 4082/3173/1218
f 4091/3185/1228 4092/6642/1232 4095/3186/1229
f 4088/3188/1231 4093/3192/1234 4092/3189/1232
f 4094/3191/1233 4092/3189/1232 4093/3192/1234
f 4090/3194/1236 4095/6643/1229 4092/3189/1232
f 4096/3195/1237 4101/3199/1241 4102/3196/1238
f 4097/3198/1240 4103/6644/1243 4102/3196/1238
f 4104/3200/1242 4102/3204/1238 4103/3201/1243
f 4099/3203/1245 4105/6032/1246 4102/3204/1238
f 4106/3205/1239 4102/6645/1238 4105/3206/1246
f 4111/3208/1248 4112/3212/1252 4115/3209/1249
f 4108/3211/1251 4113/3214/1254 4112/3212/1252
f 4114/3213/1253 4112/3212/1252 4113/3214/1254
f 4110/3216/1256 4115/3209/1249 4112/3212/1252
f 4121/3217/1257 4122/3229/1261 4126/3218/1258
f 4117/3220/1260 4123/3224/1263 4122/3221/1261
f 4118/3223/1262 4124/6646/1265 4122/3221/1261
f 4125/3225/1264 4122/3229/1261 4124/3226/1265
f 4120/3228/1267 4126/3218/1258 4122/3229/1261
f 4131/3230/1268 4132/3234/1272 4135/3231/1269
f 4128/3233/1271 4133/3236/1274 4132/3234/1272
f 4134/3235/1273 4132/3234/1272 4133/3236/1274
f 4130/3238/1276 4135/3231/1269 4132/3234/1272
f 4141/3239/1277 4142/3243/1281 4146/3240/1278
f 4137/3242/1280 4143/3245/1283 4142/3243/1281
f 4144/3244/1282 4142/3243/1281 4143/3245/1283
f 4139/3247/1285 4145/3251/1287 4142/3248/1281
f 4140/3250/1286 4146/6039/1278 4142/3248/1281
f 4152/3252/1288 4153/3256/1292 4157/3253/1289
f 4148/3255/1291 4154/3258/1294 4153/3256/1292
f 4155/3257/1293 4153/3256/1292 4154/3258/1294
f 4150/3260/1296 4156/3264/1298 4153/3261/1292
f 4151/3263/1297 4157/6042/1289 4153/3261/1292
f 4162/3265/1299 4163/3269/1303 4166/3266/1300
f 4159/3268/1302 4164/6647/1305 4163/3269/1303
f 4165/3270/1304 4163/6648/1303 4164/3271/1305
f 4161/3273/1307 4166/3266/1300 4163/3269/1303
f 4172/3275/1308 4173/6649/1312 4177/3276/1309
f 4168/3278/1311 4174/3282/1314 4173/3279/1312
f 4175/3281/1313 4173/3279/1312 4174/3282/1314
f 4170/3284/1316 4176/3288/1318 4173/3285/1312
f 4171/3287/1317 4177/6034/1309 4173/3285/1312
f 4178/3289/1319 4181/3293/1323 4182/3290/1320
f 4183/3292/1322 4182/3290/1320 4181/3293/1323
f 4180/3295/1325 4184/3291/1321 4182/3290/1320
f 4185/3296/1326 4188/6063/2618 4189/3297/1327
f 4186/3299/1329 4190/6047/2603 4189/3300/1330
f 4187/3302/1332 4191/6045/2601 4189/3303/1333
f 4192/3305/1335 4195/6650/2716 4196/3306/1336
f 4193/3308/1338 4197/6048/2604 4196/3309/1339
f 4194/3311/1341 4198/6064/2619 4196/3312/1342
f 4199/3314/1344 4202/6651/2717 4203/3315/1345
f 4200/3317/1347 4204/3321/2718 4203/3318/1348
f 4201/3320/1350 4205/6652/2606 4203/3318/1351
f 4206/3322/1353 4209/6653/2719 4210/3323/1354
f 4207/3325/1356 4211/3329/2605 4210/3326/1357
f 4208/3328/1359 4212/6046/2602 4210/3326/1360
f 4213/3330/1362 4216/6051/2607 4217/3331/1363
f 4214/3333/1365 4218/3337/2720 4217/3334/1366
f 4215/3336/1368 4219/6055/2610 4217/3334/1369
f 4220/3338/1371 4223/6654/2622 4224/3339/1372
f 4221/3341/1374 4225/3345/2609 4224/3342/1375
f 4222/3344/1377 4226/6053/2608 4224/3342/1378
f 4227/3346/1380 4230/6655/2721 4231/3347/1381
f 4228/3349/1383 4232/3353/2722 4231/3350/1384
f 4229/3352/1386 4233/6058/2613 4231/3350/1387
f 4234/3354/1389 4237/6060/2615 4238/3355/1390
f 4235/3357/1392 4239/3361/2612 4238/3358/1393
f 4236/3360/1395 4240/6656/2611 4238/3358/1396
f 4241/3362/1398 4244/6657/2723 4245/3363/1399
f 4242/3365/1401 4246/6658/2724 4245/3366/1402
f 4243/3368/1404 4247/6062/2617 4245/3369/1405
f 4248/3371/1407 4251/6065/2620 4252/3372/1408
f 4249/3374/1410 4253/6061/2616 4252/3375/1411
f 4250/3377/1413 4254/6059/2614 4252/3378/1414
f 4255/3380/1326 4258/6659/2618 4259/3381/1327
f 4256/3383/1329 4260/6068/2603 4259/3384/1330
f 4257/3386/1332 4261/6066/2601 4259/3387/1333
f 4262/3389/1335 4265/6660/2716 4266/3390/1336
f 4263/3392/1338 4267/6069/2604 4266/3393/1339
f 4264/3395/1341 4268/6084/2619 4266/3396/1342
f 4269/3398/1344 4272/6661/2725 4273/3399/1417
f 4270/3401/1347 4274/3405/2718 4273/3402/1348
f 4271/3404/1350 4275/6662/2606 4273/3402/1351
f 4276/3406/1353 4279/6663/2719 4280/3407/1354
f 4277/3409/1356 4281/3413/2605 4280/3410/1357
f 4278/3412/1359 4282/6067/2621 4280/3410/1360
f 4283/3414/1420 4286/6664/2607 4287/3415/1363
f 4284/3417/1421 4288/3421/2720 4287/3418/1422
f 4285/3420/1368 4289/6075/2610 4287/3418/1369
f 4290/3422/1371 4293/6078/2622 4294/3423/1372
f 4291/3425/1374 4295/3429/2609 4294/3426/1375
f 4292/3428/1377 4296/6073/2608 4294/3426/1378
f 4297/3430/1424 4300/6665/2721 4301/3431/1381
f 4298/3433/1383 4302/3437/2722 4301/3434/1384
f 4299/3436/1386 4303/6079/2613 4301/3434/1387
f 4304/3438/1389 4307/6666/2726 4308/3439/1390
f 4305/3441/1392 4309/3445/2612 4308/3442/1425
f 4306/3444/1395 4310/6667/2611 4308/3442/1396
f 4311/3446/1398 4314/6080/2623 4315/3447/1399
f 4312/3449/1401 4316/6668/2724 4315/3450/1402
f 4313/3452/1404 4317/6083/2617 4315/3453/1405
f 4318/3455/1426 4321/6669/2727 4322/3456/1408
f 4319/3458/1410 4323/6082/2616 4322/3459/1411
f 4320/3461/1413 4324/6081/2614 4322/3462/1414
f 4325/3464/1427 4328/6106/2630 4329/3465/1428
f 4330/3467/1430 4329/6670/2728 4328/3468/1431
f 4331/3470/1433 4329/6671/2728 4330/3471/1430
f 4332/3473/1435 4335/3477/1439 4336/3474/1436
f 4337/3476/1438 4336/3474/1436 4335/3477/1439
f 4338/3479/1437 4336/6672/1436 4337/3480/1438
f 4339/3482/1442 4342/6673/2729 4343/3483/1443
f 4344/3485/1445 4343/6674/2730 4342/3486/1446
f 4345/3488/1448 4343/6674/2730 4344/3485/1445
f 4346/3490/1450 4349/6675/1454 4350/3491/1451
f 4351/3493/1453 4350/6676/1451 4349/3494/1454
f 4352/3496/1452 4350/6676/1451 4351/3493/1453
f 4353/3498/1457 4356/6088/2624 4357/3499/1458
f 4358/3501/1460 4357/6677/2731 4356/3502/1461
f 4359/3504/1463 4357/6678/2731 4358/3505/1460
f 4360/3507/1465 4363/3511/1469 4364/3508/1466
f 4365/3510/1468 4364/3508/1466 4363/3511/1469
f 4366/3513/1467 4364/6679/1466 4365/3514/1468
f 4367/3516/1472 4370/6091/2625 4371/3517/1473
f 4372/3519/1475 4371/6680/2732 4370/3520/1476
f 4373/3522/1478 4371/6680/2732 4372/3519/1475
f 4374/3524/1480 4377/6094/1484 4378/3525/1481
f 4379/3527/1483 4378/6681/1481 4377/3528/1484
f 4380/3530/1482 4378/6681/1481 4379/3527/1483
f 4381/3532/1487 4384/6093/2626 4385/3533/1488
f 4386/3535/1490 4385/6682/2733 4384/3536/1491
f 4387/3538/1493 4385/6682/2733 4386/3535/1490
f 4388/3540/1495 4391/3544/1499 4392/3541/1496
f 4393/3543/1498 4392/3541/1496 4391/3544/1499
f 4394/3546/1497 4392/6683/1496 4393/3547/1498
f 4395/3549/1502 4398/6098/2627 4399/3550/1503
f 4400/3552/1505 4399/6684/2734 4398/3553/1506
f 4401/3555/1508 4399/6684/2734 4400/3552/1505
f 4402/3557/1510 4405/6685/1514 4406/3558/1511
f 4407/3560/1513 4406/6686/1511 4405/3561/1514
f 4408/3563/1512 4406/6686/1511 4407/3560/1513
f 4409/3565/1517 4412/6100/2628 4413/3566/1518
f 4414/3568/1520 4413/6687/2735 4412/3569/1521
f 4415/3571/1523 4413/6687/2735 4414/3568/1520
f 4416/3573/1525 4419/3577/1529 4420/3574/1526
f 4421/3576/1528 4420/3574/1526 4419/3577/1529
f 4422/3579/1527 4420/6688/1526 4421/3580/1528
f 4423/3582/1532 4426/6104/2629 4427/3583/1533
f 4428/3585/1535 4427/6689/2736 4426/3586/1536
f 4429/3588/1538 4427/6689/2736 4428/3585/1535
f 4430/3590/1540 4433/6107/1544 4434/3591/1541
f 4435/3593/1543 4434/6690/1541 4433/3594/1544
f 4436/3596/1542 4434/6690/1541 4435/3593/1543
f 4437/3598/536 4440/6125/1809 4441/3599/537
f 4438/3601/539 4442/3605/1791 4441/3602/540
f 4439/3604/542 4443/6109/1790 4441/3602/543
f 4444/3606/545 4447/6691/2550 4448/3607/546
f 4445/3609/548 4449/6112/1793 4448/3610/1547
f 4446/3612/551 4450/3608/1792 4448/3607/1548
f 4451/3614/554 4454/6108/1789 4455/3615/555
f 4452/3617/557 4456/3621/1796 4455/3618/1549
f 4453/3620/560 4457/6692/1798 4455/3618/561
f 4458/3622/563 4461/6117/2463 4462/3623/790
f 4459/3625/566 4463/3629/1795 4462/3626/567
f 4460/3628/569 4464/6693/1794 4462/3626/1550
f 4465/3630/572 4468/6119/1803 4469/3631/573
f 4466/3633/575 4470/3637/1808 4469/3634/1551
f 4467/3636/578 4471/6694/1812 4469/3634/579
f 4472/3638/581 4475/6128/2469 4476/3639/1552
f 4473/3641/584 4477/3645/1807 4476/3642/585
f 4474/3644/587 4478/6695/1806 4476/3642/1553
f 4479/3646/590 4482/6114/1797 4483/3647/591
f 4480/3649/593 4484/3653/1802 4483/3650/594
f 4481/3652/596 4485/6120/1804 4483/3650/597
f 4486/3654/599 4489/6123/2549 4490/3655/600
f 4487/3657/602 4491/3661/1801 4490/3658/603
f 4488/3660/605 4492/6696/1800 4490/3658/606
f 4493/3662/1554 4496/3666/2648 4497/3663/1555
f 4494/3665/1557 4498/6697/2633 4497/3663/1558
f 4495/3667/1560 4499/6132/2632 4497/3668/1561
f 4500/3670/1563 4503/6698/2651 4504/3671/1564
f 4501/3673/1566 4505/6136/2635 4504/3674/1567
f 4502/3676/1569 4506/3672/2634 4504/3671/1570
f 4507/3678/1572 4510/3682/2631 4511/3679/1573
f 4508/3681/1575 4512/3684/2637 4511/3679/1576
f 4509/3683/1578 4513/3680/2639 4511/3679/1579
f 4514/3685/1581 4517/6142/2640 4518/3686/1582
f 4515/3688/1584 4519/6137/2636 4518/3689/1585
f 4516/3691/1587 4520/6699/2737 4518/3692/1588
f 4521/3694/1590 4524/6146/2643 4525/3695/1591
f 4522/3697/1593 4526/6700/2738 4525/3698/1594
f 4523/3700/1596 4527/6701/2649 4525/3701/1597
f 4528/3703/1599 4531/3707/2650 4532/3704/1600
f 4529/3706/1602 4533/3709/2647 4532/3704/1603
f 4530/3708/1605 4534/3705/2646 4532/3704/1606
f 4535/3710/1608 4538/6139/2638 4539/3711/1609
f 4536/3713/1611 4540/3717/2739 4539/3714/1612
f 4537/3716/1614 4541/6147/2644 4539/3714/1615
f 4542/3718/1617 4545/6149/2645 4546/3719/1618
f 4543/3721/1620 4547/6144/2642 4546/3722/1621
f 4544/3724/1623 4548/3720/2641 4546/3719/1624
f 652/858/361 654/857/360 643/3726/346
f 654/3728/1626 651/853/356 637/837/340
f 645/3729/353 647/6702/352 664/867/370
f 664/863/366 647/6477/2653 644/845/348
f 646/852/355 649/848/351 642/840/343
f 649/848/351 645/850/353 639/844/347
f 653/860/363 656/856/359 663/864/367
f 656/856/359 652/858/361 660/868/371
f 666/874/377 668/873/376 657/859/362
f 657/855/358 668/6481/1641 665/869/372
f 659/866/369 661/865/368 678/883/386
f 661/3730/1627 658/861/364 672/877/380
f 667/876/379 670/872/375 677/880/383
f 670/872/375 666/874/377 674/884/387
f 680/890/393 682/889/392 671/875/378
f 682/3731/1628 679/885/388 665/869/372
f 673/882/385 675/881/384 692/900/402
f 675/3732/1629 672/877/380 686/894/396
f 681/893/395 684/892/391 691/897/399
f 684/888/391 680/890/393 688/902/403
f 694/908/409 696/907/408 685/891/394
f 696/3733/1630 693/903/404 679/885/388
f 687/899/401 689/898/400 706/917/418
f 689/3734/1631 686/894/396 700/911/412
f 695/910/411 698/906/407 705/914/415
f 698/906/407 694/908/409 702/918/419
f 708/924/425 710/923/424 699/909/410
f 699/905/406 710/6490/2663 707/919/420
f 701/916/417 703/915/416 720/933/434
f 703/3735/1632 700/911/412 714/927/428
f 709/926/427 712/922/423 719/930/431
f 712/922/423 708/924/425 716/934/435
f 722/940/441 724/939/440 713/3736/426
f 724/3738/1633 721/935/436 707/919/420
f 730/950/451 715/6155/433 717/3739/432
f 717/3740/1634 714/927/428 728/943/444
f 723/942/443 726/938/439 733/946/447
f 726/938/439 722/940/441 730/950/451
f 736/956/457 738/955/456 727/941/442
f 738/3741/1635 735/951/452 721/935/436
f 729/948/449 731/947/448 748/965/466
f 731/3742/1636 728/943/444 742/959/460
f 737/958/459 740/954/455 747/962/463
f 740/954/455 736/956/457 744/966/467
f 750/972/473 752/971/472 741/957/458
f 752/3743/1637 749/967/468 735/951/452
f 743/964/465 745/963/464 762/982/482
f 762/978/478 745/6496/2669 742/959/460
f 751/975/475 754/974/471 761/979/479
f 754/970/471 750/972/473 758/984/483
f 764/990/489 766/989/488 755/973/474
f 755/969/470 766/6502/1649 763/985/484
f 757/981/481 759/980/480 776/999/498
f 759/3744/1638 756/976/476 770/993/492
f 765/992/491 768/988/487 775/996/495
f 775/996/495 768/988/487 764/990/489
f 638/842/345 640/841/344 769/991/490
f 640/3745/1639 637/837/340 763/985/484
f 771/998/497 773/997/496 650/851/354
f 773/3746/1640 770/993/492 644/845/348
f 792/1022/361 794/1021/360 783/3747/346
f 794/3749/1626 791/1017/356 777/1001/340
f 785/3750/353 787/6703/352 804/1031/370
f 804/1027/504 787/6507/2653 784/1009/348
f 786/1016/355 789/1012/351 782/1004/343
f 789/1012/351 785/1014/353 779/1008/347
f 793/1024/363 796/1020/359 803/1028/367
f 796/1020/359 792/1022/361 800/1032/371
f 793/1024/363 806/1038/377 808/1037/376
f 808/3751/1641 805/1033/372 791/1017/356
f 814/1048/387 799/1030/506 801/1029/505
f 801/3752/1642 798/1025/364 812/1041/507
f 807/1040/379 810/1036/375 817/1044/383
f 810/1036/375 806/1038/377 814/1048/387
f 820/1054/393 822/1053/392 811/1039/378
f 811/1035/374 822/6514/2679 819/1049/511
f 813/1046/510 815/1045/509 832/1064/516
f 832/1060/515 815/6512/2678 812/1041/507
f 821/1057/395 824/1056/391 831/1061/399
f 824/1052/391 820/1054/393 828/1066/517
f 834/1072/518 836/1071/408 825/1055/394
f 836/3753/1643 833/1067/404 819/1049/511
f 842/1082/520 827/1063/401 829/1062/400
f 829/3754/1644 826/1058/513 840/1075/412
f 835/1074/411 838/1070/407 845/1078/415
f 838/1070/407 834/1072/518 842/1082/520
f 848/1088/425 850/1087/424 839/1073/410
f 839/1069/406 850/6521/2663 847/1083/420
f 841/1080/417 843/1079/416 860/1097/434
f 843/3755/1632 840/1075/412 854/1091/428
f 849/1090/427 852/1086/423 859/1094/431
f 852/1086/423 848/1088/425 856/1098/435
f 862/1104/441 864/1103/440 853/3756/426
f 864/3758/1633 861/1099/436 847/1083/420
f 870/1114/451 855/6156/433 857/3759/432
f 857/3760/1634 854/1091/428 868/1107/444
f 863/1106/443 866/1102/439 873/1110/447
f 866/1102/439 862/1104/441 870/1114/451
f 876/1120/457 878/1119/456 867/1105/442
f 878/3761/1645 875/1115/452 861/1099/436
f 869/1112/449 871/1111/448 888/1129/466
f 871/3762/1646 868/1107/444 882/1123/525
f 877/1122/459 880/1118/455 887/1126/463
f 880/1118/455 876/1120/457 884/1130/467
f 890/1136/473 892/1135/472 881/1121/458
f 892/3763/1647 889/1131/468 875/1115/452
f 898/1148/483 883/1128/528 885/1127/527
f 885/3764/1648 882/1123/525 896/1140/531
f 891/1139/475 894/1138/471 901/1143/479
f 894/1134/471 890/1136/473 898/1148/483
f 891/1139/475 904/1154/489 906/1153/488
f 906/3765/1649 903/1149/484 889/1131/468
f 912/1164/535 897/1145/481 899/1144/533
f 899/3766/1638 896/1140/531 910/1157/492
f 905/1156/491 908/1152/487 915/1160/495
f 908/1152/487 904/1154/489 912/1164/535
f 778/1006/345 780/1005/344 909/1155/490
f 909/1151/486 780/6505/1639 777/1001/340
f 911/1162/497 913/1161/496 790/1015/354
f 913/3767/1640 910/1157/492 784/1009/348
f 918/3768/1650 924/3781/1663 925/3769/1651
f 925/3771/1653 923/3783/1665 917/3772/1654
f 927/3774/1656 921/6157/1760 922/3775/1657
f 928/3777/1659 922/3887/1761 920/3778/1660
f 930/3780/1662 931/3789/1671 925/3769/1651
f 925/3771/1653 931/3791/1673 929/3782/1664
f 933/3784/1666 927/3774/1656 928/3776/1658
f 928/3777/1659 926/3779/1661 932/3786/1668
f 936/3788/1670 937/3797/1679 931/3789/1671
f 937/3790/1672 935/3799/1681 929/3782/1664
f 939/3792/1674 933/3784/1666 934/3785/1667
f 934/3787/1669 932/3786/1668 938/3794/1676
f 942/3796/1678 943/6704/1687 937/3797/1679
f 943/3798/1680 941/3808/1689 935/3799/1681
f 939/3792/1674 940/3793/1675 946/3800/1682
f 940/3795/1677 938/3794/1676 944/3802/1684
f 948/3804/1686 949/3815/1695 943/3805/1687
f 949/3807/1688 947/3817/1697 941/3808/1689
f 945/3809/1683 946/6705/1682 952/3810/1690
f 946/3803/1685 944/3802/1684 950/3812/1692
f 954/3814/1694 955/3823/1703 949/3815/1695
f 955/3816/1696 953/3825/1705 947/3817/1697
f 951/3811/1691 952/3810/1690 958/3818/1698
f 958/3820/1700 952/3813/1693 950/3812/1692
f 954/3814/1694 960/6159/1711 961/3822/1702
f 961/3824/1704 959/3834/1713 953/3825/1705
f 957/3819/1699 958/3818/1698 964/3826/1706
f 964/3828/1708 958/3820/1700 956/3821/1701
f 966/3830/1710 967/3841/1719 961/3831/1702
f 967/3833/1712 965/3843/1721 959/3834/1713
f 969/3835/1714 963/6160/1707 964/3836/1706
f 964/3828/1708 962/3829/1709 968/3838/1716
f 966/3830/1710 972/3848/1726 973/3840/1718
f 973/3842/1720 971/3851/1729 965/3843/1721
f 969/3835/1714 970/3837/1715 976/3844/1722
f 976/3846/1724 970/3839/1717 968/3838/1716
f 972/3848/1726 978/3857/1735 979/3849/1727
f 979/3850/1728 977/3859/1737 971/3851/1729
f 975/3845/1723 976/3844/1722 982/3852/1730
f 982/3854/1732 976/3846/1724 974/3847/1725
f 984/3856/1734 985/6706/1743 979/3849/1727
f 985/3858/1736 983/3868/1745 977/3859/1737
f 981/3853/1731 982/3852/1730 988/3860/1738
f 982/3854/1732 980/3855/1733 986/3862/1740
f 990/3864/1742 991/3875/1751 985/3865/1743
f 985/3858/1736 991/3877/1753 989/3867/1744
f 987/3869/1739 988/6707/1738 994/3870/1746
f 988/3863/1741 986/3862/1740 992/3872/1748
f 996/3874/1750 997/3883/1758 991/3875/1751
f 997/3876/1752 995/3884/1759 989/3867/1744
f 993/3871/1747 994/3870/1746 1000/3878/1754
f 994/3873/1749 992/3872/1748 998/3880/1756
f 996/3874/1750 918/6158/1650 919/3882/1652
f 919/3773/1655 917/3772/1654 995/3884/1759
f 999/3879/1755 1000/3878/1754 922/3885/1657
f 1000/3881/1757 998/3880/1756 920/3778/1660
f 1008/3888/1663 1009/3901/1651 1003/3889/1652
f 1003/3891/1655 1009/3902/1653 1007/3892/1665
f 1005/3894/1760 1006/6708/1657 1012/3895/1658
f 1006/3897/1761 1004/4007/1660 1010/3898/1661
f 1014/3900/1662 1015/3909/1671 1009/3901/1651
f 1009/3902/1653 1015/3911/1762 1013/3903/1664
f 1017/3904/1666 1011/3896/1656 1012/3895/1658
f 1018/3906/1669 1012/3899/1659 1010/3898/1661
f 1014/3900/1662 1020/3917/1670 1021/3908/1679
f 1021/3910/1672 1019/3919/1681 1013/3903/1664
f 1017/3904/1666 1018/3905/1667 1024/3912/1675
f 1024/3914/1763 1018/3906/1669 1016/3907/1668
f 1026/3916/1678 1027/6709/1687 1021/3908/1679
f 1027/3918/1680 1025/3928/1689 1019/3919/1681
f 1023/3913/1674 1024/3912/1675 1030/3920/1682
f 1024/3914/1763 1022/3915/1764 1028/3922/1684
f 1032/3924/1686 1033/3935/1695 1027/3925/1687
f 1027/3918/1680 1033/3936/1688 1031/3927/1697
f 1029/3929/1683 1030/6710/1682 1036/3930/1690
f 1030/3923/1685 1028/3922/1684 1034/3932/1692
f 1038/3934/1694 1039/3943/1703 1033/3935/1695
f 1033/3936/1688 1039/3945/1696 1037/3937/1705
f 1041/3938/1699 1035/3931/1691 1036/3930/1690
f 1036/3933/1693 1034/3932/1692 1040/3940/1701
f 1038/3934/1694 1044/6161/1711 1045/3942/1702
f 1045/3944/1704 1043/3954/1713 1037/3937/1705
f 1041/3938/1699 1042/3939/1698 1048/3946/1706
f 1042/3941/1700 1040/3940/1701 1046/3948/1709
f 1050/3950/1710 1051/3961/1719 1045/3951/1702
f 1051/3953/1712 1049/3963/1721 1043/3954/1713
f 1053/3955/1714 1047/6162/1707 1048/3956/1706
f 1048/3949/1708 1046/3948/1709 1052/3958/1716
f 1056/3960/1726 1057/3969/1718 1051/3961/1719
f 1057/3962/1765 1055/3971/1729 1049/3963/1721
f 1053/3955/1714 1054/3957/1715 1060/3964/1722
f 1054/3959/1717 1052/3958/1716 1058/3966/1725
f 1062/3968/1735 1063/3977/1727 1057/3969/1718
f 1063/3970/1728 1061/3979/1737 1055/3971/1729
f 1065/3972/1731 1059/3965/1723 1060/3964/1722
f 1060/3967/1724 1058/3966/1725 1064/3974/1766
f 1068/3976/1734 1069/6711/1743 1063/3977/1727
f 1069/3978/1736 1067/3988/1745 1061/3979/1737
f 1065/3972/1731 1066/3973/1730 1072/3980/1738
f 1066/3975/1767 1064/3974/1766 1070/3982/1740
f 1074/3984/1742 1075/3995/1751 1069/3985/1743
f 1075/3987/1753 1073/3997/1744 1067/3988/1745
f 1071/3989/1739 1072/6712/1738 1078/3990/1746
f 1072/3983/1741 1070/3982/1740 1076/3992/1748
f 1074/3984/1742 1080/4003/1750 1081/3994/1758
f 1081/3996/1752 1079/4004/1759 1073/3997/1744
f 1077/3991/1747 1078/3990/1746 1084/3998/1754
f 1084/4000/1757 1078/3993/1749 1076/3992/1748
f 1002/4002/1650 1003/6713/1652 1081/3994/1758
f 1081/3996/1752 1003/3891/1655 1001/3893/1654
f 1083/3999/1755 1084/3998/1754 1006/4005/1657
f 1084/4000/1757 1082/4001/1756 1004/4007/1660
f 1092/4008/1663 1093/4021/1651 1087/4009/1652
f 1093/4011/1653 1091/4023/1665 1085/4012/1654
f 1095/4014/1656 1089/6163/1760 1090/4015/1657
f 1090/4017/1769 1088/4127/1660 1094/4018/1661
f 1098/4020/1662 1099/4029/1671 1093/4021/1651
f 1099/4022/1673 1097/4031/1664 1091/4023/1665
f 1095/4014/1656 1096/4016/1658 1102/4024/1667
f 1102/4026/1771 1096/4019/1770 1094/4018/1661
f 1104/4028/1670 1105/4037/1679 1099/4029/1671
f 1105/4030/1672 1103/4039/1681 1097/4031/1664
f 1107/4032/1674 1101/4025/1666 1102/4024/1667
f 1108/4034/1763 1102/4026/1771 1100/4027/1668
f 1110/4036/1678 1111/6714/1687 1105/4037/1679
f 1111/4038/1680 1109/4048/1689 1103/4039/1681
f 1113/4040/1683 1107/4032/1674 1108/4033/1675
f 1114/4042/1772 1108/4034/1763 1106/4035/1764
f 1116/4044/1686 1117/4055/1695 1111/4045/1687
f 1111/4038/1680 1117/4056/1688 1115/4047/1697
f 1113/4049/1683 1114/6715/1682 1120/4050/1690
f 1114/4042/1772 1112/4043/1684 1118/4052/1692
f 1116/4044/1686 1122/4063/1694 1123/4054/1703
f 1117/4056/1688 1123/4064/1696 1121/4057/1705
f 1119/4051/1691 1120/4050/1690 1126/4058/1698
f 1120/4053/1773 1118/4052/1692 1124/4060/1701
f 1128/4062/1711 1129/6716/1702 1123/4054/1703
f 1123/4064/1696 1129/4074/1776 1127/4065/1713
f 1131/4066/1707 1125/4059/1699 1126/4058/1698
f 1132/4068/1775 1126/4061/1774 1124/4060/1701
f 1128/4070/1711 1134/4080/1710 1135/4071/1719
f 1135/4073/1712 1133/4083/1721 1127/4065/1713
f 1131/4075/1707 1132/6717/1706 1138/4076/1715
f 1132/4068/1775 1130/4069/1709 1136/4078/1716
f 1134/4080/1710 1140/4089/1726 1141/4081/1718
f 1141/4082/1765 1139/4091/1729 1133/4083/1721
f 1143/4084/1723 1137/4077/1714 1138/4076/1715
f 1144/4086/1778 1138/4079/1777 1136/4078/1716
f 1146/4088/1735 1147/4097/1727 1141/4081/1718
f 1147/4090/1728 1145/4099/1737 1139/4091/1729
f 1149/4092/1731 1143/4084/1723 1144/4085/1722
f 1150/4094/1779 1144/4086/1778 1142/4087/1725
f 1152/4096/1734 1153/6718/1743 1147/4097/1727
f 1153/4098/1736 1151/4108/1745 1145/4099/1737
f 1149/4092/1731 1150/4093/1730 1156/4100/1738
f 1150/4094/1779 1148/4095/1766 1154/4102/1780
f 1152/4104/1734 1158/4115/1742 1159/4105/1751
f 1153/4098/1736 1159/4116/1753 1157/4107/1744
f 1155/4109/1739 1156/6719/1738 1162/4110/1746
f 1162/4112/1782 1156/4103/1781 1154/4102/1780
f 1164/4114/1750 1165/4123/1758 1159/4105/1751
f 1159/4116/1753 1165/4124/1752 1163/4117/1759
f 1167/4118/1755 1161/4111/1747 1162/4110/1746
f 1162/4112/1782 1160/4113/1748 1166/4120/1756
f 1086/4122/1650 1087/6720/1652 1165/4123/1758
f 1165/4124/1752 1087/4013/1768 1085/4012/1654
f 1167/4118/1755 1168/4119/1754 1090/4125/1657
f 1168/4121/1783 1166/4120/1756 1088/4127/1660
f 1170/4128/1650 1176/4140/1663 1177/4129/1651
f 1177/4131/1653 1175/4143/1665 1169/4132/1654
f 1179/4134/1656 1173/6164/1760 1174/4135/1657
f 1180/4137/1770 1174/4247/1769 1172/4138/1660
f 1176/4140/1663 1182/4149/1662 1183/4141/1671
f 1183/4142/1673 1181/4151/1664 1175/4143/1665
f 1179/4134/1656 1180/4136/1658 1186/4144/1667
f 1186/4146/1771 1180/4137/1770 1178/4139/1661
f 1188/4148/1670 1189/4157/1679 1183/4141/1671
f 1189/4150/1672 1187/4159/1681 1181/4151/1664
f 1191/4152/1674 1185/4145/1666 1186/4144/1667
f 1186/4146/1771 1184/4147/1668 1190/4154/1764
f 1194/4156/1678 1195/6721/1687 1189/4157/1679
f 1195/4158/1680 1193/4168/1689 1187/4159/1681
f 1191/4152/1674 1192/4153/1675 1198/4160/1682
f 1192/4155/1763 1190/4154/1764 1196/4162/1784
f 1194/4164/1678 1200/4175/1686 1201/4165/1695
f 1195/4158/1680 1201/4176/1688 1199/4167/1697
f 1197/4169/1683 1198/6722/1682 1204/4170/1690
f 1198/4163/1785 1196/4162/1784 1202/4172/1692
f 1206/4174/1694 1207/4183/1703 1201/4165/1695
f 1201/4176/1688 1207/4185/1696 1205/4177/1705
f 1203/4171/1691 1204/4170/1690 1210/4178/1698
f 1204/4173/1786 1202/4172/1692 1208/4180/1701
f 1212/4182/1711 1213/6723/1702 1207/4183/1703
f 1213/4184/1776 1211/4194/1713 1205/4177/1705
f 1215/4186/1707 1209/4179/1699 1210/4178/1698
f 1210/4181/1774 1208/4180/1701 1214/4188/1709
f 1212/4190/1711 1218/4200/1710 1219/4191/1719
f 1219/4193/1712 1217/4203/1721 1211/4194/1713
f 1215/4195/1707 1216/6724/1706 1222/4196/1715
f 1222/4198/1777 1216/4189/1775 1214/4188/1709
f 1218/4200/1710 1224/4209/1726 1225/4201/1718
f 1225/4202/1765 1223/4211/1729 1217/4203/1721
f 1221/4197/1714 1222/4196/1715 1228/4204/1787
f 1228/4206/1788 1222/4198/1777 1220/4199/1716
f 1230/4208/1735 1231/4217/1727 1225/4201/1718
f 1225/4202/1765 1231/4218/1728 1229/4210/1737
f 1227/4205/1723 1228/4204/1787 1234/4212/1730
f 1228/4206/1788 1226/4207/1725 1232/4214/1766
f 1236/4216/1734 1237/6725/1743 1231/4217/1727
f 1231/4218/1728 1237/4227/1736 1235/4219/1745
f 1239/4220/1739 1233/4213/1731 1234/4212/1730
f 1234/4215/1767 1232/4214/1766 1238/4222/1780
f 1236/4224/1734 1242/4235/1742 1243/4225/1751
f 1237/4227/1736 1243/4236/1753 1241/4228/1744
f 1239/4229/1739 1240/6726/1738 1246/4230/1746
f 1240/4223/1781 1238/4222/1780 1244/4232/1748
f 1248/4234/1750 1249/4243/1758 1243/4225/1751
f 1243/4236/1753 1249/4244/1752 1247/4237/1759
f 1251/4238/1755 1245/4231/1747 1246/4230/1746
f 1246/4233/1782 1244/4232/1748 1250/4240/1756
f 1170/4242/1650 1171/6727/1652 1249/4243/1758
f 1249/4244/1752 1171/4133/1768 1169/4132/1654
f 1251/4238/1755 1252/4239/1754 1174/4245/1657
f 1252/4241/1783 1250/4240/1756 1172/4138/1660
f 1253/1165/536 1259/1167/538 1270/4248/1789
f 1259/4249/1790 1255/1171/542 1268/4250/557
f 1254/1168/539 1260/1173/545 1266/1175/547
f 1266/1175/1792 1262/1179/551 1255/1171/542
f 1274/1189/563 1280/1191/565 1265/4252/1793
f 1280/4253/1794 1276/6728/569 1262/1179/551
f 1269/1187/560 1272/1188/562 1279/1196/1795
f 1272/1188/1796 1268/1184/557 1276/1195/569
f 1267/1181/554 1273/1183/556 1298/4254/1797
f 1273/4255/1798 1269/1187/560 1296/4256/593
f 1302/1221/599 1308/1223/601 1277/4258/1799
f 1308/4259/1800 1304/6729/605 1275/1192/566
f 1297/1219/596 1300/1220/598 1307/1228/1801
f 1300/1220/1802 1296/1216/593 1304/1227/605
f 1295/1213/590 1301/1215/592 1284/4260/1803
f 1301/4261/1804 1297/1219/596 1282/4262/575
f 1288/1205/581 1294/1207/583 1305/4264/1805
f 1294/4265/1806 1290/6730/587 1303/1224/602
f 1283/1203/578 1286/1204/580 1293/1212/1807
f 1286/1204/1808 1282/1200/575 1290/1211/587
f 1281/1197/572 1287/1199/574 1256/4266/1809
f 1256/4267/541 1287/6536/1812 1283/1203/578
f 1288/1205/581 1261/1176/548 1263/1178/550
f 1263/4270/1811 1260/6731/545 1289/1208/584
f 1309/1229/536 1315/1231/538 1326/4271/1789
f 1315/4272/1790 1311/1235/542 1324/4273/557
f 1310/1232/539 1316/1237/545 1322/1239/547
f 1322/1239/1792 1318/1243/551 1311/1235/542
f 1330/1253/563 1336/1255/565 1321/4275/1793
f 1336/4276/1794 1332/6732/569 1318/1243/551
f 1325/1251/560 1328/1252/562 1335/1260/1795
f 1335/1260/571 1328/1252/1796 1324/1248/557
f 1323/1245/554 1329/1247/556 1354/4277/1797
f 1354/4278/595 1329/6540/1798 1325/1251/560
f 1358/1285/599 1364/1287/601 1333/4280/1799
f 1364/4281/1800 1360/6733/605 1331/1256/566
f 1353/1283/596 1356/1284/598 1363/1292/1801
f 1356/1284/1802 1352/1280/593 1360/1291/605
f 1351/1277/590 1357/1279/592 1340/4282/1803
f 1357/4283/1804 1353/1283/596 1338/4284/575
f 1344/1269/581 1350/1271/583 1361/4286/1805
f 1350/4287/1806 1346/6734/587 1359/1288/602
f 1339/1267/578 1342/1268/580 1349/1276/1807
f 1342/1268/1808 1338/1264/575 1346/1275/587
f 1309/1229/536 1337/1261/572 1343/1263/574
f 1343/4289/1812 1339/1267/578 1310/4290/539
f 1317/1240/548 1319/1242/550 1347/4292/1810
f 1319/4293/1811 1316/6735/545 1345/1272/584
f 1365/1293/536 1371/1295/538 1382/4294/1789
f 1371/4295/1790 1367/1299/542 1380/4296/557
f 1372/1301/545 1378/1303/547 1370/1300/1791
f 1378/1303/1792 1374/1307/551 1367/1299/542
f 1386/1317/563 1392/1319/565 1377/4298/1793
f 1392/4299/1794 1388/6736/569 1374/1307/551
f 1381/1315/560 1384/1316/608 1391/1324/1813
f 1384/1316/1796 1380/1312/557 1388/1323/569
f 1379/1309/554 1385/1311/556 1410/4300/1797
f 1385/4301/1798 1381/1315/560 1408/4302/593
f 1414/1349/599 1420/1351/601 1389/4304/1799
f 1420/4305/1800 1416/6737/605 1387/1320/566
f 1409/1347/596 1412/1348/598 1419/1356/1801
f 1412/1348/1814 1408/1344/593 1416/1355/605
f 1407/1341/590 1413/1343/592 1396/4306/1803
f 1413/4307/1804 1409/1347/596 1394/4308/575
f 1400/1333/581 1406/1335/583 1417/4310/1805
f 1406/4311/1806 1402/6738/587 1415/1352/602
f 1395/1331/578 1398/1332/580 1405/1340/1807
f 1398/1332/1808 1394/1328/575 1402/1339/587
f 1393/1325/572 1399/1327/574 1368/4312/1809
f 1399/4313/1812 1395/1331/578 1366/4314/539
f 1373/1304/548 1375/1306/550 1403/4316/1810
f 1375/4317/1811 1372/6739/545 1401/1336/584
f 1421/1357/536 1427/1359/538 1438/4318/1789
f 1427/4319/1790 1423/1363/542 1436/4320/557
f 1428/1365/545 1434/1367/547 1426/1364/1791
f 1434/1367/1792 1430/1371/551 1423/1363/542
f 1442/1381/563 1448/1383/565 1433/4322/1793
f 1448/4323/1794 1444/6740/569 1430/1371/551
f 1437/1379/560 1440/1380/608 1447/1388/1813
f 1440/1380/1796 1436/1376/557 1444/1387/569
f 1435/1373/554 1441/1375/556 1466/4324/1797
f 1441/4325/1798 1437/1379/560 1464/4326/593
f 1470/1413/599 1476/1415/601 1445/4328/1799
f 1476/4329/1800 1472/6741/605 1443/1384/566
f 1465/1411/596 1468/1412/598 1475/1420/1801
f 1468/1412/1814 1464/1408/593 1472/1419/605
f 1463/1405/590 1469/1407/592 1452/4330/1803
f 1469/4331/1804 1465/1411/596 1450/4332/575
f 1456/1397/581 1462/1399/583 1473/4334/1805
f 1462/4335/1806 1458/6742/587 1471/1416/602
f 1451/1395/578 1454/1396/580 1461/1404/1807
f 1454/1396/1808 1450/1392/575 1458/1403/587
f 1449/1389/572 1455/1391/574 1424/4336/1809
f 1455/4337/1812 1451/1395/578 1422/4338/539
f 1429/1368/548 1431/1370/550 1459/4340/1810
f 1431/4341/1811 1428/6743/545 1457/1400/584
f 1484/4342/1815 1485/6744/1828 1479/4343/1816
f 1479/4345/1818 1485/4357/1829 1483/4346/1819
f 1487/4348/1821 1481/6165/1925 1482/4349/1822
f 1488/4351/1824 1482/4461/1926 1480/4352/1825
f 1490/4354/1827 1491/4364/1836 1485/4355/1828
f 1485/4357/1829 1491/4366/1838 1489/4358/1830
f 1493/4359/1831 1487/4348/1821 1488/4350/1823
f 1488/4351/1824 1486/4353/1826 1492/4361/1833
f 1496/4363/1835 1497/4372/1844 1491/4364/1836
f 1497/4365/1837 1495/4374/1846 1489/4358/1830
f 1499/4367/1839 1493/4359/1831 1494/4360/1832
f 1500/4369/1841 1494/4362/1834 1492/4361/1833
f 1502/4371/1843 1503/6745/1852 1497/4372/1844
f 1503/4373/1845 1501/4383/1854 1495/4374/1846
f 1499/4367/1839 1500/4368/1840 1506/4375/1847
f 1500/4369/1841 1498/4370/1842 1504/4377/1849
f 1502/4379/1843 1508/4389/1859 1509/4380/1851
f 1503/4373/1845 1509/4392/1862 1507/4382/1853
f 1505/4384/1848 1506/6746/1847 1512/4385/1855
f 1512/4387/1857 1506/4378/1850 1504/4377/1849
f 1508/4389/1859 1514/4397/1867 1515/4390/1860
f 1515/4391/1861 1513/4400/1870 1507/4382/1853
f 1511/4386/1856 1512/4385/1855 1518/4393/1863
f 1518/4395/1865 1512/4387/1857 1510/4388/1858
f 1514/4397/1867 1520/6167/1876 1521/4398/1868
f 1515/4391/1861 1521/4408/1877 1519/4399/1869
f 1517/4394/1864 1518/4393/1863 1524/4401/1871
f 1518/4395/1865 1516/4396/1866 1522/4403/1873
f 1526/4405/1875 1527/4415/1884 1521/4406/1868
f 1521/4408/1877 1527/4417/1886 1525/4409/1878
f 1523/4402/1872 1524/4401/1871 1530/4410/1879
f 1530/4412/1881 1524/4404/1874 1522/4403/1873
f 1526/4405/1875 1532/4423/1891 1533/4414/1883
f 1533/4416/1885 1531/4426/1894 1525/4409/1878
f 1535/4418/1887 1529/6169/1880 1530/4419/1879
f 1530/4412/1881 1528/4413/1882 1534/4421/1889
f 1532/4423/1891 1538/4431/1899 1539/4424/1892
f 1533/4416/1885 1539/4434/1902 1537/4425/1893
f 1541/4427/1895 1535/4418/1887 1536/4420/1888
f 1542/4429/1897 1536/4422/1890 1534/4421/1889
f 1538/4431/1899 1544/6170/1908 1545/4432/1900
f 1545/4433/1901 1543/4443/1910 1537/4425/1893
f 1541/4427/1895 1542/4428/1896 1548/4435/1903
f 1542/4429/1897 1540/4430/1898 1546/4437/1905
f 1550/4439/1907 1551/4450/1916 1545/4440/1900
f 1545/4433/1901 1551/4451/1917 1549/4442/1909
f 1547/4444/1904 1548/6747/1903 1554/4445/1911
f 1548/4438/1906 1546/4437/1905 1552/4447/1913
f 1556/4449/1915 1557/4457/1923 1551/4450/1916
f 1551/4451/1917 1557/4458/1924 1555/4452/1918
f 1553/4446/1912 1554/4445/1911 1560/4453/1919
f 1560/4455/1921 1554/4448/1914 1552/4447/1913
f 1556/4449/1915 1478/4344/1817 1479/4343/1816
f 1557/4458/1924 1479/4345/1818 1477/4347/1820
f 1559/4454/1920 1560/4453/1919 1482/4459/1822
f 1560/4455/1921 1558/4456/1922 1480/4352/1825
f 1568/4462/1927 1569/4475/1940 1563/4463/1928
f 1569/4465/1930 1567/4477/1942 1561/4466/1931
f 1565/4468/1933 1566/4580/2037 1572/4469/1934
f 1572/4471/1936 1566/4581/2038 1564/4472/1937
f 1568/4462/1927 1574/4483/1947 1575/4474/1939
f 1575/4476/1941 1573/4486/1950 1567/4477/1942
f 1577/4478/1943 1571/6171/1935 1572/4479/1934
f 1572/4471/1936 1570/4473/1938 1576/4481/1945
f 1574/4483/1947 1580/4492/1956 1581/4484/1948
f 1575/4476/1941 1581/4493/1957 1579/4485/1949
f 1583/4487/1951 1577/4478/1943 1578/4480/1944
f 1584/4489/1953 1578/4482/1946 1576/4481/1945
f 1586/4491/1955 1587/6748/1964 1581/4484/1948
f 1581/4493/1957 1587/4502/1965 1585/4494/1958
f 1583/4487/1951 1584/4488/1952 1590/4495/1959
f 1584/4489/1953 1582/4490/1954 1588/4497/1961
f 1592/4499/1963 1593/4510/1972 1587/4500/1964
f 1587/4502/1965 1593/4512/1974 1591/4503/1966
f 1589/4504/1960 1590/6749/1959 1596/4505/1967
f 1596/4507/1969 1590/4498/1962 1588/4497/1961
f 1592/4499/1963 1598/4517/1979 1599/4509/1971
f 1599/4511/1973 1597/4520/1982 1591/4503/1966
f 1595/4506/1968 1596/4505/1967 1602/4513/1975
f 1602/4515/1977 1596/4507/1969 1594/4508/1970
f 1598/4517/1979 1604/4526/1988 1605/4518/1980
f 1605/4519/1981 1603/4528/1990 1597/4520/1982
f 1607/4521/1983 1601/4514/1976 1602/4513/1975
f 1602/4515/1977 1600/4516/1978 1606/4523/1985
f 1610/4525/1987 1611/6750/1996 1605/4518/1980
f 1611/4527/1989 1609/4538/1998 1603/4528/1990
f 1613/4529/1991 1607/6172/1983 1608/4530/1984
f 1608/4524/1986 1606/4523/1985 1612/4532/1993
f 1616/4534/1995 1617/4544/2004 1611/4535/1996
f 1611/4527/1989 1617/4546/2006 1615/4537/1997
f 1619/4539/1999 1613/4529/1991 1614/4531/1992
f 1620/4541/2001 1614/4533/1994 1612/4532/1993
f 1622/4543/2003 1623/4552/2012 1617/4544/2004
f 1623/4545/2005 1621/4554/2014 1615/4537/1997
f 1619/4539/1999 1620/4540/2000 1626/4547/2007
f 1626/4549/2009 1620/4541/2001 1618/4542/2002
f 1628/4551/2011 1629/6751/2020 1623/4552/2012
f 1629/4553/2013 1627/4563/2022 1621/4554/2014
f 1625/4548/2008 1626/4547/2007 1632/4555/2015
f 1626/4549/2009 1624/4550/2010 1630/4557/2017
f 1628/4559/2011 1634/4569/2027 1635/4560/2019
f 1629/4553/2013 1635/4572/2030 1633/4562/2021
f 1637/4564/2023 1631/6174/2016 1632/4565/2015
f 1638/4567/2025 1632/4558/2018 1630/4557/2017
f 1634/4569/2027 1640/4578/2035 1641/4570/2028
f 1641/4571/2029 1639/4579/2036 1633/4562/2021
f 1643/4573/2031 1637/4564/2023 1638/4566/2024
f 1638/4567/2025 1636/4568/2026 1642/4575/2033
f 1562/4577/1929 1563/6752/1928 1641/4570/2028
f 1641/4571/2029 1563/4467/1932 1561/4466/1931
f 1643/4573/2031 1644/4574/2032 1566/4580/2037
f 1566/4581/2038 1644/4576/2034 1642/4575/2033
f 1652/4582/2039 1654/4588/2042 1651/4583/613
f 1651/4583/613 1654/4588/2042 1653/4585/2040
f 1655/4587/2041 1657/4591/2045 1654/4588/2042
f 1654/4588/2042 1657/4591/2045 1656/4589/2043
f 1655/4587/2041 1658/4592/2046 1660/4590/2044
f 1660/4590/2044 1659/4594/2047 1656/4589/2043
f 1658/4592/2046 1662/6182/619 1664/4593/617
f 1664/4593/617 1661/6179/616 1659/4594/2047
f 1669/4595/2048 1671/4601/2051 1668/4596/621
f 1668/4596/621 1671/4601/2051 1670/4598/2049
f 1672/4600/2050 1674/4604/2054 1671/4601/2051
f 1671/4601/2051 1674/4604/2054 1673/4602/2052
f 1672/4600/2050 1675/4605/2055 1677/4603/2053
f 1677/4603/2053 1676/4607/2056 1673/4602/2052
f 1675/4605/2055 1679/6184/627 1681/4606/625
f 1681/4606/625 1678/6181/624 1676/4607/2056
f 1686/4608/2057 1688/4615/2060 1685/4609/629
f 1685/4611/629 1688/4616/2060 1687/4612/2058
f 1689/4614/2059 1691/4619/2063 1688/4615/2060
f 1688/4616/2060 1691/4621/2063 1690/4617/2061
f 1689/4614/2059 1692/4622/2064 1694/4618/2062
f 1694/4620/2062 1693/4625/2065 1690/4617/2061
f 1692/4622/2064 1696/6185/635 1698/4623/633
f 1698/4624/633 1695/6183/632 1693/4625/2065
f 1703/4626/2066 1705/4632/2069 1702/4627/637
f 1702/4627/637 1705/4632/2069 1704/4629/2067
f 1706/4631/2068 1708/4635/2072 1705/4632/2069
f 1705/4632/2069 1708/4635/2072 1707/4633/2070
f 1706/4631/2068 1709/4636/2073 1711/4634/2071
f 1711/4634/2071 1710/4638/2074 1707/4633/2070
f 1709/4636/2073 1713/6187/643 1715/4637/641
f 1715/4637/641 1712/6186/640 1710/4638/2074
f 1720/4639/2075 1722/4645/2078 1719/4640/645
f 1719/4640/645 1722/4645/2078 1721/4642/2076
f 1723/4644/2077 1725/4648/46 1722/4645/2078
f 1722/4645/2078 1725/4648/46 1724/4646/2079
f 1723/4644/2077 1726/4649/2081 1728/4647/2080
f 1728/4647/2080 1727/4651/2082 1724/4646/2079
f 1726/4649/2081 1730/6753/651 1732/4650/649
f 1732/4650/649 1729/6188/648 1727/4651/2082
f 1737/4652/2083 1739/4658/2086 1736/4653/653
f 1736/4653/653 1739/4658/2086 1738/4655/2084
f 1740/4657/2085 1742/4661/2089 1739/4658/2086
f 1739/4658/2086 1742/4661/2089 1741/4659/2087
f 1740/4657/2085 1743/4662/2090 1745/4660/2088
f 1745/4660/2088 1744/4664/2091 1741/4659/2087
f 1743/4662/2090 1747/6195/659 1749/4663/657
f 1749/4663/657 1746/6192/656 1744/4664/2091
f 1754/4665/2092 1756/4671/2095 1753/4666/661
f 1753/4666/661 1756/4671/2095 1755/4668/2093
f 1757/4670/2094 1759/4674/2098 1756/4671/2095
f 1756/4671/2095 1759/4674/2098 1758/4672/2096
f 1757/4670/2094 1760/4675/2099 1762/4673/2097
f 1762/4673/2097 1761/4677/2100 1758/4672/2096
f 1760/4675/2099 1764/6197/667 1766/4676/665
f 1766/4676/665 1763/6194/664 1761/4677/2100
f 1771/4678/2101 1773/4685/2104 1770/4679/669
f 1770/4681/669 1773/4686/2104 1772/4682/2102
f 1774/4684/2103 1776/4689/2107 1773/4685/2104
f 1773/4686/2104 1776/4691/2107 1775/4687/2105
f 1774/4684/2103 1777/4692/2108 1779/4688/2106
f 1779/4690/2106 1778/4695/2109 1775/4687/2105
f 1777/4692/2108 1781/6199/675 1783/4693/673
f 1783/4694/673 1780/6196/672 1778/4695/2109
f 1788/4696/2110 1790/4702/2113 1787/4697/677
f 1787/4697/677 1790/4702/2113 1789/4699/2111
f 1791/4701/2112 1793/4705/2116 1790/4702/2113
f 1790/4702/2113 1793/4705/2116 1792/4703/2114
f 1791/4701/2112 1794/4706/2117 1796/4704/2115
f 1796/4704/2115 1795/4708/2118 1792/4703/2114
f 1794/4706/2117 1798/6201/683 1800/4707/681
f 1800/4707/681 1797/6198/680 1795/4708/2118
f 1805/4709/2119 1807/4719/2125 1804/4710/685
f 1804/4710/685 1807/4719/2125 1806/4712/2120
f 1809/4714/2121 1812/6754/691 1814/4715/689
f 1814/4715/689 1811/6200/688 1808/4717/2123
f 1645/4718/2124 1647/4721/6 1807/4719/2125
f 1807/4719/2125 1647/4721/6 1646/4720/2126
f 1645/4718/2124 1809/4714/2121 1810/4716/2122
f 1810/4716/2122 1808/4717/2123 1646/4720/2126
f 1822/4722/2039 1824/4728/2042 1821/4723/613
f 1821/4723/613 1824/4728/2042 1823/4725/2040
f 1825/4727/2041 1827/4731/2045 1824/4728/2042
f 1824/4728/2042 1827/4731/2045 1826/4729/2043
f 1825/4727/2041 1828/4732/2046 1830/4730/2044
f 1830/4730/2044 1829/4734/2047 1826/4729/2043
f 1828/4732/2046 1832/6208/619 1834/4733/617
f 1834/4733/617 1831/6205/616 1829/4734/2047
f 1839/4735/2048 1841/4741/2051 1838/4736/621
f 1838/4736/621 1841/4741/2051 1840/4738/2049
f 1842/4740/2050 1844/4744/2054 1841/4741/2051
f 1841/4741/2051 1844/4744/2054 1843/4742/2052
f 1842/4740/2050 1845/4745/2055 1847/4743/2053
f 1847/4743/2053 1846/4747/2056 1843/4742/2052
f 1845/4745/2055 1849/6210/693 1851/4746/625
f 1851/4746/625 1848/6207/624 1846/4747/2056
f 1856/4748/2057 1858/4755/2060 1855/4749/629
f 1855/4751/629 1858/4756/2060 1857/4752/2058
f 1859/4754/2059 1861/4759/2063 1858/4755/2060
f 1858/4756/2060 1861/4761/2063 1860/4757/2061
f 1859/4754/2059 1862/4762/2064 1864/4758/2062
f 1864/4760/2062 1863/4765/2065 1860/4757/2061
f 1862/4762/2064 1866/6212/635 1868/4763/633
f 1868/4764/633 1865/6209/695 1863/4765/2065
f 1873/4766/2066 1875/4772/2069 1872/4767/637
f 1872/4767/637 1875/4772/2069 1874/4769/2067
f 1876/4771/2068 1878/4775/2072 1875/4772/2069
f 1875/4772/2069 1878/4775/2072 1877/4773/2070
f 1876/4771/2068 1879/4776/2073 1881/4774/2071
f 1881/4774/2071 1880/4778/2074 1877/4773/2070
f 1879/4776/2073 1883/6214/643 1885/4777/696
f 1885/4777/696 1882/6211/640 1880/4778/2074
f 1890/4779/2075 1892/4785/2078 1889/4780/645
f 1889/4780/645 1892/4785/2078 1891/4782/2076
f 1893/4784/2077 1895/4788/46 1892/4785/2078
f 1892/4785/2078 1895/4788/46 1894/4786/2079
f 1893/4784/2077 1896/4789/2127 1898/4787/2080
f 1898/4787/2080 1897/4791/2082 1894/4786/2079
f 1896/4789/2127 1900/6755/651 1902/4790/649
f 1902/4790/649 1899/6213/648 1897/4791/2082
f 1907/4792/2083 1909/4798/2086 1906/4793/653
f 1906/4793/653 1909/4798/2086 1908/4795/2084
f 1910/4797/2085 1912/4801/2089 1909/4798/2086
f 1909/4798/2086 1912/4801/2089 1911/4799/2087
f 1910/4797/2085 1913/4802/2090 1915/4800/2088
f 1915/4800/2088 1914/4804/2091 1911/4799/2087
f 1913/4802/2090 1917/6222/659 1919/4803/657
f 1919/4803/657 1916/6219/656 1914/4804/2091
f 1924/4805/2092 1926/4811/2095 1923/4806/661
f 1923/4806/661 1926/4811/2095 1925/4808/2093
f 1927/4810/2094 1929/4814/2098 1926/4811/2095
f 1926/4811/2095 1929/4814/2098 1928/4812/2096
f 1927/4810/2094 1930/4815/2099 1932/4813/2097
f 1932/4813/2097 1931/4817/2100 1928/4812/2096
f 1930/4815/2099 1934/6223/698 1936/4816/665
f 1936/4816/665 1933/6221/664 1931/4817/2100
f 1941/4818/2101 1943/4825/2104 1940/4819/669
f 1940/4821/669 1943/4826/2104 1942/4822/2102
f 1944/4824/2103 1946/4829/2107 1943/4825/2104
f 1943/4826/2104 1946/4831/2107 1945/4827/2105
f 1944/4824/2103 1947/4832/2108 1949/4828/2106
f 1949/4830/2106 1948/4835/2109 1945/4827/2105
f 1947/4832/2108 1951/6226/675 1953/4833/673
f 1953/4834/673 1950/6224/700 1948/4835/2109
f 1958/4836/2110 1960/4842/2113 1957/4837/677
f 1957/4837/677 1960/4842/2113 1959/4839/2111
f 1961/4841/2112 1963/4845/2116 1960/4842/2113
f 1960/4842/2113 1963/4845/2116 1962/4843/2114
f 1961/4841/2112 1964/4846/2117 1966/4844/2115
f 1966/4844/2115 1965/4848/2118 1962/4843/2114
f 1964/4846/2117 1968/6228/683 1970/4847/681
f 1970/4847/681 1967/6225/680 1965/4848/2118
f 1975/4849/2128 1977/4859/2125 1974/4850/685
f 1974/4850/685 1977/4859/2125 1976/4852/2129
f 1979/4854/2121 1982/6756/691 1984/4855/689
f 1984/4855/689 1981/6227/688 1978/4857/2123
f 1815/4858/2124 1817/4861/6 1977/4859/2125
f 1977/4859/2125 1817/4861/6 1816/4860/2126
f 1815/4858/2124 1979/4854/2121 1980/4856/2122
f 1980/4856/2122 1978/4857/2123 1816/4860/2126
f 1986/4862/2130 1992/6757/2143 1993/4863/2131
f 1993/4865/2133 1991/4878/2145 1985/4866/2134
f 1989/4868/2136 1990/6758/2240 1996/4869/2137
f 1990/4871/2139 1988/4981/2241 1994/4872/2140
f 1998/4874/2142 1999/4884/2151 1993/4875/2131
f 1999/4877/2144 1997/4886/2153 1991/4878/2145
f 2001/4879/2146 1995/4870/2138 1996/4869/2137
f 2002/4881/2148 1996/4873/2141 1994/4872/2140
f 1998/4874/2142 2004/4892/2159 2005/4883/2150
f 2005/4885/2152 2003/4894/2161 1997/4886/2153
f 2001/4879/2146 2002/4880/2147 2008/4887/2154
f 2008/4889/2156 2002/4881/2148 2000/4882/2149
f 2010/4891/2158 2011/6759/2167 2005/4883/2150
f 2011/4893/2160 2009/4903/2169 2003/4894/2161
f 2007/4888/2155 2008/4887/2154 2014/4895/2162
f 2008/4889/2156 2006/4890/2157 2012/4897/2164
f 2016/4899/2166 2017/4910/2175 2011/4900/2167
f 2017/4902/2168 2015/4912/2177 2009/4903/2169
f 2019/4904/2170 2013/6230/2163 2014/4905/2162
f 2014/4898/2165 2012/4897/2164 2018/4907/2172
f 2022/4909/2174 2023/4918/2183 2017/4910/2175
f 2023/4911/2176 2021/4920/2185 2015/4912/2177
f 2025/4913/2178 2019/4904/2170 2020/4906/2171
f 2020/4908/2173 2018/4907/2172 2024/4915/2180
f 2028/4917/2182 2029/6760/2191 2023/4918/2183
f 2023/4911/2176 2029/4929/2193 2027/4919/2184
f 2031/4921/2186 2025/4913/2178 2026/4914/2179
f 2032/4923/2188 2026/4916/2181 2024/4915/2180
f 2028/4925/2182 2034/4934/2198 2035/4926/2190
f 2035/4928/2192 2033/4937/2201 2027/4919/2184
f 2031/4921/2186 2032/4922/2187 2038/4930/2194
f 2032/4923/2188 2030/4924/2189 2036/4932/2196
f 2034/4934/2198 2040/4943/2206 2041/4935/2199
f 2041/4936/2200 2039/4946/2209 2033/4937/2201
f 2043/4938/2202 2037/6761/2195 2038/4939/2194
f 2038/4933/2197 2036/4932/2196 2042/4941/2204
f 2040/4943/2206 2046/4952/2215 2047/4944/2207
f 2041/4936/2200 2047/4954/2217 2045/4945/2208
f 2043/4938/2202 2044/4940/2203 2050/4947/2210
f 2044/4942/2205 2042/4941/2204 2048/4949/2212
f 2052/4951/2214 2053/6762/2223 2047/4944/2207
f 2053/4953/2216 2051/4963/2225 2045/4945/2208
f 2055/4955/2218 2049/4948/2211 2050/4947/2210
f 2050/4950/2213 2048/4949/2212 2054/4957/2220
f 2058/4959/2222 2059/4970/2231 2053/4960/2223
f 2059/4962/2224 2057/4972/2233 2051/4963/2225
f 2055/4964/2218 2056/6763/2219 2062/4965/2226
f 2056/4958/2221 2054/4957/2220 2060/4967/2228
f 2064/4969/2230 2065/4977/2238 2059/4970/2231
f 2059/4962/2224 2065/4978/2239 2063/4971/2232
f 2061/4966/2227 2062/4965/2226 2068/4973/2234
f 2068/4975/2236 2062/4968/2229 2060/4967/2228
f 2064/4969/2230 1986/4862/2130 1987/4864/2132
f 1987/4867/2135 1985/4866/2134 2063/4971/2232
f 1989/4979/2136 2067/4974/2235 2068/4973/2234
f 1990/4871/2139 2068/4975/2236 2066/4976/2237
f 2070/4982/2242 2076/4994/2254 2077/4983/2243
f 2077/4985/2245 2075/4997/2257 2069/4986/2246
f 2073/4988/2248 2074/5100/2352 2080/4989/2249
f 2080/4991/2251 2074/5101/2353 2072/4992/2252
f 2076/4994/2254 2082/5003/2262 2083/4995/2255
f 2083/4996/2256 2081/5006/2265 2075/4997/2257
f 2085/4998/2258 2079/6233/2250 2080/4999/2249
f 2080/4991/2251 2078/4993/2253 2084/5001/2260
f 2082/5003/2262 2088/5012/2271 2089/5004/2263
f 2083/4996/2256 2089/5014/2273 2087/5005/2264
f 2085/4998/2258 2086/5000/2259 2092/5007/2266
f 2092/5009/2268 2086/5002/2261 2084/5001/2260
f 2094/5011/2270 2095/6764/2279 2089/5004/2263
f 2095/5013/2272 2093/5023/2281 2087/5005/2264
f 2097/5015/2274 2091/5008/2267 2092/5007/2266
f 2092/5009/2268 2090/5010/2269 2096/5017/2276
f 2100/5019/2278 2101/5030/2287 2095/5020/2279
f 2095/5013/2272 2101/5032/2289 2099/5022/2280
f 2097/5024/2274 2098/6765/2275 2104/5025/2282
f 2104/5027/2284 2098/5018/2277 2096/5017/2276
f 2106/5029/2286 2107/5038/2295 2101/5030/2287
f 2107/5031/2288 2105/5040/2297 2099/5022/2280
f 2109/5033/2290 2103/5026/2283 2104/5025/2282
f 2104/5027/2284 2102/5028/2285 2108/5035/2292
f 2106/5029/2286 2112/5045/2302 2113/5037/2294
f 2113/5039/2296 2111/5048/2305 2105/5040/2297
f 2115/5041/2298 2109/5033/2290 2110/5034/2291
f 2110/5036/2293 2108/5035/2292 2114/5043/2300
f 2112/5045/2302 2118/6766/2311 2119/5046/2303
f 2113/5039/2296 2119/5058/2313 2117/5047/2304
f 2121/5049/2306 2115/6767/2298 2116/5050/2299
f 2116/5044/2301 2114/5043/2300 2120/5052/2308
f 2124/5054/2310 2125/5064/2319 2119/5055/2303
f 2125/5057/2312 2123/5066/2321 2117/5047/2304
f 2121/5049/2306 2122/5051/2307 2128/5059/2314
f 2122/5053/2309 2120/5052/2308 2126/5061/2316
f 2124/5054/2310 2130/5072/2327 2131/5063/2318
f 2125/5057/2312 2131/5074/2329 2129/5065/2320
f 2127/5060/2315 2128/5059/2314 2134/5067/2322
f 2134/5069/2324 2128/5062/2317 2126/5061/2316
f 2136/5071/2326 2137/6768/2335 2131/5063/2318
f 2137/5073/2328 2135/5083/2337 2129/5065/2320
f 2133/5068/2323 2134/5067/2322 2140/5075/2330
f 2140/5077/2332 2134/5069/2324 2132/5070/2325
f 2142/5079/2334 2143/5090/2343 2137/5080/2335
f 2143/5082/2336 2141/5092/2345 2135/5083/2337
f 2145/5084/2338 2139/6235/2331 2140/5085/2330
f 2140/5077/2332 2138/5078/2333 2144/5087/2340
f 2142/5079/2334 2148/5098/2350 2149/5089/2342
f 2143/5082/2336 2149/5099/2351 2147/5091/2344
f 2145/5084/2338 2146/5086/2339 2152/5093/2346
f 2152/5095/2348 2146/5088/2341 2144/5087/2340
f 2070/5097/2242 2071/6769/2244 2149/5089/2342
f 2149/5099/2351 2071/4987/2247 2069/4986/2246
f 2073/4988/2248 2151/5094/2347 2152/5093/2346
f 2152/5095/2348 2150/5096/2349 2072/4992/2252
f 2160/5102/2354 2162/5104/2045 2159/1582/702
f 2159/1582/702 2162/5104/2045 2161/5103/2355
f 2160/5102/2354 2164/1588/708 2166/1586/706
f 2166/1586/706 2163/1585/705 2161/5103/2355
f 2177/5105/2356 2179/5107/2054 2176/1590/710
f 2176/1590/710 2179/5107/2054 2178/5106/2357
f 2177/5105/2356 2181/1596/716 2183/1594/714
f 2183/1594/714 2180/1593/713 2178/5106/2357
f 2167/5108/2358 2169/5111/2361 2186/5109/2359
f 2169/5111/2361 2168/5194/2428 2184/5112/2362
f 2171/5113/2363 2153/5198/2432 2155/5114/2364
f 2172/5115/2365 2155/5114/2364 2154/5116/2366
f 2194/5118/2368 2196/5122/2063 2193/1598/718
f 2193/5119/718 2196/5124/2063 2195/5120/2369
f 2194/5118/2368 2198/1607/724 2200/1606/722
f 2200/5123/722 2197/6247/721 2195/5120/2369
f 2185/5110/2360 2186/5109/2359 2203/5125/2370
f 2186/5109/2359 2184/5112/2362 2201/5127/2372
f 2171/5113/2363 2172/5115/2365 2189/5128/2373
f 2172/5115/2365 2170/5117/2367 2187/5130/2375
f 2211/5131/2376 2213/5133/2072 2210/1610/726
f 2210/1610/726 2213/5133/2072 2212/5132/2377
f 2211/5131/2376 2215/1616/732 2217/1614/730
f 2217/1614/730 2214/1613/729 2212/5132/2377
f 2219/5134/2378 2202/5126/2371 2203/5125/2370
f 2203/5125/2370 2201/5127/2372 2218/5136/2380
f 2205/5137/2381 2188/5129/2374 2189/5128/2373
f 2189/5128/2373 2187/5130/2375 2204/5139/2383
f 2228/5140/2384 2230/5142/46 2227/1618/734
f 2227/1618/734 2230/5142/46 2229/5141/2385
f 2228/5140/2384 2232/1624/740 2234/1622/738
f 2234/1622/738 2231/1621/737 2229/5141/2385
f 2236/5143/2386 2219/5134/2378 2220/5135/2379
f 2237/5144/2387 2220/5135/2379 2218/5136/2380
f 2205/5137/2381 2206/5138/2382 2223/5146/2389
f 2223/5146/2389 2206/5138/2382 2204/5139/2383
f 2245/5149/2392 2247/5151/2089 2244/1626/742
f 2244/1626/742 2247/5151/2089 2246/5150/2393
f 2245/5149/2392 2249/1632/748 2251/1630/746
f 2251/1630/746 2248/1629/745 2246/5150/2393
f 2222/5147/2390 2223/5146/2389 2240/5152/2394
f 2223/5146/2389 2221/5148/2391 2238/5154/2396
f 2252/5155/2397 2254/5164/2405 2237/5144/2387
f 2237/5144/2387 2254/5164/2405 2253/5156/2398
f 2262/5157/2399 2264/5159/2098 2261/1634/750
f 2261/1634/750 2264/5159/2098 2263/5158/2400
f 2262/5157/2399 2266/1640/756 2268/1638/754
f 2268/1638/754 2265/1637/753 2263/5158/2400
f 2239/5153/2395 2240/5152/2394 2257/5160/2401
f 2257/5160/2401 2240/5152/2394 2238/5154/2396
f 2269/5163/2404 2271/5174/2410 2254/5164/2405
f 2254/5164/2405 2271/5174/2410 2270/5165/2406
f 2279/5166/2407 2281/5170/2107 2278/1642/758
f 2278/5167/758 2281/5172/2107 2280/5168/2408
f 2279/5166/2407 2283/1651/764 2285/1650/762
f 2285/5171/762 2282/6263/761 2280/5168/2408
f 2286/5173/2409 2288/5175/2411 2271/5174/2410
f 2288/5175/2411 2287/5183/2418 2270/5165/2406
f 2272/5176/2412 2274/5177/2413 2257/5160/2401
f 2274/5177/2413 2273/5186/2421 2256/5161/2402
f 2296/5178/2414 2298/5180/2116 2295/1654/766
f 2295/1654/766 2298/5180/2116 2297/5179/2415
f 2296/5178/2414 2300/1660/772 2302/1658/770
f 2302/1658/770 2299/1657/769 2297/5179/2415
f 2303/5181/2416 2305/5182/2417 2288/5175/2411
f 2305/5182/2417 2304/5191/2425 2287/5183/2418
f 2289/5184/2419 2291/5185/2420 2274/5177/2413
f 2291/5185/2420 2290/5193/2427 2273/5186/2421
f 2313/5187/2422 2315/5189/6 2312/1662/774
f 2312/1662/774 2315/5189/6 2314/5188/2423
f 2313/5187/2422 2317/1668/780 2319/1666/778
f 2319/1666/778 2316/1665/777 2314/5188/2423
f 2303/5181/2416 2320/5195/2429 2322/5190/2424
f 2322/5190/2424 2321/5196/2430 2304/5191/2425
f 2289/5184/2419 2306/5197/2431 2308/5192/2426
f 2308/5192/2426 2307/5199/2433 2290/5193/2427
f 2168/5194/2428 2169/5111/2361 2322/5190/2424
f 2322/5190/2424 2169/5111/2361 2167/5108/2358
f 2154/5116/2366 2155/5114/2364 2308/5192/2426
f 2308/5192/2426 2155/5114/2364 2153/5198/2432
f 2330/5200/2354 2332/5202/2045 2329/1670/702
f 2329/1670/702 2332/5202/2045 2331/5201/2355
f 2330/5200/2354 2334/1676/708 2336/1674/706
f 2336/1674/706 2333/1673/705 2331/5201/2355
f 2347/5203/2356 2349/5205/2054 2346/1678/710
f 2346/1678/710 2349/5205/2054 2348/5204/2357
f 2347/5203/2356 2351/1684/716 2353/1682/714
f 2353/1682/714 2350/1681/713 2348/5204/2357
f 2337/5206/2358 2339/5209/2361 2356/5207/2434
f 2339/5209/2361 2338/5292/2428 2354/5210/2362
f 2341/5211/2363 2323/5296/2432 2325/5212/2364
f 2342/5213/2435 2325/5212/2364 2324/5214/2366
f 2364/5216/2368 2366/5220/2063 2363/1686/718
f 2363/5217/718 2366/5222/2063 2365/5218/2369
f 2364/5216/2368 2368/1695/724 2370/1694/722
f 2370/5221/722 2367/6281/721 2365/5218/2369
f 2355/5208/2360 2356/5207/2434 2373/5223/2370
f 2356/5207/2434 2354/5210/2362 2371/5225/2372
f 2358/5226/2374 2341/5211/2363 2342/5213/2435
f 2342/5213/2435 2340/5215/2367 2357/5228/2375
f 2381/5229/2376 2383/5231/2072 2380/1698/726
f 2380/1698/726 2383/5231/2072 2382/5230/2377
f 2381/5229/2376 2385/1704/732 2387/1702/730
f 2387/1702/730 2384/1701/729 2382/5230/2377
f 2372/5224/2371 2373/5223/2370 2390/5232/2379
f 2373/5223/2370 2371/5225/2372 2388/5234/2380
f 2358/5226/2374 2359/5227/2373 2376/5235/2436
f 2376/5235/2436 2359/5227/2373 2357/5228/2375
f 2398/5238/2384 2400/5240/46 2397/1706/734
f 2397/1706/734 2400/5240/46 2399/5239/2385
f 2398/5238/2384 2402/1712/740 2404/1710/738
f 2404/1710/738 2401/1709/737 2399/5239/2385
f 2406/5241/2386 2389/5233/2378 2390/5232/2379
f 2407/5242/2387 2390/5232/2379 2388/5234/2380
f 2375/5236/2381 2376/5235/2436 2393/5244/2389
f 2393/5244/2389 2376/5235/2436 2374/5237/2383
f 2415/5247/2392 2417/5249/2089 2414/1714/742
f 2414/1714/742 2417/5249/2089 2416/5248/2393
f 2415/5247/2392 2419/1720/748 2421/1718/746
f 2421/1718/746 2418/1717/745 2416/5248/2393
f 2392/5245/2390 2393/5244/2389 2410/5250/2394
f 2393/5244/2389 2391/5246/2391 2408/5252/2396
f 2422/5253/2397 2424/5262/2405 2407/5242/2387
f 2407/5242/2387 2424/5262/2405 2423/5254/2398
f 2432/5255/2399 2434/5257/2098 2431/1722/750
f 2431/1722/750 2434/5257/2098 2433/5256/2400
f 2432/5255/2399 2436/1728/756 2438/1726/754
f 2438/1726/754 2435/1725/753 2433/5256/2400
f 2409/5251/2395 2410/5250/2394 2427/5258/2401
f 2427/5258/2401 2410/5250/2394 2408/5252/2396
f 2439/5261/2404 2441/5263/2410 2424/5262/2405
f 2441/5263/2410 2440/5273/2406 2423/5254/2398
f 2449/5264/2407 2451/5268/2107 2448/1730/758
f 2448/5265/758 2451/5270/2107 2450/5266/2408
f 2449/5264/2407 2453/1739/764 2455/1738/762
f 2455/5269/762 2452/6297/761 2450/5266/2408
f 2456/5271/2409 2458/5272/2437 2441/5263/2410
f 2458/5272/2437 2457/5281/2418 2440/5273/2406
f 2442/5274/2412 2444/5275/2413 2427/5258/2401
f 2444/5275/2413 2443/5284/2421 2426/5259/2402
f 2466/5276/2414 2468/5278/2116 2465/1742/766
f 2465/1742/766 2468/5278/2116 2467/5277/2415
f 2466/5276/2414 2470/1748/772 2472/1746/770
f 2472/1746/770 2469/1745/769 2467/5277/2415
f 2456/5271/2409 2473/5288/2416 2475/5279/2417
f 2458/5272/2437 2475/5279/2417 2474/5280/2425
f 2459/5282/2419 2461/5283/2420 2444/5275/2413
f 2461/5283/2420 2460/5291/2427 2443/5284/2421
f 2483/5285/2422 2485/5287/6 2482/1750/774
f 2482/1750/774 2485/5287/6 2484/5286/2423
f 2483/5285/2422 2487/1756/780 2489/1754/778
f 2489/1754/778 2486/1753/777 2484/5286/2423
f 2473/5288/2416 2490/5293/2429 2492/5289/2424
f 2492/5289/2424 2491/5294/2430 2474/5280/2425
f 2459/5282/2419 2476/5295/2431 2478/5290/2426
f 2478/5290/2426 2477/5297/2433 2460/5291/2427
f 2338/5292/2428 2339/5209/2361 2492/5289/2424
f 2492/5289/2424 2339/5209/2361 2337/5206/2358
f 2324/5214/2366 2325/5212/2364 2478/5290/2426
f 2478/5290/2426 2325/5212/2364 2323/5296/2432
f 2493/1757/536 2499/1759/538 2510/5298/1789
f 2499/5299/1790 2495/1763/542 2508/5300/557
f 2500/1765/545 2506/1767/547 2498/1764/1791
f 2506/1767/1792 2502/1771/551 2495/1763/542
f 2514/1781/563 2520/1783/565 2505/5302/1793
f 2505/1772/553 2520/6770/1794 2516/5303/569
f 2509/1779/560 2512/1780/562 2519/1788/1795
f 2512/1780/2438 2508/1776/557 2516/1787/569
f 2507/1773/554 2513/1775/556 2538/5304/1797
f 2538/5305/595 2513/6553/1798 2509/1779/560
f 2542/1813/599 2548/1815/601 2517/5307/1799
f 2548/5308/1800 2544/6771/605 2515/1784/566
f 2537/1811/596 2540/1812/598 2547/1820/1801
f 2540/1812/1802 2536/1808/593 2544/1819/605
f 2535/1805/590 2541/1807/592 2524/5309/1803
f 2524/5310/577 2541/6556/1804 2537/1811/596
f 2528/1797/581 2534/1799/583 2545/5312/1805
f 2534/5313/1806 2530/6772/587 2543/1816/602
f 2523/1795/578 2526/1796/580 2533/1804/1807
f 2526/1796/1808 2522/1792/575 2530/1803/587
f 2521/1789/572 2527/1791/574 2496/5314/1809
f 2527/5315/1812 2523/1795/578 2494/5316/539
f 2501/1768/548 2503/1770/550 2531/5318/1810
f 2503/5319/1811 2500/6773/545 2529/1800/584
f 2549/1821/536 2555/1823/538 2566/5320/1789
f 2555/5321/1790 2551/1827/542 2564/5322/557
f 2556/1829/545 2562/1831/547 2554/1828/1791
f 2562/1831/1792 2558/1835/551 2551/1827/542
f 2570/1845/563 2576/1847/565 2561/5324/1793
f 2561/1836/553 2576/6774/1794 2572/5325/569
f 2565/1843/560 2568/1844/562 2575/1852/1795
f 2568/1844/1796 2564/1840/557 2572/1851/569
f 2563/1837/554 2569/1839/556 2594/5326/1797
f 2569/5327/1798 2565/1843/560 2592/5328/593
f 2598/1877/599 2604/1879/601 2573/5330/1799
f 2604/5331/1800 2600/6775/605 2571/1848/566
f 2593/1875/596 2596/1876/598 2603/1884/1801
f 2596/1876/1802 2592/1872/593 2600/1883/605
f 2591/1869/590 2597/1871/592 2580/5332/1803
f 2580/5333/577 2597/6561/1804 2593/1875/596
f 2584/1861/581 2590/1863/583 2601/5335/1805
f 2590/5336/1806 2586/6776/587 2599/1880/602
f 2579/1859/578 2582/1860/580 2589/1868/1807
f 2582/1860/1808 2578/1856/575 2586/1867/587
f 2577/1853/572 2583/1855/574 2552/5337/1809
f 2583/5338/1812 2579/1859/578 2550/5339/539
f 2557/1832/548 2559/1834/550 2587/5341/1810
f 2559/5342/1811 2556/6777/545 2585/1864/584
f 2605/1885/536 2611/1887/538 2622/5343/1789
f 2611/5344/1790 2607/1891/542 2620/5345/557
f 2612/1893/545 2618/1895/547 2610/1892/1791
f 2618/1895/1792 2614/1899/551 2607/1891/542
f 2626/1909/563 2632/1911/565 2617/5347/1793
f 2617/1900/553 2632/6778/1794 2628/5348/569
f 2621/1907/560 2624/1908/562 2631/1916/1795
f 2624/1908/1796 2620/1904/557 2628/1915/569
f 2619/1901/554 2625/1903/556 2650/5349/1797
f 2625/5350/1798 2621/1907/560 2648/5351/593
f 2654/1941/599 2660/1943/601 2629/5353/1799
f 2660/5354/1800 2656/6779/605 2627/1912/566
f 2649/1939/596 2652/1940/598 2659/1948/1801
f 2652/1940/1802 2648/1936/593 2656/1947/605
f 2647/1933/590 2653/1935/592 2636/5355/1803
f 2636/5356/577 2653/6566/1804 2649/1939/596
f 2640/1925/581 2646/1927/583 2657/5358/1805
f 2646/5359/1806 2642/6780/587 2655/1944/602
f 2635/1923/578 2638/1924/580 2645/1932/1807
f 2638/1924/1808 2634/1920/575 2642/1931/587
f 2633/1917/572 2639/1919/574 2608/5360/1809
f 2639/5361/1812 2635/1923/578 2606/5362/539
f 2613/1896/548 2615/1898/550 2643/5364/1810
f 2615/5365/1811 2612/6781/545 2641/1928/584
f 2661/1949/536 2667/1951/538 2678/5366/1789
f 2667/5367/1790 2663/1955/542 2676/5368/557
f 2668/1957/545 2674/1959/547 2666/1956/1791
f 2674/1959/1792 2670/1963/551 2663/1955/542
f 2682/1973/563 2688/1975/565 2673/5370/1793
f 2673/1964/553 2688/6782/1794 2684/5371/569
f 2677/1971/560 2680/1972/562 2687/1980/1795
f 2680/1972/1796 2676/1968/557 2684/1979/569
f 2675/1965/554 2681/1967/556 2706/5372/1797
f 2681/5373/1798 2677/1971/560 2704/5374/593
f 2710/2005/599 2716/2007/601 2685/5376/1799
f 2716/5377/1800 2712/6783/605 2683/1976/566
f 2705/2003/596 2708/2004/598 2715/2012/1801
f 2708/2004/1802 2704/2000/593 2712/2011/605
f 2703/1997/590 2709/1999/592 2692/5378/1803
f 2692/5379/577 2709/6571/1804 2705/2003/596
f 2696/1989/581 2702/1991/583 2713/5381/1805
f 2702/5382/1806 2698/6784/587 2711/2008/602
f 2691/1987/578 2694/1988/580 2701/1996/1807
f 2694/1988/1808 2690/1984/575 2698/1995/587
f 2689/1981/572 2695/1983/574 2664/5383/1809
f 2695/5384/1812 2691/1987/578 2662/5385/539
f 2669/1960/548 2671/1962/550 2699/5387/1810
f 2671/5388/1811 2668/6785/545 2697/1992/584
f 2717/2013/536 2723/2015/538 2734/5389/1789
f 2723/5390/1790 2719/2019/542 2732/5391/557
f 2724/2021/545 2730/2023/547 2722/2020/1791
f 2730/2023/1792 2726/2027/551 2719/2019/542
f 2738/2037/563 2744/2039/565 2729/5393/1793
f 2729/2028/553 2744/6786/1794 2740/5394/569
f 2733/2035/560 2736/2036/562 2743/2044/1795
f 2736/2036/1796 2732/2032/557 2740/2043/569
f 2731/2029/554 2737/2031/556 2762/5395/1797
f 2737/5396/1798 2733/2035/560 2760/5397/593
f 2766/2069/599 2772/2071/601 2741/5399/1799
f 2772/5400/1800 2768/6787/605 2739/2040/566
f 2761/2067/596 2764/2068/598 2771/2076/1801
f 2764/2068/1802 2760/2064/593 2768/2075/605
f 2759/2061/590 2765/2063/592 2748/5401/1803
f 2748/5402/577 2765/6576/1804 2761/2067/596
f 2752/2053/581 2758/2055/583 2769/5404/1805
f 2758/5405/1806 2754/6788/587 2767/2072/602
f 2747/2051/578 2750/2052/580 2757/2060/1807
f 2750/2052/1808 2746/2048/575 2754/2059/587
f 2745/2045/572 2751/2047/574 2720/5406/1809
f 2751/5407/1812 2747/2051/578 2718/5408/539
f 2725/2024/548 2727/2026/550 2755/5410/1810
f 2727/5411/1811 2724/6789/545 2753/2056/584
f 2773/2077/536 2779/2079/538 2790/5412/1789
f 2779/5413/1790 2775/2083/542 2788/5414/557
f 2780/2085/545 2786/2087/547 2778/2084/1791
f 2786/2087/1792 2782/2091/551 2775/2083/542
f 2794/2101/563 2800/2103/565 2785/5416/1793
f 2785/2092/553 2800/6790/1794 2796/5417/569
f 2789/2099/560 2792/2100/562 2799/2108/1795
f 2792/2100/1796 2788/2096/557 2796/2107/569
f 2787/2093/554 2793/2095/556 2818/5418/1797
f 2793/5419/1798 2789/2099/560 2816/5420/593
f 2822/2133/599 2828/2135/601 2797/5422/1799
f 2828/5423/1800 2824/6791/605 2795/2104/566
f 2817/2131/596 2820/2132/598 2827/2140/1801
f 2820/2132/1802 2816/2128/593 2824/2139/605
f 2815/2125/590 2821/2127/592 2804/5424/1803
f 2804/5425/577 2821/6581/1804 2817/2131/596
f 2808/2117/581 2814/2119/583 2825/5427/1805
f 2814/5428/1806 2810/6792/587 2823/2136/602
f 2803/2115/578 2806/2116/580 2813/2124/1807
f 2806/2116/1808 2802/2112/575 2810/2123/587
f 2801/2109/572 2807/2111/574 2776/5429/1809
f 2807/5430/1812 2803/2115/578 2774/5431/539
f 2781/2088/548 2783/2090/550 2811/5433/1810
f 2783/5434/1811 2780/6793/545 2809/2120/584
f 2829/2141/536 2835/2143/538 2846/5435/1789
f 2835/5436/1790 2831/2147/542 2844/5437/557
f 2836/2149/545 2842/2151/547 2834/2148/1791
f 2842/2151/1792 2838/2155/551 2831/2147/542
f 2850/2165/563 2856/2167/565 2841/5439/1793
f 2841/2156/553 2856/6794/1794 2852/5440/569
f 2845/2163/560 2848/2164/562 2855/2172/1795
f 2848/2164/1796 2844/2160/557 2852/2171/569
f 2843/2157/554 2849/2159/556 2874/5441/1797
f 2849/5442/1798 2845/2163/560 2872/5443/593
f 2878/2197/599 2884/2199/601 2853/5445/1799
f 2884/5446/1800 2880/6795/605 2851/2168/566
f 2873/2195/596 2876/2196/598 2883/2204/1801
f 2876/2196/1802 2872/2192/593 2880/2203/605
f 2871/2189/590 2877/2191/592 2860/5447/1803
f 2860/5448/577 2877/6586/1804 2873/2195/596
f 2864/2181/581 2870/2183/583 2881/5450/1805
f 2870/5451/1806 2866/6796/587 2879/2200/602
f 2859/2179/578 2862/2180/580 2869/2188/1807
f 2862/2180/1808 2858/2176/575 2866/2187/587
f 2857/2173/572 2863/2175/574 2832/5452/1809
f 2863/5453/1812 2859/2179/578 2830/5454/539
f 2837/2152/548 2839/2154/550 2867/5456/1810
f 2839/5457/1811 2836/6797/545 2865/2184/584
f 2885/2205/536 2891/2207/538 2902/5458/1789
f 2891/5459/1790 2887/2211/542 2900/5460/557
f 2892/2213/545 2898/2215/547 2890/2212/1791
f 2898/2215/1792 2894/2219/551 2887/2211/542
f 2906/2229/563 2912/2231/565 2897/5462/1793
f 2897/2220/553 2912/6798/1794 2908/5463/569
f 2901/2227/560 2904/2228/562 2911/2236/1795
f 2904/2228/1796 2900/2224/557 2908/2235/569
f 2899/2221/554 2905/2223/556 2930/5464/1797
f 2905/5465/1798 2901/2227/560 2928/5466/593
f 2934/2261/599 2940/2263/601 2909/5468/1799
f 2909/2234/568 2940/6799/1800 2936/5469/605
f 2929/2259/596 2932/2260/598 2939/2268/2439
f 2932/2260/1802 2928/2256/593 2936/2267/605
f 2927/2253/590 2933/2255/592 2916/5470/1803
f 2916/5471/794 2933/6592/1804 2929/2259/596
f 2920/2245/581 2926/2247/583 2937/5473/1805
f 2926/5474/1806 2922/6800/587 2935/2264/602
f 2915/2243/578 2918/2244/580 2925/2252/1807
f 2918/2244/2440 2914/2240/575 2922/2251/587
f 2913/2237/572 2919/2239/574 2888/5475/1809
f 2888/5476/541 2919/6590/1812 2915/2243/578
f 2893/2216/548 2895/2218/550 2923/5478/1810
f 2895/5479/1811 2892/6801/545 2921/2248/584
f 2956/2290/818 2958/2289/817 2947/5480/803
f 2958/5482/2441 2955/2285/813 2941/2269/797
f 2964/2300/828 2949/6303/810 2951/5483/809
f 2951/5484/2442 2948/2277/805 2962/2293/821
f 2950/2284/812 2953/2280/808 2946/2272/800
f 2953/2280/808 2949/2282/810 2943/2276/804
f 2957/2292/820 2960/2288/816 2967/2296/824
f 2960/2288/816 2956/2290/818 2964/2300/828
f 2970/2306/834 2972/2305/833 2961/2291/819
f 2961/2287/815 2972/6599/2690 2969/2301/829
f 2978/2316/844 2963/2298/826 2965/2297/825
f 2965/5485/2443 2962/2293/821 2976/2309/837
f 2971/2308/836 2974/2304/832 2981/2312/840
f 2974/2304/832 2970/2306/834 2978/2316/844
f 2984/2322/850 2986/2321/849 2975/2307/835
f 2975/2303/831 2986/6602/2693 2983/2317/845
f 2977/2314/842 2979/2313/841 2996/2331/859
f 2979/5486/2444 2976/2309/837 2990/2325/853
f 2985/2324/852 2988/2320/848 2995/2328/856
f 2988/2320/848 2984/2322/850 2992/2332/860
f 2998/2338/866 3000/2337/865 2989/5487/851
f 3000/5489/2445 2997/2333/861 2983/2317/845
f 3006/2348/876 2991/6304/858 2993/5490/857
f 2993/5491/2446 2990/2325/853 3004/2341/869
f 2999/2340/868 3002/2336/864 3009/2344/872
f 3002/2336/864 2998/2338/866 3006/2348/876
f 3012/2354/882 3014/2353/881 3003/2339/867
f 3003/2335/863 3014/6607/2698 3011/2349/877
f 3020/2364/892 3005/2346/874 3007/2345/873
f 3007/5492/2447 3004/2341/869 3018/2357/885
f 3013/2356/884 3016/2352/880 3023/2360/888
f 3016/2352/880 3012/2354/882 3020/2364/892
f 3026/2370/898 3028/2369/897 3017/2355/883
f 3028/5493/2448 3025/2365/893 3011/2349/877
f 3019/2362/890 3021/2361/889 3038/2379/907
f 3021/5494/2449 3018/2357/885 3032/2373/901
f 3027/2372/900 3030/2368/896 3037/2376/904
f 3030/2368/896 3026/2370/898 3034/2380/908
f 3040/2386/914 3042/2385/913 3031/5495/899
f 3042/5497/2450 3039/2381/909 3025/2365/893
f 3048/2396/924 3033/6305/906 3035/5498/905
f 3035/5499/2451 3032/2373/901 3046/2389/917
f 3041/2388/916 3044/2384/912 3051/2392/920
f 3044/2384/912 3040/2386/914 3048/2396/924
f 3054/2402/930 3056/2401/929 3045/2387/915
f 3045/2383/911 3056/6614/2705 3053/2397/925
f 3062/2412/940 3047/2394/922 3049/2393/921
f 3049/5500/2452 3046/2389/917 3060/2405/933
f 3055/2404/932 3058/2400/928 3065/2408/936
f 3058/2400/928 3054/2402/930 3062/2412/940
f 3068/2418/946 3070/2417/945 3059/2403/931
f 3059/2399/927 3070/6617/2708 3067/2413/941
f 3061/2410/938 3063/2409/937 3080/2427/955
f 3063/5501/2453 3060/2405/933 3074/2421/949
f 3069/2420/948 3072/2416/944 3079/2424/952
f 3072/2416/944 3068/2418/946 3076/2428/956
f 3082/2434/962 3084/2433/961 3073/5502/947
f 3084/5504/2454 3081/2429/957 3067/2413/941
f 3090/2444/972 3075/6306/954 3077/5505/953
f 3077/5506/2455 3074/2421/949 3088/2437/965
f 3083/2436/964 3086/2432/960 3093/2440/968
f 3086/2432/960 3082/2434/962 3090/2444/972
f 3096/2450/978 3098/2449/977 3087/2435/963
f 3087/2431/959 3098/6622/2713 3095/2445/973
f 3104/2460/988 3089/2442/970 3091/2441/969
f 3091/5507/2456 3088/2437/965 3102/2453/981
f 3097/2452/980 3100/2448/976 3107/2456/984
f 3100/2448/976 3096/2450/978 3104/2460/988
f 2942/2274/802 2944/2273/801 3101/2451/979
f 3101/2447/975 2944/6594/2685 2941/2269/797
f 3103/2458/986 3105/2457/985 2954/2283/811
f 3105/5508/2457 3102/2453/981 2948/2277/805
f 3109/2461/536 3115/2463/990 3126/5509/2458
f 3115/5510/2459 3111/2467/542 3124/5511/557
f 3116/2469/545 3122/2471/547 3114/2468/1791
f 3122/2471/1792 3118/2475/551 3111/2467/542
f 3130/2485/563 3136/2487/1003 3121/5513/2460
f 3136/5514/2461 3132/6802/569 3118/2475/551
f 3125/2483/560 3128/2484/562 3135/2492/1795
f 3128/2484/1796 3124/2480/557 3132/2491/569
f 3123/2477/554 3129/2479/999 3154/5515/2462
f 3129/5516/1798 3125/2483/560 3152/5517/593
f 3158/2517/1016 3164/2519/1018 3133/5519/2463
f 3164/5520/1800 3160/6803/605 3131/2488/566
f 3153/2515/596 3156/2516/598 3163/2524/1801
f 3156/2516/1802 3152/2512/593 3160/2523/605
f 3151/2509/590 3157/2511/1015 3140/5521/2464
f 3157/5522/2465 3153/2515/596 3138/5523/575
f 3144/2501/581 3150/2503/1011 3161/5525/2466
f 3150/5526/2467 3146/6804/587 3159/2520/602
f 3139/2499/578 3142/2500/580 3149/2508/1807
f 3142/2500/1808 3138/2496/575 3146/2507/587
f 3137/2493/572 3143/2495/1007 3112/5527/2468
f 3143/5528/1812 3139/2499/578 3110/5529/539
f 3117/2472/993 3119/2474/995 3147/5531/2469
f 3119/5532/1811 3116/6805/545 3145/2504/584
f 3165/2525/536 3171/2527/1021 3182/5533/2458
f 3171/5534/1790 3167/2531/542 3180/5535/557
f 3172/2533/545 3178/2535/547 3170/2532/1791
f 3170/2532/544 3178/2535/1792 3174/2539/551
f 3186/2549/563 3192/2551/1003 3177/5537/2460
f 3192/5538/2470 3188/6806/569 3174/2539/551
f 3187/2552/566 3181/2547/560 3184/2548/562
f 3184/2548/1796 3180/2544/557 3188/2555/569
f 3179/2541/554 3185/2543/556 3210/5539/1797
f 3185/5540/1798 3181/2547/560 3208/5541/593
f 3214/2581/599 3220/2583/1028 3189/5543/2471
f 3220/5544/1800 3216/6807/605 3187/2552/566
f 3215/2584/602 3209/2579/596 3212/2580/598
f 3212/2580/1802 3208/2576/593 3216/2587/605
f 3207/2573/590 3213/2575/1026 3196/5545/2464
f 3213/5546/1804 3209/2579/596 3194/5547/575
f 3200/2565/581 3206/2567/1011 3217/5549/2472
f 3206/5550/2473 3202/6808/587 3215/2584/602
f 3201/2568/584 3195/2563/578 3198/2564/580
f 3198/2564/1808 3194/2560/575 3202/2571/587
f 3193/2557/572 3199/2559/574 3168/5551/1809
f 3199/5552/1812 3195/2563/578 3166/5553/539
f 3173/2536/548 3175/2538/1023 3203/5555/2474
f 3175/5556/1811 3172/6809/545 3201/2568/584
f 3228/5557/2475 3230/6810/2478 3227/2591/1031
f 3227/2591/1031 3230/6810/2478 3229/5558/2476
f 3231/5559/2477 3233/5565/6 3230/5560/2478
f 3230/5560/2478 3233/5565/6 3232/5562/2479
f 3231/5559/2477 3234/6811/2481 3236/5564/2480
f 3236/5564/2480 3235/6311/2482 3232/5562/2479
f 3234/5566/2481 3238/2599/1039 3240/2600/1040
f 3240/2600/1040 3237/2596/1036 3235/5568/2482
f 3251/5569/2483 3253/5574/2486 3247/5570/1047
f 3247/2607/1047 3253/6812/2486 3252/5572/2484
f 3254/5573/2485 3256/5578/2489 3253/5574/2486
f 3253/5574/2486 3256/5578/2489 3255/5575/2487
f 3254/5573/2485 3257/5579/2490 3259/5577/2488
f 3259/5577/2488 3258/6313/2491 3255/5575/2487
f 3257/5579/2490 3260/6319/1050 3266/5580/1052
f 3266/2612/1052 3262/2615/1055 3258/5581/2491
f 3262/2615/1055 3265/2616/1056 3242/2602/1042
f 3265/2616/1056 3261/2613/1053 3239/2601/1041
f 3222/2592/1032 3246/2608/1048 3249/2609/1049
f 3226/2595/1035 3249/2609/1049 3245/2606/1046
f 3274/5583/2492 3276/6813/2495 3270/2621/1061
f 3270/2621/1061 3276/6813/2495 3275/5584/2493
f 3277/5585/2494 3279/5591/28 3276/5586/2495
f 3276/5586/2495 3279/5591/28 3278/5588/2496
f 3277/5585/2494 3280/6814/2498 3282/5590/2497
f 3282/5590/2497 3281/6317/2499 3278/5588/2496
f 3280/5592/2498 3283/2624/1064 3289/2626/1066
f 3289/2626/1066 3285/2629/1069 3281/5594/2499
f 3284/2627/1067 3261/2613/1053 3263/2614/1054
f 3288/2630/1070 3263/2614/1054 3260/2610/1050
f 3268/2620/1060 3244/2603/1043 3250/2605/1045
f 3250/2605/1045 3246/2608/1048 3269/2622/1062
f 3297/5595/2500 3299/5600/2503 3293/5596/1075
f 3293/2635/1075 3299/6815/2503 3298/5598/2501
f 3300/5599/2502 3302/5604/2506 3299/5600/2503
f 3299/5600/2503 3302/5604/2506 3301/5601/2504
f 3300/5599/2502 3303/5605/2507 3305/5603/2505
f 3305/5603/2505 3304/6321/2508 3301/5601/2504
f 3303/5605/2507 3306/6325/1078 3312/5606/1080
f 3312/2640/1080 3308/2643/1083 3304/5607/2508
f 3307/2641/1081 3284/2627/1067 3286/2628/1068
f 3311/2644/1084 3286/2628/1068 3283/2624/1064
f 3291/2634/1074 3267/2617/1057 3273/2619/1059
f 3273/2619/1059 3269/2622/1062 3292/2636/1076
f 3320/5609/2509 3322/6816/2512 3316/2649/1089
f 3316/2649/1089 3322/6816/2512 3321/5610/2510
f 3323/5611/2511 3325/5617/46 3322/5612/2512
f 3322/5612/2512 3325/5617/46 3324/5614/2513
f 3323/5611/2511 3326/6817/2515 3328/5616/2514
f 3328/5616/2514 3327/6323/2516 3324/5614/2513
f 3326/5618/2515 3329/2652/1092 3335/2654/1094
f 3335/2654/1094 3331/2657/1097 3327/5620/2516
f 3307/2641/1081 3309/2642/1082 3334/2658/1098
f 3309/2642/1082 3306/2638/1078 3331/2657/1097
f 3314/2648/1088 3290/2631/1071 3296/2633/1073
f 3318/2651/1091 3296/2633/1073 3292/2636/1076
f 3343/5621/2517 3345/5626/2520 3339/5622/1103
f 3339/2663/1103 3345/6818/2520 3344/5624/2518
f 3346/5625/2519 3348/5630/2523 3345/5626/2520
f 3345/5626/2520 3348/5630/2523 3347/5627/2521
f 3346/5625/2519 3349/5631/2524 3351/5629/2522
f 3351/5629/2522 3350/6329/2525 3347/5627/2521
f 3349/5631/2524 3352/6332/1106 3358/5632/1108
f 3358/2668/1108 3354/2671/1111 3350/5633/2525
f 3330/2655/1095 3332/2656/1096 3357/2672/1112
f 3332/2656/1096 3329/2652/1092 3354/2671/1111
f 3313/2645/1085 3319/2647/1087 3341/2665/1105
f 3319/2647/1087 3315/2650/1090 3338/2664/1104
f 3366/5635/2526 3368/6819/2529 3362/2677/1117
f 3362/2677/1117 3368/6819/2529 3367/5636/2527
f 3369/5637/2528 3371/5643/67 3368/5638/2529
f 3368/5638/2529 3371/5643/67 3370/5640/2530
f 3369/5637/2528 3372/6820/2532 3374/5642/2531
f 3374/5642/2531 3373/6330/2533 3370/5640/2530
f 3372/5644/2532 3375/2680/1120 3381/2682/1122
f 3381/2682/1122 3377/2685/1125 3373/5646/2533
f 3360/2676/1116 3336/2659/1099 3342/2661/1101
f 3342/2661/1101 3338/2664/1104 3361/2678/1118
f 3352/2666/1106 3377/2685/1125 3380/2686/1126
f 3355/2670/1110 3380/2686/1126 3376/2683/1123
f 3389/5647/2534 3391/5652/2537 3385/5648/1131
f 3385/2691/1131 3391/6821/2537 3390/5650/2535
f 3392/5651/2536 3394/5656/2540 3391/5652/2537
f 3391/5652/2537 3394/5656/2540 3393/5653/2538
f 3392/5651/2536 3395/5657/2541 3397/5655/2539
f 3397/5655/2539 3396/6334/2542 3393/5653/2538
f 3395/5657/2541 3398/6315/1134 3404/5658/1136
f 3404/2696/1136 3400/2699/1139 3396/5659/2542
f 3383/2690/1130 3359/2673/1113 3365/2675/1115
f 3387/2693/1133 3365/2675/1115 3361/2678/1118
f 3375/2680/1120 3400/2699/1139 3403/2700/1140
f 3403/2700/1140 3399/2697/1137 3376/2683/1123
f 3237/2596/1036 3243/2598/1038 3401/2698/1138
f 3401/2698/1138 3243/2598/1038 3239/2601/1041
f 3222/2592/1032 3224/2593/1033 3388/2689/1129
f 3224/2593/1033 3221/2589/1029 3382/2687/1127
f 3412/5661/2475 3414/6822/2478 3411/2703/1031
f 3411/2703/1031 3414/6822/2478 3413/5662/2476
f 3415/5663/2477 3417/5669/6 3414/5664/2478
f 3414/5664/2478 3417/5669/6 3416/5666/2479
f 3415/5663/2477 3418/6823/2543 3420/5668/2480
f 3420/5668/2480 3419/6339/2482 3416/5666/2479
f 3418/5670/2543 3422/2711/1144 3424/2712/1040
f 3424/2712/1040 3421/2708/1143 3419/5672/2482
f 3435/5673/2483 3437/5678/2486 3431/5674/1047
f 3431/2719/1047 3437/6824/2486 3436/5676/2484
f 3438/5677/2485 3440/5682/2489 3437/5678/2486
f 3437/5678/2486 3440/5682/2489 3439/5679/2487
f 3438/5677/2485 3441/5683/2490 3443/5681/2488
f 3443/5681/2488 3442/6341/2491 3439/5679/2487
f 3441/5683/2490 3444/6347/1050 3450/5684/1052
f 3450/2724/1052 3446/2727/1148 3442/5685/2491
f 3423/2713/1041 3426/2714/1145 3449/2728/1056
f 3426/2714/1145 3422/2711/1144 3446/2727/1148
f 3407/2706/1141 3410/2707/1142 3433/2721/1147
f 3433/2721/1147 3410/2707/1142 3406/2704/1032
f 3458/5687/2492 3460/6825/2495 3454/2733/1061
f 3454/2733/1061 3460/6825/2495 3459/5688/2493
f 3461/5689/2494 3463/5695/28 3460/5690/2495
f 3460/5690/2495 3463/5695/28 3462/5692/2496
f 3461/5689/2494 3464/6826/2498 3466/5694/2497
f 3466/5694/2497 3465/6345/2499 3462/5692/2496
f 3464/5696/2498 3467/2736/1064 3473/2738/1066
f 3473/2738/1066 3469/2741/1150 3465/5698/2499
f 3444/2722/1050 3469/2741/1150 3472/2742/1070
f 3447/2726/1054 3472/2742/1070 3468/2739/1067
f 3453/2734/1062 3456/2735/1063 3434/2717/1045
f 3434/2717/1045 3456/2735/1063 3452/2732/1060
f 3481/5699/2500 3483/5704/2503 3477/5700/1075
f 3477/2747/1075 3483/6827/2503 3482/5702/2501
f 3484/5703/2502 3486/5708/2506 3483/5704/2503
f 3483/5704/2503 3486/5708/2506 3485/5705/2504
f 3484/5703/2502 3487/5709/2507 3489/5707/2505
f 3489/5707/2505 3488/6349/2508 3485/5705/2504
f 3487/5709/2507 3490/6353/1153 3496/5710/1080
f 3496/2752/1080 3492/2755/1083 3488/5711/2508
f 3467/2736/1064 3492/2755/1083 3495/2756/1084
f 3495/2756/1084 3491/2753/1081 3468/2739/1067
f 3453/2734/1062 3476/2748/1076 3479/2749/1077
f 3457/2731/1059 3479/2749/1077 3475/2746/1152
f 3504/5713/2509 3506/6828/2512 3500/2761/1089
f 3500/2761/1089 3506/6828/2512 3505/5714/2544
f 3507/5715/2511 3509/5721/46 3506/5716/2512
f 3506/5716/2512 3509/5721/46 3508/5718/2513
f 3507/5715/2511 3510/6829/2515 3512/5720/2514
f 3512/5720/2514 3511/6352/2545 3508/5718/2513
f 3510/5722/2515 3513/2764/1157 3519/2766/1094
f 3519/2766/1094 3515/2769/1158 3511/5724/2545
f 3515/2769/1158 3518/2770/1098 3493/2754/1082
f 3518/2770/1098 3514/2767/1095 3491/2753/1081
f 3499/2762/1090 3502/2763/1156 3480/2745/1151
f 3502/2763/1156 3498/2760/1155 3474/2743/1071
f 3527/5725/2517 3529/5730/2520 3523/5726/1103
f 3523/2775/1103 3529/6830/2520 3528/5728/2518
f 3530/5729/2519 3532/5734/2523 3529/5730/2520
f 3529/5730/2520 3532/5734/2523 3531/5731/2521
f 3530/5729/2519 3533/5735/2524 3535/5733/2522
f 3535/5733/2522 3534/6358/2525 3531/5731/2521
f 3533/5735/2524 3536/6360/1160 3542/5736/1108
f 3542/2780/1108 3538/2783/1161 3534/5737/2525
f 3522/2776/1104 3525/2777/1105 3503/2759/1087
f 3525/2777/1105 3521/2774/1159 3497/2757/1154
f 3537/2781/1109 3514/2767/1095 3516/2768/1096
f 3541/2784/1112 3516/2768/1096 3513/2764/1157
f 3550/5739/2526 3552/6831/2529 3546/2789/1117
f 3546/2789/1117 3552/6831/2529 3551/5740/2527
f 3553/5741/2528 3555/5747/67 3552/5742/2529
f 3552/5742/2529 3555/5747/67 3554/5744/2530
f 3553/5741/2528 3556/6832/2532 3558/5746/2531
f 3558/5746/2531 3557/6359/2533 3554/5744/2530
f 3556/5748/2532 3559/2792/1120 3565/2794/1122
f 3565/2794/1122 3561/2797/1163 3557/5750/2533
f 3522/2776/1104 3545/2790/1118 3548/2791/1119
f 3526/2773/1101 3548/2791/1119 3544/2788/1116
f 3560/2795/1123 3537/2781/1109 3539/2782/1110
f 3564/2798/1126 3539/2782/1110 3536/2778/1160
f 3573/5751/2534 3575/5756/2537 3569/5752/1131
f 3569/2803/1131 3575/6833/2537 3574/5754/2535
f 3576/5755/2536 3578/5760/2540 3575/5756/2537
f 3575/5756/2537 3578/5760/2540 3577/5757/2538
f 3576/5755/2536 3579/5761/2541 3581/5759/2539
f 3581/5759/2539 3580/6364/2542 3577/5757/2538
f 3579/5761/2541 3582/6343/1167 3588/5762/1136
f 3588/2808/1136 3584/2811/1139 3580/5763/2542
f 3560/2795/1123 3562/2796/1124 3587/2812/1140
f 3587/2812/1140 3562/2796/1124 3559/2792/1120
f 3567/2802/1166 3543/2785/1162 3549/2787/1115
f 3571/2805/1133 3549/2787/1115 3545/2790/1118
f 3423/2713/1041 3583/2809/1137 3585/2810/1168
f 3427/2710/1038 3585/2810/1168 3582/2806/1167
f 3566/2799/1164 3572/2801/1165 3408/2705/1033
f 3572/2801/1165 3568/2804/1132 3406/2704/1032
f 3589/2813/536 3595/2815/990 3606/5765/2458
f 3595/5766/2459 3591/2819/542 3604/5767/557
f 3590/2816/539 3596/2821/545 3602/2823/547
f 3602/2823/1792 3598/2827/551 3591/2819/542
f 3610/2837/563 3616/2839/1169 3601/5769/2547
f 3616/5770/1794 3612/6834/569 3598/2827/551
f 3605/2835/560 3608/2836/562 3615/2844/1795
f 3615/2844/571 3608/2836/1796 3604/2832/557
f 3603/2829/554 3609/2831/999 3634/5771/2462
f 3609/5772/1798 3605/2835/560 3632/5773/593
f 3610/2837/563 3638/2869/599 3644/2871/601
f 3644/5776/2548 3640/6835/605 3611/2840/566
f 3633/2867/596 3636/2868/598 3643/2876/1801
f 3643/2876/607 3636/2868/1802 3632/2864/593
f 3631/2861/590 3637/2863/1015 3620/5777/2464
f 3637/5778/2465 3633/2867/596 3618/5779/575
f 3624/2853/581 3630/2855/1172 3641/5781/2549
f 3630/5782/1806 3626/6836/587 3639/2872/602
f 3619/2851/578 3622/2852/1171 3629/2860/1807
f 3629/2860/589 3622/2852/1808 3618/2848/575
f 3617/2845/572 3623/2847/574 3592/5783/1809
f 3623/5784/1812 3619/2851/578 3590/5785/539
f 3597/2824/548 3599/2826/995 3627/5787/2469
f 3599/5788/2550 3596/6837/545 3625/2856/584
f 3659/2893/554 3645/2877/536 3651/2879/1021
f 3651/5790/1790 3647/2883/542 3660/5791/557
f 3652/2885/545 3658/2887/547 3650/2884/1791
f 3658/2887/1792 3654/2891/551 3647/2883/542
f 3666/2901/563 3672/2903/1169 3657/5793/2547
f 3657/2892/553 3672/6838/1794 3668/5794/569
f 3661/2899/560 3664/2900/562 3671/2908/1795
f 3664/2900/1796 3660/2896/557 3668/2907/569
f 3659/2893/554 3665/2895/556 3690/5795/1797
f 3665/5796/1798 3661/2899/560 3688/5797/593
f 3694/2933/599 3700/2935/601 3669/5799/1799
f 3700/5800/1800 3696/6839/605 3667/2904/566
f 3689/2931/596 3692/2932/598 3699/2940/1801
f 3692/2932/1802 3688/2928/593 3696/2939/605
f 3687/2925/590 3693/2927/592 3676/5801/1803
f 3693/5802/1804 3689/2931/596 3674/5803/575
f 3694/2933/599 3680/2917/581 3686/2919/1172
f 3686/5806/1806 3682/6840/587 3695/2936/602
f 3681/2920/584 3675/2915/578 3678/2916/580
f 3685/2924/589 3678/2916/1808 3674/2912/575
f 3673/2909/572 3679/2911/574 3648/5807/1809
f 3679/5808/1812 3675/2915/578 3646/5809/539
f 3653/2888/548 3655/2890/550 3683/5811/1810
f 3655/5812/1811 3652/6841/545 3681/2920/584
f 3708/5813/2551 3710/6842/2553 3707/2943/1031
f 3707/2943/1031 3710/6842/2553 3709/5814/2552
f 3711/5815/2477 3713/5821/6 3710/5816/2553
f 3710/5816/2553 3713/5821/6 3712/5818/2479
f 3711/5815/2477 3714/6843/2555 3716/5820/2554
f 3716/5820/2554 3715/6370/2556 3712/5818/2479
f 3714/5822/2555 3718/2951/1179 3720/2952/1040
f 3720/2952/1040 3717/2948/1177 3715/5824/2556
f 3731/5825/2557 3733/5830/2559 3727/5826/1047
f 3727/2959/1047 3733/6844/2559 3732/5828/2558
f 3734/5829/2485 3736/5834/2489 3733/5830/2559
f 3733/5830/2559 3736/5834/2489 3735/5831/2487
f 3734/5829/2485 3737/5835/2561 3739/5833/2560
f 3739/5833/2560 3738/6371/2562 3735/5831/2487
f 3737/5835/2561 3740/6378/1050 3746/5836/1052
f 3746/2964/1052 3742/2967/1182 3738/5837/2562
f 3719/2953/1041 3722/2954/1042 3745/2968/1183
f 3722/2954/1042 3718/2951/1179 3742/2967/1182
f 3703/2946/1176 3706/2947/1035 3729/2961/1049
f 3706/2947/1035 3702/2944/1032 3726/2960/1048
f 3754/5839/2563 3756/6845/2565 3750/2973/1061
f 3750/2973/1061 3756/6845/2565 3755/5840/2564
f 3757/5841/2494 3759/5847/28 3756/5842/2565
f 3756/5842/2565 3759/5847/28 3758/5844/2496
f 3757/5841/2494 3760/6846/2567 3762/5846/2566
f 3762/5846/2566 3761/6376/2568 3758/5844/2496
f 3760/5848/2567 3763/2976/1064 3769/2978/1066
f 3769/2978/1066 3765/2981/1069 3761/5850/2568
f 3765/2981/1069 3768/2982/1070 3743/2966/1054
f 3743/2966/1054 3768/2982/1070 3764/2979/1067
f 3749/2974/1062 3752/2975/1063 3730/2957/1045
f 3752/2975/1063 3748/2972/1060 3724/2955/1180
f 3777/5851/2569 3779/5856/2571 3773/5852/1075
f 3773/2987/1075 3779/6847/2571 3778/5854/2570
f 3780/5855/2502 3782/5860/2506 3779/5856/2571
f 3779/5856/2571 3782/5860/2506 3781/5857/2504
f 3780/5855/2502 3783/5861/2573 3785/5859/2572
f 3785/5859/2572 3784/6381/2574 3781/5857/2504
f 3783/5861/2573 3786/6386/1188 3792/5862/1080
f 3792/2992/1080 3788/2995/1190 3784/5863/2574
f 3788/2995/1190 3791/2996/1084 3766/2980/1068
f 3791/2996/1084 3787/2993/1081 3764/2979/1067
f 3772/2988/1076 3775/2989/1077 3753/2971/1059
f 3775/2989/1077 3771/2986/1187 3747/2969/1184
f 3800/5865/2575 3802/6848/2577 3796/3001/1089
f 3796/3001/1089 3802/6848/2577 3801/5866/2576
f 3803/5867/2511 3805/5873/46 3802/5868/2577
f 3802/5868/2577 3805/5873/46 3804/5870/2513
f 3803/5867/2511 3806/6849/2579 3808/5872/2578
f 3808/5872/2578 3807/6384/2580 3804/5870/2513
f 3806/5874/2579 3809/3004/1192 3815/3006/1094
f 3815/3006/1094 3811/3009/1194 3807/5876/2580
f 3811/3009/1194 3814/3010/1195 3789/2994/1189
f 3814/3010/1195 3810/3007/1095 3787/2993/1081
f 3795/3002/1090 3798/3003/1091 3776/2985/1186
f 3776/2985/1186 3798/3003/1091 3794/3000/1191
f 3823/5877/2581 3825/5882/2583 3819/5878/1103
f 3819/3015/1103 3825/6850/2583 3824/5880/2582
f 3826/5881/2519 3828/5886/2523 3825/5882/2583
f 3825/5882/2583 3828/5886/2523 3827/5883/2521
f 3826/5881/2519 3829/5887/2585 3831/5885/2584
f 3831/5885/2584 3830/6389/2586 3827/5883/2521
f 3829/5887/2585 3832/6392/1160 3838/5888/1108
f 3838/3020/1108 3834/3023/1111 3830/5889/2586
f 3818/3016/1104 3821/3017/1198 3799/2999/1087
f 3821/3017/1198 3817/3014/1197 3793/2997/1154
f 3833/3021/1109 3810/3007/1095 3812/3008/1193
f 3812/3008/1193 3809/3004/1192 3834/3023/1111
f 3846/5891/2587 3848/6851/2589 3842/3029/1117
f 3842/3029/1117 3848/6851/2589 3847/5892/2588
f 3849/5893/2528 3851/5899/67 3848/5894/2589
f 3848/5894/2589 3851/5899/67 3850/5896/2530
f 3849/5893/2528 3852/6852/2591 3854/5898/2590
f 3854/5898/2590 3853/6390/2592 3850/5896/2530
f 3852/5900/2591 3855/3032/1120 3861/3034/1122
f 3861/3034/1122 3857/3037/1202 3853/5902/2592
f 3818/3016/1104 3841/3030/1118 3844/3031/1119
f 3844/3031/1119 3840/3028/1116 3816/3011/1196
f 3833/3021/1109 3835/3022/1199 3860/3038/1126
f 3835/3022/1199 3832/3018/1160 3857/3037/1202
f 3869/5903/2593 3871/5908/2595 3865/5904/1131
f 3865/3043/1131 3871/6853/2595 3870/5906/2594
f 3872/5907/2536 3874/5912/2540 3871/5908/2595
f 3871/5908/2595 3874/5912/2540 3873/5909/2538
f 3872/5907/2536 3875/5913/2597 3877/5911/2596
f 3877/5911/2596 3876/6396/2598 3873/5909/2538
f 3875/5913/2597 3878/6374/1205 3884/5914/1136
f 3884/3048/1136 3880/3051/1207 3876/5915/2598
f 3856/3035/1123 3858/3036/1124 3883/3052/1140
f 3858/3036/1124 3855/3032/1120 3880/3051/1207
f 3863/3042/1130 3839/3025/1201 3845/3027/1115
f 3845/3027/1115 3841/3030/1118 3864/3044/1132
f 3719/2953/1041 3879/3049/1137 3881/3050/1206
f 3881/3050/1206 3878/3046/1205 3717/2948/1177
f 3862/3039/1203 3868/3041/1204 3704/2945/1175
f 3704/2945/1175 3868/3041/1204 3864/3044/1132
f 3892/5917/2551 3894/6854/2553 3891/3055/1031
f 3891/3055/1031 3894/6854/2553 3893/5918/2552
f 3895/5919/2477 3897/5925/6 3894/5920/2553
f 3894/5920/2553 3897/5925/6 3896/5922/2479
f 3895/5919/2477 3898/6855/2555 3900/5924/2554
f 3900/5924/2554 3899/6400/2556 3896/5922/2479
f 3898/5926/2555 3902/3063/1179 3904/3064/1040
f 3904/3064/1040 3901/3060/1177 3899/5928/2556
f 3915/5929/2557 3917/5934/2559 3911/5930/1047
f 3911/3071/1047 3917/6856/2559 3916/5932/2558
f 3918/5933/2485 3920/5938/2489 3917/5934/2559
f 3917/5934/2559 3920/5938/2489 3919/5935/2599
f 3918/5933/2485 3921/5939/2561 3923/5937/2560
f 3923/5937/2560 3922/6402/2562 3919/5935/2599
f 3921/5939/2561 3924/6408/1050 3930/5940/1052
f 3930/3076/1052 3926/3079/1182 3922/5941/2562
f 3925/3077/1053 3903/3065/1041 3906/3066/1042
f 3906/3066/1042 3902/3063/1179 3926/3079/1182
f 3887/3058/1176 3890/3059/1035 3913/3073/1208
f 3913/3073/1208 3890/3059/1035 3886/3056/1032
f 3938/5943/2563 3940/6857/2565 3934/3085/1061
f 3934/3085/1061 3940/6857/2565 3939/5944/2564
f 3941/5945/2494 3943/5951/28 3940/5946/2565
f 3940/5946/2565 3943/5951/28 3942/5948/2496
f 3941/5945/2494 3944/6858/2567 3946/5950/2566
f 3946/5950/2566 3945/6406/2568 3942/5948/2496
f 3944/5952/2567 3947/3088/1064 3953/3090/1066
f 3953/3090/1066 3949/3093/1069 3945/5954/2568
f 3924/3074/1050 3949/3093/1069 3952/3094/1070
f 3952/3094/1070 3948/3091/1067 3925/3077/1053
f 3933/3086/1062 3936/3087/1063 3914/3069/1045
f 3936/3087/1063 3932/3084/1060 3908/3067/1180
f 3961/5955/2569 3963/5960/2571 3957/5956/1075
f 3957/3099/1075 3963/6859/2571 3962/5958/2570
f 3964/5959/2502 3966/5964/2506 3963/5960/2571
f 3963/5960/2571 3966/5964/2506 3965/5961/2504
f 3964/5959/2502 3967/5965/2573 3969/5963/2572
f 3969/5963/2572 3968/6412/2574 3965/5961/2504
f 3967/5965/2573 3970/6415/1188 3976/5966/1080
f 3976/3104/1080 3972/3107/1190 3968/5967/2574
f 3972/3107/1190 3975/3108/1084 3950/3092/1068
f 3975/3108/1084 3971/3105/1081 3948/3091/1067
f 3956/3100/1076 3959/3101/1077 3937/3083/1059
f 3959/3101/1077 3955/3098/1187 3931/3081/1184
f 3984/5969/2575 3986/6860/2577 3980/3113/1089
f 3980/3113/1089 3986/6860/2577 3985/5970/2576
f 3987/5971/2511 3989/5977/46 3986/5972/2577
f 3986/5972/2577 3989/5977/46 3988/5974/2513
f 3987/5971/2511 3990/6861/2579 3992/5976/2578
f 3992/5976/2578 3991/6413/2580 3988/5974/2513
f 3990/5978/2579 3993/3116/1192 3999/3118/1094
f 3999/3118/1094 3995/3121/1194 3991/5980/2580
f 3970/3102/1188 3995/3121/1194 3998/3122/1195
f 3998/3122/1195 3994/3119/1095 3971/3105/1081
f 3956/3100/1076 3979/3114/1090 3982/3115/1091
f 3982/3115/1091 3978/3112/1191 3954/3095/1185
f 4007/5981/2581 4009/5986/2583 4003/5982/1103
f 4003/3127/1103 4009/6862/2583 4008/5984/2600
f 4010/5985/2519 4012/5990/2523 4009/5986/2583
f 4009/5986/2583 4012/5990/2523 4011/5987/2521
f 4010/5985/2519 4013/5991/2585 4015/5989/2584
f 4015/5989/2584 4014/6419/2586 4011/5987/2521
f 4013/5991/2585 4016/6422/1160 4022/5992/1108
f 4022/3132/1108 4018/3135/1111 4014/5993/2586
f 4002/3128/1104 4005/3129/1105 3983/3111/1087
f 3983/3111/1087 4005/3129/1105 4001/3126/1197
f 3994/3119/1095 3996/3120/1193 4021/3136/1200
f 4021/3136/1200 3996/3120/1193 3993/3116/1192
f 4030/5995/2587 4032/6863/2589 4026/3141/1117
f 4026/3141/1117 4032/6863/2589 4031/5996/2588
f 4033/5997/2528 4035/6003/67 4032/5998/2589
f 4032/5998/2589 4035/6003/67 4034/6000/2530
f 4033/5997/2528 4036/6864/2591 4038/6002/2590
f 4038/6002/2590 4037/6420/2592 4034/6000/2530
f 4036/6004/2591 4039/3144/1120 4045/3146/1122
f 4045/3146/1122 4041/3149/1202 4037/6006/2592
f 4025/3142/1118 4028/3143/1119 4006/3125/1101
f 4028/3143/1119 4024/3140/1116 4000/3123/1196
f 4017/3133/1109 4019/3134/1199 4044/3150/1126
f 4019/3134/1199 4016/3130/1160 4041/3149/1202
f 4053/6007/2593 4055/6012/2595 4049/6008/1131
f 4049/3155/1131 4055/6865/2595 4054/6010/2594
f 4056/6011/2536 4058/6016/2540 4055/6012/2595
f 4055/6012/2595 4058/6016/2540 4057/6013/2538
f 4056/6011/2536 4059/6017/2597 4061/6015/2596
f 4061/6015/2596 4060/6425/2598 4057/6013/2538
f 4059/6017/2597 4062/6404/1205 4068/6018/1136
f 4068/3160/1136 4064/3163/1207 4060/6019/2598
f 4040/3147/1123 4042/3148/1124 4067/3164/1140
f 4042/3148/1124 4039/3144/1120 4064/3163/1207
f 4023/3137/1201 4029/3139/1115 4051/3157/1209
f 4051/3157/1209 4029/3139/1115 4025/3142/1118
f 4063/3161/1137 4065/3162/1138 3907/3062/1178
f 4065/3162/1138 4062/3158/1205 3901/3060/1177
f 4046/3151/1203 4052/3153/1129 3888/3057/1175
f 4052/3153/1129 4048/3156/1132 3886/3056/1032
f 4069/3167/1212 4076/3172/1217 4086/3174/1219
f 4072/3165/1210 4086/3174/1219 4080/3183/1227
f 4087/3187/1230 4095/3186/1229 4085/3180/1224
f 4095/6021/1229 4090/6024/1236 4080/3183/1227
f 4077/6022/1222 4081/6866/1221 4121/3217/1257
f 4121/3222/1257 4081/6641/1221 4076/3172/1217
f 4118/3223/1262 4123/3224/1263 4075/3166/1211
f 4123/3224/1263 4117/3220/1260 4069/3167/1212
f 4071/3170/1215 4074/3171/1216 4101/3199/1241
f 4101/3199/1241 4074/3171/1216 4070/3168/1213
f 4089/3193/1235 4098/3202/1244 4103/3201/1243
f 4094/6023/1233 4103/6644/1243 4097/3198/1240
f 4107/3210/1250 4115/3209/1249 4106/3205/1239
f 4115/6025/1249 4110/6029/1256 4096/3195/1237
f 4109/6026/1255 4119/3227/1266 4124/3226/1265
f 4114/6028/1253 4124/6646/1265 4118/3223/1262
f 4167/3277/1310 4078/3178/1223 4083/3175/1220
f 4172/3275/1308 4083/3175/1220 4077/3177/1222
f 4169/3283/1315 4174/3282/1314 4126/3218/1258
f 4174/3282/1314 4168/3278/1311 4116/3219/1259
f 4127/3232/1270 4088/6867/1231 4091/3185/1228
f 4131/3230/1268 4091/3185/1228 4087/3187/1230
f 4129/3237/1275 4133/3236/1274 4084/3181/1225
f 4133/3236/1274 4128/3233/1271 4079/3182/1226
f 4136/3241/1279 4099/3203/1245 4104/3200/1242
f 4141/3239/1277 4104/3200/1242 4098/3202/1244
f 4138/3246/1284 4143/3245/1283 4093/3192/1234
f 4143/3245/1283 4137/3242/1280 4089/3193/1235
f 4147/3254/1290 4108/3211/1251 4111/3208/1248
f 4152/3252/1288 4111/3208/1248 4107/3210/1250
f 4149/6031/1295 4154/6868/1294 4105/6032/1246
f 4154/3258/1294 4148/3255/1291 4100/3207/1247
f 4158/3267/1301 4120/3228/1267 4125/3225/1264
f 4162/3265/1299 4125/3225/1264 4119/3227/1266
f 4160/3272/1306 4164/3271/1305 4113/3214/1254
f 4164/3271/1305 4159/6869/1302 4109/3215/1255
f 4171/3287/1317 4130/6036/1276 4134/6033/1273
f 4177/3276/1309 4134/3235/1273 4129/3237/1275
f 4139/3247/1285 4144/3249/1282 4135/6035/1269
f 4144/3244/1282 4138/3246/1284 4127/6037/1270
f 4150/3260/1296 4155/3262/1293 4146/6039/1278
f 4155/6040/1293 4149/6031/1295 4136/3241/1279
f 4151/3263/1297 4161/6044/1307 4165/6041/1304
f 4157/3253/1289 4165/3270/1304 4160/3272/1306
f 4170/3284/1316 4175/3286/1313 4166/6043/1300
f 4175/3281/1313 4169/3283/1315 4158/3267/1301
f 4178/3289/1319 4184/3291/1321 4176/3288/1318
f 4176/3288/1318 4184/3291/1321 4180/3295/1325
f 4179/3294/1324 4140/3250/1286 4145/3251/1287
f 4183/3292/1322 4145/3251/1287 4139/3247/1285
f 4151/3263/1297 4156/3264/1298 4181/3293/1323
f 4156/3264/1298 4150/3260/1296 4179/3294/1324
f 4200/3317/1347 4202/3319/1349 4191/6045/2601
f 4191/3298/1328 4202/6651/2717 4199/3314/1344
f 4208/3328/1359 4193/3308/1338 4195/3310/1340
f 4212/3324/1355 4195/6650/2716 4192/3305/1335
f 4186/3299/1329 4194/3311/1341 4197/3313/1343
f 4197/6048/2604 4193/3308/1338 4187/3302/1332
f 4201/3320/1350 4204/3321/1352 4211/3329/2605
f 4211/3329/1361 4204/3321/2718 4200/3317/1347
f 4214/3333/1365 4216/3335/1367 4205/6049/2606
f 4216/6051/2607 4213/3330/1362 4199/3314/1344
f 4222/3344/1377 4207/6427/1356 4209/6052/1358
f 4226/3340/1373 4209/6653/2719 4206/3322/1353
f 4215/3336/1368 4218/3337/1370 4225/3345/2609
f 4225/3345/1379 4218/3337/2720 4214/3333/1365
f 4215/3336/1368 4228/6428/1383 4230/6054/1385
f 4219/3332/1364 4230/6655/2721 4227/3346/1380
f 4221/3341/1374 4223/3343/1376 4240/6056/2611
f 4240/3356/1391 4223/6654/2622 4220/3338/1371
f 4229/3352/1386 4232/3353/1388 4239/3361/2612
f 4239/3361/1397 4232/3353/2722 4228/3349/1383
f 4229/3352/1386 4242/3365/1401 4244/3367/1403
f 4233/3348/1382 4244/6657/2723 4241/3362/1398
f 4235/3357/1392 4237/3359/1394 4254/6059/2614
f 4237/6060/2615 4234/3354/1389 4248/3371/1407
f 4243/3368/1404 4246/3370/1406 4253/6061/2616
f 4253/3379/1415 4246/6658/2724 4242/3365/1401
f 4186/3299/1329 4188/3301/1331 4247/6062/2617
f 4188/6063/2618 4185/3296/1326 4241/3362/1398
f 4249/3374/1410 4251/3376/1412 4198/6064/2619
f 4251/6065/2620 4248/3371/1407 4192/3305/1335
f 4270/3401/1347 4272/3403/1349 4261/6066/2601
f 4261/3382/1328 4272/6661/2725 4269/3398/1344
f 4263/3392/1338 4265/3394/1416 4282/6067/2621
f 4282/3408/1355 4265/6660/2716 4262/3389/1335
f 4256/3383/1329 4264/3395/1341 4267/3397/1343
f 4267/6069/2604 4263/3392/1338 4257/3386/1332
f 4271/3404/1350 4274/3405/1352 4281/3413/2605
f 4281/3413/1361 4274/3405/2718 4270/3401/1347
f 4284/3417/1421 4286/3419/1367 4275/6070/2606
f 4275/3400/1418 4286/6664/2607 4283/3414/1420
f 4277/6072/1356 4279/6870/1419 4296/6073/2608
f 4296/3424/1423 4279/6663/2719 4276/3406/1353
f 4285/3420/1368 4288/3421/1370 4295/3429/2609
f 4295/3429/1379 4288/3421/2720 4284/3417/1421
f 4298/6074/1383 4300/6871/1385 4289/6075/2610
f 4289/3416/1364 4300/6665/2721 4297/3430/1424
f 4291/3425/1374 4293/3427/1376 4310/6076/2611
f 4293/6078/2622 4290/3422/1371 4304/3438/1389
f 4299/3436/1386 4302/3437/1388 4309/3445/2612
f 4309/3445/1397 4302/3437/2722 4298/3433/1383
f 4312/3449/1401 4314/3451/1403 4303/6079/2613
f 4314/6080/2623 4311/3446/1398 4297/3430/1424
f 4305/3441/1392 4307/3443/1394 4324/6081/2614
f 4324/3457/1409 4307/6666/2726 4304/3438/1389
f 4313/3452/1404 4316/3454/1406 4323/6082/2616
f 4323/3463/1415 4316/6668/2724 4312/3449/1401
f 4256/3383/1329 4258/3385/1331 4317/6083/2617
f 4317/3448/1400 4258/6659/2618 4255/3380/1326
f 4319/3458/1410 4321/3460/1412 4268/6084/2619
f 4268/3391/1337 4321/6669/2727 4318/3455/1426
f 4340/3487/1447 4342/3486/1446 4331/3470/1433
f 4331/3466/1429 4342/6673/2729 4339/3482/1442
f 4333/3478/1440 4335/3477/1439 4352/3492/1452
f 4352/3492/1452 4335/3477/1439 4332/3473/1435
f 4326/3469/1432 4334/3481/1441 4337/3480/1438
f 4330/3467/1430 4337/3480/1438 4333/6086/1440
f 4341/3489/1449 4344/3485/1445 4351/3493/1453
f 4351/3493/1453 4344/3485/1445 4340/3487/1447
f 4354/3503/1462 4356/3502/1461 4345/3488/1448
f 4356/6088/2624 4353/3498/1457 4339/3482/1442
f 4362/3515/1471 4347/3495/1455 4349/3494/1454
f 4366/3509/1467 4349/6675/1454 4346/3490/1450
f 4355/6089/1464 4358/3501/1460 4365/3514/1468
f 4365/3514/1468 4358/3501/1460 4354/3503/1462
f 4368/3521/1477 4370/3520/1476 4359/3504/1463
f 4370/6091/2625 4367/3516/1472 4353/3498/1457
f 4361/3512/1470 4363/3511/1469 4380/3526/1482
f 4380/3526/1482 4363/3511/1469 4360/3507/1465
f 4369/3523/1479 4372/3519/1475 4379/3527/1483
f 4379/3527/1483 4372/3519/1475 4368/3521/1477
f 4382/3537/1492 4384/3536/1491 4373/3522/1478
f 4384/6093/2626 4381/3532/1487 4367/3516/1472
f 4375/3529/1485 4377/3528/1484 4394/3546/1497
f 4377/6094/1484 4374/3524/1480 4388/3540/1495
f 4389/6095/1500 4383/3539/1494 4386/3535/1490
f 4393/3547/1498 4386/3535/1490 4382/3537/1492
f 4383/6096/1494 4396/3554/1507 4398/3553/1506
f 4398/6098/2627 4395/3549/1502 4381/3532/1487
f 4389/3545/1500 4391/3544/1499 4408/3559/1512
f 4391/3544/1499 4388/3540/1495 4402/3557/1510
f 4397/3556/1509 4400/3552/1505 4407/3560/1513
f 4407/3560/1513 4400/3552/1505 4396/3554/1507
f 4410/3570/1522 4412/3569/1521 4401/3555/1508
f 4412/6100/2628 4409/3565/1517 4395/3549/1502
f 4403/3562/1515 4405/3561/1514 4422/3579/1527
f 4422/3575/1527 4405/6685/1514 4402/3557/1510
f 4411/3572/1524 4414/3568/1520 4421/3580/1528
f 4421/3580/1528 4414/3568/1520 4410/3570/1522
f 4411/6102/1524 4424/3587/1537 4426/3586/1536
f 4426/6104/2629 4423/3582/1532 4409/3565/1517
f 4417/3578/1530 4419/3577/1529 4436/3592/1542
f 4419/3577/1529 4416/3573/1525 4430/3590/1540
f 4425/3589/1539 4428/3585/1535 4435/3593/1543
f 4428/3585/1535 4424/3587/1537 4432/3597/1546
f 4326/3469/1432 4328/3468/1431 4429/3588/1538
f 4328/6106/2630 4325/3464/1427 4423/3582/1532
f 4431/3595/1545 4433/3594/1544 4338/3479/1437
f 4433/6107/1544 4430/3590/1540 4332/3473/1435
f 4451/3614/554 4437/3598/536 4443/3600/538
f 4443/6109/1790 4439/3604/542 4452/6110/557
f 4444/3606/545 4450/3608/547 4442/3605/1791
f 4442/3605/544 4450/3608/1792 4446/3612/551
f 4458/3622/563 4464/3624/565 4449/6112/1793
f 4464/6113/1794 4460/6872/569 4446/3612/551
f 4453/3620/560 4456/3621/562 4463/3629/1795
f 4456/3621/1796 4452/3617/557 4460/3628/569
f 4451/3614/554 4457/3616/556 4482/6114/1797
f 4482/6115/595 4457/6692/1798 4453/3620/560
f 4486/3654/599 4492/3656/1018 4461/6117/2463
f 4461/3627/1170 4492/6873/1800 4488/6118/605
f 4487/3657/602 4481/3652/596 4484/3653/598
f 4484/3653/1802 4480/3649/593 4488/3660/605
f 4465/3630/572 4479/3646/590 4485/3648/592
f 4485/6120/1804 4481/3652/596 4466/6121/575
f 4486/3654/599 4472/3638/581 4478/3640/1172
f 4489/3659/1019 4478/6874/1806 4474/6124/587
f 4473/3641/584 4467/3636/578 4470/3637/580
f 4470/3637/1808 4466/3633/575 4474/3644/587
f 4465/3630/572 4471/3632/574 4440/6125/1809
f 4440/6126/541 4471/6694/1812 4467/3636/578
f 4445/3609/548 4447/3611/995 4475/6128/2469
f 4475/3643/1173 4447/6875/2550 4444/6129/545
f 4493/3662/1554 4499/3664/1556 4510/6130/2631
f 4499/6132/2632 4495/3667/1560 4508/6133/1575
f 4494/6135/1557 4500/3670/1563 4506/3672/1565
f 4506/3672/2634 4502/3676/1569 4495/3667/1560
f 4501/3673/1566 4514/3685/1581 4520/3687/1583
f 4505/3677/1571 4520/6699/2737 4516/3691/1587
f 4509/3683/1578 4512/3684/1580 4519/6137/2636
f 4512/3684/2637 4508/3681/1575 4516/6138/1587
f 4507/6131/1572 4513/6876/1574 4538/6139/2638
f 4513/3680/2639 4509/3683/1578 4536/6140/1611
f 4542/3718/1617 4548/3720/1619 4517/6142/2640
f 4548/3720/2641 4544/3724/1623 4515/6143/1584
f 4537/3716/1614 4540/3717/1616 4547/6144/2642
f 4547/6144/1625 4540/3717/2739 4536/3713/1611
f 4521/3694/1590 4535/3710/1608 4541/3712/1610
f 4541/6147/2644 4537/3716/1614 4522/3697/1593
f 4542/3718/1617 4528/6153/1599 4534/6148/1601
f 4534/6150/2646 4530/6877/1605 4543/3721/1620
f 4523/3700/1596 4526/3702/1598 4533/3709/2647
f 4533/3709/1607 4526/3702/2738 4522/6151/1593
f 4521/3694/1590 4527/3696/1592 4496/3666/2648
f 4527/3696/2649 4523/6878/1596 4494/3665/1557
f 4501/3673/1566 4503/3675/1568 4531/6152/2650
f 4503/6154/2651 4500/6879/1563 4529/3706/1602
f 763/985/484 637/837/340 651/853/356
f 651/853/356 665/869/372 679/885/388
f 679/885/388 693/903/404 707/919/420
f 707/919/420 721/935/436 735/951/452
f 735/951/452 749/967/468 763/985/484
f 763/985/484 651/853/356 679/885/388
f 679/885/388 707/919/420 735/951/452
f 645/3729/353 660/868/371 652/858/361
f 771/998/497 646/852/355 638/842/345
f 672/877/380 658/861/364 644/845/348
f 644/845/348 770/993/492 756/976/476
f 756/976/476 742/959/460 728/943/444
f 728/943/444 714/927/428 700/911/412
f 700/911/412 686/894/396 672/877/380
f 672/877/380 644/845/348 756/976/476
f 756/976/476 728/943/444 700/911/412
f 659/866/369 674/884/387 666/874/377
f 673/882/385 688/902/403 680/890/393
f 687/899/401 702/918/419 694/908/409
f 701/916/417 716/934/435 708/924/425
f 715/6155/433 730/950/451 722/940/441
f 729/948/449 744/966/467 736/956/457
f 743/964/465 758/984/483 750/972/473
f 757/981/481 772/1000/499 764/990/489
f 903/1149/484 777/1001/340 791/1017/356
f 791/1017/356 805/1033/372 819/1049/511
f 819/1049/511 833/1067/404 847/1083/420
f 847/1083/420 861/1099/436 875/1115/452
f 875/1115/452 889/1131/468 903/1149/484
f 903/1149/484 791/1017/356 819/1049/511
f 819/1049/511 847/1083/420 875/1115/452
f 785/3750/353 800/1032/371 792/1022/361
f 911/1162/497 786/1016/355 778/1006/345
f 812/1041/507 798/1025/364 784/1009/348
f 784/1009/348 910/1157/492 896/1140/531
f 896/1140/531 882/1123/525 868/1107/444
f 868/1107/444 854/1091/428 840/1075/412
f 840/1075/412 826/1058/513 812/1041/507
f 812/1041/507 784/1009/348 896/1140/531
f 896/1140/531 868/1107/444 840/1075/412
f 799/1030/506 814/1048/387 806/1038/377
f 813/1046/510 828/1066/517 820/1054/393
f 827/1063/401 842/1082/520 834/1072/518
f 841/1080/417 856/1098/435 848/1088/425
f 855/6156/433 870/1114/451 862/1104/441
f 869/1112/449 884/1130/467 876/1120/457
f 883/1128/528 898/1148/483 890/1136/473
f 897/1145/481 912/1164/535 904/1154/489
f 995/3884/1759 917/3772/1654 923/3783/1665
f 923/3783/1665 929/3782/1664 935/3799/1681
f 935/3799/1681 941/3808/1689 947/3817/1697
f 947/3817/1697 953/3825/1705 959/3834/1713
f 959/3834/1713 965/3843/1721 971/3851/1729
f 971/3851/1729 977/3859/1737 983/3868/1745
f 983/3868/1745 989/3867/1744 995/3884/1759
f 995/3884/1759 923/3783/1665 935/3799/1681
f 935/3799/1681 947/3817/1697 959/3834/1713
f 959/3834/1713 971/3851/1729 983/3868/1745
f 983/3868/1745 995/3884/1759 935/3799/1681
f 921/6157/1760 927/3774/1656 924/3781/1663
f 999/3879/1755 921/3886/1760 918/6158/1650
f 932/3786/1668 926/3779/1661 920/3778/1660
f 920/3778/1660 998/3880/1756 992/3872/1748
f 992/3872/1748 986/3862/1740 980/3855/1733
f 980/3855/1733 974/3847/1725 968/3838/1716
f 968/3838/1716 962/3829/1709 956/3821/1701
f 956/3821/1701 950/3812/1692 944/3802/1684
f 944/3802/1684 938/3794/1676 932/3786/1668
f 932/3786/1668 920/3778/1660 992/3872/1748
f 992/3872/1748 980/3855/1733 968/3838/1716
f 968/3838/1716 956/3821/1701 944/3802/1684
f 944/3802/1684 932/3786/1668 992/3872/1748
f 927/3774/1656 933/3784/1666 930/3780/1662
f 933/3784/1666 939/3792/1674 936/3788/1670
f 939/3792/1674 945/3801/1683 942/3796/1678
f 945/3809/1683 951/3811/1691 948/3804/1686
f 951/3811/1691 957/3819/1699 954/3814/1694
f 957/3819/1699 963/3827/1707 960/6159/1711
f 963/6160/1707 969/3835/1714 966/3830/1710
f 969/3835/1714 975/3845/1723 972/3848/1726
f 975/3845/1723 981/3853/1731 978/3857/1735
f 981/3853/1731 987/3861/1739 984/3856/1734
f 987/3869/1739 993/3871/1747 990/3864/1742
f 993/3871/1747 999/3879/1755 996/3874/1750
f 1079/4004/1759 1001/3893/1654 1007/3892/1665
f 1007/3892/1665 1013/3903/1664 1019/3919/1681
f 1019/3919/1681 1025/3928/1689 1031/3927/1697
f 1031/3927/1697 1037/3937/1705 1043/3954/1713
f 1043/3954/1713 1049/3963/1721 1055/3971/1729
f 1055/3971/1729 1061/3979/1737 1067/3988/1745
f 1067/3988/1745 1073/3997/1744 1079/4004/1759
f 1079/4004/1759 1007/3892/1665 1019/3919/1681
f 1019/3919/1681 1031/3927/1697 1043/3954/1713
f 1043/3954/1713 1055/3971/1729 1067/3988/1745
f 1067/3988/1745 1079/4004/1759 1019/3919/1681
f 1005/3894/1760 1011/3896/1656 1008/3888/1663
f 1083/3999/1755 1005/4006/1760 1002/4002/1650
f 1016/3907/1668 1010/3898/1661 1004/4007/1660
f 1004/4007/1660 1082/4001/1756 1076/3992/1748
f 1076/3992/1748 1070/3982/1740 1064/3974/1766
f 1064/3974/1766 1058/3966/1725 1052/3958/1716
f 1052/3958/1716 1046/3948/1709 1040/3940/1701
f 1040/3940/1701 1034/3932/1692 1028/3922/1684
f 1028/3922/1684 1022/3915/1764 1016/3907/1668
f 1016/3907/1668 1004/4007/1660 1076/3992/1748
f 1076/3992/1748 1064/3974/1766 1052/3958/1716
f 1052/3958/1716 1040/3940/1701 1028/3922/1684
f 1028/3922/1684 1016/3907/1668 1076/3992/1748
f 1011/3896/1656 1017/3904/1666 1014/3900/1662
f 1017/3904/1666 1023/3913/1674 1020/3917/1670
f 1023/3913/1674 1029/3921/1683 1026/3916/1678
f 1029/3929/1683 1035/3931/1691 1032/3924/1686
f 1035/3931/1691 1041/3938/1699 1038/3934/1694
f 1041/3938/1699 1047/3947/1707 1044/6161/1711
f 1047/6162/1707 1053/3955/1714 1050/3950/1710
f 1053/3955/1714 1059/3965/1723 1056/3960/1726
f 1059/3965/1723 1065/3972/1731 1062/3968/1735
f 1065/3972/1731 1071/3981/1739 1068/3976/1734
f 1071/3989/1739 1077/3991/1747 1074/3984/1742
f 1077/3991/1747 1083/3999/1755 1080/4003/1750
f 1163/4117/1759 1085/4012/1654 1091/4023/1665
f 1091/4023/1665 1097/4031/1664 1103/4039/1681
f 1103/4039/1681 1109/4048/1689 1115/4047/1697
f 1115/4047/1697 1121/4057/1705 1127/4065/1713
f 1127/4065/1713 1133/4083/1721 1139/4091/1729
f 1139/4091/1729 1145/4099/1737 1151/4108/1745
f 1151/4108/1745 1157/4107/1744 1163/4117/1759
f 1163/4117/1759 1091/4023/1665 1103/4039/1681
f 1103/4039/1681 1115/4047/1697 1127/4065/1713
f 1127/4065/1713 1139/4091/1729 1151/4108/1745
f 1151/4108/1745 1163/4117/1759 1103/4039/1681
f 1089/6163/1760 1095/4014/1656 1092/4008/1663
f 1167/4118/1755 1089/4126/1760 1086/4122/1650
f 1100/4027/1668 1094/4018/1661 1088/4127/1660
f 1088/4127/1660 1166/4120/1756 1160/4113/1748
f 1160/4113/1748 1154/4102/1780 1148/4095/1766
f 1148/4095/1766 1142/4087/1725 1136/4078/1716
f 1136/4078/1716 1130/4069/1709 1124/4060/1701
f 1124/4060/1701 1118/4052/1692 1112/4043/1684
f 1112/4043/1684 1106/4035/1764 1100/4027/1668
f 1100/4027/1668 1088/4127/1660 1160/4113/1748
f 1160/4113/1748 1148/4095/1766 1136/4078/1716
f 1136/4078/1716 1124/4060/1701 1112/4043/1684
f 1112/4043/1684 1100/4027/1668 1160/4113/1748
f 1095/4014/1656 1101/4025/1666 1098/4020/1662
f 1101/4025/1666 1107/4032/1674 1104/4028/1670
f 1107/4032/1674 1113/4040/1683 1110/4036/1678
f 1113/4049/1683 1119/4051/1691 1116/4044/1686
f 1119/4051/1691 1125/4059/1699 1122/4063/1694
f 1125/4059/1699 1131/4066/1707 1128/4062/1711
f 1131/4075/1707 1137/4077/1714 1134/4080/1710
f 1137/4077/1714 1143/4084/1723 1140/4089/1726
f 1143/4084/1723 1149/4092/1731 1146/4088/1735
f 1149/4092/1731 1155/4101/1739 1152/4096/1734
f 1155/4109/1739 1161/4111/1747 1158/4115/1742
f 1161/4111/1747 1167/4118/1755 1164/4114/1750
f 1247/4237/1759 1169/4132/1654 1175/4143/1665
f 1175/4143/1665 1181/4151/1664 1187/4159/1681
f 1187/4159/1681 1193/4168/1689 1199/4167/1697
f 1199/4167/1697 1205/4177/1705 1211/4194/1713
f 1211/4194/1713 1217/4203/1721 1223/4211/1729
f 1223/4211/1729 1229/4210/1737 1235/4219/1745
f 1235/4219/1745 1241/4228/1744 1247/4237/1759
f 1247/4237/1759 1175/4143/1665 1187/4159/1681
f 1187/4159/1681 1199/4167/1697 1211/4194/1713
f 1211/4194/1713 1223/4211/1729 1235/4219/1745
f 1235/4219/1745 1247/4237/1759 1187/4159/1681
f 1173/6164/1760 1179/4134/1656 1176/4140/1663
f 1251/4238/1755 1173/4246/1760 1170/4242/1650
f 1184/4147/1668 1178/4139/1661 1172/4138/1660
f 1172/4138/1660 1250/4240/1756 1244/4232/1748
f 1244/4232/1748 1238/4222/1780 1232/4214/1766
f 1232/4214/1766 1226/4207/1725 1220/4199/1716
f 1220/4199/1716 1214/4188/1709 1208/4180/1701
f 1208/4180/1701 1202/4172/1692 1196/4162/1784
f 1196/4162/1784 1190/4154/1764 1184/4147/1668
f 1184/4147/1668 1172/4138/1660 1244/4232/1748
f 1244/4232/1748 1232/4214/1766 1220/4199/1716
f 1220/4199/1716 1208/4180/1701 1196/4162/1784
f 1196/4162/1784 1184/4147/1668 1244/4232/1748
f 1179/4134/1656 1185/4145/1666 1182/4149/1662
f 1185/4145/1666 1191/4152/1674 1188/4148/1670
f 1191/4152/1674 1197/4161/1683 1194/4156/1678
f 1197/4169/1683 1203/4171/1691 1200/4175/1686
f 1203/4171/1691 1209/4179/1699 1206/4174/1694
f 1209/4179/1699 1215/4186/1707 1212/4182/1711
f 1215/4195/1707 1221/4197/1714 1218/4200/1710
f 1221/4197/1714 1227/4205/1723 1224/4209/1726
f 1227/4205/1723 1233/4213/1731 1230/4208/1735
f 1233/4213/1731 1239/4220/1739 1236/4216/1734
f 1239/4229/1739 1245/4231/1747 1242/4235/1742
f 1245/4231/1747 1251/4238/1755 1248/4234/1750
f 1295/1213/590 1281/1197/572 1253/1165/536
f 1262/1179/551 1276/6728/569 1268/4250/557
f 1289/1208/584 1260/6731/545 1254/4268/539
f 1274/1189/563 1261/1176/548 1288/1205/581
f 1275/1192/566 1304/6729/605 1296/4256/593
f 1303/1224/602 1290/6730/587 1282/4262/575
f 1351/1277/590 1337/1261/572 1309/1229/536
f 1318/1243/551 1332/6732/569 1324/4273/557
f 1345/1272/584 1316/6735/545 1310/4290/539
f 1330/1253/563 1317/1240/548 1344/1269/581
f 1331/1256/566 1360/6733/605 1352/4279/593
f 1359/1288/602 1346/6734/587 1338/4284/575
f 1407/1341/590 1393/1325/572 1365/1293/536
f 1374/1307/551 1388/6736/569 1380/4296/557
f 1401/1336/584 1372/6739/545 1366/4314/539
f 1386/1317/563 1373/1304/548 1400/1333/581
f 1387/1320/566 1416/6737/605 1408/4302/593
f 1415/1352/602 1402/6738/587 1394/4308/575
f 1463/1405/590 1449/1389/572 1421/1357/536
f 1430/1371/551 1444/6740/569 1436/4320/557
f 1457/1400/584 1428/6743/545 1422/4338/539
f 1442/1381/563 1429/1368/548 1456/1397/581
f 1443/1384/566 1472/6741/605 1464/4326/593
f 1471/1416/602 1458/6742/587 1450/4332/575
f 1555/4452/1918 1477/4347/1820 1483/4346/1819
f 1483/4346/1819 1489/4358/1830 1495/4374/1846
f 1495/4374/1846 1501/4383/1854 1507/4382/1853
f 1507/4382/1853 1513/4400/1870 1519/4399/1869
f 1519/4399/1869 1525/4409/1878 1531/4426/1894
f 1531/4426/1894 1537/4425/1893 1543/4443/1910
f 1543/4443/1910 1549/4442/1909 1555/4452/1918
f 1555/4452/1918 1483/4346/1819 1495/4374/1846
f 1495/4374/1846 1507/4382/1853 1519/4399/1869
f 1519/4399/1869 1531/4426/1894 1543/4443/1910
f 1543/4443/1910 1555/4452/1918 1495/4374/1846
f 1481/6165/1925 1487/4348/1821 1484/4356/1815
f 1559/4454/1920 1481/4460/1925 1478/4344/1817
f 1492/4361/1833 1486/4353/1826 1480/4352/1825
f 1480/4352/1825 1558/4456/1922 1552/4447/1913
f 1552/4447/1913 1546/4437/1905 1540/4430/1898
f 1540/4430/1898 1534/4421/1889 1528/4413/1882
f 1528/4413/1882 1522/4403/1873 1516/4396/1866
f 1516/4396/1866 1510/4388/1858 1504/4377/1849
f 1504/4377/1849 1498/4370/1842 1492/4361/1833
f 1492/4361/1833 1480/4352/1825 1552/4447/1913
f 1552/4447/1913 1540/4430/1898 1528/4413/1882
f 1528/4413/1882 1516/4396/1866 1504/4377/1849
f 1504/4377/1849 1492/4361/1833 1552/4447/1913
f 1484/4356/1815 1487/4348/1821 1493/4359/1831
f 1490/4354/1827 1493/4359/1831 1499/4367/1839
f 1499/4367/1839 1505/4376/1848 1502/4371/1843
f 1505/4384/1848 1511/4386/1856 1508/4389/1859
f 1511/4386/1856 1517/4394/1864 1514/4397/1867
f 1514/4397/1867 1517/4394/1864 1523/4402/1872
f 1523/6168/1872 1529/6169/1880 1526/4405/1875
f 1529/6169/1880 1535/4418/1887 1532/4423/1891
f 1535/4418/1887 1541/4427/1895 1538/4431/1899
f 1541/4427/1895 1547/4436/1904 1544/6170/1908
f 1547/4444/1904 1553/4446/1912 1550/4439/1907
f 1550/4439/1907 1553/4446/1912 1559/4454/1920
f 1639/4579/2036 1561/4466/1931 1567/4477/1942
f 1567/4477/1942 1573/4486/1950 1579/4485/1949
f 1579/4485/1949 1585/4494/1958 1591/4503/1966
f 1591/4503/1966 1597/4520/1982 1603/4528/1990
f 1603/4528/1990 1609/4538/1998 1615/4537/1997
f 1615/4537/1997 1621/4554/2014 1627/4563/2022
f 1627/4563/2022 1633/4562/2021 1639/4579/2036
f 1639/4579/2036 1567/4477/1942 1579/4485/1949
f 1579/4485/1949 1591/4503/1966 1603/4528/1990
f 1603/4528/1990 1615/4537/1997 1627/4563/2022
f 1627/4563/2022 1639/4579/2036 1579/4485/1949
f 1562/4464/1929 1565/6880/1933 1571/6171/1935
f 1640/4578/2035 1643/4573/2031 1565/4468/1933
f 1576/4481/1945 1570/4473/1938 1564/4472/1937
f 1564/4472/1937 1642/4575/2033 1636/4568/2026
f 1636/4568/2026 1630/4557/2017 1624/4550/2010
f 1624/4550/2010 1618/4542/2002 1612/4532/1993
f 1612/4532/1993 1606/4523/1985 1600/4516/1978
f 1600/4516/1978 1594/4508/1970 1588/4497/1961
f 1588/4497/1961 1582/4490/1954 1576/4481/1945
f 1576/4481/1945 1564/4472/1937 1636/4568/2026
f 1636/4568/2026 1624/4550/2010 1612/4532/1993
f 1612/4532/1993 1600/4516/1978 1588/4497/1961
f 1588/4497/1961 1576/4481/1945 1636/4568/2026
f 1571/6171/1935 1577/4478/1943 1574/4483/1947
f 1577/4478/1943 1583/4487/1951 1580/4492/1956
f 1583/4487/1951 1589/4496/1960 1586/4491/1955
f 1589/4504/1960 1595/4506/1968 1592/4499/1963
f 1595/4506/1968 1601/4514/1976 1598/4517/1979
f 1601/4514/1976 1607/4521/1983 1604/4526/1988
f 1607/6172/1983 1613/4529/1991 1610/4536/1987
f 1610/4536/1987 1613/4529/1991 1619/4539/1999
f 1616/4534/1995 1619/4539/1999 1625/4548/2008
f 1625/4548/2008 1631/4556/2016 1628/4551/2011
f 1631/6174/2016 1637/4564/2023 1634/4569/2027
f 1637/4564/2023 1643/4573/2031 1640/4578/2035
f 1645/6175/2124 1656/4589/2043 1659/4594/2047
f 1805/6177/2119 1653/4585/2040 1656/4589/2043
f 1791/4701/2112 1646/4720/2126 1808/4717/2123
f 1788/4696/2110 1806/4712/2120 1646/4720/2126
f 1666/1432/623 1648/1421/612 1650/1423/614
f 1650/1423/614 347/495/93 349/499/96
f 349/499/96 1667/1431/622 1666/1432/623
f 1801/6178/684 1649/4586/615 1653/4585/2040
f 1648/4584/612 1666/4599/623 1670/4598/2049
f 1649/1424/615 1801/1493/684 1803/1495/686
f 1803/1495/686 365/493/92 347/495/93
f 347/495/93 1650/1423/614 1649/1424/615
f 1652/4582/2039 1670/4598/2049 1673/4602/2052
f 1658/4592/2046 1655/4587/2041 1673/4602/2052
f 1809/6176/2121 1659/4594/2047 1661/6179/616
f 1658/4592/2046 1676/4607/2056 1678/6181/624
f 348/498/95 366/497/94 1813/1499/690
f 1813/1499/690 1812/1500/691 1661/1425/616
f 1661/1425/616 1663/1427/618 348/498/95
f 350/500/97 348/498/95 1663/1427/618
f 1663/1427/618 1662/1428/619 1678/1433/624
f 1678/1433/624 1680/1435/626 350/500/97
f 1683/1440/631 1665/1429/620 1667/1431/622
f 1667/1431/622 349/499/96 351/501/98
f 351/501/98 1684/1439/630 1683/1440/631
f 1665/4597/620 1683/4613/631 1687/4612/2058
f 1669/4595/2048 1687/4612/2058 1690/4617/2061
f 1672/4600/2050 1690/4617/2061 1693/4625/2065
f 1675/4605/2055 1693/4625/2065 1695/6183/632
f 352/502/99 350/500/97 1680/1435/626
f 1680/1435/626 1679/1436/627 1695/1441/632
f 1695/1441/632 1697/1443/634 352/502/99
f 1700/1448/639 1682/1437/628 1684/1439/630
f 1684/1439/630 351/501/98 353/504/101
f 353/504/101 1701/1447/638 1700/1448/639
f 1682/4610/628 1700/4630/639 1704/4629/2067
f 1689/4614/2059 1686/4608/2057 1704/4629/2067
f 1689/4614/2059 1707/4633/2070 1710/4638/2074
f 1696/6185/635 1692/4622/2064 1710/4638/2074
f 354/503/100 352/502/99 1697/1443/634
f 1697/1443/634 1696/1444/635 1712/1449/640
f 1712/1449/640 1714/1451/642 354/503/100
f 1717/1456/647 1699/1445/636 1701/1447/638
f 1701/1447/638 353/504/101 355/505/102
f 355/505/102 1718/1455/646 1717/1456/647
f 1699/4628/636 1717/4643/647 1721/4642/2076
f 1703/4626/2066 1721/4642/2076 1724/4646/2079
f 1706/4631/2068 1724/4646/2079 1727/4651/2082
f 1713/6187/643 1709/4636/2073 1727/4651/2082
f 356/506/103 354/503/100 1714/1451/642
f 1714/1451/642 1713/1452/643 1729/1457/648
f 1729/1457/648 1731/1459/650 356/506/103
f 1734/1464/655 1716/1453/644 1718/1455/646
f 1718/1455/646 355/505/102 357/507/104
f 357/507/104 1735/1463/654 1734/1464/655
f 1720/6189/2075 1716/6881/644 1734/4656/655
f 1720/6189/2075 1738/4655/2084 1741/4659/2087
f 1723/6190/2077 1741/4659/2087 1744/4664/2091
f 1726/6191/2081 1744/4664/2091 1746/6192/656
f 358/508/105 356/506/103 1731/1459/650
f 1731/1459/650 1730/1460/651 1746/1465/656
f 1746/1465/656 1748/1467/658 358/508/105
f 1751/1472/663 1733/1461/652 1735/1463/654
f 1735/1463/654 357/507/104 359/509/106
f 359/509/106 1752/1471/662 1751/1472/663
f 1737/4652/2083 1733/4654/652 1751/4669/663
f 1740/4657/2085 1737/4652/2083 1755/4668/2093
f 1740/4657/2085 1758/4672/2096 1761/4677/2100
f 1743/4662/2090 1761/4677/2100 1763/6194/664
f 360/510/107 358/508/105 1748/1467/658
f 1748/1467/658 1747/1468/659 1763/1473/664
f 1763/1473/664 1765/1475/666 360/510/107
f 1768/1480/671 1750/1469/660 1752/1471/662
f 1752/1471/662 359/509/106 361/511/108
f 361/511/108 1769/1479/670 1768/1480/671
f 1750/4667/660 1768/4683/671 1772/4682/2102
f 1757/4670/2094 1754/4665/2092 1772/4682/2102
f 1757/4670/2094 1775/4687/2105 1778/4695/2109
f 1760/4675/2099 1778/4695/2109 1780/6196/672
f 362/512/109 360/510/107 1765/1475/666
f 1765/1475/666 1764/1476/667 1780/1481/672
f 1780/1481/672 1782/1483/674 362/512/109
f 1785/1488/679 1767/1477/668 1769/1479/670
f 1769/1479/670 361/511/108 363/513/110
f 363/513/110 1786/1487/678 1785/1488/679
f 1767/4680/668 1785/4700/679 1789/4699/2111
f 1774/4684/2103 1771/4678/2101 1789/4699/2111
f 1774/4684/2103 1792/4703/2114 1795/4708/2118
f 1777/4692/2108 1795/4708/2118 1797/6198/680
f 364/514/111 362/512/109 1782/1483/674
f 1782/1483/674 1781/1484/675 1797/1489/680
f 1797/1489/680 1799/1491/682 364/514/111
f 1802/1496/687 1784/1485/676 1786/1487/678
f 1786/1487/678 363/513/110 365/493/92
f 365/493/92 1803/1495/686 1802/1496/687
f 1788/4696/2110 1784/4698/676 1802/4713/687
f 1794/4706/2117 1808/4717/2123 1811/6200/688
f 366/497/94 364/514/111 1799/1491/682
f 1799/1491/682 1798/1492/683 1811/1497/688
f 1811/1497/688 1813/1499/690 366/497/94
f 1815/6202/2124 1826/4729/2043 1829/4734/2047
f 1975/6204/2128 1823/4725/2040 1826/4729/2043
f 1961/4841/2112 1816/4860/2126 1978/4857/2123
f 1958/4836/2110 1976/4852/2129 1816/4860/2126
f 1836/1512/623 1818/1501/612 1820/1503/614
f 1820/1503/614 369/517/93 371/521/96
f 371/521/96 1837/1511/622 1836/1512/623
f 1975/6204/2128 1971/6882/684 1819/4726/615
f 1818/4724/612 1836/4739/623 1840/4738/2049
f 1819/1504/615 1971/1573/684 1973/1575/686
f 1973/1575/686 387/515/92 369/517/93
f 369/517/93 1820/1503/614 1819/1504/615
f 1822/4722/2039 1840/4738/2049 1843/4742/2052
f 1825/4727/2041 1843/4742/2052 1846/4747/2056
f 1979/6203/2121 1829/4734/2047 1831/6205/616
f 1828/4732/2046 1846/4747/2056 1848/6207/624
f 370/520/95 388/519/94 1983/1579/690
f 1983/1579/690 1982/1580/691 1831/1505/616
f 1831/1505/616 1833/1507/618 370/520/95
f 372/522/97 370/520/95 1833/1507/618
f 1833/1507/618 1832/1508/619 1848/1513/624
f 1848/1513/624 1850/1515/626 372/522/97
f 1853/1520/694 1835/1509/692 1837/1511/622
f 1837/1511/622 371/521/96 373/523/98
f 373/523/98 1854/1519/630 1853/1520/694
f 1835/4737/692 1853/4753/694 1857/4752/2058
f 1839/4735/2048 1857/4752/2058 1860/4757/2061
f 1842/4740/2050 1860/4757/2061 1863/4765/2065
f 1845/4745/2055 1863/4765/2065 1865/6209/695
f 374/524/99 372/522/97 1850/1515/626
f 1850/1515/626 1849/1516/693 1865/1521/695
f 1865/1521/695 1867/1523/634 374/524/99
f 1870/1528/639 1852/1517/628 1854/1519/630
f 1854/1519/630 373/523/98 375/526/101
f 375/526/101 1871/1527/638 1870/1528/639
f 1852/4750/628 1870/4770/639 1874/4769/2067
f 1856/4748/2057 1874/4769/2067 1877/4773/2070
f 1859/4754/2059 1877/4773/2070 1880/4778/2074
f 1862/4762/2064 1880/4778/2074 1882/6211/640
f 376/525/100 374/524/99 1867/1523/634
f 1867/1523/634 1866/1524/635 1882/1529/640
f 1882/1529/640 1884/1531/642 376/525/100
f 1887/1536/647 1869/1525/636 1871/1527/638
f 1871/1527/638 375/526/101 377/527/102
f 377/527/102 1888/1535/646 1887/1536/647
f 1873/4766/2066 1869/4768/636 1887/4783/647
f 1873/4766/2066 1891/4782/2076 1894/4786/2079
f 1876/4771/2068 1894/4786/2079 1897/4791/2082
f 1879/4776/2073 1897/4791/2082 1899/6213/648
f 378/528/103 376/525/100 1884/1531/642
f 1884/1531/642 1883/1532/643 1899/1537/648
f 1899/1537/648 1901/1539/650 378/528/103
f 1904/1544/655 1886/1533/644 1888/1535/646
f 1888/1535/646 377/527/102 379/529/104
f 379/529/104 1905/1543/654 1904/1544/655
f 1886/6215/644 1904/4796/655 1908/4795/2084
f 1890/6216/2075 1908/4795/2084 1911/4799/2087
f 1896/6218/2127 1893/6217/2077 1911/4799/2087
f 1896/6218/2127 1914/4804/2091 1916/6219/656
f 380/530/105 378/528/103 1901/1539/650
f 1901/1539/650 1900/1540/651 1916/1545/656
f 1916/1545/656 1918/1547/658 380/530/105
f 1921/1552/663 1903/1541/652 1905/1543/654
f 1905/1543/654 379/529/104 381/531/106
f 381/531/106 1922/1551/662 1921/1552/663
f 1903/4794/652 1921/4809/663 1925/4808/2093
f 1907/4792/2083 1925/4808/2093 1928/4812/2096
f 1913/4802/2090 1910/4797/2085 1928/4812/2096
f 1913/4802/2090 1931/4817/2100 1933/6221/664
f 382/532/107 380/530/105 1918/1547/658
f 1918/1547/658 1917/1548/659 1933/1553/664
f 1933/1553/664 1935/1555/666 382/532/107
f 1938/1560/699 1920/1549/697 1922/1551/662
f 1922/1551/662 381/531/106 383/533/108
f 383/533/108 1939/1559/670 1938/1560/699
f 1920/4807/697 1938/4823/699 1942/4822/2102
f 1927/4810/2094 1924/4805/2092 1942/4822/2102
f 1927/4810/2094 1945/4827/2105 1948/4835/2109
f 1934/6223/698 1930/4815/2099 1948/4835/2109
f 384/534/109 382/532/107 1935/1555/666
f 1935/1555/666 1934/1556/698 1950/1561/700
f 1950/1561/700 1952/1563/674 384/534/109
f 1955/1568/679 1937/1557/668 1939/1559/670
f 1939/1559/670 383/533/108 385/535/110
f 385/535/110 1956/1567/678 1955/1568/679
f 1937/4820/668 1955/4840/679 1959/4839/2111
f 1941/4818/2101 1959/4839/2111 1962/4843/2114
f 1944/4824/2103 1962/4843/2114 1965/4848/2118
f 1947/4832/2108 1965/4848/2118 1967/6225/680
f 386/536/111 384/534/109 1952/1563/674
f 1952/1563/674 1951/1564/675 1967/1569/680
f 1967/1569/680 1969/1571/682 386/536/111
f 1972/1576/687 1954/1565/676 1956/1567/678
f 1956/1567/678 385/535/110 387/515/92
f 387/515/92 1973/1575/686 1972/1576/687
f 1958/4836/2110 1954/4838/676 1972/4853/687
f 1964/4846/2117 1978/4857/2123 1981/6227/688
f 388/519/94 386/536/111 1969/1571/682
f 1969/1571/682 1968/1572/683 1981/1577/688
f 1981/1577/688 1983/1579/690 388/519/94
f 2063/4971/2232 1985/4866/2134 1991/4878/2145
f 1991/4878/2145 1997/4886/2153 2003/4894/2161
f 2003/4894/2161 2009/4903/2169 2015/4912/2177
f 2015/4912/2177 2021/4920/2185 2027/4919/2184
f 2027/4919/2184 2033/4937/2201 2039/4946/2209
f 2039/4946/2209 2045/4945/2208 2051/4963/2225
f 2051/4963/2225 2057/4972/2233 2063/4971/2232
f 2063/4971/2232 1991/4878/2145 2003/4894/2161
f 2003/4894/2161 2015/4912/2177 2027/4919/2184
f 2027/4919/2184 2039/4946/2209 2051/4963/2225
f 2051/4963/2225 2063/4971/2232 2003/4894/2161
f 1986/6229/2130 1989/4868/2136 1995/4870/2138
f 2067/4974/2235 1989/4979/2136 1986/4862/2130
f 2000/4882/2149 1994/4872/2140 1988/4981/2241
f 1988/4981/2241 2066/4976/2237 2060/4967/2228
f 2060/4967/2228 2054/4957/2220 2048/4949/2212
f 2048/4949/2212 2042/4941/2204 2036/4932/2196
f 2036/4932/2196 2030/4924/2189 2024/4915/2180
f 2024/4915/2180 2018/4907/2172 2012/4897/2164
f 2012/4897/2164 2006/4890/2157 2000/4882/2149
f 2000/4882/2149 1988/4981/2241 2060/4967/2228
f 2060/4967/2228 2048/4949/2212 2036/4932/2196
f 2036/4932/2196 2024/4915/2180 2012/4897/2164
f 2012/4897/2164 2000/4882/2149 2060/4967/2228
f 1995/4870/2138 2001/4879/2146 1998/4874/2142
f 1998/4874/2142 2001/4879/2146 2007/4888/2155
f 2007/4888/2155 2013/4896/2163 2010/4891/2158
f 2013/6230/2163 2019/4904/2170 2016/4899/2166
f 2019/4904/2170 2025/4913/2178 2022/4909/2174
f 2025/4913/2178 2031/4921/2186 2028/4917/2182
f 2031/6231/2186 2037/6761/2195 2034/4934/2198
f 2034/4934/2198 2037/6761/2195 2043/4938/2202
f 2043/4938/2202 2049/4948/2211 2046/4952/2215
f 2049/4948/2211 2055/4955/2218 2052/4951/2214
f 2052/4961/2214 2055/4964/2218 2061/4966/2227
f 2061/4966/2227 2067/4974/2235 2064/4969/2230
f 2147/5091/2344 2069/4986/2246 2075/4997/2257
f 2075/4997/2257 2081/5006/2265 2087/5005/2264
f 2087/5005/2264 2093/5023/2281 2099/5022/2280
f 2099/5022/2280 2105/5040/2297 2111/5048/2305
f 2111/5048/2305 2117/5047/2304 2123/5066/2321
f 2123/5066/2321 2129/5065/2320 2135/5083/2337
f 2135/5083/2337 2141/5092/2345 2147/5091/2344
f 2147/5091/2344 2075/4997/2257 2087/5005/2264
f 2087/5005/2264 2099/5022/2280 2111/5048/2305
f 2111/5048/2305 2123/5066/2321 2135/5083/2337
f 2135/5083/2337 2147/5091/2344 2087/5005/2264
f 2073/6232/2248 2079/6233/2250 2076/4994/2254
f 2151/5094/2347 2073/4988/2248 2070/5097/2242
f 2084/5001/2260 2078/4993/2253 2072/4992/2252
f 2072/4992/2252 2150/5096/2349 2144/5087/2340
f 2144/5087/2340 2138/5078/2333 2132/5070/2325
f 2132/5070/2325 2126/5061/2316 2120/5052/2308
f 2120/5052/2308 2114/5043/2300 2108/5035/2292
f 2108/5035/2292 2102/5028/2285 2096/5017/2276
f 2096/5017/2276 2090/5010/2269 2084/5001/2260
f 2084/5001/2260 2072/4992/2252 2144/5087/2340
f 2144/5087/2340 2132/5070/2325 2120/5052/2308
f 2120/5052/2308 2108/5035/2292 2096/5017/2276
f 2096/5017/2276 2084/5001/2260 2144/5087/2340
f 2079/6233/2250 2085/4998/2258 2082/5003/2262
f 2085/4998/2258 2091/5008/2267 2088/5012/2271
f 2091/5008/2267 2097/5015/2274 2094/5011/2270
f 2094/5021/2270 2097/5024/2274 2103/5026/2283
f 2100/5019/2278 2103/5026/2283 2109/5033/2290
f 2106/5029/2286 2109/5033/2290 2115/5041/2298
f 2112/6234/2302 2115/6767/2298 2121/5049/2306
f 2121/5049/2306 2127/5060/2315 2124/5054/2310
f 2124/5054/2310 2127/5060/2315 2133/5068/2323
f 2133/5068/2323 2139/5076/2331 2136/5071/2326
f 2139/6235/2331 2145/5084/2338 2142/5079/2334
f 2145/5084/2338 2151/5094/2347 2148/5098/2350
f 2174/1592/712 2156/1581/701 2158/1583/703
f 2158/1583/703 2153/6883/2432 2171/6236/2363
f 2171/6236/2363 2175/1591/711 2174/1592/712
f 2157/6239/704 2309/6884/773 2311/6238/775
f 2311/6238/775 2307/5199/2433 2153/5198/2432
f 2153/5198/2432 2158/6885/703 2157/6239/704
f 2313/6240/2422 2309/6886/773 2157/1584/704
f 2160/5102/2354 2156/1581/701 2174/1592/712
f 2317/6241/780 2313/6240/2422 2161/5103/2355
f 2164/1588/708 2160/5102/2354 2178/5106/2357
f 2168/5194/2428 2320/5195/2429 2318/6242/779
f 2318/6242/779 2317/6887/780 2163/6243/705
f 2163/6243/705 2165/6888/707 2168/5194/2428
f 2184/6244/2362 2168/6889/2428 2165/1587/707
f 2165/1587/707 2164/1588/708 2180/1593/713
f 2180/1593/713 2182/1595/715 2184/6244/2362
f 2191/1601/720 2173/6890/709 2175/6246/711
f 2175/6246/711 2171/5113/2363 2188/5129/2374
f 2188/5129/2374 2192/1602/719 2191/1601/720
f 2173/1589/709 2191/5121/720 2195/5120/2369
f 2177/5105/2356 2195/5120/2369 2197/6247/721
f 2201/5127/2372 2184/5112/2362 2182/6248/715
f 2182/6248/715 2181/6891/716 2197/1603/721
f 2197/1603/721 2199/1605/723 2201/5127/2372
f 2208/6249/728 2190/6892/717 2192/1602/719
f 2192/1602/719 2188/5129/2374 2205/5137/2381
f 2205/5137/2381 2209/6893/727 2208/6249/728
f 2190/1597/717 2208/1612/728 2212/5132/2377
f 2194/5118/2368 2212/5132/2377 2214/1613/729
f 2218/5136/2380 2201/5127/2372 2199/1605/723
f 2199/1605/723 2198/6894/724 2214/6250/729
f 2214/6250/729 2216/6895/731 2218/5136/2380
f 2225/1620/736 2207/1609/725 2209/1611/727
f 2209/1611/727 2205/6896/2381 2222/6251/2390
f 2222/6251/2390 2226/1619/735 2225/1620/736
f 2207/1609/725 2225/1620/736 2229/5141/2385
f 2211/5131/2376 2229/5141/2385 2231/1621/737
f 2235/6252/2388 2218/6897/2380 2216/1615/731
f 2216/1615/731 2215/1616/732 2231/1621/737
f 2231/1621/737 2233/1623/739 2235/6252/2388
f 2242/6254/744 2224/6898/733 2226/6253/735
f 2226/6253/735 2222/5147/2390 2239/5153/2395
f 2239/5153/2395 2243/6899/743 2242/6254/744
f 2224/6255/733 2242/1628/744 2246/5150/2393
f 2228/6256/2384 2246/5150/2393 2248/1629/745
f 2252/5155/2397 2235/5145/2388 2233/6258/739
f 2233/6258/739 2232/6900/740 2248/6259/745
f 2248/6259/745 2250/6901/747 2252/5155/2397
f 2259/1636/752 2241/1625/741 2243/1627/743
f 2243/1627/743 2239/6902/2395 2256/6260/2402
f 2256/6260/2402 2260/1635/751 2259/1636/752
f 2245/5149/2392 2241/1625/741 2259/1636/752
f 2249/1632/748 2245/5149/2392 2263/5158/2400
f 2269/6261/2404 2252/6903/2397 2250/1631/747
f 2250/1631/747 2249/1632/748 2265/1637/753
f 2265/1637/753 2267/1639/755 2269/6261/2404
f 2276/1645/760 2258/6904/749 2260/6262/751
f 2260/6262/751 2256/5161/2402 2273/5186/2421
f 2273/5186/2421 2277/1646/759 2276/1645/760
f 2258/1633/749 2276/5169/760 2280/5168/2408
f 2262/5157/2399 2280/5168/2408 2282/6263/761
f 2286/5173/2409 2269/5163/2404 2267/6264/755
f 2267/6264/755 2266/6905/756 2282/1647/761
f 2282/1647/761 2284/1649/763 2286/5173/2409
f 2293/6265/768 2275/6906/757 2277/1646/759
f 2277/1646/759 2273/5186/2421 2290/5193/2427
f 2290/5193/2427 2294/6907/767 2293/6265/768
f 2275/1641/757 2293/1656/768 2297/5179/2415
f 2279/5166/2407 2297/5179/2415 2299/1657/769
f 2303/5181/2416 2286/5173/2409 2284/1649/763
f 2284/1649/763 2283/6908/764 2299/6266/769
f 2299/6266/769 2301/6909/771 2303/5181/2416
f 2310/1664/776 2292/1653/765 2294/1655/767
f 2294/1655/767 2290/6910/2427 2307/6267/2433
f 2307/6267/2433 2311/1663/775 2310/1664/776
f 2296/5178/2414 2292/1653/765 2310/1664/776
f 2296/5178/2414 2314/5188/2423 2316/1665/777
f 2320/6268/2429 2303/6911/2416 2301/1659/771
f 2301/1659/771 2300/1660/772 2316/1665/777
f 2316/1665/777 2318/1667/779 2320/6268/2429
f 2344/1680/712 2326/1669/701 2328/1671/703
f 2328/1671/703 2323/6912/2432 2341/6269/2363
f 2341/6269/2363 2345/1679/711 2344/1680/712
f 2327/6272/704 2479/6913/773 2481/6271/785
f 2481/6271/785 2477/5297/2433 2323/5296/2432
f 2323/5296/2432 2328/6914/703 2327/6272/704
f 2479/6273/773 2327/1672/704 2331/5201/2355
f 2330/5200/2354 2326/1669/701 2344/1680/712
f 2483/6274/2422 2331/5201/2355 2333/1673/705
f 2330/5200/2354 2348/5204/2357 2350/1681/713
f 2338/5292/2428 2490/5293/2429 2488/6276/786
f 2488/6276/786 2487/6915/780 2333/6277/705
f 2333/6277/705 2335/6916/781 2338/5292/2428
f 2354/6278/2362 2338/6917/2428 2335/1675/781
f 2335/1675/781 2334/1676/708 2350/1681/713
f 2350/1681/713 2352/1683/715 2354/6278/2362
f 2361/1689/720 2343/6918/709 2345/6280/711
f 2345/6280/711 2341/5211/2363 2358/5226/2374
f 2358/5226/2374 2362/1690/719 2361/1689/720
f 2343/1677/709 2361/5219/720 2365/5218/2369
f 2347/5203/2356 2365/5218/2369 2367/6281/721
f 2371/5225/2372 2354/5210/2362 2352/6282/715
f 2352/6282/715 2351/6919/716 2367/1691/721
f 2367/1691/721 2369/1693/723 2371/5225/2372
f 2378/6283/728 2360/6920/717 2362/1690/719
f 2362/1690/719 2358/5226/2374 2375/5236/2381
f 2375/5236/2381 2379/6921/727 2378/6283/728
f 2360/1685/717 2378/1700/728 2382/5230/2377
f 2368/1695/724 2364/5216/2368 2382/5230/2377
f 2388/5234/2380 2371/5225/2372 2369/1693/723
f 2369/1693/723 2368/6922/724 2384/6284/729
f 2384/6284/729 2386/6923/731 2388/5234/2380
f 2395/1708/736 2377/1697/725 2379/1699/727
f 2379/1699/727 2375/6924/2381 2392/6285/2390
f 2392/6285/2390 2396/1707/782 2395/1708/736
f 2377/1697/725 2395/1708/736 2399/5239/2385
f 2381/5229/2376 2399/5239/2385 2401/1709/737
f 2405/6286/2388 2388/6925/2380 2386/1703/731
f 2386/1703/731 2385/1704/732 2401/1709/737
f 2401/1709/737 2403/1711/783 2405/6286/2388
f 2412/6288/744 2394/6926/733 2396/6287/782
f 2396/6287/782 2392/5245/2390 2409/5251/2395
f 2409/5251/2395 2413/6927/743 2412/6288/744
f 2394/6289/733 2412/1716/744 2416/5248/2393
f 2398/6290/2384 2416/5248/2393 2418/1717/745
f 2422/5253/2397 2405/5243/2388 2403/6292/783
f 2403/6292/783 2402/6928/740 2418/6293/745
f 2418/6293/745 2420/6929/747 2422/5253/2397
f 2429/1724/752 2411/1713/741 2413/1715/743
f 2413/1715/743 2409/6930/2395 2426/6294/2402
f 2426/6294/2402 2430/1723/751 2429/1724/752
f 2415/5247/2392 2411/1713/741 2429/1724/752
f 2419/1720/748 2415/5247/2392 2433/5256/2400
f 2439/6295/2404 2422/6931/2397 2420/1719/747
f 2420/1719/747 2419/1720/748 2435/1725/753
f 2435/1725/753 2437/1727/755 2439/6295/2404
f 2446/1733/760 2428/6932/749 2430/6296/751
f 2430/6296/751 2426/5259/2402 2443/5284/2421
f 2443/5284/2421 2447/1734/759 2446/1733/760
f 2428/1721/749 2446/5267/760 2450/5266/2408
f 2432/5255/2399 2450/5266/2408 2452/6297/761
f 2456/5271/2409 2439/5261/2404 2437/6298/755
f 2437/6298/755 2436/6933/756 2452/1735/761
f 2452/1735/761 2454/1737/763 2456/5271/2409
f 2463/6299/768 2445/6934/757 2447/1734/759
f 2447/1734/759 2443/5284/2421 2460/5291/2427
f 2460/5291/2427 2464/6935/767 2463/6299/768
f 2445/1729/757 2463/1744/768 2467/5277/2415
f 2453/1739/764 2449/5264/2407 2467/5277/2415
f 2473/5288/2416 2456/5271/2409 2454/1737/763
f 2454/1737/763 2453/6936/764 2469/6300/769
f 2469/6300/769 2471/6937/771 2473/5288/2416
f 2480/1752/776 2462/1741/784 2464/1743/767
f 2464/1743/767 2460/6938/2427 2477/6301/2433
f 2477/6301/2433 2481/1751/785 2480/1752/776
f 2462/1741/784 2480/1752/776 2484/5286/2423
f 2466/5276/2414 2484/5286/2423 2486/1753/777
f 2490/6302/2429 2473/6939/2416 2471/1747/771
f 2471/1747/771 2470/1748/772 2486/1753/777
f 2486/1753/777 2488/1755/786 2490/6302/2429
f 2535/1805/590 2521/1789/572 2493/1757/536
f 2502/1771/551 2516/5303/569 2508/5300/557
f 2529/1800/584 2500/6773/545 2494/5316/539
f 2514/1781/563 2501/1768/548 2528/1797/581
f 2515/1784/566 2544/6771/605 2536/5306/593
f 2543/1816/602 2530/6772/587 2522/5311/575
f 2591/1869/590 2577/1853/572 2549/1821/536
f 2558/1835/551 2572/5325/569 2564/5322/557
f 2585/1864/584 2556/6777/545 2550/5339/539
f 2570/1845/563 2557/1832/548 2584/1861/581
f 2571/1848/566 2600/6775/605 2592/5328/593
f 2599/1880/602 2586/6776/587 2578/5334/575
f 2647/1933/590 2633/1917/572 2605/1885/536
f 2614/1899/551 2628/5348/569 2620/5345/557
f 2641/1928/584 2612/6781/545 2606/5362/539
f 2626/1909/563 2613/1896/548 2640/1925/581
f 2627/1912/566 2656/6779/605 2648/5351/593
f 2655/1944/602 2642/6780/587 2634/5357/575
f 2703/1997/590 2689/1981/572 2661/1949/536
f 2670/1963/551 2684/5371/569 2676/5368/557
f 2697/1992/584 2668/6785/545 2662/5385/539
f 2682/1973/563 2669/1960/548 2696/1989/581
f 2683/1976/566 2712/6783/605 2704/5374/593
f 2711/2008/602 2698/6784/587 2690/5380/575
f 2759/2061/590 2745/2045/572 2717/2013/536
f 2726/2027/551 2740/5394/569 2732/5391/557
f 2753/2056/584 2724/6789/545 2718/5408/539
f 2738/2037/563 2725/2024/548 2752/2053/581
f 2739/2040/566 2768/6787/605 2760/5397/593
f 2767/2072/602 2754/6788/587 2746/5403/575
f 2815/2125/590 2801/2109/572 2773/2077/536
f 2782/2091/551 2796/5417/569 2788/5414/557
f 2809/2120/584 2780/6793/545 2774/5431/539
f 2794/2101/563 2781/2088/548 2808/2117/581
f 2795/2104/566 2824/6791/605 2816/5420/593
f 2823/2136/602 2810/6792/587 2802/5426/575
f 2871/2189/590 2857/2173/572 2829/2141/536
f 2838/2155/551 2852/5440/569 2844/5437/557
f 2865/2184/584 2836/6797/545 2830/5454/539
f 2850/2165/563 2837/2152/548 2864/2181/581
f 2851/2168/566 2880/6795/605 2872/5443/593
f 2879/2200/602 2866/6796/587 2858/5449/575
f 2927/2253/590 2913/2237/572 2885/2205/536
f 2894/2219/551 2908/5463/569 2900/5460/557
f 2921/2248/584 2892/6801/545 2886/5477/539
f 2906/2229/563 2893/2216/548 2920/2245/581
f 2907/2232/566 2936/5469/605 2928/5466/593
f 2935/2264/602 2922/6800/587 2914/5472/575
f 3095/2445/973 2941/2269/797 2955/2285/813
f 2955/2285/813 2969/2301/829 2983/2317/845
f 2983/2317/845 2997/2333/861 3011/2349/877
f 3011/2349/877 3025/2365/893 3039/2381/909
f 3039/2381/909 3053/2397/925 3067/2413/941
f 3067/2413/941 3081/2429/957 3095/2445/973
f 3095/2445/973 2955/2285/813 2983/2317/845
f 2983/2317/845 3011/2349/877 3039/2381/909
f 3039/2381/909 3067/2413/941 3095/2445/973
f 2949/6303/810 2964/2300/828 2956/2290/818
f 3103/2458/986 2950/2284/812 2942/2274/802
f 2976/2309/837 2962/2293/821 2948/2277/805
f 2948/2277/805 3102/2453/981 3088/2437/965
f 3088/2437/965 3074/2421/949 3060/2405/933
f 3060/2405/933 3046/2389/917 3032/2373/901
f 3032/2373/901 3018/2357/885 3004/2341/869
f 3004/2341/869 2990/2325/853 2976/2309/837
f 2976/2309/837 2948/2277/805 3088/2437/965
f 3088/2437/965 3060/2405/933 3032/2373/901
f 3032/2373/901 3004/2341/869 2976/2309/837
f 2963/2298/826 2978/2316/844 2970/2306/834
f 2977/2314/842 2992/2332/860 2984/2322/850
f 2991/6304/858 3006/2348/876 2998/2338/866
f 3005/2346/874 3020/2364/892 3012/2354/882
f 3019/2362/890 3034/2380/908 3026/2370/898
f 3033/6305/906 3048/2396/924 3040/2386/914
f 3047/2394/922 3062/2412/940 3054/2402/930
f 3061/2410/938 3076/2428/956 3068/2418/946
f 3075/6306/954 3090/2444/972 3082/2434/962
f 3089/2442/970 3104/2460/988 3096/2450/978
f 3151/2509/590 3137/2493/572 3109/2461/536
f 3118/2475/551 3132/6802/569 3124/5511/557
f 3145/2504/584 3116/6805/545 3110/5529/539
f 3130/2485/563 3117/2472/993 3144/2501/581
f 3131/2488/566 3160/6803/605 3152/5517/593
f 3159/2520/602 3146/6804/587 3138/5523/575
f 3207/2573/590 3193/2557/572 3165/2525/536
f 3174/2539/551 3188/6806/569 3180/5535/557
f 3201/2568/584 3172/6809/545 3166/5553/539
f 3186/2549/563 3173/2536/548 3200/2565/581
f 3187/2552/566 3216/6807/605 3208/5541/593
f 3215/2584/602 3202/6808/587 3194/5547/575
f 3389/5647/2534 3382/5649/1127 3221/6308/1029
f 3223/2594/1034 3245/2606/1046 3252/5572/2484
f 3392/5651/2536 3389/5647/2534 3229/5563/2476
f 3228/6309/2475 3252/5576/2484 3255/5575/2487
f 3392/5651/2536 3232/5562/2479 3235/6311/2482
f 3234/6312/2481 3231/6310/2477 3255/5575/2487
f 3395/5657/2541 3235/6311/2482 3237/6314/1036
f 3234/5566/2481 3258/5581/2491 3262/2615/1055
f 3244/5571/1043 3268/6940/1060 3275/5589/2493
f 3251/5569/2483 3275/5589/2493 3278/5588/2496
f 3257/5579/2490 3254/5573/2485 3278/5588/2496
f 3257/5579/2490 3281/6317/2499 3285/6318/1069
f 3274/5583/2492 3267/2617/1057 3291/2634/1074
f 3277/6320/2494 3274/6941/2492 3298/5602/2501
f 3277/6320/2494 3301/5601/2504 3304/6321/2508
f 3280/5592/2498 3304/5607/2508 3308/2643/1083
f 3290/5597/1071 3314/6942/1088 3321/5615/2510
f 3300/5599/2502 3297/5595/2500 3321/5615/2510
f 3300/5599/2502 3324/5614/2513 3327/6323/2516
f 3303/5605/2507 3327/6323/2516 3331/6324/1097
f 3313/2645/1085 3337/2662/1102 3344/5624/2518
f 3320/6326/2509 3344/5628/2518 3347/5627/2521
f 3326/6328/2515 3323/6327/2511 3347/5627/2521
f 3326/5618/2515 3350/5633/2525 3354/2671/1111
f 3336/5623/1099 3360/6943/1116 3367/5641/2527
f 3343/5621/2517 3367/5641/2527 3370/5640/2530
f 3349/5631/2524 3346/5625/2519 3370/5640/2530
f 3349/5631/2524 3373/6330/2533 3377/6331/1125
f 3359/2673/1113 3383/2690/1130 3390/5650/2535
f 3369/6333/2528 3366/6944/2526 3390/5654/2535
f 3369/6333/2528 3393/5653/2538 3396/6334/2542
f 3372/5644/2532 3396/5659/2542 3400/2699/1139
f 3566/5753/1164 3405/6945/1029 3413/5667/2476
f 3407/2706/1141 3429/2718/1146 3436/5676/2484
f 3576/5755/2536 3573/5751/2534 3413/5667/2476
f 3412/6337/2475 3436/5680/2484 3439/5679/2487
f 3576/5755/2536 3416/5666/2479 3419/6339/2482
f 3418/6340/2543 3415/6338/2477 3439/5679/2487
f 3579/5761/2541 3419/6339/2482 3421/6342/1143
f 3422/2711/1144 3418/5670/2543 3442/5685/2491
f 3428/5675/1043 3452/6946/1060 3459/5693/2493
f 3435/5673/2483 3459/5693/2493 3462/5692/2496
f 3441/5683/2490 3438/5677/2485 3462/5692/2496
f 3441/5683/2490 3465/6345/2499 3469/6346/1150
f 3451/2729/1149 3475/2746/1152 3482/5702/2501
f 3461/6348/2494 3458/6947/2492 3482/5706/2501
f 3461/6348/2494 3485/5705/2504 3488/6349/2508
f 3464/5696/2498 3488/5711/2508 3492/2755/1083
f 3481/5699/2500 3474/5701/1071 3498/6351/1155
f 3484/5703/2502 3481/5699/2500 3505/5719/2544
f 3484/5703/2502 3508/5718/2513 3511/6352/2545
f 3490/6353/1153 3487/5709/2507 3511/6352/2545
f 3497/2757/1154 3521/2774/1159 3528/5728/2518
f 3504/6355/2509 3528/5732/2518 3531/5731/2521
f 3510/6357/2515 3507/6356/2511 3531/5731/2521
f 3513/2764/1157 3510/5722/2515 3534/5737/2525
f 3520/5727/1099 3544/6948/1116 3551/5745/2527
f 3527/5725/2517 3551/5745/2527 3554/5744/2530
f 3533/5735/2524 3530/5729/2519 3554/5744/2530
f 3536/6360/1160 3533/5735/2524 3557/6359/2533
f 3543/2785/1162 3567/2802/1166 3574/5754/2535
f 3550/6362/2526 3574/5758/2535 3577/5757/2538
f 3553/6363/2528 3577/5757/2538 3580/6364/2542
f 3556/5748/2532 3580/5763/2542 3584/2811/1139
f 3631/2861/590 3617/2845/572 3589/2813/536
f 3598/2827/551 3612/6834/569 3604/5767/557
f 3625/2856/584 3596/6837/545 3590/5785/539
f 3610/2837/563 3597/2824/548 3624/2853/581
f 3611/2840/566 3640/6835/605 3632/5773/593
f 3639/2872/602 3626/6836/587 3618/5779/575
f 3687/2925/590 3673/2909/572 3645/2877/536
f 3654/2891/551 3668/5794/569 3660/5791/557
f 3681/2920/584 3652/6841/545 3646/5809/539
f 3666/2901/563 3653/2888/548 3680/2917/581
f 3667/2904/566 3696/6839/605 3688/5797/593
f 3695/2936/602 3682/6840/587 3674/5803/575
f 3869/5903/2593 3862/5905/1203 3701/6367/1174
f 3703/2946/1176 3725/2958/1181 3732/5828/2558
f 3872/5907/2536 3869/5903/2593 3709/5819/2552
f 3708/6368/2551 3732/5832/2558 3735/5831/2487
f 3872/5907/2536 3712/5818/2479 3715/6370/2556
f 3711/6369/2477 3735/5831/2487 3738/6371/2562
f 3875/5913/2597 3715/6370/2556 3717/6373/1177
f 3714/5822/2555 3738/5837/2562 3742/2967/1182
f 3724/5827/1180 3748/6949/1060 3755/5845/2564
f 3731/5825/2557 3755/5845/2564 3758/5844/2496
f 3734/5829/2485 3758/5844/2496 3761/6376/2568
f 3737/5835/2561 3761/6376/2568 3765/6377/1069
f 3747/2969/1184 3771/2986/1187 3778/5854/2570
f 3754/6379/2563 3778/5858/2570 3781/5857/2504
f 3757/6380/2494 3781/5857/2504 3784/6381/2574
f 3760/5848/2567 3784/5863/2574 3788/2995/1190
f 3777/5851/2569 3770/5853/1185 3794/6383/1191
f 3780/5855/2502 3777/5851/2569 3801/5871/2576
f 3780/5855/2502 3804/5870/2513 3807/6384/2580
f 3783/5861/2573 3807/6384/2580 3811/6385/1194
f 3793/2997/1154 3817/3014/1197 3824/5880/2582
f 3803/6387/2511 3800/6950/2575 3824/5884/2582
f 3806/6388/2579 3803/6387/2511 3827/5883/2521
f 3806/5874/2579 3830/5889/2586 3834/3023/1111
f 3816/5879/1196 3840/6951/1116 3847/5897/2588
f 3826/5881/2519 3823/5877/2581 3847/5897/2588
f 3826/5881/2519 3850/5896/2530 3853/6390/2592
f 3829/5887/2585 3853/6390/2592 3857/6391/1202
f 3839/3025/1201 3863/3042/1130 3870/5906/2594
f 3846/6393/2587 3870/5910/2594 3873/5909/2538
f 3852/6395/2591 3849/6394/2528 3873/5909/2538
f 3852/5900/2591 3876/5915/2598 3880/3051/1207
f 4046/6009/1203 3885/6952/1174 3893/5923/2552
f 3887/3058/1176 3909/3070/1181 3916/5932/2558
f 4053/6007/2593 3893/5923/2552 3896/5922/2479
f 3892/6398/2551 3916/5936/2558 3919/5935/2599
f 4056/6011/2536 3896/5922/2479 3899/6400/2556
f 3898/6401/2555 3895/6399/2477 3919/5935/2599
f 4059/6017/2597 3899/6400/2556 3901/6403/1177
f 3898/5926/2555 3922/5941/2562 3926/3079/1182
f 3908/5931/1180 3932/6953/1060 3939/5949/2564
f 3918/5933/2485 3915/5929/2557 3939/5949/2564
f 3921/5939/2561 3918/5933/2485 3942/5948/2496
f 3921/5939/2561 3945/6406/2568 3949/6407/1069
f 3931/3081/1184 3955/3098/1187 3962/5958/2570
f 3938/6409/2563 3962/5962/2570 3965/5961/2504
f 3944/6411/2567 3941/6410/2494 3965/5961/2504
f 3944/5952/2567 3968/5967/2574 3972/3107/1190
f 3954/5957/1185 3978/6954/1191 3985/5975/2576
f 3964/5959/2502 3961/5955/2569 3985/5975/2576
f 3964/5959/2502 3988/5974/2513 3991/6413/2580
f 3967/5965/2573 3991/6413/2580 3995/6414/1194
f 3977/3109/1154 4001/3126/1197 4008/5984/2600
f 3984/6416/2575 4008/5988/2600 4011/5987/2521
f 3990/6418/2579 3987/6417/2511 4011/5987/2521
f 3990/5978/2579 4014/5993/2586 4018/3135/1111
f 4000/5983/1196 4024/6955/1116 4031/6001/2588
f 4007/5981/2581 4031/6001/2588 4034/6000/2530
f 4010/5985/2519 4034/6000/2530 4037/6420/2592
f 4013/5991/2585 4037/6420/2592 4041/6421/1202
f 4023/3137/1201 4047/3154/1130 4054/6010/2594
f 4030/6423/2587 4054/6014/2594 4057/6013/2538
f 4033/6424/2528 4057/6013/2538 4060/6425/2598
f 4036/6004/2591 4060/6019/2598 4064/3163/1207
f 4241/3362/1398 4185/3296/1326 4199/3314/1344
f 4199/3314/1344 4213/3330/1362 4227/3346/1380
f 4193/3308/1338 4208/3328/1359 4200/3317/1347
f 4249/3374/1410 4194/3311/1341 4186/3299/1329
f 4220/3338/1371 4206/3322/1353 4192/3305/1335
f 4192/3305/1335 4248/3371/1407 4234/3354/1389
f 4207/6427/1356 4222/3344/1377 4214/3333/1365
f 4221/3341/1374 4236/6057/1395 4228/6428/1383
f 4235/3357/1392 4250/3377/1413 4242/3365/1401
f 4311/3446/1398 4255/3380/1326 4269/3398/1344
f 4269/3398/1344 4283/3414/1420 4297/3430/1424
f 4263/3392/1338 4278/3412/1359 4270/3401/1347
f 4319/3458/1410 4264/3395/1341 4256/3383/1329
f 4290/3422/1371 4276/3406/1353 4262/3389/1335
f 4262/3389/1335 4318/3455/1426 4304/3438/1389
f 4277/6072/1356 4292/3428/1377 4284/3417/1421
f 4291/3425/1374 4306/6077/1395 4298/6074/1383
f 4305/3441/1392 4320/3461/1413 4312/3449/1401
f 4423/3582/1532 4325/3464/1427 4339/3482/1442
f 4339/3482/1442 4353/3498/1457 4367/3516/1472
f 4367/3516/1472 4381/3532/1487 4395/3549/1502
f 4395/3549/1502 4409/3565/1517 4423/3582/1532
f 4423/3582/1532 4339/3482/1442 4367/3516/1472
f 4333/6429/1440 4348/3497/1456 4340/3487/1447
f 4431/3595/1545 4334/3481/1441 4326/3469/1432
f 4360/3507/1465 4346/3490/1450 4332/3473/1435
f 4332/3473/1435 4430/3590/1540 4416/3573/1525
f 4416/3573/1525 4402/3557/1510 4388/3540/1495
f 4388/3540/1495 4374/3524/1480 4360/3507/1465
f 4360/3507/1465 4332/3473/1435 4416/3573/1525
f 4347/3495/1455 4362/3515/1471 4354/3503/1462
f 4361/6430/1470 4376/3531/1486 4368/3521/1477
f 4375/3529/1485 4390/3548/1501 4382/3537/1492
f 4389/6431/1500 4404/3564/1516 4396/3554/1507
f 4397/3556/1509 4403/3562/1515 4418/3581/1531
f 4417/6432/1530 4432/3597/1546 4424/3587/1537
f 4479/3646/590 4465/3630/572 4437/3598/536
f 4446/3612/551 4460/6872/569 4452/6110/557
f 4473/3641/584 4444/6129/545 4438/6127/539
f 4458/3622/563 4445/3609/548 4472/3638/581
f 4459/3625/566 4488/6118/605 4480/6116/593
f 4487/3657/602 4474/6124/587 4466/6121/575
f 4535/3710/1608 4521/3694/1590 4493/3662/1554
f 4502/3676/1569 4516/3691/1587 4508/6133/1575
f 4529/3706/1602 4500/6879/1563 4494/6433/1557
f 4514/3685/1581 4501/3673/1566 4528/6153/1599
f 4515/3688/1584 4544/6956/1623 4536/6140/1611
f 4543/3721/1620 4530/6877/1605 4522/3697/1593
