# Blender 5.2.0 LTS
# www.blender.org
o unit_university_archivist
v -0.120000 0.518000 -0.020000
v -0.120000 0.495154 -0.075154
v -0.120000 0.469849 -0.092063
v -0.120000 0.440000 -0.098000
v -0.120000 0.410151 -0.092063
v -0.120000 0.384846 -0.075154
v -0.120000 0.362000 -0.020000
v -0.105075 0.512063 -0.045850
v -0.092423 0.495154 -0.067765
v -0.083969 0.469849 -0.082408
v -0.081000 0.440000 -0.087550
v -0.083969 0.410151 -0.082408
v -0.092423 0.384846 -0.067765
v -0.105075 0.367937 -0.045850
v -0.094150 0.512063 -0.034925
v -0.072235 0.495154 -0.047577
v -0.057592 0.469849 -0.056031
v -0.052450 0.440000 -0.059000
v -0.057592 0.410151 -0.056031
v -0.072235 0.384846 -0.047577
v -0.094150 0.367937 -0.034925
v -0.090151 0.512063 -0.020000
v -0.064846 0.495154 -0.020000
v -0.047937 0.469849 -0.020000
v -0.042000 0.440000 -0.020000
v -0.047937 0.410151 -0.020000
v -0.064846 0.384846 -0.020000
v -0.090151 0.367937 -0.020000
v -0.094150 0.512063 -0.005075
v -0.072235 0.495154 0.007577
v -0.057592 0.469849 0.016031
v -0.052450 0.440000 0.019000
v -0.057592 0.410151 0.016031
v -0.072235 0.384846 0.007577
v -0.094150 0.367937 -0.005075
v -0.105075 0.512063 0.005850
v -0.092423 0.495154 0.027765
v -0.083969 0.469849 0.042408
v -0.081000 0.440000 0.047550
v -0.083969 0.410151 0.042408
v -0.092423 0.384846 0.027765
v -0.105075 0.367937 0.005850
v -0.120000 0.512063 0.009849
v -0.120000 0.495154 0.035154
v -0.120000 0.469849 0.052063
v -0.120000 0.440000 0.058000
v -0.120000 0.410151 0.052063
v -0.120000 0.384846 0.035154
v -0.120000 0.367937 0.009849
v -0.134925 0.512063 0.005850
v -0.147577 0.495154 0.027765
v -0.156031 0.469849 0.042408
v -0.159000 0.440000 0.047550
v -0.156031 0.410151 0.042408
v -0.147577 0.384846 0.027765
v -0.134925 0.367937 0.005850
v -0.145850 0.512063 -0.005075
v -0.167765 0.495154 0.007577
v -0.182408 0.469849 0.016031
v -0.187550 0.440000 0.019000
v -0.182408 0.410151 0.016031
v -0.167765 0.384846 0.007577
v -0.145850 0.367937 -0.005075
v -0.149849 0.512063 -0.020000
v -0.175154 0.495154 -0.020000
v -0.192063 0.469849 -0.020000
v -0.198000 0.440000 -0.020000
v -0.192063 0.410151 -0.020000
v -0.175154 0.384846 -0.020000
v -0.149849 0.367937 -0.020000
v -0.145850 0.512063 -0.034925
v -0.167765 0.495154 -0.047577
v -0.182408 0.469849 -0.056031
v -0.187550 0.440000 -0.059000
v -0.182408 0.410151 -0.056031
v -0.167765 0.384846 -0.047577
v -0.145850 0.367937 -0.034925
v -0.134925 0.512063 -0.045850
v -0.147577 0.495154 -0.067765
v -0.156031 0.469849 -0.082408
v -0.159000 0.440000 -0.087550
v -0.156031 0.410151 -0.082408
v -0.147577 0.384846 -0.067765
v -0.134925 0.367937 -0.045850
v -0.120000 0.512063 -0.049849
v -0.120000 0.367937 -0.049849
v 0.120000 0.518000 -0.020000
v 0.120000 0.495154 -0.075154
v 0.120000 0.469849 -0.092063
v 0.120000 0.440000 -0.098000
v 0.120000 0.410151 -0.092063
v 0.120000 0.384846 -0.075154
v 0.120000 0.362000 -0.020000
v 0.134925 0.512063 -0.045850
v 0.147577 0.495154 -0.067765
v 0.156031 0.469849 -0.082408
v 0.159000 0.440000 -0.087550
v 0.156031 0.410151 -0.082408
v 0.147577 0.384846 -0.067765
v 0.134925 0.367937 -0.045850
v 0.145850 0.512063 -0.034925
v 0.167765 0.495154 -0.047577
v 0.182408 0.469849 -0.056031
v 0.187550 0.440000 -0.059000
v 0.182408 0.410151 -0.056031
v 0.167765 0.384846 -0.047577
v 0.145850 0.367937 -0.034925
v 0.149849 0.512063 -0.020000
v 0.175154 0.495154 -0.020000
v 0.192063 0.469849 -0.020000
v 0.198000 0.440000 -0.020000
v 0.192063 0.410151 -0.020000
v 0.175154 0.384846 -0.020000
v 0.149849 0.367937 -0.020000
v 0.145850 0.512063 -0.005075
v 0.167765 0.495154 0.007577
v 0.182408 0.469849 0.016031
v 0.187550 0.440000 0.019000
v 0.182408 0.410151 0.016031
v 0.167765 0.384846 0.007577
v 0.145850 0.367937 -0.005075
v 0.134925 0.512063 0.005850
v 0.147577 0.495154 0.027765
v 0.156031 0.469849 0.042408
v 0.159000 0.440000 0.047550
v 0.156031 0.410151 0.042408
v 0.147577 0.384846 0.027765
v 0.134925 0.367937 0.005850
v 0.120000 0.512063 0.009849
v 0.120000 0.495154 0.035154
v 0.120000 0.469849 0.052063
v 0.120000 0.440000 0.058000
v 0.120000 0.410151 0.052063
v 0.120000 0.384846 0.035154
v 0.120000 0.367937 0.009849
v 0.105075 0.512063 0.005850
v 0.092423 0.495154 0.027765
v 0.083969 0.469849 0.042408
v 0.081000 0.440000 0.047550
v 0.083969 0.410151 0.042408
v 0.092423 0.384846 0.027765
v 0.105075 0.367937 0.005850
v 0.094150 0.512063 -0.005075
v 0.072235 0.495154 0.007577
v 0.057592 0.469849 0.016031
v 0.052450 0.440000 0.019000
v 0.057592 0.410151 0.016031
v 0.072235 0.384846 0.007577
v 0.094150 0.367937 -0.005075
v 0.090151 0.512063 -0.020000
v 0.064846 0.495154 -0.020000
v 0.047937 0.469849 -0.020000
v 0.042000 0.440000 -0.020000
v 0.047937 0.410151 -0.020000
v 0.064846 0.384846 -0.020000
v 0.090151 0.367937 -0.020000
v 0.094150 0.512063 -0.034925
v 0.072235 0.495154 -0.047577
v 0.057592 0.469849 -0.056031
v 0.052450 0.440000 -0.059000
v 0.057592 0.410151 -0.056031
v 0.072235 0.384846 -0.047577
v 0.094150 0.367937 -0.034925
v 0.105075 0.512063 -0.045850
v 0.092423 0.495154 -0.067765
v 0.083969 0.469849 -0.082408
v 0.081000 0.440000 -0.087550
v 0.083969 0.410151 -0.082408
v 0.092423 0.384846 -0.067765
v 0.105075 0.367937 -0.045850
v 0.120000 0.512063 -0.049849
v 0.120000 0.367937 -0.049849
v -0.260000 1.530000 0.000000
v -0.260000 1.521627 -0.042095
v -0.260000 1.462095 -0.101627
v -0.260000 1.420000 -0.110000
v -0.260000 1.377905 -0.101627
v -0.260000 1.318373 -0.042095
v -0.260000 1.310000 0.000000
v -0.238952 1.521627 -0.036455
v -0.221109 1.497782 -0.067361
v -0.209187 1.462095 -0.088011
v -0.205000 1.420000 -0.095263
v -0.209187 1.377905 -0.088011
v -0.221109 1.342218 -0.067361
v -0.238952 1.318373 -0.036455
v -0.223544 1.521627 -0.021048
v -0.192639 1.497782 -0.038891
v -0.171989 1.462095 -0.050813
v -0.164737 1.420000 -0.055000
v -0.171989 1.377905 -0.050813
v -0.192639 1.342218 -0.038891
v -0.223544 1.318373 -0.021048
v -0.217905 1.521627 0.000000
v -0.182218 1.497782 0.000000
v -0.158373 1.462095 0.000000
v -0.150000 1.420000 0.000000
v -0.158373 1.377905 0.000000
v -0.182218 1.342218 0.000000
v -0.217905 1.318373 0.000000
v -0.223544 1.521627 0.021048
v -0.192639 1.497782 0.038891
v -0.171989 1.462095 0.050813
v -0.164737 1.420000 0.055000
v -0.171989 1.377905 0.050813
v -0.192639 1.342218 0.038891
v -0.223544 1.318373 0.021048
v -0.238952 1.521627 0.036455
v -0.221109 1.497782 0.067361
v -0.209187 1.462095 0.088011
v -0.205000 1.420000 0.095263
v -0.209187 1.377905 0.088011
v -0.221109 1.342218 0.067361
v -0.238952 1.318373 0.036455
v -0.260000 1.521627 0.042095
v -0.260000 1.497782 0.077782
v -0.260000 1.462095 0.101627
v -0.260000 1.420000 0.110000
v -0.260000 1.377905 0.101627
v -0.260000 1.342218 0.077782
v -0.260000 1.318373 0.042095
v -0.281048 1.521627 0.036455
v -0.298891 1.497782 0.067361
v -0.310813 1.462095 0.088011
v -0.315000 1.420000 0.095263
v -0.310813 1.377905 0.088011
v -0.298891 1.342218 0.067361
v -0.281048 1.318373 0.036455
v -0.296455 1.521627 0.021048
v -0.327361 1.497782 0.038891
v -0.348011 1.462095 0.050813
v -0.355263 1.420000 0.055000
v -0.348011 1.377905 0.050813
v -0.327361 1.342218 0.038891
v -0.296455 1.318373 0.021048
v -0.302095 1.521627 0.000000
v -0.337782 1.497782 -0.000000
v -0.361627 1.462095 0.000000
v -0.370000 1.420000 0.000000
v -0.361627 1.377905 0.000000
v -0.337782 1.342218 -0.000000
v -0.302095 1.318373 0.000000
v -0.296455 1.521627 -0.021048
v -0.327361 1.497782 -0.038891
v -0.348011 1.462095 -0.050813
v -0.355263 1.420000 -0.055000
v -0.348011 1.377905 -0.050813
v -0.327361 1.342218 -0.038891
v -0.296455 1.318373 -0.021048
v -0.281048 1.521627 -0.036455
v -0.298891 1.497782 -0.067361
v -0.310813 1.462095 -0.088011
v -0.315000 1.420000 -0.095263
v -0.310813 1.377905 -0.088011
v -0.298891 1.342218 -0.067361
v -0.281048 1.318373 -0.036455
v -0.260000 1.497782 -0.077782
v -0.260000 1.342218 -0.077782
v 0.260000 1.530000 0.000000
v 0.260000 1.521627 -0.042095
v 0.260000 1.462095 -0.101627
v 0.260000 1.420000 -0.110000
v 0.260000 1.377905 -0.101627
v 0.260000 1.318373 -0.042095
v 0.260000 1.310000 0.000000
v 0.281048 1.521627 -0.036455
v 0.298891 1.497782 -0.067361
v 0.310813 1.462095 -0.088011
v 0.315000 1.420000 -0.095263
v 0.310813 1.377905 -0.088011
v 0.298891 1.342218 -0.067361
v 0.281048 1.318373 -0.036455
v 0.296455 1.521627 -0.021048
v 0.327361 1.497782 -0.038891
v 0.348011 1.462095 -0.050813
v 0.355263 1.420000 -0.055000
v 0.348011 1.377905 -0.050813
v 0.327361 1.342218 -0.038891
v 0.296455 1.318373 -0.021048
v 0.302095 1.521627 0.000000
v 0.337782 1.497782 0.000000
v 0.361627 1.462095 0.000000
v 0.370000 1.420000 0.000000
v 0.361627 1.377905 0.000000
v 0.337782 1.342218 0.000000
v 0.302095 1.318373 0.000000
v 0.296455 1.521627 0.021048
v 0.327361 1.497782 0.038891
v 0.348011 1.462095 0.050813
v 0.355263 1.420000 0.055000
v 0.348011 1.377905 0.050813
v 0.327361 1.342218 0.038891
v 0.296455 1.318373 0.021048
v 0.281048 1.521627 0.036455
v 0.298891 1.497782 0.067361
v 0.310813 1.462095 0.088011
v 0.315000 1.420000 0.095263
v 0.310813 1.377905 0.088011
v 0.298891 1.342218 0.067361
v 0.281048 1.318373 0.036455
v 0.260000 1.521627 0.042095
v 0.260000 1.497782 0.077782
v 0.260000 1.462095 0.101627
v 0.260000 1.420000 0.110000
v 0.260000 1.377905 0.101627
v 0.260000 1.342218 0.077782
v 0.260000 1.318373 0.042095
v 0.238952 1.521627 0.036455
v 0.221109 1.497782 0.067361
v 0.209187 1.462095 0.088011
v 0.205000 1.420000 0.095263
v 0.209187 1.377905 0.088011
v 0.221109 1.342218 0.067361
v 0.238952 1.318373 0.036455
v 0.223544 1.521627 0.021048
v 0.192639 1.497782 0.038891
v 0.171989 1.462095 0.050813
v 0.164737 1.420000 0.055000
v 0.171989 1.377905 0.050813
v 0.192639 1.342218 0.038891
v 0.223544 1.318373 0.021048
v 0.217905 1.521627 0.000000
v 0.182218 1.497782 -0.000000
v 0.158373 1.462095 0.000000
v 0.150000 1.420000 0.000000
v 0.158373 1.377905 0.000000
v 0.182218 1.342218 -0.000000
v 0.217905 1.318373 0.000000
v 0.223544 1.521627 -0.021048
v 0.192639 1.497782 -0.038891
v 0.171989 1.462095 -0.050813
v 0.164737 1.420000 -0.055000
v 0.171989 1.377905 -0.050813
v 0.192639 1.342218 -0.038891
v 0.223544 1.318373 -0.021048
v 0.238952 1.521627 -0.036455
v 0.221109 1.497782 -0.067361
v 0.209187 1.462095 -0.088011
v 0.205000 1.420000 -0.095263
v 0.209187 1.377905 -0.088011
v 0.221109 1.342218 -0.067361
v 0.238952 1.318373 -0.036455
v 0.260000 1.497782 -0.077782
v 0.260000 1.342218 -0.077782
v -0.440000 1.178000 -0.030000
v -0.440000 1.062000 -0.030000
v -0.426954 1.173585 -0.047957
v -0.426954 1.066415 -0.047957
v -0.418891 1.173585 -0.036859
v -0.418891 1.066415 -0.036859
v -0.418891 1.173585 -0.023141
v -0.418891 1.066415 -0.023141
v -0.426954 1.173585 -0.012043
v -0.426954 1.066415 -0.012043
v -0.440000 1.173585 -0.007804
v -0.440000 1.066415 -0.007804
v -0.453046 1.173585 -0.012043
v -0.453046 1.066415 -0.012043
v -0.461109 1.173585 -0.023141
v -0.461109 1.066415 -0.023141
v -0.461109 1.173585 -0.036859
v -0.461109 1.066415 -0.036859
v -0.453046 1.173585 -0.047957
v -0.453046 1.066415 -0.047957
v -0.440000 1.173585 -0.052196
v -0.440000 1.066415 -0.052196
v 0.440000 1.178000 -0.030000
v 0.440000 1.062000 -0.030000
v 0.453046 1.173585 -0.047957
v 0.453046 1.066415 -0.047957
v 0.461109 1.173585 -0.036859
v 0.461109 1.066415 -0.036859
v 0.461109 1.173585 -0.023141
v 0.461109 1.066415 -0.023141
v 0.453046 1.173585 -0.012043
v 0.453046 1.066415 -0.012043
v 0.440000 1.173585 -0.007804
v 0.440000 1.066415 -0.007804
v 0.426954 1.173585 -0.012043
v 0.426954 1.066415 -0.012043
v 0.418891 1.173585 -0.023141
v 0.418891 1.066415 -0.023141
v 0.418891 1.173585 -0.036859
v 0.418891 1.066415 -0.036859
v 0.426954 1.173585 -0.047957
v 0.426954 1.066415 -0.047957
v 0.440000 1.173585 -0.052196
v 0.440000 1.066415 -0.052196
v -0.540000 0.875000 -0.080000
v -0.540000 0.765000 -0.080000
v 0.540000 0.875000 -0.080000
v 0.540000 0.765000 -0.080000
v 0.000000 1.795000 -0.020000
v 0.000000 1.525000 -0.020000
v 0.010274 1.791615 -0.048229
v 0.020034 1.781631 -0.075042
v 0.028788 1.765547 -0.099095
v 0.036099 1.744171 -0.119182
v 0.041600 1.718574 -0.134296
v 0.045015 1.690040 -0.143678
v 0.046173 1.660000 -0.146859
v 0.045015 1.629960 -0.143678
v 0.041600 1.601426 -0.134296
v 0.036099 1.575829 -0.119182
v 0.028788 1.554453 -0.099095
v 0.020034 1.538369 -0.075042
v 0.010274 1.528385 -0.048229
v 0.019310 1.791615 -0.043012
v 0.037651 1.781631 -0.064871
v 0.054104 1.765547 -0.084479
v 0.067844 1.744171 -0.100854
v 0.078183 1.718574 -0.113175
v 0.084601 1.690040 -0.120823
v 0.086776 1.660000 -0.123416
v 0.084601 1.629960 -0.120823
v 0.078183 1.601426 -0.113175
v 0.067844 1.575829 -0.100854
v 0.054104 1.554453 -0.084479
v 0.037651 1.538369 -0.064871
v 0.019310 1.528385 -0.043012
v 0.026016 1.791615 -0.035020
v 0.050727 1.781631 -0.049287
v 0.072894 1.765547 -0.062086
v 0.091407 1.744171 -0.072774
v 0.105335 1.718574 -0.080815
v 0.113982 1.690040 -0.085808
v 0.116913 1.660000 -0.087500
v 0.113982 1.629960 -0.085808
v 0.105335 1.601426 -0.080815
v 0.091407 1.575829 -0.072774
v 0.072894 1.554453 -0.062086
v 0.050727 1.538369 -0.049287
v 0.026016 1.528385 -0.035020
v 0.029584 1.791615 -0.025216
v 0.057684 1.781631 -0.030171
v 0.082892 1.765547 -0.034616
v 0.103944 1.744171 -0.038328
v 0.119783 1.718574 -0.041121
v 0.129616 1.690040 -0.042855
v 0.132949 1.660000 -0.043443
v 0.129616 1.629960 -0.042855
v 0.119783 1.601426 -0.041121
v 0.103944 1.575829 -0.038328
v 0.082892 1.554453 -0.034616
v 0.057684 1.538369 -0.030171
v 0.029584 1.528385 -0.025216
v 0.029584 1.791615 -0.014784
v 0.057684 1.781631 -0.009829
v 0.082892 1.765547 -0.005384
v 0.103944 1.744171 -0.001672
v 0.119783 1.718574 0.001121
v 0.129616 1.690040 0.002855
v 0.132949 1.660000 0.003442
v 0.129616 1.629960 0.002855
v 0.119783 1.601426 0.001121
v 0.103944 1.575829 -0.001672
v 0.082892 1.554453 -0.005384
v 0.057684 1.538369 -0.009829
v 0.029584 1.528385 -0.014784
v 0.026016 1.791615 -0.004980
v 0.050727 1.781631 0.009287
v 0.072894 1.765547 0.022086
v 0.091407 1.744171 0.032774
v 0.105335 1.718574 0.040815
v 0.113982 1.690040 0.045808
v 0.116913 1.660000 0.047500
v 0.113982 1.629960 0.045808
v 0.105335 1.601426 0.040815
v 0.091407 1.575829 0.032774
v 0.072894 1.554453 0.022086
v 0.050727 1.538369 0.009287
v 0.026016 1.528385 -0.004980
v 0.019310 1.791615 0.003012
v 0.037651 1.781631 0.024871
v 0.054104 1.765547 0.044479
v 0.067844 1.744171 0.060854
v 0.078183 1.718574 0.073175
v 0.084601 1.690040 0.080823
v 0.086776 1.660000 0.083416
v 0.084601 1.629960 0.080823
v 0.078183 1.601426 0.073175
v 0.067844 1.575829 0.060854
v 0.054104 1.554453 0.044479
v 0.037651 1.538369 0.024871
v 0.019310 1.528385 0.003012
v 0.010274 1.791615 0.008229
v 0.020034 1.781631 0.035042
v 0.028788 1.765547 0.059095
v 0.036099 1.744171 0.079182
v 0.041600 1.718574 0.094296
v 0.045015 1.690040 0.103678
v 0.046173 1.660000 0.106858
v 0.045015 1.629960 0.103678
v 0.041600 1.601426 0.094296
v 0.036099 1.575829 0.079182
v 0.028788 1.554453 0.059095
v 0.020034 1.538369 0.035042
v 0.010274 1.528385 0.008229
v 0.000000 1.791615 0.010040
v 0.000000 1.781631 0.038574
v 0.000000 1.765547 0.064171
v 0.000000 1.744171 0.085547
v 0.000000 1.718574 0.101631
v 0.000000 1.690040 0.111615
v 0.000000 1.660000 0.115000
v 0.000000 1.629960 0.111615
v 0.000000 1.601426 0.101631
v 0.000000 1.575829 0.085547
v 0.000000 1.554453 0.064171
v 0.000000 1.538369 0.038574
v 0.000000 1.528385 0.010040
v -0.010274 1.791615 0.008229
v -0.020034 1.781631 0.035042
v -0.028788 1.765547 0.059095
v -0.036099 1.744171 0.079182
v -0.041600 1.718574 0.094296
v -0.045015 1.690040 0.103678
v -0.046173 1.660000 0.106858
v -0.045015 1.629960 0.103678
v -0.041600 1.601426 0.094296
v -0.036099 1.575829 0.079182
v -0.028788 1.554453 0.059095
v -0.020034 1.538369 0.035042
v -0.010274 1.528385 0.008229
v -0.019310 1.791615 0.003012
v -0.037651 1.781631 0.024871
v -0.054104 1.765547 0.044479
v -0.067844 1.744171 0.060854
v -0.078183 1.718574 0.073175
v -0.084601 1.690040 0.080823
v -0.086776 1.660000 0.083416
v -0.084601 1.629960 0.080823
v -0.078183 1.601426 0.073175
v -0.067844 1.575829 0.060854
v -0.054104 1.554453 0.044479
v -0.037651 1.538369 0.024871
v -0.019310 1.528385 0.003012
v -0.026016 1.791615 -0.004980
v -0.050727 1.781631 0.009287
v -0.072894 1.765547 0.022086
v -0.091407 1.744171 0.032774
v -0.105335 1.718574 0.040815
v -0.113982 1.690040 0.045808
v -0.116913 1.660000 0.047500
v -0.113982 1.629960 0.045808
v -0.105335 1.601426 0.040815
v -0.091407 1.575829 0.032774
v -0.072894 1.554453 0.022086
v -0.050727 1.538369 0.009287
v -0.026016 1.528385 -0.004980
v -0.029584 1.791615 -0.014784
v -0.057684 1.781631 -0.009829
v -0.082892 1.765547 -0.005384
v -0.103944 1.744171 -0.001672
v -0.119783 1.718574 0.001121
v -0.129616 1.690040 0.002855
v -0.132949 1.660000 0.003443
v -0.129616 1.629960 0.002855
v -0.119783 1.601426 0.001121
v -0.103944 1.575829 -0.001672
v -0.082892 1.554453 -0.005384
v -0.057684 1.538369 -0.009829
v -0.029584 1.528385 -0.014784
v -0.029584 1.791615 -0.025216
v -0.057684 1.781631 -0.030171
v -0.082892 1.765547 -0.034616
v -0.103944 1.744171 -0.038328
v -0.119783 1.718574 -0.041121
v -0.129616 1.690040 -0.042855
v -0.132949 1.660000 -0.043442
v -0.129616 1.629960 -0.042855
v -0.119783 1.601426 -0.041121
v -0.103944 1.575829 -0.038328
v -0.082892 1.554453 -0.034616
v -0.057684 1.538369 -0.030171
v -0.029584 1.528385 -0.025216
v -0.026016 1.791615 -0.035020
v -0.050727 1.781631 -0.049287
v -0.072894 1.765547 -0.062086
v -0.091407 1.744171 -0.072774
v -0.105335 1.718574 -0.080815
v -0.113982 1.690040 -0.085808
v -0.116913 1.660000 -0.087500
v -0.113982 1.629960 -0.085808
v -0.105335 1.601426 -0.080815
v -0.091407 1.575829 -0.072774
v -0.072894 1.554453 -0.062086
v -0.050727 1.538369 -0.049287
v -0.026016 1.528385 -0.035020
v -0.019310 1.791615 -0.043012
v -0.037651 1.781631 -0.064871
v -0.054104 1.765547 -0.084479
v -0.067844 1.744171 -0.100854
v -0.078183 1.718574 -0.113175
v -0.084601 1.690040 -0.120823
v -0.086776 1.660000 -0.123416
v -0.084601 1.629960 -0.120823
v -0.078183 1.601426 -0.113175
v -0.067844 1.575829 -0.100854
v -0.054104 1.554453 -0.084479
v -0.037651 1.538369 -0.064871
v -0.019310 1.528385 -0.043012
v -0.010274 1.791615 -0.048229
v -0.020034 1.781631 -0.075042
v -0.028788 1.765547 -0.099095
v -0.036099 1.744171 -0.119182
v -0.041600 1.718574 -0.134296
v -0.045015 1.690040 -0.143678
v -0.046173 1.660000 -0.146858
v -0.045015 1.629960 -0.143678
v -0.041600 1.601426 -0.134296
v -0.036099 1.575829 -0.119182
v -0.028788 1.554453 -0.099095
v -0.020034 1.538369 -0.075042
v -0.010274 1.528385 -0.048229
v -0.000000 1.791615 -0.050040
v -0.000000 1.781631 -0.078574
v -0.000000 1.765547 -0.104171
v -0.000000 1.744171 -0.125547
v -0.000000 1.718574 -0.141631
v -0.000000 1.690040 -0.151615
v -0.000000 1.660000 -0.155000
v -0.000000 1.629960 -0.151615
v -0.000000 1.601426 -0.141631
v -0.000000 1.575829 -0.125547
v -0.000000 1.554453 -0.104171
v -0.000000 1.538369 -0.078574
v -0.000000 1.528385 -0.050040
v -0.048000 1.698000 0.108000
v -0.048000 1.662000 0.108000
v 0.048000 1.698000 0.108000
v 0.048000 1.662000 0.108000
v -0.130000 1.695000 -0.020000
v -0.130000 1.625000 -0.020000
v 0.130000 1.695000 -0.020000
v 0.130000 1.625000 -0.020000
v 0.000000 0.340000 -0.335337
v 0.000000 0.344546 -0.340000
v 0.000000 0.341331 -0.338634
v 0.000000 1.820000 -0.335337
v 0.000000 1.815454 -0.340000
v 0.000000 1.818669 -0.338634
v 0.128142 0.340000 -0.306090
v 0.130165 0.344546 -0.310291
v 0.129573 0.341331 -0.309060
v 0.128142 1.820000 -0.306090
v 0.130165 1.815454 -0.310291
v 0.129573 1.818669 -0.309060
v 0.230904 0.340000 -0.224140
v 0.234549 0.344546 -0.227047
v 0.233482 0.341331 -0.226195
v 0.230904 1.820000 -0.224140
v 0.234549 1.815454 -0.227047
v 0.233482 1.818669 -0.226195
v 0.287933 0.340000 -0.105719
v 0.292478 0.344546 -0.106756
v 0.291147 0.341331 -0.106452
v 0.287933 1.820000 -0.105719
v 0.292478 1.815454 -0.106756
v 0.291147 1.818669 -0.106452
v 0.287933 0.340000 0.025719
v 0.292478 0.344546 0.026756
v 0.291147 0.341331 0.026452
v 0.287933 1.820000 0.025719
v 0.292478 1.815454 0.026756
v 0.291147 1.818669 0.026452
v 0.230904 0.340000 0.144140
v 0.234549 0.344546 0.147047
v 0.233482 0.341331 0.146195
v 0.230904 1.820000 0.144140
v 0.234549 1.815454 0.147047
v 0.233482 1.818669 0.146195
v 0.128142 0.340000 0.226090
v 0.130165 0.344546 0.230291
v 0.129573 0.341331 0.229060
v 0.128142 1.820000 0.226090
v 0.130165 1.815454 0.230291
v 0.129573 1.818669 0.229060
v 0.000000 0.340000 0.255337
v 0.000000 0.344546 0.260000
v 0.000000 0.341331 0.258634
v 0.000000 1.820000 0.255337
v 0.000000 1.815454 0.260000
v 0.000000 1.818669 0.258634
v -0.128142 0.340000 0.226090
v -0.130165 0.344546 0.230291
v -0.129573 0.341331 0.229060
v -0.128142 1.820000 0.226090
v -0.130165 1.815454 0.230291
v -0.129573 1.818669 0.229060
v -0.230904 0.340000 0.144140
v -0.234549 0.344546 0.147047
v -0.233482 0.341331 0.146195
v -0.230904 1.820000 0.144140
v -0.234549 1.815454 0.147047
v -0.233482 1.818669 0.146195
v -0.287933 0.340000 0.025719
v -0.292478 0.344546 0.026756
v -0.291147 0.341331 0.026452
v -0.287933 1.820000 0.025719
v -0.292478 1.815454 0.026756
v -0.291147 1.818669 0.026452
v -0.287933 0.340000 -0.105719
v -0.292478 0.344546 -0.106756
v -0.291147 0.341331 -0.106452
v -0.287933 1.820000 -0.105719
v -0.292478 1.815454 -0.106756
v -0.291147 1.818669 -0.106452
v -0.230904 0.340000 -0.224140
v -0.234549 0.344546 -0.227047
v -0.233482 0.341331 -0.226195
v -0.230904 1.820000 -0.224140
v -0.234549 1.815454 -0.227047
v -0.233482 1.818669 -0.226195
v -0.128142 0.340000 -0.306090
v -0.130165 0.344546 -0.310291
v -0.129573 0.341331 -0.309060
v -0.128142 1.820000 -0.306090
v -0.130165 1.815454 -0.310291
v -0.129573 1.818669 -0.309060
v -0.075454 0.625000 0.280454
v -0.075454 0.629546 0.285000
v -0.080000 0.629546 0.280454
v -0.075454 0.626331 0.283669
v -0.078079 0.626921 0.283079
v -0.078669 0.629546 0.283669
v -0.078669 0.626331 0.280454
v -0.075454 1.670454 0.285000
v -0.075454 1.675000 0.280454
v -0.080000 1.670454 0.280454
v -0.075454 1.673668 0.283669
v -0.078079 1.673079 0.283079
v -0.078669 1.673668 0.280454
v -0.078669 1.670454 0.283669
v -0.075454 0.625000 0.239546
v -0.080000 0.629546 0.239546
v -0.075454 0.629546 0.235000
v -0.078669 0.626331 0.239546
v -0.078079 0.626921 0.236921
v -0.078669 0.629546 0.236331
v -0.075454 0.626331 0.236331
v -0.075454 1.675000 0.239546
v -0.075454 1.670454 0.235000
v -0.080000 1.670454 0.239546
v -0.075454 1.673668 0.236331
v -0.078079 1.673079 0.236921
v -0.078669 1.670454 0.236331
v -0.078669 1.673668 0.239546
v 0.075454 0.625000 0.280454
v 0.080000 0.629546 0.280454
v 0.075454 0.629546 0.285000
v 0.078669 0.626331 0.280454
v 0.078079 0.626921 0.283079
v 0.078669 0.629546 0.283669
v 0.075454 0.626331 0.283669
v 0.075454 1.675000 0.280454
v 0.075454 1.670454 0.285000
v 0.080000 1.670454 0.280454
v 0.075454 1.673668 0.283669
v 0.078079 1.673079 0.283079
v 0.078669 1.670454 0.283669
v 0.078669 1.673668 0.280454
v 0.075454 0.625000 0.239546
v 0.075454 0.629546 0.235000
v 0.080000 0.629546 0.239546
v 0.075454 0.626331 0.236331
v 0.078079 0.626921 0.236921
v 0.078669 0.629546 0.236331
v 0.078669 0.626331 0.239546
v 0.075454 1.675000 0.239546
v 0.080000 1.670454 0.239546
v 0.075454 1.670454 0.235000
v 0.078669 1.673668 0.239546
v 0.078079 1.673079 0.236921
v 0.078669 1.670454 0.236331
v 0.075454 1.673668 0.236331
v -0.120000 0.420000 -0.085337
v -0.120000 0.424546 -0.090000
v -0.120000 0.421331 -0.088634
v -0.120000 0.860000 -0.085337
v -0.120000 0.855454 -0.090000
v -0.120000 0.858669 -0.088634
v -0.082973 0.420000 -0.076886
v -0.080950 0.424546 -0.081087
v -0.081543 0.421331 -0.079857
v -0.082973 0.860000 -0.076886
v -0.080950 0.855454 -0.081087
v -0.081543 0.858669 -0.079857
v -0.053281 0.420000 -0.053207
v -0.049635 0.424546 -0.056114
v -0.050703 0.421331 -0.055263
v -0.053281 0.860000 -0.053207
v -0.049635 0.855454 -0.056114
v -0.050703 0.858669 -0.055263
v -0.036802 0.420000 -0.018989
v -0.032256 0.424546 -0.020027
v -0.033588 0.421331 -0.019723
v -0.036802 0.860000 -0.018989
v -0.032256 0.855454 -0.020027
v -0.033588 0.858669 -0.019723
v -0.036802 0.420000 0.018989
v -0.032256 0.424546 0.020027
v -0.033588 0.421331 0.019723
v -0.036802 0.860000 0.018989
v -0.032256 0.855454 0.020027
v -0.033588 0.858669 0.019723
v -0.053281 0.420000 0.053207
v -0.049635 0.424546 0.056114
v -0.050703 0.421331 0.055263
v -0.053281 0.860000 0.053207
v -0.049635 0.855454 0.056114
v -0.050703 0.858669 0.055263
v -0.082973 0.420000 0.076886
v -0.080950 0.424546 0.081087
v -0.081543 0.421331 0.079857
v -0.082973 0.860000 0.076886
v -0.080950 0.855454 0.081087
v -0.081543 0.858669 0.079857
v -0.120000 0.420000 0.085337
v -0.120000 0.424546 0.090000
v -0.120000 0.421331 0.088634
v -0.120000 0.860000 0.085337
v -0.120000 0.855454 0.090000
v -0.120000 0.858669 0.088634
v -0.157026 0.420000 0.076886
v -0.159050 0.424546 0.081087
v -0.158457 0.421331 0.079857
v -0.157026 0.860000 0.076886
v -0.159050 0.855454 0.081087
v -0.158457 0.858669 0.079857
v -0.186719 0.420000 0.053207
v -0.190365 0.424546 0.056114
v -0.189297 0.421331 0.055263
v -0.186719 0.860000 0.053207
v -0.190365 0.855454 0.056114
v -0.189297 0.858669 0.055263
v -0.203198 0.420000 0.018989
v -0.207744 0.424546 0.020027
v -0.206412 0.421331 0.019723
v -0.203198 0.860000 0.018989
v -0.207744 0.855454 0.020027
v -0.206412 0.858669 0.019723
v -0.203198 0.420000 -0.018989
v -0.207744 0.424546 -0.020027
v -0.206412 0.421331 -0.019723
v -0.203198 0.860000 -0.018989
v -0.207744 0.855454 -0.020027
v -0.206412 0.858669 -0.019723
v -0.186719 0.420000 -0.053207
v -0.190365 0.424546 -0.056114
v -0.189297 0.421331 -0.055263
v -0.186719 0.860000 -0.053207
v -0.190365 0.855454 -0.056114
v -0.189297 0.858669 -0.055263
v -0.157026 0.420000 -0.076886
v -0.159050 0.424546 -0.081087
v -0.158457 0.421331 -0.079857
v -0.157026 0.860000 -0.076886
v -0.159050 0.855454 -0.081087
v -0.158457 0.858669 -0.079857
v 0.120000 0.420000 -0.085337
v 0.120000 0.424546 -0.090000
v 0.120000 0.421331 -0.088634
v 0.120000 0.860000 -0.085337
v 0.120000 0.855454 -0.090000
v 0.120000 0.858669 -0.088634
v 0.157026 0.420000 -0.076886
v 0.159050 0.424546 -0.081087
v 0.158457 0.421331 -0.079857
v 0.157026 0.860000 -0.076886
v 0.159050 0.855454 -0.081087
v 0.158457 0.858669 -0.079857
v 0.186719 0.420000 -0.053207
v 0.190365 0.424546 -0.056114
v 0.189297 0.421331 -0.055263
v 0.186719 0.860000 -0.053207
v 0.190365 0.855454 -0.056114
v 0.189297 0.858669 -0.055263
v 0.203198 0.420000 -0.018989
v 0.207744 0.424546 -0.020027
v 0.206412 0.421331 -0.019723
v 0.203198 0.860000 -0.018989
v 0.207744 0.855454 -0.020027
v 0.206412 0.858669 -0.019723
v 0.203198 0.420000 0.018989
v 0.207744 0.424546 0.020027
v 0.206412 0.421331 0.019723
v 0.203198 0.860000 0.018989
v 0.207744 0.855454 0.020027
v 0.206412 0.858669 0.019723
v 0.186719 0.420000 0.053207
v 0.190365 0.424546 0.056114
v 0.189297 0.421331 0.055263
v 0.186719 0.860000 0.053207
v 0.190365 0.855454 0.056114
v 0.189297 0.858669 0.055263
v 0.157026 0.420000 0.076886
v 0.159050 0.424546 0.081087
v 0.158457 0.421331 0.079857
v 0.157026 0.860000 0.076886
v 0.159050 0.855454 0.081087
v 0.158457 0.858669 0.079857
v 0.120000 0.420000 0.085337
v 0.120000 0.424546 0.090000
v 0.120000 0.421331 0.088634
v 0.120000 0.860000 0.085337
v 0.120000 0.855454 0.090000
v 0.120000 0.858669 0.088634
v 0.082973 0.420000 0.076886
v 0.080950 0.424546 0.081087
v 0.081543 0.421331 0.079857
v 0.082973 0.860000 0.076886
v 0.080950 0.855454 0.081087
v 0.081543 0.858669 0.079857
v 0.053281 0.420000 0.053207
v 0.049635 0.424546 0.056114
v 0.050703 0.421331 0.055263
v 0.053281 0.860000 0.053207
v 0.049635 0.855454 0.056114
v 0.050703 0.858669 0.055263
v 0.036802 0.420000 0.018989
v 0.032256 0.424546 0.020027
v 0.033588 0.421331 0.019723
v 0.036802 0.860000 0.018989
v 0.032256 0.855454 0.020027
v 0.033588 0.858669 0.019723
v 0.036802 0.420000 -0.018989
v 0.032256 0.424546 -0.020027
v 0.033588 0.421331 -0.019723
v 0.036802 0.860000 -0.018989
v 0.032256 0.855454 -0.020027
v 0.033588 0.858669 -0.019723
v 0.053281 0.420000 -0.053207
v 0.049635 0.424546 -0.056114
v 0.050703 0.421331 -0.055263
v 0.053281 0.860000 -0.053207
v 0.049635 0.855454 -0.056114
v 0.050703 0.858669 -0.055263
v 0.082973 0.420000 -0.076886
v 0.080950 0.424546 -0.081087
v 0.081543 0.421331 -0.079857
v 0.082973 0.860000 -0.076886
v 0.080950 0.855454 -0.081087
v 0.081543 0.858669 -0.079857
v -0.120000 0.100000 -0.097337
v -0.120000 0.104546 -0.102000
v -0.120000 0.101331 -0.100634
v -0.120000 0.460000 -0.097337
v -0.120000 0.455454 -0.102000
v -0.120000 0.458669 -0.100634
v -0.090783 0.100000 -0.090669
v -0.088760 0.104546 -0.094870
v -0.089353 0.101331 -0.093639
v -0.090783 0.460000 -0.090669
v -0.088760 0.455454 -0.094870
v -0.089353 0.458669 -0.093639
v -0.067354 0.100000 -0.071984
v -0.063708 0.104546 -0.074891
v -0.064776 0.101331 -0.074040
v -0.067354 0.460000 -0.071984
v -0.063708 0.455454 -0.074891
v -0.064776 0.458669 -0.074040
v -0.054351 0.100000 -0.044984
v -0.049805 0.104546 -0.046022
v -0.051137 0.101331 -0.045718
v -0.054351 0.460000 -0.044984
v -0.049805 0.455454 -0.046022
v -0.051137 0.458669 -0.045718
v -0.054351 0.100000 -0.015016
v -0.049805 0.104546 -0.013978
v -0.051137 0.101331 -0.014282
v -0.054351 0.460000 -0.015016
v -0.049805 0.455454 -0.013978
v -0.051137 0.458669 -0.014282
v -0.067354 0.100000 0.011984
v -0.063708 0.104546 0.014891
v -0.064776 0.101331 0.014040
v -0.067354 0.460000 0.011984
v -0.063708 0.455454 0.014891
v -0.064776 0.458669 0.014040
v -0.090783 0.100000 0.030669
v -0.088760 0.104546 0.034870
v -0.089353 0.101331 0.033639
v -0.090783 0.460000 0.030669
v -0.088760 0.455454 0.034870
v -0.089353 0.458669 0.033639
v -0.120000 0.100000 0.037337
v -0.120000 0.104546 0.042000
v -0.120000 0.101331 0.040634
v -0.120000 0.460000 0.037337
v -0.120000 0.455454 0.042000
v -0.120000 0.458669 0.040634
v -0.149217 0.100000 0.030669
v -0.151240 0.104546 0.034870
v -0.150647 0.101331 0.033639
v -0.149217 0.460000 0.030669
v -0.151240 0.455454 0.034870
v -0.150647 0.458669 0.033639
v -0.172646 0.100000 0.011984
v -0.176292 0.104546 0.014891
v -0.175224 0.101331 0.014040
v -0.172646 0.460000 0.011984
v -0.176292 0.455454 0.014891
v -0.175224 0.458669 0.014040
v -0.185649 0.100000 -0.015016
v -0.190195 0.104546 -0.013978
v -0.188863 0.101331 -0.014282
v -0.185649 0.460000 -0.015016
v -0.190195 0.455454 -0.013978
v -0.188863 0.458669 -0.014282
v -0.185649 0.100000 -0.044984
v -0.190195 0.104546 -0.046022
v -0.188863 0.101331 -0.045718
v -0.185649 0.460000 -0.044984
v -0.190195 0.455454 -0.046022
v -0.188863 0.458669 -0.045718
v -0.172646 0.100000 -0.071984
v -0.176292 0.104546 -0.074891
v -0.175224 0.101331 -0.074040
v -0.172646 0.460000 -0.071984
v -0.176292 0.455454 -0.074891
v -0.175224 0.458669 -0.074040
v -0.149217 0.100000 -0.090669
v -0.151240 0.104546 -0.094870
v -0.150647 0.101331 -0.093639
v -0.149217 0.460000 -0.090669
v -0.151240 0.455454 -0.094870
v -0.150647 0.458669 -0.093639
v 0.120000 0.100000 -0.097337
v 0.120000 0.104546 -0.102000
v 0.120000 0.101331 -0.100634
v 0.120000 0.460000 -0.097337
v 0.120000 0.455454 -0.102000
v 0.120000 0.458669 -0.100634
v 0.149217 0.100000 -0.090669
v 0.151240 0.104546 -0.094870
v 0.150647 0.101331 -0.093639
v 0.149217 0.460000 -0.090669
v 0.151240 0.455454 -0.094870
v 0.150647 0.458669 -0.093639
v 0.172646 0.100000 -0.071984
v 0.176292 0.104546 -0.074891
v 0.175224 0.101331 -0.074040
v 0.172646 0.460000 -0.071984
v 0.176292 0.455454 -0.074891
v 0.175224 0.458669 -0.074040
v 0.185649 0.100000 -0.044984
v 0.190195 0.104546 -0.046022
v 0.188863 0.101331 -0.045718
v 0.185649 0.460000 -0.044984
v 0.190195 0.455454 -0.046022
v 0.188863 0.458669 -0.045718
v 0.185649 0.100000 -0.015016
v 0.190195 0.104546 -0.013978
v 0.188863 0.101331 -0.014282
v 0.185649 0.460000 -0.015016
v 0.190195 0.455454 -0.013978
v 0.188863 0.458669 -0.014282
v 0.172646 0.100000 0.011984
v 0.176292 0.104546 0.014891
v 0.175224 0.101331 0.014040
v 0.172646 0.460000 0.011984
v 0.176292 0.455454 0.014891
v 0.175224 0.458669 0.014040
v 0.149217 0.100000 0.030669
v 0.151240 0.104546 0.034870
v 0.150647 0.101331 0.033639
v 0.149217 0.460000 0.030669
v 0.151240 0.455454 0.034870
v 0.150647 0.458669 0.033639
v 0.120000 0.100000 0.037337
v 0.120000 0.104546 0.042000
v 0.120000 0.101331 0.040634
v 0.120000 0.460000 0.037337
v 0.120000 0.455454 0.042000
v 0.120000 0.458669 0.040634
v 0.090783 0.100000 0.030669
v 0.088760 0.104546 0.034870
v 0.089353 0.101331 0.033639
v 0.090783 0.460000 0.030669
v 0.088760 0.455454 0.034870
v 0.089353 0.458669 0.033639
v 0.067354 0.100000 0.011984
v 0.063708 0.104546 0.014891
v 0.064776 0.101331 0.014040
v 0.067354 0.460000 0.011984
v 0.063708 0.455454 0.014891
v 0.064776 0.458669 0.014040
v 0.054351 0.100000 -0.015016
v 0.049805 0.104546 -0.013978
v 0.051137 0.101331 -0.014282
v 0.054351 0.460000 -0.015016
v 0.049805 0.455454 -0.013978
v 0.051137 0.458669 -0.014282
v 0.054351 0.100000 -0.044984
v 0.049805 0.104546 -0.046022
v 0.051137 0.101331 -0.045718
v 0.054351 0.460000 -0.044984
v 0.049805 0.455454 -0.046022
v 0.051137 0.458669 -0.045718
v 0.067354 0.100000 -0.071984
v 0.063708 0.104546 -0.074891
v 0.064776 0.101331 -0.074040
v 0.067354 0.460000 -0.071984
v 0.063708 0.455454 -0.074891
v 0.064776 0.458669 -0.074040
v 0.090783 0.100000 -0.090669
v 0.088760 0.104546 -0.094870
v 0.089353 0.101331 -0.093639
v 0.090783 0.460000 -0.090669
v 0.088760 0.455454 -0.094870
v 0.089353 0.458669 -0.093639
v -0.205454 0.010000 0.065454
v -0.205454 0.014546 0.070000
v -0.210000 0.014546 0.065454
v -0.205454 0.011332 0.068669
v -0.208079 0.011921 0.068079
v -0.208669 0.014546 0.068669
v -0.208669 0.011332 0.065454
v -0.205454 0.125454 0.070000
v -0.205454 0.130000 0.065454
v -0.210000 0.125454 0.065454
v -0.205454 0.128669 0.068669
v -0.208079 0.128079 0.068079
v -0.208669 0.128669 0.065454
v -0.208669 0.125454 0.068669
v -0.205454 0.010000 -0.245454
v -0.210000 0.014546 -0.245454
v -0.205454 0.014546 -0.250000
v -0.208669 0.011332 -0.245454
v -0.208079 0.011921 -0.248079
v -0.208669 0.014546 -0.248669
v -0.205454 0.011332 -0.248669
v -0.205454 0.130000 -0.245454
v -0.205454 0.125454 -0.250000
v -0.210000 0.125454 -0.245454
v -0.205454 0.128669 -0.248669
v -0.208079 0.128079 -0.248079
v -0.208669 0.125454 -0.248669
v -0.208669 0.128669 -0.245454
v -0.034546 0.010000 0.065454
v -0.030000 0.014546 0.065454
v -0.034546 0.014546 0.070000
v -0.031331 0.011332 0.065454
v -0.031921 0.011921 0.068079
v -0.031331 0.014546 0.068669
v -0.034546 0.011332 0.068669
v -0.034546 0.130000 0.065454
v -0.034546 0.125454 0.070000
v -0.030000 0.125454 0.065454
v -0.034546 0.128669 0.068669
v -0.031921 0.128079 0.068079
v -0.031331 0.125454 0.068669
v -0.031331 0.128669 0.065454
v -0.034546 0.010000 -0.245454
v -0.034546 0.014546 -0.250000
v -0.030000 0.014546 -0.245454
v -0.034546 0.011332 -0.248669
v -0.031921 0.011921 -0.248079
v -0.031331 0.014546 -0.248669
v -0.031331 0.011332 -0.245454
v -0.034546 0.130000 -0.245454
v -0.030000 0.125454 -0.245454
v -0.034546 0.125454 -0.250000
v -0.031331 0.128669 -0.245454
v -0.031921 0.128079 -0.248079
v -0.031331 0.125454 -0.248669
v -0.034546 0.128669 -0.248669
v 0.034546 0.010000 0.065454
v 0.034546 0.014546 0.070000
v 0.030000 0.014546 0.065454
v 0.034546 0.011332 0.068669
v 0.031921 0.011921 0.068079
v 0.031331 0.014546 0.068669
v 0.031331 0.011332 0.065454
v 0.034546 0.125454 0.070000
v 0.034546 0.130000 0.065454
v 0.030000 0.125454 0.065454
v 0.034546 0.128669 0.068669
v 0.031921 0.128079 0.068079
v 0.031331 0.128669 0.065454
v 0.031331 0.125454 0.068669
v 0.034546 0.010000 -0.245454
v 0.030000 0.014546 -0.245454
v 0.034546 0.014546 -0.250000
v 0.031331 0.011332 -0.245454
v 0.031921 0.011921 -0.248079
v 0.031331 0.014546 -0.248669
v 0.034546 0.011332 -0.248669
v 0.034546 0.130000 -0.245454
v 0.034546 0.125454 -0.250000
v 0.030000 0.125454 -0.245454
v 0.034546 0.128669 -0.248669
v 0.031921 0.128079 -0.248079
v 0.031331 0.125454 -0.248669
v 0.031331 0.128669 -0.245454
v 0.205454 0.010000 0.065454
v 0.210000 0.014546 0.065454
v 0.205454 0.014546 0.070000
v 0.208669 0.011332 0.065454
v 0.208079 0.011921 0.068079
v 0.208669 0.014546 0.068669
v 0.205454 0.011332 0.068669
v 0.205454 0.130000 0.065454
v 0.205454 0.125454 0.070000
v 0.210000 0.125454 0.065454
v 0.205454 0.128669 0.068669
v 0.208079 0.128079 0.068079
v 0.208669 0.125454 0.068669
v 0.208669 0.128669 0.065454
v 0.205454 0.010000 -0.245454
v 0.205454 0.014546 -0.250000
v 0.210000 0.014546 -0.245454
v 0.205454 0.011332 -0.248669
v 0.208079 0.011921 -0.248079
v 0.208669 0.014546 -0.248669
v 0.208669 0.011332 -0.245454
v 0.205454 0.130000 -0.245454
v 0.210000 0.125454 -0.245454
v 0.205454 0.125454 -0.250000
v 0.208669 0.128669 -0.245454
v 0.208079 0.128079 -0.248079
v 0.208669 0.125454 -0.248669
v 0.205454 0.128669 -0.248669
v -0.178454 0.020000 -0.164546
v -0.178454 0.024546 -0.160000
v -0.183000 0.024546 -0.164546
v -0.178454 0.021331 -0.161331
v -0.181079 0.021921 -0.161921
v -0.181669 0.024546 -0.161331
v -0.181669 0.021331 -0.164546
v -0.178454 0.075454 -0.160000
v -0.178454 0.080000 -0.164546
v -0.183000 0.075454 -0.164546
v -0.178454 0.078669 -0.161331
v -0.181079 0.078079 -0.161921
v -0.181669 0.078669 -0.164546
v -0.181669 0.075454 -0.161331
v -0.178454 0.020000 -0.275454
v -0.183000 0.024546 -0.275454
v -0.178454 0.024546 -0.280000
v -0.181669 0.021331 -0.275454
v -0.181079 0.021921 -0.278079
v -0.181669 0.024546 -0.278669
v -0.178454 0.021331 -0.278669
v -0.178454 0.080000 -0.275454
v -0.178454 0.075454 -0.280000
v -0.183000 0.075454 -0.275454
v -0.178454 0.078669 -0.278669
v -0.181079 0.078079 -0.278079
v -0.181669 0.075454 -0.278669
v -0.181669 0.078669 -0.275454
v -0.061546 0.020000 -0.164546
v -0.057000 0.024546 -0.164546
v -0.061546 0.024546 -0.160000
v -0.058331 0.021331 -0.164546
v -0.058921 0.021921 -0.161921
v -0.058331 0.024546 -0.161331
v -0.061546 0.021331 -0.161331
v -0.061546 0.080000 -0.164546
v -0.061546 0.075454 -0.160000
v -0.057000 0.075454 -0.164546
v -0.061546 0.078669 -0.161331
v -0.058921 0.078079 -0.161921
v -0.058331 0.075454 -0.161331
v -0.058331 0.078669 -0.164546
v -0.061546 0.020000 -0.275454
v -0.061546 0.024546 -0.280000
v -0.057000 0.024546 -0.275454
v -0.061546 0.021331 -0.278669
v -0.058921 0.021921 -0.278079
v -0.058331 0.024546 -0.278669
v -0.058331 0.021331 -0.275454
v -0.061546 0.080000 -0.275454
v -0.057000 0.075454 -0.275454
v -0.061546 0.075454 -0.280000
v -0.058331 0.078669 -0.275454
v -0.058921 0.078079 -0.278079
v -0.058331 0.075454 -0.278669
v -0.061546 0.078669 -0.278669
v 0.061546 0.020000 -0.164546
v 0.061546 0.024546 -0.160000
v 0.057000 0.024546 -0.164546
v 0.061546 0.021331 -0.161331
v 0.058921 0.021921 -0.161921
v 0.058331 0.024546 -0.161331
v 0.058331 0.021331 -0.164546
v 0.061546 0.075454 -0.160000
v 0.061546 0.080000 -0.164546
v 0.057000 0.075454 -0.164546
v 0.061546 0.078669 -0.161331
v 0.058921 0.078079 -0.161921
v 0.058331 0.078669 -0.164546
v 0.058331 0.075454 -0.161331
v 0.061546 0.020000 -0.275454
v 0.057000 0.024546 -0.275454
v 0.061546 0.024546 -0.280000
v 0.058331 0.021331 -0.275454
v 0.058921 0.021921 -0.278079
v 0.058331 0.024546 -0.278669
v 0.061546 0.021331 -0.278669
v 0.061546 0.080000 -0.275454
v 0.061546 0.075454 -0.280000
v 0.057000 0.075454 -0.275454
v 0.061546 0.078669 -0.278669
v 0.058921 0.078079 -0.278079
v 0.058331 0.075454 -0.278669
v 0.058331 0.078669 -0.275454
v 0.178454 0.020000 -0.164546
v 0.183000 0.024546 -0.164546
v 0.178454 0.024546 -0.160000
v 0.181669 0.021331 -0.164546
v 0.181079 0.021921 -0.161921
v 0.181669 0.024546 -0.161331
v 0.178454 0.021331 -0.161331
v 0.178454 0.080000 -0.164546
v 0.178454 0.075454 -0.160000
v 0.183000 0.075454 -0.164546
v 0.178454 0.078669 -0.161331
v 0.181079 0.078079 -0.161921
v 0.181669 0.075454 -0.161331
v 0.181669 0.078669 -0.164546
v 0.178454 0.020000 -0.275454
v 0.178454 0.024546 -0.280000
v 0.183000 0.024546 -0.275454
v 0.178454 0.021331 -0.278669
v 0.181079 0.021921 -0.278079
v 0.181669 0.024546 -0.278669
v 0.181669 0.021331 -0.275454
v 0.178454 0.080000 -0.275454
v 0.183000 0.075454 -0.275454
v 0.178454 0.075454 -0.280000
v 0.181669 0.078669 -0.275454
v 0.181079 0.078079 -0.278079
v 0.181669 0.075454 -0.278669
v 0.178454 0.078669 -0.278669
v -0.409615 1.106973 -0.067337
v -0.408362 1.111342 -0.072000
v -0.409248 1.108253 -0.070634
v -0.310385 1.453027 -0.067337
v -0.311638 1.448657 -0.072000
v -0.310752 1.451747 -0.070634
v -0.381530 1.098920 -0.060669
v -0.378332 1.102732 -0.064870
v -0.379788 1.099805 -0.063639
v -0.282300 1.444974 -0.060669
v -0.281609 1.440047 -0.064870
v -0.281292 1.443300 -0.063639
v -0.359008 1.092461 -0.041984
v -0.354251 1.095826 -0.044891
v -0.356163 1.093031 -0.044040
v -0.259778 1.438516 -0.041984
v -0.257527 1.433141 -0.044891
v -0.257667 1.436525 -0.044040
v -0.346509 1.088878 -0.014984
v -0.340886 1.091994 -0.016022
v -0.343052 1.089271 -0.015718
v -0.247279 1.434932 -0.014984
v -0.244163 1.429309 -0.016022
v -0.244557 1.432766 -0.015718
v -0.346509 1.088878 0.014984
v -0.340886 1.091994 0.016022
v -0.343052 1.089271 0.015718
v -0.247279 1.434932 0.014984
v -0.244163 1.429309 0.016022
v -0.244557 1.432766 0.015718
v -0.359008 1.092462 0.041984
v -0.354251 1.095826 0.044891
v -0.356163 1.093031 0.044040
v -0.259778 1.438516 0.041984
v -0.257527 1.433141 0.044891
v -0.257667 1.436525 0.044040
v -0.381530 1.098920 0.060669
v -0.378332 1.102732 0.064870
v -0.379788 1.099805 0.063639
v -0.282301 1.444974 0.060669
v -0.281609 1.440047 0.064870
v -0.281292 1.443300 0.063639
v -0.409615 1.106973 0.067337
v -0.408362 1.111342 0.072000
v -0.409248 1.108253 0.070634
v -0.310385 1.453027 0.067337
v -0.311638 1.448657 0.072000
v -0.310752 1.451747 0.070634
v -0.437700 1.115026 0.060669
v -0.438391 1.119953 0.064870
v -0.438708 1.116700 0.063639
v -0.338470 1.461080 0.060669
v -0.341668 1.457268 0.064870
v -0.340212 1.460195 0.063639
v -0.460222 1.121484 0.041984
v -0.462473 1.126859 0.044891
v -0.462333 1.123474 0.044040
v -0.360992 1.467538 0.041984
v -0.365749 1.464174 0.044891
v -0.363837 1.466969 0.044040
v -0.472721 1.125068 0.014984
v -0.475837 1.130691 0.016022
v -0.475443 1.127234 0.015718
v -0.373491 1.471122 0.014984
v -0.379114 1.468006 0.016022
v -0.376948 1.470729 0.015718
v -0.472721 1.125068 -0.014984
v -0.475837 1.130691 -0.016022
v -0.475443 1.127234 -0.015718
v -0.373491 1.471122 -0.014984
v -0.379114 1.468006 -0.016022
v -0.376948 1.470729 -0.015718
v -0.460222 1.121484 -0.041984
v -0.462473 1.126859 -0.044891
v -0.462333 1.123474 -0.044040
v -0.360992 1.467538 -0.041984
v -0.365749 1.464174 -0.044891
v -0.363837 1.466969 -0.044040
v -0.437700 1.115026 -0.060669
v -0.438391 1.119953 -0.064870
v -0.438708 1.116700 -0.063639
v -0.338470 1.461080 -0.060669
v -0.341668 1.457268 -0.064870
v -0.340212 1.460195 -0.063639
v 0.409615 1.106973 -0.067337
v 0.408362 1.111342 -0.072000
v 0.409248 1.108253 -0.070634
v 0.310385 1.453027 -0.067337
v 0.311638 1.448657 -0.072000
v 0.310752 1.451747 -0.070634
v 0.437700 1.115026 -0.060669
v 0.438391 1.119953 -0.064870
v 0.438708 1.116700 -0.063639
v 0.338470 1.461080 -0.060669
v 0.341668 1.457268 -0.064870
v 0.340212 1.460195 -0.063639
v 0.460222 1.121484 -0.041984
v 0.462473 1.126859 -0.044891
v 0.462333 1.123474 -0.044040
v 0.360992 1.467538 -0.041984
v 0.365749 1.464174 -0.044891
v 0.363837 1.466969 -0.044040
v 0.472721 1.125068 -0.014984
v 0.475837 1.130691 -0.016022
v 0.475443 1.127234 -0.015718
v 0.373491 1.471122 -0.014984
v 0.379114 1.468006 -0.016022
v 0.376948 1.470729 -0.015718
v 0.472721 1.125068 0.014984
v 0.475837 1.130691 0.016022
v 0.475443 1.127234 0.015718
v 0.373491 1.471122 0.014984
v 0.379114 1.468006 0.016022
v 0.376948 1.470729 0.015718
v 0.460222 1.121484 0.041984
v 0.462473 1.126859 0.044891
v 0.462333 1.123474 0.044040
v 0.360992 1.467538 0.041984
v 0.365749 1.464174 0.044891
v 0.363837 1.466969 0.044040
v 0.437700 1.115026 0.060669
v 0.438391 1.119953 0.064870
v 0.438708 1.116700 0.063639
v 0.338470 1.461080 0.060669
v 0.341668 1.457268 0.064870
v 0.340212 1.460195 0.063639
v 0.409615 1.106973 0.067337
v 0.408362 1.111342 0.072000
v 0.409248 1.108253 0.070634
v 0.310385 1.453027 0.067337
v 0.311638 1.448657 0.072000
v 0.310752 1.451747 0.070634
v 0.381530 1.098920 0.060669
v 0.378332 1.102732 0.064870
v 0.379788 1.099805 0.063639
v 0.282300 1.444974 0.060669
v 0.281609 1.440047 0.064870
v 0.281292 1.443300 0.063639
v 0.359008 1.092461 0.041984
v 0.354251 1.095826 0.044891
v 0.356163 1.093031 0.044040
v 0.259778 1.438516 0.041984
v 0.257527 1.433141 0.044891
v 0.257667 1.436525 0.044040
v 0.346509 1.088878 0.014984
v 0.340886 1.091994 0.016022
v 0.343052 1.089271 0.015718
v 0.247279 1.434932 0.014984
v 0.244163 1.429309 0.016022
v 0.244557 1.432766 0.015718
v 0.346509 1.088878 -0.014984
v 0.340886 1.091994 -0.016022
v 0.343052 1.089271 -0.015718
v 0.247279 1.434932 -0.014984
v 0.244163 1.429309 -0.016022
v 0.244557 1.432766 -0.015718
v 0.359008 1.092462 -0.041984
v 0.354251 1.095826 -0.044891
v 0.356163 1.093031 -0.044040
v 0.259778 1.438516 -0.041984
v 0.257527 1.433141 -0.044891
v 0.257667 1.436525 -0.044040
v 0.381530 1.098920 -0.060669
v 0.378332 1.102732 -0.064870
v 0.379788 1.099805 -0.063639
v 0.282301 1.444974 -0.060669
v 0.281609 1.440047 -0.064870
v 0.281292 1.443300 -0.063639
v -0.413199 1.161012 -0.059470
v -0.420254 1.161012 -0.064596
v -0.418115 1.163538 -0.060122
v -0.416381 1.161012 -0.062508
v -0.405809 1.142196 -0.069643
v -0.412863 1.142196 -0.074768
v -0.408991 1.142196 -0.072680
v -0.403215 1.120000 -0.073216
v -0.410267 1.120000 -0.078339
v -0.406396 1.120000 -0.076252
v -0.405809 1.097804 -0.069643
v -0.412863 1.097804 -0.074768
v -0.408991 1.097804 -0.072680
v -0.420254 1.078988 -0.064596
v -0.413199 1.078988 -0.059470
v -0.418115 1.076462 -0.060122
v -0.416381 1.078988 -0.062508
v -0.400995 1.161012 -0.038089
v -0.403690 1.161012 -0.046383
v -0.404590 1.163538 -0.041505
v -0.401784 1.161012 -0.042417
v -0.389038 1.142196 -0.041975
v -0.391732 1.142196 -0.050267
v -0.389827 1.142196 -0.046302
v -0.384839 1.120000 -0.043340
v -0.387532 1.120000 -0.051630
v -0.385628 1.120000 -0.047667
v -0.389038 1.097804 -0.041975
v -0.391732 1.097804 -0.050267
v -0.389827 1.097804 -0.046302
v -0.403690 1.078988 -0.046383
v -0.400995 1.078988 -0.038089
v -0.404590 1.076462 -0.041505
v -0.401784 1.078988 -0.042417
v -0.403690 1.161012 -0.013617
v -0.400995 1.161012 -0.021911
v -0.404590 1.163538 -0.018495
v -0.401784 1.161012 -0.017583
v -0.391732 1.142196 -0.009733
v -0.389038 1.142196 -0.018025
v -0.389827 1.142196 -0.013698
v -0.387532 1.120000 -0.008370
v -0.384839 1.120000 -0.016660
v -0.385628 1.120000 -0.012333
v -0.391732 1.097804 -0.009733
v -0.389038 1.097804 -0.018025
v -0.389827 1.097804 -0.013698
v -0.400995 1.078988 -0.021911
v -0.403690 1.078988 -0.013617
v -0.404590 1.076462 -0.018495
v -0.401784 1.078988 -0.017583
v -0.420254 1.161012 0.004596
v -0.413199 1.161012 -0.000530
v -0.418115 1.163538 0.000122
v -0.416381 1.161012 0.002508
v -0.412863 1.142196 0.014768
v -0.405809 1.142196 0.009643
v -0.408991 1.142196 0.012680
v -0.410267 1.120000 0.018339
v -0.403215 1.120000 0.013216
v -0.406396 1.120000 0.016252
v -0.412863 1.097804 0.014768
v -0.405809 1.097804 0.009643
v -0.408991 1.097804 0.012680
v -0.413199 1.078988 -0.000530
v -0.420254 1.078988 0.004596
v -0.418115 1.076462 0.000122
v -0.416381 1.078988 0.002508
v -0.444360 1.161012 0.009595
v -0.435640 1.161012 0.009595
v -0.440000 1.163538 0.007233
v -0.440000 1.161012 0.010182
v -0.444359 1.142196 0.022169
v -0.435641 1.142196 0.022169
v -0.440000 1.142196 0.022755
v -0.444358 1.120000 0.026584
v -0.435642 1.120000 0.026584
v -0.440000 1.120000 0.027170
v -0.444359 1.097804 0.022169
v -0.435641 1.097804 0.022169
v -0.440000 1.097804 0.022755
v -0.435640 1.078988 0.009595
v -0.444360 1.078988 0.009595
v -0.440000 1.076462 0.007233
v -0.440000 1.078988 0.010182
v -0.466801 1.161012 -0.000530
v -0.459746 1.161012 0.004596
v -0.461885 1.163538 0.000122
v -0.463619 1.161012 0.002508
v -0.474191 1.142196 0.009643
v -0.467137 1.142196 0.014768
v -0.471009 1.142196 0.012680
v -0.476785 1.120000 0.013216
v -0.469733 1.120000 0.018339
v -0.473604 1.120000 0.016252
v -0.474191 1.097804 0.009643
v -0.467137 1.097804 0.014768
v -0.471009 1.097804 0.012680
v -0.459746 1.078988 0.004596
v -0.466801 1.078988 -0.000530
v -0.461885 1.076462 0.000122
v -0.463619 1.078988 0.002508
v -0.479005 1.161012 -0.021911
v -0.476310 1.161012 -0.013617
v -0.475410 1.163538 -0.018494
v -0.478216 1.161012 -0.017583
v -0.490962 1.142196 -0.018025
v -0.488268 1.142196 -0.009733
v -0.490173 1.142196 -0.013698
v -0.495161 1.120000 -0.016660
v -0.492468 1.120000 -0.008370
v -0.494372 1.120000 -0.012333
v -0.490962 1.097804 -0.018025
v -0.488268 1.097804 -0.009733
v -0.490173 1.097804 -0.013698
v -0.476310 1.078988 -0.013617
v -0.479005 1.078988 -0.021911
v -0.475410 1.076462 -0.018494
v -0.478216 1.078988 -0.017583
v -0.476310 1.161012 -0.046383
v -0.479005 1.161012 -0.038089
v -0.475410 1.163538 -0.041505
v -0.478216 1.161012 -0.042417
v -0.488268 1.142196 -0.050267
v -0.490962 1.142196 -0.041975
v -0.490173 1.142196 -0.046302
v -0.492468 1.120000 -0.051630
v -0.495161 1.120000 -0.043340
v -0.494372 1.120000 -0.047667
v -0.488268 1.097804 -0.050267
v -0.490962 1.097804 -0.041975
v -0.490173 1.097804 -0.046302
v -0.479005 1.078988 -0.038089
v -0.476310 1.078988 -0.046383
v -0.475410 1.076462 -0.041505
v -0.478216 1.078988 -0.042417
v -0.459746 1.161012 -0.064596
v -0.466801 1.161012 -0.059470
v -0.461885 1.163538 -0.060122
v -0.463619 1.161012 -0.062508
v -0.467137 1.142196 -0.074768
v -0.474191 1.142196 -0.069643
v -0.471009 1.142196 -0.072680
v -0.469733 1.120000 -0.078339
v -0.476785 1.120000 -0.073216
v -0.473604 1.120000 -0.076252
v -0.467137 1.097804 -0.074768
v -0.474191 1.097804 -0.069643
v -0.471009 1.097804 -0.072680
v -0.466801 1.078988 -0.059470
v -0.459746 1.078988 -0.064596
v -0.461885 1.076462 -0.060122
v -0.463619 1.078988 -0.062508
v -0.435640 1.161012 -0.069595
v -0.444360 1.161012 -0.069595
v -0.440000 1.163538 -0.067233
v -0.440000 1.161012 -0.070182
v -0.435641 1.142196 -0.082169
v -0.444359 1.142196 -0.082169
v -0.440000 1.142196 -0.082755
v -0.435642 1.120000 -0.086584
v -0.444358 1.120000 -0.086584
v -0.440000 1.120000 -0.087170
v -0.435641 1.097804 -0.082169
v -0.444359 1.097804 -0.082169
v -0.440000 1.097804 -0.082755
v -0.444360 1.078988 -0.069595
v -0.435640 1.078988 -0.069595
v -0.440000 1.076462 -0.067233
v -0.440000 1.078988 -0.070182
v 0.466801 1.161012 -0.059470
v 0.459746 1.161012 -0.064596
v 0.461885 1.163538 -0.060122
v 0.463619 1.161012 -0.062508
v 0.474191 1.142196 -0.069643
v 0.467137 1.142196 -0.074768
v 0.471009 1.142196 -0.072680
v 0.476785 1.120000 -0.073216
v 0.469733 1.120000 -0.078339
v 0.473604 1.120000 -0.076252
v 0.474191 1.097804 -0.069643
v 0.467137 1.097804 -0.074768
v 0.471009 1.097804 -0.072680
v 0.459746 1.078988 -0.064596
v 0.466801 1.078988 -0.059470
v 0.461885 1.076462 -0.060122
v 0.463619 1.078988 -0.062508
v 0.479005 1.161012 -0.038089
v 0.476310 1.161012 -0.046383
v 0.475410 1.163538 -0.041505
v 0.478216 1.161012 -0.042417
v 0.490962 1.142196 -0.041975
v 0.488268 1.142196 -0.050267
v 0.490173 1.142196 -0.046302
v 0.495161 1.120000 -0.043340
v 0.492468 1.120000 -0.051630
v 0.494372 1.120000 -0.047667
v 0.490962 1.097804 -0.041975
v 0.488268 1.097804 -0.050267
v 0.490173 1.097804 -0.046302
v 0.476310 1.078988 -0.046383
v 0.479005 1.078988 -0.038089
v 0.475410 1.076462 -0.041505
v 0.478216 1.078988 -0.042417
v 0.476310 1.161012 -0.013617
v 0.479005 1.161012 -0.021911
v 0.475410 1.163538 -0.018495
v 0.478216 1.161012 -0.017583
v 0.488268 1.142196 -0.009733
v 0.490962 1.142196 -0.018025
v 0.490173 1.142196 -0.013698
v 0.492468 1.120000 -0.008370
v 0.495161 1.120000 -0.016660
v 0.494372 1.120000 -0.012333
v 0.488268 1.097804 -0.009733
v 0.490962 1.097804 -0.018025
v 0.490173 1.097804 -0.013698
v 0.479005 1.078988 -0.021911
v 0.476310 1.078988 -0.013617
v 0.475410 1.076462 -0.018495
v 0.478216 1.078988 -0.017583
v 0.459746 1.161012 0.004596
v 0.466801 1.161012 -0.000530
v 0.461885 1.163538 0.000122
v 0.463619 1.161012 0.002508
v 0.467137 1.142196 0.014768
v 0.474191 1.142196 0.009643
v 0.471009 1.142196 0.012680
v 0.469733 1.120000 0.018339
v 0.476785 1.120000 0.013216
v 0.473604 1.120000 0.016252
v 0.467137 1.097804 0.014768
v 0.474191 1.097804 0.009643
v 0.471009 1.097804 0.012680
v 0.466801 1.078988 -0.000530
v 0.459746 1.078988 0.004596
v 0.461885 1.076462 0.000122
v 0.463619 1.078988 0.002508
v 0.435640 1.161012 0.009595
v 0.444360 1.161012 0.009595
v 0.440000 1.163538 0.007233
v 0.440000 1.161012 0.010182
v 0.435641 1.142196 0.022169
v 0.444359 1.142196 0.022169
v 0.440000 1.142196 0.022755
v 0.435642 1.120000 0.026584
v 0.444358 1.120000 0.026584
v 0.440000 1.120000 0.027170
v 0.435641 1.097804 0.022169
v 0.444359 1.097804 0.022169
v 0.440000 1.097804 0.022755
v 0.444360 1.078988 0.009595
v 0.435640 1.078988 0.009595
v 0.440000 1.076462 0.007233
v 0.440000 1.078988 0.010182
v 0.413199 1.161012 -0.000530
v 0.420254 1.161012 0.004596
v 0.418115 1.163538 0.000122
v 0.416381 1.161012 0.002508
v 0.405809 1.142196 0.009643
v 0.412863 1.142196 0.014768
v 0.408991 1.142196 0.012680
v 0.403215 1.120000 0.013216
v 0.410267 1.120000 0.018339
v 0.406396 1.120000 0.016252
v 0.405809 1.097804 0.009643
v 0.412863 1.097804 0.014768
v 0.408991 1.097804 0.012680
v 0.420254 1.078988 0.004596
v 0.413199 1.078988 -0.000530
v 0.418115 1.076462 0.000122
v 0.416381 1.078988 0.002508
v 0.400995 1.161012 -0.021911
v 0.403690 1.161012 -0.013617
v 0.404590 1.163538 -0.018494
v 0.401784 1.161012 -0.017583
v 0.389038 1.142196 -0.018025
v 0.391732 1.142196 -0.009733
v 0.389827 1.142196 -0.013698
v 0.384839 1.120000 -0.016660
v 0.387532 1.120000 -0.008370
v 0.385628 1.120000 -0.012333
v 0.389038 1.097804 -0.018025
v 0.391732 1.097804 -0.009733
v 0.389827 1.097804 -0.013698
v 0.403690 1.078988 -0.013617
v 0.400995 1.078988 -0.021911
v 0.404590 1.076462 -0.018494
v 0.401784 1.078988 -0.017583
v 0.403690 1.161012 -0.046383
v 0.400995 1.161012 -0.038089
v 0.404590 1.163538 -0.041505
v 0.401784 1.161012 -0.042417
v 0.391732 1.142196 -0.050267
v 0.389038 1.142196 -0.041975
v 0.389827 1.142196 -0.046302
v 0.387532 1.120000 -0.051630
v 0.384839 1.120000 -0.043340
v 0.385628 1.120000 -0.047667
v 0.391732 1.097804 -0.050267
v 0.389038 1.097804 -0.041975
v 0.389827 1.097804 -0.046302
v 0.400995 1.078988 -0.038089
v 0.403690 1.078988 -0.046383
v 0.404590 1.076462 -0.041505
v 0.401784 1.078988 -0.042417
v 0.420254 1.161012 -0.064596
v 0.413199 1.161012 -0.059470
v 0.418115 1.163538 -0.060122
v 0.416381 1.161012 -0.062508
v 0.412863 1.142196 -0.074768
v 0.405809 1.142196 -0.069643
v 0.408991 1.142196 -0.072680
v 0.410267 1.120000 -0.078339
v 0.403215 1.120000 -0.073216
v 0.406396 1.120000 -0.076252
v 0.412863 1.097804 -0.074768
v 0.405809 1.097804 -0.069643
v 0.408991 1.097804 -0.072680
v 0.413199 1.078988 -0.059470
v 0.420254 1.078988 -0.064596
v 0.418115 1.076462 -0.060122
v 0.416381 1.078988 -0.062508
v 0.444360 1.161012 -0.069595
v 0.435640 1.161012 -0.069595
v 0.440000 1.163538 -0.067233
v 0.440000 1.161012 -0.070182
v 0.444359 1.142196 -0.082169
v 0.435641 1.142196 -0.082169
v 0.440000 1.142196 -0.082755
v 0.444358 1.120000 -0.086584
v 0.435642 1.120000 -0.086584
v 0.440000 1.120000 -0.087170
v 0.444359 1.097804 -0.082169
v 0.435641 1.097804 -0.082169
v 0.440000 1.097804 -0.082755
v 0.435640 1.078988 -0.069595
v 0.444360 1.078988 -0.069595
v 0.440000 1.076462 -0.067233
v 0.440000 1.078988 -0.070182
v -0.507784 0.842431 -0.105337
v -0.506994 0.846907 -0.110000
v -0.507553 0.843742 -0.108634
v -0.452216 1.157569 -0.105337
v -0.453006 1.153093 -0.110000
v -0.452447 1.156258 -0.108634
v -0.484138 0.838261 -0.099857
v -0.481357 0.842387 -0.104058
v -0.482499 0.839324 -0.102828
v -0.428571 1.153400 -0.099857
v -0.427368 1.148572 -0.104058
v -0.427393 1.151840 -0.102828
v -0.465176 0.834918 -0.084502
v -0.460797 0.838762 -0.087409
v -0.462407 0.835782 -0.086558
v -0.409609 1.150056 -0.084502
v -0.406808 1.144947 -0.087409
v -0.407302 1.148298 -0.086558
v -0.454653 0.833062 -0.062314
v -0.449387 0.836750 -0.063351
v -0.451257 0.833815 -0.063047
v -0.399086 1.148201 -0.062314
v -0.395399 1.142935 -0.063351
v -0.396152 1.146332 -0.063047
v -0.454653 0.833062 -0.037686
v -0.449387 0.836750 -0.036649
v -0.451257 0.833815 -0.036953
v -0.399086 1.148201 -0.037686
v -0.395399 1.142935 -0.036649
v -0.396152 1.146332 -0.036953
v -0.465176 0.834918 -0.015498
v -0.460797 0.838762 -0.012591
v -0.462407 0.835782 -0.013442
v -0.409609 1.150056 -0.015498
v -0.406808 1.144947 -0.012591
v -0.407302 1.148297 -0.013442
v -0.484138 0.838261 -0.000143
v -0.481357 0.842387 0.004058
v -0.482499 0.839324 0.002828
v -0.428571 1.153400 -0.000143
v -0.427368 1.148572 0.004058
v -0.427393 1.151840 0.002828
v -0.507784 0.842431 0.005337
v -0.506994 0.846907 0.010000
v -0.507553 0.843742 0.008634
v -0.452216 1.157569 0.005337
v -0.453006 1.153093 0.010000
v -0.452447 1.156258 0.008634
v -0.531429 0.846600 -0.000143
v -0.532632 0.851428 0.004058
v -0.532606 0.848160 0.002828
v -0.475861 1.161739 -0.000143
v -0.478643 1.157613 0.004058
v -0.477501 1.160676 0.002828
v -0.550391 0.849944 -0.015498
v -0.553192 0.855053 -0.012591
v -0.552698 0.851702 -0.013442
v -0.494824 1.165082 -0.015498
v -0.499203 1.161238 -0.012591
v -0.497593 1.164218 -0.013442
v -0.560914 0.851799 -0.037686
v -0.564601 0.857065 -0.036649
v -0.563848 0.853668 -0.036953
v -0.505347 1.166937 -0.037686
v -0.510613 1.163250 -0.036649
v -0.508743 1.166185 -0.036953
v -0.560914 0.851799 -0.062314
v -0.564601 0.857065 -0.063351
v -0.563848 0.853668 -0.063047
v -0.505347 1.166938 -0.062314
v -0.510613 1.163250 -0.063351
v -0.508743 1.166185 -0.063047
v -0.550391 0.849944 -0.084502
v -0.553192 0.855053 -0.087409
v -0.552698 0.851702 -0.086558
v -0.494824 1.165082 -0.084502
v -0.499203 1.161238 -0.087409
v -0.497593 1.164219 -0.086558
v -0.531429 0.846600 -0.099857
v -0.532632 0.851428 -0.104058
v -0.532606 0.848160 -0.102828
v -0.475862 1.161739 -0.099857
v -0.478643 1.157613 -0.104058
v -0.477501 1.160676 -0.102828
v 0.507784 0.842431 -0.105337
v 0.506994 0.846907 -0.110000
v 0.507553 0.843742 -0.108634
v 0.452216 1.157569 -0.105337
v 0.453006 1.153093 -0.110000
v 0.452447 1.156258 -0.108634
v 0.531429 0.846600 -0.099857
v 0.532632 0.851428 -0.104058
v 0.532606 0.848160 -0.102828
v 0.475861 1.161739 -0.099857
v 0.478643 1.157613 -0.104058
v 0.477501 1.160676 -0.102828
v 0.550391 0.849944 -0.084502
v 0.553192 0.855053 -0.087409
v 0.552698 0.851702 -0.086558
v 0.494824 1.165082 -0.084502
v 0.499203 1.161238 -0.087409
v 0.497593 1.164218 -0.086558
v 0.560914 0.851799 -0.062314
v 0.564601 0.857065 -0.063351
v 0.563848 0.853668 -0.063047
v 0.505347 1.166937 -0.062314
v 0.510613 1.163250 -0.063351
v 0.508743 1.166185 -0.063047
v 0.560914 0.851799 -0.037686
v 0.564601 0.857065 -0.036649
v 0.563848 0.853668 -0.036953
v 0.505347 1.166938 -0.037686
v 0.510613 1.163250 -0.036649
v 0.508743 1.166185 -0.036953
v 0.550391 0.849944 -0.015498
v 0.553192 0.855053 -0.012591
v 0.552698 0.851702 -0.013442
v 0.494824 1.165082 -0.015498
v 0.499203 1.161238 -0.012591
v 0.497593 1.164219 -0.013442
v 0.531429 0.846600 -0.000143
v 0.532632 0.851428 0.004058
v 0.532606 0.848160 0.002828
v 0.475862 1.161739 -0.000143
v 0.478643 1.157613 0.004058
v 0.477501 1.160676 0.002828
v 0.507784 0.842431 0.005337
v 0.506994 0.846907 0.010000
v 0.507553 0.843742 0.008634
v 0.452216 1.157569 0.005337
v 0.453006 1.153093 0.010000
v 0.452447 1.156258 0.008634
v 0.484138 0.838261 -0.000143
v 0.481357 0.842387 0.004058
v 0.482499 0.839324 0.002828
v 0.428571 1.153400 -0.000143
v 0.427368 1.148572 0.004058
v 0.427393 1.151840 0.002828
v 0.465176 0.834918 -0.015498
v 0.460797 0.838762 -0.012591
v 0.462407 0.835782 -0.013442
v 0.409609 1.150056 -0.015498
v 0.406808 1.144947 -0.012591
v 0.407302 1.148298 -0.013442
v 0.454653 0.833062 -0.037686
v 0.449387 0.836750 -0.036649
v 0.451257 0.833815 -0.036953
v 0.399086 1.148201 -0.037686
v 0.395399 1.142935 -0.036649
v 0.396152 1.146332 -0.036953
v 0.454653 0.833062 -0.062314
v 0.449387 0.836750 -0.063351
v 0.451257 0.833815 -0.063047
v 0.399086 1.148201 -0.062314
v 0.395399 1.142935 -0.063351
v 0.396152 1.146332 -0.063047
v 0.465176 0.834918 -0.084502
v 0.460797 0.838762 -0.087409
v 0.462407 0.835782 -0.086558
v 0.409609 1.150056 -0.084502
v 0.406808 1.144947 -0.087409
v 0.407302 1.148297 -0.086558
v 0.484138 0.838261 -0.099857
v 0.481357 0.842387 -0.104058
v 0.482499 0.839324 -0.102828
v 0.428571 1.153400 -0.099857
v 0.427368 1.148572 -0.104058
v 0.427393 1.151840 -0.102828
v -0.521900 0.864337 -0.104913
v -0.526540 0.868864 -0.098526
v -0.524061 0.867028 -0.101938
v -0.509323 0.847500 -0.114845
v -0.516340 0.847500 -0.119944
v -0.513892 0.850714 -0.115934
v -0.512488 0.847500 -0.117867
v -0.504991 0.820000 -0.120807
v -0.512009 0.820000 -0.125905
v -0.508157 0.820000 -0.123828
v -0.516340 0.792500 -0.119944
v -0.509323 0.792500 -0.114845
v -0.513892 0.789286 -0.115934
v -0.512488 0.792500 -0.117867
v -0.526540 0.771136 -0.098526
v -0.521900 0.775663 -0.104913
v -0.524061 0.772972 -0.101938
v -0.518221 0.868864 -0.087076
v -0.510713 0.864337 -0.089516
v -0.514210 0.867028 -0.088380
v -0.494700 0.847500 -0.090159
v -0.497380 0.847500 -0.098408
v -0.497757 0.850714 -0.093726
v -0.495485 0.847500 -0.094464
v -0.487692 0.820000 -0.092436
v -0.490372 0.820000 -0.100685
v -0.488477 0.820000 -0.096741
v -0.497380 0.792500 -0.098408
v -0.494700 0.792500 -0.090159
v -0.497757 0.789286 -0.093726
v -0.495485 0.792500 -0.094464
v -0.510713 0.775663 -0.089516
v -0.518221 0.771136 -0.087076
v -0.514210 0.772972 -0.088380
v -0.518221 0.868864 -0.072924
v -0.510713 0.864337 -0.070484
v -0.514210 0.867028 -0.071620
v -0.497380 0.847500 -0.061592
v -0.494700 0.847500 -0.069841
v -0.497757 0.850714 -0.066274
v -0.495485 0.847500 -0.065536
v -0.490372 0.820000 -0.059315
v -0.487692 0.820000 -0.067564
v -0.488477 0.820000 -0.063259
v -0.494700 0.792500 -0.069841
v -0.497380 0.792500 -0.061592
v -0.497757 0.789286 -0.066274
v -0.495485 0.792500 -0.065536
v -0.510713 0.775663 -0.070484
v -0.518221 0.771136 -0.072924
v -0.514210 0.772972 -0.071620
v -0.526540 0.868864 -0.061474
v -0.521900 0.864337 -0.055087
v -0.524061 0.867028 -0.058062
v -0.516340 0.847500 -0.040056
v -0.509323 0.847500 -0.045155
v -0.513892 0.850714 -0.044066
v -0.512488 0.847500 -0.042133
v -0.512009 0.820000 -0.034095
v -0.504991 0.820000 -0.039193
v -0.508157 0.820000 -0.036172
v -0.509323 0.792500 -0.045155
v -0.516340 0.792500 -0.040056
v -0.513892 0.789286 -0.044066
v -0.512488 0.792500 -0.042133
v -0.521900 0.775663 -0.055087
v -0.526540 0.771136 -0.061474
v -0.524061 0.772972 -0.058062
v -0.540000 0.868864 -0.057101
v -0.540000 0.864337 -0.049206
v -0.540000 0.867028 -0.052883
v -0.544337 0.847500 -0.033778
v -0.535663 0.847500 -0.033778
v -0.540000 0.850714 -0.035583
v -0.540000 0.847500 -0.033194
v -0.544337 0.820000 -0.026409
v -0.535663 0.820000 -0.026409
v -0.540000 0.820000 -0.025825
v -0.535663 0.792500 -0.033778
v -0.544337 0.792500 -0.033778
v -0.540000 0.789286 -0.035583
v -0.540000 0.792500 -0.033194
v -0.540000 0.775663 -0.049206
v -0.540000 0.771136 -0.057101
v -0.540000 0.772972 -0.052883
v -0.553460 0.868864 -0.061474
v -0.558100 0.864337 -0.055087
v -0.555939 0.867028 -0.058062
v -0.570678 0.847500 -0.045155
v -0.563660 0.847500 -0.040056
v -0.566108 0.850714 -0.044066
v -0.567512 0.847500 -0.042133
v -0.575009 0.820000 -0.039193
v -0.567991 0.820000 -0.034095
v -0.571843 0.820000 -0.036172
v -0.563660 0.792500 -0.040056
v -0.570678 0.792500 -0.045155
v -0.566108 0.789286 -0.044066
v -0.567512 0.792500 -0.042133
v -0.558100 0.775663 -0.055087
v -0.553460 0.771136 -0.061474
v -0.555939 0.772972 -0.058062
v -0.561779 0.868864 -0.072924
v -0.569287 0.864337 -0.070484
v -0.565790 0.867028 -0.071620
v -0.585300 0.847500 -0.069841
v -0.582620 0.847500 -0.061592
v -0.582243 0.850714 -0.066274
v -0.584515 0.847500 -0.065536
v -0.592308 0.820000 -0.067564
v -0.589628 0.820000 -0.059315
v -0.591523 0.820000 -0.063259
v -0.582620 0.792500 -0.061592
v -0.585300 0.792500 -0.069841
v -0.582243 0.789286 -0.066274
v -0.584515 0.792500 -0.065536
v -0.569287 0.775663 -0.070484
v -0.561779 0.771136 -0.072924
v -0.565790 0.772972 -0.071620
v -0.561779 0.868864 -0.087076
v -0.569287 0.864337 -0.089516
v -0.565790 0.867028 -0.088380
v -0.582620 0.847500 -0.098408
v -0.585300 0.847500 -0.090159
v -0.582243 0.850714 -0.093726
v -0.584515 0.847500 -0.094464
v -0.589628 0.820000 -0.100685
v -0.592308 0.820000 -0.092436
v -0.591523 0.820000 -0.096741
v -0.585300 0.792500 -0.090159
v -0.582620 0.792500 -0.098408
v -0.582243 0.789286 -0.093726
v -0.584515 0.792500 -0.094464
v -0.569287 0.775663 -0.089516
v -0.561779 0.771136 -0.087076
v -0.565790 0.772972 -0.088380
v -0.553460 0.868864 -0.098526
v -0.558100 0.864337 -0.104913
v -0.555939 0.867028 -0.101938
v -0.563660 0.847500 -0.119944
v -0.570678 0.847500 -0.114845
v -0.566108 0.850714 -0.115934
v -0.567512 0.847500 -0.117867
v -0.567991 0.820000 -0.125905
v -0.575009 0.820000 -0.120807
v -0.571843 0.820000 -0.123828
v -0.570678 0.792500 -0.114845
v -0.563660 0.792500 -0.119944
v -0.566108 0.789286 -0.115934
v -0.567512 0.792500 -0.117867
v -0.558100 0.775663 -0.104913
v -0.553460 0.771136 -0.098526
v -0.555939 0.772972 -0.101938
v -0.540000 0.868864 -0.102899
v -0.540000 0.864337 -0.110794
v -0.540000 0.867028 -0.107117
v -0.535663 0.847500 -0.126222
v -0.544337 0.847500 -0.126222
v -0.540000 0.850714 -0.124417
v -0.540000 0.847500 -0.126806
v -0.535663 0.820000 -0.133591
v -0.544337 0.820000 -0.133591
v -0.540000 0.820000 -0.134175
v -0.544337 0.792500 -0.126222
v -0.535663 0.792500 -0.126222
v -0.540000 0.789286 -0.124417
v -0.540000 0.792500 -0.126806
v -0.540000 0.775663 -0.110794
v -0.540000 0.771136 -0.102899
v -0.540000 0.772972 -0.107117
v 0.558100 0.864337 -0.104913
v 0.553460 0.868864 -0.098526
v 0.555939 0.867028 -0.101938
v 0.570678 0.847500 -0.114845
v 0.563660 0.847500 -0.119944
v 0.566108 0.850714 -0.115934
v 0.567512 0.847500 -0.117867
v 0.575009 0.820000 -0.120807
v 0.567991 0.820000 -0.125905
v 0.571843 0.820000 -0.123828
v 0.563660 0.792500 -0.119944
v 0.570678 0.792500 -0.114845
v 0.566108 0.789286 -0.115934
v 0.567512 0.792500 -0.117867
v 0.553460 0.771136 -0.098526
v 0.558100 0.775663 -0.104913
v 0.555939 0.772972 -0.101938
v 0.561779 0.868864 -0.087076
v 0.569287 0.864337 -0.089516
v 0.565790 0.867028 -0.088380
v 0.585300 0.847500 -0.090159
v 0.582620 0.847500 -0.098408
v 0.582243 0.850714 -0.093726
v 0.584515 0.847500 -0.094464
v 0.592308 0.820000 -0.092436
v 0.589628 0.820000 -0.100685
v 0.591523 0.820000 -0.096741
v 0.582620 0.792500 -0.098408
v 0.585300 0.792500 -0.090159
v 0.582243 0.789286 -0.093726
v 0.584515 0.792500 -0.094464
v 0.569287 0.775663 -0.089516
v 0.561779 0.771136 -0.087076
v 0.565790 0.772972 -0.088380
v 0.561779 0.868864 -0.072924
v 0.569287 0.864337 -0.070484
v 0.565790 0.867028 -0.071620
v 0.582620 0.847500 -0.061592
v 0.585300 0.847500 -0.069841
v 0.582243 0.850714 -0.066274
v 0.584515 0.847500 -0.065536
v 0.589628 0.820000 -0.059315
v 0.592308 0.820000 -0.067564
v 0.591523 0.820000 -0.063259
v 0.585300 0.792500 -0.069841
v 0.582620 0.792500 -0.061592
v 0.582243 0.789286 -0.066274
v 0.584515 0.792500 -0.065536
v 0.569287 0.775663 -0.070484
v 0.561779 0.771136 -0.072924
v 0.565790 0.772972 -0.071620
v 0.553460 0.868864 -0.061474
v 0.558100 0.864337 -0.055087
v 0.555939 0.867028 -0.058062
v 0.563660 0.847500 -0.040056
v 0.570678 0.847500 -0.045155
v 0.566108 0.850714 -0.044066
v 0.567512 0.847500 -0.042133
v 0.567991 0.820000 -0.034095
v 0.575009 0.820000 -0.039193
v 0.571843 0.820000 -0.036172
v 0.570678 0.792500 -0.045155
v 0.563660 0.792500 -0.040056
v 0.566108 0.789286 -0.044066
v 0.567512 0.792500 -0.042133
v 0.558100 0.775663 -0.055087
v 0.553460 0.771136 -0.061474
v 0.555939 0.772972 -0.058062
v 0.540000 0.868864 -0.057101
v 0.540000 0.864337 -0.049206
v 0.540000 0.867028 -0.052883
v 0.535663 0.847500 -0.033778
v 0.544337 0.847500 -0.033778
v 0.540000 0.850714 -0.035583
v 0.540000 0.847500 -0.033194
v 0.535663 0.820000 -0.026409
v 0.544337 0.820000 -0.026409
v 0.540000 0.820000 -0.025825
v 0.544337 0.792500 -0.033778
v 0.535663 0.792500 -0.033778
v 0.540000 0.789286 -0.035583
v 0.540000 0.792500 -0.033194
v 0.540000 0.775663 -0.049206
v 0.540000 0.771136 -0.057101
v 0.540000 0.772972 -0.052883
v 0.526540 0.868864 -0.061474
v 0.521900 0.864337 -0.055087
v 0.524061 0.867028 -0.058062
v 0.509323 0.847500 -0.045155
v 0.516340 0.847500 -0.040056
v 0.513892 0.850714 -0.044066
v 0.512488 0.847500 -0.042133
v 0.504991 0.820000 -0.039193
v 0.512009 0.820000 -0.034095
v 0.508157 0.820000 -0.036172
v 0.516340 0.792500 -0.040056
v 0.509323 0.792500 -0.045155
v 0.513892 0.789286 -0.044066
v 0.512488 0.792500 -0.042133
v 0.521900 0.775663 -0.055087
v 0.526540 0.771136 -0.061474
v 0.524061 0.772972 -0.058062
v 0.518221 0.868864 -0.072924
v 0.510713 0.864337 -0.070484
v 0.514210 0.867028 -0.071620
v 0.494700 0.847500 -0.069841
v 0.497380 0.847500 -0.061592
v 0.497757 0.850714 -0.066274
v 0.495485 0.847500 -0.065536
v 0.487692 0.820000 -0.067564
v 0.490372 0.820000 -0.059315
v 0.488477 0.820000 -0.063259
v 0.497380 0.792500 -0.061592
v 0.494700 0.792500 -0.069841
v 0.497757 0.789286 -0.066274
v 0.495485 0.792500 -0.065536
v 0.510713 0.775663 -0.070484
v 0.518221 0.771136 -0.072924
v 0.514210 0.772972 -0.071620
v 0.518221 0.868864 -0.087076
v 0.510713 0.864337 -0.089516
v 0.514210 0.867028 -0.088380
v 0.497380 0.847500 -0.098408
v 0.494700 0.847500 -0.090159
v 0.497757 0.850714 -0.093726
v 0.495485 0.847500 -0.094464
v 0.490372 0.820000 -0.100685
v 0.487692 0.820000 -0.092436
v 0.488477 0.820000 -0.096741
v 0.494700 0.792500 -0.090159
v 0.497380 0.792500 -0.098408
v 0.497757 0.789286 -0.093726
v 0.495485 0.792500 -0.094464
v 0.510713 0.775663 -0.089516
v 0.518221 0.771136 -0.087076
v 0.514210 0.772972 -0.088380
v 0.526540 0.868864 -0.098526
v 0.521900 0.864337 -0.104913
v 0.524061 0.867028 -0.101938
v 0.516340 0.847500 -0.119944
v 0.509323 0.847500 -0.114845
v 0.513892 0.850714 -0.115934
v 0.512488 0.847500 -0.117867
v 0.512009 0.820000 -0.125905
v 0.504991 0.820000 -0.120807
v 0.508157 0.820000 -0.123828
v 0.509323 0.792500 -0.114845
v 0.516340 0.792500 -0.119944
v 0.513892 0.789286 -0.115934
v 0.512488 0.792500 -0.117867
v 0.521900 0.775663 -0.104913
v 0.526540 0.771136 -0.098526
v 0.524061 0.772972 -0.101938
v 0.540000 0.868864 -0.102899
v 0.540000 0.864337 -0.110794
v 0.540000 0.867028 -0.107117
v 0.544337 0.847500 -0.126222
v 0.535663 0.847500 -0.126222
v 0.540000 0.850714 -0.124417
v 0.540000 0.847500 -0.126806
v 0.544337 0.820000 -0.133591
v 0.535663 0.820000 -0.133591
v 0.540000 0.820000 -0.134175
v 0.535663 0.792500 -0.126222
v 0.544337 0.792500 -0.126222
v 0.540000 0.789286 -0.124417
v 0.540000 0.792500 -0.126806
v 0.540000 0.775663 -0.110794
v 0.540000 0.771136 -0.102899
v 0.540000 0.772972 -0.107117
v -0.584454 0.806000 -0.109546
v -0.584454 0.810546 -0.105000
v -0.589000 0.810546 -0.109546
v -0.584454 0.807331 -0.106331
v -0.587079 0.807921 -0.106921
v -0.587669 0.810546 -0.106331
v -0.587669 0.807331 -0.109546
v -0.584454 0.829454 -0.105000
v -0.584454 0.834000 -0.109546
v -0.589000 0.829454 -0.109546
v -0.584454 0.832669 -0.106331
v -0.587079 0.832079 -0.106921
v -0.587669 0.832669 -0.109546
v -0.587669 0.829454 -0.106331
v -0.584454 0.806000 -0.190454
v -0.589000 0.810546 -0.190454
v -0.584454 0.810546 -0.195000
v -0.587669 0.807331 -0.190454
v -0.587079 0.807921 -0.193079
v -0.587669 0.810546 -0.193669
v -0.584454 0.807331 -0.193669
v -0.584454 0.834000 -0.190454
v -0.584454 0.829454 -0.195000
v -0.589000 0.829454 -0.190454
v -0.584454 0.832669 -0.193669
v -0.587079 0.832079 -0.193079
v -0.587669 0.829454 -0.193669
v -0.587669 0.832669 -0.190454
v -0.565546 0.806000 -0.109546
v -0.561000 0.810546 -0.109546
v -0.565546 0.810546 -0.105000
v -0.562331 0.807331 -0.109546
v -0.562921 0.807921 -0.106921
v -0.562331 0.810546 -0.106331
v -0.565546 0.807331 -0.106331
v -0.565546 0.834000 -0.109546
v -0.565546 0.829454 -0.105000
v -0.561000 0.829454 -0.109546
v -0.565546 0.832669 -0.106331
v -0.562921 0.832079 -0.106921
v -0.562331 0.829454 -0.106331
v -0.562331 0.832669 -0.109546
v -0.565546 0.806000 -0.190454
v -0.565546 0.810546 -0.195000
v -0.561000 0.810546 -0.190454
v -0.565546 0.807331 -0.193669
v -0.562921 0.807921 -0.193079
v -0.562331 0.810546 -0.193669
v -0.562331 0.807331 -0.190454
v -0.565546 0.834000 -0.190454
v -0.561000 0.829454 -0.190454
v -0.565546 0.829454 -0.195000
v -0.562331 0.832669 -0.190454
v -0.562921 0.832079 -0.193079
v -0.562331 0.829454 -0.193669
v -0.565546 0.832669 -0.193669
v 0.495546 0.806000 -0.109546
v 0.495546 0.810546 -0.105000
v 0.491000 0.810546 -0.109546
v 0.495546 0.807331 -0.106331
v 0.492921 0.807921 -0.106921
v 0.492331 0.810546 -0.106331
v 0.492331 0.807331 -0.109546
v 0.495546 0.829454 -0.105000
v 0.495546 0.834000 -0.109546
v 0.491000 0.829454 -0.109546
v 0.495546 0.832669 -0.106331
v 0.492921 0.832079 -0.106921
v 0.492331 0.832669 -0.109546
v 0.492331 0.829454 -0.106331
v 0.495546 0.806000 -0.190454
v 0.491000 0.810546 -0.190454
v 0.495546 0.810546 -0.195000
v 0.492331 0.807331 -0.190454
v 0.492921 0.807921 -0.193079
v 0.492331 0.810546 -0.193669
v 0.495546 0.807331 -0.193669
v 0.495546 0.834000 -0.190454
v 0.495546 0.829454 -0.195000
v 0.491000 0.829454 -0.190454
v 0.495546 0.832669 -0.193669
v 0.492921 0.832079 -0.193079
v 0.492331 0.829454 -0.193669
v 0.492331 0.832669 -0.190454
v 0.514454 0.806000 -0.109546
v 0.519000 0.810546 -0.109546
v 0.514454 0.810546 -0.105000
v 0.517669 0.807331 -0.109546
v 0.517079 0.807921 -0.106921
v 0.517669 0.810546 -0.106331
v 0.514454 0.807331 -0.106331
v 0.514454 0.834000 -0.109546
v 0.514454 0.829454 -0.105000
v 0.519000 0.829454 -0.109546
v 0.514454 0.832669 -0.106331
v 0.517079 0.832079 -0.106921
v 0.517669 0.829454 -0.106331
v 0.517669 0.832669 -0.109546
v 0.514454 0.806000 -0.190454
v 0.514454 0.810546 -0.195000
v 0.519000 0.810546 -0.190454
v 0.514454 0.807331 -0.193669
v 0.517079 0.807921 -0.193079
v 0.517669 0.810546 -0.193669
v 0.517669 0.807331 -0.190454
v 0.514454 0.834000 -0.190454
v 0.519000 0.829454 -0.190454
v 0.514454 0.829454 -0.195000
v 0.517669 0.832669 -0.190454
v 0.517079 0.832079 -0.193079
v 0.517669 0.829454 -0.193669
v 0.514454 0.832669 -0.193669
v -0.561454 0.806000 -0.109546
v -0.561454 0.810546 -0.105000
v -0.566000 0.810546 -0.109546
v -0.561454 0.807331 -0.106331
v -0.564079 0.807921 -0.106921
v -0.564669 0.810546 -0.106331
v -0.564669 0.807331 -0.109546
v -0.561454 0.829454 -0.105000
v -0.561454 0.834000 -0.109546
v -0.566000 0.829454 -0.109546
v -0.561454 0.832669 -0.106331
v -0.564079 0.832079 -0.106921
v -0.564669 0.832669 -0.109546
v -0.564669 0.829454 -0.106331
v -0.561454 0.806000 -0.190454
v -0.566000 0.810546 -0.190454
v -0.561454 0.810546 -0.195000
v -0.564669 0.807331 -0.190454
v -0.564079 0.807921 -0.193079
v -0.564669 0.810546 -0.193669
v -0.561454 0.807331 -0.193669
v -0.561454 0.834000 -0.190454
v -0.561454 0.829454 -0.195000
v -0.566000 0.829454 -0.190454
v -0.561454 0.832669 -0.193669
v -0.564079 0.832079 -0.193079
v -0.564669 0.829454 -0.193669
v -0.564669 0.832669 -0.190454
v -0.542546 0.806000 -0.109546
v -0.538000 0.810546 -0.109546
v -0.542546 0.810546 -0.105000
v -0.539331 0.807331 -0.109546
v -0.539921 0.807921 -0.106921
v -0.539331 0.810546 -0.106331
v -0.542546 0.807331 -0.106331
v -0.542546 0.834000 -0.109546
v -0.542546 0.829454 -0.105000
v -0.538000 0.829454 -0.109546
v -0.542546 0.832669 -0.106331
v -0.539921 0.832079 -0.106921
v -0.539331 0.829454 -0.106331
v -0.539331 0.832669 -0.109546
v -0.542546 0.806000 -0.190454
v -0.542546 0.810546 -0.195000
v -0.538000 0.810546 -0.190454
v -0.542546 0.807331 -0.193669
v -0.539921 0.807921 -0.193079
v -0.539331 0.810546 -0.193669
v -0.539331 0.807331 -0.190454
v -0.542546 0.834000 -0.190454
v -0.538000 0.829454 -0.190454
v -0.542546 0.829454 -0.195000
v -0.539331 0.832669 -0.190454
v -0.539921 0.832079 -0.193079
v -0.539331 0.829454 -0.193669
v -0.542546 0.832669 -0.193669
v 0.518546 0.806000 -0.109546
v 0.518546 0.810546 -0.105000
v 0.514000 0.810546 -0.109546
v 0.518546 0.807331 -0.106331
v 0.515921 0.807921 -0.106921
v 0.515331 0.810546 -0.106331
v 0.515331 0.807331 -0.109546
v 0.518546 0.829454 -0.105000
v 0.518546 0.834000 -0.109546
v 0.514000 0.829454 -0.109546
v 0.518546 0.832669 -0.106331
v 0.515921 0.832079 -0.106921
v 0.515331 0.832669 -0.109546
v 0.515331 0.829454 -0.106331
v 0.518546 0.806000 -0.190454
v 0.514000 0.810546 -0.190454
v 0.518546 0.810546 -0.195000
v 0.515331 0.807331 -0.190454
v 0.515921 0.807921 -0.193079
v 0.515331 0.810546 -0.193669
v 0.518546 0.807331 -0.193669
v 0.518546 0.834000 -0.190454
v 0.518546 0.829454 -0.195000
v 0.514000 0.829454 -0.190454
v 0.518546 0.832669 -0.193669
v 0.515921 0.832079 -0.193079
v 0.515331 0.829454 -0.193669
v 0.515331 0.832669 -0.190454
v 0.537454 0.806000 -0.109546
v 0.542000 0.810546 -0.109546
v 0.537454 0.810546 -0.105000
v 0.540669 0.807331 -0.109546
v 0.540079 0.807921 -0.106921
v 0.540669 0.810546 -0.106331
v 0.537454 0.807331 -0.106331
v 0.537454 0.834000 -0.109546
v 0.537454 0.829454 -0.105000
v 0.542000 0.829454 -0.109546
v 0.537454 0.832669 -0.106331
v 0.540079 0.832079 -0.106921
v 0.540669 0.829454 -0.106331
v 0.540669 0.832669 -0.109546
v 0.537454 0.806000 -0.190454
v 0.537454 0.810546 -0.195000
v 0.542000 0.810546 -0.190454
v 0.537454 0.807331 -0.193669
v 0.540079 0.807921 -0.193079
v 0.540669 0.810546 -0.193669
v 0.540669 0.807331 -0.190454
v 0.537454 0.834000 -0.190454
v 0.542000 0.829454 -0.190454
v 0.537454 0.829454 -0.195000
v 0.540669 0.832669 -0.190454
v 0.540079 0.832079 -0.193079
v 0.540669 0.829454 -0.193669
v 0.537454 0.832669 -0.193669
v -0.537454 0.806000 -0.109546
v -0.537454 0.810546 -0.105000
v -0.542000 0.810546 -0.109546
v -0.537454 0.807331 -0.106331
v -0.540079 0.807921 -0.106921
v -0.540669 0.810546 -0.106331
v -0.540669 0.807331 -0.109546
v -0.537454 0.829454 -0.105000
v -0.537454 0.834000 -0.109546
v -0.542000 0.829454 -0.109546
v -0.537454 0.832669 -0.106331
v -0.540079 0.832079 -0.106921
v -0.540669 0.832669 -0.109546
v -0.540669 0.829454 -0.106331
v -0.537454 0.806000 -0.190454
v -0.542000 0.810546 -0.190454
v -0.537454 0.810546 -0.195000
v -0.540669 0.807331 -0.190454
v -0.540079 0.807921 -0.193079
v -0.540669 0.810546 -0.193669
v -0.537454 0.807331 -0.193669
v -0.537454 0.834000 -0.190454
v -0.537454 0.829454 -0.195000
v -0.542000 0.829454 -0.190454
v -0.537454 0.832669 -0.193669
v -0.540079 0.832079 -0.193079
v -0.540669 0.829454 -0.193669
v -0.540669 0.832669 -0.190454
v -0.518546 0.806000 -0.109546
v -0.514000 0.810546 -0.109546
v -0.518546 0.810546 -0.105000
v -0.515331 0.807331 -0.109546
v -0.515921 0.807921 -0.106921
v -0.515331 0.810546 -0.106331
v -0.518546 0.807331 -0.106331
v -0.518546 0.834000 -0.109546
v -0.518546 0.829454 -0.105000
v -0.514000 0.829454 -0.109546
v -0.518546 0.832669 -0.106331
v -0.515921 0.832079 -0.106921
v -0.515331 0.829454 -0.106331
v -0.515331 0.832669 -0.109546
v -0.518546 0.806000 -0.190454
v -0.518546 0.810546 -0.195000
v -0.514000 0.810546 -0.190454
v -0.518546 0.807331 -0.193669
v -0.515921 0.807921 -0.193079
v -0.515331 0.810546 -0.193669
v -0.515331 0.807331 -0.190454
v -0.518546 0.834000 -0.190454
v -0.514000 0.829454 -0.190454
v -0.518546 0.829454 -0.195000
v -0.515331 0.832669 -0.190454
v -0.515921 0.832079 -0.193079
v -0.515331 0.829454 -0.193669
v -0.518546 0.832669 -0.193669
v 0.542546 0.806000 -0.109546
v 0.542546 0.810546 -0.105000
v 0.538000 0.810546 -0.109546
v 0.542546 0.807331 -0.106331
v 0.539921 0.807921 -0.106921
v 0.539331 0.810546 -0.106331
v 0.539331 0.807331 -0.109546
v 0.542546 0.829454 -0.105000
v 0.542546 0.834000 -0.109546
v 0.538000 0.829454 -0.109546
v 0.542546 0.832669 -0.106331
v 0.539921 0.832079 -0.106921
v 0.539331 0.832669 -0.109546
v 0.539331 0.829454 -0.106331
v 0.542546 0.806000 -0.190454
v 0.538000 0.810546 -0.190454
v 0.542546 0.810546 -0.195000
v 0.539331 0.807331 -0.190454
v 0.539921 0.807921 -0.193079
v 0.539331 0.810546 -0.193669
v 0.542546 0.807331 -0.193669
v 0.542546 0.834000 -0.190454
v 0.542546 0.829454 -0.195000
v 0.538000 0.829454 -0.190454
v 0.542546 0.832669 -0.193669
v 0.539921 0.832079 -0.193079
v 0.539331 0.829454 -0.193669
v 0.539331 0.832669 -0.190454
v 0.561454 0.806000 -0.109546
v 0.566000 0.810546 -0.109546
v 0.561454 0.810546 -0.105000
v 0.564669 0.807331 -0.109546
v 0.564079 0.807921 -0.106921
v 0.564669 0.810546 -0.106331
v 0.561454 0.807331 -0.106331
v 0.561454 0.834000 -0.109546
v 0.561454 0.829454 -0.105000
v 0.566000 0.829454 -0.109546
v 0.561454 0.832669 -0.106331
v 0.564079 0.832079 -0.106921
v 0.564669 0.829454 -0.106331
v 0.564669 0.832669 -0.109546
v 0.561454 0.806000 -0.190454
v 0.561454 0.810546 -0.195000
v 0.566000 0.810546 -0.190454
v 0.561454 0.807331 -0.193669
v 0.564079 0.807921 -0.193079
v 0.564669 0.810546 -0.193669
v 0.564669 0.807331 -0.190454
v 0.561454 0.834000 -0.190454
v 0.566000 0.829454 -0.190454
v 0.561454 0.829454 -0.195000
v 0.564669 0.832669 -0.190454
v 0.564079 0.832079 -0.193079
v 0.564669 0.829454 -0.193669
v 0.561454 0.832669 -0.193669
v -0.514454 0.806000 -0.109546
v -0.514454 0.810546 -0.105000
v -0.519000 0.810546 -0.109546
v -0.514454 0.807331 -0.106331
v -0.517079 0.807921 -0.106921
v -0.517669 0.810546 -0.106331
v -0.517669 0.807331 -0.109546
v -0.514454 0.829454 -0.105000
v -0.514454 0.834000 -0.109546
v -0.519000 0.829454 -0.109546
v -0.514454 0.832669 -0.106331
v -0.517079 0.832079 -0.106921
v -0.517669 0.832669 -0.109546
v -0.517669 0.829454 -0.106331
v -0.514454 0.806000 -0.190454
v -0.519000 0.810546 -0.190454
v -0.514454 0.810546 -0.195000
v -0.517669 0.807331 -0.190454
v -0.517079 0.807921 -0.193079
v -0.517669 0.810546 -0.193669
v -0.514454 0.807331 -0.193669
v -0.514454 0.834000 -0.190454
v -0.514454 0.829454 -0.195000
v -0.519000 0.829454 -0.190454
v -0.514454 0.832669 -0.193669
v -0.517079 0.832079 -0.193079
v -0.517669 0.829454 -0.193669
v -0.517669 0.832669 -0.190454
v -0.495546 0.806000 -0.109546
v -0.491000 0.810546 -0.109546
v -0.495546 0.810546 -0.105000
v -0.492331 0.807331 -0.109546
v -0.492921 0.807921 -0.106921
v -0.492331 0.810546 -0.106331
v -0.495546 0.807331 -0.106331
v -0.495546 0.834000 -0.109546
v -0.495546 0.829454 -0.105000
v -0.491000 0.829454 -0.109546
v -0.495546 0.832669 -0.106331
v -0.492921 0.832079 -0.106921
v -0.492331 0.829454 -0.106331
v -0.492331 0.832669 -0.109546
v -0.495546 0.806000 -0.190454
v -0.495546 0.810546 -0.195000
v -0.491000 0.810546 -0.190454
v -0.495546 0.807331 -0.193669
v -0.492921 0.807921 -0.193079
v -0.492331 0.810546 -0.193669
v -0.492331 0.807331 -0.190454
v -0.495546 0.834000 -0.190454
v -0.491000 0.829454 -0.190454
v -0.495546 0.829454 -0.195000
v -0.492331 0.832669 -0.190454
v -0.492921 0.832079 -0.193079
v -0.492331 0.829454 -0.193669
v -0.495546 0.832669 -0.193669
v 0.565546 0.806000 -0.109546
v 0.565546 0.810546 -0.105000
v 0.561000 0.810546 -0.109546
v 0.565546 0.807331 -0.106331
v 0.562921 0.807921 -0.106921
v 0.562331 0.810546 -0.106331
v 0.562331 0.807331 -0.109546
v 0.565546 0.829454 -0.105000
v 0.565546 0.834000 -0.109546
v 0.561000 0.829454 -0.109546
v 0.565546 0.832669 -0.106331
v 0.562921 0.832079 -0.106921
v 0.562331 0.832669 -0.109546
v 0.562331 0.829454 -0.106331
v 0.565546 0.806000 -0.190454
v 0.561000 0.810546 -0.190454
v 0.565546 0.810546 -0.195000
v 0.562331 0.807331 -0.190454
v 0.562921 0.807921 -0.193079
v 0.562331 0.810546 -0.193669
v 0.565546 0.807331 -0.193669
v 0.565546 0.834000 -0.190454
v 0.565546 0.829454 -0.195000
v 0.561000 0.829454 -0.190454
v 0.565546 0.832669 -0.193669
v 0.562921 0.832079 -0.193079
v 0.562331 0.829454 -0.193669
v 0.562331 0.832669 -0.190454
v 0.584454 0.806000 -0.109546
v 0.589000 0.810546 -0.109546
v 0.584454 0.810546 -0.105000
v 0.587669 0.807331 -0.109546
v 0.587079 0.807921 -0.106921
v 0.587669 0.810546 -0.106331
v 0.584454 0.807331 -0.106331
v 0.584454 0.834000 -0.109546
v 0.584454 0.829454 -0.105000
v 0.589000 0.829454 -0.109546
v 0.584454 0.832669 -0.106331
v 0.587079 0.832079 -0.106921
v 0.587669 0.829454 -0.106331
v 0.587669 0.832669 -0.109546
v 0.584454 0.806000 -0.190454
v 0.584454 0.810546 -0.195000
v 0.589000 0.810546 -0.190454
v 0.584454 0.807331 -0.193669
v 0.587079 0.807921 -0.193079
v 0.587669 0.810546 -0.193669
v 0.587669 0.807331 -0.190454
v 0.584454 0.834000 -0.190454
v 0.589000 0.829454 -0.190454
v 0.584454 0.829454 -0.195000
v 0.587669 0.832669 -0.190454
v 0.587079 0.832079 -0.193079
v 0.587669 0.829454 -0.193669
v 0.584454 0.832669 -0.193669
v 0.000000 1.420000 -0.067294
v -0.004391 1.424546 -0.070823
v 0.004391 1.424546 -0.070823
v -0.002439 1.421332 -0.069968
v -0.000000 1.421921 -0.070684
v -0.000000 1.424546 -0.071311
v 0.002439 1.421332 -0.069968
v 0.000000 1.580000 -0.067294
v 0.004391 1.575454 -0.070823
v -0.004391 1.575454 -0.070823
v 0.002439 1.578668 -0.069968
v 0.000000 1.578079 -0.070684
v 0.000000 1.575454 -0.071311
v -0.002439 1.578668 -0.069968
v 0.033647 1.420000 -0.058278
v 0.031609 1.424546 -0.063530
v 0.039214 1.424546 -0.059140
v 0.032872 1.421332 -0.061814
v 0.035342 1.421921 -0.061214
v 0.035655 1.424546 -0.061757
v 0.037096 1.421332 -0.059375
v 0.033647 1.580000 -0.058278
v 0.039214 1.575454 -0.059140
v 0.031609 1.575454 -0.063530
v 0.037096 1.578668 -0.059375
v 0.035342 1.578079 -0.061214
v 0.035655 1.575454 -0.061757
v 0.032872 1.578668 -0.061814
v 0.058278 1.420000 -0.033647
v 0.059140 1.424546 -0.039214
v 0.063530 1.424546 -0.031609
v 0.059375 1.421332 -0.037096
v 0.061214 1.421921 -0.035342
v 0.061757 1.424546 -0.035655
v 0.061814 1.421332 -0.032872
v 0.058278 1.580000 -0.033647
v 0.063530 1.575454 -0.031609
v 0.059140 1.575454 -0.039214
v 0.061814 1.578668 -0.032872
v 0.061214 1.578079 -0.035342
v 0.061757 1.575454 -0.035655
v 0.059375 1.578668 -0.037096
v 0.067294 1.420000 0.000000
v 0.070823 1.424546 -0.004391
v 0.070823 1.424546 0.004391
v 0.069968 1.421332 -0.002439
v 0.070684 1.421921 -0.000000
v 0.071311 1.424546 -0.000000
v 0.069968 1.421332 0.002439
v 0.067294 1.580000 0.000000
v 0.070823 1.575454 0.004391
v 0.070823 1.575454 -0.004391
v 0.069968 1.578668 0.002439
v 0.070684 1.578079 0.000000
v 0.071311 1.575454 0.000000
v 0.069968 1.578668 -0.002439
v 0.058278 1.420000 0.033647
v 0.063530 1.424546 0.031609
v 0.059140 1.424546 0.039214
v 0.061814 1.421332 0.032872
v 0.061214 1.421921 0.035342
v 0.061757 1.424546 0.035655
v 0.059375 1.421332 0.037096
v 0.058278 1.580000 0.033647
v 0.059140 1.575454 0.039214
v 0.063530 1.575454 0.031609
v 0.059375 1.578668 0.037096
v 0.061214 1.578079 0.035342
v 0.061757 1.575454 0.035655
v 0.061814 1.578668 0.032872
v 0.033647 1.420000 0.058278
v 0.039214 1.424546 0.059140
v 0.031609 1.424546 0.063530
v 0.037096 1.421332 0.059375
v 0.035342 1.421921 0.061214
v 0.035655 1.424546 0.061757
v 0.032872 1.421332 0.061814
v 0.033647 1.580000 0.058278
v 0.031609 1.575454 0.063530
v 0.039214 1.575454 0.059140
v 0.032872 1.578668 0.061814
v 0.035342 1.578079 0.061214
v 0.035655 1.575454 0.061757
v 0.037096 1.578668 0.059375
v 0.000000 1.420000 0.067294
v 0.004391 1.424546 0.070823
v -0.004391 1.424546 0.070823
v 0.002439 1.421332 0.069968
v 0.000000 1.421921 0.070684
v 0.000000 1.424546 0.071311
v -0.002439 1.421332 0.069968
v 0.000000 1.580000 0.067294
v -0.004391 1.575454 0.070823
v 0.004391 1.575454 0.070823
v -0.002439 1.578668 0.069968
v -0.000000 1.578079 0.070684
v -0.000000 1.575454 0.071311
v 0.002439 1.578668 0.069968
v -0.033647 1.420000 0.058278
v -0.031609 1.424546 0.063530
v -0.039214 1.424546 0.059140
v -0.032872 1.421332 0.061814
v -0.035342 1.421921 0.061214
v -0.035655 1.424546 0.061757
v -0.037096 1.421332 0.059375
v -0.033647 1.580000 0.058278
v -0.039214 1.575454 0.059140
v -0.031609 1.575454 0.063530
v -0.037096 1.578668 0.059375
v -0.035342 1.578079 0.061214
v -0.035655 1.575454 0.061757
v -0.032872 1.578668 0.061814
v -0.058278 1.420000 0.033647
v -0.059140 1.424546 0.039214
v -0.063530 1.424546 0.031609
v -0.059375 1.421332 0.037096
v -0.061214 1.421921 0.035342
v -0.061757 1.424546 0.035655
v -0.061814 1.421332 0.032872
v -0.058278 1.580000 0.033647
v -0.063530 1.575454 0.031609
v -0.059140 1.575454 0.039214
v -0.061814 1.578668 0.032872
v -0.061214 1.578079 0.035342
v -0.061757 1.575454 0.035655
v -0.059375 1.578668 0.037096
v -0.067294 1.420000 0.000000
v -0.070823 1.424546 0.004391
v -0.070823 1.424546 -0.004391
v -0.069968 1.421332 0.002439
v -0.070684 1.421921 0.000000
v -0.071311 1.424546 0.000000
v -0.069968 1.421332 -0.002439
v -0.067294 1.580000 0.000000
v -0.070823 1.575454 -0.004391
v -0.070823 1.575454 0.004391
v -0.069968 1.578668 -0.002439
v -0.070684 1.578079 -0.000000
v -0.071311 1.575454 -0.000000
v -0.069968 1.578668 0.002439
v -0.058278 1.420000 -0.033647
v -0.063530 1.424546 -0.031609
v -0.059140 1.424546 -0.039214
v -0.061814 1.421332 -0.032872
v -0.061214 1.421921 -0.035342
v -0.061757 1.424546 -0.035655
v -0.059375 1.421332 -0.037096
v -0.058278 1.580000 -0.033647
v -0.059140 1.575454 -0.039214
v -0.063530 1.575454 -0.031609
v -0.059375 1.578668 -0.037096
v -0.061214 1.578079 -0.035342
v -0.061757 1.575454 -0.035655
v -0.061814 1.578668 -0.032872
v -0.033647 1.420000 -0.058278
v -0.039214 1.424546 -0.059140
v -0.031609 1.424546 -0.063530
v -0.037096 1.421332 -0.059375
v -0.035342 1.421921 -0.061214
v -0.035655 1.424546 -0.061757
v -0.032872 1.421332 -0.061814
v -0.033647 1.580000 -0.058278
v -0.031609 1.575454 -0.063530
v -0.039214 1.575454 -0.059140
v -0.032872 1.578668 -0.061814
v -0.035342 1.578079 -0.061214
v -0.035655 1.575454 -0.061757
v -0.037096 1.578668 -0.059375
v -0.015454 1.620000 0.152954
v -0.015454 1.624546 0.157500
v -0.020000 1.624546 0.152954
v -0.015454 1.621332 0.156169
v -0.018079 1.621921 0.155579
v -0.018669 1.624546 0.156169
v -0.018669 1.621332 0.152954
v -0.015454 1.665454 0.157500
v -0.015454 1.670000 0.152954
v -0.020000 1.665454 0.152954
v -0.015454 1.668668 0.156169
v -0.018079 1.668079 0.155579
v -0.018669 1.668668 0.152954
v -0.018669 1.665454 0.156169
v -0.015454 1.620000 0.097046
v -0.020000 1.624546 0.097046
v -0.015454 1.624546 0.092500
v -0.018669 1.621332 0.097046
v -0.018079 1.621921 0.094421
v -0.018669 1.624546 0.093831
v -0.015454 1.621332 0.093831
v -0.015454 1.670000 0.097046
v -0.015454 1.665454 0.092500
v -0.020000 1.665454 0.097046
v -0.015454 1.668668 0.093831
v -0.018079 1.668079 0.094421
v -0.018669 1.665454 0.093831
v -0.018669 1.668668 0.097046
v 0.015454 1.620000 0.152954
v 0.020000 1.624546 0.152954
v 0.015454 1.624546 0.157500
v 0.018669 1.621332 0.152954
v 0.018079 1.621921 0.155579
v 0.018669 1.624546 0.156169
v 0.015454 1.621332 0.156169
v 0.015454 1.670000 0.152954
v 0.015454 1.665454 0.157500
v 0.020000 1.665454 0.152954
v 0.015454 1.668668 0.156169
v 0.018079 1.668079 0.155579
v 0.018669 1.665454 0.156169
v 0.018669 1.668668 0.152954
v 0.015454 1.620000 0.097046
v 0.015454 1.624546 0.092500
v 0.020000 1.624546 0.097046
v 0.015454 1.621332 0.093831
v 0.018079 1.621921 0.094421
v 0.018669 1.624546 0.093831
v 0.018669 1.621332 0.097046
v 0.015454 1.670000 0.097046
v 0.020000 1.665454 0.097046
v 0.015454 1.665454 0.092500
v 0.018669 1.668668 0.097046
v 0.018079 1.668079 0.094421
v 0.018669 1.665454 0.093831
v 0.015454 1.668668 0.093831
v -0.080454 1.701000 0.112954
v -0.080454 1.705546 0.117500
v -0.085000 1.705546 0.112954
v -0.080454 1.702331 0.116169
v -0.083079 1.702921 0.115579
v -0.083669 1.705546 0.116169
v -0.083669 1.702331 0.112954
v -0.080454 1.724454 0.117500
v -0.080454 1.729000 0.112954
v -0.085000 1.724454 0.112954
v -0.080454 1.727669 0.116169
v -0.083079 1.727079 0.115579
v -0.083669 1.727669 0.112954
v -0.083669 1.724454 0.116169
v -0.080454 1.701000 0.087046
v -0.085000 1.705546 0.087046
v -0.080454 1.705546 0.082500
v -0.083669 1.702331 0.087046
v -0.083079 1.702921 0.084421
v -0.083669 1.705546 0.083831
v -0.080454 1.702331 0.083831
v -0.080454 1.729000 0.087046
v -0.080454 1.724454 0.082500
v -0.085000 1.724454 0.087046
v -0.080454 1.727669 0.083831
v -0.083079 1.727079 0.084421
v -0.083669 1.724454 0.083831
v -0.083669 1.727669 0.087046
v 0.080454 1.701000 0.112954
v 0.085000 1.705546 0.112954
v 0.080454 1.705546 0.117500
v 0.083669 1.702331 0.112954
v 0.083079 1.702921 0.115579
v 0.083669 1.705546 0.116169
v 0.080454 1.702331 0.116169
v 0.080454 1.729000 0.112954
v 0.080454 1.724454 0.117500
v 0.085000 1.724454 0.112954
v 0.080454 1.727669 0.116169
v 0.083079 1.727079 0.115579
v 0.083669 1.724454 0.116169
v 0.083669 1.727669 0.112954
v 0.080454 1.701000 0.087046
v 0.080454 1.705546 0.082500
v 0.085000 1.705546 0.087046
v 0.080454 1.702331 0.083831
v 0.083079 1.702921 0.084421
v 0.083669 1.705546 0.083831
v 0.083669 1.702331 0.087046
v 0.080454 1.729000 0.087046
v 0.085000 1.724454 0.087046
v 0.080454 1.724454 0.082500
v 0.083669 1.727669 0.087046
v 0.083079 1.727079 0.084421
v 0.083669 1.724454 0.083831
v 0.080454 1.727669 0.083831
v -0.052292 1.692249 0.097439
v -0.048000 1.696855 0.103726
v -0.043708 1.692249 0.097439
v -0.050248 1.694981 0.100337
v -0.048000 1.694467 0.099229
v -0.045752 1.694981 0.100337
v -0.048000 1.692618 0.097071
v -0.043711 1.689000 0.094188
v -0.052289 1.689000 0.094188
v -0.048000 1.689000 0.093452
v -0.043714 1.680000 0.091776
v -0.052286 1.680000 0.091776
v -0.048000 1.680000 0.091040
v -0.043711 1.671000 0.094188
v -0.052289 1.671000 0.094188
v -0.048000 1.671000 0.093452
v -0.052292 1.667750 0.097439
v -0.043708 1.667750 0.097439
v -0.048000 1.663145 0.103726
v -0.048000 1.667382 0.097071
v -0.048000 1.665533 0.099229
v -0.045752 1.665019 0.100337
v -0.050248 1.665019 0.100337
v -0.037497 1.692249 0.103567
v -0.043567 1.692249 0.097497
v -0.044977 1.696855 0.104977
v -0.040272 1.692618 0.100272
v -0.041798 1.694467 0.101798
v -0.044171 1.694981 0.100992
v -0.040992 1.694981 0.104171
v -0.035201 1.689000 0.101266
v -0.041266 1.689000 0.095201
v -0.037713 1.689000 0.097713
v -0.033497 1.680000 0.099559
v -0.039559 1.680000 0.093497
v -0.036008 1.680000 0.096008
v -0.035201 1.671000 0.101266
v -0.041266 1.671000 0.095201
v -0.037713 1.671000 0.097713
v -0.037497 1.667750 0.103567
v -0.044977 1.663145 0.104977
v -0.043567 1.667750 0.097497
v -0.040992 1.665019 0.104171
v -0.041798 1.665533 0.101798
v -0.044171 1.665019 0.100992
v -0.040272 1.667382 0.100272
v -0.037439 1.692249 0.112292
v -0.037439 1.692249 0.103708
v -0.043726 1.696855 0.108000
v -0.037071 1.692618 0.108000
v -0.039229 1.694467 0.108000
v -0.040337 1.694981 0.105752
v -0.040337 1.694981 0.110248
v -0.034188 1.689000 0.112289
v -0.034188 1.689000 0.103711
v -0.033452 1.689000 0.108000
v -0.031776 1.680000 0.112286
v -0.031776 1.680000 0.103714
v -0.031040 1.680000 0.108000
v -0.034188 1.671000 0.112289
v -0.034188 1.671000 0.103711
v -0.033452 1.671000 0.108000
v -0.037439 1.667750 0.112292
v -0.043726 1.663145 0.108000
v -0.037439 1.667750 0.103708
v -0.040337 1.665019 0.110248
v -0.039229 1.665533 0.108000
v -0.040337 1.665019 0.105752
v -0.037071 1.667382 0.108000
v -0.043567 1.692249 0.118503
v -0.037497 1.692249 0.112433
v -0.044977 1.696855 0.111023
v -0.040272 1.692618 0.115728
v -0.041798 1.694467 0.114202
v -0.040992 1.694981 0.111829
v -0.044171 1.694981 0.115008
v -0.041266 1.689000 0.120799
v -0.035201 1.689000 0.114734
v -0.037713 1.689000 0.118287
v -0.039559 1.680000 0.122503
v -0.033497 1.680000 0.116441
v -0.036008 1.680000 0.119992
v -0.041266 1.671000 0.120799
v -0.035201 1.671000 0.114734
v -0.037713 1.671000 0.118287
v -0.043567 1.667750 0.118503
v -0.044977 1.663145 0.111023
v -0.037497 1.667750 0.112433
v -0.044171 1.665019 0.115008
v -0.041798 1.665533 0.114202
v -0.040992 1.665019 0.111829
v -0.040272 1.667382 0.115728
v -0.052292 1.692249 0.118561
v -0.043708 1.692249 0.118561
v -0.048000 1.696855 0.112274
v -0.048000 1.692618 0.118929
v -0.048000 1.694467 0.116771
v -0.045752 1.694981 0.115663
v -0.050248 1.694981 0.115663
v -0.052289 1.689000 0.121812
v -0.043711 1.689000 0.121812
v -0.048000 1.689000 0.122548
v -0.052286 1.680000 0.124224
v -0.043714 1.680000 0.124224
v -0.048000 1.680000 0.124960
v -0.052289 1.671000 0.121812
v -0.043711 1.671000 0.121812
v -0.048000 1.671000 0.122548
v -0.052292 1.667750 0.118561
v -0.048000 1.663145 0.112274
v -0.043708 1.667750 0.118561
v -0.050248 1.665019 0.115663
v -0.048000 1.665533 0.116771
v -0.045752 1.665019 0.115663
v -0.048000 1.667382 0.118929
v -0.058503 1.692249 0.112433
v -0.052433 1.692249 0.118503
v -0.051023 1.696855 0.111023
v -0.055728 1.692618 0.115728
v -0.054202 1.694467 0.114202
v -0.051829 1.694981 0.115008
v -0.055008 1.694981 0.111829
v -0.060799 1.689000 0.114734
v -0.054734 1.689000 0.120799
v -0.058287 1.689000 0.118287
v -0.062503 1.680000 0.116441
v -0.056441 1.680000 0.122503
v -0.059992 1.680000 0.119992
v -0.060799 1.671000 0.114734
v -0.054734 1.671000 0.120799
v -0.058287 1.671000 0.118287
v -0.058503 1.667750 0.112433
v -0.051023 1.663145 0.111023
v -0.052433 1.667750 0.118503
v -0.055008 1.665019 0.111829
v -0.054202 1.665533 0.114202
v -0.051829 1.665019 0.115008
v -0.055728 1.667382 0.115728
v -0.058561 1.692249 0.103708
v -0.058561 1.692249 0.112292
v -0.052274 1.696855 0.108000
v -0.058929 1.692618 0.108000
v -0.056771 1.694467 0.108000
v -0.055663 1.694981 0.110248
v -0.055663 1.694981 0.105752
v -0.061812 1.689000 0.103711
v -0.061812 1.689000 0.112289
v -0.062548 1.689000 0.108000
v -0.064224 1.680000 0.103714
v -0.064224 1.680000 0.112286
v -0.064960 1.680000 0.108000
v -0.061812 1.671000 0.103711
v -0.061812 1.671000 0.112289
v -0.062548 1.671000 0.108000
v -0.058561 1.667750 0.103708
v -0.052274 1.663145 0.108000
v -0.058561 1.667750 0.112292
v -0.055663 1.665019 0.105752
v -0.056771 1.665533 0.108000
v -0.055663 1.665019 0.110248
v -0.058929 1.667382 0.108000
v -0.052433 1.692249 0.097497
v -0.058503 1.692249 0.103567
v -0.051023 1.696855 0.104977
v -0.055728 1.692618 0.100272
v -0.054202 1.694467 0.101798
v -0.055008 1.694981 0.104171
v -0.051829 1.694981 0.100992
v -0.054734 1.689000 0.095201
v -0.060799 1.689000 0.101266
v -0.058287 1.689000 0.097713
v -0.056441 1.680000 0.093497
v -0.062503 1.680000 0.099559
v -0.059992 1.680000 0.096008
v -0.054734 1.671000 0.095201
v -0.060799 1.671000 0.101266
v -0.058287 1.671000 0.097713
v -0.052433 1.667750 0.097497
v -0.051023 1.663145 0.104977
v -0.058503 1.667750 0.103567
v -0.051829 1.665019 0.100992
v -0.054202 1.665533 0.101798
v -0.055008 1.665019 0.104171
v -0.055728 1.667382 0.100272
v 0.043708 1.692249 0.097439
v 0.048000 1.696855 0.103726
v 0.052292 1.692249 0.097439
v 0.045752 1.694981 0.100337
v 0.048000 1.694467 0.099229
v 0.050248 1.694981 0.100337
v 0.048000 1.692618 0.097071
v 0.052289 1.689000 0.094188
v 0.043711 1.689000 0.094188
v 0.048000 1.689000 0.093452
v 0.052286 1.680000 0.091776
v 0.043714 1.680000 0.091776
v 0.048000 1.680000 0.091040
v 0.052289 1.671000 0.094188
v 0.043711 1.671000 0.094188
v 0.048000 1.671000 0.093452
v 0.043708 1.667750 0.097439
v 0.052292 1.667750 0.097439
v 0.048000 1.663145 0.103726
v 0.048000 1.667382 0.097071
v 0.048000 1.665533 0.099229
v 0.050248 1.665019 0.100337
v 0.045752 1.665019 0.100337
v 0.058503 1.692249 0.103567
v 0.052433 1.692249 0.097497
v 0.051023 1.696855 0.104977
v 0.055728 1.692618 0.100272
v 0.054202 1.694467 0.101798
v 0.051829 1.694981 0.100992
v 0.055008 1.694981 0.104171
v 0.060799 1.689000 0.101266
v 0.054734 1.689000 0.095201
v 0.058287 1.689000 0.097713
v 0.062503 1.680000 0.099559
v 0.056441 1.680000 0.093497
v 0.059992 1.680000 0.096008
v 0.060799 1.671000 0.101266
v 0.054734 1.671000 0.095201
v 0.058287 1.671000 0.097713
v 0.058503 1.667750 0.103567
v 0.051023 1.663145 0.104977
v 0.052433 1.667750 0.097497
v 0.055008 1.665019 0.104171
v 0.054202 1.665533 0.101798
v 0.051829 1.665019 0.100992
v 0.055728 1.667382 0.100272
v 0.058561 1.692249 0.112292
v 0.058561 1.692249 0.103708
v 0.052274 1.696855 0.108000
v 0.058929 1.692618 0.108000
v 0.056771 1.694467 0.108000
v 0.055663 1.694981 0.105752
v 0.055663 1.694981 0.110248
v 0.061812 1.689000 0.112289
v 0.061812 1.689000 0.103711
v 0.062548 1.689000 0.108000
v 0.064224 1.680000 0.112286
v 0.064224 1.680000 0.103714
v 0.064960 1.680000 0.108000
v 0.061812 1.671000 0.112289
v 0.061812 1.671000 0.103711
v 0.062548 1.671000 0.108000
v 0.058561 1.667750 0.112292
v 0.052274 1.663145 0.108000
v 0.058561 1.667750 0.103708
v 0.055663 1.665019 0.110248
v 0.056771 1.665533 0.108000
v 0.055663 1.665019 0.105752
v 0.058929 1.667382 0.108000
v 0.052433 1.692249 0.118503
v 0.058503 1.692249 0.112433
v 0.051023 1.696855 0.111023
v 0.055728 1.692618 0.115728
v 0.054202 1.694467 0.114202
v 0.055008 1.694981 0.111829
v 0.051829 1.694981 0.115008
v 0.054734 1.689000 0.120799
v 0.060799 1.689000 0.114734
v 0.058287 1.689000 0.118287
v 0.056441 1.680000 0.122503
v 0.062503 1.680000 0.116441
v 0.059992 1.680000 0.119992
v 0.054734 1.671000 0.120799
v 0.060799 1.671000 0.114734
v 0.058287 1.671000 0.118287
v 0.052433 1.667750 0.118503
v 0.051023 1.663145 0.111023
v 0.058503 1.667750 0.112433
v 0.051829 1.665019 0.115008
v 0.054202 1.665533 0.114202
v 0.055008 1.665019 0.111829
v 0.055728 1.667382 0.115728
v 0.043708 1.692249 0.118561
v 0.052292 1.692249 0.118561
v 0.048000 1.696855 0.112274
v 0.048000 1.692618 0.118929
v 0.048000 1.694467 0.116771
v 0.050248 1.694981 0.115663
v 0.045752 1.694981 0.115663
v 0.043711 1.689000 0.121812
v 0.052289 1.689000 0.121812
v 0.048000 1.689000 0.122548
v 0.043714 1.680000 0.124224
v 0.052286 1.680000 0.124224
v 0.048000 1.680000 0.124960
v 0.043711 1.671000 0.121812
v 0.052289 1.671000 0.121812
v 0.048000 1.671000 0.122548
v 0.043708 1.667750 0.118561
v 0.048000 1.663145 0.112274
v 0.052292 1.667750 0.118561
v 0.045752 1.665019 0.115663
v 0.048000 1.665533 0.116771
v 0.050248 1.665019 0.115663
v 0.048000 1.667382 0.118929
v 0.037497 1.692249 0.112433
v 0.043567 1.692249 0.118503
v 0.044977 1.696855 0.111023
v 0.040272 1.692618 0.115728
v 0.041798 1.694467 0.114202
v 0.044171 1.694981 0.115008
v 0.040992 1.694981 0.111829
v 0.035201 1.689000 0.114734
v 0.041266 1.689000 0.120799
v 0.037713 1.689000 0.118287
v 0.033497 1.680000 0.116441
v 0.039559 1.680000 0.122503
v 0.036008 1.680000 0.119992
v 0.035201 1.671000 0.114734
v 0.041266 1.671000 0.120799
v 0.037713 1.671000 0.118287
v 0.037497 1.667750 0.112433
v 0.044977 1.663145 0.111023
v 0.043567 1.667750 0.118503
v 0.040992 1.665019 0.111829
v 0.041798 1.665533 0.114202
v 0.044171 1.665019 0.115008
v 0.040272 1.667382 0.115728
v 0.037439 1.692249 0.103708
v 0.037439 1.692249 0.112292
v 0.043726 1.696855 0.108000
v 0.037071 1.692618 0.108000
v 0.039229 1.694467 0.108000
v 0.040337 1.694981 0.110248
v 0.040337 1.694981 0.105752
v 0.034188 1.689000 0.103711
v 0.034188 1.689000 0.112289
v 0.033452 1.689000 0.108000
v 0.031776 1.680000 0.103714
v 0.031776 1.680000 0.112286
v 0.031040 1.680000 0.108000
v 0.034188 1.671000 0.103711
v 0.034188 1.671000 0.112289
v 0.033452 1.671000 0.108000
v 0.037439 1.667750 0.103708
v 0.043726 1.663145 0.108000
v 0.037439 1.667750 0.112292
v 0.040337 1.665019 0.105752
v 0.039229 1.665533 0.108000
v 0.040337 1.665019 0.110248
v 0.037071 1.667382 0.108000
v 0.043567 1.692249 0.097497
v 0.037497 1.692249 0.103567
v 0.044977 1.696855 0.104977
v 0.040272 1.692618 0.100272
v 0.041798 1.694467 0.101798
v 0.040992 1.694981 0.104171
v 0.044171 1.694981 0.100992
v 0.041266 1.689000 0.095201
v 0.035201 1.689000 0.101266
v 0.037713 1.689000 0.097713
v 0.039559 1.680000 0.093497
v 0.033497 1.680000 0.099559
v 0.036008 1.680000 0.096008
v 0.041266 1.671000 0.095201
v 0.035201 1.671000 0.101266
v 0.037713 1.671000 0.097713
v 0.043567 1.667750 0.097497
v 0.044977 1.663145 0.104977
v 0.037497 1.667750 0.103567
v 0.044171 1.665019 0.100992
v 0.041798 1.665533 0.101798
v 0.040992 1.665019 0.104171
v 0.040272 1.667382 0.100272
v -0.057954 1.535000 0.085454
v -0.057954 1.539546 0.090000
v -0.062500 1.539546 0.085454
v -0.057954 1.536332 0.088669
v -0.060579 1.536921 0.088079
v -0.061169 1.539546 0.088669
v -0.061169 1.536332 0.085454
v -0.057954 1.600454 0.090000
v -0.057954 1.605000 0.085454
v -0.062500 1.600454 0.085454
v -0.057954 1.603669 0.088669
v -0.060579 1.603079 0.088079
v -0.061169 1.603669 0.085454
v -0.061169 1.600454 0.088669
v -0.057954 1.535000 -0.005454
v -0.062500 1.539546 -0.005454
v -0.057954 1.539546 -0.010000
v -0.061169 1.536332 -0.005454
v -0.060579 1.536921 -0.008079
v -0.061169 1.539546 -0.008669
v -0.057954 1.536332 -0.008669
v -0.057954 1.605000 -0.005454
v -0.057954 1.600454 -0.010000
v -0.062500 1.600454 -0.005454
v -0.057954 1.603669 -0.008669
v -0.060579 1.603079 -0.008079
v -0.061169 1.600454 -0.008669
v -0.061169 1.603669 -0.005454
v 0.057954 1.535000 0.085454
v 0.062500 1.539546 0.085454
v 0.057954 1.539546 0.090000
v 0.061169 1.536332 0.085454
v 0.060579 1.536921 0.088079
v 0.061169 1.539546 0.088669
v 0.057954 1.536332 0.088669
v 0.057954 1.605000 0.085454
v 0.057954 1.600454 0.090000
v 0.062500 1.600454 0.085454
v 0.057954 1.603669 0.088669
v 0.060579 1.603079 0.088079
v 0.061169 1.600454 0.088669
v 0.061169 1.603669 0.085454
v 0.057954 1.535000 -0.005454
v 0.057954 1.539546 -0.010000
v 0.062500 1.539546 -0.005454
v 0.057954 1.536332 -0.008669
v 0.060579 1.536921 -0.008079
v 0.061169 1.539546 -0.008669
v 0.061169 1.536332 -0.005454
v 0.057954 1.605000 -0.005454
v 0.062500 1.600454 -0.005454
v 0.057954 1.600454 -0.010000
v 0.061169 1.603669 -0.005454
v 0.060579 1.603079 -0.008079
v 0.061169 1.600454 -0.008669
v 0.057954 1.603669 -0.008669
v -0.030454 1.595000 0.117954
v -0.030454 1.599546 0.122500
v -0.035000 1.599546 0.117954
v -0.030454 1.596331 0.121169
v -0.033079 1.596921 0.120579
v -0.033669 1.599546 0.121169
v -0.033669 1.596331 0.117954
v -0.030454 1.610454 0.122500
v -0.030454 1.615000 0.117954
v -0.035000 1.610454 0.117954
v -0.030454 1.613669 0.121169
v -0.033079 1.613079 0.120579
v -0.033669 1.613669 0.117954
v -0.033669 1.610454 0.121169
v -0.030454 1.595000 0.102046
v -0.035000 1.599546 0.102046
v -0.030454 1.599546 0.097500
v -0.033669 1.596331 0.102046
v -0.033079 1.596921 0.099421
v -0.033669 1.599546 0.098831
v -0.030454 1.596331 0.098831
v -0.030454 1.615000 0.102046
v -0.030454 1.610454 0.097500
v -0.035000 1.610454 0.102046
v -0.030454 1.613669 0.098831
v -0.033079 1.613079 0.099421
v -0.033669 1.610454 0.098831
v -0.033669 1.613669 0.102046
v 0.030454 1.595000 0.117954
v 0.035000 1.599546 0.117954
v 0.030454 1.599546 0.122500
v 0.033669 1.596331 0.117954
v 0.033079 1.596921 0.120579
v 0.033669 1.599546 0.121169
v 0.030454 1.596331 0.121169
v 0.030454 1.615000 0.117954
v 0.030454 1.610454 0.122500
v 0.035000 1.610454 0.117954
v 0.030454 1.613669 0.121169
v 0.033079 1.613079 0.120579
v 0.033669 1.610454 0.121169
v 0.033669 1.613669 0.117954
v 0.030454 1.595000 0.102046
v 0.030454 1.599546 0.097500
v 0.035000 1.599546 0.102046
v 0.030454 1.596331 0.098831
v 0.033079 1.596921 0.099421
v 0.033669 1.599546 0.098831
v 0.033669 1.596331 0.102046
v 0.030454 1.615000 0.102046
v 0.035000 1.610454 0.102046
v 0.030454 1.610454 0.097500
v 0.033669 1.613669 0.102046
v 0.033079 1.613079 0.099421
v 0.033669 1.610454 0.098831
v 0.030454 1.613669 0.098831
v -0.125708 1.686972 -0.039061
v -0.134292 1.686972 -0.039061
v -0.130000 1.691577 -0.032774
v -0.130000 1.687340 -0.039429
v -0.130000 1.689189 -0.037271
v -0.132247 1.689704 -0.036163
v -0.127752 1.689704 -0.036163
v -0.125714 1.660000 -0.053224
v -0.134286 1.660000 -0.053224
v -0.130000 1.660000 -0.053960
v -0.125708 1.633028 -0.039061
v -0.130000 1.628423 -0.032774
v -0.134292 1.633028 -0.039061
v -0.127752 1.630296 -0.036163
v -0.130000 1.630811 -0.037271
v -0.132248 1.630296 -0.036163
v -0.130000 1.632660 -0.039429
v -0.113487 1.686972 -0.030443
v -0.119557 1.686972 -0.036513
v -0.120967 1.691577 -0.029033
v -0.116261 1.687340 -0.033739
v -0.117788 1.689189 -0.032212
v -0.120160 1.689704 -0.033018
v -0.116982 1.689704 -0.029840
v -0.106790 1.677500 -0.037144
v -0.112856 1.677500 -0.043210
v -0.109303 1.677500 -0.040697
v -0.103476 1.660000 -0.040462
v -0.109538 1.660000 -0.046524
v -0.105987 1.660000 -0.044013
v -0.106790 1.642500 -0.037144
v -0.112856 1.642500 -0.043210
v -0.109303 1.642500 -0.040697
v -0.113487 1.633028 -0.030443
v -0.120967 1.628423 -0.029033
v -0.119557 1.633028 -0.036513
v -0.116982 1.630296 -0.029840
v -0.117788 1.630811 -0.032212
v -0.120160 1.630296 -0.033018
v -0.116261 1.632660 -0.033739
v -0.110939 1.686972 -0.015708
v -0.110939 1.686972 -0.024292
v -0.117226 1.691577 -0.020000
v -0.110571 1.687340 -0.020000
v -0.112729 1.689189 -0.020000
v -0.113837 1.689704 -0.022247
v -0.113837 1.689704 -0.017752
v -0.101466 1.677500 -0.015711
v -0.101466 1.677500 -0.024289
v -0.100730 1.677500 -0.020000
v -0.096776 1.660000 -0.015714
v -0.096776 1.660000 -0.024286
v -0.096040 1.660000 -0.020000
v -0.101466 1.642500 -0.015711
v -0.101466 1.642500 -0.024289
v -0.100730 1.642500 -0.020000
v -0.110939 1.633028 -0.015708
v -0.117226 1.628423 -0.020000
v -0.110939 1.633028 -0.024292
v -0.113837 1.630296 -0.017752
v -0.112729 1.630811 -0.020000
v -0.113837 1.630296 -0.022248
v -0.110571 1.632660 -0.020000
v -0.119557 1.686972 -0.003487
v -0.113487 1.686972 -0.009557
v -0.120967 1.691577 -0.010967
v -0.116261 1.687340 -0.006261
v -0.117788 1.689189 -0.007788
v -0.116982 1.689704 -0.010160
v -0.120160 1.689704 -0.006982
v -0.112856 1.677500 0.003210
v -0.106790 1.677500 -0.002856
v -0.109303 1.677500 0.000697
v -0.109538 1.660000 0.006524
v -0.103476 1.660000 0.000462
v -0.105987 1.660000 0.004013
v -0.112856 1.642500 0.003210
v -0.106790 1.642500 -0.002856
v -0.109303 1.642500 0.000697
v -0.119557 1.633028 -0.003487
v -0.120967 1.628423 -0.010967
v -0.113487 1.633028 -0.009557
v -0.120160 1.630296 -0.006982
v -0.117788 1.630811 -0.007788
v -0.116982 1.630296 -0.010160
v -0.116261 1.632660 -0.006261
v -0.134292 1.686972 -0.000939
v -0.125708 1.686972 -0.000939
v -0.130000 1.691577 -0.007226
v -0.130000 1.687340 -0.000571
v -0.130000 1.689189 -0.002729
v -0.127752 1.689704 -0.003837
v -0.132248 1.689704 -0.003837
v -0.134289 1.677500 0.008534
v -0.125711 1.677500 0.008534
v -0.130000 1.677500 0.009270
v -0.134286 1.660000 0.013224
v -0.125714 1.660000 0.013224
v -0.130000 1.660000 0.013960
v -0.134289 1.642500 0.008534
v -0.125711 1.642500 0.008534
v -0.130000 1.642500 0.009270
v -0.134292 1.633028 -0.000939
v -0.130000 1.628423 -0.007226
v -0.125708 1.633028 -0.000939
v -0.132247 1.630296 -0.003837
v -0.130000 1.630811 -0.002729
v -0.127752 1.630296 -0.003837
v -0.130000 1.632660 -0.000571
v -0.146513 1.686972 -0.009557
v -0.140443 1.686972 -0.003487
v -0.139033 1.691577 -0.010967
v -0.143739 1.687340 -0.006261
v -0.142212 1.689189 -0.007788
v -0.139840 1.689704 -0.006982
v -0.143018 1.689704 -0.010160
v -0.153210 1.677500 -0.002856
v -0.147144 1.677500 0.003210
v -0.150697 1.677500 0.000697
v -0.156524 1.660000 0.000462
v -0.150462 1.660000 0.006524
v -0.154013 1.660000 0.004013
v -0.153210 1.642500 -0.002856
v -0.147144 1.642500 0.003210
v -0.150697 1.642500 0.000697
v -0.146513 1.633028 -0.009557
v -0.139033 1.628423 -0.010967
v -0.140443 1.633028 -0.003487
v -0.143018 1.630296 -0.010160
v -0.142212 1.630811 -0.007788
v -0.139840 1.630296 -0.006982
v -0.143739 1.632660 -0.006261
v -0.149061 1.686972 -0.024292
v -0.149061 1.686972 -0.015708
v -0.142774 1.691577 -0.020000
v -0.149429 1.687340 -0.020000
v -0.147271 1.689189 -0.020000
v -0.146163 1.689704 -0.017752
v -0.146163 1.689704 -0.022248
v -0.158534 1.677500 -0.024289
v -0.158534 1.677500 -0.015711
v -0.159270 1.677500 -0.020000
v -0.163224 1.660000 -0.024286
v -0.163224 1.660000 -0.015714
v -0.163960 1.660000 -0.020000
v -0.158534 1.642500 -0.024289
v -0.158534 1.642500 -0.015711
v -0.159270 1.642500 -0.020000
v -0.149061 1.633028 -0.024292
v -0.142774 1.628423 -0.020000
v -0.149061 1.633028 -0.015708
v -0.146163 1.630296 -0.022248
v -0.147271 1.630811 -0.020000
v -0.146163 1.630296 -0.017752
v -0.149429 1.632660 -0.020000
v -0.140443 1.686972 -0.036513
v -0.146513 1.686972 -0.030443
v -0.139033 1.691577 -0.029033
v -0.143739 1.687340 -0.033739
v -0.142212 1.689189 -0.032212
v -0.143018 1.689704 -0.029840
v -0.139840 1.689704 -0.033018
v -0.147144 1.677500 -0.043210
v -0.153210 1.677500 -0.037144
v -0.150697 1.677500 -0.040697
v -0.150462 1.660000 -0.046524
v -0.156524 1.660000 -0.040462
v -0.154013 1.660000 -0.044013
v -0.147144 1.642500 -0.043210
v -0.153210 1.642500 -0.037144
v -0.150697 1.642500 -0.040697
v -0.140443 1.633028 -0.036513
v -0.139033 1.628423 -0.029033
v -0.146513 1.633028 -0.030443
v -0.139840 1.630296 -0.033018
v -0.142212 1.630811 -0.032212
v -0.143018 1.630296 -0.029840
v -0.143739 1.632660 -0.033739
v -0.125711 1.677500 -0.048534
v -0.134289 1.677500 -0.048534
v -0.130000 1.677500 -0.049270
v -0.125711 1.642500 -0.048534
v -0.134289 1.642500 -0.048534
v -0.130000 1.642500 -0.049270
v 0.134292 1.686972 -0.039061
v 0.125708 1.686972 -0.039061
v 0.130000 1.691577 -0.032774
v 0.130000 1.687340 -0.039429
v 0.130000 1.689189 -0.037271
v 0.127752 1.689704 -0.036163
v 0.132248 1.689704 -0.036163
v 0.134286 1.660000 -0.053224
v 0.125714 1.660000 -0.053224
v 0.130000 1.660000 -0.053960
v 0.134292 1.633028 -0.039061
v 0.130000 1.628423 -0.032774
v 0.125708 1.633028 -0.039061
v 0.132247 1.630296 -0.036163
v 0.130000 1.630811 -0.037271
v 0.127752 1.630296 -0.036163
v 0.130000 1.632660 -0.039429
v 0.146513 1.686972 -0.030443
v 0.140443 1.686972 -0.036513
v 0.139033 1.691577 -0.029033
v 0.143739 1.687340 -0.033739
v 0.142212 1.689189 -0.032212
v 0.139840 1.689704 -0.033018
v 0.143018 1.689704 -0.029840
v 0.153210 1.677500 -0.037144
v 0.147144 1.677500 -0.043210
v 0.150697 1.677500 -0.040697
v 0.156524 1.660000 -0.040462
v 0.150462 1.660000 -0.046524
v 0.154013 1.660000 -0.044013
v 0.153210 1.642500 -0.037144
v 0.147144 1.642500 -0.043210
v 0.150697 1.642500 -0.040697
v 0.146513 1.633028 -0.030443
v 0.139033 1.628423 -0.029033
v 0.140443 1.633028 -0.036513
v 0.143018 1.630296 -0.029840
v 0.142212 1.630811 -0.032212
v 0.139840 1.630296 -0.033018
v 0.143739 1.632660 -0.033739
v 0.149061 1.686972 -0.015708
v 0.149061 1.686972 -0.024292
v 0.142774 1.691577 -0.020000
v 0.149429 1.687340 -0.020000
v 0.147271 1.689189 -0.020000
v 0.146163 1.689704 -0.022248
v 0.146163 1.689704 -0.017752
v 0.158534 1.677500 -0.015711
v 0.158534 1.677500 -0.024289
v 0.159270 1.677500 -0.020000
v 0.163224 1.660000 -0.015714
v 0.163224 1.660000 -0.024286
v 0.163960 1.660000 -0.020000
v 0.158534 1.642500 -0.015711
v 0.158534 1.642500 -0.024289
v 0.159270 1.642500 -0.020000
v 0.149061 1.633028 -0.015708
v 0.142774 1.628423 -0.020000
v 0.149061 1.633028 -0.024292
v 0.146163 1.630296 -0.017752
v 0.147271 1.630811 -0.020000
v 0.146163 1.630296 -0.022248
v 0.149429 1.632660 -0.020000
v 0.140443 1.686972 -0.003487
v 0.146513 1.686972 -0.009557
v 0.139033 1.691577 -0.010967
v 0.143739 1.687340 -0.006261
v 0.142212 1.689189 -0.007788
v 0.143018 1.689704 -0.010160
v 0.139840 1.689704 -0.006982
v 0.147144 1.677500 0.003210
v 0.153210 1.677500 -0.002856
v 0.150697 1.677500 0.000697
v 0.150462 1.660000 0.006524
v 0.156524 1.660000 0.000462
v 0.154013 1.660000 0.004013
v 0.147144 1.642500 0.003210
v 0.153210 1.642500 -0.002856
v 0.150697 1.642500 0.000697
v 0.140443 1.633028 -0.003487
v 0.139033 1.628423 -0.010967
v 0.146513 1.633028 -0.009557
v 0.139840 1.630296 -0.006982
v 0.142212 1.630811 -0.007788
v 0.143018 1.630296 -0.010160
v 0.143739 1.632660 -0.006261
v 0.125708 1.686972 -0.000939
v 0.134292 1.686972 -0.000939
v 0.130000 1.691577 -0.007226
v 0.130000 1.687340 -0.000571
v 0.130000 1.689189 -0.002729
v 0.132247 1.689704 -0.003837
v 0.127752 1.689704 -0.003837
v 0.125711 1.677500 0.008534
v 0.134289 1.677500 0.008534
v 0.130000 1.677500 0.009270
v 0.125714 1.660000 0.013224
v 0.134286 1.660000 0.013224
v 0.130000 1.660000 0.013960
v 0.125711 1.642500 0.008534
v 0.134289 1.642500 0.008534
v 0.130000 1.642500 0.009270
v 0.125708 1.633028 -0.000939
v 0.130000 1.628423 -0.007226
v 0.134292 1.633028 -0.000939
v 0.127752 1.630296 -0.003837
v 0.130000 1.630811 -0.002729
v 0.132248 1.630296 -0.003837
v 0.130000 1.632660 -0.000571
v 0.113487 1.686972 -0.009557
v 0.119557 1.686972 -0.003487
v 0.120967 1.691577 -0.010967
v 0.116261 1.687340 -0.006261
v 0.117788 1.689189 -0.007788
v 0.120160 1.689704 -0.006982
v 0.116982 1.689704 -0.010160
v 0.106790 1.677500 -0.002856
v 0.112856 1.677500 0.003210
v 0.109303 1.677500 0.000697
v 0.103476 1.660000 0.000462
v 0.109538 1.660000 0.006524
v 0.105987 1.660000 0.004013
v 0.106790 1.642500 -0.002856
v 0.112856 1.642500 0.003210
v 0.109303 1.642500 0.000697
v 0.113487 1.633028 -0.009557
v 0.120967 1.628423 -0.010967
v 0.119557 1.633028 -0.003487
v 0.116982 1.630296 -0.010160
v 0.117788 1.630811 -0.007788
v 0.120160 1.630296 -0.006982
v 0.116261 1.632660 -0.006261
v 0.110939 1.686972 -0.024292
v 0.110939 1.686972 -0.015708
v 0.117226 1.691577 -0.020000
v 0.110571 1.687340 -0.020000
v 0.112729 1.689189 -0.020000
v 0.113837 1.689704 -0.017752
v 0.113837 1.689704 -0.022248
v 0.101466 1.677500 -0.024289
v 0.101466 1.677500 -0.015711
v 0.100730 1.677500 -0.020000
v 0.096776 1.660000 -0.024286
v 0.096776 1.660000 -0.015714
v 0.096040 1.660000 -0.020000
v 0.101466 1.642500 -0.024289
v 0.101466 1.642500 -0.015711
v 0.100730 1.642500 -0.020000
v 0.110939 1.633028 -0.024292
v 0.117226 1.628423 -0.020000
v 0.110939 1.633028 -0.015708
v 0.113837 1.630296 -0.022247
v 0.112729 1.630811 -0.020000
v 0.113837 1.630296 -0.017752
v 0.110571 1.632660 -0.020000
v 0.119557 1.686972 -0.036513
v 0.113487 1.686972 -0.030443
v 0.120967 1.691577 -0.029033
v 0.116261 1.687340 -0.033739
v 0.117788 1.689189 -0.032212
v 0.116982 1.689704 -0.029840
v 0.120160 1.689704 -0.033018
v 0.112856 1.677500 -0.043210
v 0.106790 1.677500 -0.037144
v 0.109303 1.677500 -0.040697
v 0.109538 1.660000 -0.046524
v 0.103476 1.660000 -0.040462
v 0.105987 1.660000 -0.044013
v 0.112856 1.642500 -0.043210
v 0.106790 1.642500 -0.037144
v 0.109303 1.642500 -0.040697
v 0.119557 1.633028 -0.036513
v 0.120967 1.628423 -0.029033
v 0.113487 1.633028 -0.030443
v 0.120160 1.630296 -0.033018
v 0.117788 1.630811 -0.032212
v 0.116982 1.630296 -0.029840
v 0.116261 1.632660 -0.033739
v 0.134289 1.677500 -0.048534
v 0.125711 1.677500 -0.048534
v 0.130000 1.677500 -0.049270
v 0.134289 1.642500 -0.048534
v 0.125711 1.642500 -0.048534
v 0.130000 1.642500 -0.049270
v -0.007134 1.460631 0.084079
v -0.007134 1.460631 0.075921
v 0.002006 1.459908 0.074851
v 0.010583 1.461247 0.080000
v 0.002006 1.459908 0.085149
v -0.007492 1.459881 0.080000
v 0.000041 1.458170 0.080000
v -0.002634 1.459836 0.075080
v 0.006545 1.459954 0.077171
v 0.006545 1.459954 0.082829
v -0.002634 1.459836 0.084920
v 0.075681 1.499676 0.110098
v 0.080687 1.506400 0.109642
v 0.077973 1.510857 0.115848
v 0.071144 1.506043 0.119219
v 0.068133 1.498944 0.115722
v 0.078769 1.502602 0.109870
v 0.076732 1.503379 0.115258
v 0.080115 1.508608 0.113103
v 0.074881 1.508501 0.118045
v 0.069779 1.502285 0.118017
v 0.072158 1.498686 0.113165
v -0.032166 1.499319 0.133107
v -0.023252 1.498944 0.134618
v -0.027172 1.506026 0.139545
v -0.037403 1.506443 0.134606
v -0.027779 1.498698 0.134168
v -0.030219 1.502337 0.136976
v -0.025156 1.502280 0.137646
v -0.032643 1.506231 0.137573
v -0.035164 1.502511 0.134290
v -0.088144 1.499319 0.075921
v -0.088144 1.499319 0.084079
v -0.093470 1.506443 0.085499
v -0.095822 1.512363 0.080000
v -0.093470 1.506443 0.074501
v -0.088502 1.498569 0.080000
v -0.094511 1.503607 0.080000
v -0.091187 1.502511 0.085222
v -0.095431 1.509424 0.083108
v -0.095431 1.509424 0.076892
v -0.091187 1.502511 0.074778
v -0.023252 1.498944 0.025382
v -0.032166 1.499319 0.026893
v -0.037403 1.506443 0.025394
v -0.027172 1.506026 0.020455
v -0.027779 1.498698 0.025832
v -0.030219 1.502337 0.023024
v -0.035164 1.502511 0.025710
v -0.032643 1.506231 0.022427
v -0.025156 1.502280 0.022354
v 0.080687 1.506400 0.050358
v 0.075681 1.499676 0.049902
v 0.068133 1.498944 0.044278
v 0.071144 1.506043 0.040781
v 0.077973 1.510857 0.044152
v 0.078769 1.502602 0.050130
v 0.076732 1.503379 0.044742
v 0.072158 1.498686 0.046835
v 0.069779 1.502285 0.041983
v 0.074881 1.508501 0.041955
v 0.080115 1.508608 0.046897
v 0.037403 1.573557 0.134606
v 0.032166 1.580681 0.133107
v 0.023252 1.581056 0.134618
v 0.027172 1.573974 0.139545
v 0.035164 1.577489 0.134290
v 0.030219 1.577662 0.136976
v 0.027779 1.581302 0.134168
v 0.025156 1.577720 0.137646
v 0.032643 1.573769 0.137573
v -0.080687 1.573600 0.109642
v -0.077973 1.569142 0.115848
v -0.071144 1.573957 0.119219
v -0.068133 1.581056 0.115722
v -0.075681 1.580324 0.110098
v -0.080115 1.571392 0.113103
v -0.076732 1.576621 0.115258
v -0.074881 1.571499 0.118045
v -0.069779 1.577715 0.118017
v -0.072158 1.581313 0.113165
v -0.078769 1.577398 0.109870
v -0.071144 1.573957 0.040781
v -0.077973 1.569142 0.044152
v -0.080687 1.573600 0.050358
v -0.075681 1.580324 0.049902
v -0.068133 1.581056 0.044278
v -0.074881 1.571499 0.041955
v -0.076732 1.576621 0.044742
v -0.080115 1.571392 0.046897
v -0.078769 1.577398 0.050130
v -0.072158 1.581313 0.046835
v -0.069779 1.577715 0.041983
v 0.037403 1.573557 0.025394
v 0.027172 1.573974 0.020455
v 0.023252 1.581056 0.025382
v 0.032166 1.580681 0.026893
v 0.032643 1.573769 0.022427
v 0.030219 1.577662 0.023024
v 0.025156 1.577720 0.022354
v 0.027779 1.581302 0.025832
v 0.035164 1.577489 0.025710
v 0.093470 1.573557 0.085499
v 0.095822 1.567637 0.080000
v 0.093470 1.573557 0.074501
v 0.088144 1.580681 0.075921
v 0.088144 1.580681 0.084079
v 0.095431 1.570576 0.083108
v 0.094511 1.576393 0.080000
v 0.095431 1.570576 0.076892
v 0.091187 1.577489 0.074778
v 0.088502 1.581431 0.080000
v 0.091187 1.577489 0.085222
v -0.002006 1.620092 0.085149
v 0.007134 1.619369 0.084079
v 0.007134 1.619369 0.075921
v -0.002006 1.620092 0.074851
v -0.010583 1.618753 0.080000
v 0.002634 1.620164 0.084920
v -0.000041 1.621830 0.080000
v 0.007492 1.620119 0.080000
v 0.002634 1.620164 0.075080
v -0.006545 1.620046 0.077171
v -0.006545 1.620046 0.082829
v 0.000000 1.830000 -0.155080
v -0.004200 1.834546 -0.158260
v 0.004200 1.834546 -0.158260
v -0.002970 1.831331 -0.157030
v -0.000000 1.831921 -0.158225
v -0.000000 1.834546 -0.159279
v 0.002970 1.831331 -0.157030
v -0.000000 1.930000 -0.155080
v 0.004200 1.925454 -0.158260
v -0.004200 1.925454 -0.158260
v 0.002970 1.928668 -0.157030
v 0.000000 1.928079 -0.158225
v 0.000000 1.925454 -0.159279
v -0.002970 1.928668 -0.157030
v 0.109658 1.830000 -0.109658
v 0.108937 1.834546 -0.114877
v 0.114877 1.834546 -0.108937
v 0.109658 1.831331 -0.113137
v 0.111988 1.831921 -0.111988
v 0.112417 1.834546 -0.112417
v 0.113137 1.831331 -0.109658
v 0.109658 1.930000 -0.109658
v 0.114877 1.925454 -0.108937
v 0.108937 1.925454 -0.114877
v 0.113137 1.928669 -0.109658
v 0.111988 1.928079 -0.111988
v 0.112417 1.925454 -0.112417
v 0.109658 1.928669 -0.113137
v 0.155080 1.830000 0.000000
v 0.158260 1.834546 -0.004200
v 0.158260 1.834546 0.004200
v 0.157030 1.831331 -0.002970
v 0.158225 1.831921 -0.000000
v 0.159279 1.834546 -0.000000
v 0.157030 1.831331 0.002970
v 0.155080 1.930000 0.000000
v 0.158260 1.925454 0.004200
v 0.158260 1.925454 -0.004200
v 0.157540 1.928669 0.002460
v 0.158375 1.928079 0.000000
v 0.158981 1.925454 0.000000
v 0.157540 1.928669 -0.002460
v 0.109658 1.830000 0.109658
v 0.114877 1.834546 0.108937
v 0.108937 1.834546 0.114877
v 0.113137 1.831331 0.108937
v 0.111882 1.831921 0.111882
v 0.112628 1.834546 0.112628
v 0.108937 1.831331 0.113137
v 0.109658 1.930000 0.109658
v 0.108937 1.925454 0.114877
v 0.114877 1.925454 0.108937
v 0.109658 1.928669 0.113137
v 0.111988 1.928079 0.111988
v 0.112417 1.925454 0.112417
v 0.113137 1.928669 0.109658
v 0.000000 1.830000 0.155080
v 0.004200 1.834546 0.158260
v -0.004200 1.834546 0.158260
v 0.002460 1.831331 0.157540
v 0.000000 1.831921 0.158375
v 0.000000 1.834546 0.158981
v -0.002460 1.831331 0.157540
v 0.000000 1.930000 0.155080
v -0.004200 1.925454 0.158260
v 0.004200 1.925454 0.158260
v -0.002460 1.928669 0.157540
v -0.000000 1.928079 0.158375
v -0.000000 1.925454 0.158981
v 0.002460 1.928669 0.157540
v -0.109658 1.830000 0.109658
v -0.108937 1.834546 0.114877
v -0.114877 1.834546 0.108937
v -0.109658 1.831331 0.113137
v -0.111988 1.831921 0.111988
v -0.112417 1.834546 0.112417
v -0.113137 1.831331 0.109658
v -0.109658 1.930000 0.109658
v -0.114877 1.925454 0.108937
v -0.108937 1.925454 0.114877
v -0.113137 1.928668 0.108937
v -0.111882 1.928079 0.111882
v -0.112628 1.925454 0.112628
v -0.108937 1.928668 0.113137
v -0.155080 1.830000 0.000000
v -0.158260 1.834546 0.004200
v -0.158260 1.834546 -0.004200
v -0.157540 1.831331 0.002460
v -0.158375 1.831921 0.000000
v -0.158981 1.834546 0.000000
v -0.157540 1.831331 -0.002460
v -0.155080 1.930000 0.000000
v -0.158260 1.925454 -0.004200
v -0.158260 1.925454 0.004200
v -0.157030 1.928668 -0.002970
v -0.158225 1.928079 -0.000000
v -0.159279 1.925454 -0.000000
v -0.157030 1.928668 0.002970
v -0.109658 1.830000 -0.109658
v -0.114877 1.834546 -0.108937
v -0.108937 1.834546 -0.114877
v -0.113137 1.831331 -0.109658
v -0.111988 1.831921 -0.111988
v -0.112417 1.834546 -0.112417
v -0.109658 1.831331 -0.113137
v -0.109658 1.930000 -0.109658
v -0.108937 1.925454 -0.114877
v -0.114877 1.925454 -0.108937
v -0.109658 1.928669 -0.113137
v -0.111988 1.928079 -0.111988
v -0.112417 1.925454 -0.112417
v -0.113137 1.928669 -0.109658
v -0.160000 1.265080 -0.480000
v -0.164200 1.268260 -0.475454
v -0.155800 1.268260 -0.475454
v -0.162460 1.267540 -0.478669
v -0.160000 1.268375 -0.478079
v -0.160000 1.268981 -0.475454
v -0.157540 1.267540 -0.478669
v -0.160000 1.265080 -0.160000
v -0.155800 1.268260 -0.164546
v -0.164200 1.268260 -0.164546
v -0.157540 1.267540 -0.161331
v -0.160000 1.268375 -0.161921
v -0.160000 1.268981 -0.164546
v -0.162460 1.267540 -0.161331
v -0.128124 1.251876 -0.480000
v -0.128844 1.257095 -0.475454
v -0.122905 1.251156 -0.475454
v -0.128844 1.255355 -0.478669
v -0.125900 1.254100 -0.478079
v -0.125154 1.254846 -0.475454
v -0.124645 1.251156 -0.478669
v -0.128124 1.251876 -0.160000
v -0.122905 1.251156 -0.164546
v -0.128844 1.257095 -0.164546
v -0.124645 1.251155 -0.161331
v -0.125900 1.254100 -0.161921
v -0.125154 1.254846 -0.164546
v -0.128844 1.255355 -0.161331
v -0.114920 1.220000 -0.480000
v -0.111740 1.224200 -0.475454
v -0.111740 1.215800 -0.475454
v -0.112460 1.222460 -0.478669
v -0.111625 1.220000 -0.478079
v -0.111019 1.220000 -0.475454
v -0.112460 1.217540 -0.478669
v -0.114920 1.220000 -0.160000
v -0.111740 1.215800 -0.164546
v -0.111740 1.224200 -0.164546
v -0.112460 1.217540 -0.161331
v -0.111625 1.220000 -0.161921
v -0.111019 1.220000 -0.164546
v -0.112460 1.222460 -0.161331
v -0.128124 1.188124 -0.480000
v -0.122905 1.188844 -0.475454
v -0.128844 1.182905 -0.475454
v -0.124645 1.188845 -0.478669
v -0.125900 1.185900 -0.478079
v -0.125154 1.185154 -0.475454
v -0.128844 1.184645 -0.478669
v -0.128124 1.188124 -0.160000
v -0.128844 1.182905 -0.164546
v -0.122905 1.188844 -0.164546
v -0.128844 1.184645 -0.161331
v -0.125900 1.185900 -0.161921
v -0.125154 1.185154 -0.164546
v -0.124645 1.188844 -0.161331
v -0.160000 1.174920 -0.480000
v -0.155800 1.171740 -0.475454
v -0.164200 1.171740 -0.475454
v -0.157540 1.172460 -0.478669
v -0.160000 1.171625 -0.478079
v -0.160000 1.171019 -0.475454
v -0.162460 1.172460 -0.478669
v -0.160000 1.174920 -0.160000
v -0.164200 1.171740 -0.164546
v -0.155800 1.171740 -0.164546
v -0.162460 1.172460 -0.161331
v -0.160000 1.171625 -0.161921
v -0.160000 1.171019 -0.164546
v -0.157540 1.172460 -0.161331
v -0.191876 1.188124 -0.480000
v -0.191156 1.182905 -0.475454
v -0.197095 1.188844 -0.475454
v -0.191156 1.184645 -0.478669
v -0.194100 1.185900 -0.478079
v -0.194846 1.185154 -0.475454
v -0.195355 1.188844 -0.478669
v -0.191876 1.188124 -0.160000
v -0.197095 1.188844 -0.164546
v -0.191156 1.182905 -0.164546
v -0.195355 1.188845 -0.161331
v -0.194100 1.185900 -0.161921
v -0.194846 1.185154 -0.164546
v -0.191156 1.184645 -0.161331
v -0.205080 1.220000 -0.480000
v -0.208260 1.215800 -0.475454
v -0.208260 1.224200 -0.475454
v -0.207540 1.217540 -0.478669
v -0.208375 1.220000 -0.478079
v -0.208981 1.220000 -0.475454
v -0.207540 1.222460 -0.478669
v -0.205080 1.220000 -0.160000
v -0.208260 1.224200 -0.164546
v -0.208260 1.215800 -0.164546
v -0.207540 1.222460 -0.161331
v -0.208375 1.220000 -0.161921
v -0.208981 1.220000 -0.164546
v -0.207540 1.217540 -0.161331
v -0.191876 1.251876 -0.480000
v -0.197095 1.251156 -0.475454
v -0.191156 1.257095 -0.475454
v -0.195355 1.251155 -0.478669
v -0.194100 1.254100 -0.478079
v -0.194846 1.254846 -0.475454
v -0.191156 1.255355 -0.478669
v -0.191876 1.251876 -0.160000
v -0.191156 1.257095 -0.164546
v -0.197095 1.251156 -0.164546
v -0.191156 1.255355 -0.161331
v -0.194100 1.254100 -0.161921
v -0.194846 1.254846 -0.164546
v -0.195355 1.251156 -0.161331
v 0.000000 1.265080 -0.480000
v -0.004200 1.268260 -0.475454
v 0.004200 1.268260 -0.475454
v -0.002460 1.267540 -0.478669
v -0.000000 1.268375 -0.478079
v -0.000000 1.268981 -0.475454
v 0.002460 1.267540 -0.478669
v 0.000000 1.265080 -0.160000
v 0.004200 1.268260 -0.164546
v -0.004200 1.268260 -0.164546
v 0.002460 1.267540 -0.161331
v 0.000000 1.268375 -0.161921
v 0.000000 1.268981 -0.164546
v -0.002460 1.267540 -0.161331
v 0.031876 1.251876 -0.480000
v 0.031156 1.257095 -0.475454
v 0.037095 1.251156 -0.475454
v 0.031156 1.255355 -0.478669
v 0.034100 1.254100 -0.478079
v 0.034846 1.254846 -0.475454
v 0.035355 1.251156 -0.478669
v 0.031876 1.251876 -0.160000
v 0.037095 1.251156 -0.164546
v 0.031156 1.257095 -0.164546
v 0.035355 1.251155 -0.161331
v 0.034100 1.254100 -0.161921
v 0.034846 1.254846 -0.164546
v 0.031156 1.255355 -0.161331
v 0.045080 1.220000 -0.480000
v 0.048260 1.224200 -0.475454
v 0.048260 1.215800 -0.475454
v 0.047030 1.222970 -0.478669
v 0.048225 1.220000 -0.478079
v 0.049279 1.220000 -0.475454
v 0.047030 1.217030 -0.478669
v 0.045080 1.220000 -0.160000
v 0.048260 1.215800 -0.164546
v 0.048260 1.224200 -0.164546
v 0.047030 1.217030 -0.161331
v 0.048225 1.220000 -0.161921
v 0.049279 1.220000 -0.164546
v 0.047030 1.222970 -0.161331
v 0.031876 1.188124 -0.480000
v 0.037095 1.188844 -0.475454
v 0.031156 1.182905 -0.475454
v 0.035355 1.188845 -0.478669
v 0.034100 1.185900 -0.478079
v 0.034846 1.185154 -0.475454
v 0.031156 1.184645 -0.478669
v 0.031876 1.188124 -0.160000
v 0.031156 1.182905 -0.164546
v 0.037095 1.188844 -0.164546
v 0.031156 1.184645 -0.161331
v 0.034100 1.185900 -0.161921
v 0.034846 1.185154 -0.164546
v 0.035355 1.188844 -0.161331
v 0.000000 1.174920 -0.480000
v 0.004200 1.171740 -0.475454
v -0.004200 1.171740 -0.475454
v 0.002460 1.172460 -0.478669
v 0.000000 1.171625 -0.478079
v 0.000000 1.171019 -0.475454
v -0.002460 1.172460 -0.478669
v 0.000000 1.174920 -0.160000
v -0.004200 1.171740 -0.164546
v 0.004200 1.171740 -0.164546
v -0.002460 1.172460 -0.161331
v -0.000000 1.171625 -0.161921
v -0.000000 1.171019 -0.164546
v 0.002460 1.172460 -0.161331
v -0.031876 1.188124 -0.480000
v -0.031156 1.182905 -0.475454
v -0.037095 1.188844 -0.475454
v -0.031156 1.184645 -0.478669
v -0.034100 1.185900 -0.478079
v -0.034846 1.185154 -0.475454
v -0.035355 1.188844 -0.478669
v -0.031876 1.188124 -0.160000
v -0.037095 1.188844 -0.164546
v -0.031156 1.182905 -0.164546
v -0.035355 1.188845 -0.161331
v -0.034100 1.185900 -0.161921
v -0.034846 1.185154 -0.164546
v -0.031156 1.184645 -0.161331
v -0.045080 1.220000 -0.480000
v -0.048260 1.215800 -0.475454
v -0.048260 1.224200 -0.475454
v -0.047030 1.217030 -0.478669
v -0.048225 1.220000 -0.478079
v -0.049279 1.220000 -0.475454
v -0.047030 1.222970 -0.478669
v -0.045080 1.220000 -0.160000
v -0.048260 1.224200 -0.164546
v -0.048260 1.215800 -0.164546
v -0.047030 1.222970 -0.161331
v -0.048225 1.220000 -0.161921
v -0.049279 1.220000 -0.164546
v -0.047030 1.217030 -0.161331
v -0.031876 1.251876 -0.480000
v -0.037095 1.251156 -0.475454
v -0.031156 1.257095 -0.475454
v -0.035355 1.251155 -0.478669
v -0.034100 1.254100 -0.478079
v -0.034846 1.254846 -0.475454
v -0.031156 1.255355 -0.478669
v -0.031876 1.251876 -0.160000
v -0.031156 1.257095 -0.164546
v -0.037095 1.251156 -0.164546
v -0.031156 1.255355 -0.161331
v -0.034100 1.254100 -0.161921
v -0.034846 1.254846 -0.164546
v -0.035355 1.251156 -0.161331
v 0.160000 1.265080 -0.480000
v 0.155800 1.268260 -0.475454
v 0.164200 1.268260 -0.475454
v 0.157540 1.267540 -0.478669
v 0.160000 1.268375 -0.478079
v 0.160000 1.268981 -0.475454
v 0.162460 1.267540 -0.478669
v 0.160000 1.265080 -0.160000
v 0.164200 1.268260 -0.164546
v 0.155800 1.268260 -0.164546
v 0.162460 1.267540 -0.161331
v 0.160000 1.268375 -0.161921
v 0.160000 1.268981 -0.164546
v 0.157540 1.267540 -0.161331
v 0.191876 1.251876 -0.480000
v 0.191156 1.257095 -0.475454
v 0.197095 1.251156 -0.475454
v 0.191156 1.255355 -0.478669
v 0.194100 1.254100 -0.478079
v 0.194846 1.254846 -0.475454
v 0.195355 1.251156 -0.478669
v 0.191876 1.251876 -0.160000
v 0.197095 1.251156 -0.164546
v 0.191156 1.257095 -0.164546
v 0.195355 1.251155 -0.161331
v 0.194100 1.254100 -0.161921
v 0.194846 1.254846 -0.164546
v 0.191156 1.255355 -0.161331
v 0.205080 1.220000 -0.480000
v 0.208260 1.224200 -0.475454
v 0.208260 1.215800 -0.475454
v 0.207540 1.222460 -0.478669
v 0.208375 1.220000 -0.478079
v 0.208981 1.220000 -0.475454
v 0.207540 1.217540 -0.478669
v 0.205080 1.220000 -0.160000
v 0.208260 1.215800 -0.164546
v 0.208260 1.224200 -0.164546
v 0.207540 1.217540 -0.161331
v 0.208375 1.220000 -0.161921
v 0.208981 1.220000 -0.164546
v 0.207540 1.222460 -0.161331
v 0.191876 1.188124 -0.480000
v 0.197095 1.188844 -0.475454
v 0.191156 1.182905 -0.475454
v 0.195355 1.188845 -0.478669
v 0.194100 1.185900 -0.478079
v 0.194846 1.185154 -0.475454
v 0.191156 1.184645 -0.478669
v 0.191876 1.188124 -0.160000
v 0.191156 1.182905 -0.164546
v 0.197095 1.188844 -0.164546
v 0.191156 1.184645 -0.161331
v 0.194100 1.185900 -0.161921
v 0.194846 1.185154 -0.164546
v 0.195355 1.188844 -0.161331
v 0.160000 1.174920 -0.480000
v 0.164200 1.171740 -0.475454
v 0.155800 1.171740 -0.475454
v 0.162460 1.172460 -0.478669
v 0.160000 1.171625 -0.478079
v 0.160000 1.171019 -0.475454
v 0.157540 1.172460 -0.478669
v 0.160000 1.174920 -0.160000
v 0.155800 1.171740 -0.164546
v 0.164200 1.171740 -0.164546
v 0.157540 1.172460 -0.161331
v 0.160000 1.171625 -0.161921
v 0.160000 1.171019 -0.164546
v 0.162460 1.172460 -0.161331
v 0.128124 1.188124 -0.480000
v 0.128844 1.182905 -0.475454
v 0.122905 1.188844 -0.475454
v 0.128844 1.184645 -0.478669
v 0.125900 1.185900 -0.478079
v 0.125154 1.185154 -0.475454
v 0.124645 1.188844 -0.478669
v 0.128124 1.188124 -0.160000
v 0.122905 1.188844 -0.164546
v 0.128844 1.182905 -0.164546
v 0.124645 1.188845 -0.161331
v 0.125900 1.185900 -0.161921
v 0.125154 1.185154 -0.164546
v 0.128844 1.184645 -0.161331
v 0.114920 1.220000 -0.480000
v 0.111740 1.215800 -0.475454
v 0.111740 1.224200 -0.475454
v 0.112460 1.217540 -0.478669
v 0.111625 1.220000 -0.478079
v 0.111019 1.220000 -0.475454
v 0.112460 1.222460 -0.478669
v 0.114920 1.220000 -0.160000
v 0.111740 1.224200 -0.164546
v 0.111740 1.215800 -0.164546
v 0.112460 1.222460 -0.161331
v 0.111625 1.220000 -0.161921
v 0.111019 1.220000 -0.164546
v 0.112460 1.217540 -0.161331
v 0.128124 1.251876 -0.480000
v 0.122905 1.251156 -0.475454
v 0.128844 1.257095 -0.475454
v 0.124645 1.251155 -0.478669
v 0.125900 1.254100 -0.478079
v 0.125154 1.254846 -0.475454
v 0.128844 1.255355 -0.478669
v 0.128124 1.251876 -0.160000
v 0.128844 1.257095 -0.164546
v 0.122905 1.251156 -0.164546
v 0.128844 1.255355 -0.161331
v 0.125900 1.254100 -0.161921
v 0.125154 1.254846 -0.164546
v 0.124645 1.251156 -0.161331
v 0.324546 0.890000 0.255454
v 0.324546 0.894546 0.260000
v 0.320000 0.894546 0.255454
v 0.324546 0.891331 0.258669
v 0.321921 0.891921 0.258079
v 0.321331 0.894546 0.258669
v 0.321331 0.891331 0.255454
v 0.324546 1.305454 0.260000
v 0.324546 1.310000 0.255454
v 0.320000 1.305454 0.255454
v 0.324546 1.308669 0.258669
v 0.321921 1.308079 0.258079
v 0.321331 1.308669 0.255454
v 0.321331 1.305454 0.258669
v 0.324546 0.890000 0.184546
v 0.320000 0.894546 0.184546
v 0.324546 0.894546 0.180000
v 0.321331 0.891331 0.184546
v 0.321921 0.891921 0.181921
v 0.321331 0.894546 0.181331
v 0.324546 0.891331 0.181331
v 0.324546 1.310000 0.184546
v 0.324546 1.305454 0.180000
v 0.320000 1.305454 0.184546
v 0.324546 1.308669 0.181331
v 0.321921 1.308079 0.181921
v 0.321331 1.305454 0.181331
v 0.321331 1.308669 0.184546
v 0.635454 0.890000 0.255454
v 0.640000 0.894546 0.255454
v 0.635454 0.894546 0.260000
v 0.638669 0.891331 0.255454
v 0.638079 0.891921 0.258079
v 0.638669 0.894546 0.258669
v 0.635454 0.891331 0.258669
v 0.635454 1.310000 0.255454
v 0.635454 1.305454 0.260000
v 0.640000 1.305454 0.255454
v 0.635454 1.308669 0.258669
v 0.638079 1.308079 0.258079
v 0.638669 1.305454 0.258669
v 0.638669 1.308669 0.255454
v 0.635454 0.890000 0.184546
v 0.635454 0.894546 0.180000
v 0.640000 0.894546 0.184546
v 0.635454 0.891331 0.181331
v 0.638079 0.891921 0.181921
v 0.638669 0.894546 0.181331
v 0.638669 0.891331 0.184546
v 0.635454 1.310000 0.184546
v 0.640000 1.305454 0.184546
v 0.635454 1.305454 0.180000
v 0.638669 1.308669 0.184546
v 0.638079 1.308079 0.181921
v 0.638669 1.305454 0.181331
v 0.635454 1.308669 0.181331
v 0.580000 0.200000 0.014920
v 0.575800 0.204546 0.011740
v 0.584200 0.204546 0.011740
v 0.577030 0.201331 0.012970
v 0.580000 0.201921 0.011775
v 0.580000 0.204546 0.010721
v 0.582970 0.201331 0.012970
v 0.580000 2.100000 0.014920
v 0.584200 2.095454 0.011740
v 0.575800 2.095454 0.011740
v 0.582970 2.098669 0.012970
v 0.580000 2.098079 0.011775
v 0.580000 2.095454 0.010721
v 0.577030 2.098669 0.012970
v 0.597734 0.200000 0.022266
v 0.597013 0.204546 0.017047
v 0.602953 0.204546 0.022986
v 0.597734 0.201331 0.018787
v 0.600064 0.201921 0.019936
v 0.600493 0.204546 0.019507
v 0.601213 0.201331 0.022266
v 0.597734 2.100000 0.022266
v 0.602953 2.095454 0.022986
v 0.597013 2.095454 0.017047
v 0.601213 2.098669 0.022266
v 0.600064 2.098079 0.019936
v 0.600493 2.095454 0.019507
v 0.597734 2.098669 0.018787
v 0.605080 0.200000 0.040000
v 0.608260 0.204546 0.035800
v 0.608260 0.204546 0.044200
v 0.607540 0.201331 0.037540
v 0.608375 0.201921 0.040000
v 0.608981 0.204546 0.040000
v 0.607540 0.201331 0.042460
v 0.605080 2.100000 0.040000
v 0.608260 2.095454 0.044200
v 0.608260 2.095454 0.035800
v 0.607030 2.098669 0.042970
v 0.608225 2.098079 0.040000
v 0.609279 2.095454 0.040000
v 0.607030 2.098669 0.037030
v 0.597734 0.200000 0.057734
v 0.602953 0.204546 0.057014
v 0.597013 0.204546 0.062953
v 0.601213 0.201331 0.057734
v 0.600064 0.201921 0.060064
v 0.600493 0.204546 0.060493
v 0.597734 0.201331 0.061213
v 0.597734 2.100000 0.057734
v 0.597013 2.095454 0.062953
v 0.602953 2.095454 0.057014
v 0.597734 2.098669 0.061213
v 0.600064 2.098079 0.060064
v 0.600493 2.095454 0.060493
v 0.601213 2.098669 0.057734
v 0.580000 0.200000 0.065080
v 0.584200 0.204546 0.068260
v 0.575800 0.204546 0.068260
v 0.582970 0.201331 0.067030
v 0.580000 0.201921 0.068225
v 0.580000 0.204546 0.069279
v 0.577030 0.201331 0.067030
v 0.580000 2.100000 0.065080
v 0.575800 2.095454 0.068260
v 0.584200 2.095454 0.068260
v 0.577030 2.098669 0.067030
v 0.580000 2.098079 0.068225
v 0.580000 2.095454 0.069279
v 0.582970 2.098669 0.067030
v 0.562266 0.200000 0.057734
v 0.562986 0.204546 0.062953
v 0.557047 0.204546 0.057014
v 0.562266 0.201331 0.061213
v 0.559936 0.201921 0.060064
v 0.559507 0.204546 0.060493
v 0.558787 0.201331 0.057734
v 0.562266 2.100000 0.057734
v 0.557047 2.095454 0.057014
v 0.562986 2.095454 0.062953
v 0.558787 2.098669 0.057734
v 0.559936 2.098079 0.060064
v 0.559507 2.095454 0.060493
v 0.562266 2.098669 0.061213
v 0.554920 0.200000 0.040000
v 0.551740 0.204546 0.044200
v 0.551740 0.204546 0.035800
v 0.552460 0.201331 0.042460
v 0.551625 0.201921 0.040000
v 0.551019 0.204546 0.040000
v 0.552460 0.201331 0.037540
v 0.554920 2.100000 0.040000
v 0.551740 2.095454 0.035800
v 0.551740 2.095454 0.044200
v 0.552460 2.098669 0.037540
v 0.551625 2.098079 0.040000
v 0.551019 2.095454 0.040000
v 0.552460 2.098669 0.042460
v 0.562266 0.200000 0.022266
v 0.557047 0.204546 0.022986
v 0.562986 0.204546 0.017047
v 0.558787 0.201331 0.022266
v 0.559936 0.201921 0.019936
v 0.559507 0.204546 0.019507
v 0.562266 0.201331 0.018787
v 0.562266 2.100000 0.022266
v 0.562986 2.095454 0.017047
v 0.557047 2.095454 0.022986
v 0.562266 2.098669 0.018787
v 0.559936 2.098079 0.019936
v 0.559507 2.095454 0.019507
v 0.558787 2.098669 0.022266
vn -0.0000 0.6913 -0.7226
vn 0.4642 0.3718 -0.8040
vn -0.0000 0.3717 -0.9283
vn -0.0000 0.9122 -0.4097
vn -0.0000 1.0000 -0.0000
vn 0.2049 0.9122 -0.3548
vn -0.0000 -1.0000 -0.0000
vn -0.0000 -0.9122 -0.4097
vn 0.2049 -0.9122 -0.3548
vn -0.0000 -0.6913 -0.7226
vn 0.4642 -0.3718 -0.8040
vn 0.3613 -0.6913 -0.6258
vn 0.5000 -0.0000 -0.8660
vn -0.0000 -0.0000 -1.0000
vn 0.3613 0.6913 -0.6258
vn -0.0000 -0.3718 -0.9283
vn 0.6258 -0.6913 -0.3613
vn 0.8660 -0.0000 -0.5000
vn 0.6258 0.6913 -0.3613
vn 0.3548 -0.9122 -0.2049
vn 0.8040 -0.3718 -0.4642
vn 0.8040 0.3718 -0.4642
vn 0.3548 0.9122 -0.2049
vn 0.4097 -0.9122 -0.0000
vn 0.9283 -0.3718 -0.0000
vn 0.9283 0.3718 -0.0000
vn 0.4097 0.9122 -0.0000
vn 0.7226 -0.6913 -0.0000
vn 1.0000 -0.0000 -0.0000
vn 0.7226 0.6913 -0.0000
vn 0.8040 -0.3718 0.4642
vn 0.6258 0.6913 0.3613
vn 0.8040 0.3718 0.4642
vn 0.3548 0.9122 0.2049
vn 0.3548 -0.9122 0.2049
vn 0.6258 -0.6913 0.3613
vn 0.8660 -0.0000 0.5000
vn 0.2049 -0.9122 0.3548
vn 0.4642 -0.3718 0.8040
vn 0.3613 -0.6913 0.6258
vn 0.5000 -0.0000 0.8660
vn 0.2049 0.9122 0.3548
vn 0.3613 0.6913 0.6258
vn 0.4642 0.3718 0.8040
vn -0.0000 0.3718 0.9283
vn -0.0000 -0.0000 1.0000
vn -0.0000 0.9122 0.4097
vn -0.0000 0.6913 0.7226
vn -0.0000 -0.9122 0.4097
vn -0.0000 -0.3718 0.9283
vn -0.0000 -0.6913 0.7226
vn -0.3613 -0.6913 0.6258
vn -0.2049 -0.9122 0.3548
vn -0.5000 -0.0000 0.8660
vn -0.4642 -0.3718 0.8040
vn -0.3613 0.6913 0.6258
vn -0.4642 0.3718 0.8040
vn -0.2049 0.9122 0.3548
vn -0.8040 0.3718 0.4642
vn -0.3548 0.9122 0.2049
vn -0.3548 -0.9122 0.2049
vn -0.6258 -0.6913 0.3613
vn -0.8660 -0.0000 0.5000
vn -0.6258 0.6913 0.3613
vn -0.8040 -0.3718 0.4642
vn -0.4097 -0.9122 -0.0000
vn -0.9283 -0.3718 -0.0000
vn -0.7226 -0.6913 -0.0000
vn -1.0000 -0.0000 -0.0000
vn -0.4097 0.9122 -0.0000
vn -0.7226 0.6913 -0.0000
vn -0.9283 0.3718 -0.0000
vn -0.3548 0.9122 -0.2049
vn -0.6258 0.6913 -0.3613
vn -0.3548 -0.9122 -0.2049
vn -0.8040 -0.3718 -0.4642
vn -0.8040 0.3718 -0.4642
vn -0.6258 -0.6913 -0.3613
vn -0.8660 -0.0000 -0.5000
vn -0.2049 -0.9122 -0.3548
vn -0.5000 -0.0000 -0.8660
vn -0.4642 -0.3718 -0.8040
vn -0.3613 0.6913 -0.6258
vn -0.4642 0.3718 -0.8040
vn -0.2049 0.9122 -0.3548
vn -0.3613 -0.6913 -0.6258
vn -0.0000 0.3718 -0.9283
vn 0.2048 -0.9122 0.3548
vn 0.2048 0.9122 0.3548
vn -0.9283 0.3717 -0.0000
vn -0.9283 -0.3717 -0.0000
vn 0.2048 -0.9122 -0.3548
vn 0.9283 -0.3717 -0.0000
vn 0.9283 0.3717 -0.0000
vn -0.0000 0.9099 -0.4149
vn 0.2439 0.9099 -0.3357
vn -0.0000 -0.9099 -0.4149
vn 0.2439 -0.9099 -0.3357
vn 0.3946 0.9099 -0.1282
vn 0.3946 -0.9099 -0.1282
vn 0.3946 0.9099 0.1282
vn 0.3946 -0.9099 0.1282
vn 0.2439 0.9099 0.3357
vn 0.2439 -0.9099 0.3357
vn -0.0000 -0.9099 0.4149
vn -0.0000 0.9099 0.4149
vn -0.2439 0.9099 0.3357
vn -0.2439 -0.9099 0.3357
vn -0.3946 0.9099 0.1282
vn -0.3946 -0.9099 0.1282
vn -0.3946 0.9099 -0.1282
vn -0.3946 -0.9099 -0.1282
vn -0.2439 -0.9099 -0.3357
vn -0.2439 0.9099 -0.3357
vn -0.0000 0.4291 -0.9032
vn 0.2690 0.6175 -0.7391
vn 0.3089 0.4291 -0.8488
vn -0.0000 -0.8961 -0.4439
vn 0.0801 -0.9722 -0.2201
vn -0.0000 -0.9722 -0.2343
vn 0.3336 0.2199 -0.9167
vn -0.0000 0.2199 -0.9755
vn 0.3420 -0.0000 -0.9397
vn 0.3336 -0.2199 -0.9167
vn -0.0000 -0.2199 -0.9755
vn -0.0000 0.9722 -0.2343
vn 0.0801 0.9722 -0.2201
vn 0.3089 -0.4291 -0.8488
vn -0.0000 -0.4291 -0.9032
vn 0.1518 0.8961 -0.4171
vn -0.0000 0.8961 -0.4439
vn 0.2690 -0.6175 -0.7391
vn -0.0000 -0.6175 -0.7866
vn 0.2158 0.7758 -0.5929
vn -0.0000 0.7758 -0.6310
vn 0.2158 -0.7758 -0.5929
vn -0.0000 -0.7758 -0.6310
vn -0.0000 0.6175 -0.7866
vn 0.1518 -0.8961 -0.4171
vn 0.6271 0.2199 -0.7473
vn 0.1506 -0.9722 -0.1795
vn 0.6428 -0.0000 -0.7660
vn 0.6271 -0.2199 -0.7473
vn 0.1506 0.9722 -0.1795
vn 0.5806 -0.4291 -0.6919
vn 0.2853 0.8961 -0.3400
vn 0.5056 -0.6175 -0.6025
vn 0.4056 0.7758 -0.4833
vn 0.4056 -0.7758 -0.4833
vn 0.5056 0.6175 -0.6025
vn 0.2853 -0.8961 -0.3400
vn 0.5806 0.4291 -0.6919
vn 0.2029 -0.9722 -0.1171
vn 0.8448 0.2199 -0.4878
vn 0.8448 -0.2199 -0.4878
vn 0.2029 0.9722 -0.1171
vn 0.7822 -0.4291 -0.4516
vn 0.3844 0.8961 -0.2219
vn 0.6812 -0.6175 -0.3933
vn 0.5464 0.7758 -0.3155
vn 0.5464 -0.7758 -0.3155
vn 0.6812 0.6175 -0.3933
vn 0.3844 -0.8961 -0.2219
vn 0.7822 0.4291 -0.4516
vn 0.9848 -0.0000 -0.1736
vn 0.9607 -0.2199 -0.1694
vn 0.2307 0.9722 -0.0407
vn 0.8895 -0.4291 -0.1568
vn 0.4371 0.8961 -0.0771
vn 0.7746 -0.6175 -0.1366
vn 0.6214 0.7758 -0.1096
vn 0.6214 -0.7758 -0.1096
vn 0.7746 0.6175 -0.1366
vn 0.4371 -0.8961 -0.0771
vn 0.8895 0.4291 -0.1568
vn 0.2307 -0.9722 -0.0407
vn 0.9607 0.2199 -0.1694
vn 0.9607 -0.2199 0.1694
vn 0.2307 0.9722 0.0407
vn 0.8895 -0.4291 0.1569
vn 0.4371 0.8961 0.0771
vn 0.7746 -0.6175 0.1366
vn 0.6214 0.7758 0.1096
vn 0.6214 -0.7758 0.1096
vn 0.7746 0.6175 0.1366
vn 0.4371 -0.8961 0.0771
vn 0.8895 0.4291 0.1569
vn 0.2307 -0.9722 0.0407
vn 0.9607 0.2199 0.1694
vn 0.9848 -0.0000 0.1736
vn 0.2029 0.9722 0.1171
vn 0.8448 -0.2199 0.4878
vn 0.7822 -0.4291 0.4516
vn 0.3844 0.8961 0.2219
vn 0.6812 -0.6175 0.3933
vn 0.5464 0.7758 0.3155
vn 0.5464 -0.7758 0.3155
vn 0.6812 0.6175 0.3933
vn 0.3844 -0.8961 0.2219
vn 0.7822 0.4291 0.4516
vn 0.2029 -0.9722 0.1171
vn 0.8448 0.2199 0.4878
vn 0.6271 -0.2199 0.7473
vn 0.5806 -0.4291 0.6919
vn 0.1506 0.9722 0.1795
vn 0.2853 0.8961 0.3400
vn 0.5056 -0.6175 0.6025
vn 0.4056 0.7758 0.4833
vn 0.4056 -0.7758 0.4833
vn 0.5056 0.6175 0.6025
vn 0.2853 -0.8961 0.3400
vn 0.5806 0.4291 0.6919
vn 0.1506 -0.9722 0.1795
vn 0.6271 0.2199 0.7473
vn 0.6428 -0.0000 0.7660
vn 0.0801 0.9722 0.2201
vn 0.1518 0.8961 0.4171
vn 0.2690 -0.6175 0.7391
vn 0.2158 0.7758 0.5929
vn 0.2158 -0.7758 0.5929
vn 0.2690 0.6175 0.7391
vn 0.1518 -0.8961 0.4171
vn 0.3089 0.4291 0.8488
vn 0.0801 -0.9722 0.2201
vn 0.3336 0.2199 0.9167
vn 0.3420 -0.0000 0.9397
vn 0.3337 -0.2199 0.9167
vn 0.3089 -0.4291 0.8488
vn -0.0000 -0.6175 0.7866
vn -0.0000 0.7758 0.6310
vn -0.0000 -0.7758 0.6310
vn -0.0000 0.6175 0.7866
vn -0.0000 -0.8961 0.4439
vn -0.0000 0.4291 0.9033
vn -0.0000 -0.9722 0.2343
vn -0.0000 0.2199 0.9755
vn -0.0000 -0.2199 0.9755
vn -0.0000 0.9722 0.2343
vn -0.0000 -0.4291 0.9032
vn -0.0000 0.8961 0.4439
vn -0.2158 -0.7758 0.5929
vn -0.2690 0.6175 0.7391
vn -0.1518 -0.8961 0.4171
vn -0.3089 0.4291 0.8488
vn -0.0801 -0.9722 0.2201
vn -0.3336 0.2199 0.9167
vn -0.3420 -0.0000 0.9397
vn -0.3336 -0.2199 0.9167
vn -0.0801 0.9722 0.2201
vn -0.3089 -0.4291 0.8488
vn -0.1518 0.8961 0.4171
vn -0.2690 -0.6175 0.7391
vn -0.2158 0.7758 0.5929
vn -0.5056 0.6175 0.6025
vn -0.2853 -0.8961 0.3400
vn -0.5806 0.4291 0.6919
vn -0.1506 -0.9722 0.1795
vn -0.6271 0.2199 0.7473
vn -0.6428 -0.0000 0.7660
vn -0.6271 -0.2199 0.7473
vn -0.1506 0.9722 0.1795
vn -0.5806 -0.4291 0.6919
vn -0.2853 0.8961 0.3400
vn -0.5056 -0.6175 0.6025
vn -0.4056 0.7758 0.4833
vn -0.4056 -0.7758 0.4833
vn -0.3844 -0.8961 0.2219
vn -0.7822 0.4291 0.4516
vn -0.2029 -0.9722 0.1171
vn -0.8448 0.2199 0.4878
vn -0.8448 -0.2199 0.4878
vn -0.2029 0.9722 0.1171
vn -0.7822 -0.4291 0.4516
vn -0.3844 0.8961 0.2219
vn -0.6812 -0.6175 0.3933
vn -0.5464 0.7758 0.3155
vn -0.5464 -0.7758 0.3155
vn -0.6812 0.6175 0.3933
vn -0.7746 0.6175 0.1366
vn -0.8895 0.4291 0.1568
vn -0.2307 -0.9722 0.0407
vn -0.9607 0.2199 0.1694
vn -0.9848 -0.0000 0.1736
vn -0.9607 -0.2199 0.1694
vn -0.2307 0.9722 0.0407
vn -0.8895 -0.4291 0.1568
vn -0.4371 0.8961 0.0771
vn -0.7746 -0.6175 0.1366
vn -0.6214 0.7758 0.1096
vn -0.6214 -0.7758 0.1096
vn -0.4371 -0.8961 0.0771
vn -0.2307 -0.9722 -0.0407
vn -0.9607 0.2199 -0.1694
vn -0.9848 -0.0000 -0.1736
vn -0.9607 -0.2199 -0.1694
vn -0.2307 0.9722 -0.0407
vn -0.8895 -0.4291 -0.1568
vn -0.4371 0.8961 -0.0771
vn -0.7746 -0.6175 -0.1366
vn -0.6214 0.7758 -0.1096
vn -0.6214 -0.7758 -0.1096
vn -0.7746 0.6175 -0.1366
vn -0.4371 -0.8961 -0.0771
vn -0.8895 0.4291 -0.1568
vn -0.2029 -0.9722 -0.1171
vn -0.8448 0.2199 -0.4878
vn -0.8448 -0.2199 -0.4878
vn -0.2029 0.9722 -0.1171
vn -0.7822 -0.4291 -0.4516
vn -0.3844 0.8961 -0.2219
vn -0.6812 -0.6175 -0.3933
vn -0.5464 0.7758 -0.3155
vn -0.5464 -0.7758 -0.3155
vn -0.6812 0.6175 -0.3933
vn -0.3844 -0.8961 -0.2219
vn -0.7822 0.4291 -0.4516
vn -0.6271 0.2199 -0.7473
vn -0.6428 -0.0000 -0.7660
vn -0.6271 -0.2199 -0.7473
vn -0.1506 0.9722 -0.1795
vn -0.5806 -0.4291 -0.6919
vn -0.2853 0.8961 -0.3400
vn -0.5056 -0.6175 -0.6025
vn -0.4056 0.7758 -0.4833
vn -0.4056 -0.7758 -0.4833
vn -0.5056 0.6175 -0.6025
vn -0.2853 -0.8961 -0.3400
vn -0.5806 0.4291 -0.6919
vn -0.1506 -0.9722 -0.1795
vn -0.3337 -0.2199 -0.9167
vn -0.0801 0.9722 -0.2201
vn -0.3089 -0.4291 -0.8488
vn -0.1518 0.8961 -0.4171
vn -0.2690 -0.6175 -0.7391
vn -0.2158 0.7758 -0.5929
vn -0.2158 -0.7758 -0.5929
vn -0.2690 0.6175 -0.7391
vn -0.1518 -0.8961 -0.4171
vn -0.3089 0.4291 -0.8488
vn -0.0801 -0.9722 -0.2201
vn -0.3337 0.2199 -0.9167
vn -0.3420 -0.0000 -0.9397
vn -0.1794 -0.9673 0.1794
vn -0.3250 -0.8881 0.3250
vn -0.3790 -0.9152 0.1369
vn -0.1794 -0.1794 0.9673
vn -0.3251 -0.3251 0.8881
vn -0.1368 -0.3791 0.9152
vn -0.9673 -0.1794 0.1794
vn -0.8881 -0.3250 0.3251
vn -0.9152 -0.1368 0.3791
vn -0.1794 0.1794 0.9673
vn -0.3250 0.3251 0.8881
vn -0.3791 0.1369 0.9152
vn -0.1794 0.9673 0.1794
vn -0.3251 0.8881 0.3251
vn -0.1369 0.9152 0.3791
vn -0.9673 0.1794 0.1794
vn -0.8881 0.3251 0.3251
vn -0.9152 0.3791 0.1369
vn -0.1794 -0.9673 -0.1794
vn -0.3250 -0.8881 -0.3251
vn -0.1368 -0.9152 -0.3791
vn -0.9673 -0.1794 -0.1794
vn -0.8881 -0.3251 -0.3251
vn -0.9152 -0.3791 -0.1369
vn -0.1794 -0.1794 -0.9673
vn -0.3251 -0.3251 -0.8881
vn -0.3791 -0.1369 -0.9152
vn -0.1794 0.9673 -0.1794
vn -0.3251 0.8881 -0.3251
vn -0.3792 0.9152 -0.1368
vn -0.1794 0.1794 -0.9673
vn -0.3250 0.3251 -0.8881
vn -0.1368 0.3791 -0.9152
vn -0.9673 0.1794 -0.1794
vn -0.8881 0.3251 -0.3251
vn -0.9152 0.1368 -0.3791
vn 0.1794 -0.9673 0.1794
vn 0.3250 -0.8881 0.3250
vn 0.1369 -0.9152 0.3791
vn 0.9673 -0.1794 0.1794
vn 0.8881 -0.3250 0.3251
vn 0.9152 -0.3791 0.1369
vn 0.1794 -0.1794 0.9673
vn 0.3251 -0.3251 0.8881
vn 0.3791 -0.1369 0.9152
vn 0.1794 0.9673 0.1794
vn 0.3251 0.8881 0.3251
vn 0.3792 0.9152 0.1368
vn 0.1794 0.1794 0.9673
vn 0.3250 0.3251 0.8881
vn 0.1368 0.3791 0.9152
vn 0.9673 0.1794 0.1794
vn 0.8881 0.3251 0.3251
vn 0.9152 0.1368 0.3791
vn 0.1794 -0.9673 -0.1794
vn 0.3250 -0.8881 -0.3251
vn 0.3791 -0.9152 -0.1369
vn 0.1794 -0.1794 -0.9673
vn 0.3251 -0.3251 -0.8881
vn 0.1369 -0.3791 -0.9152
vn 0.9673 -0.1794 -0.1794
vn 0.8881 -0.3251 -0.3251
vn 0.9152 -0.1369 -0.3791
vn 0.1794 0.9673 -0.1794
vn 0.3251 0.8881 -0.3251
vn 0.1369 0.9152 -0.3791
vn 0.9673 0.1794 -0.1794
vn 0.8881 0.3251 -0.3251
vn 0.9152 0.3791 -0.1369
vn 0.1794 0.1794 -0.9673
vn 0.3250 0.3251 -0.8881
vn 0.3791 0.1369 -0.9152
vn -0.3251 -0.8881 0.3251
vn -0.3791 -0.9152 0.1369
vn -0.1369 -0.3791 0.9152
vn -0.8881 -0.3251 0.3251
vn -0.9152 -0.1369 0.3791
vn -0.3251 0.3251 0.8881
vn -0.3251 -0.8881 -0.3251
vn -0.1369 -0.9152 -0.3791
vn -0.3791 0.9152 -0.1369
vn -0.3251 0.3251 -0.8881
vn -0.1369 0.3791 -0.9152
vn -0.9152 0.1369 -0.3791
vn 0.3251 -0.8881 0.3251
vn 0.8881 -0.3251 0.3251
vn 0.3791 0.9152 0.1369
vn 0.3251 0.3251 0.8881
vn 0.1369 0.3791 0.9152
vn 0.9152 0.1369 0.3791
vn 0.3251 -0.8881 -0.3251
vn 0.3251 0.3251 -0.8881
vn 0.5611 0.6806 -0.4710
vn 0.4425 0.6581 -0.6091
vn 0.3433 0.8117 -0.4726
vn 0.2746 0.6806 -0.6792
vn 0.2746 -0.6806 -0.6792
vn 0.4426 -0.6581 -0.6091
vn 0.3433 -0.8117 -0.4726
vn 0.5611 -0.6807 -0.4710
vn 0.7308 0.6807 -0.0513
vn 0.7161 0.6581 -0.2327
vn 0.5555 0.8117 -0.1805
vn 0.6214 0.6806 -0.3881
vn 0.6214 -0.6806 -0.3881
vn 0.7161 -0.6581 -0.2327
vn 0.5555 -0.8117 -0.1805
vn 0.7308 -0.6807 -0.0513
vn 0.6214 0.6807 0.3881
vn 0.7161 0.6581 0.2327
vn 0.5555 0.8117 0.1805
vn 0.7308 0.6806 0.0513
vn 0.7308 -0.6806 0.0513
vn 0.7161 -0.6581 0.2327
vn 0.5555 -0.8117 0.1805
vn 0.6214 -0.6806 0.3881
vn 0.2746 0.6806 0.6792
vn 0.4426 0.6581 0.6091
vn 0.3433 0.8117 0.4726
vn 0.5611 0.6806 0.4710
vn 0.5611 -0.6806 0.4710
vn 0.4426 -0.6581 0.6091
vn 0.3433 -0.8117 0.4726
vn 0.2746 -0.6806 0.6792
vn -0.1771 0.6806 0.7109
vn -0.0000 0.6581 0.7529
vn -0.0000 0.8117 0.5841
vn 0.1771 0.6806 0.7109
vn 0.1771 -0.6806 0.7109
vn -0.0000 -0.6581 0.7529
vn -0.0000 -0.8117 0.5841
vn -0.1771 -0.6806 0.7109
vn -0.5611 0.6807 0.4710
vn -0.4426 0.6581 0.6091
vn -0.3433 0.8117 0.4726
vn -0.2746 0.6806 0.6792
vn -0.2746 -0.6806 0.6792
vn -0.4426 -0.6581 0.6091
vn -0.3433 -0.8117 0.4726
vn -0.5611 -0.6807 0.4710
vn -0.7308 0.6807 0.0512
vn -0.7161 0.6581 0.2327
vn -0.5555 0.8117 0.1805
vn -0.6214 0.6806 0.3881
vn -0.6214 -0.6806 0.3881
vn -0.7161 -0.6581 0.2327
vn -0.5555 -0.8117 0.1805
vn -0.7308 -0.6807 0.0512
vn -0.6214 0.6806 -0.3881
vn -0.7161 0.6581 -0.2327
vn -0.5555 0.8117 -0.1805
vn -0.7308 0.6806 -0.0513
vn -0.7308 -0.6806 -0.0512
vn -0.7161 -0.6581 -0.2327
vn -0.5555 -0.8117 -0.1805
vn -0.6214 -0.6807 -0.3881
vn -0.2746 0.6806 -0.6792
vn -0.4426 0.6581 -0.6091
vn -0.3433 0.8117 -0.4726
vn -0.5611 0.6806 -0.4710
vn -0.5611 -0.6806 -0.4710
vn -0.4426 -0.6581 -0.6091
vn -0.3433 -0.8117 -0.4726
vn -0.2746 -0.6806 -0.6792
vn 0.1771 0.6806 -0.7109
vn -0.0000 0.6581 -0.7529
vn -0.0000 0.8117 -0.5841
vn -0.1771 0.6806 -0.7109
vn -0.1771 -0.6806 -0.7109
vn -0.0000 -0.6581 -0.7529
vn -0.0000 -0.8117 -0.5841
vn 0.1771 -0.6806 -0.7109
vn 0.7308 0.6807 -0.0512
vn -0.7308 0.6806 -0.0512
vn 0.6764 0.4674 -0.5692
vn 0.5309 0.4293 -0.7307
vn 0.4325 0.6771 -0.5953
vn 0.3323 0.4674 -0.8192
vn 0.3323 -0.4674 -0.8192
vn 0.5309 -0.4293 -0.7307
vn 0.4325 -0.6771 -0.5953
vn 0.6764 -0.4674 -0.5692
vn 0.8818 0.4674 -0.0629
vn 0.8590 0.4293 -0.2791
vn 0.6998 0.6771 -0.2274
vn 0.7504 0.4674 -0.4674
vn 0.7504 -0.4674 -0.4674
vn 0.8590 -0.4293 -0.2791
vn 0.6998 -0.6771 -0.2274
vn 0.8818 -0.4674 -0.0629
vn 0.7504 0.4674 0.4674
vn 0.8590 0.4293 0.2791
vn 0.6998 0.6771 0.2274
vn 0.8818 0.4674 0.0629
vn 0.8818 -0.4674 0.0629
vn 0.8590 -0.4293 0.2791
vn 0.6998 -0.6771 0.2274
vn 0.7504 -0.4674 0.4674
vn 0.3323 0.4674 0.8192
vn 0.5309 0.4293 0.7307
vn 0.4325 0.6771 0.5953
vn 0.6764 0.4674 0.5692
vn 0.6764 -0.4674 0.5692
vn 0.5309 -0.4293 0.7307
vn 0.4325 -0.6771 0.5953
vn 0.3323 -0.4674 0.8192
vn -0.2126 0.4674 0.8581
vn -0.0000 0.4293 0.9032
vn -0.0000 0.6771 0.7359
vn 0.2126 0.4674 0.8581
vn 0.2126 -0.4674 0.8581
vn -0.0000 -0.4293 0.9032
vn -0.0000 -0.6771 0.7359
vn -0.2126 -0.4674 0.8581
vn -0.6764 0.4674 0.5692
vn -0.5309 0.4293 0.7307
vn -0.4325 0.6771 0.5953
vn -0.3323 0.4674 0.8192
vn -0.3323 -0.4674 0.8192
vn -0.5309 -0.4293 0.7307
vn -0.4325 -0.6771 0.5953
vn -0.6764 -0.4674 0.5692
vn -0.8818 0.4674 0.0629
vn -0.8590 0.4293 0.2791
vn -0.6998 0.6771 0.2274
vn -0.7504 0.4674 0.4674
vn -0.7504 -0.4674 0.4674
vn -0.8590 -0.4293 0.2791
vn -0.6998 -0.6771 0.2274
vn -0.8818 -0.4674 0.0629
vn -0.7504 0.4674 -0.4674
vn -0.8590 0.4293 -0.2791
vn -0.6998 0.6771 -0.2274
vn -0.8818 0.4674 -0.0629
vn -0.8818 -0.4674 -0.0629
vn -0.8590 -0.4293 -0.2791
vn -0.6998 -0.6772 -0.2274
vn -0.7504 -0.4674 -0.4674
vn -0.3323 0.4674 -0.8192
vn -0.5309 0.4293 -0.7307
vn -0.4325 0.6771 -0.5953
vn -0.6764 0.4674 -0.5692
vn -0.6764 -0.4674 -0.5692
vn -0.5309 -0.4293 -0.7307
vn -0.4325 -0.6771 -0.5953
vn -0.3324 -0.4674 -0.8192
vn 0.2126 0.4674 -0.8581
vn -0.0000 0.4293 -0.9032
vn -0.0000 0.6771 -0.7358
vn -0.2126 0.4674 -0.8581
vn -0.2126 -0.4674 -0.8581
vn -0.0000 -0.4293 -0.9032
vn -0.0000 -0.6771 -0.7358
vn 0.2126 -0.4674 -0.8581
vn -0.0000 -0.6771 0.7358
vn -0.6998 -0.6771 -0.2274
vn -0.0000 0.6771 -0.7359
vn -0.3251 -0.3250 0.8881
vn -0.3251 0.3250 0.8881
vn -0.8881 0.3250 0.3251
vn -0.3250 -0.8881 -0.3250
vn -0.8881 -0.3250 -0.3250
vn -0.9152 -0.3790 -0.1369
vn 0.1368 -0.9152 0.3791
vn 0.3251 -0.3250 0.8881
vn 0.3251 0.3250 0.8881
vn 0.8881 0.3250 0.3251
vn 0.3250 -0.8881 -0.3250
vn 0.3790 -0.9152 -0.1369
vn 0.8881 -0.3250 -0.3251
vn -0.3250 -0.8881 0.3251
vn -0.8881 0.3250 0.3250
vn -0.9152 0.3791 0.1368
vn -0.8881 -0.3251 -0.3250
vn -0.9152 -0.3791 -0.1368
vn 0.3250 -0.8881 0.3251
vn 0.8881 -0.3251 0.3250
vn 0.8881 0.3251 0.3250
vn 0.8881 -0.3251 -0.3250
vn 0.8881 0.3251 -0.3250
vn -0.8881 -0.3250 -0.3251
vn 0.3250 -0.3251 -0.8881
vn -0.8881 -0.3251 0.3250
vn -0.8881 0.3251 0.3250
vn -0.3250 -0.3251 -0.8881
vn -0.8881 0.3251 -0.3250
vn 0.8881 0.3250 -0.3251
vn 0.9152 -0.3791 0.1368
vn 0.8881 0.3250 0.3250
vn 0.9152 0.3791 -0.1368
vn 0.8881 -0.3250 0.3250
vn -0.0000 -0.9688 -0.2480
vn -0.0000 -0.8700 -0.4931
vn 0.0365 -0.9075 -0.4185
vn -0.0000 -0.1414 -0.9899
vn -0.1836 -0.3224 -0.9286
vn -0.1923 -0.1816 -0.9644
vn 0.1836 -0.3224 -0.9286
vn 0.1923 -0.1816 -0.9644
vn -0.0000 0.9688 -0.2480
vn -0.0000 0.8700 -0.4931
vn -0.0365 0.9075 -0.4185
vn -0.0000 0.1414 -0.9899
vn 0.1836 0.3224 -0.9286
vn 0.1923 0.1816 -0.9644
vn -0.1836 0.3224 -0.9286
vn -0.1923 0.1816 -0.9644
vn 0.1240 -0.9688 -0.2147
vn 0.2466 -0.8700 -0.4270
vn 0.2409 -0.9075 -0.3442
vn 0.4950 -0.1414 -0.8573
vn 0.3053 -0.3224 -0.8960
vn 0.3157 -0.1816 -0.9313
vn 0.6233 -0.3224 -0.7124
vn 0.6487 -0.1816 -0.7390
vn 0.1240 0.9688 -0.2147
vn 0.2466 0.8699 -0.4271
vn 0.1777 0.9075 -0.3807
vn 0.4950 0.1414 -0.8573
vn 0.6233 0.3224 -0.7124
vn 0.6487 0.1816 -0.7390
vn 0.3053 0.3224 -0.8960
vn 0.3157 0.1816 -0.9313
vn 0.2147 -0.9688 -0.1240
vn 0.4271 -0.8700 -0.2465
vn 0.3807 -0.9075 -0.1776
vn 0.8573 -0.1414 -0.4950
vn 0.7124 -0.3224 -0.6233
vn 0.7390 -0.1816 -0.6487
vn 0.8960 -0.3224 -0.3053
vn 0.9313 -0.1816 -0.3157
vn 0.2148 0.9688 -0.1240
vn 0.4271 0.8699 -0.2466
vn 0.3443 0.9074 -0.2409
vn 0.8573 0.1414 -0.4950
vn 0.8960 0.3224 -0.3053
vn 0.9313 0.1816 -0.3157
vn 0.7124 0.3224 -0.6233
vn 0.7390 0.1816 -0.6487
vn 0.2480 -0.9688 -0.0000
vn 0.4931 -0.8700 -0.0000
vn 0.4185 -0.9075 0.0365
vn 0.9899 -0.1414 -0.0000
vn 0.9286 -0.3224 -0.1836
vn 0.9644 -0.1816 -0.1923
vn 0.9286 -0.3224 0.1836
vn 0.9644 -0.1816 0.1923
vn 0.2480 0.9688 -0.0000
vn 0.4932 0.8699 -0.0000
vn 0.4185 0.9075 -0.0365
vn 0.9899 0.1414 -0.0000
vn 0.9286 0.3224 0.1836
vn 0.9644 0.1816 0.1923
vn 0.9286 0.3224 -0.1836
vn 0.9644 0.1816 -0.1923
vn 0.2148 -0.9688 0.1240
vn 0.4271 -0.8700 0.2465
vn 0.3442 -0.9075 0.2409
vn 0.8573 -0.1414 0.4950
vn 0.8960 -0.3224 0.3053
vn 0.9313 -0.1816 0.3157
vn 0.7124 -0.3224 0.6233
vn 0.7390 -0.1816 0.6487
vn 0.2147 0.9688 0.1240
vn 0.4271 0.8699 0.2466
vn 0.3807 0.9075 0.1777
vn 0.8573 0.1414 0.4950
vn 0.7124 0.3224 0.6233
vn 0.7390 0.1816 0.6487
vn 0.8960 0.3224 0.3053
vn 0.9313 0.1816 0.3157
vn 0.1240 -0.9688 0.2147
vn 0.2466 -0.8700 0.4270
vn 0.1777 -0.9075 0.3807
vn 0.4950 -0.1414 0.8573
vn 0.6233 -0.3224 0.7124
vn 0.6487 -0.1816 0.7390
vn 0.3053 -0.3224 0.8960
vn 0.3157 -0.1816 0.9313
vn 0.1240 0.9688 0.2147
vn 0.2466 0.8699 0.4271
vn 0.2409 0.9075 0.3442
vn 0.4950 0.1414 0.8573
vn 0.3053 0.3224 0.8960
vn 0.3157 0.1816 0.9313
vn 0.6233 0.3224 0.7124
vn 0.6487 0.1816 0.7390
vn -0.0000 -0.9688 0.2480
vn -0.0000 -0.8700 0.4931
vn -0.0365 -0.9075 0.4185
vn -0.0000 -0.1414 0.9899
vn 0.1836 -0.3224 0.9286
vn 0.1923 -0.1816 0.9644
vn -0.1836 -0.3224 0.9286
vn -0.1923 -0.1816 0.9644
vn -0.0000 0.9688 0.2480
vn -0.0000 0.8700 0.4931
vn 0.0365 0.9075 0.4185
vn -0.0000 0.1414 0.9899
vn -0.1836 0.3224 0.9286
vn -0.1923 0.1816 0.9644
vn 0.1836 0.3224 0.9286
vn 0.1923 0.1816 0.9644
vn -0.1240 -0.9688 0.2147
vn -0.2466 -0.8700 0.4270
vn -0.2409 -0.9075 0.3442
vn -0.4950 -0.1414 0.8573
vn -0.3053 -0.3224 0.8960
vn -0.3157 -0.1816 0.9313
vn -0.6233 -0.3224 0.7124
vn -0.6487 -0.1816 0.7390
vn -0.1240 0.9688 0.2147
vn -0.2466 0.8699 0.4271
vn -0.1777 0.9075 0.3807
vn -0.4950 0.1414 0.8573
vn -0.6233 0.3224 0.7124
vn -0.6487 0.1816 0.7390
vn -0.3053 0.3224 0.8960
vn -0.3157 0.1816 0.9313
vn -0.2147 -0.9688 0.1240
vn -0.4271 -0.8700 0.2465
vn -0.3807 -0.9075 0.1776
vn -0.8573 -0.1414 0.4950
vn -0.7124 -0.3224 0.6233
vn -0.7390 -0.1816 0.6487
vn -0.8960 -0.3224 0.3053
vn -0.9313 -0.1816 0.3157
vn -0.2148 0.9688 0.1240
vn -0.4271 0.8699 0.2466
vn -0.3443 0.9074 0.2409
vn -0.8573 0.1414 0.4950
vn -0.8960 0.3224 0.3053
vn -0.9313 0.1816 0.3157
vn -0.7124 0.3224 0.6233
vn -0.7390 0.1816 0.6487
vn -0.2479 -0.9688 -0.0000
vn -0.4931 -0.8700 -0.0000
vn -0.4185 -0.9075 -0.0365
vn -0.9899 -0.1414 -0.0000
vn -0.9286 -0.3224 0.1836
vn -0.9644 -0.1816 0.1923
vn -0.9286 -0.3224 -0.1836
vn -0.9644 -0.1816 -0.1923
vn -0.2480 0.9688 -0.0000
vn -0.4932 0.8699 -0.0000
vn -0.4185 0.9075 0.0365
vn -0.9899 0.1414 -0.0000
vn -0.9286 0.3224 -0.1836
vn -0.9644 0.1816 -0.1923
vn -0.9286 0.3224 0.1836
vn -0.9644 0.1816 0.1923
vn -0.2148 -0.9688 -0.1240
vn -0.4271 -0.8700 -0.2465
vn -0.3442 -0.9075 -0.2409
vn -0.8573 -0.1414 -0.4950
vn -0.8960 -0.3224 -0.3053
vn -0.9313 -0.1816 -0.3157
vn -0.7124 -0.3224 -0.6233
vn -0.7390 -0.1816 -0.6487
vn -0.2147 0.9688 -0.1240
vn -0.4271 0.8699 -0.2466
vn -0.3807 0.9075 -0.1777
vn -0.8573 0.1414 -0.4950
vn -0.7124 0.3224 -0.6233
vn -0.7390 0.1816 -0.6487
vn -0.8960 0.3224 -0.3053
vn -0.9313 0.1816 -0.3157
vn -0.1240 -0.9688 -0.2147
vn -0.2466 -0.8700 -0.4270
vn -0.1777 -0.9075 -0.3807
vn -0.4950 -0.1414 -0.8573
vn -0.6233 -0.3224 -0.7124
vn -0.6487 -0.1816 -0.7390
vn -0.3053 -0.3224 -0.8960
vn -0.3157 -0.1816 -0.9313
vn -0.1240 0.9688 -0.2147
vn -0.2466 0.8699 -0.4271
vn -0.2409 0.9075 -0.3442
vn -0.4950 0.1414 -0.8573
vn -0.3053 0.3224 -0.8960
vn -0.3157 0.1816 -0.9313
vn -0.6233 0.3224 -0.7124
vn -0.6487 0.1816 -0.7390
vn -0.3791 -0.9152 0.1368
vn -0.8881 -0.3250 0.3250
vn -0.3250 0.8881 0.3251
vn -0.3250 0.8881 -0.3251
vn -0.3791 0.9152 -0.1368
vn -0.8881 0.3250 -0.3250
vn 0.3250 0.8881 0.3251
vn 0.3791 0.9152 0.1368
vn 0.3791 -0.9152 -0.1368
vn 0.8881 -0.3250 -0.3250
vn 0.9152 -0.1368 -0.3791
vn 0.3250 0.8881 -0.3251
vn 0.1368 0.9152 -0.3791
vn 0.8881 0.3250 -0.3250
vn 0.3791 0.1368 -0.9152
vn -0.3251 -0.8881 0.3250
vn -0.3250 -0.3251 0.8881
vn -0.3250 0.8881 0.3250
vn -0.1368 0.9152 0.3791
vn -0.3251 -0.8881 -0.3250
vn 0.3251 -0.8881 0.3250
vn 0.3250 -0.3251 0.8881
vn 0.3250 0.8881 0.3250
vn 0.3251 -0.8881 -0.3250
vn 0.1368 -0.3791 -0.9152
vn -0.2022 0.7319 -0.6507
vn -0.0000 0.8110 -0.5851
vn -0.0000 0.7338 -0.6794
vn -0.0000 0.9337 -0.3580
vn -0.1404 0.8455 -0.5152
vn 0.2022 0.7319 -0.6507
vn 0.1404 0.8455 -0.5152
vn -0.2021 -0.7319 -0.6507
vn -0.0000 -0.8110 -0.5851
vn -0.1404 -0.8455 -0.5152
vn 0.2025 -0.7319 -0.6507
vn -0.0000 -0.7338 -0.6794
vn -0.0000 -0.9337 -0.3580
vn 0.1403 -0.8455 -0.5152
vn 0.6031 0.7319 -0.3171
vn 0.4137 0.8110 -0.4137
vn 0.4636 0.8455 -0.2650
vn 0.3170 0.7319 -0.6032
vn 0.4804 0.7338 -0.4804
vn 0.2531 0.9337 -0.2531
vn 0.2651 0.8455 -0.4636
vn 0.6032 -0.7319 -0.3170
vn 0.4137 -0.8110 -0.4137
vn 0.4803 -0.7338 -0.4804
vn 0.2531 -0.9337 -0.2531
vn 0.4636 -0.8455 -0.2650
vn 0.3173 -0.7318 -0.6031
vn 0.2650 -0.8455 -0.4636
vn 0.6506 0.7319 0.2023
vn 0.5850 0.8110 -0.0000
vn 0.5152 0.8455 0.1404
vn 0.6506 0.7320 -0.2024
vn 0.6794 0.7338 -0.0000
vn 0.3580 0.9337 -0.0000
vn 0.5152 0.8455 -0.1404
vn 0.6507 -0.7319 0.2023
vn 0.5850 -0.8110 -0.0000
vn 0.6793 -0.7338 -0.0000
vn 0.3580 -0.9337 -0.0000
vn 0.5152 -0.8455 0.1404
vn 0.6507 -0.7319 -0.2023
vn 0.5152 -0.8455 -0.1404
vn 0.3170 0.7319 0.6032
vn 0.4137 0.8110 0.4137
vn 0.2650 0.8455 0.4636
vn 0.6031 0.7319 0.3171
vn 0.4804 0.7338 0.4804
vn 0.2532 0.9337 0.2531
vn 0.4636 0.8455 0.2650
vn 0.3168 -0.7320 0.6032
vn 0.4137 -0.8110 0.4137
vn 0.4804 -0.7338 0.4804
vn 0.2532 -0.9337 0.2531
vn 0.2651 -0.8455 0.4636
vn 0.6032 -0.7319 0.3171
vn 0.4636 -0.8455 0.2650
vn -0.2023 0.7319 0.6507
vn -0.0000 0.8110 0.5851
vn -0.1404 0.8455 0.5152
vn 0.2022 0.7319 0.6507
vn -0.0000 0.7338 0.6794
vn -0.0000 0.9337 0.3580
vn 0.1404 0.8455 0.5152
vn -0.2022 -0.7319 0.6507
vn -0.0000 -0.8110 0.5851
vn -0.0000 -0.7338 0.6794
vn -0.0000 -0.9337 0.3580
vn -0.1403 -0.8455 0.5152
vn 0.2021 -0.7319 0.6507
vn 0.1404 -0.8455 0.5152
vn -0.6031 0.7319 0.3171
vn -0.4137 0.8110 0.4137
vn -0.4636 0.8455 0.2650
vn -0.3170 0.7319 0.6032
vn -0.4804 0.7338 0.4804
vn -0.2531 0.9337 0.2531
vn -0.2650 0.8455 0.4636
vn -0.6032 -0.7319 0.3171
vn -0.4137 -0.8110 0.4137
vn -0.4804 -0.7338 0.4804
vn -0.2532 -0.9337 0.2531
vn -0.4636 -0.8455 0.2650
vn -0.3170 -0.7319 0.6032
vn -0.2650 -0.8455 0.4636
vn -0.6506 0.7319 -0.2024
vn -0.5850 0.8110 -0.0000
vn -0.5152 0.8455 -0.1404
vn -0.6506 0.7319 0.2024
vn -0.6794 0.7338 -0.0000
vn -0.3580 0.9337 -0.0000
vn -0.5152 0.8455 0.1404
vn -0.6506 -0.7319 -0.2023
vn -0.5850 -0.8110 -0.0000
vn -0.6793 -0.7338 -0.0000
vn -0.3580 -0.9337 -0.0000
vn -0.5152 -0.8455 -0.1404
vn -0.6507 -0.7319 0.2023
vn -0.5152 -0.8455 0.1404
vn -0.3169 0.7319 -0.6032
vn -0.4137 0.8110 -0.4137
vn -0.2651 0.8455 -0.4636
vn -0.6031 0.7319 -0.3171
vn -0.4804 0.7338 -0.4804
vn -0.2531 0.9337 -0.2531
vn -0.4636 0.8455 -0.2650
vn -0.3168 -0.7320 -0.6032
vn -0.4137 -0.8110 -0.4137
vn -0.4804 -0.7338 -0.4804
vn -0.2531 -0.9337 -0.2531
vn -0.2651 -0.8455 -0.4636
vn -0.6031 -0.7319 -0.3171
vn -0.4636 -0.8455 -0.2650
vn 0.6506 0.7319 0.2024
vn 0.3167 0.7320 0.6033
vn 0.2531 -0.9337 0.2531
vn -0.2022 0.7319 0.6507
vn 0.2019 0.7320 0.6508
vn -0.2025 -0.7319 0.6507
vn -0.6032 -0.7319 0.3170
vn -0.4635 -0.8455 0.2650
vn -0.3172 -0.7319 0.6032
vn -0.6507 0.7319 -0.2023
vn -0.6506 0.7319 0.2023
vn -0.6507 -0.7319 -0.2023
vn -0.6032 0.7319 -0.3170
vn -0.6032 -0.7319 -0.3170
vn -0.3792 -0.9151 0.1368
vn -0.3251 0.8881 0.3250
vn -0.3791 -0.1368 -0.9152
vn 0.3791 -0.1368 0.9152
vn 0.3251 0.8881 0.3250
vn -0.3251 0.8881 -0.3250
vn 0.3790 -0.9152 -0.1368
vn 0.3251 0.8881 -0.3250
vn 0.2023 0.7319 -0.6507
vn -0.2023 0.7319 -0.6507
vn 0.2023 -0.7319 -0.6507
vn 0.1404 -0.8455 -0.5152
vn -0.2023 -0.7319 -0.6507
vn 0.6032 0.7319 -0.3171
vn 0.4635 0.8455 -0.2650
vn 0.3171 0.7319 -0.6032
vn 0.2650 0.8455 -0.4635
vn 0.6032 -0.7319 -0.3171
vn 0.4804 -0.7338 -0.4804
vn 0.4635 -0.8455 -0.2651
vn 0.3171 -0.7319 -0.6032
vn 0.2651 -0.8455 -0.4635
vn 0.6507 0.7319 0.2023
vn 0.5851 0.8110 -0.0000
vn 0.6507 0.7319 -0.2023
vn 0.5851 -0.8110 -0.0000
vn 0.6794 -0.7338 -0.0000
vn 0.5152 -0.8455 -0.1403
vn 0.3171 0.7319 0.6032
vn 0.2650 0.8455 0.4635
vn 0.6032 0.7319 0.3171
vn 0.2531 0.9337 0.2531
vn 0.4635 0.8455 0.2650
vn 0.3171 -0.7319 0.6032
vn 0.2651 -0.8455 0.4635
vn 0.4636 -0.8455 0.2651
vn 0.2023 0.7319 0.6507
vn -0.2023 -0.7319 0.6507
vn 0.2023 -0.7319 0.6507
vn 0.1403 -0.8455 0.5152
vn -0.6032 0.7319 0.3171
vn -0.4635 0.8455 0.2650
vn -0.3171 0.7319 0.6032
vn -0.2651 0.8455 0.4635
vn -0.2531 -0.9337 0.2531
vn -0.4636 -0.8455 0.2651
vn -0.3171 -0.7319 0.6032
vn -0.2650 -0.8455 0.4635
vn -0.5851 0.8110 -0.0000
vn -0.6507 0.7319 0.2023
vn -0.5851 -0.8110 -0.0000
vn -0.6794 -0.7338 -0.0000
vn -0.5152 -0.8455 0.1403
vn -0.3171 0.7319 -0.6032
vn -0.2650 0.8455 -0.4635
vn -0.6032 0.7319 -0.3171
vn -0.3171 -0.7319 -0.6032
vn -0.2651 -0.8455 -0.4635
vn -0.6032 -0.7319 -0.3171
vn -0.2651 -0.8455 0.4635
vn -0.4636 -0.8455 -0.2651
vn -0.3271 -0.9450 -0.0000
vn -0.1228 -0.8973 0.4241
vn -0.3043 -0.8900 0.3395
vn -0.1228 -0.8973 -0.4241
vn -0.3044 -0.8900 -0.3395
vn 0.1037 -0.8734 -0.4758
vn -0.0030 -1.0000 -0.0000
vn 0.2857 -0.9253 0.2496
vn 0.2857 -0.9253 -0.2496
vn 0.4200 -0.9075 -0.0000
vn 0.1037 -0.8734 0.4758
vn 0.5877 -0.7874 0.1860
vn 0.6267 -0.4761 0.6170
vn 0.4142 -0.7923 0.4481
vn 0.8622 -0.1575 0.4815
vn 0.7979 -0.5739 0.1844
vn 0.9277 -0.3245 0.1844
vn 0.6871 0.0223 0.7262
vn 0.3199 -0.2546 0.9126
vn 0.5059 -0.1061 0.8560
vn 0.2828 -0.5171 0.8079
vn 0.2495 -0.7180 0.6498
vn -0.3597 -0.7340 0.5760
vn -0.2829 -0.5342 0.7966
vn -0.5011 -0.5189 0.6926
vn 0.0468 -0.5332 0.8447
vn -0.1467 -0.7505 0.6444
vn 0.0643 -0.7066 0.7047
vn -0.1030 -0.1888 0.9766
vn -0.4183 -0.1761 0.8911
vn -0.5735 -0.2522 0.7794
vn -0.5500 -0.8351 -0.0000
vn -0.6481 -0.5876 -0.4845
vn -0.5286 -0.7739 -0.3486
vn -0.6480 -0.5876 0.4845
vn -0.5286 -0.7739 0.3486
vn -0.7741 -0.3023 0.5562
vn -0.8522 -0.5232 -0.0000
vn -0.9493 -0.1045 -0.2965
vn -0.9493 -0.1045 0.2965
vn -0.9972 0.0750 -0.0000
vn -0.7741 -0.3023 -0.5562
vn -0.1467 -0.7505 -0.6444
vn 0.0467 -0.5332 -0.8447
vn 0.0643 -0.7066 -0.7047
vn -0.3597 -0.7340 -0.5760
vn -0.2830 -0.5342 -0.7966
vn -0.4183 -0.1761 -0.8911
vn -0.5010 -0.5189 -0.6926
vn -0.5735 -0.2522 -0.7794
vn -0.1030 -0.1888 -0.9766
vn 0.7979 -0.5739 -0.1844
vn 0.8622 -0.1575 -0.4815
vn 0.9277 -0.3245 -0.1844
vn 0.5877 -0.7874 -0.1860
vn 0.6267 -0.4761 -0.6170
vn 0.2828 -0.5171 -0.8079
vn 0.4142 -0.7922 -0.4481
vn 0.2495 -0.7180 -0.6498
vn 0.3199 -0.2546 -0.9126
vn 0.6871 0.0224 -0.7262
vn 0.5059 -0.1061 -0.8560
vn 0.5011 0.5189 0.6926
vn 0.4183 0.1761 0.8911
vn 0.5735 0.2522 0.7794
vn 0.3597 0.7340 0.5760
vn 0.2829 0.5342 0.7966
vn -0.0468 0.5332 0.8447
vn 0.1467 0.7505 0.6444
vn -0.0643 0.7066 0.7047
vn 0.1030 0.1888 0.9766
vn -0.8622 0.1575 0.4815
vn -0.7979 0.5739 0.1844
vn -0.9277 0.3245 0.1844
vn -0.6871 -0.0224 0.7262
vn -0.6267 0.4761 0.6170
vn -0.3199 0.2546 0.9126
vn -0.5059 0.1061 0.8560
vn -0.4142 0.7922 0.4481
vn -0.2828 0.5171 0.8079
vn -0.2495 0.7180 0.6498
vn -0.5877 0.7874 0.1860
vn -0.3199 0.2546 -0.9126
vn -0.6267 0.4761 -0.6170
vn -0.2828 0.5171 -0.8079
vn -0.6871 -0.0224 -0.7262
vn -0.5059 0.1061 -0.8560
vn -0.7979 0.5739 -0.1844
vn -0.8622 0.1575 -0.4815
vn -0.9277 0.3245 -0.1844
vn -0.5877 0.7874 -0.1860
vn -0.4142 0.7922 -0.4481
vn -0.2495 0.7180 -0.6498
vn 0.4183 0.1761 -0.8911
vn 0.5010 0.5189 -0.6926
vn 0.5735 0.2522 -0.7794
vn 0.1030 0.1888 -0.9766
vn 0.2830 0.5342 -0.7966
vn 0.1467 0.7505 -0.6444
vn -0.0468 0.5332 -0.8447
vn -0.0643 0.7066 -0.7047
vn 0.3597 0.7340 -0.5760
vn 0.7741 0.3023 0.5562
vn 0.8522 0.5232 -0.0000
vn 0.6481 0.5876 0.4845
vn 0.9493 0.1045 -0.2965
vn 0.9493 0.1045 0.2965
vn 0.9972 -0.0750 -0.0000
vn 0.7741 0.3023 -0.5562
vn 0.5500 0.8351 -0.0000
vn 0.6481 0.5876 -0.4845
vn 0.5286 0.7739 -0.3486
vn 0.5286 0.7740 0.3486
vn -0.1037 0.8734 0.4758
vn 0.0030 1.0000 -0.0000
vn -0.2857 0.9252 0.2496
vn 0.3271 0.9450 -0.0000
vn 0.1228 0.8973 0.4241
vn 0.3043 0.8900 0.3395
vn 0.1228 0.8973 -0.4241
vn 0.3044 0.8900 -0.3395
vn -0.1037 0.8734 -0.4758
vn -0.2857 0.9253 -0.2496
vn -0.4199 0.9076 -0.0000
vn -0.0000 -0.9583 -0.2858
vn -0.0000 -0.8534 -0.5213
vn 0.1184 -0.8950 -0.4301
vn -0.3128 -0.2171 -0.9247
vn -0.0000 -0.4053 -0.9142
vn -0.2997 -0.4382 -0.8474
vn 0.3128 -0.2171 -0.9247
vn -0.0000 -0.1848 -0.9828
vn -0.0000 0.9583 -0.2858
vn -0.0000 0.8534 -0.5213
vn -0.1184 0.8950 -0.4301
vn 0.3128 0.2171 -0.9247
vn -0.0000 0.4053 -0.9142
vn 0.2997 0.4382 -0.8474
vn -0.3128 0.2171 -0.9247
vn -0.0000 0.1847 -0.9828
vn 0.1849 -0.9652 -0.1849
vn 0.3562 -0.8638 -0.3562
vn 0.3470 -0.9068 -0.2395
vn 0.7007 -0.1346 -0.7007
vn 0.4564 -0.3174 -0.8313
vn 0.4632 -0.1782 -0.8681
vn 0.8313 -0.3174 -0.4564
vn 0.8681 -0.1782 -0.4632
vn 0.1847 0.9652 -0.1850
vn 0.3562 0.8639 -0.3561
vn 0.2395 0.9068 -0.3470
vn 0.7007 0.1346 -0.7007
vn 0.8309 0.3170 -0.4572
vn 0.8679 0.1776 -0.4639
vn 0.4564 0.3174 -0.8313
vn 0.4632 0.1782 -0.8681
vn 0.2858 -0.9583 -0.0000
vn 0.5213 -0.8534 -0.0000
vn 0.4304 -0.8948 0.1185
vn 0.9250 -0.2163 -0.3124
vn 0.9142 -0.4053 -0.0000
vn 0.8475 -0.4382 -0.2997
vn 0.9250 -0.2163 0.3124
vn 0.9831 -0.1831 -0.0000
vn 0.2615 0.9652 -0.0000
vn 0.5037 0.8639 -0.0000
vn 0.4150 0.9067 -0.0757
vn 0.9909 0.1347 -0.0000
vn 0.9109 0.3170 0.2642
vn 0.9417 0.1776 0.2857
vn 0.9109 0.3170 -0.2642
vn 0.9417 0.1776 -0.2857
vn 0.2021 -0.9583 0.2021
vn 0.3686 -0.8534 0.3686
vn 0.2204 -0.8950 0.3879
vn 0.8750 -0.2163 0.4332
vn 0.6464 -0.4053 0.6464
vn 0.8109 -0.4389 0.3872
vn 0.4332 -0.2163 0.8750
vn 0.6951 -0.1831 0.6951
vn 0.1848 0.9652 0.1849
vn 0.3561 0.8639 0.3561
vn 0.3469 0.9067 0.2399
vn 0.7007 0.1347 0.7007
vn 0.4572 0.3170 0.8309
vn 0.4639 0.1776 0.8679
vn 0.8309 0.3170 0.4572
vn 0.8679 0.1776 0.4639
vn 0.0002 -0.9652 0.2615
vn -0.0000 -0.8639 0.5037
vn -0.0757 -0.9066 0.4150
vn -0.0000 -0.1346 0.9909
vn 0.2651 -0.3174 0.9105
vn 0.2863 -0.1782 0.9414
vn -0.2642 -0.3170 0.9109
vn -0.2857 -0.1776 0.9417
vn -0.0002 0.9652 0.2615
vn -0.0000 0.8639 0.5037
vn 0.0757 0.9067 0.4150
vn -0.0000 0.1346 0.9909
vn -0.2651 0.3174 0.9105
vn -0.2863 0.1782 0.9414
vn 0.2642 0.3170 0.9109
vn 0.2857 0.1776 0.9417
vn -0.1849 -0.9652 0.1849
vn -0.3562 -0.8639 0.3562
vn -0.3470 -0.9067 0.2400
vn -0.7007 -0.1347 0.7007
vn -0.4572 -0.3170 0.8309
vn -0.4639 -0.1776 0.8679
vn -0.8309 -0.3170 0.4572
vn -0.8679 -0.1776 0.4639
vn -0.2021 0.9583 0.2021
vn -0.3687 0.8534 0.3686
vn -0.2204 0.8950 0.3879
vn -0.8750 0.2163 0.4332
vn -0.6464 0.4053 0.6464
vn -0.8109 0.4389 0.3872
vn -0.4332 0.2163 0.8750
vn -0.6951 0.1831 0.6951
vn -0.2615 -0.9652 -0.0000
vn -0.5038 -0.8638 -0.0000
vn -0.4151 -0.9066 -0.0756
vn -0.9909 -0.1347 -0.0000
vn -0.9109 -0.3170 0.2642
vn -0.9417 -0.1776 0.2857
vn -0.9109 -0.3170 -0.2642
vn -0.9417 -0.1776 -0.2857
vn -0.2858 0.9583 -0.0000
vn -0.5213 0.8534 -0.0000
vn -0.4304 0.8948 0.1185
vn -0.9250 0.2163 -0.3124
vn -0.9142 0.4053 -0.0000
vn -0.8474 0.4382 -0.2997
vn -0.9250 0.2163 0.3124
vn -0.9831 0.1832 -0.0000
vn -0.1847 -0.9652 -0.1850
vn -0.3562 -0.8639 -0.3562
vn -0.2395 -0.9068 -0.3470
vn -0.7007 -0.1346 -0.7007
vn -0.8309 -0.3170 -0.4572
vn -0.8679 -0.1776 -0.4639
vn -0.4564 -0.3174 -0.8313
vn -0.4632 -0.1782 -0.8681
vn -0.1849 0.9652 -0.1849
vn -0.3562 0.8639 -0.3561
vn -0.3470 0.9068 -0.2394
vn -0.7007 0.1346 -0.7007
vn -0.4564 0.3174 -0.8313
vn -0.4632 0.1782 -0.8681
vn -0.8313 0.3174 -0.4564
vn -0.8681 0.1782 -0.4632
vn -0.0000 0.2615 -0.9652
vn -0.0000 0.5037 -0.8639
vn 0.0772 0.4138 -0.9071
vn -0.0000 0.9909 -0.1346
vn -0.2674 0.9095 -0.3184
vn -0.2878 0.9406 -0.1799
vn 0.2674 0.9095 -0.3184
vn 0.2878 0.9406 -0.1799
vn -0.0000 0.2615 0.9652
vn -0.0000 0.5037 0.8639
vn -0.0771 0.4138 0.9071
vn -0.0000 0.9909 0.1346
vn 0.2674 0.9095 0.3184
vn 0.2878 0.9406 0.1799
vn -0.2674 0.9095 0.3184
vn -0.2878 0.9406 0.1799
vn 0.2021 0.2021 -0.9583
vn 0.3686 0.3686 -0.8534
vn 0.3871 0.2201 -0.8954
vn 0.4326 0.8750 -0.2171
vn 0.6464 0.6464 -0.4053
vn 0.3880 0.8118 -0.4365
vn 0.8750 0.4326 -0.2171
vn 0.6949 0.6949 -0.1848
vn 0.2021 0.2021 0.9583
vn 0.3686 0.3686 0.8534
vn 0.2201 0.3871 0.8954
vn 0.8750 0.4326 0.2171
vn 0.6464 0.6464 0.4053
vn 0.8118 0.3880 0.4365
vn 0.4327 0.8750 0.2171
vn 0.6950 0.6949 0.1848
vn 0.2615 -0.0000 -0.9652
vn 0.5037 -0.0000 -0.8639
vn 0.4138 -0.0771 -0.9071
vn 0.9909 -0.0000 -0.1346
vn 0.9095 0.2674 -0.3184
vn 0.9406 0.2878 -0.1799
vn 0.9095 -0.2674 -0.3184
vn 0.9406 -0.2878 -0.1799
vn 0.2615 -0.0000 0.9652
vn 0.5037 -0.0000 0.8639
vn 0.4138 0.0771 0.9071
vn 0.9909 -0.0000 0.1346
vn 0.9095 -0.2674 0.3184
vn 0.9406 -0.2878 0.1799
vn 0.9095 0.2674 0.3184
vn 0.9406 0.2878 0.1799
vn 0.2021 -0.2021 -0.9583
vn 0.3686 -0.3686 -0.8534
vn 0.2201 -0.3871 -0.8954
vn 0.8750 -0.4326 -0.2171
vn 0.6464 -0.6464 -0.4053
vn 0.8118 -0.3880 -0.4365
vn 0.4326 -0.8750 -0.2171
vn 0.6949 -0.6949 -0.1848
vn 0.2021 -0.2021 0.9583
vn 0.3686 -0.3686 0.8534
vn 0.3871 -0.2201 0.8954
vn 0.4326 -0.8750 0.2171
vn 0.6464 -0.6464 0.4053
vn 0.3880 -0.8118 0.4365
vn 0.8750 -0.4326 0.2171
vn 0.6949 -0.6949 0.1848
vn -0.0000 -0.2615 -0.9652
vn -0.0000 -0.5037 -0.8639
vn -0.0771 -0.4138 -0.9071
vn -0.0000 -0.9909 -0.1346
vn 0.2674 -0.9095 -0.3184
vn 0.2878 -0.9406 -0.1799
vn -0.2674 -0.9095 -0.3184
vn -0.2878 -0.9406 -0.1799
vn -0.0000 -0.2615 0.9652
vn -0.0000 -0.5037 0.8639
vn 0.0771 -0.4138 0.9071
vn -0.0000 -0.9909 0.1346
vn -0.2674 -0.9095 0.3184
vn -0.2878 -0.9406 0.1799
vn 0.2674 -0.9095 0.3184
vn 0.2878 -0.9406 0.1799
vn -0.2021 -0.2021 -0.9583
vn -0.3686 -0.3686 -0.8534
vn -0.3871 -0.2201 -0.8954
vn -0.4326 -0.8750 -0.2171
vn -0.6464 -0.6464 -0.4053
vn -0.3880 -0.8118 -0.4365
vn -0.8750 -0.4326 -0.2171
vn -0.6949 -0.6949 -0.1848
vn -0.2021 -0.2021 0.9583
vn -0.3686 -0.3686 0.8534
vn -0.2201 -0.3871 0.8954
vn -0.8750 -0.4326 0.2171
vn -0.6464 -0.6464 0.4053
vn -0.8118 -0.3880 0.4365
vn -0.4327 -0.8750 0.2171
vn -0.6949 -0.6949 0.1848
vn -0.2615 -0.0000 -0.9652
vn -0.5037 -0.0000 -0.8639
vn -0.4138 0.0771 -0.9071
vn -0.9909 -0.0000 -0.1346
vn -0.9095 -0.2674 -0.3184
vn -0.9406 -0.2878 -0.1799
vn -0.9095 0.2674 -0.3184
vn -0.9406 0.2878 -0.1799
vn -0.2615 -0.0000 0.9652
vn -0.5037 -0.0000 0.8639
vn -0.4138 -0.0771 0.9071
vn -0.9909 -0.0000 0.1346
vn -0.9095 0.2674 0.3184
vn -0.9406 0.2878 0.1799
vn -0.9095 -0.2674 0.3184
vn -0.9406 -0.2878 0.1799
vn -0.2021 0.2021 -0.9583
vn -0.3686 0.3686 -0.8534
vn -0.2201 0.3871 -0.8954
vn -0.8750 0.4326 -0.2171
vn -0.6464 0.6464 -0.4053
vn -0.8118 0.3880 -0.4365
vn -0.4326 0.8750 -0.2171
vn -0.6949 0.6949 -0.1848
vn -0.2021 0.2021 0.9583
vn -0.3686 0.3686 0.8534
vn -0.3871 0.2201 0.8954
vn -0.4326 0.8750 0.2171
vn -0.6464 0.6464 0.4053
vn -0.3880 0.8118 0.4365
vn -0.8750 0.4326 0.2171
vn -0.6949 0.6949 0.1848
vn 0.3881 0.2206 -0.8948
vn 0.8109 0.3872 0.4389
vn 0.2858 -0.0000 -0.9583
vn 0.5213 -0.0000 -0.8534
vn 0.4304 -0.1185 -0.8948
vn 0.9247 0.3128 -0.2171
vn 0.9142 -0.0000 -0.4053
vn 0.8471 0.2996 -0.4389
vn 0.9247 -0.3128 -0.2171
vn 0.9828 -0.0000 -0.1848
vn 0.2858 -0.0000 0.9583
vn 0.5213 -0.0000 0.8534
vn 0.4304 0.1185 0.8948
vn 0.9247 -0.3128 0.2171
vn 0.9142 -0.0000 0.4053
vn 0.8471 -0.2996 0.4388
vn 0.9247 0.3128 0.2171
vn 0.9828 -0.0000 0.1848
vn 0.8108 -0.3872 -0.4389
vn 0.3881 -0.2206 0.8948
vn -0.3881 -0.2206 -0.8948
vn -0.8109 -0.3872 0.4389
vn -0.2858 -0.0000 -0.9583
vn -0.5213 -0.0000 -0.8534
vn -0.4304 0.1185 -0.8948
vn -0.9247 -0.3128 -0.2171
vn -0.9142 -0.0000 -0.4053
vn -0.8471 -0.2996 -0.4388
vn -0.9247 0.3128 -0.2171
vn -0.9828 -0.0000 -0.1848
vn -0.2858 -0.0000 0.9583
vn -0.5213 -0.0000 0.8534
vn -0.4304 -0.1185 0.8948
vn -0.9247 0.3128 0.2171
vn -0.9142 -0.0000 0.4053
vn -0.8471 0.2996 0.4388
vn -0.9247 -0.3128 0.2171
vn -0.9828 -0.0000 0.1848
vn -0.8108 0.3872 -0.4389
vn -0.3881 0.2206 0.8948
vn 0.4326 0.8751 -0.2171
vn -0.6950 -0.6949 0.1848
vn -0.3250 -0.3250 0.8881
vn -0.3250 0.3250 0.8881
vn -0.3791 0.1368 0.9152
vn -0.3250 0.8881 -0.3250
vn 0.3790 0.9152 0.1368
vn 0.3250 0.8881 -0.3250
vn 0.1175 -0.8959 -0.4285
vn -0.2991 -0.4342 -0.8497
vn -0.1175 0.8959 -0.4285
vn 0.2991 0.4342 -0.8497
vn -0.0000 0.1848 -0.9828
vn 0.1841 -0.9652 -0.1858
vn 0.3562 -0.8639 -0.3562
vn 0.3470 -0.9067 -0.2400
vn 0.4509 -0.3197 -0.8333
vn 0.4597 -0.1820 -0.8692
vn 0.8309 -0.3170 -0.4572
vn 0.8679 -0.1776 -0.4639
vn 0.1850 0.9652 -0.1850
vn 0.3562 0.8639 -0.3562
vn 0.2363 0.9075 -0.3473
vn 0.8333 0.3197 -0.4509
vn 0.8692 0.1820 -0.4597
vn 0.4509 0.3197 -0.8333
vn 0.4597 0.1820 -0.8692
vn 0.2614 -0.9652 -0.0000
vn 0.5037 -0.8639 -0.0000
vn 0.4150 -0.9067 0.0757
vn 0.9909 -0.1347 -0.0000
vn 0.9109 -0.3170 -0.2643
vn 0.9417 -0.1776 -0.2857
vn 0.9109 -0.3170 0.2643
vn 0.9417 -0.1777 0.2857
vn 0.2858 0.9583 -0.0000
vn 0.5213 0.8534 -0.0000
vn 0.4285 0.8959 -0.1175
vn 0.9247 0.2171 0.3128
vn 0.9142 0.4053 -0.0000
vn 0.8497 0.4342 0.2992
vn 0.9247 0.2170 -0.3128
vn 0.9828 0.1847 -0.0000
vn 0.1841 -0.9652 0.1858
vn 0.3562 -0.8639 0.3562
vn 0.2362 -0.9075 0.3473
vn 0.7007 -0.1346 0.7007
vn 0.8309 -0.3170 0.4572
vn 0.8679 -0.1776 0.4639
vn 0.4509 -0.3197 0.8333
vn 0.4597 -0.1820 0.8692
vn 0.1850 0.9652 0.1850
vn 0.3562 0.8639 0.3562
vn 0.3473 0.9075 0.2362
vn 0.7007 0.1346 0.7007
vn 0.4509 0.3197 0.8333
vn 0.4597 0.1820 0.8692
vn 0.8333 0.3197 0.4509
vn 0.8692 0.1820 0.4597
vn -0.0000 -0.9583 0.2858
vn -0.0000 -0.8534 0.5213
vn -0.1175 -0.8959 0.4285
vn 0.3128 -0.2171 0.9247
vn -0.0000 -0.4053 0.9142
vn 0.2991 -0.4342 0.8497
vn -0.3128 -0.2171 0.9247
vn -0.0000 -0.1848 0.9828
vn -0.0000 0.9583 0.2858
vn -0.0000 0.8534 0.5213
vn 0.1175 0.8959 0.4285
vn -0.3128 0.2171 0.9247
vn -0.0000 0.4053 0.9142
vn -0.2992 0.4342 0.8497
vn 0.3128 0.2171 0.9247
vn -0.0000 0.1848 0.9828
vn -0.1841 -0.9652 0.1858
vn -0.7007 -0.1346 0.7007
vn -0.4509 -0.3197 0.8333
vn -0.4597 -0.1820 0.8692
vn -0.1841 0.9652 0.1858
vn -0.3562 0.8639 0.3562
vn -0.2363 0.9075 0.3473
vn -0.7007 0.1346 0.7007
vn -0.8309 0.3170 0.4572
vn -0.8679 0.1776 0.4639
vn -0.4509 0.3197 0.8333
vn -0.4597 0.1820 0.8692
vn -0.2614 -0.9652 -0.0000
vn -0.5037 -0.8639 -0.0000
vn -0.4150 -0.9067 -0.0757
vn -0.9909 -0.1346 -0.0000
vn -0.9109 -0.3170 0.2643
vn -0.9109 -0.3170 -0.2643
vn -0.2614 0.9652 -0.0000
vn -0.5037 0.8639 0.0001
vn -0.4150 0.9067 0.0757
vn -0.9909 0.1346 -0.0000
vn -0.9109 0.3170 -0.2642
vn -0.9417 0.1776 -0.2857
vn -0.9109 0.3170 0.2642
vn -0.9417 0.1776 0.2857
vn -0.1841 -0.9652 -0.1858
vn -0.2362 -0.9075 -0.3473
vn -0.4509 -0.3197 -0.8333
vn -0.4597 -0.1820 -0.8692
vn -0.1841 0.9652 -0.1858
vn -0.3562 0.8639 -0.3562
vn -0.3470 0.9067 -0.2400
vn -0.4509 0.3197 -0.8333
vn -0.4597 0.1820 -0.8692
vn -0.8309 0.3170 -0.4572
vn -0.8679 0.1776 -0.4639
vn 0.4256 -0.1942 -0.8838
vn -0.0000 -0.3910 -0.9204
vn -0.0000 -0.1942 -0.9810
vn 0.1625 -0.9272 -0.3374
vn -0.0000 -0.9762 -0.2167
vn -0.0000 -0.9272 -0.3744
vn 0.4256 0.1942 -0.8838
vn -0.0000 0.3910 -0.9204
vn 0.3994 0.3910 -0.8292
vn 0.1625 0.9272 -0.3374
vn -0.0000 0.9762 -0.2167
vn 0.0940 0.9762 -0.1952
vn 0.7196 -0.3910 -0.5738
vn 0.3993 -0.3910 -0.8292
vn 0.2927 -0.9273 -0.2335
vn 0.0940 -0.9762 -0.1952
vn 0.7196 0.3910 -0.5738
vn 0.7669 0.1942 -0.6116
vn 0.2927 0.9273 -0.2335
vn 0.1694 0.9762 -0.1351
vn 0.7669 -0.1942 -0.6116
vn 0.8973 -0.3910 -0.2048
vn 0.3651 -0.9272 -0.0833
vn 0.1694 -0.9762 -0.1351
vn 0.8973 0.3910 -0.2048
vn 0.9564 0.1942 -0.2183
vn 0.3651 0.9272 -0.0833
vn 0.2113 0.9762 -0.0482
vn 0.9564 -0.1942 0.2183
vn 0.9564 -0.1942 -0.2183
vn 0.3651 -0.9272 0.0833
vn 0.2113 -0.9762 -0.0482
vn 0.8973 0.3910 0.2048
vn 0.9564 0.1942 0.2183
vn 0.2113 0.9762 0.0482
vn 0.3651 0.9272 0.0833
vn 0.7669 -0.1942 0.6116
vn 0.8973 -0.3910 0.2048
vn 0.1694 -0.9762 0.1351
vn 0.2113 -0.9762 0.0482
vn 0.7196 0.3910 0.5738
vn 0.7669 0.1942 0.6116
vn 0.1694 0.9762 0.1351
vn 0.2927 0.9273 0.2335
vn 0.3993 -0.3910 0.8292
vn 0.7196 -0.3910 0.5738
vn 0.2927 -0.9273 0.2335
vn 0.0940 -0.9762 0.1952
vn 0.3993 0.3910 0.8292
vn 0.4256 0.1942 0.8838
vn 0.0940 0.9762 0.1952
vn 0.1625 0.9272 0.3374
vn -0.0000 -0.1942 0.9810
vn 0.4256 -0.1942 0.8838
vn 0.1625 -0.9272 0.3374
vn -0.0000 -0.9762 0.2167
vn -0.0000 0.3910 0.9204
vn -0.0000 0.1942 0.9810
vn -0.0000 0.9762 0.2167
vn -0.0000 0.9272 0.3745
vn -0.4256 -0.1942 0.8838
vn -0.0000 -0.3910 0.9204
vn -0.1625 -0.9272 0.3374
vn -0.0000 -0.9273 0.3744
vn -0.3994 0.3910 0.8292
vn -0.4256 0.1942 0.8838
vn -0.0940 0.9762 0.1952
vn -0.1625 0.9272 0.3374
vn -0.7669 -0.1942 0.6116
vn -0.3993 -0.3910 0.8292
vn -0.2927 -0.9273 0.2335
vn -0.0940 -0.9762 0.1952
vn -0.7196 0.3910 0.5739
vn -0.7669 0.1942 0.6116
vn -0.2927 0.9273 0.2335
vn -0.1694 0.9762 0.1351
vn -0.9564 -0.1942 0.2183
vn -0.7196 -0.3910 0.5738
vn -0.2112 -0.9762 0.0482
vn -0.1694 -0.9762 0.1351
vn -0.8973 0.3911 0.2048
vn -0.9564 0.1942 0.2183
vn -0.3651 0.9272 0.0833
vn -0.2113 0.9762 0.0482
vn -0.9564 -0.1942 -0.2183
vn -0.8973 -0.3910 0.2048
vn -0.3651 -0.9272 -0.0833
vn -0.3651 -0.9273 0.0833
vn -0.8973 0.3910 -0.2048
vn -0.9564 0.1942 -0.2183
vn -0.2113 0.9762 -0.0482
vn -0.3651 0.9272 -0.0833
vn -0.7669 -0.1942 -0.6116
vn -0.8973 -0.3910 -0.2048
vn -0.1694 -0.9762 -0.1351
vn -0.2113 -0.9762 -0.0482
vn -0.7196 0.3910 -0.5738
vn -0.7669 0.1942 -0.6116
vn -0.1694 0.9762 -0.1351
vn -0.2927 0.9272 -0.2335
vn -0.4256 -0.1942 -0.8838
vn -0.7196 -0.3910 -0.5738
vn -0.2928 -0.9272 -0.2335
vn -0.0940 -0.9762 -0.1952
vn -0.3993 0.3910 -0.8292
vn -0.4256 0.1942 -0.8838
vn -0.1625 0.9272 -0.3374
vn -0.0940 0.9762 -0.1952
vn -0.3993 -0.3910 -0.8292
vn -0.1625 -0.9273 -0.3374
vn -0.0000 0.1942 -0.9810
vn -0.0000 0.9272 -0.3745
vn -0.3791 -0.9152 -0.1369
vn -0.3791 -0.1369 0.9152
vn -0.9152 0.1368 0.3791
vn -0.3792 0.9152 0.1368
vn -0.9152 0.3791 -0.1369
vn -0.3791 0.1369 -0.9152
vn -0.9152 -0.1369 -0.3791
vn 0.1368 -0.9152 -0.3791
vn -0.1369 -0.3791 -0.9152
vn -0.1369 0.9152 -0.3791
vn 0.1368 0.3791 -0.9152
vn 0.9152 0.1368 -0.3791
vn 0.3790 -0.9152 0.1369
vn 0.9152 -0.3791 -0.1369
vn 0.3792 0.9152 -0.1368
vn 0.3791 0.1369 0.9152
vn 0.9152 -0.1368 0.3791
vn -0.1369 -0.9152 0.3791
vn 0.1368 -0.3791 0.9152
vn 0.1369 0.9152 0.3791
vn -0.1368 0.3791 0.9152
vn 0.3993 0.3910 -0.8292
vn 0.2928 -0.9272 -0.2335
vn 0.2112 0.9762 0.0482
vn 0.3650 0.9273 0.0833
vn 0.2928 -0.9272 0.2335
vn -0.0000 0.9272 0.3744
vn -0.1625 -0.9273 0.3374
vn -0.0000 -0.9272 0.3744
vn -0.3993 0.3910 0.8292
vn -0.1625 0.9273 0.3374
vn -0.2928 -0.9272 0.2335
vn -0.7196 0.3910 0.5738
vn -0.2928 0.9272 0.2335
vn -0.3651 -0.9272 0.0833
vn -0.8973 0.3910 0.2048
vn -0.3651 -0.9273 -0.0833
vn -0.2113 -0.9762 0.0482
vn -0.2112 0.9762 -0.0482
vn -0.3650 0.9273 -0.0833
vn -0.2928 0.9273 -0.2335
vn -0.0000 0.9272 -0.3744
vn 0.1625 0.9273 -0.3374
vn 0.7670 0.1942 -0.6116
vn 0.3651 -0.9273 0.0833
vn 0.2112 -0.9762 0.0482
vn 0.2928 0.9272 0.2335
vn 0.1625 -0.9273 0.3374
vn 0.1625 0.9273 0.3374
vn -0.3651 0.9273 0.0833
vn -0.1625 -0.9272 -0.3374
vn 0.2928 0.9272 -0.2335
vn 0.3651 0.9273 -0.0833
vn -0.3651 0.9273 -0.0833
vn -0.2928 0.9272 -0.2335
vn -0.1625 0.9273 -0.3374
vn 0.2112 0.9762 -0.0482
vn -0.0000 0.9273 0.3744
vn -0.3650 0.9273 0.0833
vn -0.9152 -0.3791 0.1369
vn -0.9152 0.1369 0.3791
vn -0.3791 0.9152 0.1369
vn 0.1369 -0.9152 -0.3791
vn 0.1369 0.3791 -0.9152
vn 0.9152 0.1369 -0.3791
vn 0.3791 -0.1369 -0.9152
vn 0.3791 -0.9152 0.1369
vn 0.3791 0.9152 -0.1369
vn 0.9152 0.3791 0.1369
vn 0.9152 -0.1369 0.3791
vn 0.1369 -0.3791 0.9152
vn -0.1369 0.3791 0.9152
vn -0.0535 -0.1867 -0.9810
vn 0.2761 -0.4859 -0.8292
vn -0.1078 -0.3759 -0.9204
vn -0.2556 -0.8913 -0.3744
vn -0.1787 -0.9643 -0.1952
vn -0.2691 -0.9384 -0.2167
vn 0.4627 0.0694 -0.8838
vn 0.1078 0.3759 -0.9204
vn 0.4917 0.2658 -0.8292
vn 0.4118 0.8466 -0.3374
vn 0.2691 0.9384 -0.2167
vn 0.3595 0.9125 -0.1952
vn 0.6837 -0.3981 -0.6116
vn 0.3556 -0.3040 -0.8838
vn 0.0259 -0.9720 -0.2335
vn -0.0994 -0.9361 -0.3374
vn 0.7995 0.1776 -0.5738
vn 0.7908 -0.0247 -0.6116
vn 0.4319 0.8917 -0.1351
vn 0.5370 0.8106 -0.2335
vn 0.7548 -0.6232 -0.2048
vn 0.5839 -0.5742 -0.5738
vn 0.0953 -0.9920 -0.0833
vn -0.1062 -0.9851 -0.1351
vn 0.9703 0.1286 -0.2048
vn 0.9728 -0.0769 -0.2183
vn 0.4722 0.8802 -0.0482
vn 0.6065 0.7907 -0.0833
vn 0.8658 -0.4503 0.2183
vn 0.8658 -0.4503 -0.2183
vn 0.0953 -0.9920 0.0833
vn -0.0660 -0.9967 -0.0482
vn 0.9703 0.1286 0.2048
vn 0.9728 -0.0769 0.2183
vn 0.4722 0.8802 0.0482
vn 0.6065 0.7907 0.0833
vn 0.6837 -0.3981 0.6116
vn 0.7548 -0.6232 0.2048
vn 0.0258 -0.9720 0.2334
vn -0.0660 -0.9967 0.0482
vn 0.7908 -0.0247 0.6116
vn 0.7995 0.1775 0.5738
vn 0.5370 0.8106 0.2335
vn 0.4319 0.8917 0.1351
vn 0.3556 -0.3040 0.8838
vn 0.5839 -0.5742 0.5738
vn -0.0994 -0.9361 0.3374
vn -0.1063 -0.9851 0.1351
vn 0.4627 0.0694 0.8838
vn 0.4916 0.2658 0.8292
vn 0.3595 0.9125 0.1952
vn 0.4118 0.8465 0.3373
vn -0.1078 -0.3759 0.9204
vn 0.2761 -0.4860 0.8292
vn -0.2556 -0.8913 0.3744
vn -0.1787 -0.9643 0.1952
vn 0.1078 0.3759 0.9204
vn 0.0535 0.1867 0.9810
vn 0.2556 0.8913 0.3745
vn 0.2691 0.9384 0.2167
vn -0.4627 -0.0694 0.8838
vn -0.0535 -0.1867 0.9810
vn -0.4118 -0.8465 0.3374
vn -0.2691 -0.9384 0.2167
vn -0.3556 0.3040 0.8838
vn -0.2761 0.4860 0.8292
vn 0.1787 0.9643 0.1952
vn 0.0994 0.9361 0.3373
vn -0.7908 0.0247 0.6116
vn -0.4916 -0.2658 0.8292
vn -0.5370 -0.8106 0.2335
vn -0.3595 -0.9125 0.1952
vn -0.5839 0.5742 0.5738
vn -0.6837 0.3981 0.6116
vn -0.0259 0.9720 0.2335
vn 0.1062 0.9851 0.1351
vn -0.9729 0.0769 0.2183
vn -0.7995 -0.1775 0.5738
vn -0.4721 -0.8802 0.0482
vn -0.4319 -0.8917 0.1351
vn -0.7547 0.6232 0.2048
vn -0.8658 0.4503 0.2183
vn 0.0660 0.9967 0.0482
vn -0.0953 0.9920 0.0833
vn -0.9728 0.0769 -0.2183
vn -0.9703 -0.1286 0.2048
vn -0.6065 -0.7907 0.0833
vn -0.4722 -0.8802 -0.0482
vn -0.7548 0.6232 -0.2048
vn -0.8658 0.4503 -0.2183
vn 0.0660 0.9967 -0.0482
vn -0.0953 0.9920 -0.0833
vn -0.7908 0.0247 -0.6116
vn -0.9703 -0.1286 -0.2048
vn -0.5370 -0.8106 -0.2335
vn -0.6065 -0.7907 -0.0833
vn -0.6837 0.3981 -0.6116
vn -0.5839 0.5742 -0.5738
vn 0.1062 0.9851 -0.1351
vn -0.0258 0.9720 -0.2335
vn -0.4627 -0.0694 -0.8838
vn -0.7995 -0.1776 -0.5738
vn -0.3595 -0.9125 -0.1952
vn -0.4319 -0.8917 -0.1351
vn -0.3556 0.3040 -0.8838
vn -0.2761 0.4859 -0.8292
vn 0.1787 0.9643 -0.1952
vn 0.0994 0.9361 -0.3373
vn -0.4916 -0.2658 -0.8292
vn -0.4117 -0.8466 -0.3374
vn 0.0535 0.1867 -0.9810
vn 0.2556 0.8913 -0.3745
vn 0.4627 -0.0694 -0.8838
vn 0.1078 -0.3759 -0.9204
vn 0.0535 -0.1867 -0.9810
vn 0.4118 -0.8465 -0.3374
vn 0.2691 -0.9384 -0.2167
vn 0.2556 -0.8913 -0.3744
vn 0.3556 0.3040 -0.8838
vn -0.1078 0.3759 -0.9204
vn 0.2761 0.4860 -0.8292
vn -0.2556 0.8913 -0.3745
vn -0.1787 0.9643 -0.1952
vn -0.0994 0.9361 -0.3373
vn 0.7908 0.0247 -0.6116
vn 0.4916 -0.2658 -0.8292
vn 0.5370 -0.8106 -0.2335
vn 0.3595 -0.9125 -0.1952
vn 0.5839 0.5742 -0.5738
vn 0.6837 0.3981 -0.6116
vn 0.0259 0.9720 -0.2335
vn -0.1062 0.9851 -0.1351
vn 0.9703 -0.1286 -0.2048
vn 0.7995 -0.1775 -0.5738
vn 0.4722 -0.8802 -0.0482
vn 0.4319 -0.8917 -0.1351
vn 0.7548 0.6232 -0.2048
vn 0.8658 0.4503 -0.2183
vn -0.0661 0.9967 -0.0482
vn 0.0953 0.9920 -0.0833
vn 0.9728 0.0769 0.2183
vn 0.9728 0.0769 -0.2183
vn 0.6065 -0.7907 -0.0833
vn 0.4722 -0.8802 0.0482
vn 0.7548 0.6232 0.2048
vn 0.8658 0.4503 0.2183
vn -0.0660 0.9967 0.0482
vn 0.0953 0.9920 0.0833
vn 0.7908 0.0247 0.6116
vn 0.9703 -0.1286 0.2048
vn 0.5370 -0.8106 0.2335
vn 0.6065 -0.7907 0.0833
vn 0.6837 0.3981 0.6116
vn 0.5839 0.5742 0.5738
vn 0.0258 0.9720 0.2335
vn -0.1062 0.9851 0.1351
vn 0.4627 -0.0694 0.8838
vn 0.7995 -0.1776 0.5738
vn 0.3595 -0.9125 0.1952
vn 0.4319 -0.8917 0.1351
vn 0.3556 0.3040 0.8838
vn 0.2761 0.4859 0.8292
vn -0.1787 0.9643 0.1952
vn -0.0994 0.9361 0.3373
vn 0.0535 -0.1867 0.9810
vn 0.4916 -0.2658 0.8292
vn 0.4117 -0.8466 0.3374
vn 0.2691 -0.9384 0.2167
vn -0.1078 0.3759 0.9204
vn -0.0535 0.1867 0.9810
vn -0.2556 0.8913 0.3745
vn -0.2691 0.9384 0.2167
vn -0.2761 -0.4859 0.8292
vn 0.1078 -0.3759 0.9204
vn 0.2556 -0.8913 0.3744
vn 0.1787 -0.9643 0.1952
vn -0.4627 0.0694 0.8838
vn -0.4917 0.2658 0.8292
vn -0.4118 0.8466 0.3374
vn -0.3595 0.9125 0.1952
vn -0.6837 -0.3981 0.6116
vn -0.3556 -0.3040 0.8838
vn -0.0258 -0.9720 0.2335
vn 0.0994 -0.9361 0.3374
vn -0.7995 0.1776 0.5738
vn -0.7908 -0.0247 0.6116
vn -0.4319 0.8917 0.1351
vn -0.5370 0.8106 0.2335
vn -0.7548 -0.6232 0.2048
vn -0.5839 -0.5742 0.5738
vn 0.0660 -0.9967 0.0482
vn 0.1062 -0.9851 0.1351
vn -0.9703 0.1286 0.2048
vn -0.9728 -0.0769 0.2183
vn -0.4722 0.8802 0.0482
vn -0.6065 0.7907 0.0833
vn -0.8658 -0.4503 -0.2183
vn -0.8658 -0.4503 0.2183
vn -0.0953 -0.9920 -0.0833
vn -0.0953 -0.9920 0.0833
vn -0.9703 0.1286 -0.2048
vn -0.9728 -0.0769 -0.2183
vn -0.4721 0.8802 -0.0482
vn -0.6065 0.7907 -0.0833
vn -0.5839 -0.5742 -0.5739
vn -0.7547 -0.6232 -0.2048
vn -0.0258 -0.9720 -0.2334
vn 0.0661 -0.9967 -0.0482
vn -0.7908 -0.0247 -0.6116
vn -0.7995 0.1775 -0.5738
vn -0.5370 0.8106 -0.2335
vn -0.4319 0.8917 -0.1351
vn -0.3556 -0.3040 -0.8838
vn -0.6837 -0.3981 -0.6116
vn 0.0994 -0.9361 -0.3374
vn 0.1063 -0.9851 -0.1351
vn -0.4627 0.0694 -0.8838
vn -0.4916 0.2658 -0.8292
vn -0.3595 0.9125 -0.1952
vn -0.4118 0.8465 -0.3373
vn -0.2761 -0.4860 -0.8292
vn 0.1787 -0.9643 -0.1952
vn -0.0535 0.1867 -0.9810
vn -0.2691 0.9384 -0.2167
vn 0.6979 0.3716 -0.6123
vn 0.3667 0.3716 -0.8529
vn 0.7512 -0.0000 -0.6601
vn 0.5444 0.3770 -0.7493
vn 0.3957 -0.0000 -0.9184
vn 0.5444 -0.3770 -0.7493
vn 0.5878 -0.0000 -0.8090
vn 0.6979 -0.3716 -0.6123
vn 0.3667 -0.3716 -0.8529
vn 0.9245 0.3716 -0.0852
vn 0.7980 0.3716 -0.4745
vn 0.9957 -0.0000 -0.0925
vn 0.8809 0.3770 -0.2862
vn 0.8599 -0.0000 -0.5104
vn 0.8809 -0.3770 -0.2862
vn 0.9511 -0.0000 -0.3090
vn 0.9245 -0.3716 -0.0852
vn 0.7980 -0.3716 -0.4745
vn 0.7980 0.3716 0.4745
vn 0.9245 0.3716 0.0852
vn 0.8599 -0.0000 0.5104
vn 0.8809 0.3770 0.2862
vn 0.9957 -0.0000 0.0925
vn 0.8809 -0.3770 0.2862
vn 0.9511 -0.0000 0.3090
vn 0.7980 -0.3716 0.4745
vn 0.9245 -0.3716 0.0852
vn 0.3667 0.3716 0.8529
vn 0.6979 0.3716 0.6123
vn 0.3957 -0.0000 0.9184
vn 0.5444 0.3770 0.7493
vn 0.7512 -0.0000 0.6601
vn 0.5444 -0.3770 0.7493
vn 0.5878 -0.0000 0.8090
vn 0.3667 -0.3716 0.8529
vn 0.6979 -0.3716 0.6123
vn -0.2047 0.3716 0.9056
vn 0.2047 0.3716 0.9055
vn -0.2197 -0.0000 0.9756
vn -0.0000 0.3770 0.9262
vn 0.2197 -0.0000 0.9756
vn -0.0000 -0.3770 0.9262
vn -0.2047 -0.3716 0.9055
vn 0.2047 -0.3716 0.9055
vn -0.6979 0.3716 0.6123
vn -0.3667 0.3716 0.8529
vn -0.7512 -0.0000 0.6601
vn -0.5444 0.3770 0.7493
vn -0.3957 -0.0000 0.9184
vn -0.5444 -0.3770 0.7493
vn -0.5878 -0.0000 0.8090
vn -0.6979 -0.3716 0.6123
vn -0.3667 -0.3716 0.8529
vn -0.9245 0.3716 0.0852
vn -0.7980 0.3716 0.4745
vn -0.9957 -0.0000 0.0925
vn -0.8809 0.3770 0.2862
vn -0.8599 -0.0000 0.5104
vn -0.8809 -0.3770 0.2862
vn -0.9511 -0.0000 0.3090
vn -0.9245 -0.3716 0.0852
vn -0.7980 -0.3716 0.4745
vn -0.7980 0.3716 -0.4745
vn -0.9245 0.3716 -0.0852
vn -0.8599 -0.0000 -0.5104
vn -0.8809 0.3770 -0.2862
vn -0.9957 -0.0000 -0.0925
vn -0.8809 -0.3770 -0.2862
vn -0.9511 -0.0000 -0.3090
vn -0.7980 -0.3716 -0.4745
vn -0.9245 -0.3716 -0.0852
vn -0.3667 0.3716 -0.8529
vn -0.6979 0.3716 -0.6123
vn -0.3957 -0.0000 -0.9184
vn -0.5444 0.3770 -0.7493
vn -0.7512 -0.0000 -0.6601
vn -0.5444 -0.3770 -0.7493
vn -0.5878 -0.0000 -0.8090
vn -0.3667 -0.3716 -0.8529
vn -0.6979 -0.3716 -0.6123
vn 0.2047 0.3716 -0.9056
vn -0.2047 0.3716 -0.9055
vn 0.2197 -0.0000 -0.9756
vn -0.0000 0.3770 -0.9262
vn -0.2197 -0.0000 -0.9756
vn -0.0000 -0.3770 -0.9262
vn 0.2047 -0.3716 -0.9055
vn -0.2047 -0.3716 -0.9055
vn -0.2047 0.3716 0.9055
vn 0.2047 0.3716 0.9056
vn 0.3854 -0.2652 -0.8838
vn -0.0679 -0.3851 -0.9204
vn -0.0337 -0.1913 -0.9810
vn -0.1610 -0.9132 -0.3744
vn -0.0769 -0.9777 -0.1952
vn -0.1695 -0.9614 -0.2167
vn 0.4529 0.1173 -0.8838
vn 0.0679 0.3851 -0.9204
vn 0.4612 0.3157 -0.8292
vn 0.1610 0.9132 -0.3744
vn 0.2621 0.9451 -0.1952
vn 0.3210 0.8850 -0.3373
vn 0.7216 -0.3244 -0.6116
vn 0.3254 -0.4544 -0.8292
vn 0.1273 -0.9640 -0.2335
vn -0.0010 -0.9414 -0.3374
vn 0.7766 0.2601 -0.5738
vn 0.7890 0.0581 -0.6116
vn 0.4493 0.8623 -0.2335
vn 0.3364 0.9320 -0.1351
vn 0.9081 -0.3573 -0.2183
vn 0.6407 -0.5101 -0.5738
vn 0.1985 -0.9766 -0.0833
vn -0.0027 -0.9908 -0.1351
vn 0.9756 0.0252 -0.2183
vn 0.9516 0.2293 -0.2048
vn 0.3776 0.9247 -0.0482
vn 0.5206 0.8498 -0.0833
vn 0.9081 -0.3573 0.2183
vn 0.8158 -0.5409 -0.2048
vn 0.1985 -0.9766 0.0833
vn 0.0385 -0.9981 -0.0482
vn 0.9516 0.2293 0.2048
vn 0.9756 0.0252 0.2183
vn 0.3776 0.9247 0.0482
vn 0.5205 0.8498 0.0833
vn 0.6407 -0.5100 0.5738
vn 0.8158 -0.5409 0.2048
vn -0.0027 -0.9908 0.1351
vn 0.0385 -0.9981 0.0482
vn 0.7765 0.2602 0.5738
vn 0.7890 0.0581 0.6116
vn 0.3364 0.9320 0.1351
vn 0.4493 0.8623 0.2335
vn 0.3854 -0.2652 0.8838
vn 0.7216 -0.3244 0.6116
vn 0.1273 -0.9640 0.2335
vn -0.0769 -0.9777 0.1952
vn 0.4529 0.1173 0.8838
vn 0.4612 0.3157 0.8292
vn 0.2621 0.9451 0.1952
vn 0.3210 0.8850 0.3373
vn -0.0337 -0.1913 0.9810
vn 0.3254 -0.4544 0.8292
vn -0.0010 -0.9414 0.3374
vn -0.1695 -0.9614 0.2167
vn 0.0679 0.3851 0.9204
vn 0.0337 0.1913 0.9810
vn 0.1695 0.9614 0.2167
vn 0.1610 0.9132 0.3745
vn -0.4612 -0.3158 0.8292
vn -0.0679 -0.3851 0.9204
vn -0.3210 -0.8850 0.3374
vn -0.1610 -0.9132 0.3745
vn -0.3254 0.4544 0.8292
vn -0.3854 0.2652 0.8838
vn 0.0010 0.9414 0.3374
vn 0.0769 0.9777 0.1953
vn -0.7890 -0.0581 0.6116
vn -0.4529 -0.1174 0.8838
vn -0.3364 -0.9320 0.1351
vn -0.2621 -0.9451 0.1952
vn -0.7216 0.3245 0.6116
vn -0.6407 0.5101 0.5739
vn 0.0027 0.9908 0.1351
vn -0.1273 0.9640 0.2335
vn -0.9756 -0.0252 0.2183
vn -0.7766 -0.2601 0.5738
vn -0.5205 -0.8498 0.0833
vn -0.4493 -0.8623 0.2335
vn -0.9081 0.3573 0.2183
vn -0.8158 0.5409 0.2048
vn -0.1984 0.9766 0.0833
vn -0.0385 0.9981 0.0482
vn -0.9756 -0.0252 -0.2183
vn -0.9516 -0.2293 0.2048
vn -0.5205 -0.8498 -0.0833
vn -0.3776 -0.9247 0.0482
vn -0.8158 0.5409 -0.2048
vn -0.9081 0.3573 -0.2183
vn -0.1985 0.9766 -0.0833
vn -0.0385 0.9981 -0.0482
vn -0.7765 -0.2601 -0.5739
vn -0.9516 -0.2293 -0.2048
vn -0.3364 -0.9320 -0.1351
vn -0.3776 -0.9247 -0.0482
vn -0.7216 0.3244 -0.6116
vn -0.6408 0.5100 -0.5738
vn -0.1273 0.9640 -0.2334
vn 0.0027 0.9908 -0.1351
vn -0.4529 -0.1174 -0.8838
vn -0.7890 -0.0581 -0.6116
vn -0.3210 -0.8850 -0.3374
vn -0.4493 -0.8623 -0.2335
vn -0.3254 0.4544 -0.8292
vn -0.3854 0.2652 -0.8838
vn 0.0769 0.9777 -0.1952
vn 0.0010 0.9414 -0.3374
vn -0.4612 -0.3158 -0.8292
vn -0.2621 -0.9451 -0.1952
vn 0.0337 0.1913 -0.9810
vn 0.1695 0.9614 -0.2167
vn 0.0337 -0.1913 -0.9810
vn 0.4612 -0.3158 -0.8292
vn 0.0679 -0.3851 -0.9204
vn 0.3210 -0.8850 -0.3374
vn 0.1695 -0.9614 -0.2167
vn 0.1610 -0.9132 -0.3744
vn -0.0337 0.1913 -0.9810
vn 0.3254 0.4544 -0.8292
vn 0.3854 0.2652 -0.8838
vn -0.0010 0.9414 -0.3374
vn -0.1695 0.9614 -0.2167
vn -0.0769 0.9777 -0.1952
vn 0.4529 -0.1174 -0.8838
vn 0.7765 -0.2601 -0.5739
vn 0.3364 -0.9320 -0.1351
vn 0.2621 -0.9451 -0.1952
vn 0.7216 0.3245 -0.6116
vn 0.6407 0.5101 -0.5739
vn 0.1273 0.9640 -0.2335
vn -0.0027 0.9908 -0.1351
vn 0.7890 -0.0581 -0.6116
vn 0.9516 -0.2293 -0.2048
vn 0.5205 -0.8498 -0.0833
vn 0.4493 -0.8623 -0.2335
vn 0.9081 0.3573 -0.2183
vn 0.8158 0.5409 -0.2048
vn 0.1984 0.9766 -0.0833
vn 0.0385 0.9981 -0.0482
vn 0.9756 -0.0252 0.2183
vn 0.9756 -0.0252 -0.2183
vn 0.5205 -0.8498 0.0833
vn 0.3776 -0.9247 -0.0482
vn 0.8158 0.5409 0.2048
vn 0.9081 0.3573 0.2183
vn 0.1985 0.9765 0.0833
vn 0.0386 0.9981 0.0482
vn 0.7765 -0.2601 0.5739
vn 0.9516 -0.2293 0.2048
vn 0.3363 -0.9320 0.1351
vn 0.3776 -0.9247 0.0482
vn 0.7216 0.3244 0.6116
vn 0.6408 0.5100 0.5739
vn -0.0027 0.9908 0.1351
vn 0.1272 0.9640 0.2334
vn 0.4529 -0.1174 0.8838
vn 0.7890 -0.0581 0.6116
vn 0.4493 -0.8623 0.2335
vn 0.2621 -0.9451 0.1952
vn 0.3254 0.4544 0.8292
vn 0.3854 0.2652 0.8838
vn -0.0769 0.9777 0.1952
vn -0.0010 0.9414 0.3374
vn 0.0337 -0.1913 0.9810
vn 0.4612 -0.3158 0.8292
vn 0.3210 -0.8849 0.3374
vn 0.1695 -0.9614 0.2167
vn -0.0337 0.1913 0.9810
vn -0.0679 0.3851 0.9204
vn -0.1695 0.9614 0.2167
vn -0.1610 0.9132 0.3744
vn -0.3254 -0.4544 0.8292
vn 0.0679 -0.3851 0.9204
vn 0.0010 -0.9414 0.3374
vn 0.1610 -0.9132 0.3745
vn -0.4529 0.1173 0.8838
vn -0.4612 0.3157 0.8292
vn -0.2621 0.9451 0.1952
vn -0.3210 0.8850 0.3373
vn -0.3854 -0.2652 0.8838
vn -0.6407 -0.5100 0.5738
vn -0.1273 -0.9640 0.2335
vn 0.0769 -0.9777 0.1952
vn -0.7766 0.2601 0.5738
vn -0.7890 0.0581 0.6116
vn -0.4494 0.8623 0.2335
vn -0.3364 0.9320 0.1351
vn -0.9081 -0.3573 0.2183
vn -0.7216 -0.3244 0.6116
vn -0.1985 -0.9766 0.0833
vn 0.0027 -0.9908 0.1351
vn -0.9756 0.0252 0.2183
vn -0.9516 0.2293 0.2048
vn -0.5206 0.8498 0.0833
vn -0.3776 0.9247 0.0482
vn -0.9081 -0.3573 -0.2183
vn -0.8158 -0.5409 0.2048
vn -0.1985 -0.9766 -0.0833
vn -0.0385 -0.9981 0.0482
vn -0.9516 0.2293 -0.2048
vn -0.9756 0.0252 -0.2183
vn -0.3776 0.9247 -0.0482
vn -0.5205 0.8498 -0.0833
vn -0.6407 -0.5101 -0.5738
vn -0.8158 -0.5409 -0.2048
vn -0.1273 -0.9640 -0.2335
vn -0.0385 -0.9981 -0.0482
vn -0.7765 0.2602 -0.5738
vn -0.7890 0.0581 -0.6116
vn -0.3364 0.9320 -0.1351
vn -0.4493 0.8623 -0.2335
vn -0.7216 -0.3244 -0.6116
vn -0.3254 -0.4544 -0.8292
vn 0.0769 -0.9777 -0.1952
vn 0.0027 -0.9908 -0.1351
vn -0.4529 0.1174 -0.8838
vn -0.4612 0.3157 -0.8292
vn -0.2621 0.9451 -0.1952
vn -0.3210 0.8850 -0.3373
vn -0.3854 -0.2652 -0.8838
vn 0.0010 -0.9414 -0.3374
vn -0.0679 0.3851 -0.9204
vn -0.1610 0.9132 -0.3744
vn 0.7507 -0.0000 -0.6607
vn 0.3964 -0.0000 -0.9181
vn 0.9956 -0.0000 -0.0933
vn 0.8603 -0.0000 -0.5098
vn 0.6271 -0.7518 -0.2037
vn 0.3022 -0.8578 -0.4159
vn 0.3876 -0.7518 -0.5334
vn 0.4889 -0.8578 -0.1589
vn 0.2016 -0.9393 -0.2775
vn 0.3262 0.9393 -0.1060
vn 0.3022 0.8578 -0.4159
vn 0.2016 0.9393 -0.2775
vn 0.6271 0.7518 -0.2037
vn 0.3876 0.7518 -0.5334
vn 0.8603 -0.0000 0.5098
vn 0.9956 -0.0000 0.0933
vn 0.6271 -0.7518 0.2037
vn 0.4889 -0.8578 0.1588
vn 0.3262 -0.9393 -0.1060
vn 0.3262 0.9393 0.1060
vn 0.4889 0.8578 -0.1589
vn 0.4889 0.8578 0.1589
vn 0.3964 -0.0000 0.9181
vn 0.7507 -0.0000 0.6607
vn 0.3021 0.8578 0.4159
vn 0.6271 0.7518 0.2037
vn 0.3262 -0.9393 0.1060
vn 0.3022 -0.8578 0.4159
vn 0.2016 -0.9393 0.2775
vn 0.3876 -0.7518 0.5334
vn -0.2190 -0.0000 0.9757
vn 0.2190 -0.0000 0.9757
vn -0.0000 0.9393 0.3430
vn 0.2016 0.9393 0.2775
vn -0.0000 0.8578 0.5141
vn 0.3876 0.7518 0.5334
vn -0.0000 -0.9393 0.3430
vn -0.0000 -0.8578 0.5141
vn -0.0000 -0.7518 0.6593
vn -0.7507 -0.0000 0.6607
vn -0.3964 -0.0000 0.9181
vn -0.3022 -0.8578 0.4159
vn -0.2016 -0.9393 0.2775
vn -0.3876 -0.7518 0.5334
vn -0.0000 0.7518 0.6593
vn -0.3022 0.8578 0.4159
vn -0.3875 0.7518 0.5334
vn -0.2016 0.9393 0.2775
vn -0.9956 -0.0000 0.0933
vn -0.8603 -0.0000 0.5097
vn -0.4889 -0.8578 0.1589
vn -0.3262 -0.9393 0.1060
vn -0.6271 -0.7518 0.2037
vn -0.6271 0.7518 0.2037
vn -0.4889 0.8578 0.1589
vn -0.3262 0.9393 0.1060
vn -0.8603 -0.0000 -0.5097
vn -0.9956 -0.0000 -0.0933
vn -0.4889 -0.8578 -0.1589
vn -0.3262 -0.9393 -0.1060
vn -0.6271 -0.7518 -0.2037
vn -0.6271 0.7518 -0.2037
vn -0.4889 0.8578 -0.1588
vn -0.3262 0.9393 -0.1060
vn -0.3964 -0.0000 -0.9181
vn -0.7507 -0.0000 -0.6607
vn -0.3022 -0.8578 -0.4159
vn -0.2016 -0.9393 -0.2775
vn -0.3876 -0.7518 -0.5334
vn -0.3022 0.8578 -0.4159
vn -0.3876 0.7518 -0.5334
vn -0.2016 0.9393 -0.2775
vn 0.2190 -0.0000 -0.9757
vn -0.2190 -0.0000 -0.9757
vn -0.0000 0.8578 -0.5141
vn -0.0000 0.7518 -0.6593
vn -0.0000 0.9393 -0.3430
vn -0.0000 -0.8578 -0.5141
vn -0.0000 -0.7518 -0.6593
vn -0.0000 -0.9393 -0.3430
vn 0.8603 -0.0000 0.5097
vn 0.4889 0.8578 0.1588
vn 0.3022 0.8578 0.4159
vn 0.3875 -0.7518 0.5334
vn -0.3876 0.7518 0.5334
vn -0.8603 -0.0000 0.5098
vn -0.8603 -0.0000 -0.5098
vn -0.4889 -0.8578 -0.1588
vn -0.1368 -0.9152 0.3791
vn -0.3790 -0.9152 -0.1369
vn -0.9152 0.3791 -0.1368
vn 0.3791 -0.9152 0.1368
vn 0.9152 -0.3791 -0.1368
vn 0.0365 0.9075 -0.4185
vn 0.3442 -0.9075 -0.2409
vn 0.2408 0.9075 -0.3442
vn 0.4185 -0.9075 -0.0365
vn 0.4185 0.9075 0.0365
vn 0.2408 -0.9075 0.3442
vn 0.3442 0.9075 0.2409
vn 0.0365 -0.9075 0.4185
vn -0.0365 0.9075 0.4185
vn -0.3442 -0.9075 0.2409
vn -0.2408 0.9075 0.3442
vn -0.4185 -0.9075 0.0365
vn -0.4185 0.9075 -0.0365
vn -0.2408 -0.9075 -0.3442
vn -0.3442 0.9075 -0.2409
vn -0.0365 -0.9075 -0.4185
vn -0.3791 -0.9152 -0.1368
vn -0.9152 -0.3791 0.1368
vn -0.3791 0.9152 0.1368
vn -0.3791 0.1368 -0.9152
vn -0.1368 0.9152 -0.3791
vn 0.3791 0.9152 -0.1368
vn 0.9152 0.3791 0.1368
vn -0.1368 -0.3791 -0.9152
vn 0.1368 0.9152 0.3791
vn 0.2416 0.4802 -0.8432
vn -0.2416 0.4802 -0.8433
vn 0.2728 -0.0000 -0.9621
vn -0.0000 0.4884 -0.8726
vn -0.2728 -0.0000 -0.9621
vn -0.0000 -0.4884 -0.8726
vn 0.2416 -0.4802 -0.8432
vn -0.2416 -0.4802 -0.8432
vn 0.7671 0.4802 -0.4254
vn 0.4254 0.4802 -0.7671
vn 0.8732 -0.0000 -0.4874
vn 0.6170 0.4884 -0.6171
vn 0.4874 -0.0000 -0.8732
vn 0.6170 -0.4884 -0.6171
vn 0.7071 -0.0000 -0.7071
vn 0.7671 -0.4802 -0.4254
vn 0.4254 -0.4802 -0.7671
vn 0.8433 0.4802 0.2416
vn 0.8432 0.4802 -0.2416
vn 0.9621 -0.0000 0.2728
vn 0.8726 0.4884 -0.0000
vn 0.9621 -0.0000 -0.2728
vn 0.8726 -0.4884 -0.0000
vn 0.8433 -0.4802 0.2416
vn 0.8433 -0.4802 -0.2416
vn 0.4254 0.4802 0.7671
vn 0.7671 0.4802 0.4254
vn 0.4874 -0.0000 0.8732
vn 0.6171 0.4884 0.6170
vn 0.8732 -0.0000 0.4874
vn 0.6171 -0.4884 0.6170
vn 0.7071 -0.0000 0.7071
vn 0.4254 -0.4802 0.7671
vn 0.7671 -0.4802 0.4254
vn -0.2416 0.4802 0.8432
vn 0.2416 0.4802 0.8433
vn -0.2728 -0.0000 0.9621
vn -0.0000 0.4884 0.8726
vn 0.2728 -0.0000 0.9621
vn -0.0000 -0.4884 0.8726
vn -0.2416 -0.4802 0.8432
vn 0.2416 -0.4802 0.8432
vn -0.7671 0.4802 0.4254
vn -0.4254 0.4802 0.7671
vn -0.8732 -0.0000 0.4874
vn -0.6170 0.4884 0.6170
vn -0.4874 -0.0000 0.8732
vn -0.6170 -0.4884 0.6171
vn -0.7071 -0.0000 0.7071
vn -0.7671 -0.4802 0.4254
vn -0.4254 -0.4802 0.7671
vn -0.8433 0.4802 -0.2416
vn -0.8432 0.4802 0.2416
vn -0.9621 -0.0000 -0.2728
vn -0.8726 0.4884 -0.0000
vn -0.9621 -0.0000 0.2728
vn -0.8726 -0.4884 -0.0000
vn -0.8433 -0.4802 -0.2416
vn -0.8433 -0.4802 0.2416
vn -0.4254 0.4802 -0.7671
vn -0.7671 0.4802 -0.4254
vn -0.4874 -0.0000 -0.8732
vn -0.6171 0.4884 -0.6170
vn -0.8732 -0.0000 -0.4874
vn -0.6171 -0.4884 -0.6170
vn -0.7071 -0.0000 -0.7071
vn -0.4254 -0.4802 -0.7671
vn -0.7671 -0.4802 -0.4254
vn 0.2416 0.4802 0.8432
vn -0.3791 -0.1368 0.9152
vn 0.3791 -0.1368 -0.9152
vn 0.3792 -0.9151 0.1368
vn -0.3790 -0.9152 -0.1368
vn 0.7671 0.4801 -0.4254
vn 0.4254 0.4801 -0.7671
vn 0.6171 0.4883 -0.6171
vn 0.6171 -0.4883 -0.6171
vn 0.7671 -0.4801 -0.4254
vn 0.4254 -0.4801 -0.7671
vn 0.8433 0.4801 0.2416
vn 0.8433 0.4801 -0.2416
vn 0.8727 0.4883 -0.0000
vn 0.8727 -0.4883 -0.0000
vn 0.8433 -0.4801 0.2416
vn 0.8433 -0.4801 -0.2416
vn 0.4254 0.4801 0.7671
vn 0.7671 0.4801 0.4254
vn 0.6171 0.4883 0.6171
vn 0.6171 -0.4883 0.6171
vn 0.4254 -0.4801 0.7671
vn 0.7671 -0.4801 0.4254
vn -0.2416 0.4801 0.8433
vn 0.2416 0.4801 0.8433
vn -0.0000 0.4883 0.8727
vn -0.0000 -0.4883 0.8727
vn -0.2416 -0.4801 0.8433
vn 0.2416 -0.4801 0.8433
vn -0.7671 0.4801 0.4254
vn -0.4254 0.4801 0.7671
vn -0.6171 0.4883 0.6171
vn -0.6171 -0.4883 0.6171
vn -0.7671 -0.4801 0.4254
vn -0.4254 -0.4801 0.7671
vn -0.8433 0.4801 -0.2416
vn -0.8433 0.4801 0.2416
vn -0.8727 0.4883 -0.0000
vn -0.8727 -0.4883 -0.0000
vn -0.8433 -0.4801 -0.2416
vn -0.8433 -0.4801 0.2416
vn -0.4254 0.4801 -0.7671
vn -0.7671 0.4801 -0.4254
vn -0.6171 0.4883 -0.6171
vn -0.6171 -0.4883 -0.6171
vn -0.4254 -0.4801 -0.7671
vn -0.7671 -0.4801 -0.4254
vn 0.2416 0.4801 -0.8433
vn -0.2416 0.4801 -0.8433
vn -0.0000 0.4883 -0.8727
vn -0.0000 -0.4883 -0.8727
vn 0.2416 -0.4801 -0.8433
vn -0.2416 -0.4801 -0.8433
vn -0.8732 -0.0000 0.4873
vn 0.2997 -0.4382 -0.8474
vn 0.1184 0.8950 -0.4301
vn 0.4301 -0.8950 -0.1184
vn 0.3469 0.9067 -0.2399
vn 0.8472 -0.4388 0.2996
vn 0.3881 -0.8948 0.2206
vn 0.3874 -0.4382 0.8111
vn 0.2400 0.9067 0.3470
vn -0.2400 -0.9067 0.3470
vn -0.3873 0.4382 0.8111
vn -0.8471 0.4389 0.2996
vn -0.3881 0.8948 0.2206
vn -0.3469 -0.9067 -0.2400
vn -0.4301 0.8950 -0.1184
vn -0.1184 -0.8950 -0.4301
vn -0.2997 0.4382 -0.8474
vn 0.2201 0.3871 -0.8954
vn 0.3880 0.8118 0.4365
vn 0.8118 0.3880 -0.4365
vn 0.3871 0.2201 0.8954
vn 0.3871 -0.2201 -0.8954
vn 0.8118 -0.3880 0.4364
vn 0.3880 -0.8118 -0.4365
vn 0.2201 -0.3871 0.8954
vn -0.2201 -0.3871 -0.8954
vn -0.3880 -0.8118 0.4365
vn -0.8118 -0.3880 -0.4364
vn -0.3871 -0.2201 0.8954
vn -0.3871 0.2201 -0.8954
vn -0.8118 0.3880 0.4364
vn -0.3880 0.8118 -0.4365
vn -0.2201 0.3871 0.8954
vn 0.8109 0.3872 -0.4389
vn 0.4304 0.1185 -0.8948
vn 0.8471 0.2996 0.4389
vn 0.3881 0.2206 0.8948
vn 0.8471 -0.2996 -0.4389
vn 0.3881 -0.2206 -0.8948
vn 0.8109 -0.3872 0.4388
vn 0.4304 -0.1185 0.8948
vn -0.8109 -0.3872 -0.4388
vn -0.4304 -0.1185 -0.8948
vn -0.8471 -0.2996 0.4388
vn -0.3881 -0.2206 0.8948
vn -0.8471 0.2996 -0.4389
vn -0.3881 0.2206 -0.8948
vn -0.8109 0.3872 0.4388
vn -0.4304 0.1185 0.8948
vn -0.3790 0.9152 0.1368
vn 0.3791 0.1368 0.9152
vn 0.2992 -0.4342 -0.8497
vn 0.1175 0.8959 -0.4285
vn 0.4150 -0.9067 -0.0757
vn 0.8497 0.4342 -0.2991
vn 0.3470 -0.9067 0.2400
vn 0.4285 0.8959 0.1175
vn 0.1175 -0.8959 0.4285
vn 0.2992 0.4342 0.8497
vn -0.2992 -0.4342 0.8497
vn -0.1175 0.8959 0.4285
vn -0.4150 -0.9067 0.0757
vn -0.4150 0.9067 -0.0756
vn -0.1175 -0.8959 -0.4285
vn -0.2991 0.4342 -0.8497
vn -0.0000 -0.2324 -0.9726
vn -0.0000 0.2324 -0.9726
vn 0.1777 -0.9075 -0.3807
vn 0.4863 -0.2324 -0.8423
vn 0.4863 0.2325 -0.8423
vn 0.8423 -0.2324 -0.4863
vn 0.3807 0.9075 -0.1777
vn 0.8423 0.2325 -0.4863
vn 0.9726 -0.2324 -0.0000
vn 0.9726 0.2325 -0.0000
vn 0.3807 -0.9075 0.1776
vn 0.8423 -0.2325 0.4863
vn 0.8423 0.2325 0.4863
vn 0.4863 -0.2324 0.8423
vn 0.1777 0.9075 0.3807
vn 0.4863 0.2325 0.8423
vn -0.0000 -0.2324 0.9726
vn -0.0000 0.2324 0.9726
vn -0.1777 -0.9075 0.3807
vn -0.4863 -0.2324 0.8423
vn -0.4863 0.2325 0.8423
vn -0.8423 -0.2324 0.4863
vn -0.3807 0.9075 0.1777
vn -0.8423 0.2325 0.4863
vn -0.9726 -0.2324 -0.0000
vn -0.9726 0.2325 -0.0000
vn -0.3807 -0.9075 -0.1776
vn -0.8423 -0.2325 -0.4863
vn -0.8423 0.2325 -0.4863
vn -0.4863 -0.2324 -0.8423
vn -0.1777 0.9075 -0.3807
vn -0.4863 0.2325 -0.8423
vn -0.9152 -0.1368 -0.3791
vn 0.2395 -0.9068 -0.3470
vn 0.6889 -0.2251 -0.6890
vn 0.6889 0.2251 -0.6890
vn 0.4151 0.9066 0.0757
vn 0.9743 0.2251 -0.0000
vn 0.6890 0.2251 0.6890
vn 0.0761 -0.9068 0.4147
vn -0.0000 -0.2251 0.9743
vn -0.0761 0.9068 0.4147
vn -0.0000 0.2251 0.9743
vn -0.6889 -0.2251 0.6890
vn -0.4151 -0.9066 0.0756
vn -0.9743 -0.2251 -0.0000
vn -0.6890 -0.2251 -0.6890
vn -0.2395 0.9068 -0.3470
vn -0.6889 0.2251 -0.6890
vn -0.0772 0.4138 -0.9071
vn -0.0000 0.9743 -0.2251
vn 0.0771 0.4138 0.9071
vn -0.0000 0.9743 0.2251
vn 0.4138 0.0771 -0.9071
vn 0.9743 -0.0000 -0.2251
vn 0.4138 -0.0771 0.9071
vn 0.9743 -0.0000 0.2251
vn 0.0771 -0.4138 -0.9071
vn -0.0001 -0.9743 -0.2251
vn -0.0771 -0.4138 0.9071
vn 0.0001 -0.9743 0.2251
vn -0.4138 -0.0771 -0.9071
vn -0.9743 -0.0000 -0.2251
vn -0.4138 0.0771 0.9071
vn -0.9743 -0.0000 0.2251
vn -0.0000 -0.9743 -0.2251
vn 0.2362 -0.9075 -0.3473
vn 0.6890 -0.2251 -0.6890
vn 0.3473 0.9075 -0.2362
vn 0.6890 0.2251 -0.6890
vn 0.9743 -0.2251 -0.0000
vn 0.6890 -0.2251 0.6890
vn 0.2362 0.9075 0.3473
vn -0.2363 -0.9075 0.3473
vn -0.6890 -0.2251 0.6890
vn -0.3470 0.9067 0.2400
vn -0.6890 0.2251 0.6890
vn -0.9743 0.2251 -0.0000
vn -0.3470 -0.9067 -0.2400
vn -0.2362 0.9075 -0.3473
vn -0.6890 0.2251 -0.6890
vt 0.837644 0.368205
vt 0.842049 0.371299
vt 0.837644 0.371299
vt 0.827766 0.739726
vt 0.826821 0.743252
vt 0.825877 0.739726
vt 0.834424 0.024043
vt 0.833481 0.020518
vt 0.835370 0.020518
vt 0.837644 0.381693
vt 0.842049 0.378599
vt 0.841016 0.381693
vt 0.842412 0.374949
vt 0.837644 0.374949
vt 0.828569 0.736738
vt 0.825078 0.736738
vt 0.832682 0.017528
vt 0.837644 0.378599
vt 0.843484 0.381693
vt 0.772047 0.804204
vt 0.775701 0.801338
vt 0.775697 0.804832
vt 0.822055 0.738484
vt 0.836173 0.017528
vt 0.837006 0.021462
vt 0.779350 0.800976
vt 0.779346 0.804204
vt 0.768952 0.802414
vt 0.772051 0.800976
vt 0.824241 0.740671
vt 0.839196 0.019274
vt 0.837950 0.023098
vt 0.779352 0.796569
vt 0.768955 0.799944
vt 0.772053 0.796569
vt 0.823296 0.742307
vt 0.782442 0.799944
vt 0.782443 0.796571
vt 0.775703 0.796569
vt 0.820309 0.741507
vt 0.779350 0.792165
vt 0.768955 0.793200
vt 0.772051 0.792165
vt 0.823296 0.744196
vt 0.837950 0.024987
vt 0.782442 0.793200
vt 0.775701 0.791801
vt 0.820309 0.744998
vt 0.840941 0.022297
vt 0.837006 0.026623
vt 0.515174 0.798397
vt 0.512080 0.796963
vt 0.515174 0.795929
vt 0.504781 0.800188
vt 0.508430 0.797326
vt 0.508430 0.800816
vt 0.824241 0.745832
vt 0.822055 0.748021
vt 0.840941 0.025788
vt 0.512080 0.800188
vt 0.772047 0.788943
vt 0.504781 0.792557
vt 0.508430 0.792557
vt 0.825877 0.746777
vt 0.825078 0.749766
vt 0.839196 0.028811
vt 0.835370 0.027568
vt 0.512080 0.792557
vt 0.501687 0.795929
vt 0.504781 0.796963
vt 0.515174 0.792557
vt 0.832682 0.030556
vt 0.833481 0.027568
vt 0.508430 0.787789
vt 0.512080 0.788152
vt 0.501687 0.789186
vt 0.504781 0.788152
vt 0.827766 0.746777
vt 0.515174 0.789186
vt 0.828569 0.749766
vt 0.504781 0.784927
vt 0.829402 0.745832
vt 0.831845 0.026623
vt 0.515174 0.786717
vt 0.508430 0.784298
vt 0.831592 0.748021
vt 0.829659 0.028811
vt 0.512080 0.784927
vt 0.830900 0.024987
vt 0.125180 0.831992
vt 0.128549 0.828896
vt 0.128551 0.831991
vt 0.124144 0.821598
vt 0.128548 0.825247
vt 0.123780 0.825247
vt 0.830346 0.744196
vt 0.833337 0.744998
vt 0.124144 0.828897
vt 0.125179 0.818505
vt 0.128548 0.821597
vt 0.830346 0.742307
vt 0.833337 0.741507
vt 0.827913 0.025788
vt 0.830900 0.023098
vt 0.132955 0.828896
vt 0.131922 0.818504
vt 0.132954 0.821597
vt 0.131923 0.831991
vt 0.133317 0.825247
vt 0.827913 0.022297
vt 0.831845 0.021462
vt 0.136811 0.825247
vt 0.136183 0.828897
vt 0.134393 0.818505
vt 0.136182 0.821598
vt 0.829402 0.740671
vt 0.134394 0.831992
vt 0.831592 0.738484
vt 0.833238 0.378599
vt 0.834272 0.381693
vt 0.832875 0.374949
vt 0.829659 0.019274
vt 0.833238 0.371299
vt 0.839783 0.521535
vt 0.844188 0.524629
vt 0.839783 0.524629
vt 0.024985 0.828757
vt 0.024040 0.832282
vt 0.023096 0.828757
vt 0.835555 0.291081
vt 0.834612 0.287556
vt 0.836501 0.287556
vt 0.839783 0.535022
vt 0.844188 0.531928
vt 0.843155 0.535022
vt 0.844551 0.528278
vt 0.839783 0.528278
vt 0.022297 0.825769
vt 0.025788 0.825769
vt 0.837304 0.284567
vt 0.839783 0.531928
vt 0.847413 0.531928
vt 0.845623 0.535022
vt 0.720151 0.804329
vt 0.723805 0.801463
vt 0.723801 0.804957
vt 0.019274 0.827515
vt 0.838137 0.288501
vt 0.727450 0.804329
vt 0.727454 0.801101
vt 0.717056 0.802539
vt 0.720155 0.801101
vt 0.021460 0.829702
vt 0.840327 0.286312
vt 0.839081 0.290137
vt 0.727455 0.796694
vt 0.717060 0.796696
vt 0.720156 0.796694
vt 0.020515 0.831338
vt 0.730547 0.796696
vt 0.730546 0.800069
vt 0.723807 0.796693
vt 0.017528 0.830538
vt 0.727454 0.792290
vt 0.720155 0.792290
vt 0.020515 0.833227
vt 0.839081 0.292026
vt 0.730546 0.793325
vt 0.723805 0.791926
vt 0.017528 0.834028
vt 0.842072 0.292826
vt 0.838137 0.293662
vt 0.618168 0.798399
vt 0.615074 0.796965
vt 0.618168 0.795931
vt 0.607775 0.800190
vt 0.611424 0.797328
vt 0.611424 0.800818
vt 0.019274 0.837052
vt 0.840327 0.295849
vt 0.615074 0.800190
vt 0.717059 0.793325
vt 0.720151 0.789068
vt 0.021460 0.834863
vt 0.607775 0.796965
vt 0.611424 0.792559
vt 0.023096 0.835808
vt 0.022297 0.838797
vt 0.836501 0.294606
vt 0.615074 0.792559
vt 0.604681 0.795931
vt 0.607775 0.792559
vt 0.618168 0.792559
vt 0.837304 0.297594
vt 0.834612 0.294606
vt 0.615074 0.788154
vt 0.604681 0.792559
vt 0.607775 0.788154
vt 0.024985 0.835808
vt 0.618168 0.789188
vt 0.611424 0.787791
vt 0.025788 0.838797
vt 0.604681 0.789188
vt 0.607775 0.784929
vt 0.026621 0.834863
vt 0.832976 0.293662
vt 0.618168 0.786719
vt 0.611424 0.784300
vt 0.028811 0.837052
vt 0.833813 0.297594
vt 0.615074 0.784929
vt 0.832031 0.292026
vt 0.819944 0.245212
vt 0.824351 0.248306
vt 0.820980 0.248307
vt 0.819944 0.237913
vt 0.824348 0.241561
vt 0.819580 0.241562
vt 0.027566 0.833227
vt 0.030556 0.834028
vt 0.830790 0.295849
vt 0.824349 0.245211
vt 0.824350 0.234819
vt 0.824348 0.237912
vt 0.030556 0.830538
vt 0.829044 0.292826
vt 0.832031 0.290137
vt 0.828755 0.245211
vt 0.828754 0.237912
vt 0.027566 0.831338
vt 0.827723 0.248306
vt 0.829117 0.241561
vt 0.829044 0.289335
vt 0.832976 0.288501
vt 0.831983 0.245212
vt 0.830193 0.234819
vt 0.831983 0.237913
vt 0.026621 0.829702
vt 0.830194 0.248307
vt 0.832611 0.241562
vt 0.028811 0.827515
vt 0.835377 0.531928
vt 0.836411 0.535022
vt 0.835015 0.528278
vt 0.830790 0.286312
vt 0.835377 0.524629
vt 0.738070 0.288930
vt 0.742825 0.284567
vt 0.744282 0.288930
vt 0.512202 0.735083
vt 0.510869 0.740054
vt 0.509538 0.735083
vt 0.670051 0.740058
vt 0.668720 0.735087
vt 0.671384 0.735087
vt 0.738070 0.299224
vt 0.742825 0.303587
vt 0.738070 0.303587
vt 0.744794 0.294077
vt 0.738070 0.294077
vt 0.513334 0.730869
vt 0.508411 0.730869
vt 0.667593 0.730871
vt 0.744282 0.299224
vt 0.746306 0.303587
vt 0.128145 0.730355
vt 0.133299 0.726313
vt 0.133293 0.731241
vt 0.504148 0.733331
vt 0.676779 0.733333
vt 0.673691 0.736419
vt 0.138444 0.725802
vt 0.138439 0.730355
vt 0.123780 0.727831
vt 0.128151 0.725802
vt 0.507231 0.736415
vt 0.675023 0.738726
vt 0.138446 0.719588
vt 0.123784 0.724347
vt 0.128153 0.719588
vt 0.505898 0.738723
vt 0.142805 0.724347
vt 0.142806 0.719591
vt 0.133301 0.719587
vt 0.501687 0.737594
vt 0.138444 0.713377
vt 0.123786 0.719591
vt 0.128151 0.713377
vt 0.505898 0.741387
vt 0.675023 0.741390
vt 0.142805 0.714837
vt 0.133299 0.712864
vt 0.501687 0.742517
vt 0.679240 0.737596
vt 0.673691 0.743698
vt 0.423114 0.697001
vt 0.427477 0.690996
vt 0.427477 0.694476
vt 0.412820 0.697001
vt 0.417967 0.692965
vt 0.417967 0.697888
vt 0.504148 0.746780
vt 0.676779 0.746782
vt 0.423114 0.692453
vt 0.123784 0.714837
vt 0.128145 0.708833
vt 0.507231 0.743694
vt 0.412820 0.686240
vt 0.417967 0.686240
vt 0.508411 0.749241
vt 0.671384 0.745030
vt 0.423114 0.686240
vt 0.408457 0.690996
vt 0.412820 0.692453
vt 0.509538 0.745026
vt 0.427477 0.686240
vt 0.672516 0.749243
vt 0.668720 0.745030
vt 0.423114 0.680028
vt 0.408457 0.686240
vt 0.412820 0.680028
vt 0.512202 0.745026
vt 0.427477 0.681485
vt 0.417967 0.679516
vt 0.513334 0.749241
vt 0.408457 0.681485
vt 0.412820 0.675480
vt 0.514509 0.743694
vt 0.666412 0.743698
vt 0.423114 0.675480
vt 0.427477 0.678004
vt 0.417967 0.674593
vt 0.517597 0.746780
vt 0.667593 0.749243
vt 0.665080 0.741390
vt 0.018042 0.734487
vt 0.024256 0.738850
vt 0.019502 0.738851
vt 0.017528 0.729340
vt 0.024252 0.724192
vt 0.024251 0.729338
vt 0.520059 0.742517
vt 0.663330 0.746782
vt 0.024253 0.734486
vt 0.018041 0.724193
vt 0.024254 0.719830
vt 0.515841 0.741387
vt 0.520059 0.737594
vt 0.660868 0.737596
vt 0.665080 0.738726
vt 0.030978 0.729338
vt 0.030467 0.734486
vt 0.030466 0.724192
vt 0.515841 0.738723
vt 0.029012 0.738850
vt 0.666412 0.736419
vt 0.035905 0.729340
vt 0.035020 0.734487
vt 0.032495 0.719831
vt 0.035019 0.724193
vt 0.514509 0.736415
vt 0.032496 0.738851
vt 0.517597 0.733331
vt 0.731857 0.299224
vt 0.733315 0.303587
vt 0.731857 0.288930
vt 0.731345 0.294077
vt 0.663330 0.733333
vt 0.733315 0.284567
vt 0.415182 0.737308
vt 0.419937 0.732945
vt 0.421394 0.737308
vt 0.615202 0.745028
vt 0.613871 0.740056
vt 0.617509 0.743696
vt 0.211542 0.738111
vt 0.210209 0.743082
vt 0.207902 0.741750
vt 0.415182 0.747602
vt 0.419937 0.751965
vt 0.415182 0.751965
vt 0.421906 0.742455
vt 0.415182 0.742455
vt 0.620592 0.746782
vt 0.616328 0.749243
vt 0.209077 0.747296
vt 0.421394 0.747602
vt 0.423418 0.751965
vt 0.361748 0.705497
vt 0.356606 0.700058
vt 0.361754 0.700569
vt 0.623053 0.742519
vt 0.204814 0.744835
vt 0.206570 0.739443
vt 0.366900 0.700058
vt 0.366894 0.704611
vt 0.356601 0.704611
vt 0.352240 0.698603
vt 0.618841 0.741389
vt 0.202352 0.740571
vt 0.206570 0.736779
vt 0.366902 0.693844
vt 0.352241 0.693847
vt 0.356608 0.693844
vt 0.618841 0.738725
vt 0.371262 0.693847
vt 0.371260 0.698603
vt 0.361756 0.693843
vt 0.623053 0.737596
vt 0.361754 0.687120
vt 0.366900 0.687633
vt 0.356606 0.687633
vt 0.617509 0.736417
vt 0.207902 0.734471
vt 0.371260 0.689093
vt 0.620592 0.733333
vt 0.202352 0.735649
vt 0.210209 0.733139
vt 0.306710 0.699815
vt 0.311074 0.693810
vt 0.311074 0.697290
vt 0.296417 0.699815
vt 0.301564 0.695779
vt 0.301564 0.700702
vt 0.616328 0.730871
vt 0.204814 0.731385
vt 0.306710 0.695267
vt 0.352236 0.685615
vt 0.356601 0.683089
vt 0.615202 0.735085
vt 0.296417 0.695267
vt 0.301564 0.689054
vt 0.611406 0.730871
vt 0.214000 0.728924
vt 0.212873 0.733139
vt 0.306710 0.689054
vt 0.292054 0.689054
vt 0.296417 0.689054
vt 0.612537 0.735085
vt 0.311074 0.689054
vt 0.218263 0.731385
vt 0.215181 0.734471
vt 0.301564 0.682330
vt 0.306710 0.682842
vt 0.296417 0.682842
vt 0.610230 0.736417
vt 0.311074 0.684299
vt 0.607142 0.733333
vt 0.292054 0.684299
vt 0.296417 0.678294
vt 0.608898 0.738725
vt 0.216513 0.736779
vt 0.306710 0.678294
vt 0.311074 0.680818
vt 0.301564 0.677407
vt 0.604681 0.737596
vt 0.216513 0.739443
vt 0.724701 0.036549
vt 0.729452 0.032184
vt 0.729455 0.036549
vt 0.723240 0.021892
vt 0.729450 0.027037
vt 0.722727 0.027038
vt 0.604681 0.742519
vt 0.220724 0.735649
vt 0.723241 0.032186
vt 0.724699 0.017529
vt 0.729451 0.021891
vt 0.608898 0.741389
vt 0.610230 0.743696
vt 0.607142 0.746782
vt 0.220724 0.740571
vt 0.215181 0.741750
vt 0.735666 0.032184
vt 0.729453 0.017528
vt 0.735665 0.021891
vt 0.734211 0.036549
vt 0.736177 0.027037
vt 0.218263 0.744835
vt 0.212873 0.743082
vt 0.740219 0.032186
vt 0.734210 0.017528
vt 0.740218 0.021892
vt 0.612537 0.745028
vt 0.737695 0.036549
vt 0.741104 0.027038
vt 0.611406 0.749243
vt 0.408969 0.747602
vt 0.410426 0.751965
vt 0.408969 0.737308
vt 0.408457 0.742455
vt 0.214000 0.747296
vt 0.415182 0.732945
vt 0.209702 0.884171
vt 0.207121 0.885009
vt 0.208716 0.882814
vt 0.657993 0.885345
vt 0.655412 0.884505
vt 0.656398 0.883148
vt 0.207121 0.882295
vt 0.657993 0.882630
vt 0.205526 0.882814
vt 0.659589 0.883148
vt 0.204540 0.884171
vt 0.660574 0.884505
vt 0.660574 0.886183
vt 0.204540 0.885848
vt 0.205526 0.887205
vt 0.659589 0.887540
vt 0.207121 0.887723
vt 0.657993 0.888058
vt 0.208716 0.887205
vt 0.656398 0.887540
vt 0.655412 0.886183
vt 0.209702 0.885848
vt 0.885163 0.607391
vt 0.883569 0.605196
vt 0.886149 0.606034
vt 0.885101 0.373120
vt 0.882520 0.373958
vt 0.882520 0.372281
vt 0.886149 0.604357
vt 0.883505 0.370924
vt 0.885163 0.603000
vt 0.885101 0.370406
vt 0.883568 0.602482
vt 0.886696 0.370924
vt 0.887682 0.372281
vt 0.881973 0.603000
vt 0.880987 0.604357
vt 0.887682 0.373958
vt 0.880987 0.606034
vt 0.886696 0.375315
vt 0.881973 0.607391
vt 0.885101 0.375834
vt 0.883505 0.375315
vt 0.883568 0.607910
vt 0.303153 0.622336
vt 0.307781 0.619533
vt 0.308226 0.622703
vt 0.304758 0.561484
vt 0.306013 0.565195
vt 0.304757 0.564973
vt 0.308390 0.626213
vt 0.302901 0.625816
vt 0.304756 0.568646
vt 0.302636 0.629479
vt 0.308266 0.629887
vt 0.307860 0.633540
vt 0.302370 0.633142
vt 0.424782 0.548468
vt 0.421165 0.549106
vt 0.424346 0.547270
vt 0.307191 0.636989
vt 0.302118 0.636622
vt 0.427367 0.545526
vt 0.428218 0.547864
vt 0.306294 0.640062
vt 0.301892 0.639743
vt 0.430078 0.543963
vt 0.431300 0.547322
vt 0.304762 0.555741
vt 0.308280 0.558975
vt 0.304760 0.558355
vt 0.303379 0.619215
vt 0.307078 0.616862
vt 0.307207 0.561916
vt 0.313218 0.626563
vt 0.307117 0.565833
vt 0.313218 0.630245
vt 0.312687 0.633890
vt 0.423526 0.546292
vt 0.311652 0.637312
vt 0.425768 0.543621
vt 0.310166 0.640343
vt 0.427780 0.541225
vt 0.309176 0.556519
vt 0.311375 0.560762
vt 0.432342 0.542659
vt 0.429461 0.539226
vt 0.309361 0.563160
vt 0.311652 0.619814
vt 0.312687 0.623027
vt 0.307937 0.566810
vt 0.123780 0.587014
vt 0.128382 0.583345
vt 0.128175 0.587018
vt 0.128382 0.590691
vt 0.124097 0.590687
vt 0.422421 0.545655
vt 0.125032 0.594174
vt 0.128991 0.594178
vt 0.423614 0.542377
vt 0.126537 0.597302
vt 0.129973 0.597306
vt 0.424685 0.539438
vt 0.313057 0.558760
vt 0.313672 0.563500
vt 0.425579 0.536985
vt 0.310960 0.565065
vt 0.126537 0.576720
vt 0.128991 0.579855
vt 0.125032 0.579851
vt 0.124097 0.583341
vt 0.133564 0.587021
vt 0.133635 0.590693
vt 0.421165 0.545433
vt 0.133846 0.594180
vt 0.421165 0.541946
vt 0.134186 0.597308
vt 0.421165 0.538818
vt 0.315938 0.562194
vt 0.314895 0.566859
vt 0.421166 0.536207
vt 0.311811 0.567403
vt 0.129973 0.576723
vt 0.133846 0.579857
vt 0.308374 0.568008
vt 0.133635 0.583347
vt 0.139224 0.590693
vt 0.419908 0.545655
vt 0.139011 0.594180
vt 0.418715 0.542377
vt 0.138668 0.597308
vt 0.417645 0.539438
vt 0.134637 0.599918
vt 0.138211 0.599918
vt 0.134637 0.574108
vt 0.138668 0.576725
vt 0.134186 0.576725
vt 0.311811 0.569890
vt 0.139011 0.579857
vt 0.308374 0.569284
vt 0.139224 0.583347
vt 0.139296 0.587021
vt 0.418804 0.546292
vt 0.144474 0.590691
vt 0.143862 0.594178
vt 0.416561 0.543621
vt 0.142878 0.597306
vt 0.414550 0.541225
vt 0.317471 0.570887
vt 0.313672 0.573792
vt 0.314895 0.570433
vt 0.416752 0.536985
vt 0.412871 0.539226
vt 0.310960 0.572227
vt 0.142878 0.576723
vt 0.143862 0.579855
vt 0.307937 0.570483
vt 0.144474 0.583345
vt 0.144681 0.587018
vt 0.148752 0.590687
vt 0.147816 0.594174
vt 0.417984 0.547270
vt 0.414963 0.545526
vt 0.146308 0.597302
vt 0.412253 0.543963
vt 0.315938 0.575098
vt 0.311375 0.576530
vt 0.409990 0.542659
vt 0.309361 0.574132
vt 0.147816 0.579851
vt 0.307117 0.571460
vt 0.148752 0.583341
vt 0.149069 0.587014
vt 0.417548 0.548468
vt 0.414112 0.547864
vt 0.353801 0.642994
vt 0.359159 0.645744
vt 0.355288 0.646025
vt 0.411030 0.547322
vt 0.313057 0.578532
vt 0.308280 0.578317
vt 0.408457 0.546871
vt 0.307207 0.575376
vt 0.353801 0.625496
vt 0.357228 0.628385
vt 0.352766 0.628708
vt 0.306013 0.572098
vt 0.357063 0.631895
vt 0.352236 0.632245
vt 0.357187 0.635569
vt 0.352236 0.635927
vt 0.357594 0.639222
vt 0.352766 0.639571
vt 0.358262 0.642671
vt 0.363561 0.645425
vt 0.411030 0.550896
vt 0.309176 0.580773
vt 0.304760 0.578937
vt 0.358375 0.622544
vt 0.362074 0.624896
vt 0.357672 0.625215
vt 0.304758 0.575808
vt 0.362301 0.628018
vt 0.304757 0.572319
vt 0.362553 0.631498
vt 0.362818 0.635161
vt 0.363083 0.638824
vt 0.417548 0.549744
vt 0.363335 0.642304
vt 0.414112 0.550351
vt 0.367261 0.647778
vt 0.363750 0.648032
vt 0.409990 0.555564
vt 0.408457 0.551352
vt 0.302308 0.575376
vt 0.367374 0.627650
vt 0.303500 0.572098
vt 0.368042 0.631100
vt 0.368448 0.634753
vt 0.368573 0.638427
vt 0.417984 0.550943
vt 0.368408 0.641936
vt 0.414963 0.552688
vt 0.367963 0.645106
vt 0.412253 0.554255
vt 0.412871 0.558997
vt 0.301240 0.578317
vt 0.300154 0.574132
vt 0.366477 0.624578
vt 0.371835 0.627327
vt 0.302396 0.571460
vt 0.372869 0.630750
vt 0.373400 0.634394
vt 0.373400 0.638077
vt 0.418804 0.551920
vt 0.372869 0.641613
vt 0.416561 0.554593
vt 0.371835 0.644826
vt 0.414550 0.556993
vt 0.300349 0.580773
vt 0.298145 0.576530
vt 0.298556 0.572227
vt 0.570846 0.450292
vt 0.573292 0.453420
vt 0.569339 0.453421
vt 0.301576 0.570483
vt 0.572681 0.456909
vt 0.568403 0.456910
vt 0.568085 0.460583
vt 0.572473 0.460582
vt 0.572681 0.464255
vt 0.568403 0.464256
vt 0.419908 0.552558
vt 0.569339 0.467745
vt 0.573292 0.467744
vt 0.418715 0.555837
vt 0.574277 0.470874
vt 0.570846 0.470875
vt 0.417645 0.558780
vt 0.296467 0.578532
vt 0.295847 0.573792
vt 0.416752 0.561238
vt 0.578487 0.450291
vt 0.578144 0.453420
vt 0.301139 0.569284
vt 0.577930 0.456908
vt 0.577858 0.460581
vt 0.577930 0.464254
vt 0.421165 0.552779
vt 0.578144 0.467743
vt 0.421165 0.556269
vt 0.578487 0.470873
vt 0.421165 0.559400
vt 0.293586 0.575098
vt 0.294625 0.570433
vt 0.421166 0.562016
vt 0.297705 0.569890
vt 0.301139 0.568008
vt 0.583519 0.456908
vt 0.583591 0.460581
vt 0.583519 0.464254
vt 0.422421 0.552558
vt 0.583308 0.467743
vt 0.423614 0.555837
vt 0.582969 0.470873
vt 0.424685 0.558780
vt 0.582517 0.473488
vt 0.578943 0.473488
vt 0.578943 0.447678
vt 0.582969 0.450291
vt 0.297705 0.567403
vt 0.583308 0.453420
vt 0.301576 0.566810
vt 0.588773 0.456909
vt 0.588979 0.460582
vt 0.588773 0.464255
vt 0.423526 0.551920
vt 0.588163 0.467744
vt 0.425768 0.554593
vt 0.587182 0.470874
vt 0.427780 0.556993
vt 0.292054 0.566405
vt 0.295847 0.563500
vt 0.294625 0.566859
vt 0.425579 0.561238
vt 0.429461 0.558997
vt 0.298556 0.565065
vt 0.588163 0.453420
vt 0.593057 0.456910
vt 0.593374 0.460583
vt 0.593057 0.464256
vt 0.424346 0.550943
vt 0.592123 0.467745
vt 0.427367 0.552688
vt 0.590618 0.470875
vt 0.430078 0.554255
vt 0.293586 0.562194
vt 0.298145 0.560762
vt 0.432342 0.555564
vt 0.300154 0.563160
vt 0.587182 0.450291
vt 0.592123 0.453421
vt 0.302396 0.565833
vt 0.292054 0.628713
vt 0.296881 0.632745
vt 0.292054 0.632395
vt 0.424782 0.549744
vt 0.292584 0.635931
vt 0.297045 0.636255
vt 0.428218 0.550351
vt 0.297490 0.639425
vt 0.293619 0.639144
vt 0.431300 0.550896
vt 0.296467 0.558760
vt 0.301240 0.558975
vt 0.433875 0.551352
vt 0.302308 0.561916
vt 0.293619 0.621646
vt 0.298977 0.618896
vt 0.298080 0.621969
vt 0.303500 0.565195
vt 0.297412 0.625418
vt 0.292584 0.625068
vt 0.297005 0.629071
vt 0.301703 0.642350
vt 0.298193 0.642096
vt 0.433875 0.546870
vt 0.423633 0.466522
vt 0.423954 0.466843
vt 0.423633 0.466915
vt 0.327448 0.360884
vt 0.327769 0.361205
vt 0.327448 0.361277
vt 0.418631 0.412228
vt 0.418310 0.412549
vt 0.418238 0.412228
vt 0.327448 0.233615
vt 0.327769 0.233295
vt 0.327841 0.233615
vt 0.251567 0.534761
vt 0.251247 0.535082
vt 0.251174 0.534761
vt 0.418631 0.284960
vt 0.418310 0.284639
vt 0.418631 0.284567
vt 0.418631 0.466522
vt 0.418310 0.466843
vt 0.418238 0.466522
vt 0.423633 0.412228
vt 0.423954 0.412549
vt 0.423633 0.412621
vt 0.364337 0.412228
vt 0.364016 0.412549
vt 0.363944 0.412228
vt 0.256569 0.534761
vt 0.256890 0.535082
vt 0.256569 0.535154
vt 0.364337 0.284960
vt 0.364016 0.284639
vt 0.364337 0.284567
vt 0.423633 0.284960
vt 0.423954 0.284639
vt 0.424026 0.284960
vt 0.423633 0.448071
vt 0.423954 0.447750
vt 0.424026 0.448071
vt 0.464478 0.412228
vt 0.464798 0.412549
vt 0.464478 0.412621
vt 0.308997 0.360884
vt 0.308676 0.361205
vt 0.308604 0.360884
vt 0.251567 0.516310
vt 0.251247 0.515989
vt 0.251567 0.515917
vt 0.308997 0.233615
vt 0.308676 0.233295
vt 0.308997 0.233222
vt 0.464478 0.284960
vt 0.464798 0.284639
vt 0.464871 0.284960
vt 0.418631 0.448071
vt 0.418310 0.447750
vt 0.418631 0.447678
vt 0.382788 0.412228
vt 0.383109 0.412549
vt 0.382788 0.412621
vt 0.459476 0.412228
vt 0.459155 0.412549
vt 0.459083 0.412228
vt 0.256569 0.516310
vt 0.256890 0.515989
vt 0.256962 0.516310
vt 0.459476 0.284960
vt 0.459155 0.284639
vt 0.459476 0.284567
vt 0.382788 0.284960
vt 0.383109 0.284639
vt 0.383181 0.284960
vt 0.017921 0.536665
vt 0.017601 0.536986
vt 0.017528 0.536665
vt 0.088221 0.730003
vt 0.088542 0.729682
vt 0.088614 0.730003
vt 0.595702 0.144464
vt 0.596023 0.144785
vt 0.595702 0.144857
vt 0.074661 0.730003
vt 0.074340 0.729682
vt 0.074661 0.729610
vt 0.500321 0.373489
vt 0.499999 0.373168
vt 0.500320 0.373096
vt 0.582142 0.144464
vt 0.581821 0.144784
vt 0.581749 0.144464
vt 0.017921 0.498652
vt 0.017601 0.498331
vt 0.017921 0.498259
vt 0.595702 0.106450
vt 0.596023 0.106129
vt 0.596095 0.106450
vt 0.752945 0.621573
vt 0.753266 0.621894
vt 0.752945 0.621966
vt 0.500321 0.411503
vt 0.499999 0.411824
vt 0.499927 0.411503
vt 0.739384 0.621573
vt 0.739064 0.621894
vt 0.738991 0.621573
vt 0.582142 0.106450
vt 0.581821 0.106129
vt 0.582142 0.106057
vt 0.038818 0.536665
vt 0.039139 0.536986
vt 0.038818 0.537058
vt 0.599187 0.017921
vt 0.599508 0.017601
vt 0.599580 0.017921
vt 0.088221 0.750900
vt 0.088542 0.751220
vt 0.088221 0.751293
vt 0.521217 0.373489
vt 0.521538 0.373168
vt 0.521610 0.373489
vt 0.074661 0.750900
vt 0.074340 0.751220
vt 0.074268 0.750900
vt 0.585627 0.017921
vt 0.585306 0.017601
vt 0.585627 0.017528
vt 0.038818 0.498652
vt 0.039139 0.498331
vt 0.039211 0.498652
vt 0.752945 0.600677
vt 0.753266 0.600356
vt 0.753338 0.600677
vt 0.599187 0.055935
vt 0.599508 0.056256
vt 0.599187 0.056328
vt 0.521217 0.411503
vt 0.521538 0.411824
vt 0.521217 0.411896
vt 0.585627 0.055935
vt 0.585306 0.056256
vt 0.585234 0.055935
vt 0.739384 0.600677
vt 0.739064 0.600356
vt 0.739384 0.600284
vt 0.124173 0.538659
vt 0.123852 0.538979
vt 0.123780 0.538659
vt 0.569069 0.731262
vt 0.569390 0.730941
vt 0.569462 0.731262
vt 0.595702 0.223211
vt 0.596023 0.223532
vt 0.595702 0.223604
vt 0.555509 0.731262
vt 0.555188 0.730941
vt 0.555509 0.730869
vt 0.511739 0.448071
vt 0.511418 0.447750
vt 0.511739 0.447678
vt 0.582142 0.223211
vt 0.581821 0.223532
vt 0.581749 0.223211
vt 0.124173 0.500645
vt 0.123852 0.500324
vt 0.124173 0.500252
vt 0.595702 0.185197
vt 0.596023 0.184876
vt 0.596095 0.185197
vt 0.752451 0.542824
vt 0.752772 0.543145
vt 0.752451 0.543217
vt 0.511739 0.486085
vt 0.511418 0.486406
vt 0.511346 0.486085
vt 0.738891 0.542824
vt 0.738570 0.543145
vt 0.738498 0.542824
vt 0.582142 0.185197
vt 0.581821 0.184876
vt 0.582142 0.184804
vt 0.145070 0.538659
vt 0.145391 0.538979
vt 0.145070 0.539052
vt 0.031482 0.572508
vt 0.031803 0.572187
vt 0.031875 0.572508
vt 0.569069 0.752159
vt 0.569390 0.752480
vt 0.569069 0.752552
vt 0.532636 0.448071
vt 0.532956 0.447750
vt 0.533029 0.448071
vt 0.555509 0.752159
vt 0.555188 0.752480
vt 0.555116 0.752159
vt 0.017922 0.572508
vt 0.017600 0.572187
vt 0.017921 0.572115
vt 0.145070 0.500645
vt 0.145391 0.500324
vt 0.145463 0.500645
vt 0.752451 0.521928
vt 0.752772 0.521607
vt 0.752844 0.521928
vt 0.031482 0.610522
vt 0.031803 0.610843
vt 0.031482 0.610915
vt 0.532636 0.486085
vt 0.532956 0.486406
vt 0.532636 0.486478
vt 0.017922 0.610522
vt 0.017600 0.610843
vt 0.017528 0.610522
vt 0.738891 0.521928
vt 0.738570 0.521607
vt 0.738891 0.521535
vt 0.088221 0.801037
vt 0.088542 0.801357
vt 0.088221 0.801430
vt 0.254962 0.834498
vt 0.255283 0.834177
vt 0.255355 0.834498
vt 0.298671 0.860249
vt 0.298992 0.860570
vt 0.298671 0.860642
vt 0.248738 0.834498
vt 0.248417 0.834177
vt 0.248738 0.834105
vt 0.653618 0.798987
vt 0.653297 0.799308
vt 0.653225 0.798987
vt 0.292446 0.860249
vt 0.292126 0.860570
vt 0.292053 0.860249
vt 0.074661 0.801037
vt 0.074340 0.801357
vt 0.074268 0.801036
vt 0.298671 0.846689
vt 0.298992 0.846368
vt 0.299064 0.846689
vt 0.080885 0.851173
vt 0.081206 0.851494
vt 0.080885 0.851566
vt 0.667178 0.798987
vt 0.667499 0.799308
vt 0.667178 0.799380
vt 0.074661 0.851173
vt 0.074340 0.851494
vt 0.074268 0.851173
vt 0.292446 0.846689
vt 0.292126 0.846368
vt 0.292446 0.846296
vt 0.088221 0.786743
vt 0.088542 0.786422
vt 0.088614 0.786743
vt 0.869596 0.839350
vt 0.869917 0.839030
vt 0.869989 0.839351
vt 0.254962 0.848792
vt 0.255283 0.849113
vt 0.254962 0.849185
vt 0.653618 0.784693
vt 0.653297 0.784373
vt 0.653618 0.784300
vt 0.248738 0.848792
vt 0.248417 0.849113
vt 0.248345 0.848792
vt 0.863372 0.839350
vt 0.863051 0.839030
vt 0.863372 0.838958
vt 0.074661 0.786743
vt 0.074340 0.786422
vt 0.074661 0.786349
vt 0.080885 0.836879
vt 0.081206 0.836558
vt 0.081278 0.836879
vt 0.869596 0.852911
vt 0.869917 0.853232
vt 0.869596 0.853304
vt 0.667178 0.784693
vt 0.667499 0.784373
vt 0.667571 0.784693
vt 0.863372 0.852911
vt 0.863051 0.853232
vt 0.862979 0.852911
vt 0.074661 0.836879
vt 0.074340 0.836558
vt 0.074661 0.836486
vt 0.422410 0.801709
vt 0.422731 0.802030
vt 0.422410 0.802102
vt 0.464478 0.837429
vt 0.464798 0.837109
vt 0.464871 0.837429
vt 0.358853 0.856027
vt 0.359174 0.856348
vt 0.358853 0.856420
vt 0.458253 0.837429
vt 0.457932 0.837109
vt 0.458253 0.837036
vt 0.555509 0.802295
vt 0.555188 0.802617
vt 0.555116 0.802296
vt 0.352629 0.856027
vt 0.352308 0.856348
vt 0.352236 0.856027
vt 0.408850 0.801709
vt 0.408529 0.802030
vt 0.408457 0.801709
vt 0.358853 0.842466
vt 0.359174 0.842145
vt 0.359246 0.842466
vt 0.415074 0.851846
vt 0.415395 0.852166
vt 0.415074 0.852239
vt 0.569069 0.802295
vt 0.569390 0.802617
vt 0.569069 0.802689
vt 0.408850 0.851846
vt 0.408529 0.852166
vt 0.408457 0.851846
vt 0.352629 0.842466
vt 0.352308 0.842145
vt 0.352629 0.842073
vt 0.422410 0.787415
vt 0.422731 0.787094
vt 0.422803 0.787415
vt 0.871076 0.789336
vt 0.871396 0.789015
vt 0.871468 0.789336
vt 0.464478 0.851723
vt 0.464798 0.852044
vt 0.464478 0.852116
vt 0.555509 0.788001
vt 0.555188 0.787681
vt 0.555509 0.787609
vt 0.458253 0.851723
vt 0.457932 0.852044
vt 0.457860 0.851723
vt 0.864851 0.789336
vt 0.864530 0.789015
vt 0.864851 0.788943
vt 0.408850 0.787415
vt 0.408529 0.787094
vt 0.408850 0.787022
vt 0.415074 0.837552
vt 0.415395 0.837231
vt 0.415467 0.837552
vt 0.871076 0.802896
vt 0.871396 0.803217
vt 0.871075 0.803289
vt 0.569069 0.788001
vt 0.569390 0.787681
vt 0.569462 0.788002
vt 0.864851 0.802896
vt 0.864530 0.803217
vt 0.864458 0.802896
vt 0.408850 0.837552
vt 0.408529 0.837231
vt 0.408850 0.837159
vt 0.209536 0.880781
vt 0.210009 0.881036
vt 0.209797 0.881327
vt 0.210398 0.881407
vt 0.654717 0.881739
vt 0.655106 0.881368
vt 0.655318 0.881660
vt 0.655580 0.881113
vt 0.206588 0.880169
vt 0.207121 0.880098
vt 0.207121 0.880458
vt 0.207654 0.880169
vt 0.657461 0.880501
vt 0.657994 0.880430
vt 0.657994 0.880790
vt 0.658527 0.880501
vt 0.203844 0.881407
vt 0.204234 0.881036
vt 0.204445 0.881327
vt 0.204707 0.880781
vt 0.660408 0.881113
vt 0.660882 0.881368
vt 0.660670 0.881660
vt 0.661271 0.881739
vt 0.202352 0.884022
vt 0.202449 0.883492
vt 0.202792 0.883604
vt 0.202682 0.883008
vt 0.662433 0.883339
vt 0.662666 0.883824
vt 0.662323 0.883936
vt 0.662763 0.884354
vt 0.202682 0.887014
vt 0.202449 0.886529
vt 0.202792 0.886417
vt 0.202352 0.886000
vt 0.662763 0.886331
vt 0.662666 0.886861
vt 0.662323 0.886750
vt 0.662433 0.887346
vt 0.204707 0.889241
vt 0.204234 0.888985
vt 0.204445 0.888693
vt 0.203844 0.888614
vt 0.661271 0.888946
vt 0.660882 0.889317
vt 0.660670 0.889026
vt 0.660408 0.889572
vt 0.207654 0.889852
vt 0.207121 0.889924
vt 0.207121 0.889563
vt 0.206588 0.889852
vt 0.658527 0.890184
vt 0.657994 0.890255
vt 0.657994 0.889895
vt 0.657461 0.890184
vt 0.210398 0.888614
vt 0.210009 0.888985
vt 0.209797 0.888693
vt 0.209536 0.889241
vt 0.655580 0.889573
vt 0.655106 0.889317
vt 0.655318 0.889026
vt 0.654717 0.888946
vt 0.211890 0.886000
vt 0.211794 0.886529
vt 0.211451 0.886417
vt 0.211561 0.887014
vt 0.653554 0.887346
vt 0.653321 0.886861
vt 0.653664 0.886750
vt 0.653225 0.886331
vt 0.211561 0.883008
vt 0.211794 0.883492
vt 0.211451 0.883604
vt 0.211890 0.884022
vt 0.653225 0.884354
vt 0.653321 0.883824
vt 0.653664 0.883936
vt 0.653554 0.883339
vt 0.888336 0.606186
vt 0.888240 0.606715
vt 0.887897 0.606603
vt 0.888007 0.607200
vt 0.880331 0.372129
vt 0.880428 0.371600
vt 0.880771 0.371712
vt 0.880661 0.371115
vt 0.888007 0.603194
vt 0.888240 0.603679
vt 0.887897 0.603790
vt 0.888336 0.604208
vt 0.881823 0.369515
vt 0.882212 0.369144
vt 0.882424 0.369436
vt 0.882686 0.368888
vt 0.885981 0.600967
vt 0.886455 0.601222
vt 0.886243 0.601514
vt 0.886844 0.601593
vt 0.884567 0.368277
vt 0.885100 0.368205
vt 0.885100 0.368566
vt 0.885633 0.368277
vt 0.883034 0.600356
vt 0.883567 0.600284
vt 0.883567 0.600644
vt 0.884100 0.600356
vt 0.887514 0.368888
vt 0.887988 0.369144
vt 0.887776 0.369436
vt 0.888377 0.369515
vt 0.880290 0.601593
vt 0.880679 0.601222
vt 0.880892 0.601514
vt 0.881153 0.600967
vt 0.889540 0.371115
vt 0.889773 0.371600
vt 0.889430 0.371712
vt 0.889869 0.372129
vt 0.878798 0.604208
vt 0.878895 0.603679
vt 0.879238 0.603790
vt 0.879128 0.603194
vt 0.889869 0.374107
vt 0.889773 0.374637
vt 0.889430 0.374525
vt 0.889540 0.375121
vt 0.879128 0.607200
vt 0.878895 0.606715
vt 0.879238 0.606603
vt 0.878798 0.606186
vt 0.888377 0.376722
vt 0.887988 0.377093
vt 0.887776 0.376802
vt 0.887514 0.377348
vt 0.881153 0.609427
vt 0.880679 0.609171
vt 0.880892 0.608879
vt 0.880290 0.608800
vt 0.885633 0.377960
vt 0.885100 0.378031
vt 0.885100 0.377671
vt 0.884567 0.377960
vt 0.884100 0.610038
vt 0.883567 0.610110
vt 0.883567 0.609749
vt 0.883034 0.610038
vt 0.882686 0.377348
vt 0.882212 0.377093
vt 0.882424 0.376802
vt 0.881823 0.376722
vt 0.886844 0.608800
vt 0.886455 0.609171
vt 0.886243 0.608879
vt 0.885981 0.609427
vt 0.880661 0.375122
vt 0.880428 0.374637
vt 0.880771 0.374525
vt 0.880331 0.374107
vt 0.564077 0.847657
vt 0.563690 0.848027
vt 0.563519 0.847790
vt 0.890544 0.524091
vt 0.890079 0.524018
vt 0.890436 0.523677
vt 0.889033 0.530661
vt 0.889498 0.530734
vt 0.889267 0.531096
vt 0.777527 0.840911
vt 0.777914 0.841280
vt 0.777355 0.841147
vt 0.870913 0.186802
vt 0.870399 0.186691
vt 0.870570 0.186325
vt 0.869927 0.186588
vt 0.868503 0.193160
vt 0.868975 0.193263
vt 0.868980 0.193666
vt 0.869489 0.193374
vt 0.874327 0.187541
vt 0.873856 0.187440
vt 0.873850 0.187036
vt 0.873341 0.187328
vt 0.871917 0.193901
vt 0.872432 0.194012
vt 0.872260 0.194376
vt 0.872903 0.194114
vt 0.555963 0.886589
vt 0.555498 0.886662
vt 0.555606 0.886247
vt 0.563690 0.838767
vt 0.564077 0.839136
vt 0.563519 0.839003
vt 0.777914 0.849801
vt 0.777527 0.850170
vt 0.777355 0.849934
vt 0.556544 0.893305
vt 0.557009 0.893232
vt 0.556775 0.893666
vt 0.559344 0.886056
vt 0.558821 0.886139
vt 0.558760 0.885750
vt 0.558297 0.886221
vt 0.559343 0.892864
vt 0.559867 0.892781
vt 0.559928 0.893170
vt 0.560391 0.892699
vt 0.556576 0.839136
vt 0.556963 0.838767
vt 0.557135 0.839003
vt 0.562143 0.885615
vt 0.561678 0.885689
vt 0.561913 0.885254
vt 0.562724 0.892331
vt 0.563190 0.892258
vt 0.563081 0.892673
vt 0.770799 0.850170
vt 0.770412 0.849801
vt 0.770971 0.849934
vt 0.869308 0.676135
vt 0.868794 0.676023
vt 0.868965 0.675659
vt 0.868322 0.675921
vt 0.866899 0.682494
vt 0.867370 0.682596
vt 0.867375 0.682999
vt 0.867884 0.682707
vt 0.872722 0.676874
vt 0.872250 0.676772
vt 0.872245 0.676369
vt 0.871736 0.676661
vt 0.870312 0.683233
vt 0.870826 0.683344
vt 0.870655 0.683710
vt 0.871298 0.683447
vt 0.884364 0.523118
vt 0.883899 0.523045
vt 0.884129 0.522683
vt 0.556963 0.848027
vt 0.556576 0.847657
vt 0.557135 0.847790
vt 0.770412 0.841280
vt 0.770799 0.840911
vt 0.770971 0.841147
vt 0.882852 0.529688
vt 0.883318 0.529761
vt 0.882961 0.530103
vt 0.887745 0.523651
vt 0.887222 0.523568
vt 0.887283 0.523180
vt 0.886698 0.523486
vt 0.885651 0.530128
vt 0.886175 0.530211
vt 0.886114 0.530599
vt 0.886699 0.530293
vt 0.726018 0.849926
vt 0.725631 0.850295
vt 0.725459 0.850059
vt 0.509761 0.884423
vt 0.509296 0.884349
vt 0.509652 0.884008
vt 0.508249 0.890992
vt 0.508715 0.891065
vt 0.508484 0.891427
vt 0.826075 0.839979
vt 0.826462 0.840349
vt 0.825903 0.840215
vt 0.870797 0.449675
vt 0.870282 0.449563
vt 0.870454 0.449198
vt 0.869811 0.449461
vt 0.868387 0.456033
vt 0.868858 0.456135
vt 0.868863 0.456538
vt 0.869373 0.456247
vt 0.874210 0.450414
vt 0.873739 0.450312
vt 0.873734 0.449908
vt 0.873225 0.450201
vt 0.871801 0.456773
vt 0.872315 0.456884
vt 0.872143 0.457249
vt 0.872786 0.456986
vt 0.605528 0.884351
vt 0.605063 0.884425
vt 0.605172 0.884010
vt 0.725631 0.841035
vt 0.726018 0.841405
vt 0.725459 0.841272
vt 0.826462 0.848869
vt 0.826075 0.849239
vt 0.825903 0.849002
vt 0.606109 0.891067
vt 0.606575 0.890994
vt 0.606340 0.891429
vt 0.608910 0.883819
vt 0.608386 0.883901
vt 0.608325 0.883513
vt 0.607862 0.883984
vt 0.608908 0.890627
vt 0.609432 0.890544
vt 0.609493 0.890932
vt 0.609956 0.890462
vt 0.718516 0.841405
vt 0.718903 0.841035
vt 0.719075 0.841272
vt 0.611709 0.883378
vt 0.611244 0.883451
vt 0.611478 0.883016
vt 0.612290 0.890094
vt 0.612755 0.890021
vt 0.612647 0.890436
vt 0.819347 0.849239
vt 0.818960 0.848869
vt 0.819518 0.849002
vt 0.870533 0.108051
vt 0.870019 0.107940
vt 0.870191 0.107575
vt 0.869548 0.107838
vt 0.868124 0.114410
vt 0.868595 0.114512
vt 0.868600 0.114915
vt 0.869110 0.114624
vt 0.873947 0.108791
vt 0.873476 0.108689
vt 0.873471 0.108286
vt 0.872961 0.108577
vt 0.871537 0.115149
vt 0.872052 0.115261
vt 0.871881 0.115626
vt 0.872523 0.115363
vt 0.503580 0.883449
vt 0.503115 0.883376
vt 0.503346 0.883014
vt 0.718903 0.850295
vt 0.718516 0.849926
vt 0.719075 0.850059
vt 0.818960 0.840349
vt 0.819347 0.839979
vt 0.819518 0.840215
vt 0.502069 0.890019
vt 0.502534 0.890092
vt 0.502177 0.890434
vt 0.506962 0.883982
vt 0.506438 0.883899
vt 0.506499 0.883511
vt 0.505914 0.883817
vt 0.504868 0.890460
vt 0.505392 0.890542
vt 0.505331 0.890930
vt 0.505916 0.890625
vt 0.017921 0.929764
vt 0.017601 0.930085
vt 0.017528 0.929764
vt 0.020233 0.967918
vt 0.020554 0.968239
vt 0.020233 0.968311
vt 0.166553 0.354533
vt 0.166874 0.354854
vt 0.166553 0.354926
vt 0.020233 0.965606
vt 0.020554 0.965286
vt 0.020626 0.965606
vt 0.769345 0.931727
vt 0.769024 0.931406
vt 0.769345 0.931334
vt 0.164241 0.354533
vt 0.163920 0.354854
vt 0.163848 0.354533
vt 0.017921 0.919871
vt 0.017601 0.919550
vt 0.017921 0.919478
vt 0.166553 0.344640
vt 0.166874 0.344319
vt 0.166946 0.344640
vt 0.962837 0.065969
vt 0.963158 0.066289
vt 0.962837 0.066362
vt 0.769345 0.941620
vt 0.769024 0.941941
vt 0.768952 0.941620
vt 0.960525 0.065969
vt 0.960204 0.066289
vt 0.960132 0.065969
vt 0.164241 0.344640
vt 0.163920 0.344319
vt 0.164241 0.344247
vt 0.020233 0.929764
vt 0.020554 0.930085
vt 0.020233 0.930157
vt 0.912449 0.674533
vt 0.912770 0.674213
vt 0.912842 0.674533
vt 0.017921 0.967918
vt 0.017601 0.968239
vt 0.017528 0.967918
vt 0.771657 0.931727
vt 0.771978 0.931406
vt 0.772050 0.931727
vt 0.017921 0.965606
vt 0.017601 0.965286
vt 0.017921 0.965213
vt 0.910137 0.674533
vt 0.909816 0.674213
vt 0.910137 0.674140
vt 0.020233 0.919871
vt 0.020554 0.919550
vt 0.020626 0.919871
vt 0.962837 0.063657
vt 0.963158 0.063336
vt 0.963230 0.063657
vt 0.912449 0.684426
vt 0.912770 0.684747
vt 0.912449 0.684819
vt 0.771657 0.941620
vt 0.771978 0.941941
vt 0.771657 0.942013
vt 0.910137 0.684426
vt 0.909816 0.684747
vt 0.909744 0.684426
vt 0.960525 0.063657
vt 0.960204 0.063336
vt 0.960525 0.063264
vt 0.911740 0.195090
vt 0.911420 0.195411
vt 0.911348 0.195090
vt 0.411162 0.976890
vt 0.411483 0.977211
vt 0.411162 0.977283
vt 0.166553 0.400268
vt 0.166874 0.400589
vt 0.166553 0.400661
vt 0.411162 0.974578
vt 0.411483 0.974257
vt 0.411555 0.974578
vt 0.202745 0.925373
vt 0.202424 0.925053
vt 0.202745 0.924980
vt 0.164241 0.400268
vt 0.163920 0.400589
vt 0.163848 0.400268
vt 0.911740 0.185197
vt 0.911420 0.184876
vt 0.911740 0.184804
vt 0.166553 0.390376
vt 0.166874 0.390055
vt 0.166946 0.390376
vt 0.352629 0.978021
vt 0.352308 0.978342
vt 0.352236 0.978021
vt 0.202745 0.935266
vt 0.202424 0.935587
vt 0.202352 0.935266
vt 0.352629 0.975709
vt 0.352308 0.975389
vt 0.352629 0.975317
vt 0.164241 0.390376
vt 0.163920 0.390055
vt 0.164241 0.389983
vt 0.914052 0.195090
vt 0.914373 0.195411
vt 0.914052 0.195483
vt 0.915461 0.235212
vt 0.915781 0.234891
vt 0.915853 0.235212
vt 0.408850 0.976890
vt 0.408529 0.977211
vt 0.408457 0.976890
vt 0.205057 0.925373
vt 0.205378 0.925053
vt 0.205450 0.925373
vt 0.408850 0.974578
vt 0.408529 0.974257
vt 0.408850 0.974185
vt 0.913149 0.235212
vt 0.912828 0.234891
vt 0.913149 0.234819
vt 0.914052 0.185197
vt 0.914373 0.184876
vt 0.914445 0.185197
vt 0.354941 0.978021
vt 0.355262 0.978342
vt 0.354941 0.978414
vt 0.915461 0.245104
vt 0.915781 0.245425
vt 0.915460 0.245497
vt 0.205057 0.935266
vt 0.205378 0.935587
vt 0.205057 0.935659
vt 0.913149 0.245104
vt 0.912828 0.245425
vt 0.912756 0.245104
vt 0.354941 0.975709
vt 0.355262 0.975389
vt 0.355334 0.975709
vt 0.653618 0.935598
vt 0.653297 0.935919
vt 0.653225 0.935598
vt 0.205057 0.973421
vt 0.205378 0.973741
vt 0.205057 0.973814
vt 0.166553 0.446003
vt 0.166874 0.446324
vt 0.166553 0.446396
vt 0.205057 0.971109
vt 0.205378 0.970788
vt 0.205450 0.971109
vt 0.248738 0.926850
vt 0.248417 0.926529
vt 0.248738 0.926457
vt 0.164241 0.446003
vt 0.163920 0.446324
vt 0.163848 0.446003
vt 0.653618 0.925705
vt 0.653297 0.925384
vt 0.653618 0.925312
vt 0.166553 0.436111
vt 0.166874 0.435790
vt 0.166946 0.436111
vt 0.964253 0.602989
vt 0.964574 0.603310
vt 0.964253 0.603382
vt 0.248738 0.936742
vt 0.248417 0.937063
vt 0.248345 0.936742
vt 0.961941 0.602989
vt 0.961620 0.603310
vt 0.961548 0.602989
vt 0.164241 0.436111
vt 0.163920 0.435790
vt 0.164241 0.435718
vt 0.655930 0.935598
vt 0.656251 0.935919
vt 0.655930 0.935991
vt 0.916185 0.737131
vt 0.916506 0.736811
vt 0.916578 0.737131
vt 0.202745 0.973421
vt 0.202424 0.973741
vt 0.202352 0.973421
vt 0.251050 0.926850
vt 0.251370 0.926529
vt 0.251443 0.926850
vt 0.202745 0.971109
vt 0.202424 0.970788
vt 0.202745 0.970716
vt 0.913873 0.737131
vt 0.913552 0.736811
vt 0.913873 0.736738
vt 0.655930 0.925705
vt 0.656251 0.925384
vt 0.656323 0.925705
vt 0.964253 0.600677
vt 0.964574 0.600356
vt 0.964646 0.600677
vt 0.916185 0.747024
vt 0.916506 0.747345
vt 0.916185 0.747417
vt 0.251050 0.936742
vt 0.251370 0.937063
vt 0.251050 0.937135
vt 0.913873 0.747024
vt 0.913552 0.747345
vt 0.913480 0.747024
vt 0.961941 0.600677
vt 0.961620 0.600356
vt 0.961941 0.600284
vt 0.502079 0.937918
vt 0.501759 0.938239
vt 0.501687 0.937918
vt 0.655930 0.973752
vt 0.656251 0.974073
vt 0.655930 0.974145
vt 0.926098 0.610569
vt 0.926419 0.610890
vt 0.926098 0.610962
vt 0.655930 0.971441
vt 0.656251 0.971120
vt 0.656323 0.971441
vt 0.605074 0.928028
vt 0.604753 0.927707
vt 0.605074 0.927635
vt 0.923786 0.610569
vt 0.923465 0.610890
vt 0.923393 0.610569
vt 0.502079 0.928026
vt 0.501759 0.927705
vt 0.502080 0.927633
vt 0.926098 0.600677
vt 0.926419 0.600356
vt 0.926491 0.600677
vt 0.248738 0.974897
vt 0.248417 0.975218
vt 0.248345 0.974897
vt 0.605074 0.937920
vt 0.604753 0.938241
vt 0.604681 0.937920
vt 0.248738 0.972585
vt 0.248417 0.972264
vt 0.248738 0.972192
vt 0.923786 0.600677
vt 0.923465 0.600356
vt 0.923786 0.600284
vt 0.504391 0.937918
vt 0.504712 0.938239
vt 0.504391 0.938311
vt 0.913675 0.106450
vt 0.913995 0.106129
vt 0.914067 0.106450
vt 0.653618 0.973752
vt 0.653297 0.974073
vt 0.653225 0.973752
vt 0.607386 0.928028
vt 0.607707 0.927707
vt 0.607779 0.928028
vt 0.653618 0.971441
vt 0.653297 0.971120
vt 0.653618 0.971048
vt 0.911363 0.106450
vt 0.911042 0.106129
vt 0.911363 0.106057
vt 0.504391 0.928026
vt 0.504712 0.927705
vt 0.504785 0.928026
vt 0.251050 0.974897
vt 0.251370 0.975218
vt 0.251050 0.975290
vt 0.913675 0.116342
vt 0.913995 0.116663
vt 0.913674 0.116735
vt 0.607386 0.937920
vt 0.607707 0.938241
vt 0.607386 0.938313
vt 0.911363 0.116342
vt 0.911041 0.116663
vt 0.910969 0.116342
vt 0.251050 0.972585
vt 0.251370 0.972264
vt 0.251443 0.972585
vt 0.458253 0.941671
vt 0.457932 0.941992
vt 0.457860 0.941671
vt 0.076973 0.975922
vt 0.077293 0.976243
vt 0.076973 0.976315
vt 0.465239 0.740395
vt 0.465560 0.740716
vt 0.465239 0.740788
vt 0.076973 0.973610
vt 0.077293 0.973289
vt 0.077366 0.973610
vt 0.555509 0.930265
vt 0.555188 0.929944
vt 0.555509 0.929872
vt 0.462927 0.740395
vt 0.462606 0.740716
vt 0.462534 0.740395
vt 0.458253 0.931779
vt 0.457932 0.931458
vt 0.458253 0.931386
vt 0.465239 0.730503
vt 0.465560 0.730182
vt 0.465632 0.730503
vt 0.502080 0.976073
vt 0.501759 0.976394
vt 0.501687 0.976073
vt 0.555509 0.940157
vt 0.555188 0.940478
vt 0.555116 0.940157
vt 0.502080 0.973761
vt 0.501759 0.973440
vt 0.502080 0.973368
vt 0.462927 0.730503
vt 0.462606 0.730182
vt 0.462927 0.730110
vt 0.460565 0.941671
vt 0.460886 0.941992
vt 0.460565 0.942064
vt 0.907157 0.888754
vt 0.907478 0.888433
vt 0.907550 0.888754
vt 0.074661 0.975922
vt 0.074340 0.976243
vt 0.074268 0.975922
vt 0.557821 0.930265
vt 0.558141 0.929944
vt 0.558214 0.930265
vt 0.074661 0.973610
vt 0.074340 0.973289
vt 0.074661 0.973217
vt 0.904845 0.888754
vt 0.904524 0.888433
vt 0.904845 0.888361
vt 0.460565 0.931779
vt 0.460886 0.931458
vt 0.460958 0.931779
vt 0.504391 0.976073
vt 0.504712 0.976394
vt 0.504391 0.976466
vt 0.907157 0.898646
vt 0.907478 0.898967
vt 0.907157 0.899039
vt 0.557821 0.940157
vt 0.558141 0.940478
vt 0.557820 0.940550
vt 0.904845 0.898646
vt 0.904524 0.898967
vt 0.904452 0.898646
vt 0.504391 0.973761
vt 0.504712 0.973440
vt 0.504784 0.973761
vt 0.919681 0.027814
vt 0.919360 0.028135
vt 0.919288 0.027814
vt 0.965786 0.368598
vt 0.966106 0.368278
vt 0.966179 0.368598
vt 0.907751 0.849243
vt 0.908072 0.849564
vt 0.907751 0.849636
vt 0.963474 0.368598
vt 0.963153 0.368278
vt 0.963474 0.368205
vt 0.817893 0.930796
vt 0.817572 0.930475
vt 0.817893 0.930403
vt 0.905439 0.849243
vt 0.905118 0.849564
vt 0.905046 0.849243
vt 0.919681 0.017921
vt 0.919360 0.017601
vt 0.919681 0.017528
vt 0.907751 0.839351
vt 0.908072 0.839030
vt 0.908144 0.839351
vt 0.965786 0.409065
vt 0.966106 0.409386
vt 0.965786 0.409458
vt 0.817893 0.940688
vt 0.817572 0.941009
vt 0.817500 0.940688
vt 0.963474 0.409065
vt 0.963153 0.409386
vt 0.963081 0.409065
vt 0.905439 0.839351
vt 0.905118 0.839030
vt 0.905439 0.838958
vt 0.921992 0.027814
vt 0.922314 0.028135
vt 0.921993 0.028207
vt 0.909230 0.789336
vt 0.909551 0.789015
vt 0.909623 0.789336
vt 0.965786 0.370910
vt 0.966106 0.371231
vt 0.965786 0.371303
vt 0.820205 0.930796
vt 0.820526 0.930475
vt 0.820598 0.930796
vt 0.963474 0.370910
vt 0.963153 0.371231
vt 0.963081 0.370910
vt 0.906918 0.789336
vt 0.906597 0.789015
vt 0.906918 0.788943
vt 0.921992 0.017921
vt 0.922314 0.017601
vt 0.922386 0.017921
vt 0.965786 0.406753
vt 0.966106 0.406432
vt 0.966179 0.406753
vt 0.909230 0.799228
vt 0.909551 0.799549
vt 0.909230 0.799621
vt 0.820205 0.940688
vt 0.820526 0.941009
vt 0.820205 0.941081
vt 0.906918 0.799228
vt 0.906597 0.799549
vt 0.906525 0.799228
vt 0.963474 0.406753
vt 0.963153 0.406432
vt 0.963474 0.406360
vt 0.717449 0.941745
vt 0.717128 0.942066
vt 0.717056 0.941745
vt 0.947983 0.977730
vt 0.948304 0.978051
vt 0.947983 0.978123
vt 0.927631 0.378491
vt 0.927952 0.378812
vt 0.927631 0.378884
vt 0.947983 0.975418
vt 0.948304 0.975097
vt 0.948376 0.975418
vt 0.124173 0.913066
vt 0.123852 0.912745
vt 0.124173 0.912673
vt 0.925319 0.378491
vt 0.924998 0.378812
vt 0.924926 0.378491
vt 0.717449 0.931852
vt 0.717128 0.931531
vt 0.717449 0.931459
vt 0.927631 0.368599
vt 0.927952 0.368278
vt 0.928024 0.368598
vt 0.605074 0.976075
vt 0.604753 0.976396
vt 0.604681 0.976075
vt 0.124173 0.922958
vt 0.123852 0.923279
vt 0.123780 0.922958
vt 0.605074 0.973763
vt 0.604753 0.973442
vt 0.605074 0.973370
vt 0.925319 0.368599
vt 0.924998 0.368278
vt 0.925319 0.368205
vt 0.719761 0.941745
vt 0.720082 0.942066
vt 0.719761 0.942138
vt 0.164640 0.913066
vt 0.164961 0.912745
vt 0.165033 0.913066
vt 0.945671 0.977730
vt 0.945351 0.978051
vt 0.945278 0.977730
vt 0.126485 0.913066
vt 0.126806 0.912745
vt 0.126878 0.913066
vt 0.945671 0.975418
vt 0.945351 0.975097
vt 0.945671 0.975025
vt 0.162328 0.913066
vt 0.162007 0.912745
vt 0.162328 0.912673
vt 0.719761 0.931852
vt 0.720082 0.931531
vt 0.720154 0.931852
vt 0.607386 0.976075
vt 0.607707 0.976396
vt 0.607386 0.976468
vt 0.164640 0.922958
vt 0.164961 0.923279
vt 0.164640 0.923351
vt 0.126485 0.922958
vt 0.126806 0.923279
vt 0.126485 0.923351
vt 0.162328 0.922958
vt 0.162007 0.923279
vt 0.161935 0.922958
vt 0.607386 0.973763
vt 0.607707 0.973442
vt 0.607779 0.973763
vt 0.920812 0.294852
vt 0.920491 0.295173
vt 0.920419 0.294852
vt 0.966843 0.521928
vt 0.967164 0.521607
vt 0.967236 0.521928
vt 0.928688 0.531820
vt 0.929009 0.532141
vt 0.928688 0.532213
vt 0.964531 0.521928
vt 0.964210 0.521607
vt 0.964531 0.521535
vt 0.863372 0.930968
vt 0.863051 0.930647
vt 0.863372 0.930575
vt 0.926377 0.531820
vt 0.926056 0.532141
vt 0.925984 0.531820
vt 0.920812 0.284960
vt 0.920491 0.284639
vt 0.920812 0.284567
vt 0.928688 0.521928
vt 0.929009 0.521607
vt 0.929081 0.521928
vt 0.966843 0.562394
vt 0.967164 0.562715
vt 0.966843 0.562787
vt 0.863372 0.940861
vt 0.863051 0.941182
vt 0.862979 0.940861
vt 0.964531 0.562394
vt 0.964210 0.562715
vt 0.964138 0.562394
vt 0.926377 0.521928
vt 0.926056 0.521607
vt 0.926377 0.521535
vt 0.923123 0.294852
vt 0.923445 0.295173
vt 0.923124 0.295245
vt 0.913936 0.448069
vt 0.914257 0.447749
vt 0.914329 0.448070
vt 0.966843 0.524239
vt 0.967164 0.524560
vt 0.966843 0.524633
vt 0.865684 0.930968
vt 0.866005 0.930647
vt 0.866077 0.930968
vt 0.964531 0.524239
vt 0.964210 0.524560
vt 0.964138 0.524239
vt 0.911624 0.448069
vt 0.911303 0.447749
vt 0.911624 0.447677
vt 0.923123 0.284960
vt 0.923445 0.284639
vt 0.923517 0.284960
vt 0.966843 0.560082
vt 0.967164 0.559761
vt 0.967236 0.560082
vt 0.913936 0.457962
vt 0.914257 0.458283
vt 0.913936 0.458355
vt 0.865684 0.940861
vt 0.866005 0.941182
vt 0.865684 0.941254
vt 0.911624 0.457962
vt 0.911303 0.458283
vt 0.911231 0.457962
vt 0.964531 0.560082
vt 0.964210 0.559761
vt 0.964531 0.559689
vt 0.208571 0.798648
vt 0.208463 0.799049
vt 0.208198 0.798887
vt 0.296848 0.810846
vt 0.296550 0.811239
vt 0.296311 0.810846
vt 0.297146 0.811239
vt 0.297385 0.810846
vt 0.786638 0.033824
vt 0.786746 0.034224
vt 0.786435 0.034217
vt 0.296848 0.792395
vt 0.297146 0.792002
vt 0.297385 0.792395
vt 0.296550 0.792002
vt 0.296311 0.792395
vt 0.204882 0.796519
vt 0.204589 0.796812
vt 0.204440 0.796539
vt 0.301208 0.810846
vt 0.300867 0.811239
vt 0.300713 0.810846
vt 0.301384 0.811239
vt 0.301643 0.810846
vt 0.790327 0.031694
vt 0.790620 0.031987
vt 0.790347 0.032136
vt 0.301208 0.792395
vt 0.301384 0.792002
vt 0.301643 0.792395
vt 0.300867 0.792002
vt 0.300713 0.792395
vt 0.202753 0.792830
vt 0.202352 0.792938
vt 0.202360 0.792627
vt 0.790804 0.540382
vt 0.790627 0.540775
vt 0.790368 0.540382
vt 0.791144 0.540775
vt 0.791299 0.540383
vt 0.792456 0.028006
vt 0.792857 0.028113
vt 0.792695 0.028378
vt 0.790804 0.521931
vt 0.791144 0.521538
vt 0.791299 0.521931
vt 0.790627 0.521538
vt 0.790368 0.521931
vt 0.202753 0.788571
vt 0.202352 0.788464
vt 0.202514 0.788199
vt 0.795164 0.540384
vt 0.794866 0.540776
vt 0.794628 0.540384
vt 0.795463 0.540776
vt 0.795701 0.540384
vt 0.792456 0.023747
vt 0.792857 0.023639
vt 0.792849 0.023950
vt 0.795164 0.521933
vt 0.795463 0.521539
vt 0.795701 0.521932
vt 0.794866 0.521539
vt 0.794628 0.521932
vt 0.204882 0.784883
vt 0.204589 0.784590
vt 0.204862 0.784441
vt 0.799523 0.540382
vt 0.799182 0.540775
vt 0.799028 0.540382
vt 0.799699 0.540775
vt 0.799958 0.540382
vt 0.790327 0.020058
vt 0.790620 0.019765
vt 0.790769 0.020038
vt 0.799523 0.521931
vt 0.799699 0.521538
vt 0.799958 0.521931
vt 0.799182 0.521538
vt 0.799028 0.521931
vt 0.208571 0.782753
vt 0.208463 0.782353
vt 0.208774 0.782360
vt 0.770624 0.124901
vt 0.770448 0.125294
vt 0.770189 0.124901
vt 0.770964 0.125294
vt 0.771119 0.124901
vt 0.786638 0.017929
vt 0.786746 0.017528
vt 0.787011 0.017690
vt 0.770624 0.106450
vt 0.770964 0.106057
vt 0.771119 0.106450
vt 0.770448 0.106057
vt 0.770189 0.106450
vt 0.212830 0.782753
vt 0.212937 0.782353
vt 0.213202 0.782515
vt 0.774983 0.124901
vt 0.774685 0.125294
vt 0.774447 0.124901
vt 0.775282 0.125294
vt 0.775520 0.124901
vt 0.782379 0.017929
vt 0.782272 0.017528
vt 0.782583 0.017536
vt 0.774983 0.106450
vt 0.775282 0.106057
vt 0.775520 0.106450
vt 0.774685 0.106057
vt 0.774447 0.106450
vt 0.216518 0.784883
vt 0.216811 0.784590
vt 0.216960 0.784863
vt 0.779343 0.124901
vt 0.779003 0.125294
vt 0.778848 0.124901
vt 0.779519 0.125294
vt 0.779778 0.124901
vt 0.778691 0.020058
vt 0.778398 0.019765
vt 0.778671 0.019616
vt 0.779343 0.106450
vt 0.779519 0.106057
vt 0.779778 0.106450
vt 0.779003 0.106057
vt 0.778848 0.106450
vt 0.218648 0.788571
vt 0.219048 0.788464
vt 0.219041 0.788775
vt 0.788829 0.619128
vt 0.788654 0.619521
vt 0.788395 0.619128
vt 0.789170 0.619521
vt 0.789324 0.619128
vt 0.776561 0.023747
vt 0.776161 0.023639
vt 0.776323 0.023374
vt 0.788829 0.600677
vt 0.789170 0.600284
vt 0.789324 0.600677
vt 0.788654 0.600284
vt 0.788395 0.600677
vt 0.218648 0.792830
vt 0.219048 0.792938
vt 0.218886 0.793203
vt 0.793188 0.619128
vt 0.792890 0.619521
vt 0.792651 0.619128
vt 0.793486 0.619521
vt 0.793725 0.619128
vt 0.776561 0.028006
vt 0.776161 0.028113
vt 0.776168 0.027802
vt 0.793188 0.600677
vt 0.793486 0.600284
vt 0.793725 0.600677
vt 0.792890 0.600284
vt 0.792651 0.600677
vt 0.216518 0.796519
vt 0.216811 0.796812
vt 0.216538 0.796961
vt 0.797548 0.619128
vt 0.797208 0.619521
vt 0.797053 0.619128
vt 0.797725 0.619521
vt 0.797984 0.619128
vt 0.778691 0.031694
vt 0.778398 0.031987
vt 0.778249 0.031714
vt 0.797548 0.600677
vt 0.797725 0.600284
vt 0.797984 0.600677
vt 0.797208 0.600284
vt 0.797053 0.600677
vt 0.212830 0.798648
vt 0.212937 0.799049
vt 0.212626 0.799041
vt 0.292489 0.810846
vt 0.292313 0.811239
vt 0.292054 0.810846
vt 0.292829 0.811239
vt 0.292983 0.810846
vt 0.782379 0.033824
vt 0.782272 0.034224
vt 0.782007 0.034062
vt 0.292489 0.792395
vt 0.292829 0.792002
vt 0.292983 0.792395
vt 0.292313 0.792002
vt 0.292054 0.792395
vt 0.945073 0.796172
vt 0.944752 0.796493
vt 0.944680 0.796172
vt 0.955082 0.240214
vt 0.955403 0.240534
vt 0.955082 0.240607
vt 0.924682 0.070493
vt 0.925003 0.070813
vt 0.924682 0.070885
vt 0.955082 0.235212
vt 0.955403 0.234891
vt 0.955475 0.235212
vt 0.943594 0.839351
vt 0.943273 0.839030
vt 0.943594 0.838958
vt 0.919681 0.070493
vt 0.919360 0.070813
vt 0.919288 0.070492
vt 0.945073 0.789336
vt 0.944752 0.789015
vt 0.945073 0.788943
vt 0.924682 0.063657
vt 0.925003 0.063336
vt 0.925075 0.063657
vt 0.952028 0.742133
vt 0.951707 0.742454
vt 0.951635 0.742133
vt 0.943594 0.846186
vt 0.943273 0.846507
vt 0.943201 0.846186
vt 0.952028 0.737131
vt 0.951707 0.736811
vt 0.952028 0.736738
vt 0.919681 0.063657
vt 0.919360 0.063336
vt 0.919681 0.063264
vt 0.948852 0.796172
vt 0.949173 0.796493
vt 0.948852 0.796565
vt 0.413852 0.931900
vt 0.414172 0.931579
vt 0.414245 0.931900
vt 0.951303 0.240214
vt 0.950982 0.240534
vt 0.950910 0.240214
vt 0.947373 0.839351
vt 0.947694 0.839030
vt 0.947766 0.839351
vt 0.951303 0.235212
vt 0.950982 0.234891
vt 0.951303 0.234819
vt 0.408850 0.931900
vt 0.408529 0.931579
vt 0.408850 0.931507
vt 0.948852 0.789336
vt 0.949173 0.789015
vt 0.949245 0.789336
vt 0.955807 0.742133
vt 0.956128 0.742454
vt 0.955807 0.742526
vt 0.413852 0.938735
vt 0.414172 0.939056
vt 0.413852 0.939128
vt 0.947373 0.846186
vt 0.947694 0.846507
vt 0.947373 0.846579
vt 0.408850 0.938735
vt 0.408529 0.939056
vt 0.408457 0.938735
vt 0.955807 0.737131
vt 0.956128 0.736811
vt 0.956200 0.737131
vt 0.472492 0.556273
vt 0.472813 0.556594
vt 0.472492 0.556666
vt 0.166553 0.233607
vt 0.166874 0.233286
vt 0.166946 0.233607
vt 0.830618 0.069174
vt 0.830939 0.069494
vt 0.830618 0.069567
vt 0.164241 0.233607
vt 0.163920 0.233286
vt 0.164241 0.233214
vt 0.462927 0.694660
vt 0.462606 0.694981
vt 0.462534 0.694660
vt 0.828306 0.069174
vt 0.827985 0.069494
vt 0.827913 0.069174
vt 0.469324 0.556273
vt 0.469004 0.556594
vt 0.468931 0.556273
vt 0.830618 0.066006
vt 0.830939 0.065685
vt 0.831011 0.066006
vt 0.166553 0.308798
vt 0.166874 0.309118
vt 0.166553 0.309191
vt 0.466095 0.694660
vt 0.466416 0.694981
vt 0.466095 0.695053
vt 0.164241 0.308798
vt 0.163920 0.309118
vt 0.163848 0.308798
vt 0.828306 0.066006
vt 0.827985 0.065685
vt 0.828306 0.065613
vt 0.472492 0.536600
vt 0.472813 0.536279
vt 0.472885 0.536600
vt 0.960148 0.017921
vt 0.960468 0.017601
vt 0.960540 0.017921
vt 0.166553 0.253281
vt 0.166874 0.253602
vt 0.166553 0.253674
vt 0.462927 0.674986
vt 0.462606 0.674665
vt 0.462927 0.674593
vt 0.164241 0.253281
vt 0.163920 0.253602
vt 0.163848 0.253281
vt 0.957836 0.017921
vt 0.957514 0.017601
vt 0.957835 0.017528
vt 0.469324 0.536600
vt 0.469004 0.536279
vt 0.469324 0.536207
vt 0.166553 0.289124
vt 0.166874 0.288803
vt 0.166946 0.289124
vt 0.960148 0.021089
vt 0.960468 0.021410
vt 0.960147 0.021482
vt 0.466095 0.674986
vt 0.466416 0.674665
vt 0.466488 0.674986
vt 0.957836 0.021089
vt 0.957514 0.021410
vt 0.957442 0.021089
vt 0.164241 0.289124
vt 0.163920 0.288803
vt 0.164241 0.288731
vt 0.959828 0.287637
vt 0.960353 0.287418
vt 0.960353 0.287682
vt 0.960353 0.286868
vt 0.960078 0.287282
vt 0.960877 0.287637
vt 0.960628 0.287282
vt 0.124820 0.958896
vt 0.125345 0.959115
vt 0.125070 0.959250
vt 0.125870 0.958896
vt 0.125345 0.958851
vt 0.125344 0.959664
vt 0.125619 0.959250
vt 0.961637 0.286888
vt 0.961111 0.287104
vt 0.961210 0.286814
vt 0.960895 0.287630
vt 0.961297 0.287290
vt 0.960723 0.286715
vt 0.960821 0.287202
vt 0.126629 0.959645
vt 0.126103 0.959429
vt 0.126290 0.959242
vt 0.125714 0.959817
vt 0.126201 0.959719
vt 0.125887 0.958903
vt 0.125813 0.959330
vt 0.961644 0.285821
vt 0.961425 0.286346
vt 0.961290 0.286071
vt 0.961644 0.286870
vt 0.961689 0.286346
vt 0.960876 0.286346
vt 0.961290 0.286620
vt 0.126636 0.960712
vt 0.126417 0.960187
vt 0.126681 0.960187
vt 0.125867 0.960187
vt 0.126281 0.960462
vt 0.126636 0.959662
vt 0.126281 0.959912
vt 0.960895 0.285061
vt 0.961111 0.285587
vt 0.960821 0.285489
vt 0.961637 0.285804
vt 0.961297 0.285401
vt 0.960723 0.285976
vt 0.961210 0.285877
vt 0.125887 0.961471
vt 0.126103 0.960945
vt 0.126290 0.961132
vt 0.125714 0.960556
vt 0.125813 0.961044
vt 0.126629 0.960729
vt 0.126201 0.960655
vt 0.959828 0.285054
vt 0.960353 0.285273
vt 0.960078 0.285409
vt 0.960877 0.285054
vt 0.960353 0.285009
vt 0.960353 0.285823
vt 0.960628 0.285409
vt 0.124820 0.961478
vt 0.125345 0.961259
vt 0.125345 0.961523
vt 0.125344 0.960710
vt 0.125070 0.961124
vt 0.125870 0.961478
vt 0.125619 0.961124
vt 0.959068 0.285804
vt 0.959595 0.285587
vt 0.959496 0.285877
vt 0.959811 0.285061
vt 0.959408 0.285401
vt 0.959984 0.285976
vt 0.959885 0.285489
vt 0.124061 0.960729
vt 0.124586 0.960945
vt 0.124400 0.961132
vt 0.124975 0.960556
vt 0.124488 0.960655
vt 0.124803 0.961471
vt 0.124876 0.961044
vt 0.959061 0.286870
vt 0.959280 0.286346
vt 0.959416 0.286620
vt 0.959061 0.285821
vt 0.959016 0.286346
vt 0.959830 0.286346
vt 0.959416 0.286071
vt 0.124054 0.959662
vt 0.124272 0.960187
vt 0.124008 0.960187
vt 0.124822 0.960187
vt 0.124408 0.959912
vt 0.124054 0.960712
vt 0.124408 0.960462
vt 0.959811 0.287630
vt 0.959595 0.287104
vt 0.959885 0.287202
vt 0.959068 0.286888
vt 0.959408 0.287290
vt 0.959984 0.286715
vt 0.959496 0.286814
vt 0.124803 0.958903
vt 0.124586 0.959429
vt 0.124400 0.959242
vt 0.124975 0.959817
vt 0.124876 0.959330
vt 0.124061 0.959645
vt 0.124488 0.959719
vt 0.959828 0.326251
vt 0.960353 0.326032
vt 0.960353 0.326296
vt 0.960353 0.325482
vt 0.960078 0.325897
vt 0.960877 0.326251
vt 0.960628 0.325897
vt 0.163221 0.958896
vt 0.163745 0.959115
vt 0.163470 0.959250
vt 0.164270 0.958896
vt 0.163745 0.958851
vt 0.163745 0.959664
vt 0.164020 0.959250
vt 0.961637 0.325502
vt 0.961111 0.325718
vt 0.961210 0.325428
vt 0.960895 0.326244
vt 0.961298 0.325905
vt 0.960723 0.325329
vt 0.960821 0.325817
vt 0.165029 0.959645
vt 0.164503 0.959429
vt 0.164690 0.959242
vt 0.164114 0.959817
vt 0.164602 0.959719
vt 0.164287 0.958903
vt 0.164213 0.959330
vt 0.961644 0.324435
vt 0.961425 0.324960
vt 0.961290 0.324685
vt 0.961644 0.325485
vt 0.961689 0.324960
vt 0.960876 0.324960
vt 0.961290 0.325235
vt 0.165037 0.960712
vt 0.164817 0.960187
vt 0.165082 0.960187
vt 0.164267 0.960187
vt 0.164682 0.960462
vt 0.165037 0.959662
vt 0.164682 0.959912
vt 0.960895 0.323676
vt 0.961111 0.324202
vt 0.960821 0.324103
vt 0.961637 0.324418
vt 0.961298 0.324015
vt 0.960723 0.324590
vt 0.961210 0.324492
vt 0.164287 0.961471
vt 0.164503 0.960945
vt 0.164690 0.961132
vt 0.164114 0.960557
vt 0.164213 0.961044
vt 0.165029 0.960729
vt 0.164602 0.960655
vt 0.959828 0.323669
vt 0.960353 0.323888
vt 0.960078 0.324023
vt 0.960877 0.323669
vt 0.960353 0.323624
vt 0.960353 0.324437
vt 0.960628 0.324023
vt 0.163221 0.961478
vt 0.163745 0.961259
vt 0.163745 0.961523
vt 0.163745 0.960710
vt 0.163470 0.961124
vt 0.164270 0.961478
vt 0.164020 0.961124
vt 0.959068 0.324418
vt 0.959595 0.324202
vt 0.959496 0.324492
vt 0.959811 0.323676
vt 0.959408 0.324015
vt 0.959984 0.324590
vt 0.959885 0.324103
vt 0.162461 0.960729
vt 0.162987 0.960945
vt 0.162800 0.961132
vt 0.163375 0.960557
vt 0.162888 0.960655
vt 0.163203 0.961471
vt 0.163277 0.961044
vt 0.959061 0.325485
vt 0.959280 0.324960
vt 0.959416 0.325235
vt 0.959061 0.324435
vt 0.959016 0.324960
vt 0.959830 0.324960
vt 0.959416 0.324685
vt 0.162454 0.959662
vt 0.162673 0.960187
vt 0.162409 0.960187
vt 0.163222 0.960187
vt 0.162808 0.959912
vt 0.162454 0.960712
vt 0.162808 0.960462
vt 0.959811 0.326244
vt 0.959595 0.325718
vt 0.959885 0.325817
vt 0.959068 0.325502
vt 0.959408 0.325905
vt 0.959984 0.325329
vt 0.959496 0.325428
vt 0.163203 0.958903
vt 0.162987 0.959429
vt 0.162800 0.959242
vt 0.163375 0.959817
vt 0.163277 0.959330
vt 0.162461 0.959645
vt 0.162888 0.959719
vt 0.831088 0.199369
vt 0.831409 0.199690
vt 0.831088 0.199762
vt 0.465700 0.787415
vt 0.466021 0.787094
vt 0.466093 0.787415
vt 0.883838 0.029037
vt 0.884159 0.029357
vt 0.883838 0.029430
vt 0.458253 0.787415
vt 0.457932 0.787094
vt 0.458253 0.787022
vt 0.817893 0.803508
vt 0.817572 0.803829
vt 0.817500 0.803508
vt 0.876391 0.029037
vt 0.876070 0.029357
vt 0.875998 0.029037
vt 0.819973 0.199369
vt 0.819652 0.199690
vt 0.819580 0.199369
vt 0.883838 0.017922
vt 0.884159 0.017600
vt 0.884231 0.017921
vt 0.843348 0.614849
vt 0.843669 0.615169
vt 0.843348 0.615242
vt 0.829008 0.803508
vt 0.829329 0.803829
vt 0.829008 0.803901
vt 0.835901 0.614849
vt 0.835580 0.615169
vt 0.835508 0.614849
vt 0.876391 0.017922
vt 0.876070 0.017600
vt 0.876391 0.017528
vt 0.831088 0.185197
vt 0.831409 0.184876
vt 0.831481 0.185197
vt 0.884969 0.284960
vt 0.885290 0.284639
vt 0.885362 0.284960
vt 0.465700 0.801587
vt 0.466021 0.801907
vt 0.465700 0.801980
vt 0.817893 0.789336
vt 0.817572 0.789015
vt 0.817893 0.788943
vt 0.458253 0.801587
vt 0.457932 0.801907
vt 0.457860 0.801587
vt 0.877522 0.284960
vt 0.877201 0.284639
vt 0.877522 0.284567
vt 0.819973 0.185197
vt 0.819652 0.184876
vt 0.819973 0.184804
vt 0.843348 0.600677
vt 0.843669 0.600356
vt 0.843741 0.600677
vt 0.884969 0.296075
vt 0.885290 0.296396
vt 0.884969 0.296468
vt 0.829008 0.789336
vt 0.829329 0.789015
vt 0.829401 0.789336
vt 0.877522 0.296075
vt 0.877201 0.296396
vt 0.877129 0.296075
vt 0.835901 0.600677
vt 0.835580 0.600356
vt 0.835901 0.600284
vt 0.256443 0.790193
vt 0.256764 0.790514
vt 0.256443 0.790586
vt 0.256343 0.427782
vt 0.256663 0.427461
vt 0.256736 0.427782
vt 0.922145 0.332640
vt 0.922466 0.332961
vt 0.922145 0.333033
vt 0.255009 0.427782
vt 0.254688 0.427461
vt 0.255009 0.427389
vt 0.949895 0.192644
vt 0.949574 0.192965
vt 0.949502 0.192644
vt 0.920812 0.332640
vt 0.920491 0.332961
vt 0.920419 0.332640
vt 0.254498 0.790193
vt 0.254177 0.790514
vt 0.254105 0.790193
vt 0.922145 0.330695
vt 0.922466 0.330374
vt 0.922538 0.330695
vt 0.256343 0.478519
vt 0.256663 0.478839
vt 0.256343 0.478912
vt 0.951840 0.192644
vt 0.952161 0.192965
vt 0.951840 0.193037
vt 0.255009 0.478519
vt 0.254688 0.478839
vt 0.254616 0.478519
vt 0.920812 0.330695
vt 0.920491 0.330374
vt 0.920812 0.330302
vt 0.256443 0.782746
vt 0.256764 0.782425
vt 0.256836 0.782746
vt 0.950851 0.147379
vt 0.951172 0.147058
vt 0.951244 0.147379
vt 0.256343 0.435229
vt 0.256663 0.435549
vt 0.256343 0.435622
vt 0.949895 0.185197
vt 0.949574 0.184876
vt 0.949895 0.184804
vt 0.255009 0.435229
vt 0.254688 0.435549
vt 0.254616 0.435229
vt 0.949517 0.147379
vt 0.949196 0.147058
vt 0.949517 0.146986
vt 0.254498 0.782746
vt 0.254177 0.782425
vt 0.254498 0.782353
vt 0.256343 0.471071
vt 0.256663 0.470751
vt 0.256736 0.471071
vt 0.950851 0.149324
vt 0.951172 0.149645
vt 0.950851 0.149717
vt 0.951840 0.185197
vt 0.952161 0.184876
vt 0.952233 0.185197
vt 0.949517 0.149324
vt 0.949196 0.149645
vt 0.949124 0.149324
vt 0.255009 0.471071
vt 0.254688 0.470751
vt 0.255009 0.470678
vt 0.252449 0.890152
vt 0.251925 0.889933
vt 0.252200 0.889797
vt 0.251400 0.890152
vt 0.251925 0.890197
vt 0.251925 0.889383
vt 0.251650 0.889797
vt 0.295415 0.896947
vt 0.294890 0.897166
vt 0.294890 0.896902
vt 0.294890 0.897716
vt 0.295165 0.897302
vt 0.294365 0.896947
vt 0.294615 0.897302
vt 0.253943 0.889098
vt 0.253418 0.889314
vt 0.253516 0.889024
vt 0.253201 0.889840
vt 0.253604 0.889501
vt 0.253029 0.888925
vt 0.253128 0.889413
vt 0.296909 0.898001
vt 0.296383 0.897785
vt 0.296570 0.897598
vt 0.295994 0.898173
vt 0.296481 0.898075
vt 0.296167 0.897259
vt 0.296093 0.897686
vt 0.254255 0.887296
vt 0.254036 0.887821
vt 0.253901 0.887546
vt 0.254255 0.888346
vt 0.254300 0.887821
vt 0.253487 0.887821
vt 0.253901 0.888096
vt 0.297221 0.899803
vt 0.297001 0.899278
vt 0.297266 0.899278
vt 0.296451 0.899278
vt 0.296866 0.899553
vt 0.297221 0.898753
vt 0.296866 0.899003
vt 0.253201 0.885802
vt 0.253418 0.886328
vt 0.253128 0.886229
vt 0.253943 0.886544
vt 0.253604 0.886141
vt 0.253029 0.886717
vt 0.253516 0.886618
vt 0.296167 0.901297
vt 0.296383 0.900771
vt 0.296570 0.900958
vt 0.295994 0.900382
vt 0.296093 0.900870
vt 0.296909 0.900555
vt 0.296481 0.900481
vt 0.251400 0.885491
vt 0.251925 0.885709
vt 0.251650 0.885845
vt 0.252449 0.885491
vt 0.251925 0.885446
vt 0.251925 0.886259
vt 0.252200 0.885845
vt 0.294365 0.901608
vt 0.294890 0.901389
vt 0.294890 0.901653
vt 0.294890 0.900840
vt 0.294615 0.901254
vt 0.295415 0.901608
vt 0.295165 0.901254
vt 0.249905 0.886544
vt 0.250432 0.886328
vt 0.250333 0.886618
vt 0.250648 0.885802
vt 0.250245 0.886141
vt 0.250821 0.886717
vt 0.250722 0.886229
vt 0.292871 0.900555
vt 0.293397 0.900771
vt 0.293210 0.900958
vt 0.293785 0.900382
vt 0.293298 0.900481
vt 0.293613 0.901297
vt 0.293687 0.900870
vt 0.249594 0.888346
vt 0.249813 0.887821
vt 0.249949 0.888096
vt 0.249594 0.887296
vt 0.249549 0.887821
vt 0.250363 0.887821
vt 0.249949 0.887546
vt 0.292560 0.898753
vt 0.292778 0.899278
vt 0.292515 0.899278
vt 0.293328 0.899278
vt 0.292914 0.899003
vt 0.292560 0.899803
vt 0.292914 0.899553
vt 0.250648 0.889840
vt 0.250432 0.889314
vt 0.250722 0.889413
vt 0.249905 0.889098
vt 0.250245 0.889501
vt 0.250821 0.888925
vt 0.250333 0.889024
vt 0.293613 0.897259
vt 0.293397 0.897785
vt 0.293210 0.897598
vt 0.293785 0.898173
vt 0.293687 0.897686
vt 0.292871 0.898001
vt 0.293298 0.898075
vt 0.867083 0.894270
vt 0.866559 0.894051
vt 0.866834 0.893916
vt 0.866034 0.894270
vt 0.866559 0.894315
vt 0.866559 0.893502
vt 0.866284 0.893916
vt 0.355597 0.892725
vt 0.355072 0.892944
vt 0.355072 0.892680
vt 0.355072 0.893494
vt 0.355347 0.893079
vt 0.354548 0.892725
vt 0.354797 0.893079
vt 0.868578 0.893216
vt 0.868052 0.893433
vt 0.868151 0.893143
vt 0.867836 0.893959
vt 0.868239 0.893619
vt 0.867664 0.893044
vt 0.867762 0.893531
vt 0.357091 0.893779
vt 0.356565 0.893562
vt 0.356752 0.893376
vt 0.356176 0.893951
vt 0.356664 0.893852
vt 0.356349 0.893036
vt 0.356275 0.893464
vt 0.868889 0.891415
vt 0.868671 0.891940
vt 0.868535 0.891665
vt 0.868889 0.892464
vt 0.868934 0.891940
vt 0.868121 0.891940
vt 0.868535 0.892214
vt 0.357403 0.895580
vt 0.357184 0.895055
vt 0.357448 0.895055
vt 0.356634 0.895055
vt 0.357048 0.895330
vt 0.357403 0.894531
vt 0.357048 0.894781
vt 0.867836 0.889921
vt 0.868052 0.890446
vt 0.867762 0.890348
vt 0.868578 0.890663
vt 0.868239 0.890260
vt 0.867664 0.890835
vt 0.868151 0.890737
vt 0.356349 0.897074
vt 0.356565 0.896549
vt 0.356752 0.896735
vt 0.356176 0.896160
vt 0.356275 0.896647
vt 0.357091 0.896332
vt 0.356664 0.896258
vt 0.866034 0.889609
vt 0.866559 0.889828
vt 0.866284 0.889963
vt 0.867083 0.889609
vt 0.866559 0.889564
vt 0.866559 0.890378
vt 0.866834 0.889963
vt 0.354548 0.897386
vt 0.355072 0.897167
vt 0.355072 0.897431
vt 0.355072 0.896617
vt 0.354797 0.897032
vt 0.355597 0.897386
vt 0.355347 0.897032
vt 0.864540 0.890663
vt 0.865066 0.890446
vt 0.864967 0.890737
vt 0.865282 0.889921
vt 0.864879 0.890260
vt 0.865455 0.890835
vt 0.865356 0.890348
vt 0.353053 0.896332
vt 0.353579 0.896549
vt 0.353393 0.896735
vt 0.353967 0.896160
vt 0.353480 0.896258
vt 0.353795 0.897074
vt 0.353869 0.896647
vt 0.864228 0.892464
vt 0.864447 0.891940
vt 0.864583 0.892214
vt 0.864228 0.891415
vt 0.864183 0.891940
vt 0.864997 0.891940
vt 0.864583 0.891665
vt 0.352742 0.894531
vt 0.352960 0.895055
vt 0.352697 0.895055
vt 0.353510 0.895055
vt 0.353096 0.894781
vt 0.352742 0.895580
vt 0.353096 0.895330
vt 0.865282 0.893959
vt 0.865066 0.893433
vt 0.865356 0.893531
vt 0.864540 0.893216
vt 0.864879 0.893619
vt 0.865455 0.893044
vt 0.864967 0.893143
vt 0.353795 0.893036
vt 0.353579 0.893562
vt 0.353393 0.893376
vt 0.353967 0.893951
vt 0.353869 0.893464
vt 0.353053 0.893779
vt 0.353480 0.893852
vt 0.298732 0.746311
vt 0.299333 0.745717
vt 0.299230 0.746267
vt 0.298130 0.745717
vt 0.298233 0.746267
vt 0.298102 0.745150
vt 0.298732 0.745390
vt 0.299077 0.744595
vt 0.298386 0.744595
vt 0.298732 0.744101
vt 0.299361 0.745150
vt 0.302411 0.736137
vt 0.303042 0.736008
vt 0.302786 0.736568
vt 0.416888 0.895716
vt 0.416492 0.896450
vt 0.416464 0.895986
vt 0.792499 0.305529
vt 0.793414 0.305377
vt 0.792774 0.305790
vt 0.793088 0.304694
vt 0.792788 0.305151
vt 0.793988 0.304818
vt 0.793548 0.304527
vt 0.793956 0.304326
vt 0.793912 0.292062
vt 0.793543 0.292300
vt 0.793522 0.291696
vt 0.793550 0.292919
vt 0.793988 0.292599
vt 0.793958 0.293152
vt 0.793092 0.292673
vt 0.793067 0.292004
vt 0.793041 0.291422
vt 0.298731 0.756211
vt 0.298093 0.756539
vt 0.298233 0.756167
vt 0.299370 0.756539
vt 0.299230 0.756167
vt 0.461569 0.895848
vt 0.462241 0.896195
vt 0.461603 0.896329
vt 0.462621 0.895484
vt 0.461861 0.895484
vt 0.462241 0.895124
vt 0.462914 0.895848
vt 0.787718 0.376237
vt 0.788156 0.376558
vt 0.787748 0.376791
vt 0.787794 0.375701
vt 0.788163 0.375939
vt 0.788639 0.375643
vt 0.788184 0.375334
vt 0.788665 0.375061
vt 0.788614 0.376312
vt 0.409188 0.896450
vt 0.408793 0.895716
vt 0.409216 0.895986
vt 0.295051 0.736137
vt 0.294421 0.736008
vt 0.295079 0.735759
vt 0.788158 0.388165
vt 0.787718 0.388456
vt 0.787750 0.387964
vt 0.788618 0.388332
vt 0.788292 0.389016
vt 0.789206 0.389167
vt 0.788918 0.388789
vt 0.784353 0.300294
vt 0.784808 0.299985
vt 0.784834 0.300567
vt 0.783963 0.299927
vt 0.784332 0.299689
vt 0.784325 0.299070
vt 0.783887 0.299390
vt 0.783917 0.298837
vt 0.784783 0.299316
vt 0.458196 0.887908
vt 0.458591 0.887173
vt 0.458619 0.887637
vt 0.785375 0.286461
vt 0.784461 0.286612
vt 0.785100 0.286199
vt 0.784787 0.287296
vt 0.785087 0.286839
vt 0.783887 0.287172
vt 0.784327 0.287462
vt 0.783919 0.287664
vt 0.742304 0.389014
vt 0.741673 0.389143
vt 0.741929 0.388583
vt 0.796919 0.370934
vt 0.797245 0.370251
vt 0.797379 0.371101
vt 0.796330 0.370099
vt 0.796619 0.370477
vt 0.465895 0.887173
vt 0.466290 0.887908
vt 0.465867 0.887637
vt 0.749663 0.389014
vt 0.750294 0.389143
vt 0.749636 0.389392
vt 0.797819 0.370810
vt 0.797787 0.371302
vt 0.796898 0.383624
vt 0.797353 0.383932
vt 0.796872 0.384206
vt 0.796923 0.382955
vt 0.797374 0.383327
vt 0.797819 0.383029
vt 0.797381 0.382708
vt 0.797789 0.382476
vt 0.797743 0.383565
vt 0.413514 0.887777
vt 0.412842 0.887430
vt 0.413480 0.887296
vt 0.412462 0.888141
vt 0.413222 0.888141
vt 0.412842 0.888501
vt 0.412169 0.887777
vt 0.745983 0.368940
vt 0.746622 0.368612
vt 0.746482 0.368984
vt 0.745345 0.368612
vt 0.745485 0.368984
vt 0.745354 0.380001
vt 0.745983 0.379761
vt 0.745637 0.380556
vt 0.745983 0.378840
vt 0.745382 0.379434
vt 0.745485 0.378884
vt 0.746585 0.379434
vt 0.746482 0.378884
vt 0.746613 0.380001
vt 0.746329 0.380556
vt 0.745983 0.381050
vt 0.302708 0.396727
vt 0.302561 0.396371
vt 0.302952 0.396367
vt 0.732766 0.199063
vt 0.733087 0.198549
vt 0.733159 0.198912
vt 0.732766 0.198036
vt 0.732766 0.198549
vt 0.042662 0.462809
vt 0.042809 0.463164
vt 0.042417 0.463168
vt 0.721651 0.198036
vt 0.721330 0.198549
vt 0.721258 0.198186
vt 0.721651 0.199063
vt 0.721651 0.198549
vt 0.317220 0.396727
vt 0.317375 0.396354
vt 0.317613 0.396564
vt 0.732766 0.184804
vt 0.733159 0.185142
vt 0.732766 0.185230
vt 0.730438 0.474855
vt 0.730045 0.475192
vt 0.730045 0.474766
vt 0.052923 0.452547
vt 0.053295 0.452701
vt 0.053086 0.452940
vt 0.718930 0.475192
vt 0.718537 0.474855
vt 0.718930 0.474766
vt 0.721258 0.185142
vt 0.721651 0.184804
vt 0.721651 0.185230
vt 0.327482 0.406988
vt 0.327837 0.406841
vt 0.327841 0.407232
vt 0.730051 0.461955
vt 0.730372 0.461442
vt 0.730444 0.461805
vt 0.730051 0.460928
vt 0.730051 0.461442
vt 0.052923 0.438035
vt 0.053295 0.437881
vt 0.053316 0.438198
vt 0.718936 0.461442
vt 0.718543 0.461141
vt 0.718936 0.460928
vt 0.718543 0.461743
vt 0.718936 0.461955
vt 0.327482 0.421500
vt 0.327837 0.421648
vt 0.327563 0.421927
vt 0.730045 0.448128
vt 0.730365 0.447768
vt 0.730438 0.448128
vt 0.717449 0.674592
vt 0.717128 0.674232
vt 0.717449 0.674140
vt 0.042662 0.427773
vt 0.042816 0.427401
vt 0.043055 0.427610
vt 0.728564 0.674166
vt 0.728957 0.674504
vt 0.728564 0.674592
vt 0.718537 0.448040
vt 0.718930 0.447702
vt 0.718930 0.448128
vt 0.317220 0.431762
vt 0.317375 0.432134
vt 0.317058 0.432155
vt 0.717449 0.687911
vt 0.717056 0.687610
vt 0.717449 0.687398
vt 0.717056 0.688212
vt 0.717449 0.688424
vt 0.028149 0.427773
vt 0.027995 0.427401
vt 0.028312 0.427380
vt 0.728564 0.687911
vt 0.728957 0.688212
vt 0.728564 0.688424
vt 0.728957 0.687610
vt 0.728564 0.687398
vt 0.302708 0.431762
vt 0.302554 0.432134
vt 0.302315 0.431925
vt 0.717449 0.701656
vt 0.717056 0.701319
vt 0.717449 0.701230
vt 0.732667 0.133209
vt 0.732274 0.133547
vt 0.732274 0.133121
vt 0.017888 0.438035
vt 0.017532 0.437888
vt 0.017806 0.437608
vt 0.721159 0.133121
vt 0.720838 0.133481
vt 0.720766 0.133121
vt 0.728564 0.701230
vt 0.728885 0.701590
vt 0.728564 0.701682
vt 0.292446 0.421500
vt 0.292074 0.421655
vt 0.292054 0.421338
vt 0.732272 0.119807
vt 0.732665 0.120108
vt 0.732272 0.120321
vt 0.732665 0.119506
vt 0.732272 0.119294
vt 0.017888 0.452547
vt 0.017532 0.452694
vt 0.017528 0.452303
vt 0.721157 0.119294
vt 0.720836 0.119807
vt 0.720764 0.119444
vt 0.721157 0.120321
vt 0.721157 0.119807
vt 0.292446 0.406988
vt 0.292074 0.406834
vt 0.292284 0.406595
vt 0.732274 0.106057
vt 0.732667 0.106394
vt 0.732274 0.106483
vt 0.733159 0.211957
vt 0.732766 0.212294
vt 0.732766 0.211868
vt 0.028149 0.462809
vt 0.027995 0.463181
vt 0.027756 0.462971
vt 0.721651 0.212294
vt 0.721258 0.211957
vt 0.721651 0.211868
vt 0.720766 0.106394
vt 0.721159 0.106057
vt 0.721159 0.106483
vt 0.202747 0.837419
vt 0.202376 0.837261
vt 0.202587 0.837025
vt 0.078530 0.694160
vt 0.078229 0.694553
vt 0.078016 0.694160
vt 0.078830 0.694553
vt 0.079043 0.694160
vt 0.559083 0.684788
vt 0.558712 0.684630
vt 0.558924 0.684393
vt 0.078530 0.656147
vt 0.078830 0.655754
vt 0.079043 0.656147
vt 0.078229 0.655754
vt 0.078016 0.656147
vt 0.205756 0.834463
vt 0.205612 0.834106
vt 0.206003 0.834105
vt 0.082338 0.694160
vt 0.082697 0.694481
vt 0.082338 0.694553
vt 0.248838 0.633072
vt 0.248478 0.633393
vt 0.248387 0.633072
vt 0.559046 0.689006
vt 0.558689 0.689150
vt 0.558689 0.688759
vt 0.248838 0.595059
vt 0.248478 0.594738
vt 0.248838 0.594666
vt 0.082338 0.656147
vt 0.082697 0.655826
vt 0.082789 0.656147
vt 0.209974 0.834500
vt 0.210132 0.834129
vt 0.210369 0.834341
vt 0.252649 0.633071
vt 0.252348 0.633464
vt 0.252136 0.633071
vt 0.252950 0.633464
vt 0.253163 0.633071
vt 0.562002 0.692015
vt 0.561845 0.692386
vt 0.561608 0.692175
vt 0.252649 0.595057
vt 0.252950 0.594664
vt 0.253163 0.595057
vt 0.252348 0.594664
vt 0.252136 0.595057
vt 0.212931 0.837509
vt 0.213287 0.837365
vt 0.213288 0.837756
vt 0.256457 0.633072
vt 0.256816 0.633393
vt 0.256456 0.633465
vt 0.695837 0.284960
vt 0.696197 0.284639
vt 0.696288 0.284960
vt 0.566220 0.692053
vt 0.566364 0.692409
vt 0.565973 0.692410
vt 0.695837 0.322974
vt 0.696197 0.323294
vt 0.695837 0.323367
vt 0.256457 0.595059
vt 0.256816 0.594738
vt 0.256908 0.595059
vt 0.212893 0.841727
vt 0.213264 0.841885
vt 0.213053 0.842122
vt 0.692026 0.284960
vt 0.692327 0.284567
vt 0.692539 0.284960
vt 0.691725 0.284567
vt 0.691512 0.284960
vt 0.569230 0.689096
vt 0.569600 0.689254
vt 0.569389 0.689491
vt 0.692026 0.322974
vt 0.691725 0.323367
vt 0.691512 0.322974
vt 0.692327 0.323367
vt 0.692539 0.322974
vt 0.209884 0.844684
vt 0.210028 0.845040
vt 0.209637 0.845041
vt 0.688218 0.284960
vt 0.687858 0.284639
vt 0.688218 0.284567
vt 0.131850 0.635368
vt 0.132210 0.635047
vt 0.132301 0.635368
vt 0.569267 0.684878
vt 0.569623 0.684734
vt 0.569624 0.685125
vt 0.131850 0.673382
vt 0.132210 0.673702
vt 0.131850 0.673775
vt 0.688218 0.322974
vt 0.687858 0.323294
vt 0.687767 0.322974
vt 0.205666 0.844647
vt 0.205508 0.845017
vt 0.205271 0.844806
vt 0.128040 0.635370
vt 0.128341 0.634976
vt 0.128554 0.635370
vt 0.127740 0.634976
vt 0.127527 0.635370
vt 0.566310 0.681869
vt 0.566468 0.681498
vt 0.566705 0.681709
vt 0.128040 0.673383
vt 0.127740 0.673776
vt 0.127527 0.673383
vt 0.128341 0.673776
vt 0.128554 0.673383
vt 0.202709 0.841637
vt 0.202353 0.841781
vt 0.202352 0.841390
vt 0.124231 0.635368
vt 0.123872 0.635047
vt 0.124232 0.634975
vt 0.074719 0.694160
vt 0.074359 0.694481
vt 0.074268 0.694160
vt 0.562092 0.681831
vt 0.561948 0.681475
vt 0.562339 0.681474
vt 0.074719 0.656147
vt 0.074359 0.655826
vt 0.074719 0.655754
vt 0.124231 0.673382
vt 0.123872 0.673702
vt 0.123780 0.673382
vt 0.505000 0.836268
vt 0.504843 0.835897
vt 0.505159 0.835873
vt 0.699182 0.559941
vt 0.698881 0.560334
vt 0.698668 0.559941
vt 0.699483 0.560334
vt 0.699695 0.559941
vt 0.607995 0.836270
vt 0.607837 0.835899
vt 0.608154 0.835875
vt 0.699182 0.521928
vt 0.699483 0.521535
vt 0.699695 0.521928
vt 0.698881 0.521535
vt 0.698668 0.521928
vt 0.509219 0.836230
vt 0.509363 0.835874
vt 0.509645 0.836145
vt 0.702990 0.559941
vt 0.703350 0.560262
vt 0.702990 0.560334
vt 0.677638 0.144465
vt 0.677277 0.144786
vt 0.677186 0.144465
vt 0.605038 0.839279
vt 0.604681 0.839135
vt 0.604953 0.838853
vt 0.677638 0.106451
vt 0.677277 0.106131
vt 0.677638 0.106058
vt 0.702990 0.521928
vt 0.703350 0.521607
vt 0.703441 0.521928
vt 0.512228 0.839187
vt 0.512582 0.839037
vt 0.512589 0.839428
vt 0.680935 0.144464
vt 0.681449 0.144784
vt 0.681086 0.144857
vt 0.681962 0.144464
vt 0.681449 0.144463
vt 0.605075 0.843497
vt 0.604721 0.843648
vt 0.604714 0.843256
vt 0.681962 0.106450
vt 0.681449 0.106129
vt 0.681812 0.106057
vt 0.680935 0.106450
vt 0.681449 0.106450
vt 0.512265 0.843405
vt 0.512622 0.843549
vt 0.512350 0.843831
vt 0.685257 0.144465
vt 0.685616 0.144786
vt 0.685256 0.144858
vt 0.703797 0.368598
vt 0.704158 0.368278
vt 0.704249 0.368598
vt 0.608084 0.846454
vt 0.607940 0.846810
vt 0.607659 0.846539
vt 0.703797 0.406612
vt 0.704158 0.406933
vt 0.703797 0.407005
vt 0.685256 0.106451
vt 0.685616 0.106131
vt 0.685707 0.106451
vt 0.509309 0.846414
vt 0.509466 0.846785
vt 0.509149 0.846809
vt 0.699987 0.368598
vt 0.700287 0.368205
vt 0.700500 0.368598
vt 0.699686 0.368205
vt 0.699473 0.368598
vt 0.612303 0.846416
vt 0.612460 0.846787
vt 0.612144 0.846811
vt 0.699987 0.406612
vt 0.699686 0.407005
vt 0.699473 0.406612
vt 0.700287 0.407005
vt 0.700500 0.406612
vt 0.505090 0.846452
vt 0.504946 0.846808
vt 0.504664 0.846537
vt 0.696179 0.368598
vt 0.695819 0.368278
vt 0.696179 0.368205
vt 0.685750 0.185197
vt 0.686110 0.184876
vt 0.686201 0.185197
vt 0.615259 0.843407
vt 0.615616 0.843551
vt 0.615344 0.843833
vt 0.685750 0.223211
vt 0.686110 0.223532
vt 0.685750 0.223604
vt 0.696179 0.406612
vt 0.695819 0.406933
vt 0.695728 0.406612
vt 0.502081 0.843495
vt 0.501727 0.843646
vt 0.501720 0.843254
vt 0.682453 0.185199
vt 0.681940 0.184878
vt 0.682303 0.184806
vt 0.681427 0.185199
vt 0.681940 0.185199
vt 0.615222 0.839189
vt 0.615576 0.839039
vt 0.615583 0.839430
vt 0.681427 0.223212
vt 0.681940 0.223533
vt 0.681577 0.223605
vt 0.682454 0.223212
vt 0.681940 0.223213
vt 0.502044 0.839277
vt 0.501687 0.839133
vt 0.501959 0.838851
vt 0.678131 0.185197
vt 0.677771 0.184876
vt 0.678131 0.184804
vt 0.695371 0.559941
vt 0.695011 0.560262
vt 0.694920 0.559941
vt 0.612213 0.836232
vt 0.612357 0.835876
vt 0.612639 0.836147
vt 0.695371 0.521928
vt 0.695011 0.521607
vt 0.695371 0.521535
vt 0.678131 0.223211
vt 0.677771 0.223532
vt 0.677680 0.223211
vt 0.653619 0.837751
vt 0.653248 0.837593
vt 0.653460 0.837356
vt 0.683412 0.055935
vt 0.683111 0.056328
vt 0.682898 0.055935
vt 0.683712 0.056328
vt 0.683925 0.055935
vt 0.768610 0.240324
vt 0.768239 0.240167
vt 0.768451 0.239930
vt 0.683412 0.017921
vt 0.683712 0.017528
vt 0.683925 0.017921
vt 0.683111 0.017528
vt 0.682898 0.017921
vt 0.656628 0.834794
vt 0.656484 0.834438
vt 0.656876 0.834437
vt 0.687220 0.055935
vt 0.687579 0.056256
vt 0.687219 0.056328
vt 0.675410 0.486085
vt 0.675050 0.486406
vt 0.674959 0.486085
vt 0.768573 0.244542
vt 0.768216 0.244686
vt 0.768216 0.244295
vt 0.675410 0.448071
vt 0.675050 0.447750
vt 0.675410 0.447678
vt 0.687220 0.017921
vt 0.687579 0.017601
vt 0.687671 0.017921
vt 0.660847 0.834832
vt 0.661004 0.834461
vt 0.661241 0.834672
vt 0.679221 0.486083
vt 0.678920 0.486476
vt 0.678708 0.486083
vt 0.679522 0.486476
vt 0.679735 0.486083
vt 0.771529 0.247551
vt 0.771372 0.247922
vt 0.771135 0.247711
vt 0.679221 0.448069
vt 0.679522 0.447677
vt 0.679735 0.448070
vt 0.678920 0.447677
vt 0.678708 0.448070
vt 0.663803 0.837841
vt 0.664160 0.837697
vt 0.664160 0.838088
vt 0.683029 0.486085
vt 0.683389 0.486406
vt 0.683029 0.486478
vt 0.703483 0.600677
vt 0.703843 0.600356
vt 0.703934 0.600677
vt 0.775748 0.247589
vt 0.775892 0.247945
vt 0.775500 0.247946
vt 0.703483 0.638691
vt 0.703843 0.639011
vt 0.703483 0.639084
vt 0.683029 0.448071
vt 0.683389 0.447750
vt 0.683480 0.448071
vt 0.663766 0.842059
vt 0.664137 0.842216
vt 0.663925 0.842453
vt 0.699672 0.600677
vt 0.699973 0.600284
vt 0.700186 0.600677
vt 0.699372 0.600284
vt 0.699159 0.600677
vt 0.778757 0.244632
vt 0.779128 0.244790
vt 0.778916 0.245027
vt 0.699672 0.638691
vt 0.699372 0.639084
vt 0.699159 0.638691
vt 0.699973 0.639084
vt 0.700186 0.638691
vt 0.660757 0.845016
vt 0.660901 0.845372
vt 0.660509 0.845373
vt 0.695864 0.600677
vt 0.695505 0.600356
vt 0.695865 0.600284
vt 0.025598 0.646365
vt 0.025958 0.646044
vt 0.026049 0.646365
vt 0.778794 0.240414
vt 0.779151 0.240270
vt 0.779151 0.240661
vt 0.025598 0.684379
vt 0.025958 0.684699
vt 0.025598 0.684771
vt 0.695864 0.638691
vt 0.695505 0.639011
vt 0.695414 0.638691
vt 0.656538 0.844978
vt 0.656381 0.845349
vt 0.656144 0.845137
vt 0.021788 0.646366
vt 0.022089 0.645973
vt 0.022302 0.646366
vt 0.021488 0.645973
vt 0.021275 0.646366
vt 0.775838 0.237405
vt 0.775995 0.237034
vt 0.776232 0.237246
vt 0.021788 0.684380
vt 0.021488 0.684773
vt 0.021275 0.684380
vt 0.022089 0.684773
vt 0.022302 0.684380
vt 0.653582 0.841969
vt 0.653225 0.842113
vt 0.653225 0.841722
vt 0.017980 0.646365
vt 0.017620 0.646044
vt 0.017980 0.645972
vt 0.679601 0.055935
vt 0.679241 0.056256
vt 0.679150 0.055935
vt 0.771619 0.237368
vt 0.771475 0.237011
vt 0.771867 0.237010
vt 0.679601 0.017921
vt 0.679241 0.017601
vt 0.679601 0.017528
vt 0.017980 0.684379
vt 0.017620 0.684699
vt 0.017528 0.684378
vt 0.569231 0.646025
vt 0.569552 0.646345
vt 0.569231 0.646417
vt 0.055935 0.391930
vt 0.056256 0.392251
vt 0.055935 0.392323
vt 0.560561 0.572168
vt 0.560240 0.572489
vt 0.560168 0.572168
vt 0.055935 0.341690
vt 0.056256 0.341369
vt 0.056328 0.341690
vt 0.635030 0.055935
vt 0.634709 0.056256
vt 0.634637 0.055935
vt 0.560561 0.521928
vt 0.560240 0.521607
vt 0.560561 0.521535
vt 0.560561 0.646025
vt 0.560240 0.646345
vt 0.560168 0.646024
vt 0.569231 0.572168
vt 0.569552 0.572489
vt 0.569231 0.572561
vt 0.202745 0.391939
vt 0.202424 0.392260
vt 0.202352 0.391939
vt 0.643700 0.055935
vt 0.644021 0.056256
vt 0.643700 0.056328
vt 0.202745 0.341698
vt 0.202424 0.341377
vt 0.202745 0.341305
vt 0.569231 0.521928
vt 0.569552 0.521607
vt 0.569624 0.521928
vt 0.569231 0.608011
vt 0.569552 0.607690
vt 0.569624 0.608011
vt 0.373007 0.586840
vt 0.373328 0.587161
vt 0.373007 0.587233
vt 0.017921 0.391930
vt 0.017601 0.392251
vt 0.017528 0.391930
vt 0.635030 0.017921
vt 0.634709 0.017601
vt 0.635030 0.017528
vt 0.017921 0.341690
vt 0.017601 0.341369
vt 0.017921 0.341297
vt 0.373007 0.536600
vt 0.373328 0.536279
vt 0.373400 0.536600
vt 0.560561 0.608011
vt 0.560240 0.607690
vt 0.560561 0.607618
vt 0.240759 0.391939
vt 0.241080 0.392260
vt 0.240759 0.392332
vt 0.364337 0.586840
vt 0.364016 0.587161
vt 0.363944 0.586840
vt 0.643700 0.017921
vt 0.644021 0.017601
vt 0.644093 0.017921
vt 0.364337 0.536600
vt 0.364016 0.536279
vt 0.364337 0.536207
vt 0.240759 0.341698
vt 0.241080 0.341377
vt 0.241152 0.341698
vt 0.876355 0.068856
vt 0.875998 0.068997
vt 0.876000 0.068606
vt 0.446072 0.249116
vt 0.446586 0.249437
vt 0.446223 0.249509
vt 0.447099 0.249116
vt 0.446586 0.249116
vt 0.080328 0.933790
vt 0.080686 0.933649
vt 0.080684 0.934041
vt 0.447099 0.017921
vt 0.446586 0.017601
vt 0.446949 0.017528
vt 0.446072 0.017921
vt 0.446586 0.017921
vt 0.876393 0.066509
vt 0.876024 0.066349
vt 0.876237 0.066114
vt 0.449091 0.249116
vt 0.448754 0.249509
vt 0.448666 0.249116
vt 0.364282 0.249509
vt 0.363944 0.249116
vt 0.364370 0.249116
vt 0.078696 0.932104
vt 0.078856 0.931735
vt 0.079092 0.931948
vt 0.363944 0.017921
vt 0.364282 0.017528
vt 0.364370 0.017922
vt 0.448754 0.017528
vt 0.449091 0.017921
vt 0.448666 0.017921
vt 0.878080 0.064877
vt 0.877931 0.064502
vt 0.878249 0.064486
vt 0.366451 0.249117
vt 0.366150 0.249510
vt 0.365937 0.249117
vt 0.366751 0.249510
vt 0.366964 0.249117
vt 0.076349 0.932066
vt 0.076208 0.931709
vt 0.076599 0.931711
vt 0.366964 0.017922
vt 0.366451 0.017602
vt 0.366814 0.017529
vt 0.365937 0.017922
vt 0.366451 0.017923
vt 0.880426 0.064915
vt 0.880586 0.064545
vt 0.880822 0.064758
vt 0.368955 0.249116
vt 0.368618 0.249509
vt 0.368530 0.249116
vt 0.124118 0.465195
vt 0.123780 0.464802
vt 0.124206 0.464802
vt 0.074663 0.933699
vt 0.074294 0.933539
vt 0.074507 0.933303
vt 0.123780 0.233607
vt 0.124118 0.233214
vt 0.124206 0.233607
vt 0.368618 0.017528
vt 0.368955 0.017921
vt 0.368530 0.017922
vt 0.882059 0.066601
vt 0.882416 0.066459
vt 0.882414 0.066851
vt 0.125772 0.464802
vt 0.126286 0.465123
vt 0.125923 0.465195
vt 0.126799 0.464802
vt 0.126286 0.464802
vt 0.074625 0.936046
vt 0.074268 0.936187
vt 0.074270 0.935796
vt 0.126799 0.233607
vt 0.126286 0.233286
vt 0.126649 0.233214
vt 0.125772 0.233607
vt 0.126286 0.233607
vt 0.882021 0.068948
vt 0.882390 0.069107
vt 0.882177 0.069343
vt 0.128791 0.464802
vt 0.128454 0.465195
vt 0.128366 0.464802
vt 0.404349 0.249510
vt 0.404012 0.249117
vt 0.404437 0.249116
vt 0.076258 0.937732
vt 0.076098 0.938102
vt 0.075862 0.937888
vt 0.404012 0.017922
vt 0.404349 0.017529
vt 0.404437 0.017922
vt 0.128454 0.233214
vt 0.128791 0.233607
vt 0.128366 0.233607
vt 0.880335 0.070580
vt 0.880483 0.070954
vt 0.880165 0.070970
vt 0.406517 0.249116
vt 0.406216 0.249509
vt 0.406003 0.249116
vt 0.406818 0.249509
vt 0.407030 0.249116
vt 0.078604 0.937770
vt 0.078753 0.938144
vt 0.078435 0.938160
vt 0.406517 0.017921
vt 0.406818 0.017528
vt 0.407030 0.017921
vt 0.406216 0.017528
vt 0.406003 0.017921
vt 0.877988 0.070542
vt 0.877828 0.070912
vt 0.877592 0.070698
vt 0.409023 0.249117
vt 0.408686 0.249510
vt 0.408598 0.249116
vt 0.444418 0.249509
vt 0.444080 0.249116
vt 0.444506 0.249116
vt 0.080291 0.936137
vt 0.080660 0.936297
vt 0.080447 0.936533
vt 0.444080 0.017921
vt 0.444418 0.017528
vt 0.444506 0.017921
vt 0.408686 0.017529
vt 0.409023 0.017922
vt 0.408598 0.017922
vt 0.062121 0.197764
vt 0.046206 0.198157
vt 0.046206 0.197764
vt 0.209403 0.246970
vt 0.202745 0.261700
vt 0.202352 0.261611
vt 0.062121 0.017921
vt 0.046206 0.017528
vt 0.062048 0.017528
vt 0.081673 0.292493
vt 0.068794 0.302261
vt 0.081358 0.292241
vt 0.074753 0.198157
vt 0.062048 0.198157
vt 0.222107 0.236838
vt 0.209718 0.247221
vt 0.074753 0.017528
vt 0.074884 0.017921
vt 0.088723 0.277852
vt 0.088331 0.277762
vt 0.202352 0.197764
vt 0.217104 0.198166
vt 0.202456 0.198157
vt 0.237950 0.233222
vt 0.222282 0.237202
vt 0.202352 0.017922
vt 0.217104 0.017537
vt 0.217067 0.017930
vt 0.088723 0.261602
vt 0.088331 0.261692
vt 0.233391 0.197773
vt 0.217067 0.197773
vt 0.253792 0.236838
vt 0.237950 0.233626
vt 0.233353 0.017537
vt 0.233391 0.017930
vt 0.081358 0.247213
vt 0.081673 0.246962
vt 0.248091 0.197764
vt 0.233353 0.198166
vt 0.266182 0.247221
vt 0.253617 0.237202
vt 0.247987 0.017528
vt 0.248091 0.017922
vt 0.068794 0.237193
vt 0.068968 0.236830
vt 0.109940 0.197764
vt 0.122776 0.198157
vt 0.110071 0.198157
vt 0.266497 0.246970
vt 0.273154 0.261700
vt 0.109940 0.017921
vt 0.122776 0.017528
vt 0.122703 0.017921
vt 0.053126 0.233617
vt 0.053126 0.233214
vt 0.138618 0.197764
vt 0.122703 0.197764
vt 0.273547 0.261611
vt 0.273154 0.277771
vt 0.138618 0.017528
vt 0.138618 0.017921
vt 0.037459 0.237193
vt 0.037284 0.236830
vt 0.154533 0.197764
vt 0.138618 0.198157
vt 0.266497 0.292501
vt 0.273547 0.277860
vt 0.154460 0.017528
vt 0.154533 0.017921
vt 0.024894 0.247213
vt 0.024579 0.246962
vt 0.167295 0.197764
vt 0.154460 0.198157
vt 0.253792 0.302632
vt 0.266182 0.292250
vt 0.167165 0.017528
vt 0.167295 0.017921
vt 0.017528 0.261602
vt 0.017922 0.261692
vt 0.297849 0.197764
vt 0.283253 0.198160
vt 0.283148 0.197767
vt 0.237950 0.305845
vt 0.253617 0.302269
vt 0.283148 0.017924
vt 0.297886 0.017528
vt 0.297849 0.017921
vt 0.017528 0.277852
vt 0.017922 0.277762
vt 0.314173 0.197764
vt 0.297886 0.198157
vt 0.222107 0.302632
vt 0.237950 0.306248
vt 0.314136 0.017528
vt 0.314173 0.017921
vt 0.024894 0.292241
vt 0.024579 0.292493
vt 0.328887 0.197767
vt 0.314136 0.198157
vt 0.209718 0.292250
vt 0.222282 0.302269
vt 0.328783 0.017531
vt 0.328887 0.017924
vt 0.037459 0.302261
vt 0.037284 0.302624
vt 0.030291 0.197764
vt 0.017659 0.198157
vt 0.017528 0.197764
vt 0.209403 0.292501
vt 0.202745 0.277771
vt 0.017528 0.017921
vt 0.030364 0.017528
vt 0.030291 0.017921
vt 0.053126 0.306240
vt 0.053126 0.305837
vt 0.030364 0.198157
vt 0.202352 0.277860
vt 0.046206 0.017921
vt 0.068968 0.302624
vt 0.418631 0.466915
vt 0.327841 0.360884
vt 0.418238 0.284960
vt 0.251567 0.535154
vt 0.423633 0.284567
vt 0.363944 0.284960
vt 0.424026 0.412228
vt 0.418238 0.448071
vt 0.364337 0.412621
vt 0.256962 0.534761
vt 0.382788 0.284567
vt 0.459083 0.284960
vt 0.423633 0.447678
vt 0.459476 0.412621
vt 0.256569 0.515917
vt 0.308604 0.233615
vt 0.464871 0.412228
vt 0.424026 0.466522
vt 0.308997 0.361277
vt 0.251174 0.516310
vt 0.327448 0.233222
vt 0.210956 0.480467
vt 0.215658 0.480860
vt 0.210956 0.480860
vt 0.662961 0.691734
vt 0.666907 0.694378
vt 0.666732 0.694741
vt 0.210956 0.427782
vt 0.215658 0.427389
vt 0.215730 0.427782
vt 0.520725 0.691732
vt 0.516779 0.694376
vt 0.520410 0.691481
vt 0.219559 0.480467
vt 0.215730 0.480467
vt 0.660868 0.687389
vt 0.663276 0.691483
vt 0.219428 0.427389
vt 0.219559 0.427782
vt 0.522817 0.687387
vt 0.522424 0.687297
vt 0.488563 0.159138
vt 0.484252 0.159529
vt 0.484148 0.159136
vt 0.660868 0.682566
vt 0.661261 0.687299
vt 0.484148 0.106450
vt 0.488600 0.106060
vt 0.488563 0.106453
vt 0.522424 0.682654
vt 0.522817 0.682564
vt 0.493460 0.159138
vt 0.488600 0.159531
vt 0.662961 0.678221
vt 0.661261 0.682656
vt 0.493422 0.106060
vt 0.493460 0.106453
vt 0.520410 0.678470
vt 0.520725 0.678219
vt 0.497870 0.159136
vt 0.493422 0.159531
vt 0.666732 0.675214
vt 0.663276 0.678472
vt 0.497766 0.106057
vt 0.497870 0.106450
vt 0.516779 0.675575
vt 0.516954 0.675212
vt 0.487977 0.070607
vt 0.484279 0.071000
vt 0.484148 0.070607
vt 0.671434 0.674544
vt 0.666907 0.675577
vt 0.484148 0.017921
vt 0.488050 0.017528
vt 0.487977 0.017921
vt 0.512252 0.674541
vt 0.512252 0.674138
vt 0.492752 0.070607
vt 0.488050 0.071000
vt 0.671434 0.674140
vt 0.675961 0.675577
vt 0.492752 0.017528
vt 0.492752 0.017921
vt 0.507725 0.675575
vt 0.507550 0.675212
vt 0.497526 0.070607
vt 0.492752 0.071000
vt 0.679906 0.678221
vt 0.676136 0.675214
vt 0.497454 0.017528
vt 0.497526 0.017921
vt 0.504094 0.678470
vt 0.503779 0.678219
vt 0.501355 0.070607
vt 0.497454 0.071000
vt 0.681999 0.682566
vt 0.679591 0.678472
vt 0.501224 0.017528
vt 0.501355 0.017921
vt 0.502080 0.682654
vt 0.501687 0.682564
vt 0.504338 0.337646
vt 0.500032 0.338039
vt 0.499927 0.337646
vt 0.681999 0.687389
vt 0.681606 0.682656
vt 0.504338 0.284960
vt 0.500032 0.284568
vt 0.504375 0.284567
vt 0.502080 0.687297
vt 0.501687 0.687387
vt 0.509235 0.337646
vt 0.504375 0.338039
vt 0.679906 0.691734
vt 0.681606 0.687299
vt 0.509198 0.284567
vt 0.509235 0.284960
vt 0.504094 0.691481
vt 0.503779 0.691732
vt 0.513649 0.337646
vt 0.509198 0.338039
vt 0.676136 0.694741
vt 0.679591 0.691483
vt 0.513545 0.284568
vt 0.513649 0.284961
vt 0.507725 0.694376
vt 0.507550 0.694739
vt 0.206181 0.480467
vt 0.202483 0.480860
vt 0.202352 0.480467
vt 0.671434 0.695814
vt 0.675961 0.694378
vt 0.202352 0.427782
vt 0.206254 0.427389
vt 0.206181 0.427782
vt 0.512252 0.695409
vt 0.512252 0.695812
vt 0.206254 0.480860
vt 0.671434 0.695411
vt 0.210956 0.427389
vt 0.516954 0.694739
vt 0.377322 0.500757
vt 0.372548 0.501150
vt 0.372548 0.500757
vt 0.604681 0.682566
vt 0.607089 0.678472
vt 0.605074 0.682656
vt 0.372548 0.448071
vt 0.377250 0.447678
vt 0.377322 0.448071
vt 0.217620 0.692794
vt 0.221075 0.689536
vt 0.221390 0.689787
vt 0.381020 0.501150
vt 0.377250 0.501150
vt 0.610544 0.675214
vt 0.606773 0.678221
vt 0.381020 0.447678
vt 0.381151 0.448071
vt 0.223090 0.685352
vt 0.223483 0.685442
vt 0.488563 0.247669
vt 0.484252 0.248060
vt 0.484148 0.247667
vt 0.615246 0.674140
vt 0.610719 0.675577
vt 0.488563 0.194984
vt 0.484252 0.194588
vt 0.488600 0.194591
vt 0.223090 0.680708
vt 0.223483 0.680619
vt 0.493460 0.247669
vt 0.488600 0.248062
vt 0.619948 0.675214
vt 0.615246 0.674544
vt 0.493422 0.194591
vt 0.493460 0.194984
vt 0.221075 0.676525
vt 0.221390 0.676273
vt 0.497870 0.247667
vt 0.493422 0.248062
vt 0.623719 0.678221
vt 0.619773 0.675577
vt 0.497766 0.194588
vt 0.497870 0.194981
vt 0.217445 0.673630
vt 0.217620 0.673266
vt 0.462912 0.500757
vt 0.459213 0.501150
vt 0.459083 0.500757
vt 0.625812 0.682566
vt 0.623404 0.678472
vt 0.459083 0.448071
vt 0.462984 0.447678
vt 0.462912 0.448071
vt 0.212918 0.672193
vt 0.212918 0.672596
vt 0.467686 0.500757
vt 0.462984 0.501150
vt 0.625812 0.687389
vt 0.625418 0.682656
vt 0.467686 0.447678
vt 0.467686 0.448071
vt 0.208391 0.673630
vt 0.208216 0.673266
vt 0.472461 0.500757
vt 0.467686 0.501150
vt 0.623719 0.691734
vt 0.625418 0.687299
vt 0.472388 0.447678
vt 0.472461 0.448071
vt 0.204760 0.676525
vt 0.204445 0.676273
vt 0.476159 0.501150
vt 0.472388 0.501150
vt 0.619948 0.694741
vt 0.623404 0.691483
vt 0.476159 0.447678
vt 0.476289 0.448071
vt 0.202745 0.680708
vt 0.202352 0.680619
vt 0.296464 0.520291
vt 0.292158 0.520684
vt 0.292054 0.520291
vt 0.615246 0.695814
vt 0.619773 0.694378
vt 0.296464 0.467605
vt 0.292158 0.467213
vt 0.296501 0.467212
vt 0.202352 0.685442
vt 0.202745 0.685352
vt 0.301361 0.520291
vt 0.296501 0.520684
vt 0.610719 0.694378
vt 0.615246 0.695411
vt 0.301324 0.467212
vt 0.301361 0.467605
vt 0.204760 0.689536
vt 0.204445 0.689787
vt 0.305775 0.520291
vt 0.301324 0.520684
vt 0.606773 0.691734
vt 0.610544 0.694741
vt 0.305671 0.467213
vt 0.305775 0.467606
vt 0.208391 0.692431
vt 0.208216 0.692794
vt 0.367773 0.500757
vt 0.364075 0.501150
vt 0.363944 0.500757
vt 0.605074 0.687299
vt 0.607089 0.691483
vt 0.363944 0.448071
vt 0.367846 0.447678
vt 0.367773 0.448071
vt 0.212918 0.693464
vt 0.212918 0.693867
vt 0.367846 0.501150
vt 0.604681 0.687389
vt 0.372548 0.447678
vt 0.217445 0.692431
vt 0.213055 0.559214
vt 0.209235 0.559607
vt 0.209235 0.559214
vt 0.352236 0.747268
vt 0.354219 0.744057
vt 0.352629 0.747358
vt 0.209235 0.516310
vt 0.212982 0.515917
vt 0.213055 0.516310
vt 0.779186 0.677392
vt 0.776006 0.675359
vt 0.776181 0.674996
vt 0.215987 0.559607
vt 0.212982 0.559607
vt 0.356908 0.741409
vt 0.353903 0.743805
vt 0.215987 0.515917
vt 0.216118 0.516310
vt 0.772433 0.674543
vt 0.772434 0.674140
vt 0.601060 0.327866
vt 0.597632 0.328257
vt 0.597528 0.327864
vt 0.360655 0.740554
vt 0.357083 0.741772
vt 0.597528 0.284960
vt 0.601097 0.284569
vt 0.601060 0.284962
vt 0.768686 0.674996
vt 0.768861 0.675359
vt 0.604977 0.327866
vt 0.601097 0.328259
vt 0.364403 0.741409
vt 0.360655 0.740957
vt 0.604940 0.284569
vt 0.604977 0.284962
vt 0.765682 0.677392
vt 0.765997 0.677643
vt 0.608401 0.328257
vt 0.604940 0.328259
vt 0.367408 0.743805
vt 0.364228 0.741772
vt 0.608401 0.284567
vt 0.608505 0.284960
vt 0.764407 0.680945
vt 0.764014 0.680855
vt 0.551769 0.327864
vt 0.548837 0.328257
vt 0.548706 0.327864
vt 0.369075 0.747268
vt 0.367092 0.744057
vt 0.551769 0.284960
vt 0.548837 0.284567
vt 0.551842 0.284567
vt 0.764407 0.684609
vt 0.764014 0.684698
vt 0.555589 0.328257
vt 0.551842 0.328257
vt 0.368682 0.751022
vt 0.368682 0.747358
vt 0.555589 0.284960
vt 0.555589 0.284567
vt 0.765997 0.687910
vt 0.765681 0.688161
vt 0.555589 0.327864
vt 0.559336 0.328257
vt 0.367408 0.754574
vt 0.369075 0.751112
vt 0.559336 0.284567
vt 0.559408 0.284960
vt 0.768686 0.690558
vt 0.768861 0.690194
vt 0.562471 0.327864
vt 0.559408 0.327864
vt 0.364228 0.756608
vt 0.367092 0.754323
vt 0.562341 0.284567
vt 0.562471 0.284960
vt 0.772433 0.691010
vt 0.772434 0.691413
vt 0.609017 0.411503
vt 0.605593 0.411896
vt 0.605489 0.411503
vt 0.360655 0.757826
vt 0.364403 0.756971
vt 0.605489 0.368599
vt 0.609054 0.368205
vt 0.609017 0.368598
vt 0.776006 0.690194
vt 0.776181 0.690558
vt 0.612935 0.411503
vt 0.609054 0.411896
vt 0.356908 0.756971
vt 0.360655 0.757423
vt 0.612898 0.368205
vt 0.612935 0.368598
vt 0.778870 0.687910
vt 0.779186 0.688161
vt 0.616466 0.411503
vt 0.612898 0.411896
vt 0.354219 0.754323
vt 0.357083 0.756608
vt 0.616362 0.368206
vt 0.616466 0.368599
vt 0.780460 0.684609
vt 0.780853 0.684698
vt 0.205415 0.559214
vt 0.202483 0.559607
vt 0.202352 0.559214
vt 0.352236 0.751112
vt 0.353903 0.754574
vt 0.202352 0.516310
vt 0.205488 0.515917
vt 0.205415 0.516310
vt 0.780853 0.680855
vt 0.780460 0.680945
vt 0.205488 0.559607
vt 0.352629 0.751022
vt 0.209235 0.515917
vt 0.778870 0.677643
vt 0.522048 0.564832
vt 0.518229 0.565225
vt 0.518229 0.564832
vt 0.770174 0.448532
vt 0.773921 0.448080
vt 0.770348 0.448895
vt 0.518229 0.521928
vt 0.521976 0.521535
vt 0.522048 0.521928
vt 0.733895 0.747296
vt 0.733502 0.743543
vt 0.733895 0.743453
vt 0.525111 0.564832
vt 0.521976 0.565225
vt 0.773921 0.447677
vt 0.777493 0.448895
vt 0.524981 0.521535
vt 0.525111 0.521928
vt 0.731913 0.740241
vt 0.732228 0.739990
vt 0.608212 0.564834
vt 0.604785 0.565225
vt 0.604681 0.564832
vt 0.780673 0.450928
vt 0.777668 0.448532
vt 0.604681 0.521928
vt 0.608249 0.521537
vt 0.608212 0.521930
vt 0.729048 0.737957
vt 0.729223 0.737594
vt 0.612130 0.564834
vt 0.608249 0.565227
vt 0.782340 0.454391
vt 0.780357 0.451180
vt 0.612093 0.521537
vt 0.612130 0.521930
vt 0.725476 0.737141
vt 0.725476 0.736739
vt 0.615554 0.565225
vt 0.612093 0.565227
vt 0.782340 0.458235
vt 0.781947 0.454481
vt 0.615554 0.521535
vt 0.615658 0.521928
vt 0.721729 0.737594
vt 0.721903 0.737957
vt 0.559730 0.411503
vt 0.556797 0.411896
vt 0.556667 0.411503
vt 0.780673 0.461698
vt 0.781947 0.458145
vt 0.559730 0.368598
vt 0.556797 0.368205
vt 0.559802 0.368205
vt 0.719039 0.740241
vt 0.718724 0.739990
vt 0.563549 0.411503
vt 0.559802 0.411896
vt 0.777493 0.463731
vt 0.780357 0.461446
vt 0.563549 0.368598
vt 0.563549 0.368205
vt 0.717449 0.743542
vt 0.717056 0.743453
vt 0.567296 0.411896
vt 0.563549 0.411896
vt 0.773921 0.464949
vt 0.777668 0.464094
vt 0.567296 0.368205
vt 0.567369 0.368598
vt 0.717056 0.747296
vt 0.717449 0.747207
vt 0.570432 0.411503
vt 0.567369 0.411503
vt 0.770174 0.464094
vt 0.773921 0.464546
vt 0.570301 0.368205
vt 0.570432 0.368598
vt 0.719039 0.750508
vt 0.718724 0.750759
vt 0.077796 0.620303
vt 0.074372 0.620697
vt 0.074268 0.620304
vt 0.767169 0.461698
vt 0.770348 0.463731
vt 0.074268 0.577399
vt 0.077833 0.577006
vt 0.077796 0.577399
vt 0.721903 0.752792
vt 0.721729 0.753156
vt 0.081714 0.620303
vt 0.077833 0.620696
vt 0.765501 0.458235
vt 0.767484 0.461446
vt 0.081677 0.577006
vt 0.081714 0.577399
vt 0.725476 0.753608
vt 0.725476 0.754011
vt 0.085245 0.620304
vt 0.081677 0.620696
vt 0.765501 0.454391
vt 0.765894 0.458145
vt 0.085141 0.577006
vt 0.085245 0.577399
vt 0.729048 0.752792
vt 0.729223 0.753156
vt 0.514409 0.564832
vt 0.511477 0.565225
vt 0.511346 0.564832
vt 0.767484 0.451180
vt 0.765894 0.454481
vt 0.514409 0.521928
vt 0.511477 0.521535
vt 0.514482 0.521535
vt 0.731913 0.750508
vt 0.732228 0.750759
vt 0.514482 0.565225
vt 0.767169 0.450928
vt 0.518229 0.521535
vt 0.733502 0.747207
vt 0.017528 0.498652
vt 0.596095 0.144464
vt 0.088221 0.729610
vt 0.582142 0.144857
vt 0.499927 0.373489
vt 0.581749 0.106450
vt 0.739384 0.621966
vt 0.595702 0.106057
vt 0.038818 0.498259
vt 0.500320 0.411896
vt 0.738991 0.600677
vt 0.585627 0.056328
vt 0.752945 0.600284
vt 0.039211 0.536665
vt 0.599580 0.055935
vt 0.521610 0.411503
vt 0.585234 0.017921
vt 0.074661 0.751293
vt 0.599187 0.017528
vt 0.017921 0.537058
vt 0.088614 0.750900
vt 0.521217 0.373096
vt 0.123780 0.500645
vt 0.596095 0.223211
vt 0.569069 0.730869
vt 0.582142 0.223604
vt 0.511346 0.448071
vt 0.581749 0.185197
vt 0.738891 0.543217
vt 0.595702 0.184804
vt 0.145070 0.500252
vt 0.752844 0.542824
vt 0.511739 0.486478
vt 0.017921 0.610915
vt 0.752451 0.521535
vt 0.145463 0.538659
vt 0.031875 0.610522
vt 0.533029 0.486085
vt 0.017528 0.572508
vt 0.555509 0.752552
vt 0.031482 0.572115
vt 0.124173 0.539052
vt 0.532636 0.447678
vt 0.555116 0.731262
vt 0.074661 0.801430
vt 0.299064 0.860249
vt 0.254962 0.834105
vt 0.292446 0.860642
vt 0.653618 0.799380
vt 0.292053 0.846689
vt 0.074661 0.851566
vt 0.298671 0.846296
vt 0.074268 0.786743
vt 0.081278 0.851173
vt 0.667571 0.798987
vt 0.863372 0.853304
vt 0.080885 0.836486
vt 0.088221 0.786349
vt 0.869989 0.852911
vt 0.667178 0.784300
vt 0.862979 0.839351
vt 0.248738 0.849185
vt 0.869596 0.838958
vt 0.088614 0.801036
vt 0.653225 0.784693
vt 0.248345 0.834498
vt 0.408850 0.802102
vt 0.359246 0.856027
vt 0.464478 0.837036
vt 0.352629 0.856420
vt 0.555509 0.802689
vt 0.352236 0.842466
vt 0.408850 0.852239
vt 0.358853 0.842073
vt 0.408457 0.787415
vt 0.415467 0.851846
vt 0.569462 0.802296
vt 0.408457 0.837552
vt 0.864851 0.803289
vt 0.415074 0.837159
vt 0.422410 0.787022
vt 0.871468 0.802896
vt 0.569069 0.787609
vt 0.864458 0.789336
vt 0.458253 0.852116
vt 0.871075 0.788943
vt 0.422803 0.801709
vt 0.464871 0.851723
vt 0.555116 0.788002
vt 0.081150 0.541556
vt 0.084897 0.541949
vt 0.081150 0.541949
vt 0.023849 0.773908
vt 0.027427 0.774310
vt 0.023898 0.774310
vt 0.084970 0.498652
vt 0.081150 0.498259
vt 0.084897 0.498259
vt 0.777102 0.736738
vt 0.780519 0.737822
vt 0.777061 0.737120
vt 0.088033 0.541556
vt 0.084970 0.541556
vt 0.030913 0.775572
vt 0.027550 0.773908
vt 0.087902 0.498259
vt 0.088033 0.498652
vt 0.773604 0.738037
vt 0.773475 0.737700
vt 0.631152 0.147702
vt 0.634721 0.148504
vt 0.631256 0.148043
vt 0.033273 0.778571
vt 0.030633 0.775897
vt 0.631152 0.106474
vt 0.634721 0.106521
vt 0.634684 0.106943
vt 0.770831 0.740391
vt 0.770566 0.740170
vt 0.638601 0.148170
vt 0.634684 0.148171
vt 0.034161 0.782310
vt 0.032882 0.778756
vt 0.638564 0.106519
vt 0.638601 0.106942
vt 0.769292 0.743716
vt 0.768952 0.743658
vt 0.642130 0.147699
vt 0.638564 0.148503
vt 0.033402 0.786049
vt 0.033729 0.782320
vt 0.642130 0.106471
vt 0.642025 0.106057
vt 0.768952 0.747474
vt 0.769292 0.747354
vt 0.535990 0.149354
vt 0.533057 0.149747
vt 0.532927 0.149354
vt 0.031146 0.789048
vt 0.033005 0.785885
vt 0.535990 0.106450
vt 0.533057 0.106057
vt 0.536062 0.106057
vt 0.770831 0.750583
vt 0.770566 0.750861
vt 0.539809 0.149747
vt 0.536062 0.149747
vt 0.027840 0.790712
vt 0.030855 0.788744
vt 0.539809 0.106057
vt 0.539809 0.106450
vt 0.773475 0.753150
vt 0.773604 0.752765
vt 0.543629 0.149354
vt 0.539809 0.149354
vt 0.024139 0.790712
vt 0.027703 0.790331
vt 0.543629 0.106450
vt 0.543557 0.106057
vt 0.777061 0.753467
vt 0.777102 0.753886
vt 0.546692 0.149354
vt 0.543557 0.149747
vt 0.020776 0.789048
vt 0.024175 0.790331
vt 0.546561 0.106057
vt 0.546692 0.106450
vt 0.780730 0.752924
vt 0.780519 0.752550
vt 0.458019 0.638646
vt 0.454595 0.639529
vt 0.454491 0.639116
vt 0.018720 0.785885
vt 0.020969 0.788744
vt 0.454491 0.597877
vt 0.458057 0.597074
vt 0.458019 0.597407
vt 0.783292 0.750196
vt 0.783638 0.750455
vt 0.461937 0.638644
vt 0.458057 0.639068
vt 0.018417 0.786049
vt 0.017873 0.782320
vt 0.461900 0.597073
vt 0.461937 0.597406
vt 0.784831 0.746871
vt 0.785253 0.746967
vt 0.465468 0.639113
vt 0.461900 0.639067
vt 0.018287 0.778571
vt 0.017528 0.782310
vt 0.465468 0.597874
vt 0.465365 0.597532
vt 0.784831 0.743233
vt 0.785253 0.743151
vt 0.077331 0.541556
vt 0.074398 0.541949
vt 0.074268 0.541556
vt 0.020747 0.775897
vt 0.018596 0.778756
vt 0.077331 0.498652
vt 0.074398 0.498259
vt 0.077403 0.498259
vt 0.783292 0.740003
vt 0.783638 0.739763
vt 0.077403 0.541949
vt 0.020543 0.775572
vt 0.081150 0.498652
vt 0.780729 0.737475
vt 0.543629 0.228102
vt 0.539809 0.228495
vt 0.539809 0.228102
vt 0.131934 0.766298
vt 0.128515 0.767383
vt 0.128305 0.767036
vt 0.543629 0.185197
vt 0.539809 0.184804
vt 0.543557 0.184804
vt 0.779998 0.185542
vt 0.776410 0.185223
vt 0.776370 0.184804
vt 0.546692 0.228102
vt 0.543557 0.228495
vt 0.135563 0.767258
vt 0.131975 0.766679
vt 0.546561 0.184804
vt 0.546692 0.185197
vt 0.772741 0.185765
vt 0.772951 0.186139
vt 0.202352 0.636720
vt 0.205921 0.636676
vt 0.202456 0.637133
vt 0.138209 0.769948
vt 0.135434 0.767595
vt 0.202352 0.595463
vt 0.205921 0.594664
vt 0.205884 0.594997
vt 0.770177 0.188492
vt 0.769831 0.188233
vt 0.209802 0.636255
vt 0.205884 0.636254
vt 0.138473 0.769727
vt 0.139748 0.773273
vt 0.209764 0.594665
vt 0.209802 0.594998
vt 0.768637 0.191817
vt 0.768216 0.191721
vt 0.213330 0.636723
vt 0.209764 0.636678
vt 0.140088 0.777030
vt 0.140088 0.773214
vt 0.213330 0.595466
vt 0.213225 0.595124
vt 0.768216 0.195537
vt 0.768637 0.195455
vt 0.539475 0.060826
vt 0.536542 0.061219
vt 0.536412 0.060826
vt 0.138209 0.780141
vt 0.139748 0.776911
vt 0.539475 0.017921
vt 0.536542 0.017528
vt 0.539547 0.017528
vt 0.770177 0.198686
vt 0.769831 0.198926
vt 0.543294 0.060826
vt 0.539547 0.061219
vt 0.138473 0.780419
vt 0.135434 0.782325
vt 0.543294 0.017528
vt 0.543294 0.017921
vt 0.772741 0.201216
vt 0.772951 0.200869
vt 0.547041 0.061219
vt 0.543294 0.061219
vt 0.135563 0.782709
vt 0.131975 0.783028
vt 0.547114 0.017921
vt 0.547041 0.017528
vt 0.776370 0.201954
vt 0.776410 0.201572
vt 0.550177 0.060826
vt 0.547114 0.060826
vt 0.128305 0.782487
vt 0.131934 0.783447
vt 0.550046 0.017528
vt 0.550177 0.017921
vt 0.779870 0.200656
vt 0.779999 0.200993
vt 0.408457 0.638733
vt 0.412022 0.639535
vt 0.408561 0.639075
vt 0.125741 0.779759
vt 0.128515 0.782112
vt 0.408457 0.597487
vt 0.412022 0.597533
vt 0.411985 0.597956
vt 0.782644 0.198303
vt 0.782909 0.198524
vt 0.415903 0.639203
vt 0.411985 0.639202
vt 0.123780 0.776530
vt 0.125395 0.780018
vt 0.415866 0.597534
vt 0.415903 0.597957
vt 0.784184 0.194978
vt 0.784524 0.195037
vt 0.419330 0.639078
vt 0.415866 0.639536
vt 0.123780 0.772714
vt 0.124201 0.776434
vt 0.419434 0.597490
vt 0.419330 0.597076
vt 0.784524 0.191221
vt 0.784184 0.191340
vt 0.535990 0.228102
vt 0.533057 0.228495
vt 0.532927 0.228102
vt 0.125395 0.769326
vt 0.124201 0.772796
vt 0.535990 0.185197
vt 0.533057 0.184804
vt 0.536062 0.184804
vt 0.782644 0.188110
vt 0.782909 0.187832
vt 0.536062 0.228495
vt 0.125741 0.769566
vt 0.539809 0.185197
vt 0.779870 0.185927
vt 0.826178 0.887618
vt 0.824885 0.885317
vt 0.825275 0.885317
vt 0.825316 0.887618
vt 0.824412 0.885317
vt 0.826495 0.890332
vt 0.825789 0.887618
vt 0.825633 0.890332
vt 0.825789 0.893046
vt 0.826106 0.890332
vt 0.826178 0.893046
vt 0.824885 0.895346
vt 0.825316 0.893046
vt 0.869972 0.241565
vt 0.867670 0.241621
vt 0.867670 0.241091
vt 0.869972 0.242579
vt 0.867669 0.242106
vt 0.872687 0.241732
vt 0.869972 0.242094
vt 0.872686 0.242746
vt 0.875400 0.242094
vt 0.872686 0.242261
vt 0.875400 0.241565
vt 0.877698 0.241621
vt 0.875399 0.242579
vt 0.869972 0.237623
vt 0.867670 0.238584
vt 0.867669 0.238100
vt 0.869972 0.238637
vt 0.867670 0.239113
vt 0.872686 0.237456
vt 0.869972 0.238108
vt 0.872687 0.238469
vt 0.875400 0.238108
vt 0.872686 0.237941
vt 0.875399 0.237623
vt 0.877698 0.238584
vt 0.875400 0.238637
vt 0.718235 0.888674
vt 0.718666 0.886374
vt 0.719139 0.886374
vt 0.717373 0.888674
vt 0.718277 0.886374
vt 0.717918 0.891388
vt 0.717762 0.888674
vt 0.717056 0.891388
vt 0.717762 0.894102
vt 0.717445 0.891388
vt 0.718235 0.894102
vt 0.718666 0.896402
vt 0.717373 0.894102
vt 0.722086 0.888674
vt 0.721553 0.886374
vt 0.722087 0.886374
vt 0.721020 0.888674
vt 0.721020 0.886374
vt 0.722086 0.891388
vt 0.721553 0.888674
vt 0.721021 0.891388
vt 0.721553 0.894102
vt 0.721553 0.891388
vt 0.722086 0.894102
vt 0.721553 0.896402
vt 0.721020 0.894102
vt 0.725734 0.888674
vt 0.724441 0.886374
vt 0.724830 0.886374
vt 0.724871 0.888674
vt 0.723968 0.886374
vt 0.726051 0.891388
vt 0.725345 0.888674
vt 0.725189 0.891388
vt 0.725345 0.894102
vt 0.725662 0.891388
vt 0.725734 0.894102
vt 0.724441 0.896402
vt 0.724871 0.894102
vt 0.870694 0.743488
vt 0.868394 0.743541
vt 0.868394 0.743012
vt 0.870694 0.744502
vt 0.868394 0.744025
vt 0.873407 0.743656
vt 0.870694 0.744017
vt 0.873408 0.744669
vt 0.876121 0.744017
vt 0.873407 0.744184
vt 0.876121 0.743488
vt 0.878423 0.743541
vt 0.876122 0.744502
vt 0.870694 0.739546
vt 0.868394 0.740504
vt 0.868394 0.740019
vt 0.870694 0.740560
vt 0.868394 0.741034
vt 0.873408 0.739379
vt 0.870694 0.740031
vt 0.873407 0.740393
vt 0.876121 0.740031
vt 0.873407 0.739864
vt 0.876122 0.739546
vt 0.878423 0.740504
vt 0.876121 0.740560
vt 0.818680 0.887618
vt 0.819110 0.885317
vt 0.819583 0.885317
vt 0.817817 0.887618
vt 0.818721 0.885317
vt 0.818362 0.890332
vt 0.818206 0.887618
vt 0.817500 0.890332
vt 0.818206 0.893046
vt 0.817889 0.890332
vt 0.818680 0.893046
vt 0.819110 0.895346
vt 0.817817 0.893046
vt 0.822531 0.887618
vt 0.821998 0.885317
vt 0.822531 0.885317
vt 0.821465 0.887618
vt 0.821464 0.885317
vt 0.822531 0.890332
vt 0.821998 0.887618
vt 0.821465 0.890332
vt 0.821998 0.893046
vt 0.821998 0.890332
vt 0.822531 0.893046
vt 0.821998 0.895346
vt 0.821465 0.893046
vt 0.777630 0.888549
vt 0.776337 0.886249
vt 0.776727 0.886249
vt 0.776768 0.888549
vt 0.775864 0.886249
vt 0.777947 0.891263
vt 0.777241 0.888549
vt 0.777085 0.891263
vt 0.777241 0.893977
vt 0.777558 0.891263
vt 0.777630 0.893977
vt 0.776337 0.896278
vt 0.776768 0.893977
vt 0.126085 0.873795
vt 0.123782 0.873850
vt 0.123782 0.873321
vt 0.126084 0.874809
vt 0.123782 0.874335
vt 0.128799 0.873961
vt 0.126084 0.874324
vt 0.128799 0.874975
vt 0.131512 0.874324
vt 0.128799 0.874490
vt 0.131512 0.873795
vt 0.133811 0.873850
vt 0.131512 0.874809
vt 0.126084 0.869853
vt 0.123782 0.870814
vt 0.123782 0.870329
vt 0.126085 0.870866
vt 0.123782 0.871343
vt 0.128799 0.869686
vt 0.126084 0.870337
vt 0.128799 0.870699
vt 0.131512 0.870337
vt 0.128799 0.870170
vt 0.131512 0.869853
vt 0.133811 0.870814
vt 0.131512 0.870866
vt 0.075447 0.888924
vt 0.075878 0.886623
vt 0.076351 0.886623
vt 0.074585 0.888924
vt 0.075488 0.886623
vt 0.075130 0.891638
vt 0.074974 0.888924
vt 0.074268 0.891638
vt 0.074974 0.894351
vt 0.074657 0.891638
vt 0.075447 0.894351
vt 0.075878 0.896652
vt 0.074585 0.894351
vt 0.079298 0.888924
vt 0.078765 0.886623
vt 0.079298 0.886623
vt 0.078232 0.888924
vt 0.078232 0.886623
vt 0.079298 0.891638
vt 0.078765 0.888924
vt 0.078232 0.891638
vt 0.078765 0.894351
vt 0.078765 0.891638
vt 0.079298 0.894351
vt 0.078765 0.896652
vt 0.078232 0.894351
vt 0.082946 0.888924
vt 0.081653 0.886623
vt 0.082042 0.886623
vt 0.082083 0.888924
vt 0.081180 0.886623
vt 0.083263 0.891638
vt 0.082557 0.888924
vt 0.082401 0.891638
vt 0.082557 0.894351
vt 0.082874 0.891638
vt 0.082946 0.894351
vt 0.081653 0.896652
vt 0.082083 0.894351
vt 0.019829 0.880603
vt 0.017528 0.880656
vt 0.017528 0.880127
vt 0.019829 0.881617
vt 0.017529 0.881141
vt 0.022542 0.880771
vt 0.019829 0.881132
vt 0.022542 0.881784
vt 0.025256 0.881132
vt 0.022542 0.881300
vt 0.025256 0.880603
vt 0.027557 0.880656
vt 0.025256 0.881617
vt 0.019829 0.876661
vt 0.017528 0.877620
vt 0.017529 0.877135
vt 0.019829 0.877675
vt 0.017528 0.878149
vt 0.022542 0.876495
vt 0.019829 0.877146
vt 0.022542 0.877509
vt 0.025256 0.877146
vt 0.022542 0.876980
vt 0.025256 0.876661
vt 0.027557 0.877620
vt 0.025256 0.877675
vt 0.770132 0.888549
vt 0.770562 0.886249
vt 0.771035 0.886249
vt 0.769269 0.888549
vt 0.770173 0.886249
vt 0.769814 0.891263
vt 0.769658 0.888549
vt 0.768952 0.891263
vt 0.769658 0.893977
vt 0.769341 0.891263
vt 0.770132 0.893977
vt 0.770562 0.896278
vt 0.769269 0.893977
vt 0.773983 0.888549
vt 0.773450 0.886249
vt 0.773983 0.886249
vt 0.772917 0.888549
vt 0.772916 0.886249
vt 0.773983 0.891263
vt 0.773450 0.888549
vt 0.772917 0.891263
vt 0.773450 0.893977
vt 0.773450 0.891263
vt 0.773983 0.893977
vt 0.773450 0.896278
vt 0.772917 0.893977
vt 0.520265 0.638689
vt 0.517082 0.639082
vt 0.517082 0.638689
vt 0.817397 0.456360
vt 0.817796 0.453329
vt 0.817796 0.456297
vt 0.520265 0.600675
vt 0.517082 0.600282
vt 0.520192 0.600282
vt 0.827273 0.119683
vt 0.829451 0.117463
vt 0.829736 0.117729
vt 0.522817 0.638689
vt 0.520192 0.639082
vt 0.818780 0.450374
vt 0.817397 0.453216
vt 0.522687 0.600282
vt 0.522817 0.600675
vt 0.831104 0.114880
vt 0.830741 0.114773
vt 0.654466 0.406292
vt 0.651627 0.406409
vt 0.651523 0.406045
vt 0.821273 0.448397
vt 0.819102 0.450647
vt 0.654466 0.368864
vt 0.651627 0.368207
vt 0.654503 0.368448
vt 0.830741 0.111771
vt 0.831104 0.111698
vt 0.657731 0.406292
vt 0.654503 0.406651
vt 0.824381 0.447677
vt 0.821454 0.448782
vt 0.657693 0.368448
vt 0.657731 0.368863
vt 0.829451 0.109050
vt 0.829736 0.108815
vt 0.660567 0.406408
vt 0.657693 0.406650
vt 0.827321 0.448742
vt 0.824387 0.448102
vt 0.660567 0.368205
vt 0.660671 0.368615
vt 0.827126 0.107150
vt 0.827273 0.106802
vt 0.633705 0.223211
vt 0.631283 0.223604
vt 0.631152 0.223211
vt 0.827489 0.448355
vt 0.829673 0.450576
vt 0.633705 0.185197
vt 0.631283 0.184804
vt 0.633777 0.184804
vt 0.824227 0.106447
vt 0.824202 0.106057
vt 0.636888 0.223211
vt 0.633777 0.223604
vt 0.829982 0.450299
vt 0.830979 0.453241
vt 0.636888 0.184804
vt 0.636888 0.185197
vt 0.821329 0.107080
vt 0.821130 0.106728
vt 0.639998 0.223604
vt 0.636888 0.223604
vt 0.831365 0.456266
vt 0.831365 0.453122
vt 0.639998 0.184804
vt 0.640071 0.185197
vt 0.818667 0.108682
vt 0.819004 0.108924
vt 0.642623 0.223211
vt 0.640071 0.223211
vt 0.829673 0.458890
vt 0.830979 0.456208
vt 0.642623 0.185197
vt 0.642493 0.184804
vt 0.817714 0.111613
vt 0.817300 0.111531
vt 0.654149 0.638077
vt 0.651313 0.638734
vt 0.651209 0.638324
vt 0.827489 0.461085
vt 0.829982 0.459108
vt 0.654149 0.600643
vt 0.651313 0.600526
vt 0.654186 0.600284
vt 0.817300 0.114713
vt 0.817714 0.114616
vt 0.657414 0.638077
vt 0.654186 0.638492
vt 0.824381 0.461805
vt 0.827321 0.460756
vt 0.657377 0.600284
vt 0.657414 0.600643
vt 0.818667 0.117595
vt 0.819004 0.117336
vt 0.660253 0.638732
vt 0.657377 0.638492
vt 0.821454 0.460795
vt 0.824387 0.461436
vt 0.660357 0.600888
vt 0.660253 0.600524
vt 0.821130 0.119609
vt 0.821329 0.119237
vt 0.513899 0.638689
vt 0.511477 0.639082
vt 0.511346 0.638689
vt 0.818780 0.459183
vt 0.821273 0.461127
vt 0.511346 0.600675
vt 0.513971 0.600282
vt 0.513899 0.600675
vt 0.824227 0.119940
vt 0.824202 0.120354
vt 0.513971 0.639082
vt 0.819102 0.458961
vt 0.517082 0.600675
vt 0.827126 0.119307
vt 0.610416 0.638691
vt 0.613527 0.639084
vt 0.610416 0.639084
vt 0.352236 0.798423
vt 0.352622 0.801450
vt 0.352236 0.801568
vt 0.610416 0.600677
vt 0.613527 0.600284
vt 0.613599 0.600677
vt 0.828495 0.676764
vt 0.829492 0.679707
vt 0.828186 0.677041
vt 0.613599 0.638691
vt 0.616021 0.639084
vt 0.353928 0.795799
vt 0.352622 0.798482
vt 0.616152 0.600677
vt 0.616021 0.600284
vt 0.826002 0.674820
vt 0.825834 0.675206
vt 0.643562 0.322614
vt 0.646542 0.322785
vt 0.643666 0.323023
vt 0.356112 0.793603
vt 0.353619 0.795580
vt 0.646505 0.284926
vt 0.643666 0.284805
vt 0.646542 0.284567
vt 0.822894 0.674140
vt 0.822900 0.674565
vt 0.649770 0.322371
vt 0.646505 0.322370
vt 0.359220 0.792883
vt 0.356280 0.793933
vt 0.649733 0.284567
vt 0.649770 0.284926
vt 0.819786 0.674861
vt 0.819967 0.675245
vt 0.652606 0.323025
vt 0.649733 0.322786
vt 0.362147 0.793894
vt 0.359213 0.793253
vt 0.652710 0.285171
vt 0.652606 0.284807
vt 0.817615 0.677111
vt 0.817293 0.676838
vt 0.630984 0.486085
vt 0.628562 0.486478
vt 0.628431 0.486085
vt 0.362328 0.793562
vt 0.364499 0.795729
vt 0.628431 0.448071
vt 0.631056 0.447678
vt 0.630984 0.448071
vt 0.816309 0.679794
vt 0.815910 0.679680
vt 0.634166 0.486085
vt 0.631056 0.486478
vt 0.364820 0.795507
vt 0.365805 0.798395
vt 0.634166 0.448071
vt 0.634166 0.447678
vt 0.816309 0.682762
vt 0.815910 0.682825
vt 0.637277 0.486478
vt 0.634166 0.486478
vt 0.366204 0.801476
vt 0.366204 0.798331
vt 0.637349 0.448071
vt 0.637277 0.447678
vt 0.817615 0.685427
vt 0.817293 0.685650
vt 0.637349 0.486085
vt 0.639771 0.486478
vt 0.364820 0.804319
vt 0.365805 0.801363
vt 0.639771 0.447678
vt 0.639902 0.448071
vt 0.819786 0.687594
vt 0.819967 0.687262
vt 0.653655 0.559629
vt 0.650819 0.559747
vt 0.650715 0.559383
vt 0.362328 0.806296
vt 0.364499 0.804046
vt 0.653655 0.522190
vt 0.650819 0.521535
vt 0.653693 0.521775
vt 0.822894 0.688274
vt 0.822900 0.687904
vt 0.656920 0.559629
vt 0.653693 0.559987
vt 0.359220 0.807016
vt 0.362147 0.805912
vt 0.656883 0.521776
vt 0.656920 0.522191
vt 0.825834 0.687224
vt 0.826002 0.687553
vt 0.659759 0.559749
vt 0.656883 0.559988
vt 0.356112 0.806337
vt 0.359213 0.806592
vt 0.659759 0.521536
vt 0.659863 0.521946
vt 0.828186 0.685358
vt 0.828495 0.685576
vt 0.604681 0.638691
vt 0.607306 0.639084
vt 0.604811 0.639084
vt 0.353928 0.804115
vt 0.356280 0.805951
vt 0.607233 0.600677
vt 0.604811 0.600284
vt 0.607306 0.600284
vt 0.829492 0.682675
vt 0.829878 0.682734
vt 0.607233 0.638691
vt 0.353619 0.804393
vt 0.610416 0.600284
vt 0.829878 0.679589
vt 0.890927 0.527555
vt 0.890927 0.524152
vt 0.890079 0.527422
vt 0.890544 0.527495
vt 0.869930 0.190031
vt 0.868944 0.189817
vt 0.869415 0.189919
vt 0.777742 0.844377
vt 0.776109 0.842858
vt 0.776374 0.842495
vt 0.777314 0.844516
vt 0.775806 0.843275
vt 0.562992 0.844262
vt 0.562278 0.846079
vt 0.561975 0.845662
vt 0.563909 0.844560
vt 0.562541 0.846443
vt 0.873887 0.190888
vt 0.872902 0.190675
vt 0.873416 0.190786
vt 0.777742 0.846704
vt 0.777314 0.846565
vt 0.776823 0.844675
vt 0.562992 0.842532
vt 0.563482 0.844421
vt 0.563482 0.842372
vt 0.555963 0.889993
vt 0.555116 0.890126
vt 0.555116 0.886722
vt 0.555498 0.890066
vt 0.562278 0.840715
vt 0.563909 0.842233
vt 0.776823 0.846406
vt 0.776109 0.848223
vt 0.775806 0.847806
vt 0.776374 0.848587
vt 0.559868 0.889378
vt 0.558820 0.889543
vt 0.559344 0.889460
vt 0.560329 0.840597
vt 0.561975 0.841132
vt 0.560329 0.840081
vt 0.562541 0.840351
vt 0.774160 0.848340
vt 0.774161 0.848856
vt 0.774161 0.849306
vt 0.563572 0.888794
vt 0.562526 0.885555
vt 0.562724 0.888928
vt 0.563190 0.888854
vt 0.772212 0.848223
vt 0.772515 0.847806
vt 0.771948 0.848587
vt 0.560328 0.839632
vt 0.558380 0.840715
vt 0.558115 0.840351
vt 0.558683 0.841132
vt 0.868323 0.679361
vt 0.867338 0.679148
vt 0.867809 0.679250
vt 0.771007 0.846565
vt 0.771498 0.846406
vt 0.770580 0.846704
vt 0.556748 0.842233
vt 0.557176 0.842372
vt 0.557666 0.842532
vt 0.872281 0.680219
vt 0.871295 0.680005
vt 0.871810 0.680117
vt 0.771007 0.844516
vt 0.771498 0.844675
vt 0.770580 0.844377
vt 0.556748 0.844560
vt 0.557176 0.844421
vt 0.557666 0.844262
vt 0.883318 0.526357
vt 0.882470 0.526224
vt 0.883516 0.522985
vt 0.882852 0.526284
vt 0.772212 0.842858
vt 0.772515 0.843275
vt 0.771948 0.842495
vt 0.558380 0.846079
vt 0.558115 0.846443
vt 0.558683 0.845662
vt 0.887222 0.526972
vt 0.886175 0.526807
vt 0.886698 0.526890
vt 0.560329 0.846712
vt 0.560328 0.847162
vt 0.560329 0.846197
vt 0.774161 0.842225
vt 0.774161 0.841775
vt 0.774160 0.842741
vt 0.510143 0.887887
vt 0.510143 0.884483
vt 0.509296 0.887753
vt 0.509761 0.887826
vt 0.869813 0.452903
vt 0.868827 0.452689
vt 0.869299 0.452791
vt 0.826290 0.843446
vt 0.824657 0.841927
vt 0.824922 0.841563
vt 0.825371 0.843744
vt 0.824354 0.842344
vt 0.724932 0.846530
vt 0.724218 0.848347
vt 0.723915 0.847930
vt 0.725849 0.846829
vt 0.724482 0.848711
vt 0.873771 0.453760
vt 0.872785 0.453547
vt 0.873300 0.453658
vt 0.826290 0.845772
vt 0.825862 0.843584
vt 0.825862 0.845634
vt 0.724932 0.844800
vt 0.725422 0.846690
vt 0.725849 0.844502
vt 0.605528 0.887755
vt 0.604681 0.887889
vt 0.604681 0.884485
vt 0.605063 0.887828
vt 0.723915 0.843400
vt 0.725422 0.844641
vt 0.724218 0.842983
vt 0.824354 0.846874
vt 0.824657 0.847291
vt 0.824922 0.847655
vt 0.609433 0.887140
vt 0.608385 0.887305
vt 0.608909 0.887223
vt 0.722269 0.842865
vt 0.722269 0.842350
vt 0.724482 0.842619
vt 0.822709 0.847925
vt 0.822708 0.847409
vt 0.822709 0.848374
vt 0.613137 0.886557
vt 0.612091 0.883318
vt 0.612290 0.886690
vt 0.612755 0.886617
vt 0.820760 0.847291
vt 0.821063 0.846874
vt 0.820496 0.847655
vt 0.720056 0.842619
vt 0.720320 0.842983
vt 0.720623 0.843400
vt 0.869549 0.111278
vt 0.868563 0.111065
vt 0.869034 0.111167
vt 0.820045 0.845474
vt 0.819555 0.845634
vt 0.819128 0.845772
vt 0.718688 0.844502
vt 0.719116 0.844641
vt 0.719606 0.844800
vt 0.873507 0.112136
vt 0.872521 0.111922
vt 0.873035 0.112033
vt 0.819555 0.843584
vt 0.820045 0.843744
vt 0.819128 0.843445
vt 0.718688 0.846829
vt 0.719116 0.846690
vt 0.719606 0.846530
vt 0.502534 0.886688
vt 0.501687 0.886555
vt 0.502733 0.883316
vt 0.502069 0.886615
vt 0.820760 0.841927
vt 0.821063 0.842344
vt 0.820496 0.841563
vt 0.720320 0.848347
vt 0.720056 0.848711
vt 0.720623 0.847930
vt 0.506439 0.887303
vt 0.505391 0.887138
vt 0.505915 0.887221
vt 0.722269 0.848981
vt 0.722269 0.849430
vt 0.722269 0.848465
vt 0.822709 0.841293
vt 0.822709 0.840844
vt 0.822708 0.841809
vt 0.017528 0.919871
vt 0.020626 0.967918
vt 0.164241 0.354926
vt 0.768952 0.931727
vt 0.163848 0.344640
vt 0.960525 0.066362
vt 0.020233 0.919478
vt 0.769345 0.942013
vt 0.960132 0.063657
vt 0.910137 0.684819
vt 0.020626 0.929764
vt 0.912842 0.684426
vt 0.772050 0.941620
vt 0.017528 0.965606
vt 0.017921 0.930157
vt 0.017921 0.968311
vt 0.771657 0.931334
vt 0.020233 0.965213
vt 0.911348 0.185197
vt 0.411555 0.976890
vt 0.164241 0.400661
vt 0.202352 0.925373
vt 0.163848 0.390376
vt 0.352236 0.975709
vt 0.914052 0.184804
vt 0.352629 0.978414
vt 0.202745 0.935659
vt 0.354941 0.975317
vt 0.913149 0.245497
vt 0.914445 0.195090
vt 0.915853 0.245104
vt 0.205450 0.935266
vt 0.408457 0.974578
vt 0.911740 0.195483
vt 0.408850 0.977283
vt 0.205057 0.924980
vt 0.411162 0.974185
vt 0.653225 0.925705
vt 0.205450 0.973421
vt 0.164241 0.446396
vt 0.248345 0.926850
vt 0.163848 0.436111
vt 0.961941 0.603382
vt 0.655930 0.925312
vt 0.248738 0.937135
vt 0.961548 0.600677
vt 0.913873 0.747417
vt 0.656323 0.935598
vt 0.916578 0.747024
vt 0.251443 0.936742
vt 0.202352 0.971109
vt 0.653618 0.935991
vt 0.202745 0.973814
vt 0.251050 0.926457
vt 0.205057 0.970716
vt 0.501687 0.928026
vt 0.656323 0.973752
vt 0.923786 0.610962
vt 0.604681 0.928028
vt 0.923393 0.600677
vt 0.248345 0.972585
vt 0.504391 0.927633
vt 0.248738 0.975290
vt 0.605074 0.938313
vt 0.251050 0.972192
vt 0.911363 0.116735
vt 0.504785 0.937918
vt 0.914067 0.116342
vt 0.607779 0.937920
vt 0.653225 0.971441
vt 0.502080 0.938311
vt 0.653618 0.974145
vt 0.607386 0.927635
vt 0.655930 0.971048
vt 0.457860 0.931779
vt 0.077366 0.975922
vt 0.462927 0.740788
vt 0.555116 0.930265
vt 0.462534 0.730503
vt 0.501687 0.973761
vt 0.460565 0.931386
vt 0.502080 0.976466
vt 0.555509 0.940550
vt 0.504391 0.973368
vt 0.904845 0.899039
vt 0.460958 0.941671
vt 0.907550 0.898646
vt 0.558213 0.940157
vt 0.074268 0.973610
vt 0.458253 0.942064
vt 0.074661 0.976315
vt 0.557820 0.929872
vt 0.076973 0.973217
vt 0.919288 0.017921
vt 0.965786 0.368205
vt 0.905439 0.849636
vt 0.817500 0.930796
vt 0.905046 0.839351
vt 0.963474 0.409458
vt 0.921993 0.017528
vt 0.966179 0.409065
vt 0.817893 0.941081
vt 0.906918 0.799621
vt 0.922386 0.027814
vt 0.909623 0.799228
vt 0.820598 0.940688
vt 0.963474 0.371303
vt 0.919681 0.028207
vt 0.820205 0.930403
vt 0.963081 0.368598
vt 0.717056 0.931852
vt 0.948376 0.977730
vt 0.925319 0.378884
vt 0.123780 0.913066
vt 0.924926 0.368598
vt 0.604681 0.973763
vt 0.719761 0.931459
vt 0.605074 0.976468
vt 0.124173 0.923351
vt 0.607386 0.973370
vt 0.162328 0.923351
vt 0.720154 0.941745
vt 0.165033 0.922958
vt 0.126878 0.922958
vt 0.945278 0.975418
vt 0.717449 0.942138
vt 0.945671 0.978123
vt 0.126485 0.912673
vt 0.947983 0.975025
vt 0.920419 0.284960
vt 0.966843 0.521535
vt 0.926377 0.532213
vt 0.862979 0.930968
vt 0.925984 0.521928
vt 0.964531 0.562787
vt 0.923124 0.284567
vt 0.967236 0.562394
vt 0.863372 0.941254
vt 0.911624 0.458355
vt 0.923517 0.294852
vt 0.914329 0.457962
vt 0.866077 0.940861
vt 0.964531 0.524633
vt 0.920812 0.295245
vt 0.865684 0.930575
vt 0.964138 0.521928
vt 0.787011 0.034062
vt 0.787901 0.540772
vt 0.787930 0.540379
vt 0.202514 0.793203
vt 0.787901 0.521535
vt 0.790769 0.031714
vt 0.202360 0.788775
vt 0.792695 0.023374
vt 0.767724 0.125294
vt 0.767753 0.124901
vt 0.208198 0.782515
vt 0.767724 0.106057
vt 0.790347 0.019616
vt 0.212626 0.782360
vt 0.782007 0.017690
vt 0.782214 0.124901
vt 0.218886 0.788199
vt 0.782214 0.106450
vt 0.782243 0.106057
vt 0.778249 0.020038
vt 0.219041 0.792627
vt 0.776323 0.028378
vt 0.800422 0.619129
vt 0.213202 0.798887
vt 0.800422 0.600678
vt 0.800451 0.600285
vt 0.778671 0.032136
vt 0.208774 0.799041
vt 0.944680 0.789336
vt 0.925075 0.070492
vt 0.955475 0.240214
vt 0.919681 0.070885
vt 0.943201 0.839351
vt 0.951635 0.737131
vt 0.948852 0.788943
vt 0.952028 0.742526
vt 0.943594 0.846579
vt 0.955807 0.736738
vt 0.408850 0.939128
vt 0.956200 0.742133
vt 0.949245 0.796172
vt 0.947766 0.846186
vt 0.408457 0.931900
vt 0.950910 0.235212
vt 0.413852 0.931507
vt 0.945073 0.796565
vt 0.951303 0.240607
vt 0.947373 0.838958
vt 0.955082 0.234819
vt 0.469324 0.556666
vt 0.831011 0.069174
vt 0.166553 0.233214
vt 0.828306 0.069567
vt 0.462927 0.695053
vt 0.164241 0.309191
vt 0.468931 0.536600
vt 0.166946 0.308798
vt 0.466488 0.694660
vt 0.163848 0.289124
vt 0.957835 0.021482
vt 0.472492 0.536207
vt 0.466095 0.674593
vt 0.957442 0.017921
vt 0.164241 0.253674
vt 0.472885 0.556273
vt 0.166946 0.253281
vt 0.462534 0.674986
vt 0.163848 0.233607
vt 0.960877 0.288034
vt 0.959828 0.288034
vt 0.818962 0.977094
vt 0.817774 0.977366
vt 0.817888 0.976854
vt 0.818734 0.978117
vt 0.817660 0.977878
vt 0.819922 0.977845
vt 0.818848 0.977605
vt 0.125870 0.958498
vt 0.125345 0.958408
vt 0.124821 0.958498
vt 0.961917 0.287169
vt 0.961175 0.287911
vt 0.459403 0.979619
vt 0.458302 0.979845
vt 0.458303 0.979410
vt 0.818047 0.976138
vt 0.819072 0.976598
vt 0.817953 0.976562
vt 0.460503 0.979846
vt 0.459403 0.980054
vt 0.820195 0.976617
vt 0.819167 0.976174
vt 0.126910 0.959364
vt 0.126603 0.958929
vt 0.126169 0.958622
vt 0.458303 0.978063
vt 0.457860 0.978587
vt 0.457905 0.978063
vt 0.458303 0.979111
vt 0.457905 0.979112
vt 0.459404 0.978063
vt 0.458303 0.978587
vt 0.459404 0.979111
vt 0.460504 0.978587
vt 0.459404 0.978587
vt 0.127034 0.960711
vt 0.127124 0.960187
vt 0.127034 0.959662
vt 0.961175 0.284781
vt 0.961917 0.285522
vt 0.864102 0.976770
vt 0.865127 0.976310
vt 0.865222 0.976735
vt 0.458303 0.977330
vt 0.459404 0.977555
vt 0.458303 0.977764
vt 0.862979 0.976789
vt 0.864008 0.976346
vt 0.460503 0.977330
vt 0.459403 0.977121
vt 0.126169 0.961752
vt 0.126603 0.961445
vt 0.126910 0.961010
vt 0.959828 0.284657
vt 0.960877 0.284657
vt 0.864441 0.978289
vt 0.865401 0.977538
vt 0.865515 0.978050
vt 0.864213 0.977266
vt 0.865287 0.977026
vt 0.863253 0.978017
vt 0.864327 0.977778
vt 0.124821 0.961876
vt 0.125345 0.961966
vt 0.125870 0.961876
vt 0.958787 0.285522
vt 0.959529 0.284781
vt 0.293596 0.979973
vt 0.294697 0.979748
vt 0.294697 0.980182
vt 0.865674 0.978766
vt 0.864551 0.978785
vt 0.865580 0.978342
vt 0.292496 0.979748
vt 0.293596 0.979539
vt 0.863526 0.979245
vt 0.864646 0.979209
vt 0.123780 0.961010
vt 0.124087 0.961445
vt 0.124522 0.961752
vt 0.958663 0.286870
vt 0.958663 0.285821
vt 0.293596 0.981529
vt 0.294697 0.981005
vt 0.294697 0.981529
vt 0.293596 0.980481
vt 0.294697 0.980481
vt 0.292496 0.981005
vt 0.293596 0.981005
vt 0.292496 0.981530
vt 0.292054 0.981006
vt 0.292496 0.980481
vt 0.959529 0.287911
vt 0.958787 0.287169
vt 0.818623 0.978613
vt 0.817500 0.978593
vt 0.817595 0.978169
vt 0.294697 0.982263
vt 0.293596 0.982037
vt 0.294697 0.981828
vt 0.819648 0.979072
vt 0.818529 0.979036
vt 0.292496 0.982263
vt 0.293596 0.982472
vt 0.124522 0.958622
vt 0.124087 0.958929
vt 0.123780 0.959364
vt 0.960877 0.326649
vt 0.959828 0.326649
vt 0.556577 0.976563
vt 0.555389 0.976835
vt 0.555503 0.976323
vt 0.556349 0.977586
vt 0.555275 0.977347
vt 0.557537 0.977314
vt 0.556463 0.977074
vt 0.164270 0.958498
vt 0.163746 0.958408
vt 0.163221 0.958498
vt 0.961917 0.325783
vt 0.961176 0.326525
vt 0.770495 0.979568
vt 0.769394 0.979794
vt 0.769395 0.979359
vt 0.555663 0.975607
vt 0.556688 0.976067
vt 0.555568 0.976031
vt 0.771595 0.979794
vt 0.770495 0.980002
vt 0.557811 0.976086
vt 0.556782 0.975643
vt 0.165311 0.959364
vt 0.165003 0.958929
vt 0.164569 0.958622
vt 0.769395 0.978011
vt 0.768952 0.978536
vt 0.768997 0.978011
vt 0.769395 0.979060
vt 0.768997 0.979061
vt 0.770496 0.978011
vt 0.769395 0.978536
vt 0.770495 0.979060
vt 0.771596 0.978536
vt 0.770496 0.978535
vt 0.165434 0.960711
vt 0.165524 0.960187
vt 0.165434 0.959662
vt 0.961176 0.323395
vt 0.961917 0.324137
vt 0.905575 0.976181
vt 0.906600 0.975722
vt 0.906695 0.976146
vt 0.769395 0.977278
vt 0.770496 0.977504
vt 0.769395 0.977712
vt 0.904452 0.976200
vt 0.905481 0.975758
vt 0.771595 0.977279
vt 0.770495 0.977070
vt 0.164569 0.961752
vt 0.165003 0.961445
vt 0.165311 0.961010
vt 0.959828 0.323271
vt 0.960877 0.323271
vt 0.905914 0.977700
vt 0.906874 0.976949
vt 0.906988 0.977461
vt 0.905686 0.976677
vt 0.906760 0.976437
vt 0.904726 0.977428
vt 0.905800 0.977189
vt 0.163221 0.961876
vt 0.163746 0.961966
vt 0.164270 0.961876
vt 0.958787 0.324137
vt 0.959529 0.323395
vt 0.718599 0.977628
vt 0.719699 0.977403
vt 0.719699 0.977837
vt 0.907148 0.978177
vt 0.906024 0.978196
vt 0.907053 0.977753
vt 0.717498 0.977403
vt 0.718598 0.977194
vt 0.904999 0.978656
vt 0.906119 0.978620
vt 0.162181 0.961010
vt 0.162488 0.961445
vt 0.162922 0.961752
vt 0.958663 0.325484
vt 0.958663 0.324435
vt 0.718599 0.979184
vt 0.719699 0.978660
vt 0.719699 0.979185
vt 0.718599 0.978136
vt 0.719699 0.978136
vt 0.717498 0.978660
vt 0.718599 0.978660
vt 0.717498 0.979185
vt 0.717056 0.978661
vt 0.717498 0.978136
vt 0.959529 0.326525
vt 0.958787 0.325783
vt 0.556239 0.978082
vt 0.555116 0.978063
vt 0.555210 0.977638
vt 0.719699 0.979919
vt 0.718599 0.979693
vt 0.719699 0.979484
vt 0.557264 0.978541
vt 0.556144 0.978505
vt 0.717498 0.979919
vt 0.718599 0.980127
vt 0.162922 0.958622
vt 0.162488 0.958929
vt 0.162181 0.959364
vt 0.819973 0.199762
vt 0.884231 0.029037
vt 0.465700 0.787022
vt 0.817893 0.803901
vt 0.875998 0.017921
vt 0.835901 0.615242
vt 0.883838 0.017528
vt 0.819580 0.185197
vt 0.843741 0.614849
vt 0.829401 0.803508
vt 0.835508 0.600677
vt 0.877522 0.296468
vt 0.843348 0.600284
vt 0.831088 0.184804
vt 0.885362 0.296075
vt 0.829008 0.788943
vt 0.877129 0.284960
vt 0.458253 0.801980
vt 0.884969 0.284567
vt 0.831481 0.199369
vt 0.466093 0.801587
vt 0.817500 0.789336
vt 0.457860 0.787415
vt 0.254498 0.790586
vt 0.256343 0.427389
vt 0.920812 0.333033
vt 0.949895 0.193037
vt 0.920419 0.330695
vt 0.255009 0.478912
vt 0.922145 0.330302
vt 0.254105 0.782746
vt 0.256736 0.478519
vt 0.952233 0.192644
vt 0.254616 0.471071
vt 0.949517 0.149717
vt 0.256343 0.470678
vt 0.256443 0.782353
vt 0.951244 0.149324
vt 0.951840 0.184804
vt 0.255009 0.435622
vt 0.950851 0.146986
vt 0.256836 0.790193
vt 0.256736 0.435229
vt 0.949502 0.185197
vt 0.254616 0.427782
vt 0.254761 0.889917
vt 0.254020 0.890659
vt 0.948622 0.939534
vt 0.946481 0.939563
vt 0.946482 0.939128
vt 0.910222 0.935749
vt 0.909795 0.937846
vt 0.909795 0.935669
vt 0.950761 0.939564
vt 0.948621 0.939968
vt 0.909425 0.939954
vt 0.910222 0.937927
vt 0.297729 0.897182
vt 0.297422 0.896747
vt 0.296987 0.896440
vt 0.946483 0.936507
vt 0.945279 0.937032
vt 0.945324 0.936507
vt 0.946483 0.937556
vt 0.945323 0.937557
vt 0.948623 0.936507
vt 0.946483 0.937031
vt 0.948623 0.937555
vt 0.950762 0.937032
vt 0.948623 0.937031
vt 0.298380 0.899802
vt 0.298470 0.899278
vt 0.298380 0.898753
vt 0.254020 0.884983
vt 0.254761 0.885725
vt 0.352662 0.937441
vt 0.352236 0.935344
vt 0.352663 0.935263
vt 0.946482 0.934502
vt 0.948623 0.934530
vt 0.946483 0.934936
vt 0.353032 0.939549
vt 0.352236 0.937522
vt 0.950762 0.934502
vt 0.948623 0.934096
vt 0.296987 0.902116
vt 0.297422 0.901808
vt 0.297729 0.901374
vt 0.251399 0.884332
vt 0.354498 0.933691
vt 0.354207 0.934971
vt 0.353991 0.933833
vt 0.355635 0.936878
vt 0.354722 0.934873
vt 0.355237 0.934775
vt 0.354606 0.937073
vt 0.355519 0.939078
vt 0.355120 0.936975
vt 0.356034 0.938980
vt 0.355743 0.940260
vt 0.295416 0.902767
vt 0.294891 0.902857
vt 0.249086 0.885725
vt 0.249827 0.884983
vt 0.952729 0.448111
vt 0.954868 0.448082
vt 0.954868 0.448517
vt 0.357208 0.934402
vt 0.357579 0.936509
vt 0.356782 0.934483
vt 0.950589 0.448083
vt 0.952729 0.447677
vt 0.358005 0.938606
vt 0.358005 0.936429
vt 0.292054 0.901374
vt 0.292361 0.901808
vt 0.292795 0.902116
vt 0.248435 0.888345
vt 0.248435 0.887297
vt 0.952729 0.451136
vt 0.954869 0.450612
vt 0.954869 0.451136
vt 0.952729 0.450088
vt 0.954868 0.450088
vt 0.950589 0.450612
vt 0.952729 0.450612
vt 0.950589 0.451137
vt 0.949386 0.450613
vt 0.950589 0.450088
vt 0.249827 0.890659
vt 0.249086 0.889917
vt 0.904879 0.936915
vt 0.905249 0.934807
vt 0.905676 0.934888
vt 0.954868 0.453144
vt 0.952729 0.453114
vt 0.954868 0.452709
vt 0.904452 0.939012
vt 0.904452 0.936834
vt 0.950589 0.453144
vt 0.952729 0.453549
vt 0.292795 0.896440
vt 0.292361 0.896747
vt 0.292054 0.897182
vt 0.908251 0.935376
vt 0.907959 0.934096
vt 0.908467 0.934238
vt 0.251399 0.891310
vt 0.907852 0.937478
vt 0.907735 0.935278
vt 0.906822 0.937283
vt 0.907220 0.935181
vt 0.906939 0.939483
vt 0.907337 0.937381
vt 0.295416 0.895789
vt 0.294891 0.895699
vt 0.906715 0.940665
vt 0.906423 0.939385
vt 0.869395 0.894036
vt 0.868654 0.894777
vt 0.951242 0.679578
vt 0.949102 0.679607
vt 0.949102 0.679172
vt 0.297823 0.939567
vt 0.297396 0.941664
vt 0.297396 0.939486
vt 0.953381 0.679608
vt 0.951242 0.680012
vt 0.297026 0.943771
vt 0.297823 0.941744
vt 0.357911 0.892959
vt 0.357604 0.892525
vt 0.357170 0.892218
vt 0.949103 0.676551
vt 0.947899 0.677076
vt 0.947944 0.676552
vt 0.949103 0.677600
vt 0.947944 0.677601
vt 0.951244 0.676551
vt 0.949103 0.677075
vt 0.951244 0.677599
vt 0.953383 0.677076
vt 0.951244 0.677075
vt 0.358562 0.895580
vt 0.358652 0.895055
vt 0.358562 0.894531
vt 0.868654 0.889102
vt 0.869395 0.889844
vt 0.943033 0.892111
vt 0.942607 0.890014
vt 0.943034 0.889933
vt 0.949103 0.674546
vt 0.951243 0.674574
vt 0.949103 0.674980
vt 0.943404 0.894219
vt 0.942607 0.892192
vt 0.953382 0.674547
vt 0.951243 0.674140
vt 0.357170 0.897893
vt 0.357604 0.897586
vt 0.357911 0.897152
vt 0.866033 0.888451
vt 0.944869 0.888361
vt 0.944578 0.889641
vt 0.944362 0.888503
vt 0.946007 0.891548
vt 0.945093 0.889543
vt 0.945608 0.889445
vt 0.944977 0.891743
vt 0.945890 0.893747
vt 0.945492 0.891645
vt 0.946405 0.893650
vt 0.946114 0.894929
vt 0.355598 0.898544
vt 0.355074 0.898634
vt 0.863720 0.889844
vt 0.864461 0.889102
vt 0.952467 0.106491
vt 0.954607 0.106463
vt 0.954607 0.106897
vt 0.947580 0.889072
vt 0.947950 0.891179
vt 0.947153 0.889153
vt 0.950327 0.106463
vt 0.952467 0.106057
vt 0.948376 0.893276
vt 0.948376 0.891098
vt 0.352236 0.897152
vt 0.352543 0.897586
vt 0.352977 0.897893
vt 0.863069 0.892464
vt 0.863069 0.891415
vt 0.952468 0.109516
vt 0.954607 0.108992
vt 0.954607 0.109517
vt 0.952468 0.108468
vt 0.954607 0.108468
vt 0.950328 0.108993
vt 0.952468 0.108992
vt 0.950328 0.109517
vt 0.949124 0.108994
vt 0.950328 0.108468
vt 0.864461 0.894777
vt 0.863720 0.894036
vt 0.292480 0.940732
vt 0.292850 0.938624
vt 0.293277 0.938705
vt 0.954607 0.111524
vt 0.952468 0.111495
vt 0.954607 0.111089
vt 0.292054 0.942829
vt 0.292054 0.940651
vt 0.950328 0.111524
vt 0.952468 0.111929
vt 0.352977 0.892218
vt 0.352543 0.892525
vt 0.352236 0.892959
vt 0.295852 0.939193
vt 0.295561 0.937913
vt 0.296068 0.938055
vt 0.866033 0.895428
vt 0.295453 0.941295
vt 0.295337 0.939096
vt 0.294423 0.941100
vt 0.294821 0.938998
vt 0.294540 0.943300
vt 0.294938 0.941198
vt 0.355598 0.891567
vt 0.355074 0.891477
vt 0.294316 0.944482
vt 0.294025 0.943202
vt 0.305354 0.748787
vt 0.305225 0.749323
vt 0.305409 0.748233
vt 0.303099 0.737060
vt 0.302384 0.735759
vt 0.294364 0.737060
vt 0.294677 0.736568
vt 0.793522 0.284846
vt 0.305369 0.749689
vt 0.292054 0.748233
vt 0.292108 0.748787
vt 0.292238 0.749323
vt 0.788183 0.368485
vt 0.788664 0.368205
vt 0.292094 0.749689
vt 0.417223 0.895440
vt 0.408457 0.895440
vt 0.457860 0.888183
vt 0.466626 0.888183
vt 0.739346 0.375462
vt 0.784352 0.307143
vt 0.784833 0.307422
vt 0.742331 0.389392
vt 0.752621 0.375462
vt 0.752477 0.375828
vt 0.797353 0.390782
vt 0.739306 0.376918
vt 0.739361 0.376364
vt 0.741616 0.388091
vt 0.750351 0.388091
vt 0.750038 0.388583
vt 0.752606 0.376364
vt 0.752661 0.376918
vt 0.733159 0.198186
vt 0.043088 0.462890
vt 0.327563 0.406562
vt 0.053316 0.452384
vt 0.730444 0.461079
vt 0.327841 0.421256
vt 0.717056 0.674592
vt 0.042499 0.427380
vt 0.302871 0.432155
vt 0.728957 0.701230
vt 0.721159 0.133572
vt 0.720764 0.120170
vt 0.017528 0.438279
vt 0.292054 0.407151
vt 0.017806 0.452974
vt 0.302281 0.396645
vt 0.721258 0.198912
vt 0.205330 0.834377
vt 0.082338 0.655754
vt 0.248387 0.595059
vt 0.082789 0.694160
vt 0.248838 0.633465
vt 0.558960 0.689432
vt 0.213016 0.837083
vt 0.256456 0.594666
vt 0.696288 0.322974
vt 0.256908 0.633072
vt 0.695837 0.284567
vt 0.566646 0.692138
vt 0.210310 0.844769
vt 0.688218 0.323367
vt 0.132301 0.673382
vt 0.687767 0.284960
vt 0.131850 0.634975
vt 0.569352 0.684452
vt 0.202624 0.842063
vt 0.124232 0.673775
vt 0.074268 0.656147
vt 0.123780 0.635368
vt 0.074719 0.694553
vt 0.561666 0.681746
vt 0.508971 0.835873
vt 0.702990 0.521535
vt 0.677186 0.106451
vt 0.703441 0.559941
vt 0.677638 0.144858
vt 0.512305 0.838759
vt 0.681086 0.106057
vt 0.604681 0.839526
vt 0.681812 0.144857
vt 0.512622 0.843158
vt 0.685256 0.106058
vt 0.604998 0.843925
vt 0.704249 0.406612
vt 0.685707 0.144465
vt 0.703797 0.368205
vt 0.608332 0.846811
vt 0.505338 0.846809
vt 0.696179 0.407005
vt 0.686201 0.223211
vt 0.695728 0.368598
vt 0.685750 0.184804
vt 0.502003 0.843923
vt 0.682303 0.223605
vt 0.615616 0.843160
vt 0.681577 0.184806
vt 0.501687 0.839524
vt 0.678131 0.223604
vt 0.615300 0.838762
vt 0.694920 0.521928
vt 0.677680 0.185197
vt 0.695371 0.560334
vt 0.611966 0.835875
vt 0.656202 0.834709
vt 0.687219 0.017528
vt 0.674959 0.448071
vt 0.687671 0.055935
vt 0.675410 0.486478
vt 0.768488 0.244968
vt 0.663888 0.837415
vt 0.683029 0.447678
vt 0.703934 0.638691
vt 0.683480 0.486085
vt 0.703483 0.600284
vt 0.776174 0.247674
vt 0.661183 0.845101
vt 0.695865 0.639084
vt 0.026049 0.684378
vt 0.695414 0.600677
vt 0.025598 0.645972
vt 0.778879 0.239988
vt 0.653497 0.842395
vt 0.017980 0.684771
vt 0.679150 0.017921
vt 0.017528 0.646365
vt 0.679601 0.056328
vt 0.771194 0.237282
vt 0.560561 0.646417
vt 0.056328 0.391930
vt 0.635030 0.056328
vt 0.569231 0.521535
vt 0.202352 0.341698
vt 0.569624 0.572168
vt 0.560168 0.608011
vt 0.202745 0.392332
vt 0.644093 0.055935
vt 0.240759 0.341305
vt 0.363944 0.536600
vt 0.241152 0.391939
vt 0.569231 0.607618
vt 0.364337 0.587233
vt 0.643700 0.017528
vt 0.017528 0.341690
vt 0.373400 0.586840
vt 0.569624 0.646024
vt 0.017921 0.392323
vt 0.634637 0.017921
vt 0.055935 0.341297
vt 0.446949 0.249509
vt 0.080417 0.933365
vt 0.877689 0.064708
vt 0.366088 0.017529
vt 0.880270 0.064519
vt 0.075924 0.931978
vt 0.882147 0.066175
vt 0.125923 0.233214
vt 0.126649 0.465195
vt 0.074537 0.936471
vt 0.880725 0.070749
vt 0.078995 0.937939
vt 0.876267 0.069281
vt 0.446223 0.017528
vt 0.074884 0.197764
vt 0.499927 0.284961
vt 0.381151 0.500757
vt 0.484148 0.194981
vt 0.476289 0.500757
vt 0.292054 0.467606
vt 0.216118 0.559214
vt 0.608505 0.327864
vt 0.548706 0.284960
vt 0.615658 0.564832
vt 0.556667 0.368598
vt 0.511346 0.521928
vt 0.532927 0.106450
vt 0.074268 0.498652
vt 0.536412 0.017921
vt 0.419434 0.638736
vt 0.532927 0.185197
vt 0.867668 0.243707
vt 0.869970 0.244950
vt 0.872684 0.245387
vt 0.875397 0.244950
vt 0.824412 0.895346
vt 0.822531 0.895346
vt 0.877698 0.242106
vt 0.877697 0.243707
vt 0.877699 0.241091
vt 0.877699 0.239113
vt 0.869970 0.235256
vt 0.872684 0.234819
vt 0.875397 0.235256
vt 0.877698 0.238100
vt 0.877697 0.236501
vt 0.721020 0.896402
vt 0.719139 0.896402
vt 0.723968 0.896402
vt 0.722087 0.896402
vt 0.870694 0.746869
vt 0.873408 0.747306
vt 0.876122 0.746869
vt 0.878423 0.745624
vt 0.878423 0.744025
vt 0.878422 0.741034
vt 0.878422 0.743012
vt 0.868394 0.738418
vt 0.870694 0.737175
vt 0.873408 0.736738
vt 0.876122 0.737175
vt 0.878423 0.738418
vt 0.878423 0.740019
vt 0.819583 0.895346
vt 0.821464 0.895346
vt 0.123780 0.875937
vt 0.126082 0.877180
vt 0.128796 0.877616
vt 0.131510 0.877180
vt 0.775864 0.896278
vt 0.773983 0.896278
vt 0.133811 0.874335
vt 0.133809 0.875937
vt 0.133811 0.871343
vt 0.133811 0.873321
vt 0.126082 0.867486
vt 0.128796 0.867048
vt 0.131510 0.867486
vt 0.133811 0.870329
vt 0.133809 0.868730
vt 0.078232 0.896652
vt 0.076351 0.896652
vt 0.081180 0.896652
vt 0.079298 0.896652
vt 0.019829 0.883984
vt 0.022543 0.884421
vt 0.025257 0.883984
vt 0.027557 0.881141
vt 0.027558 0.882740
vt 0.027557 0.880127
vt 0.027557 0.878149
vt 0.019829 0.874290
vt 0.022543 0.873854
vt 0.025257 0.874290
vt 0.027558 0.875533
vt 0.027557 0.877135
vt 0.772916 0.896278
vt 0.771035 0.896278
vt 0.651523 0.368617
vt 0.660671 0.406043
vt 0.631152 0.185197
vt 0.651209 0.600890
vt 0.660357 0.638322
vt 0.616152 0.638691
vt 0.643562 0.285170
vt 0.652710 0.322615
vt 0.639902 0.486085
vt 0.659863 0.559384
vt 0.604681 0.600677
vt 0.565537 0.845648
vt 0.560330 0.843397
vt 0.889728 0.521879
vt 0.866538 0.189293
vt 0.866538 0.192733
vt 0.774163 0.840110
vt 0.777056 0.840657
vt 0.779374 0.843290
vt 0.774160 0.845541
vt 0.873699 0.185297
vt 0.871403 0.195893
vt 0.565492 0.841719
vt 0.876291 0.191406
vt 0.874866 0.194537
vt 0.779328 0.847219
vt 0.558500 0.884105
vt 0.774693 0.851192
vt 0.560327 0.837966
vt 0.557434 0.838513
vt 0.562373 0.894471
vt 0.555116 0.841146
vt 0.864935 0.678628
vt 0.864936 0.682069
vt 0.768952 0.847791
vt 0.872096 0.674633
vt 0.869801 0.685229
vt 0.555162 0.845075
vt 0.874687 0.680741
vt 0.873263 0.683873
vt 0.768998 0.843862
vt 0.559796 0.849048
vt 0.885855 0.532245
vt 0.727478 0.847916
vt 0.722270 0.845665
vt 0.508944 0.882210
vt 0.866422 0.452166
vt 0.866422 0.455605
vt 0.822711 0.839178
vt 0.825604 0.839725
vt 0.827922 0.842358
vt 0.822708 0.844609
vt 0.873582 0.448169
vt 0.871287 0.458765
vt 0.825371 0.845474
vt 0.727432 0.843987
vt 0.876174 0.454278
vt 0.874749 0.457410
vt 0.827875 0.846287
vt 0.608066 0.881868
vt 0.823241 0.850260
vt 0.722267 0.840235
vt 0.719374 0.840781
vt 0.611939 0.892233
vt 0.717056 0.843414
vt 0.866160 0.110545
vt 0.866161 0.113985
vt 0.817500 0.846860
vt 0.873322 0.106550
vt 0.871026 0.117146
vt 0.717102 0.847343
vt 0.875913 0.112657
vt 0.874489 0.115789
vt 0.817546 0.842931
vt 0.721736 0.851317
vt 0.505072 0.892576
vt 0.787930 0.521928
vt 0.767753 0.106450
vt 0.960353 0.286346
vt 0.817504 0.976750
vt 0.819808 0.978356
vt 0.819743 0.978648
vt 0.820036 0.977333
vt 0.820101 0.977041
vt 0.820195 0.978443
vt 0.820192 0.978460
vt 0.125344 0.960187
vt 0.457905 0.979129
vt 0.460504 0.979112
vt 0.460503 0.979411
vt 0.457905 0.978045
vt 0.460504 0.977764
vt 0.460504 0.978063
vt 0.865674 0.976939
vt 0.863138 0.977505
vt 0.863073 0.977213
vt 0.863432 0.978821
vt 0.863367 0.978529
vt 0.862983 0.978632
vt 0.862979 0.978616
vt 0.292496 0.980182
vt 0.292098 0.980464
vt 0.292098 0.980481
vt 0.292496 0.981829
vt 0.292099 0.981548
vt 0.292099 0.981530
vt 0.960353 0.324960
vt 0.555119 0.976219
vt 0.557423 0.977826
vt 0.557358 0.978117
vt 0.557716 0.976510
vt 0.557651 0.976802
vt 0.557811 0.977912
vt 0.557807 0.977929
vt 0.163745 0.960187
vt 0.768997 0.979078
vt 0.771595 0.979060
vt 0.771595 0.979360
vt 0.768997 0.977994
vt 0.771596 0.977713
vt 0.771596 0.978012
vt 0.907144 0.976334
vt 0.904547 0.976624
vt 0.904612 0.976916
vt 0.904905 0.978232
vt 0.904840 0.977940
vt 0.904452 0.978027
vt 0.904456 0.978044
vt 0.717498 0.977837
vt 0.717101 0.978119
vt 0.717101 0.978136
vt 0.717498 0.979484
vt 0.717101 0.979186
vt 0.717101 0.979203
vt 0.251925 0.887821
vt 0.904879 0.939093
vt 0.908998 0.939873
vt 0.907454 0.939580
vt 0.294889 0.899278
vt 0.905468 0.940383
vt 0.906207 0.940523
vt 0.945323 0.938309
vt 0.950761 0.939129
vt 0.950762 0.937556
vt 0.945323 0.935755
vt 0.950762 0.934937
vt 0.950762 0.936508
vt 0.353252 0.933973
vt 0.355004 0.939175
vt 0.353459 0.939468
vt 0.357578 0.938687
vt 0.356989 0.939978
vt 0.356250 0.940118
vt 0.950589 0.448517
vt 0.949431 0.450089
vt 0.949431 0.449337
vt 0.950589 0.452709
vt 0.949431 0.451891
vt 0.949431 0.451138
vt 0.866560 0.891940
vt 0.296807 0.938195
vt 0.292480 0.942910
vt 0.296599 0.943690
vt 0.295055 0.943398
vt 0.355071 0.895055
vt 0.293809 0.944340
vt 0.293070 0.944200
vt 0.947943 0.678354
vt 0.953382 0.677601
vt 0.953381 0.679173
vt 0.953383 0.676552
vt 0.953382 0.674981
vt 0.943623 0.888643
vt 0.945375 0.893845
vt 0.943830 0.894138
vt 0.947949 0.893357
vt 0.947360 0.894648
vt 0.946621 0.894788
vt 0.950327 0.106897
vt 0.949169 0.107717
vt 0.949169 0.108469
vt 0.950328 0.111089
vt 0.949169 0.110271
vt 0.949169 0.109519
vt 0.793042 0.284567
vt 0.796873 0.391061
vt 0.739490 0.375828
vt 0.841016 0.368205
vt 0.845274 0.378599
vt 0.768956 0.796571
vt 0.768952 0.790734
vt 0.836173 0.030556
vt 0.501687 0.792557
vt 0.501687 0.786717
vt 0.128550 0.818504
vt 0.834272 0.368205
vt 0.843155 0.521535
vt 0.833813 0.284567
vt 0.717059 0.800069
vt 0.842072 0.289335
vt 0.717056 0.790859
vt 0.604681 0.786719
vt 0.820979 0.234819
vt 0.827722 0.234819
vt 0.836411 0.521535
vt 0.738070 0.284567
vt 0.672516 0.730871
vt 0.748830 0.299224
vt 0.679240 0.742519
vt 0.123780 0.711359
vt 0.408457 0.678004
vt 0.660868 0.742519
vt 0.019500 0.719831
vt 0.029011 0.719830
vt 0.425942 0.747602
vt 0.352236 0.702087
vt 0.352240 0.689093
vt 0.209077 0.728924
vt 0.292054 0.693810
vt 0.292054 0.680818
vt 0.737694 0.017529
vt 0.410426 0.732945
vt 0.303568 0.616608
vt 0.317471 0.566405
vt 0.138211 0.574108
vt 0.146308 0.576720
vt 0.304762 0.581551
vt 0.361886 0.622290
vt 0.370348 0.624297
vt 0.574277 0.450291
vt 0.292054 0.570887
vt 0.582517 0.447678
vt 0.590618 0.450292
vt 0.300349 0.556519
vt 0.295106 0.618615
vt 0.418631 0.412621
vt 0.464478 0.284567
vt 0.383181 0.412228
vt 0.074268 0.730003
vt 0.753338 0.621573
vt 0.569462 0.752159
vt 0.738498 0.521928
vt 0.255355 0.848792
vt 0.074268 0.836879
vt 0.457860 0.837429
vt 0.166946 0.354533
vt 0.166553 0.344247
vt 0.963230 0.065969
vt 0.912449 0.674140
vt 0.909744 0.674533
vt 0.962837 0.063264
vt 0.166946 0.400268
vt 0.166553 0.389983
vt 0.915460 0.234819
vt 0.912756 0.235212
vt 0.355334 0.978021
vt 0.166946 0.446003
vt 0.166553 0.435718
vt 0.964646 0.602989
vt 0.916185 0.736738
vt 0.913480 0.737131
vt 0.964253 0.600284
vt 0.926491 0.610569
vt 0.926098 0.600284
vt 0.913674 0.106057
vt 0.910969 0.106450
vt 0.251443 0.974897
vt 0.465632 0.740395
vt 0.465239 0.730110
vt 0.907157 0.888361
vt 0.904452 0.888754
vt 0.504784 0.976073
vt 0.908144 0.849243
vt 0.907751 0.838958
vt 0.909230 0.788943
vt 0.966179 0.370910
vt 0.906525 0.789336
vt 0.965786 0.406360
vt 0.963081 0.406753
vt 0.928024 0.378491
vt 0.927631 0.368205
vt 0.164640 0.912673
vt 0.161935 0.913066
vt 0.607779 0.976075
vt 0.929081 0.531820
vt 0.928688 0.521535
vt 0.913936 0.447677
vt 0.967236 0.524239
vt 0.911231 0.448070
vt 0.966843 0.559689
vt 0.964138 0.560082
vt 0.296848 0.811167
vt 0.296848 0.792074
vt 0.204862 0.796961
vt 0.301169 0.811167
vt 0.301169 0.792074
vt 0.790842 0.540703
vt 0.792849 0.027802
vt 0.790842 0.521610
vt 0.795164 0.540704
vt 0.795164 0.521612
vt 0.204440 0.784863
vt 0.799484 0.540703
vt 0.799484 0.521610
vt 0.770662 0.125222
vt 0.786435 0.017536
vt 0.770662 0.106129
vt 0.774983 0.125222
vt 0.774983 0.106129
vt 0.216538 0.784441
vt 0.779305 0.125222
vt 0.779305 0.106129
vt 0.788868 0.619449
vt 0.776168 0.023950
vt 0.788868 0.600356
vt 0.793188 0.619449
vt 0.793188 0.600356
vt 0.216960 0.796539
vt 0.797510 0.619449
vt 0.797510 0.600356
vt 0.292527 0.811167
vt 0.782583 0.034217
vt 0.292527 0.792074
vt 0.924682 0.063264
vt 0.919288 0.063657
vt 0.414245 0.938735
vt 0.830618 0.065613
vt 0.827913 0.066006
vt 0.960147 0.017528
vt 0.166553 0.288731
vt 0.960540 0.021089
vt 0.876391 0.029430
vt 0.922538 0.332640
vt 0.949124 0.147379
vt 0.417151 0.896355
vt 0.298731 0.756945
vt 0.462880 0.896329
vt 0.408529 0.896355
vt 0.788931 0.389429
vt 0.457933 0.887268
vt 0.796605 0.369837
vt 0.466554 0.887268
vt 0.412203 0.887296
vt 0.745984 0.368206
vt 0.317058 0.396334
vt 0.733087 0.184857
vt 0.730365 0.475140
vt 0.718609 0.475140
vt 0.721330 0.184857
vt 0.053086 0.437642
vt 0.718615 0.461442
vt 0.730045 0.447677
vt 0.728885 0.674219
vt 0.718609 0.447755
vt 0.317613 0.431925
vt 0.717128 0.687911
vt 0.027756 0.427610
vt 0.728885 0.687911
vt 0.717128 0.701603
vt 0.732595 0.133494
vt 0.292284 0.421893
vt 0.732593 0.119807
vt 0.732595 0.106109
vt 0.733087 0.212241
vt 0.028312 0.463202
vt 0.721330 0.212241
vt 0.720838 0.106109
vt 0.202352 0.837578
vt 0.078530 0.694481
vt 0.558689 0.684947
vt 0.078530 0.655826
vt 0.209815 0.834105
vt 0.252649 0.633392
vt 0.562161 0.692410
vt 0.252649 0.594736
vt 0.213288 0.841568
vt 0.692026 0.284639
vt 0.569624 0.688937
vt 0.692026 0.323295
vt 0.205825 0.845041
vt 0.128040 0.635049
vt 0.566151 0.681474
vt 0.128040 0.673704
vt 0.504606 0.836108
vt 0.699182 0.560262
vt 0.607600 0.836110
vt 0.699182 0.521607
vt 0.509703 0.846574
vt 0.699987 0.368278
vt 0.612697 0.846576
vt 0.699987 0.406933
vt 0.653225 0.837910
vt 0.683412 0.056256
vt 0.768216 0.240483
vt 0.683412 0.017601
vt 0.660687 0.834437
vt 0.679221 0.486404
vt 0.771689 0.247946
vt 0.679221 0.447749
vt 0.664160 0.841900
vt 0.699672 0.600356
vt 0.779151 0.244473
vt 0.699672 0.639011
vt 0.656698 0.845373
vt 0.021788 0.646045
vt 0.775679 0.237010
vt 0.021788 0.684701
vt 0.560561 0.572561
vt 0.560168 0.521928
vt 0.373007 0.536207
vt 0.875998 0.066666
vt 0.449039 0.249437
vt 0.363997 0.249437
vt 0.078540 0.931709
vt 0.363997 0.017600
vt 0.449039 0.017601
vt 0.366451 0.249438
vt 0.368903 0.249437
vt 0.123833 0.465123
vt 0.074268 0.933855
vt 0.123833 0.233286
vt 0.368903 0.017600
vt 0.882416 0.068791
vt 0.128739 0.465123
vt 0.404065 0.249437
vt 0.076414 0.938127
vt 0.404065 0.017601
vt 0.128739 0.233286
vt 0.406517 0.249437
vt 0.406517 0.017601
vt 0.878144 0.070938
vt 0.408971 0.249437
vt 0.444133 0.249437
vt 0.080686 0.935981
vt 0.444133 0.017601
vt 0.408971 0.017601
vt 0.202456 0.017528
vt 0.247987 0.198157
vt 0.110071 0.017528
vt 0.167165 0.198157
vt 0.283253 0.017531
vt 0.328783 0.198160
vt 0.017659 0.017528
vt 0.219428 0.480860
vt 0.484252 0.106057
vt 0.497766 0.159529
vt 0.484279 0.017528
vt 0.501224 0.071000
vt 0.513545 0.338039
vt 0.202483 0.427389
vt 0.497766 0.248060
vt 0.459213 0.447678
vt 0.305671 0.520684
vt 0.364075 0.447678
vt 0.597632 0.284567
vt 0.562341 0.328257
vt 0.605593 0.368206
vt 0.616362 0.411896
vt 0.202483 0.515917
vt 0.524981 0.565225
vt 0.604785 0.521535
vt 0.570301 0.411896
vt 0.074372 0.577006
vt 0.085141 0.620697
vt 0.087902 0.541949
vt 0.631256 0.106060
vt 0.642025 0.148040
vt 0.546561 0.149747
vt 0.454595 0.597535
vt 0.465365 0.639526
vt 0.546561 0.228495
vt 0.202456 0.595121
vt 0.213225 0.637136
vt 0.550046 0.061219
vt 0.408561 0.597073
vt 0.825275 0.895346
vt 0.718277 0.896402
vt 0.724830 0.896402
vt 0.818721 0.895346
vt 0.776727 0.896278
vt 0.075488 0.896652
vt 0.082042 0.896652
vt 0.770173 0.896278
vt 0.522687 0.639082
vt 0.642493 0.223604
vt 0.511477 0.600282
vt 0.628562 0.447678
vt 0.650715 0.521944
vt 0.889880 0.530795
vt 0.556162 0.893365
vt 0.563572 0.892198
vt 0.882470 0.529627
vt 0.509097 0.891126
vt 0.605727 0.891128
vt 0.722269 0.841900
vt 0.613137 0.889960
vt 0.501687 0.889959
vt 0.782243 0.125294
vt 0.800451 0.619522
vt 0.960352 0.288124
vt 0.961610 0.287603
vt 0.961610 0.285088
vt 0.960352 0.284567
vt 0.959094 0.285088
vt 0.958573 0.286346
vt 0.959094 0.287603
vt 0.960352 0.326739
vt 0.961610 0.326218
vt 0.961610 0.323702
vt 0.960352 0.323181
vt 0.959094 0.323702
vt 0.958574 0.324960
vt 0.959094 0.326218
vt 0.254454 0.890352
vt 0.254454 0.885291
vt 0.251923 0.884242
vt 0.249393 0.885291
vt 0.248345 0.887821
vt 0.249393 0.890352
vt 0.251923 0.891400
vt 0.869088 0.894470
vt 0.869088 0.889409
vt 0.866558 0.888361
vt 0.864027 0.889409
vt 0.862979 0.891940
vt 0.864027 0.894470
vt 0.866558 0.895518
vt 0.867668 0.236501
vt 0.868394 0.745624
vt 0.123780 0.868730
vt 0.017529 0.882740
vt 0.017529 0.875533
vt 0.565492 0.845075
vt 0.887542 0.521535
vt 0.867962 0.186161
vt 0.774693 0.839889
vt 0.779328 0.843862
vt 0.871425 0.184804
vt 0.869129 0.195400
vt 0.565537 0.841146
vt 0.876290 0.187965
vt 0.779374 0.847791
vt 0.556314 0.884449
vt 0.777056 0.850424
vt 0.774163 0.850971
vt 0.559796 0.837745
vt 0.560187 0.894815
vt 0.555162 0.841719
vt 0.866360 0.675497
vt 0.768998 0.847219
vt 0.869822 0.674140
vt 0.867527 0.684737
vt 0.555116 0.845648
vt 0.874687 0.677301
vt 0.768952 0.843290
vt 0.557434 0.848281
vt 0.560327 0.848828
vt 0.883669 0.531900
vt 0.727432 0.847343
vt 0.506758 0.881866
vt 0.867846 0.449033
vt 0.823241 0.838957
vt 0.827875 0.842931
vt 0.871308 0.447677
vt 0.869012 0.458273
vt 0.727478 0.843414
vt 0.876173 0.450837
vt 0.827922 0.846860
vt 0.605880 0.882212
vt 0.825604 0.849493
vt 0.822711 0.850040
vt 0.721736 0.840014
vt 0.609752 0.892578
vt 0.717102 0.843987
vt 0.867585 0.107413
vt 0.817546 0.846287
vt 0.871048 0.106057
vt 0.868752 0.116653
vt 0.717056 0.847916
vt 0.875913 0.109217
vt 0.817500 0.842358
vt 0.719374 0.850549
vt 0.722267 0.851096
vt 0.502885 0.892231
vt 0.817500 0.976767
vt 0.865670 0.976923
vt 0.555116 0.976236
vt 0.907148 0.976351
vt 0.909205 0.934378
vt 0.947944 0.675800
s 1
f 2/1/1 10/2/2 3/3/3
f 85/4/4 1/5/5 8/6/6
f 7/7/7 86/8/8 14/9/9
f 6/10/10 12/11/11 13/12/12
f 3/3/3 11/13/13 4/14/14
f 2/15/1 8/6/6 9/16/15
f 6/17/10 14/9/9 86/8/8
f 4/14/14 12/11/11 5/18/16
f 12/11/11 20/19/17 13/12/12
f 10/20/2 18/21/18 11/22/13
f 8/6/6 16/23/19 9/16/15
f 13/24/12 21/25/20 14/9/9
f 11/22/13 19/26/21 12/27/11
f 9/28/15 17/29/22 10/20/2
f 8/6/6 1/5/5 15/30/23
f 7/7/7 14/9/9 21/25/20
f 20/31/17 28/32/24 21/25/20
f 18/21/18 26/33/25 19/26/21
f 16/34/19 24/35/26 17/29/22
f 15/30/23 1/5/5 22/36/27
f 7/7/7 21/25/20 28/32/24
f 20/37/17 26/33/25 27/38/28
f 17/29/22 25/39/29 18/21/18
f 15/30/23 23/40/30 16/23/19
f 25/39/29 33/41/31 26/33/25
f 24/35/26 30/42/32 31/43/33
f 22/36/27 1/5/5 29/44/34
f 7/7/7 28/32/24 35/45/35
f 27/38/28 33/41/31 34/46/36
f 24/35/26 32/47/37 25/39/29
f 22/36/27 30/48/32 23/40/30
f 27/49/28 35/45/35 28/32/24
f 7/7/7 35/45/35 42/50/38
f 34/51/36 40/52/39 41/53/40
f 31/54/33 39/55/41 32/56/37
f 30/48/32 36/57/42 37/58/43
f 34/59/36 42/50/38 35/45/35
f 33/60/31 39/55/41 40/52/39
f 30/42/32 38/61/44 31/43/33
f 29/44/34 1/5/5 36/57/42
f 39/55/41 45/62/45 46/63/46
f 37/58/43 43/64/47 44/65/48
f 41/66/40 49/67/49 42/50/38
f 39/55/41 47/68/50 40/52/39
f 37/69/43 45/62/45 38/70/44
f 36/57/42 1/5/5 43/64/47
f 7/7/7 42/50/38 49/67/49
f 41/53/40 47/68/50 48/71/51
f 49/67/49 55/72/52 56/73/53
f 47/68/50 53/74/54 54/75/55
f 45/62/45 51/76/56 52/77/57
f 43/64/47 1/5/5 50/78/58
f 7/7/7 49/67/49 56/73/53
f 47/68/50 55/79/52 48/71/51
f 45/62/45 53/74/54 46/63/46
f 43/64/47 51/80/56 44/65/48
f 51/76/56 59/81/59 52/77/57
f 50/78/58 1/5/5 57/82/60
f 7/7/7 56/73/53 63/83/61
f 54/75/55 62/84/62 55/79/52
f 52/77/57 60/85/63 53/74/54
f 51/80/56 57/82/60 58/86/64
f 56/73/53 62/87/62 63/83/61
f 54/75/55 60/85/63 61/88/65
f 7/7/7 63/83/61 70/89/66
f 62/90/62 68/91/67 69/92/68
f 59/93/59 67/94/69 60/95/63
f 58/86/64 64/96/70 65/97/71
f 62/87/62 70/89/66 63/83/61
f 60/95/63 68/91/67 61/98/65
f 58/99/64 66/100/72 59/93/59
f 57/82/60 1/5/5 64/96/70
f 65/97/71 71/101/73 72/102/74
f 69/103/68 77/104/75 70/89/66
f 67/94/69 75/105/76 68/91/67
f 66/100/72 72/106/74 73/107/77
f 64/96/70 1/5/5 71/101/73
f 7/7/7 70/89/66 77/104/75
f 68/91/67 76/108/78 69/92/68
f 66/100/72 74/109/79 67/94/69
f 76/110/78 84/111/80 77/104/75
f 75/105/76 81/112/81 82/113/82
f 73/107/77 79/114/83 80/115/84
f 71/101/73 1/5/5 78/116/85
f 7/7/7 77/104/75 84/111/80
f 75/105/76 83/117/86 76/108/78
f 73/107/77 81/112/81 74/109/79
f 72/102/74 78/116/85 79/118/83
f 78/116/85 1/5/5 85/4/4
f 7/7/7 84/111/80 86/8/8
f 82/119/82 6/10/10 83/120/86
f 81/121/81 3/3/3 4/14/14
f 79/118/83 85/4/4 2/15/1
f 83/122/86 86/8/8 84/111/80
f 81/121/81 5/18/16 82/119/82
f 80/123/84 2/1/1 3/3/3
f 88/124/1 96/125/2 89/126/87
f 171/127/4 87/128/5 94/129/6
f 93/130/7 172/131/8 100/132/9
f 92/133/10 98/134/11 99/135/12
f 89/126/87 97/136/13 90/137/14
f 171/127/4 95/138/15 88/139/1
f 172/131/8 99/140/12 100/132/9
f 90/137/14 98/134/11 91/141/16
f 99/135/12 105/142/21 106/143/17
f 96/144/2 104/145/18 97/146/13
f 94/129/6 102/147/19 95/138/15
f 99/140/12 107/148/20 100/132/9
f 98/149/11 104/145/18 105/150/21
f 95/151/15 103/152/22 96/144/2
f 94/129/6 87/128/5 101/153/23
f 93/130/7 100/132/9 107/148/20
f 106/154/17 114/155/24 107/148/20
f 104/145/18 112/156/25 105/150/21
f 103/152/22 109/157/30 110/158/26
f 101/153/23 87/128/5 108/159/27
f 93/130/7 107/148/20 114/155/24
f 105/150/21 113/160/28 106/161/17
f 103/152/22 111/162/29 104/145/18
f 102/147/19 108/159/27 109/163/30
f 111/162/29 119/164/31 112/156/25
f 109/157/30 117/165/33 110/158/26
f 108/159/27 87/128/5 115/166/34
f 93/130/7 114/155/24 121/167/35
f 113/160/28 119/164/31 120/168/36
f 111/162/29 117/165/33 118/169/37
f 108/159/27 116/170/32 109/163/30
f 114/155/24 120/171/36 121/167/35
f 93/130/7 121/167/35 128/172/38
f 120/173/36 126/174/39 127/175/40
f 117/176/33 125/177/41 118/178/37
f 115/166/34 123/179/43 116/170/32
f 121/167/35 127/180/40 128/172/38
f 119/181/31 125/177/41 126/174/39
f 116/182/32 124/183/44 117/165/33
f 115/166/34 87/128/5 122/184/42
f 124/185/44 132/186/46 125/177/41
f 123/179/43 129/187/47 130/188/48
f 127/180/40 135/189/49 128/172/38
f 126/174/39 132/186/46 133/190/50
f 123/191/43 131/192/45 124/185/44
f 122/184/42 87/128/5 129/187/47
f 93/130/7 128/172/38 135/189/49
f 126/174/39 134/193/51 127/175/40
f 134/194/51 142/195/53 135/189/49
f 132/186/46 140/196/55 133/190/50
f 130/197/48 138/198/57 131/192/45
f 129/187/47 87/128/5 136/199/58
f 93/130/7 135/189/49 142/195/53
f 133/190/50 141/200/52 134/193/51
f 131/192/45 139/201/54 132/186/46
f 130/188/48 136/199/58 137/202/56
f 137/203/56 145/204/59 138/198/57
f 136/199/58 87/128/5 143/205/60
f 93/130/7 142/195/53 149/206/61
f 140/196/55 148/207/62 141/200/52
f 139/201/54 145/204/59 146/208/63
f 137/202/56 143/205/60 144/209/64
f 141/210/52 149/206/61 142/195/53
f 139/201/54 147/211/65 140/196/55
f 93/130/7 149/206/61 156/212/66
f 147/213/65 155/214/68 148/215/62
f 145/216/59 153/217/69 146/218/63
f 144/209/64 150/219/70 151/220/71
f 148/221/62 156/212/66 149/206/61
f 146/218/63 154/222/67 147/213/65
f 145/216/59 151/223/71 152/224/72
f 143/205/60 87/128/5 150/219/70
f 150/219/70 158/225/74 151/220/71
f 155/226/68 163/227/75 156/212/66
f 153/217/69 161/228/76 154/222/67
f 151/223/71 159/229/77 152/224/72
f 150/219/70 87/128/5 157/230/73
f 93/130/7 156/212/66 163/227/75
f 154/222/67 162/231/78 155/214/68
f 153/217/69 159/229/77 160/232/79
f 162/233/78 170/234/80 163/227/75
f 160/232/79 168/235/82 161/228/76
f 159/229/77 165/236/83 166/237/84
f 157/230/73 87/128/5 164/238/85
f 93/130/7 163/227/75 170/234/80
f 161/228/76 169/239/86 162/231/78
f 159/229/77 167/240/81 160/232/79
f 157/230/73 165/241/83 158/225/74
f 164/238/85 87/128/5 171/127/4
f 93/130/7 170/234/80 172/131/8
f 168/242/82 92/133/10 169/243/86
f 167/244/81 89/126/87 90/137/14
f 164/238/85 88/139/1 165/241/83
f 169/245/86 172/131/8 170/234/80
f 167/244/81 91/141/16 168/242/82
f 166/246/84 88/124/1 89/126/87
f 175/247/87 181/248/15 182/249/2
f 174/250/4 173/251/5 180/252/6
f 179/253/7 178/254/8 186/255/9
f 177/256/16 185/257/12 258/258/10
f 175/247/87 183/259/13 176/260/14
f 257/261/1 180/252/6 181/262/15
f 258/263/10 186/255/9 178/254/8
f 176/260/14 184/264/11 177/256/16
f 184/264/11 192/265/17 185/257/12
f 182/266/2 190/267/18 183/268/13
f 180/252/6 188/269/19 181/262/15
f 186/255/9 192/270/17 193/271/20
f 183/268/13 191/272/21 184/273/11
f 181/274/15 189/275/22 182/266/2
f 180/252/6 173/251/5 187/276/23
f 179/253/7 186/255/9 193/271/20
f 192/270/17 200/277/24 193/271/20
f 190/267/18 198/278/25 191/272/21
f 188/279/19 196/280/26 189/275/22
f 187/276/23 173/251/5 194/281/27
f 179/253/7 193/271/20 200/277/24
f 192/282/17 198/278/25 199/283/28
f 189/275/22 197/284/29 190/267/18
f 187/276/23 195/285/30 188/269/19
f 197/284/29 205/286/31 198/278/25
f 195/287/30 203/288/33 196/280/26
f 194/281/27 173/251/5 201/289/34
f 179/253/7 200/277/24 207/290/35
f 198/278/25 206/291/36 199/283/28
f 196/280/26 204/292/37 197/284/29
f 195/285/30 201/289/34 202/293/32
f 199/294/28 207/290/35 200/277/24
f 179/253/7 207/290/35 214/295/88
f 205/296/31 213/297/40 206/298/36
f 203/299/33 211/300/41 204/301/37
f 201/289/34 209/302/43 202/293/32
f 207/290/35 213/303/40 214/295/88
f 205/296/31 211/300/41 212/304/39
f 202/305/32 210/306/44 203/288/33
f 201/289/34 173/251/5 208/307/89
f 211/300/41 217/308/45 218/309/46
f 208/307/89 216/310/48 209/302/43
f 213/303/40 221/311/49 214/295/88
f 211/300/41 219/312/50 212/304/39
f 209/313/43 217/308/45 210/314/44
f 208/307/89 173/251/5 215/315/47
f 179/253/7 214/295/88 221/311/49
f 212/304/39 220/316/51 213/297/40
f 220/317/51 228/318/53 221/311/49
f 218/309/46 226/319/55 219/312/50
f 216/320/48 224/321/57 217/308/45
f 215/315/47 173/251/5 222/322/58
f 179/253/7 221/311/49 228/318/53
f 220/316/51 226/319/55 227/323/52
f 218/309/46 224/321/57 225/324/54
f 215/315/47 223/325/56 216/310/48
f 223/326/56 231/327/59 224/321/57
f 222/322/58 173/251/5 229/328/60
f 179/253/7 228/318/53 235/329/61
f 227/323/52 233/330/65 234/331/62
f 225/324/54 231/327/59 232/332/63
f 222/322/58 230/333/64 223/325/56
f 227/334/52 235/329/61 228/318/53
f 225/324/54 233/330/65 226/319/55
f 179/253/7 235/329/61 242/335/66
f 233/336/65 241/337/68 234/338/62
f 232/339/63 238/340/90 239/341/69
f 229/328/60 237/342/71 230/333/64
f 234/343/62 242/335/66 235/329/61
f 232/339/63 240/344/91 233/336/65
f 231/345/59 237/346/71 238/340/90
f 229/328/60 173/251/5 236/347/70
f 236/347/70 244/348/74 237/342/71
f 242/335/66 248/349/78 249/350/75
f 240/344/91 246/351/79 247/352/76
f 237/346/71 245/353/77 238/340/90
f 236/347/70 173/251/5 243/354/73
f 179/253/7 242/335/66 249/350/75
f 241/337/68 247/352/76 248/355/78
f 238/340/90 246/351/79 239/341/69
f 248/349/78 256/356/80 249/350/75
f 247/352/76 253/357/81 254/358/82
f 245/353/77 251/359/83 252/360/84
f 243/354/73 173/251/5 250/361/85
f 179/253/7 249/350/75 256/356/80
f 247/352/76 255/362/86 248/355/78
f 245/353/77 253/357/81 246/351/79
f 243/354/73 251/363/83 244/348/74
f 250/361/85 173/251/5 174/250/4
f 179/253/7 256/356/80 178/254/8
f 254/364/82 258/258/10 255/365/86
f 252/366/84 176/260/14 253/367/81
f 250/361/85 257/261/1 251/363/83
f 255/368/86 178/254/8 256/356/80
f 253/367/81 177/256/16 254/364/82
f 251/369/83 175/247/87 252/366/84
f 261/370/87 267/371/15 268/372/2
f 260/373/4 259/374/5 266/375/6
f 265/376/7 264/377/8 272/378/92
f 263/379/16 271/380/12 344/381/10
f 261/370/87 269/382/13 262/383/14
f 260/373/4 267/384/15 343/385/1
f 344/386/10 272/378/92 264/377/8
f 262/383/14 270/387/11 263/379/16
f 270/387/11 278/388/17 271/380/12
f 269/389/13 275/390/22 276/391/18
f 266/375/6 274/392/19 267/384/15
f 271/393/12 279/394/20 272/378/92
f 269/389/13 277/395/21 270/396/11
f 268/397/2 274/398/19 275/390/22
f 266/375/6 259/374/5 273/399/23
f 265/376/7 272/378/92 279/394/20
f 278/400/17 286/401/24 279/394/20
f 276/391/18 284/402/93 277/395/21
f 275/390/22 281/403/30 282/404/94
f 273/399/23 259/374/5 280/405/27
f 265/376/7 279/394/20 286/401/24
f 277/395/21 285/406/28 278/407/17
f 276/391/18 282/404/94 283/408/29
f 273/399/23 281/409/30 274/392/19
f 284/402/93 290/410/37 291/411/31
f 281/403/30 289/412/33 282/404/94
f 280/405/27 259/374/5 287/413/34
f 265/376/7 286/401/24 293/414/35
f 285/406/28 291/411/31 292/415/36
f 282/404/94 290/410/37 283/408/29
f 280/405/27 288/416/32 281/409/30
f 285/417/28 293/414/35 286/401/24
f 265/376/7 293/414/35 300/418/38
f 291/419/31 299/420/40 292/421/36
f 289/422/33 297/423/41 290/424/37
f 287/413/34 295/425/43 288/416/32
f 292/426/36 300/418/38 293/414/35
f 291/419/31 297/423/41 298/427/39
f 289/412/33 295/428/43 296/429/44
f 287/413/34 259/374/5 294/430/89
f 296/431/44 304/432/46 297/423/41
f 294/430/89 302/433/48 295/425/43
f 300/418/38 306/434/51 307/435/49
f 298/427/39 304/432/46 305/436/50
f 296/431/44 302/437/48 303/438/45
f 294/430/89 259/374/5 301/439/47
f 265/376/7 300/418/38 307/435/49
f 298/427/39 306/440/51 299/420/40
f 307/435/49 313/441/52 314/442/53
f 305/436/50 311/443/54 312/444/55
f 302/437/48 310/445/57 303/438/45
f 301/439/47 259/374/5 308/446/58
f 265/376/7 307/435/49 314/442/53
f 305/436/50 313/447/52 306/440/51
f 303/438/45 311/443/54 304/432/46
f 301/439/47 309/448/56 302/433/48
f 309/449/56 317/450/59 310/445/57
f 308/446/58 259/374/5 315/451/60
f 265/376/7 314/442/53 321/452/61
f 313/447/52 319/453/65 320/454/62
f 311/443/54 317/450/59 318/455/63
f 309/448/56 315/451/60 316/456/64
f 313/441/52 321/452/61 314/442/53
f 311/443/54 319/453/65 312/444/55
f 265/376/7 321/452/61 328/457/66
f 320/458/62 326/459/67 327/460/68
f 317/461/59 325/462/69 318/463/63
f 315/451/60 323/464/71 316/456/64
f 320/465/62 328/457/66 321/452/61
f 318/463/63 326/459/67 319/466/65
f 316/467/64 324/468/72 317/461/59
f 315/451/60 259/374/5 322/469/70
f 323/464/71 329/470/73 330/471/74
f 327/472/68 335/473/75 328/457/66
f 325/462/69 333/474/76 326/459/67
f 323/475/71 331/476/77 324/468/72
f 322/469/70 259/374/5 329/470/73
f 265/376/7 328/457/66 335/473/75
f 326/459/67 334/477/78 327/460/68
f 324/468/72 332/478/79 325/462/69
f 334/479/78 342/480/80 335/473/75
f 332/478/79 340/481/82 333/474/76
f 330/482/74 338/483/84 331/476/77
f 329/470/73 259/374/5 336/484/85
f 265/376/7 335/473/75 342/480/80
f 333/474/76 341/485/86 334/477/78
f 331/476/77 339/486/81 332/478/79
f 329/470/73 337/487/83 330/471/74
f 336/484/85 259/374/5 260/373/4
f 265/376/7 342/480/80 264/377/8
f 340/488/82 344/381/10 341/489/86
f 338/490/84 262/383/14 339/491/81
f 336/484/85 343/385/1 337/487/83
f 341/492/86 264/377/8 342/480/80
f 339/491/81 263/379/16 340/488/82
f 338/490/84 343/493/1 261/370/87
f 365/494/95 345/495/5 347/496/96
f 346/497/7 366/498/97 348/499/98
f 347/496/96 345/495/5 349/500/99
f 346/497/7 348/499/98 350/501/100
f 349/500/99 345/495/5 351/502/101
f 346/497/7 350/501/100 352/503/102
f 351/502/101 345/495/5 353/504/103
f 346/497/7 352/503/102 354/505/104
f 346/497/7 354/505/104 356/506/105
f 353/504/103 345/495/5 355/507/106
f 355/507/106 345/495/5 357/508/107
f 346/497/7 356/506/105 358/509/108
f 357/508/107 345/495/5 359/510/109
f 346/497/7 358/509/108 360/511/110
f 359/510/109 345/495/5 361/512/111
f 346/497/7 360/511/110 362/513/112
f 346/497/7 362/513/112 364/514/113
f 361/512/111 345/495/5 363/515/114
f 363/515/114 345/495/5 365/494/95
f 346/497/7 364/514/113 366/498/97
f 387/516/95 367/517/5 369/518/96
f 368/519/7 388/520/97 370/521/98
f 369/518/96 367/517/5 371/522/99
f 368/519/7 370/521/98 372/523/100
f 371/522/99 367/517/5 373/524/101
f 368/519/7 372/523/100 374/525/102
f 373/524/101 367/517/5 375/526/103
f 368/519/7 374/525/102 376/527/104
f 368/519/7 376/527/104 378/528/105
f 375/526/103 367/517/5 377/529/106
f 377/529/106 367/517/5 379/530/107
f 368/519/7 378/528/105 380/531/108
f 379/530/107 367/517/5 381/532/109
f 368/519/7 380/531/108 382/533/110
f 381/532/109 367/517/5 383/534/111
f 368/519/7 382/533/110 384/535/112
f 368/519/7 384/535/112 386/536/113
f 383/534/111 367/517/5 385/537/114
f 385/537/114 367/517/5 387/516/95
f 368/519/7 386/536/113 388/520/97
f 620/538/115 398/539/116 399/540/117
f 627/541/118 407/542/119 628/543/120
f 620/538/115 400/544/121 621/545/122
f 394/546/7 628/543/120 407/542/119
f 622/547/14 400/544/121 401/548/123
f 622/547/14 402/549/124 623/550/125
f 616/551/126 393/552/5 395/553/127
f 623/550/125 403/554/128 624/555/129
f 616/551/126 396/556/130 617/557/131
f 624/555/129 404/558/132 625/559/133
f 617/557/131 397/560/134 618/561/135
f 625/562/133 405/563/136 626/564/137
f 619/565/138 397/566/134 398/539/116
f 627/541/118 405/563/136 406/567/139
f 399/540/117 413/568/140 400/544/121
f 394/546/7 407/542/119 420/569/141
f 400/544/121 414/570/142 401/548/123
f 401/548/123 415/571/143 402/549/124
f 395/553/127 393/552/5 408/572/144
f 402/549/124 416/573/145 403/554/128
f 395/553/127 409/574/146 396/556/130
f 403/554/128 417/575/147 404/558/132
f 396/556/130 410/576/148 397/560/134
f 404/577/132 418/578/149 405/563/136
f 398/579/116 410/576/148 411/580/150
f 405/563/136 419/581/151 406/567/139
f 399/540/117 411/582/150 412/583/152
f 406/567/139 420/569/141 407/542/119
f 394/546/7 420/569/141 433/584/153
f 414/585/142 426/586/154 427/587/18
f 414/585/142 428/588/155 415/589/143
f 408/572/144 393/552/5 421/590/156
f 416/591/145 428/588/155 429/592/157
f 408/572/144 422/593/158 409/574/146
f 417/594/147 429/592/157 430/595/159
f 409/574/146 423/596/160 410/576/148
f 417/597/147 431/598/161 418/578/149
f 411/580/150 423/596/160 424/599/162
f 418/578/149 432/600/163 419/581/151
f 411/601/150 425/602/164 412/603/152
f 419/581/151 433/584/153 420/569/141
f 412/603/152 426/586/154 413/604/140
f 426/586/154 440/605/165 427/587/18
f 427/587/18 441/606/166 428/588/155
f 421/590/156 393/552/5 434/607/167
f 429/592/157 441/606/166 442/608/168
f 421/590/156 435/609/169 422/593/158
f 429/592/157 443/610/170 430/595/159
f 422/593/158 436/611/171 423/596/160
f 430/612/159 444/613/172 431/598/161
f 423/596/160 437/614/173 424/599/162
f 431/598/161 445/615/174 432/600/163
f 424/616/162 438/617/175 425/602/164
f 432/600/163 446/618/176 433/584/153
f 425/602/164 439/619/177 426/586/154
f 394/546/7 433/584/153 446/618/176
f 440/605/165 454/620/178 441/606/166
f 434/607/167 393/552/5 447/621/179
f 442/608/168 454/620/178 455/622/180
f 435/609/169 447/621/179 448/623/181
f 442/608/168 456/624/182 443/610/170
f 435/609/169 449/625/183 436/611/171
f 444/626/172 456/624/182 457/627/184
f 436/628/171 450/629/185 437/630/173
f 444/613/172 458/631/186 445/615/174
f 438/617/175 450/629/185 451/632/187
f 445/615/174 459/633/188 446/618/176
f 438/617/175 452/634/189 439/619/177
f 394/546/7 446/618/176 459/633/188
f 439/619/177 453/635/190 440/605/165
f 447/621/179 393/552/5 460/636/191
f 455/622/180 467/637/192 468/638/193
f 448/623/181 460/636/191 461/639/194
f 455/622/180 469/640/195 456/624/182
f 448/623/181 462/641/196 449/625/183
f 456/642/182 470/643/197 457/644/184
f 450/645/185 462/641/196 463/646/198
f 457/644/184 471/647/199 458/631/186
f 451/632/187 463/648/198 464/649/200
f 458/631/186 472/650/201 459/633/188
f 451/632/187 465/651/202 452/634/189
f 394/546/7 459/633/188 472/650/201
f 452/634/189 466/652/37 453/635/190
f 453/635/190 467/637/192 454/620/178
f 468/638/193 480/653/203 481/654/204
f 461/639/194 473/655/205 474/656/206
f 468/638/193 482/657/207 469/640/195
f 462/641/196 474/656/206 475/658/208
f 469/659/195 483/660/209 470/643/197
f 462/641/196 476/661/210 463/646/198
f 470/643/197 484/662/211 471/647/199
f 463/648/198 477/663/212 464/649/200
f 471/647/199 485/664/213 472/650/201
f 464/649/200 478/665/214 465/651/202
f 394/546/7 472/650/201 485/664/213
f 466/652/37 478/665/214 479/666/215
f 466/652/37 480/653/203 467/637/192
f 460/636/191 393/552/5 473/655/205
f 474/656/206 486/667/216 487/668/217
f 481/669/204 495/670/218 482/671/207
f 474/656/206 488/672/219 475/658/208
f 482/673/207 496/674/220 483/660/209
f 475/658/208 489/675/221 476/661/210
f 483/660/209 497/676/222 484/662/211
f 476/677/210 490/678/223 477/679/212
f 484/662/211 498/680/224 485/664/213
f 477/679/212 491/681/225 478/682/214
f 394/546/7 485/664/213 498/680/224
f 478/682/214 492/683/226 479/684/215
f 479/684/215 493/685/227 480/686/203
f 473/655/205 393/552/5 486/667/216
f 481/669/204 493/685/227 494/687/228
f 494/687/228 508/688/229 495/670/218
f 487/668/217 501/689/230 488/672/219
f 495/690/218 509/691/231 496/674/220
f 488/692/219 502/693/232 489/694/221
f 496/674/220 510/695/233 497/676/222
f 490/678/223 502/693/232 503/696/234
f 497/676/222 511/697/235 498/680/224
f 490/678/223 504/698/236 491/681/225
f 394/546/7 498/680/224 511/697/235
f 491/681/225 505/699/46 492/683/226
f 492/683/226 506/700/237 493/685/227
f 486/667/216 393/552/5 499/701/238
f 494/687/228 506/700/237 507/702/239
f 486/667/216 500/703/240 487/668/217
f 508/688/229 522/704/241 509/705/231
f 501/689/230 515/706/242 502/707/232
f 509/691/231 523/708/243 510/695/233
f 502/693/232 516/709/244 503/696/234
f 510/695/233 524/710/245 511/697/235
f 503/696/234 517/711/246 504/698/236
f 394/546/7 511/697/235 524/710/245
f 504/698/236 518/712/247 505/699/46
f 505/699/46 519/713/248 506/700/237
f 499/701/238 393/552/5 512/714/249
f 507/702/239 519/713/248 520/715/250
f 499/701/238 513/716/251 500/703/240
f 507/702/239 521/717/252 508/688/229
f 500/703/240 514/718/253 501/689/230
f 514/718/253 528/719/254 515/706/242
f 522/720/241 536/721/255 523/708/243
f 515/722/242 529/723/256 516/709/244
f 523/708/243 537/724/257 524/710/245
f 516/709/244 530/725/258 517/711/246
f 394/546/7 524/710/245 537/724/257
f 518/712/247 530/725/258 531/726/259
f 518/712/247 532/727/260 519/713/248
f 512/714/249 393/552/5 525/728/261
f 520/715/250 532/727/260 533/729/262
f 512/714/249 526/730/263 513/716/251
f 520/715/250 534/731/264 521/717/252
f 513/716/251 527/732/265 514/718/253
f 521/733/252 535/734/266 522/720/241
f 535/734/266 549/735/267 536/721/255
f 528/736/254 542/737/268 529/738/256
f 536/721/255 550/739/269 537/724/257
f 529/738/256 543/740/270 530/741/258
f 394/546/7 537/724/257 550/739/269
f 531/742/259 543/740/270 544/743/63
f 531/742/259 545/744/271 532/745/260
f 525/728/261 393/552/5 538/746/272
f 533/747/262 545/744/271 546/748/273
f 525/728/261 539/749/274 526/730/263
f 533/747/262 547/750/275 534/751/264
f 526/730/263 540/752/276 527/732/265
f 534/753/264 548/754/277 535/734/266
f 528/719/254 540/752/276 541/755/278
f 542/737/268 554/756/279 555/757/280
f 549/735/267 563/758/281 550/739/269
f 542/737/268 556/759/282 543/740/270
f 394/546/7 550/739/269 563/758/281
f 543/740/270 557/760/283 544/743/63
f 544/743/63 558/761/284 545/744/271
f 538/746/272 393/552/5 551/762/285
f 546/748/273 558/761/284 559/763/286
f 539/749/274 551/762/285 552/764/287
f 546/748/273 560/765/288 547/750/275
f 539/749/274 553/766/289 540/752/276
f 547/767/275 561/768/290 548/754/277
f 540/752/276 554/769/279 541/755/278
f 548/754/277 562/770/291 549/735/267
f 562/770/291 576/771/292 563/758/281
f 555/757/280 569/772/293 556/759/282
f 394/546/7 563/758/281 576/771/292
f 557/760/283 569/772/293 570/773/294
f 557/760/283 571/774/295 558/761/284
f 551/762/285 393/552/5 564/775/296
f 559/763/286 571/774/295 572/776/297
f 552/764/287 564/775/296 565/777/298
f 559/763/286 573/778/299 560/765/288
f 552/764/287 566/779/300 553/766/289
f 560/765/288 574/780/301 561/781/290
f 553/782/289 567/783/302 554/756/279
f 561/768/290 575/784/303 562/770/291
f 555/757/280 567/783/302 568/785/304
f 394/546/7 576/771/292 589/786/305
f 570/773/294 582/787/306 583/788/79
f 570/773/294 584/789/307 571/774/295
f 564/775/296 393/552/5 577/790/308
f 572/776/297 584/789/307 585/791/309
f 564/775/296 578/792/310 565/777/298
f 573/778/299 585/791/309 586/793/311
f 565/777/298 579/794/312 566/779/300
f 573/795/299 587/796/313 574/797/301
f 567/798/302 579/794/312 580/799/314
f 574/797/301 588/800/315 575/784/303
f 567/783/302 581/801/316 568/785/304
f 575/784/303 589/786/305 576/771/292
f 568/785/304 582/787/306 569/772/293
f 583/788/79 595/802/317 596/803/318
f 583/788/79 597/804/319 584/789/307
f 577/790/308 393/552/5 590/805/320
f 585/791/309 597/804/319 598/806/321
f 578/792/310 590/805/320 591/807/322
f 585/791/309 599/808/323 586/793/311
f 578/792/310 592/809/324 579/794/312
f 586/810/311 600/811/325 587/796/313
f 579/794/312 593/812/326 580/799/314
f 587/796/313 601/813/327 588/800/315
f 580/814/314 594/815/328 581/801/316
f 588/800/315 602/816/329 589/786/305
f 581/801/316 595/802/317 582/787/306
f 394/546/7 589/786/305 602/816/329
f 596/817/318 610/818/330 597/819/319
f 590/805/320 393/552/5 603/820/331
f 598/821/321 610/818/330 611/822/332
f 590/805/320 604/823/333 591/807/322
f 598/821/321 612/824/334 599/825/323
f 591/807/322 605/826/335 592/809/324
f 599/827/323 613/828/336 600/811/325
f 593/812/326 605/826/335 606/829/337
f 601/813/327 613/828/336 614/830/338
f 594/831/328 606/832/337 607/833/339
f 601/813/327 615/834/340 602/816/329
f 594/831/328 608/835/341 595/836/317
f 394/546/7 602/816/329 615/834/340
f 595/836/317 609/837/342 596/817/318
f 609/837/342 623/550/125 610/818/330
f 603/820/331 393/552/5 616/551/126
f 611/822/332 623/550/125 624/555/129
f 604/823/333 616/551/126 617/557/131
f 612/824/334 624/555/129 625/559/133
f 604/823/333 618/561/135 605/826/335
f 612/824/334 626/838/137 613/839/336
f 606/829/337 618/561/135 619/840/138
f 614/830/338 626/564/137 627/541/118
f 606/832/337 620/538/115 607/833/339
f 615/834/340 627/541/118 628/543/120
f 607/833/339 621/545/122 608/835/341
f 394/546/7 615/834/340 628/543/120
f 609/837/342 621/545/122 622/547/14
f 721/841/343 725/842/344 727/843/345
f 722/844/346 725/845/347 724/846/348
f 723/847/349 725/848/350 726/849/351
f 728/850/352 732/851/353 734/852/354
f 729/853/355 732/854/356 731/855/357
f 730/856/358 732/857/359 733/858/360
f 735/859/361 739/860/362 741/861/363
f 736/862/364 739/863/365 738/864/366
f 737/865/367 739/866/368 740/867/369
f 742/868/370 746/869/371 748/870/372
f 743/871/373 746/872/374 745/873/375
f 744/874/376 746/875/377 747/876/378
f 749/877/379 753/878/380 755/879/381
f 750/880/382 753/881/383 752/882/384
f 751/883/385 753/884/386 754/885/387
f 756/886/388 760/887/389 762/888/390
f 757/889/391 760/890/392 759/891/393
f 758/892/394 760/893/395 761/894/396
f 763/895/397 767/896/398 769/897/399
f 764/898/400 767/899/401 766/900/402
f 765/901/403 767/902/404 768/903/405
f 770/904/406 774/905/407 776/906/408
f 771/907/409 774/908/410 773/909/411
f 772/910/412 774/911/413 775/912/414
f 1113/913/343 1117/914/415 1119/915/416
f 1114/916/346 1117/917/347 1116/918/417
f 1115/919/349 1117/920/418 1118/921/419
f 1120/922/352 1124/923/420 1126/924/354
f 1121/925/355 1124/926/356 1123/927/357
f 1122/928/358 1124/929/359 1125/930/360
f 1127/931/361 1131/932/421 1133/933/422
f 1128/934/364 1131/935/365 1130/936/366
f 1129/937/367 1131/938/368 1132/939/369
f 1134/940/370 1138/941/371 1140/942/423
f 1135/943/373 1138/944/424 1137/945/425
f 1136/946/376 1138/947/377 1139/948/426
f 1141/949/379 1145/950/427 1147/951/381
f 1142/952/382 1145/953/428 1144/954/384
f 1143/955/385 1145/956/386 1146/957/387
f 1148/958/388 1152/959/389 1154/960/429
f 1149/961/391 1152/962/430 1151/963/431
f 1150/964/394 1152/965/395 1153/966/432
f 1155/967/397 1159/968/433 1161/969/399
f 1156/970/400 1159/971/401 1158/972/402
f 1157/973/403 1159/974/404 1160/975/405
f 1162/976/406 1166/977/407 1168/978/408
f 1163/979/409 1166/980/410 1165/981/411
f 1164/982/412 1166/983/434 1167/984/414
f 1169/985/343 1173/986/415 1175/987/416
f 1170/988/346 1173/989/347 1172/990/417
f 1171/991/349 1173/992/418 1174/993/419
f 1176/994/352 1180/995/420 1182/996/354
f 1177/997/355 1180/998/356 1179/999/357
f 1178/1000/358 1180/1001/359 1181/1002/360
f 1183/1003/361 1187/1004/421 1189/1005/422
f 1184/1006/364 1187/1007/365 1186/1008/366
f 1185/1009/367 1187/1010/368 1188/1011/369
f 1190/1012/370 1194/1013/371 1196/1014/423
f 1191/1015/373 1194/1016/424 1193/1017/425
f 1192/1018/376 1194/1019/377 1195/1020/426
f 1197/1021/379 1201/1022/427 1203/1023/381
f 1198/1024/382 1201/1025/428 1200/1026/384
f 1199/1027/385 1201/1028/386 1202/1029/387
f 1204/1030/388 1208/1031/389 1210/1032/429
f 1205/1033/391 1208/1034/430 1207/1035/431
f 1206/1036/394 1208/1037/395 1209/1038/432
f 1211/1039/397 1215/1040/433 1217/1041/399
f 1212/1042/400 1215/1043/401 1214/1044/402
f 1213/1045/403 1215/1046/404 1216/1047/405
f 1218/1048/406 1222/1049/407 1224/1050/408
f 1219/1051/409 1222/1052/410 1221/1053/411
f 1220/1054/412 1222/1055/434 1223/1056/414
f 1225/1057/343 1229/1058/415 1231/1059/416
f 1226/1060/346 1229/1061/347 1228/1062/417
f 1227/1063/349 1229/1064/418 1230/1065/419
f 1232/1066/352 1236/1067/420 1238/1068/354
f 1233/1069/355 1236/1070/356 1235/1071/357
f 1234/1072/358 1236/1073/359 1237/1074/360
f 1239/1075/361 1243/1076/421 1245/1077/422
f 1240/1078/364 1243/1079/365 1242/1080/366
f 1241/1081/367 1243/1082/368 1244/1083/369
f 1246/1084/370 1250/1085/371 1252/1086/423
f 1247/1087/373 1250/1088/424 1249/1089/425
f 1248/1090/376 1250/1091/377 1251/1092/426
f 1253/1093/379 1257/1094/427 1259/1095/381
f 1254/1096/382 1257/1097/428 1256/1098/384
f 1255/1099/385 1257/1100/386 1258/1101/387
f 1260/1102/388 1264/1103/389 1266/1104/429
f 1261/1105/391 1264/1106/430 1263/1107/431
f 1262/1108/394 1264/1109/395 1265/1110/432
f 1267/1111/397 1271/1112/433 1273/1113/399
f 1268/1114/400 1271/1115/401 1270/1116/402
f 1269/1117/403 1271/1118/404 1272/1119/405
f 1274/1120/406 1278/1121/407 1280/1122/408
f 1275/1123/409 1278/1124/410 1277/1125/411
f 1276/1126/412 1278/1127/434 1279/1128/414
f 1281/1129/343 1285/1130/415 1287/1131/416
f 1282/1132/346 1285/1133/347 1284/1134/417
f 1283/1135/349 1285/1136/418 1286/1137/419
f 1288/1138/352 1292/1139/420 1294/1140/354
f 1289/1141/355 1292/1142/356 1291/1143/357
f 1290/1144/358 1292/1145/359 1293/1146/360
f 1295/1147/361 1299/1148/421 1301/1149/422
f 1296/1150/364 1299/1151/365 1298/1152/366
f 1297/1153/367 1299/1154/368 1300/1155/369
f 1302/1156/370 1306/1157/371 1308/1158/423
f 1303/1159/373 1306/1160/424 1305/1161/425
f 1304/1162/376 1306/1163/377 1307/1164/426
f 1309/1165/379 1313/1166/427 1315/1167/381
f 1310/1168/382 1313/1169/428 1312/1170/384
f 1311/1171/385 1313/1172/386 1314/1173/387
f 1316/1174/388 1320/1175/389 1322/1176/429
f 1317/1177/391 1320/1178/430 1319/1179/431
f 1318/1180/394 1320/1181/395 1321/1182/432
f 1323/1183/397 1327/1184/433 1329/1185/399
f 1324/1186/400 1327/1187/401 1326/1188/402
f 1325/1189/403 1327/1190/404 1328/1191/405
f 1330/1192/406 1334/1193/407 1336/1194/408
f 1331/1195/409 1334/1196/410 1333/1197/411
f 1332/1198/412 1334/1199/434 1335/1200/414
f 1505/1201/435 1508/1202/436 1507/1203/437
f 1508/1202/436 1506/1204/438 1507/1203/437
f 1518/1205/439 1521/1206/440 1520/1207/441
f 1521/1206/440 1519/1208/442 1520/1207/441
f 1522/1209/443 1525/1210/444 1524/1211/445
f 1525/1210/444 1523/1212/446 1524/1211/445
f 1535/1213/447 1538/1214/448 1537/1215/449
f 1538/1214/448 1536/1216/450 1537/1215/449
f 1539/1217/451 1542/1218/452 1541/1219/453
f 1542/1218/452 1540/1220/454 1541/1219/453
f 1552/1221/455 1555/1222/456 1554/1223/457
f 1555/1222/456 1553/1224/458 1554/1223/457
f 1556/1225/459 1559/1226/460 1558/1227/461
f 1559/1226/460 1557/1228/462 1558/1227/461
f 1569/1229/463 1572/1230/464 1571/1231/465
f 1572/1230/464 1570/1232/466 1571/1231/465
f 1573/1233/467 1576/1234/468 1575/1235/469
f 1576/1234/468 1574/1236/470 1575/1235/469
f 1586/1237/471 1589/1238/472 1588/1239/473
f 1589/1238/472 1587/1240/474 1588/1239/473
f 1590/1241/475 1593/1242/476 1592/1243/477
f 1593/1242/476 1591/1244/478 1592/1243/477
f 1603/1245/479 1606/1246/480 1605/1247/481
f 1606/1246/480 1604/1248/482 1605/1247/481
f 1607/1249/483 1610/1250/484 1609/1251/485
f 1610/1250/484 1608/1252/486 1609/1251/485
f 1620/1253/487 1623/1254/488 1622/1255/489
f 1623/1254/488 1621/1256/490 1622/1255/489
f 1624/1257/491 1627/1258/492 1626/1259/493
f 1627/1258/492 1625/1260/494 1626/1259/493
f 1637/1261/495 1640/1262/496 1639/1263/497
f 1640/1262/496 1638/1264/498 1639/1263/497
f 1641/1265/499 1644/1266/500 1643/1267/501
f 1644/1266/500 1642/1268/502 1643/1267/501
f 1654/1269/503 1657/1270/504 1656/1271/505
f 1657/1270/504 1655/1272/506 1656/1271/505
f 1658/1273/507 1661/1274/508 1660/1275/509
f 1661/1274/508 1659/1276/510 1660/1275/509
f 1671/1277/511 1674/1278/512 1673/1279/513
f 1674/1278/512 1672/1280/514 1673/1279/513
f 1675/1281/435 1678/1282/436 1677/1283/437
f 1678/1282/436 1676/1284/438 1677/1283/437
f 1688/1285/439 1691/1286/440 1690/1287/441
f 1691/1286/440 1689/1288/442 1690/1287/441
f 1692/1289/515 1695/1290/444 1694/1291/445
f 1695/1290/444 1693/1292/446 1694/1291/445
f 1705/1293/447 1708/1294/448 1707/1295/449
f 1708/1294/448 1706/1296/450 1707/1295/449
f 1709/1297/451 1712/1298/452 1711/1299/453
f 1712/1298/452 1710/1300/454 1711/1299/453
f 1722/1301/455 1725/1302/456 1724/1303/457
f 1725/1302/456 1723/1304/458 1724/1303/457
f 1726/1305/459 1729/1306/460 1728/1307/461
f 1729/1306/460 1727/1308/462 1728/1307/461
f 1739/1309/463 1742/1310/464 1741/1311/465
f 1742/1310/464 1740/1312/466 1741/1311/465
f 1743/1313/467 1746/1314/468 1745/1315/469
f 1746/1314/468 1744/1316/470 1745/1315/469
f 1756/1317/471 1759/1318/472 1758/1319/473
f 1759/1318/472 1757/1320/474 1758/1319/473
f 1760/1321/475 1763/1322/476 1762/1323/477
f 1763/1322/476 1761/1324/478 1762/1323/477
f 1773/1325/479 1776/1326/480 1775/1327/481
f 1776/1326/480 1774/1328/482 1775/1327/481
f 1777/1329/483 1780/1330/484 1779/1331/485
f 1780/1330/484 1778/1332/486 1779/1331/485
f 1790/1333/487 1793/1334/488 1792/1335/489
f 1793/1334/488 1791/1336/490 1792/1335/489
f 1794/1337/491 1797/1338/492 1796/1339/493
f 1797/1338/492 1795/1340/516 1796/1339/493
f 1807/1341/495 1810/1342/496 1809/1343/497
f 1810/1342/496 1808/1344/498 1809/1343/497
f 1811/1345/499 1814/1346/500 1813/1347/501
f 1814/1346/500 1812/1348/502 1813/1347/501
f 1824/1349/503 1827/1350/504 1826/1351/505
f 1827/1350/504 1825/1352/506 1826/1351/505
f 1828/1353/507 1831/1354/508 1830/1355/509
f 1831/1354/508 1829/1356/510 1830/1355/509
f 1841/1357/511 1844/1358/512 1843/1359/513
f 1844/1358/512 1842/1360/514 1843/1359/513
f 2016/1361/517 2019/1362/518 2018/1363/519
f 2019/1364/518 2017/1365/520 2018/1366/519
f 2023/1367/521 2026/1368/522 2025/1369/523
f 2026/1370/522 2024/1371/524 2025/1372/523
f 2033/1373/525 2036/1374/526 2035/1375/527
f 2036/1374/526 2034/1376/528 2035/1375/527
f 2040/1377/529 2043/1378/530 2042/1379/531
f 2043/1378/530 2041/1380/532 2042/1379/531
f 2050/1381/533 2053/1382/534 2052/1383/535
f 2053/1382/534 2051/1384/536 2052/1383/535
f 2057/1385/537 2060/1386/538 2059/1387/539
f 2060/1386/538 2058/1388/540 2059/1387/539
f 2067/1389/541 2070/1390/542 2069/1391/543
f 2070/1392/542 2068/1393/544 2069/1394/543
f 2074/1395/545 2077/1396/546 2076/1397/547
f 2077/1398/546 2075/1399/548 2076/1400/547
f 2084/1401/549 2087/1402/550 2086/1403/551
f 2087/1402/550 2085/1404/552 2086/1403/551
f 2091/1405/553 2094/1406/554 2093/1407/555
f 2094/1406/554 2092/1408/556 2093/1407/555
f 2101/1409/557 2104/1410/558 2103/1411/559
f 2104/1412/558 2102/1413/560 2103/1414/559
f 2108/1415/561 2111/1416/562 2110/1417/563
f 2111/1418/562 2109/1419/564 2110/1420/563
f 2118/1421/565 2121/1422/566 2120/1423/567
f 2121/1422/566 2119/1424/568 2120/1423/567
f 2125/1425/569 2128/1426/570 2127/1427/571
f 2128/1426/570 2126/1428/572 2127/1427/571
f 2135/1429/573 2138/1430/574 2137/1431/575
f 2138/1430/574 2136/1432/576 2137/1431/575
f 2142/1433/577 2145/1434/578 2144/1435/579
f 2145/1434/578 2143/1436/580 2144/1435/579
f 2152/1437/581 2155/1438/582 2154/1439/583
f 2155/1440/582 2153/1441/584 2154/1442/583
f 2159/1443/585 2162/1444/586 2161/1445/587
f 2162/1446/586 2160/1447/588 2161/1448/587
f 2169/1449/589 2172/1450/590 2171/1451/591
f 2172/1450/590 2170/1452/592 2171/1451/591
f 2176/1453/593 2179/1454/594 2178/1455/595
f 2179/1454/594 2177/1456/596 2178/1455/595
f 2186/1457/517 2189/1458/518 2188/1459/519
f 2189/1460/518 2187/1461/520 2188/1462/519
f 2193/1463/521 2196/1464/522 2195/1465/523
f 2196/1466/522 2194/1467/524 2195/1468/523
f 2203/1469/525 2206/1470/526 2205/1471/527
f 2206/1470/526 2204/1472/528 2205/1471/527
f 2210/1473/529 2213/1474/530 2212/1475/531
f 2213/1474/530 2211/1476/532 2212/1475/531
f 2220/1477/533 2223/1478/534 2222/1479/535
f 2223/1478/534 2221/1480/536 2222/1479/535
f 2227/1481/537 2230/1482/538 2229/1483/539
f 2230/1482/538 2228/1484/540 2229/1483/539
f 2237/1485/541 2240/1486/542 2239/1487/543
f 2240/1488/542 2238/1489/544 2239/1490/543
f 2244/1491/545 2247/1492/546 2246/1493/547
f 2247/1494/546 2245/1495/548 2246/1496/547
f 2254/1497/549 2257/1498/550 2256/1499/551
f 2257/1498/550 2255/1500/552 2256/1499/551
f 2261/1501/553 2264/1502/554 2263/1503/597
f 2264/1502/554 2262/1504/556 2263/1503/597
f 2271/1505/557 2274/1506/558 2273/1507/559
f 2274/1508/558 2272/1509/560 2273/1510/559
f 2278/1511/561 2281/1512/562 2280/1513/563
f 2281/1514/562 2279/1515/564 2280/1516/563
f 2288/1517/565 2291/1518/566 2290/1519/567
f 2291/1518/566 2289/1520/568 2290/1519/567
f 2295/1521/569 2298/1522/570 2297/1523/571
f 2298/1522/570 2296/1524/572 2297/1523/571
f 2305/1525/573 2308/1526/574 2307/1527/575
f 2308/1526/574 2306/1528/576 2307/1527/575
f 2312/1529/577 2315/1530/578 2314/1531/598
f 2315/1530/578 2313/1532/580 2314/1531/598
f 2322/1533/581 2325/1534/582 2324/1535/583
f 2325/1536/582 2323/1537/584 2324/1538/583
f 2329/1539/585 2332/1540/586 2331/1541/587
f 2332/1542/586 2330/1543/588 2331/1544/587
f 2339/1545/589 2342/1546/590 2341/1547/599
f 2342/1546/590 2340/1548/592 2341/1547/599
f 2346/1549/593 2349/1550/594 2348/1551/595
f 2349/1550/594 2347/1552/596 2348/1551/595
f 2353/1553/343 2357/1554/344 2359/1555/416
f 2354/1556/346 2357/1557/600 2356/1558/417
f 2355/1559/349 2357/1560/418 2358/1561/419
f 2360/1562/352 2364/1563/601 2366/1564/354
f 2361/1565/355 2364/1566/356 2363/1567/357
f 2362/1568/358 2364/1569/602 2365/1570/360
f 2367/1571/361 2371/1572/603 2373/1573/422
f 2368/1574/364 2371/1575/604 2370/1576/605
f 2369/1577/367 2371/1578/368 2372/1579/369
f 2374/1580/370 2378/1581/371 2380/1582/423
f 2375/1583/373 2378/1584/424 2377/1585/425
f 2376/1586/376 2378/1587/377 2379/1588/426
f 2381/1589/379 2385/1590/380 2387/1591/606
f 2382/1592/382 2385/1593/428 2384/1594/384
f 2383/1595/385 2385/1596/607 2386/1597/387
f 2388/1598/388 2392/1599/389 2394/1600/429
f 2389/1601/391 2392/1602/608 2391/1603/431
f 2390/1604/394 2392/1605/609 2393/1606/432
f 2395/1607/397 2399/1608/610 2401/1609/611
f 2396/1610/400 2399/1611/401 2398/1612/402
f 2397/1613/403 2399/1614/612 2400/1615/405
f 2402/1616/406 2406/1617/407 2408/1618/408
f 2403/1619/409 2406/1620/410 2405/1621/411
f 2404/1622/412 2406/1623/434 2407/1624/414
f 2409/1625/343 2413/1626/613 2415/1627/416
f 2410/1628/346 2413/1629/600 2412/1630/417
f 2411/1631/349 2413/1632/418 2414/1633/419
f 2416/1634/352 2420/1635/420 2422/1636/354
f 2417/1637/355 2420/1638/356 2419/1639/357
f 2418/1640/358 2420/1641/614 2421/1642/615
f 2423/1643/361 2427/1644/362 2429/1645/422
f 2424/1646/364 2427/1647/616 2426/1648/617
f 2425/1649/367 2427/1650/368 2428/1651/369
f 2430/1652/370 2434/1653/371 2436/1654/423
f 2431/1655/373 2434/1656/424 2433/1657/425
f 2432/1658/376 2434/1659/377 2435/1660/426
f 2437/1661/379 2441/1662/618 2443/1663/606
f 2438/1664/382 2441/1665/619 2440/1666/384
f 2439/1667/385 2441/1668/607 2442/1669/387
f 2444/1670/388 2448/1671/389 2450/1672/429
f 2445/1673/391 2448/1674/608 2447/1675/431
f 2446/1676/394 2448/1677/620 2449/1678/432
f 2451/1679/397 2455/1680/398 2457/1681/399
f 2452/1682/400 2455/1683/401 2454/1684/402
f 2453/1685/403 2455/1686/621 2456/1687/405
f 2458/1688/406 2462/1689/407 2464/1690/408
f 2459/1691/409 2462/1692/622 2461/1693/411
f 2460/1694/412 2462/1695/434 2463/1696/414
f 2465/1697/343 2469/1698/613 2471/1699/416
f 2466/1700/346 2469/1701/600 2468/1702/417
f 2467/1703/349 2469/1704/418 2470/1705/419
f 2472/1706/352 2476/1707/601 2478/1708/354
f 2473/1709/355 2476/1710/356 2475/1711/357
f 2474/1712/358 2476/1713/602 2477/1714/360
f 2479/1715/361 2483/1716/603 2485/1717/422
f 2480/1718/364 2483/1719/623 2482/1720/605
f 2481/1721/367 2483/1722/368 2484/1723/369
f 2486/1724/370 2490/1725/371 2492/1726/423
f 2487/1727/373 2490/1728/424 2489/1729/425
f 2488/1730/376 2490/1731/377 2491/1732/426
f 2493/1733/379 2497/1734/380 2499/1735/606
f 2494/1736/382 2497/1737/428 2496/1738/384
f 2495/1739/385 2497/1740/607 2498/1741/387
f 2500/1742/388 2504/1743/389 2506/1744/429
f 2501/1745/391 2504/1746/430 2503/1747/431
f 2502/1748/394 2504/1749/609 2505/1750/432
f 2507/1751/397 2511/1752/398 2513/1753/611
f 2508/1754/400 2511/1755/401 2510/1756/402
f 2509/1757/403 2511/1758/612 2512/1759/405
f 2514/1760/406 2518/1761/407 2520/1762/408
f 2515/1763/409 2518/1764/410 2517/1765/411
f 2516/1766/412 2518/1767/434 2519/1768/414
f 2521/1769/343 2525/1770/344 2527/1771/416
f 2522/1772/346 2525/1773/600 2524/1774/417
f 2523/1775/349 2525/1776/418 2526/1777/419
f 2528/1778/352 2532/1779/420 2534/1780/354
f 2529/1781/355 2532/1782/356 2531/1783/357
f 2530/1784/358 2532/1785/602 2533/1786/360
f 2535/1787/361 2539/1788/362 2541/1789/422
f 2536/1790/364 2539/1791/365 2538/1792/366
f 2537/1793/367 2539/1794/368 2540/1795/369
f 2542/1796/370 2546/1797/371 2548/1798/423
f 2543/1799/373 2546/1800/424 2545/1801/425
f 2544/1802/376 2546/1803/377 2547/1804/426
f 2549/1805/379 2553/1806/380 2555/1807/606
f 2550/1808/382 2553/1809/619 2552/1810/384
f 2551/1811/385 2553/1812/607 2554/1813/387
f 2556/1814/388 2560/1815/389 2562/1816/429
f 2557/1817/391 2560/1818/608 2559/1819/431
f 2558/1820/394 2560/1821/620 2561/1822/432
f 2563/1823/397 2567/1824/610 2569/1825/611
f 2564/1826/400 2567/1827/624 2566/1828/402
f 2565/1829/403 2567/1830/621 2568/1831/405
f 2570/1832/406 2574/1833/407 2576/1834/408
f 2571/1835/409 2574/1836/622 2573/1837/411
f 2572/1838/412 2574/1839/434 2575/1840/414
f 2577/1841/343 2581/1842/344 2583/1843/416
f 2578/1844/346 2581/1845/600 2580/1846/417
f 2579/1847/349 2581/1848/625 2582/1849/419
f 2584/1850/352 2588/1851/601 2590/1852/354
f 2585/1853/355 2588/1854/356 2587/1855/357
f 2586/1856/358 2588/1857/626 2589/1858/615
f 2591/1859/361 2595/1860/603 2597/1861/422
f 2592/1862/364 2595/1863/616 2594/1864/366
f 2593/1865/367 2595/1866/627 2596/1867/369
f 2598/1868/370 2602/1869/371 2604/1870/423
f 2599/1871/373 2602/1872/424 2601/1873/425
f 2600/1874/376 2602/1875/628 2603/1876/426
f 2605/1877/379 2609/1878/380 2611/1879/606
f 2606/1880/382 2609/1881/428 2608/1882/384
f 2607/1883/385 2609/1884/607 2610/1885/387
f 2612/1886/388 2616/1887/389 2618/1888/429
f 2613/1889/391 2616/1890/430 2615/1891/431
f 2614/1892/394 2616/1893/609 2617/1894/432
f 2619/1895/397 2623/1896/398 2625/1897/611
f 2620/1898/400 2623/1899/401 2622/1900/402
f 2621/1901/403 2623/1902/404 2624/1903/405
f 2626/1904/406 2630/1905/407 2632/1906/408
f 2627/1907/409 2630/1908/410 2629/1909/411
f 2628/1910/412 2630/1911/434 2631/1912/414
f 2633/1913/343 2637/1914/344 2639/1915/416
f 2634/1916/346 2637/1917/600 2636/1918/417
f 2635/1919/349 2637/1920/418 2638/1921/419
f 2640/1922/352 2644/1923/420 2646/1924/354
f 2641/1925/355 2644/1926/356 2643/1927/357
f 2642/1928/358 2644/1929/602 2645/1930/615
f 2647/1931/361 2651/1932/362 2653/1933/422
f 2648/1934/364 2651/1935/623 2650/1936/366
f 2649/1937/367 2651/1938/368 2652/1939/369
f 2654/1940/370 2658/1941/371 2660/1942/423
f 2655/1943/373 2658/1944/424 2657/1945/425
f 2656/1946/376 2658/1947/377 2659/1948/426
f 2661/1949/379 2665/1950/380 2667/1951/606
f 2662/1952/382 2665/1953/383 2664/1954/384
f 2663/1955/385 2665/1956/607 2666/1957/387
f 2668/1958/388 2672/1959/389 2674/1960/429
f 2669/1961/391 2672/1962/608 2671/1963/431
f 2670/1964/394 2672/1965/609 2673/1966/432
f 2675/1967/397 2679/1968/398 2681/1969/399
f 2676/1970/400 2679/1971/401 2678/1972/402
f 2677/1973/403 2679/1974/404 2680/1975/405
f 2682/1976/406 2686/1977/407 2688/1978/408
f 2683/1979/409 2686/1980/629 2685/1981/411
f 2684/1982/412 2686/1983/434 2687/1984/414
f 2689/1985/343 2693/1986/613 2695/1987/416
f 2690/1988/346 2693/1989/600 2692/1990/417
f 2691/1991/349 2693/1992/625 2694/1993/419
f 2696/1994/352 2700/1995/601 2702/1996/354
f 2697/1997/355 2700/1998/356 2699/1999/357
f 2698/2000/358 2700/2001/626 2701/2002/615
f 2703/2003/361 2707/2004/362 2709/2005/422
f 2704/2006/364 2707/2007/616 2706/2008/366
f 2705/2009/367 2707/2010/368 2708/2011/369
f 2710/2012/370 2714/2013/371 2716/2014/423
f 2711/2015/373 2714/2016/424 2713/2017/425
f 2712/2018/376 2714/2019/628 2715/2020/426
f 2717/2021/379 2721/2022/618 2723/2023/606
f 2718/2024/382 2721/2025/428 2720/2026/630
f 2719/2027/385 2721/2028/607 2722/2029/387
f 2724/2030/388 2728/2031/389 2730/2032/429
f 2725/2033/391 2728/2034/430 2727/2035/431
f 2726/2036/394 2728/2037/631 2729/2038/432
f 2731/2039/397 2735/2040/398 2737/2041/399
f 2732/2042/400 2735/2043/401 2734/2044/402
f 2733/2045/403 2735/2046/621 2736/2047/405
f 2738/2048/406 2742/2049/407 2744/2050/408
f 2739/2051/409 2742/2052/410 2741/2053/632
f 2740/2054/412 2742/2055/434 2743/2056/414
f 2745/2057/343 2749/2058/344 2751/2059/416
f 2746/2060/346 2749/2061/600 2748/2062/417
f 2747/2063/349 2749/2064/418 2750/2065/419
f 2752/2066/352 2756/2067/601 2758/2068/354
f 2753/2069/355 2756/2070/356 2755/2071/357
f 2754/2072/358 2756/2073/602 2757/2074/360
f 2759/2075/361 2763/2076/603 2765/2077/422
f 2760/2078/364 2763/2079/623 2762/2080/366
f 2761/2081/367 2763/2082/368 2764/2083/369
f 2766/2084/370 2770/2085/371 2772/2086/423
f 2767/2087/373 2770/2088/424 2769/2089/425
f 2768/2090/376 2770/2091/377 2771/2092/426
f 2773/2093/379 2777/2094/380 2779/2095/606
f 2774/2096/382 2777/2097/633 2776/2098/384
f 2775/2099/385 2777/2100/607 2778/2101/387
f 2780/2102/388 2784/2103/389 2786/2104/429
f 2781/2105/391 2784/2106/608 2783/2107/431
f 2782/2108/394 2784/2109/609 2785/2110/432
f 2787/2111/397 2791/2112/610 2793/2113/611
f 2788/2114/400 2791/2115/401 2790/2116/402
f 2789/2117/403 2791/2118/404 2792/2119/405
f 2794/2120/406 2798/2121/407 2800/2122/408
f 2795/2123/409 2798/2124/629 2797/2125/411
f 2796/2126/412 2798/2127/434 2799/2128/414
f 2801/2129/634 2805/2130/635 2807/2131/636
f 2806/2132/637 2804/2133/638 2802/2134/639
f 2807/2135/640 2806/2132/637 2803/2136/641
f 2808/2137/642 2812/2138/643 2814/2139/644
f 2813/2140/645 2811/2141/646 2809/2142/647
f 2814/2143/648 2813/2140/645 2810/2144/649
f 2815/2145/650 2819/2146/651 2821/2147/652
f 2820/2148/653 2818/2149/654 2816/2150/655
f 2821/2151/656 2820/2148/653 2817/2152/657
f 2822/2153/658 2826/2154/659 2828/2155/660
f 2827/2156/661 2825/2157/662 2823/2158/663
f 2828/2159/664 2827/2156/661 2824/2160/665
f 2829/2161/666 2833/2162/667 2835/2163/668
f 2834/2164/669 2832/2165/670 2830/2166/671
f 2835/2167/672 2834/2164/669 2831/2168/673
f 2836/2169/674 2840/2170/675 2842/2171/676
f 2841/2172/677 2839/2173/678 2837/2174/679
f 2842/2175/680 2841/2172/677 2838/2176/681
f 2843/2177/682 2847/2178/683 2849/2179/684
f 2848/2180/685 2846/2181/686 2844/2182/687
f 2849/2183/688 2848/2180/685 2845/2184/689
f 2850/2185/690 2854/2186/691 2856/2187/692
f 2855/2188/693 2853/2189/694 2851/2190/695
f 2856/2191/696 2855/2188/693 2852/2192/697
f 2857/2193/698 2861/2194/699 2863/2195/700
f 2862/2196/701 2860/2197/702 2858/2198/703
f 2863/2199/704 2862/2196/701 2859/2200/705
f 2864/2201/706 2868/2202/707 2870/2203/708
f 2869/2204/709 2867/2205/710 2865/2206/711
f 2870/2207/712 2869/2204/709 2866/2208/713
f 2871/2209/714 2875/2210/715 2877/2211/716
f 2876/2212/717 2874/2213/718 2872/2214/719
f 2877/2215/720 2876/2212/717 2873/2216/721
f 2878/2217/722 2882/2218/723 2884/2219/724
f 2883/2220/725 2881/2221/726 2879/2222/727
f 2884/2223/728 2883/2220/725 2880/2224/729
f 2885/2225/730 2889/2226/731 2891/2227/732
f 2890/2228/733 2888/2229/734 2886/2230/735
f 2891/2231/736 2890/2228/733 2887/2232/737
f 2892/2233/738 2896/2234/739 2898/2235/740
f 2897/2236/741 2895/2237/742 2893/2238/743
f 2898/2239/744 2897/2236/741 2894/2240/745
f 2899/2241/746 2903/2242/747 2905/2243/748
f 2904/2244/749 2902/2245/750 2900/2246/751
f 2905/2247/752 2904/2244/749 2901/2248/753
f 2906/2249/754 2910/2250/755 2912/2251/756
f 2911/2252/757 2909/2253/758 2907/2254/759
f 2912/2255/760 2911/2252/757 2908/2256/761
f 2913/2257/762 2917/2258/763 2919/2259/764
f 2918/2260/765 2916/2261/766 2914/2262/767
f 2919/2263/768 2918/2260/765 2915/2264/769
f 2920/2265/770 2924/2266/771 2926/2267/772
f 2925/2268/773 2923/2269/774 2921/2270/775
f 2926/2271/776 2925/2268/773 2922/2272/777
f 2927/2273/778 2931/2274/779 2933/2275/780
f 2932/2276/781 2930/2277/782 2928/2278/783
f 2933/2279/784 2932/2276/781 2929/2280/785
f 2934/2281/786 2938/2282/787 2940/2283/788
f 2939/2284/789 2937/2285/790 2935/2286/791
f 2940/2287/792 2939/2284/789 2936/2288/793
f 2941/2289/794 2945/2290/795 2947/2291/796
f 2946/2292/797 2944/2293/798 2942/2294/799
f 2947/2295/800 2946/2292/797 2943/2296/801
f 2948/2297/802 2952/2298/803 2954/2299/804
f 2953/2300/805 2951/2301/806 2949/2302/807
f 2954/2303/808 2953/2300/805 2950/2304/809
f 2955/2305/810 2959/2306/811 2961/2307/812
f 2960/2308/813 2958/2309/814 2956/2310/815
f 2961/2311/816 2960/2308/813 2957/2312/817
f 2962/2313/818 2966/2314/819 2968/2315/820
f 2967/2316/821 2965/2317/822 2963/2318/823
f 2968/2319/824 2967/2316/821 2964/2320/825
f 2969/2321/343 2973/2322/613 2975/2323/826
f 2970/2324/346 2973/2325/347 2972/2326/417
f 2971/2327/349 2973/2328/827 2974/2329/351
f 2976/2330/352 2980/2331/420 2982/2332/354
f 2977/2333/355 2980/2334/828 2979/2335/357
f 2978/2336/358 2980/2337/614 2981/2338/615
f 2983/2339/361 2987/2340/421 2989/2341/363
f 2984/2342/364 2987/2343/604 2986/2344/617
f 2985/2345/367 2987/2346/368 2988/2347/369
f 2990/2348/370 2994/2349/829 2996/2350/830
f 2991/2351/373 2994/2352/424 2993/2353/425
f 2992/2354/376 2994/2355/831 2995/2356/378
f 2997/2357/379 3001/2358/618 3003/2359/381
f 2998/2360/382 3001/2361/633 3000/2362/630
f 2999/2363/385 3001/2364/386 3002/2365/387
f 3004/2366/388 3008/2367/832 3010/2368/833
f 3005/2369/391 3008/2370/430 3007/2371/431
f 3006/2372/394 3008/2373/631 3009/2374/432
f 3011/2375/397 3015/2376/433 3017/2377/834
f 3012/2378/400 3015/2379/401 3014/2380/402
f 3013/2381/403 3015/2382/835 3016/2383/836
f 3018/2384/406 3022/2385/837 3024/2386/838
f 3019/2387/409 3022/2388/839 3021/2389/632
f 3020/2390/412 3022/2391/434 3023/2392/840
f 3025/2393/343 3029/2394/841 3031/2395/826
f 3026/2396/346 3029/2397/842 3028/2398/348
f 3027/2399/349 3029/2400/625 3030/2401/351
f 3032/2402/352 3036/2403/420 3038/2404/354
f 3033/2405/355 3036/2406/843 3035/2407/844
f 3034/2408/358 3036/2409/359 3037/2410/615
f 3039/2411/361 3043/2412/845 3045/2413/363
f 3040/2414/364 3043/2415/604 3042/2416/366
f 3041/2417/367 3043/2418/627 3044/2419/369
f 3046/2420/370 3050/2421/829 3052/2422/830
f 3047/2423/373 3050/2424/424 3049/2425/425
f 3048/2426/376 3050/2427/831 3051/2428/426
f 3053/2429/379 3057/2430/846 3059/2431/606
f 3054/2432/382 3057/2433/619 3056/2434/384
f 3055/2435/385 3057/2436/847 3058/2437/387
f 3060/2438/388 3064/2439/848 3066/2440/833
f 3061/2441/391 3064/2442/430 3063/2443/431
f 3062/2444/394 3064/2445/395 3065/2446/432
f 3067/2447/397 3071/2448/849 3073/2449/834
f 3068/2450/400 3071/2451/624 3070/2452/850
f 3069/2453/403 3071/2454/835 3072/2455/405
f 3074/2456/406 3078/2457/837 3080/2458/838
f 3075/2459/409 3078/2460/839 3077/2461/632
f 3076/2462/412 3078/2463/434 3079/2464/414
f 3081/2465/851 3085/2466/852 3087/2467/853
f 3082/2468/854 3085/2466/852 3084/2469/855
f 3083/2470/856 3085/2466/852 3086/2471/857
f 3097/2472/858 3101/2473/859 3103/2474/860
f 3098/2475/861 3101/2473/859 3100/2476/862
f 3099/2477/863 3101/2473/859 3102/2478/864
f 3104/2479/865 3108/2480/866 3110/2481/867
f 3105/2482/868 3108/2480/866 3107/2483/869
f 3106/2484/870 3108/2480/866 3109/2485/871
f 3120/2486/872 3124/2487/873 3126/2488/874
f 3121/2489/875 3124/2487/873 3123/2490/876
f 3122/2491/877 3124/2487/873 3125/2492/878
f 3127/2493/879 3131/2494/880 3133/2495/881
f 3128/2496/882 3131/2494/880 3130/2497/883
f 3129/2498/884 3131/2494/880 3132/2499/885
f 3143/2500/886 3147/2501/887 3149/2502/888
f 3144/2503/889 3147/2501/887 3146/2504/890
f 3145/2505/891 3147/2501/887 3148/2506/892
f 3150/2507/893 3154/2508/894 3156/2509/895
f 3151/2510/896 3154/2508/894 3153/2511/897
f 3152/2512/898 3154/2508/894 3155/2513/899
f 3166/2514/900 3170/2515/901 3172/2516/902
f 3167/2517/903 3170/2515/901 3169/2518/904
f 3168/2519/905 3170/2515/901 3171/2520/906
f 3173/2521/907 3177/2522/908 3179/2523/909
f 3174/2524/910 3177/2522/908 3176/2525/911
f 3175/2526/912 3177/2522/908 3178/2527/913
f 3189/2528/914 3193/2529/915 3195/2530/916
f 3190/2531/917 3193/2529/915 3192/2532/918
f 3191/2533/919 3193/2529/915 3194/2534/920
f 3196/2535/921 3200/2536/922 3202/2537/923
f 3197/2538/924 3200/2536/922 3199/2539/925
f 3198/2540/926 3200/2536/922 3201/2541/927
f 3212/2542/928 3216/2543/929 3218/2544/930
f 3213/2545/931 3216/2543/929 3215/2546/932
f 3214/2547/933 3216/2543/929 3217/2548/934
f 3219/2549/935 3223/2550/936 3225/2551/937
f 3220/2552/938 3223/2550/936 3222/2553/939
f 3221/2554/940 3223/2550/936 3224/2555/941
f 3235/2556/942 3239/2557/943 3241/2558/944
f 3236/2559/945 3239/2557/943 3238/2560/946
f 3237/2561/947 3239/2557/943 3240/2562/948
f 3242/2563/949 3246/2564/950 3248/2565/951
f 3243/2566/952 3246/2564/950 3245/2567/953
f 3244/2568/954 3246/2564/950 3247/2569/955
f 3258/2570/956 3262/2571/957 3264/2572/958
f 3259/2573/959 3262/2571/957 3261/2574/960
f 3260/2575/961 3262/2571/957 3263/2576/962
f 3265/2577/851 3269/2578/852 3271/2579/853
f 3266/2580/854 3269/2578/852 3268/2581/855
f 3267/2582/856 3269/2578/852 3270/2583/857
f 3281/2584/858 3285/2585/859 3287/2586/860
f 3282/2587/861 3285/2585/859 3284/2588/862
f 3283/2589/863 3285/2585/859 3286/2590/864
f 3288/2591/865 3292/2592/866 3294/2593/867
f 3289/2594/868 3292/2592/866 3291/2595/869
f 3290/2596/870 3292/2592/866 3293/2597/871
f 3304/2598/872 3308/2599/873 3310/2600/874
f 3305/2601/875 3308/2599/873 3307/2602/876
f 3306/2603/877 3308/2599/873 3309/2604/878
f 3311/2605/963 3315/2606/880 3317/2607/881
f 3312/2608/882 3315/2606/880 3314/2609/883
f 3313/2610/884 3315/2606/880 3316/2611/885
f 3327/2612/886 3331/2613/887 3333/2614/888
f 3328/2615/889 3331/2613/887 3330/2616/890
f 3329/2617/891 3331/2613/887 3332/2618/892
f 3334/2619/964 3338/2620/894 3340/2621/895
f 3335/2622/896 3338/2620/894 3337/2623/897
f 3336/2624/898 3338/2620/894 3339/2625/899
f 3350/2626/900 3354/2627/901 3356/2628/902
f 3351/2629/965 3354/2627/901 3353/2630/904
f 3352/2631/905 3354/2627/901 3355/2632/906
f 3357/2633/966 3361/2634/908 3363/2635/909
f 3358/2636/967 3361/2634/908 3360/2637/911
f 3359/2638/912 3361/2634/908 3362/2639/913
f 3373/2640/968 3377/2641/915 3379/2642/916
f 3374/2643/917 3377/2641/915 3376/2644/918
f 3375/2645/919 3377/2641/915 3378/2646/920
f 3380/2647/921 3384/2648/922 3386/2649/923
f 3381/2650/924 3384/2648/922 3383/2651/925
f 3382/2652/926 3384/2648/922 3385/2653/927
f 3396/2654/969 3400/2655/929 3402/2656/930
f 3397/2657/931 3400/2655/929 3399/2658/970
f 3398/2659/971 3400/2655/929 3401/2660/934
f 3403/2661/972 3407/2662/936 3409/2663/937
f 3404/2664/973 3407/2662/936 3406/2665/939
f 3405/2666/940 3407/2662/936 3408/2667/941
f 3419/2668/974 3423/2669/943 3425/2670/944
f 3420/2671/945 3423/2669/943 3422/2672/946
f 3421/2673/947 3423/2669/943 3424/2674/948
f 3426/2675/949 3430/2676/950 3432/2677/951
f 3427/2678/975 3430/2676/950 3429/2679/953
f 3428/2680/954 3430/2676/950 3431/2681/955
f 3442/2682/956 3446/2683/957 3448/2684/958
f 3443/2685/959 3446/2683/957 3445/2686/960
f 3444/2687/976 3446/2683/957 3447/2688/962
f 3449/2689/343 3453/2690/415 3455/2691/977
f 3450/2692/346 3453/2693/347 3452/2694/348
f 3451/2695/349 3453/2696/418 3454/2697/351
f 3456/2698/352 3460/2699/420 3462/2700/354
f 3457/2701/355 3460/2702/978 3459/2703/357
f 3458/2704/358 3460/2705/359 3461/2706/615
f 3463/2707/361 3467/2708/421 3469/2709/363
f 3464/2710/364 3467/2711/365 3466/2712/366
f 3465/2713/367 3467/2714/368 3468/2715/979
f 3470/2716/370 3474/2717/829 3476/2718/830
f 3471/2719/373 3474/2720/424 3473/2721/425
f 3472/2722/376 3474/2723/628 3475/2724/426
f 3477/2725/379 3481/2726/427 3483/2727/606
f 3478/2728/382 3481/2729/428 3480/2730/384
f 3479/2731/385 3481/2732/386 3482/2733/980
f 3484/2734/388 3488/2735/981 3490/2736/833
f 3485/2737/391 3488/2738/430 3487/2739/431
f 3486/2740/394 3488/2741/395 3489/2742/432
f 3491/2743/397 3495/2744/433 3497/2745/834
f 3492/2746/400 3495/2747/401 3494/2748/850
f 3493/2749/403 3495/2750/404 3496/2751/405
f 3498/2752/406 3502/2753/837 3504/2754/408
f 3499/2755/409 3502/2756/622 3501/2757/632
f 3500/2758/412 3502/2759/434 3503/2760/414
f 3505/2761/343 3509/2762/841 3511/2763/826
f 3506/2764/346 3509/2765/347 3508/2766/417
f 3507/2767/349 3509/2768/625 3510/2769/419
f 3512/2770/352 3516/2771/353 3518/2772/354
f 3513/2773/355 3516/2774/843 3515/2775/844
f 3514/2776/358 3516/2777/626 3517/2778/360
f 3519/2779/361 3523/2780/603 3525/2781/422
f 3520/2782/364 3523/2783/604 3522/2784/617
f 3521/2785/367 3523/2786/627 3524/2787/369
f 3526/2788/370 3530/2789/982 3532/2790/830
f 3527/2791/373 3530/2792/374 3529/2793/375
f 3528/2794/376 3530/2795/628 3531/2796/426
f 3533/2797/379 3537/2798/846 3539/2799/381
f 3534/2800/382 3537/2801/619 3536/2802/384
f 3535/2803/385 3537/2804/386 3538/2805/387
f 3540/2806/388 3544/2807/848 3546/2808/833
f 3541/2809/391 3544/2810/392 3543/2811/431
f 3542/2812/394 3544/2813/620 3545/2814/432
f 3547/2815/397 3551/2816/610 3553/2817/983
f 3548/2818/400 3551/2819/624 3550/2820/850
f 3549/2821/403 3551/2822/835 3552/2823/405
f 3554/2824/406 3558/2825/984 3560/2826/408
f 3555/2827/409 3558/2828/622 3557/2829/411
f 3556/2830/412 3558/2831/413 3559/2832/414
f 3561/2833/985 3565/2834/852 3567/2835/857
f 3562/2836/986 3565/2834/852 3564/2837/853
f 3563/2838/854 3565/2834/852 3566/2839/855
f 3571/2840/987 3575/2841/859 3577/2842/862
f 3572/2843/863 3575/2841/859 3574/2844/988
f 3573/2845/989 3575/2841/859 3576/2846/860
f 3578/2847/990 3582/2848/866 3584/2849/991
f 3579/2850/992 3582/2848/866 3581/2851/869
f 3580/2852/870 3582/2848/866 3583/2853/993
f 3594/2854/994 3598/2855/873 3600/2856/995
f 3595/2857/875 3598/2855/873 3597/2858/996
f 3596/2859/997 3598/2855/873 3599/2860/998
f 3601/2861/999 3605/2862/1000 3607/2863/881
f 3602/2864/1001 3605/2862/1000 3604/2865/883
f 3603/2866/884 3605/2862/1000 3606/2867/885
f 3617/2868/886 3621/2869/1002 3623/2870/1003
f 3618/2871/889 3621/2869/1002 3620/2872/890
f 3619/2873/891 3621/2869/1002 3622/2874/1004
f 3624/2875/1005 3628/2876/894 3630/2877/1006
f 3625/2878/1007 3628/2876/894 3627/2879/897
f 3626/2880/1008 3628/2876/894 3629/2881/1009
f 3640/2882/1010 3644/2883/901 3646/2884/902
f 3641/2885/965 3644/2883/901 3643/2886/1011
f 3642/2887/905 3644/2883/901 3645/2888/1012
f 3647/2889/907 3651/2890/908 3653/2891/909
f 3648/2892/1013 3651/2890/908 3650/2893/911
f 3649/2894/912 3651/2890/908 3652/2895/913
f 3663/2896/1014 3667/2897/915 3669/2898/916
f 3664/2899/917 3667/2897/915 3666/2900/918
f 3665/2901/1015 3667/2897/915 3668/2902/1016
f 3670/2903/1017 3674/2904/922 3676/2905/1018
f 3671/2906/1019 3674/2904/922 3673/2907/925
f 3672/2908/926 3674/2904/922 3675/2909/1020
f 3686/2910/928 3690/2911/929 3692/2912/930
f 3687/2913/1021 3690/2911/929 3689/2914/1022
f 3688/2915/1023 3690/2911/929 3691/2916/1024
f 3693/2917/972 3697/2918/1025 3699/2919/937
f 3694/2920/1026 3697/2918/1025 3696/2921/939
f 3695/2922/940 3697/2918/1025 3698/2923/941
f 3709/2924/974 3713/2925/1027 3715/2926/1028
f 3710/2927/945 3713/2925/1027 3712/2928/946
f 3711/2929/947 3713/2925/1027 3714/2930/1029
f 3716/2931/1030 3720/2932/950 3722/2933/1031
f 3717/2934/1032 3720/2932/950 3719/2935/953
f 3718/2936/954 3720/2932/950 3721/2937/955
f 3732/2938/1033 3736/2939/957 3738/2940/958
f 3733/2941/959 3736/2939/957 3735/2942/1034
f 3734/2943/1035 3736/2939/957 3737/2944/962
f 3745/2945/985 3749/2946/852 3751/2947/857
f 3746/2948/986 3749/2946/852 3748/2949/853
f 3747/2950/854 3749/2946/852 3750/2951/855
f 3755/2952/987 3759/2953/859 3761/2954/862
f 3756/2955/863 3759/2953/859 3758/2956/864
f 3757/2957/989 3759/2953/859 3760/2958/860
f 3762/2959/990 3766/2960/866 3768/2961/991
f 3763/2962/992 3766/2960/866 3765/2963/869
f 3764/2964/870 3766/2960/866 3767/2965/993
f 3778/2966/994 3782/2967/873 3784/2968/995
f 3779/2969/875 3782/2967/873 3781/2970/876
f 3780/2971/997 3782/2967/873 3783/2972/998
f 3785/2973/999 3789/2974/1000 3791/2975/881
f 3786/2976/1001 3789/2974/1000 3788/2977/883
f 3787/2978/884 3789/2974/1000 3790/2979/885
f 3801/2980/886 3805/2981/1002 3807/2982/1003
f 3802/2983/889 3805/2981/1002 3804/2984/890
f 3803/2985/891 3805/2981/1002 3806/2986/1004
f 3808/2987/1005 3812/2988/894 3814/2989/1006
f 3809/2990/1007 3812/2988/894 3811/2991/897
f 3810/2992/1008 3812/2988/894 3813/2993/1009
f 3824/2994/1010 3828/2995/901 3830/2996/902
f 3825/2997/965 3828/2995/901 3827/2998/1011
f 3826/2999/905 3828/2995/901 3829/3000/906
f 3831/3001/907 3835/3002/908 3837/3003/909
f 3832/3004/1013 3835/3002/908 3834/3005/911
f 3833/3006/912 3835/3002/908 3836/3007/913
f 3847/3008/1014 3851/3009/915 3853/3010/916
f 3848/3011/917 3851/3009/915 3850/3012/918
f 3849/3013/1015 3851/3009/915 3852/3014/1016
f 3854/3015/1017 3858/3016/922 3860/3017/923
f 3855/3018/1019 3858/3016/922 3857/3019/925
f 3856/3020/926 3858/3016/922 3859/3021/927
f 3870/3022/928 3874/3023/929 3876/3024/930
f 3871/3025/1021 3874/3023/929 3873/3026/1022
f 3872/3027/1023 3874/3023/929 3875/3028/1036
f 3877/3029/972 3881/3030/1025 3883/3031/937
f 3878/3032/1026 3881/3030/1025 3880/3033/939
f 3879/3034/940 3881/3030/1025 3882/3035/941
f 3893/3036/974 3897/3037/1027 3899/3038/1028
f 3894/3039/945 3897/3037/1027 3896/3040/946
f 3895/3041/947 3897/3037/1027 3898/3042/1029
f 3900/3043/1030 3904/3044/950 3906/3045/1031
f 3901/3046/1032 3904/3044/950 3903/3047/953
f 3902/3048/954 3904/3044/950 3905/3049/955
f 3916/3050/1033 3920/3051/957 3922/3052/958
f 3917/3053/959 3920/3051/957 3919/3054/1034
f 3918/3055/1035 3920/3051/957 3921/3056/1037
f 3934/3057/1038 3939/3058/1039 3929/3059/1040
f 3936/3060/1041 3934/3057/1038 3930/3061/1042
f 3931/3062/1043 3935/3063/1044 3936/3060/1041
f 3938/3064/1045 3937/3065/1046 3932/3066/1047
f 3933/3067/1048 3935/3063/1044 3938/3064/1045
f 3940/3068/1049 3946/3069/1050 3950/3070/1051
f 3947/3071/1052 3945/3072/1053 3941/3073/1054
f 3942/3074/1055 3946/3075/1050 3947/3076/1052
f 3943/3077/1056 3946/3075/1050 3948/3078/1057
f 3950/3079/1051 3949/3080/1058 3944/3081/1059
f 3951/3082/1060 3956/3083/1061 3959/3084/1062
f 3957/3085/1063 3955/3086/1064 3952/3087/1065
f 3953/3088/1066 3956/3083/1061 3957/3085/1063
f 3959/3084/1062 3958/3089/1067 3954/3090/1068
f 3965/3091/1069 3970/3092/1070 3960/3093/1071
f 3967/3094/1072 3965/3091/1069 3961/3095/1073
f 3962/3096/1074 3966/3097/1075 3967/3098/1072
f 3969/3099/1076 3968/3100/1077 3963/3101/1078
f 3964/3102/1079 3966/3097/1075 3969/3099/1076
f 3975/3103/1080 3979/3104/1081 3971/3105/1082
f 3972/3106/1083 3976/3107/1084 3975/3103/1080
f 3978/3108/1085 3977/3109/1086 3973/3110/1087
f 3974/3111/1088 3976/3107/1084 3978/3108/1085
f 3985/3112/1089 3990/3113/1090 3980/3114/1091
f 3981/3115/1092 3986/3116/1093 3985/3117/1089
f 3988/3118/1094 3987/3119/1095 3982/3120/1096
f 3983/3121/1097 3986/3122/1093 3988/3118/1094
f 3984/3123/1098 3986/3122/1093 3989/3124/1099
f 3995/3125/1100 3999/3126/1101 3991/3127/1102
f 3992/3128/1103 3996/3129/1104 3995/3125/1100
f 3998/3130/1105 3997/3131/1106 3993/3132/1107
f 3994/3133/1108 3996/3129/1104 3998/3130/1105
f 4005/3134/1109 4010/3135/1110 4000/3136/1111
f 4001/3137/1112 4006/3138/1113 4005/3139/1109
f 4002/3140/1114 4006/3138/1113 4007/3141/1115
f 4009/3142/1116 4008/3143/1117 4003/3144/1118
f 4004/3145/1119 4006/3146/1113 4009/3147/1116
f 4011/3148/1120 4017/3149/1121 4021/3150/1122
f 4012/3151/1123 4017/3149/1121 4016/3152/1124
f 4019/3153/1125 4018/3154/1126 4013/3155/1127
f 4014/3156/1128 4017/3157/1121 4019/3158/1125
f 4021/3150/1122 4020/3159/1129 4015/3160/1130
f 4026/3161/1131 4030/3162/1132 4022/3163/1133
f 4023/3164/1134 4027/3165/1135 4026/3161/1131
f 4029/3166/1136 4028/3167/1137 4024/3168/1138
f 4025/3169/1139 4027/3165/1135 4029/3166/1136
f 4031/3170/1140 4037/3171/1141 4041/3172/1142
f 4038/3173/1143 4036/3174/1144 4032/3175/1145
f 4033/3176/1146 4037/3171/1141 4038/3173/1143
f 4040/3177/1147 4039/3178/1148 4034/3179/1149
f 4041/3180/1142 4040/3177/1147 4035/3181/1150
f 4042/3182/1151 4048/3183/1152 4052/3184/1153
f 4049/3185/1154 4047/3186/1155 4043/3187/1156
f 4050/3188/1157 4049/3185/1154 4044/3189/1158
f 4045/3190/1159 4048/3183/1152 4050/3188/1157
f 4052/3184/1153 4051/3191/1160 4046/3192/1161
f 4053/3193/1162 4057/3194/1163 4059/3195/1164
f 4054/3196/1165 4057/3197/1166 4056/3198/1167
f 4055/3199/1168 4057/3197/1166 4058/3200/1169
f 4060/3201/1170 4064/3202/1171 4066/3203/1172
f 4061/3204/1173 4064/3205/1174 4063/3206/1175
f 4062/3207/1176 4064/3205/1174 4065/3208/1177
f 4067/3209/1178 4071/3210/1179 4073/3211/1180
f 4072/3212/1181 4070/3213/1182 4068/3214/1183
f 4073/3215/1184 4072/3216/1181 4069/3217/1185
f 4074/3218/1186 4078/3219/1187 4080/3220/1188
f 4079/3221/1189 4077/3222/1190 4075/3223/1191
f 4080/3224/1192 4079/3225/1189 4076/3226/1193
f 4081/3227/1194 4085/3228/1195 4087/3229/1196
f 4082/3230/1197 4085/3231/1198 4084/3232/1199
f 4083/3233/1200 4085/3231/1198 4086/3234/1201
f 4088/3235/1202 4092/3236/1203 4094/3237/1204
f 4093/3238/1205 4091/3239/1206 4089/3240/1207
f 4094/3241/1208 4093/3238/1205 4090/3242/1209
f 4095/3243/1210 4099/3244/1211 4101/3245/1212
f 4096/3246/1213 4099/3247/1214 4098/3248/1215
f 4097/3249/1216 4099/3250/1214 4100/3251/1217
f 4102/3252/1218 4106/3253/1219 4108/3254/1220
f 4107/3255/1221 4105/3256/1222 4103/3257/1223
f 4108/3258/1224 4107/3259/1221 4104/3260/1225
f 4109/3261/1226 4113/3262/1227 4115/3263/1228
f 4114/3264/1229 4112/3265/1230 4110/3266/1231
f 4115/3267/1232 4114/3264/1229 4111/3268/1233
f 4116/3269/1234 4120/3270/1235 4122/3271/1236
f 4121/3272/1237 4119/3273/1238 4117/3274/1239
f 4122/3275/1240 4121/3272/1237 4118/3276/1241
f 4123/3277/1242 4127/3278/1243 4129/3279/1244
f 4128/3280/1245 4126/3281/1246 4124/3282/1247
f 4129/3283/1248 4128/3284/1245 4125/3285/1249
f 4130/3286/1250 4134/3287/1251 4136/3288/1252
f 4131/3289/1253 4134/3290/1254 4133/3291/1255
f 4132/3292/1256 4134/3293/1254 4135/3294/1257
f 4137/3295/1258 4141/3296/1259 4143/3297/1260
f 4142/3298/1261 4140/3299/1262 4138/3300/1263
f 4143/3301/1264 4142/3298/1261 4139/3302/1265
f 4144/3303/1266 4148/3304/1267 4150/3305/1268
f 4145/3306/1269 4148/3307/1270 4147/3308/1271
f 4146/3309/1272 4148/3307/1270 4149/3310/1273
f 4151/3311/1274 4155/3312/1275 4157/3313/1276
f 4156/3314/1277 4154/3315/1278 4152/3316/1279
f 4157/3317/1280 4156/3318/1277 4153/3319/1281
f 4158/3320/1282 4162/3321/1283 4164/3322/1284
f 4163/3323/1285 4161/3324/1286 4159/3325/1287
f 4164/3326/1288 4163/3327/1285 4160/3328/1289
f 4165/3329/1290 4169/3330/1291 4171/3331/1292
f 4170/3332/1293 4168/3333/1294 4166/3334/1295
f 4171/3335/1296 4170/3332/1293 4167/3336/1297
f 4172/3337/1298 4176/3338/1299 4178/3339/1300
f 4177/3340/1301 4175/3341/1302 4173/3342/1303
f 4178/3343/1304 4177/3340/1301 4174/3344/1305
f 4179/3345/1306 4183/3346/1307 4185/3347/1308
f 4180/3348/1309 4183/3349/1310 4182/3350/1311
f 4181/3351/1312 4183/3352/1310 4184/3353/1313
f 4186/3354/1314 4190/3355/1315 4192/3356/1316
f 4187/3357/1317 4190/3358/1318 4189/3359/1319
f 4188/3360/1320 4190/3361/1318 4191/3362/1321
f 4193/3363/1322 4197/3364/1323 4199/3365/1324
f 4198/3366/1325 4196/3367/1326 4194/3368/1327
f 4199/3369/1328 4198/3366/1325 4195/3370/1329
f 4200/3371/1330 4204/3372/1331 4206/3373/1332
f 4205/3374/1333 4203/3375/1334 4201/3376/1335
f 4206/3377/1336 4205/3374/1333 4202/3378/1337
f 4207/3379/1338 4211/3380/1339 4213/3381/1340
f 4208/3382/1341 4211/3383/1342 4210/3384/1343
f 4209/3385/1344 4211/3386/1342 4212/3387/1345
f 4214/3388/1346 4218/3389/1347 4220/3390/1348
f 4215/3391/1349 4218/3392/1350 4217/3393/1351
f 4216/3394/1352 4218/3395/1350 4219/3396/1353
f 4221/3397/1354 4225/3398/1355 4227/3399/1356
f 4226/3400/1357 4224/3401/1358 4222/3402/1359
f 4227/3403/1360 4226/3400/1357 4223/3404/1361
f 4228/3405/1362 4232/3406/1363 4234/3407/1364
f 4233/3408/1365 4231/3409/1366 4229/3410/1367
f 4234/3411/1368 4233/3408/1365 4230/3412/1369
f 4235/3413/1370 4239/3414/1371 4241/3415/1372
f 4236/3416/1373 4239/3417/1374 4238/3418/1375
f 4237/3419/1376 4239/3420/1374 4240/3421/1377
f 4242/3422/1378 4246/3423/1379 4248/3424/1380
f 4243/3425/1381 4246/3426/1382 4245/3427/1383
f 4244/3428/1384 4246/3429/1382 4247/3430/1385
f 4249/3431/1386 4253/3432/1387 4255/3433/1388
f 4254/3434/1389 4252/3435/1390 4250/3436/1391
f 4255/3437/1392 4254/3434/1389 4251/3438/1393
f 4256/3439/1394 4260/3440/1395 4262/3441/1396
f 4261/3442/1397 4259/3443/1398 4257/3444/1399
f 4262/3445/1400 4261/3442/1397 4258/3446/1401
f 4263/3447/1402 4267/3448/1403 4269/3449/1404
f 4264/3450/1405 4267/3451/1406 4266/3452/1407
f 4265/3453/1408 4267/3454/1406 4268/3455/1409
f 4270/3456/1410 4274/3457/1411 4276/3458/1412
f 4271/3459/1413 4274/3460/1414 4273/3461/1415
f 4272/3462/1416 4274/3463/1414 4275/3464/1417
f 4277/3465/1290 4281/3466/1291 4283/3467/1292
f 4282/3468/1293 4280/3469/1294 4278/3470/1295
f 4283/3471/1296 4282/3468/1293 4279/3472/1297
f 4284/3473/1298 4288/3474/1299 4290/3475/1300
f 4289/3476/1301 4287/3477/1302 4285/3478/1303
f 4290/3479/1304 4289/3476/1301 4286/3480/1305
f 4291/3481/1306 4295/3482/1307 4297/3483/1418
f 4292/3484/1309 4295/3485/1310 4294/3486/1311
f 4293/3487/1312 4295/3488/1310 4296/3489/1313
f 4298/3490/1314 4302/3491/1315 4304/3492/1316
f 4299/3493/1317 4302/3494/1318 4301/3495/1419
f 4300/3496/1320 4302/3497/1318 4303/3498/1321
f 4305/3499/1420 4309/3500/1421 4311/3501/1422
f 4306/3502/1423 4309/3503/1424 4308/3504/1425
f 4307/3505/1426 4309/3503/1424 4310/3506/1427
f 4312/3507/1428 4316/3508/1429 4318/3509/1430
f 4313/3510/1431 4316/3511/1432 4315/3512/1433
f 4314/3513/1434 4316/3511/1432 4317/3514/1435
f 4319/3515/1338 4323/3516/1339 4325/3517/1340
f 4320/3518/1341 4323/3519/1342 4322/3520/1436
f 4321/3521/1344 4323/3522/1342 4324/3523/1345
f 4326/3524/1346 4330/3525/1347 4332/3526/1437
f 4327/3527/1349 4330/3528/1350 4329/3529/1351
f 4328/3530/1352 4330/3531/1350 4331/3532/1353
f 4333/3533/1354 4337/3534/1355 4339/3535/1356
f 4338/3536/1357 4336/3537/1358 4334/3538/1359
f 4339/3539/1360 4338/3536/1357 4335/3540/1361
f 4340/3541/1362 4344/3542/1363 4346/3543/1364
f 4345/3544/1365 4343/3545/1366 4341/3546/1367
f 4346/3547/1368 4345/3544/1365 4342/3548/1369
f 4347/3549/1370 4351/3550/1371 4353/3551/1438
f 4348/3552/1373 4351/3553/1374 4350/3554/1375
f 4349/3555/1376 4351/3556/1374 4352/3557/1377
f 4354/3558/1378 4358/3559/1379 4360/3560/1380
f 4355/3561/1381 4358/3562/1382 4357/3563/1439
f 4356/3564/1384 4358/3565/1382 4359/3566/1385
f 4361/3567/1440 4365/3568/1441 4367/3569/1442
f 4362/3570/1443 4365/3571/1444 4364/3572/1445
f 4363/3573/1446 4365/3571/1444 4366/3574/1447
f 4368/3575/1448 4372/3576/1449 4374/3577/1450
f 4369/3578/1451 4372/3579/1452 4371/3580/1453
f 4370/3581/1454 4372/3579/1452 4373/3582/1455
f 4375/3583/1402 4379/3584/1403 4381/3585/1404
f 4376/3586/1405 4379/3587/1406 4378/3588/1456
f 4377/3589/1408 4379/3590/1406 4380/3591/1409
f 4382/3592/1410 4386/3593/1411 4388/3594/1457
f 4383/3595/1413 4386/3596/1414 4385/3597/1415
f 4384/3598/1416 4386/3599/1414 4387/3600/1417
f 4389/3601/1290 4393/3602/1291 4395/3603/1292
f 4394/3604/1293 4392/3605/1294 4390/3606/1295
f 4395/3607/1296 4394/3604/1293 4391/3608/1297
f 4396/3609/1298 4400/3610/1299 4402/3611/1300
f 4401/3612/1301 4399/3613/1302 4397/3614/1303
f 4402/3615/1304 4401/3612/1301 4398/3616/1305
f 4403/3617/1306 4407/3618/1307 4409/3619/1308
f 4404/3620/1458 4407/3621/1310 4406/3622/1311
f 4405/3623/1312 4407/3624/1310 4408/3625/1313
f 4410/3626/1314 4414/3627/1315 4416/3628/1316
f 4411/3629/1317 4414/3630/1318 4413/3631/1319
f 4412/3632/1320 4414/3633/1318 4415/3634/1321
f 4417/3635/1322 4421/3636/1323 4423/3637/1324
f 4422/3638/1325 4420/3639/1326 4418/3640/1327
f 4423/3641/1328 4422/3638/1325 4419/3642/1329
f 4424/3643/1330 4428/3644/1331 4430/3645/1332
f 4429/3646/1333 4427/3647/1334 4425/3648/1335
f 4430/3649/1336 4429/3646/1333 4426/3650/1337
f 4431/3651/1338 4435/3652/1339 4437/3653/1340
f 4432/3654/1341 4435/3655/1342 4434/3656/1343
f 4433/3657/1344 4435/3658/1342 4436/3659/1345
f 4438/3660/1346 4442/3661/1347 4444/3662/1348
f 4439/3663/1349 4442/3664/1350 4441/3665/1351
f 4440/3666/1352 4442/3667/1350 4443/3668/1353
f 4445/3669/1354 4449/3670/1355 4451/3671/1356
f 4450/3672/1357 4448/3673/1358 4446/3674/1359
f 4451/3675/1360 4450/3672/1357 4447/3676/1361
f 4452/3677/1362 4456/3678/1363 4458/3679/1364
f 4457/3680/1365 4455/3681/1366 4453/3682/1367
f 4458/3683/1368 4457/3680/1365 4454/3684/1369
f 4459/3685/1370 4463/3686/1371 4465/3687/1372
f 4460/3688/1373 4463/3689/1374 4462/3690/1375
f 4461/3691/1376 4463/3692/1374 4464/3693/1377
f 4466/3694/1378 4470/3695/1379 4472/3696/1380
f 4467/3697/1381 4470/3698/1382 4469/3699/1383
f 4468/3700/1384 4470/3701/1382 4471/3702/1459
f 4473/3703/1386 4477/3704/1387 4479/3705/1388
f 4478/3706/1389 4476/3707/1390 4474/3708/1391
f 4479/3709/1392 4478/3706/1389 4475/3710/1393
f 4480/3711/1394 4484/3712/1395 4486/3713/1396
f 4485/3714/1397 4483/3715/1398 4481/3716/1399
f 4486/3717/1400 4485/3714/1397 4482/3718/1401
f 4487/3719/1402 4491/3720/1403 4493/3721/1404
f 4488/3722/1405 4491/3723/1406 4490/3724/1407
f 4489/3725/1408 4491/3726/1406 4492/3727/1409
f 4494/3728/1410 4498/3729/1411 4500/3730/1412
f 4495/3731/1413 4498/3732/1414 4497/3733/1415
f 4496/3734/1416 4498/3735/1414 4499/3736/1417
f 4501/3737/343 4505/3738/613 4507/3739/345
f 4502/3740/346 4505/3741/1460 4504/3742/417
f 4503/3743/349 4505/3744/827 4506/3745/419
f 4508/3746/352 4512/3747/1461 4514/3748/1462
f 4509/3749/355 4512/3750/843 4511/3751/844
f 4510/3752/358 4512/3753/614 4513/3754/615
f 4515/3755/361 4519/3756/362 4521/3757/422
f 4516/3758/364 4519/3759/616 4518/3760/617
f 4517/3761/367 4519/3762/368 4520/3763/369
f 4522/3764/370 4526/3765/1463 4528/3766/830
f 4523/3767/373 4526/3768/374 4525/3769/375
f 4524/3770/376 4526/3771/628 4527/3772/426
f 4529/3773/379 4533/3774/618 4535/3775/381
f 4530/3776/382 4533/3777/383 4532/3778/630
f 4531/3779/385 4533/3780/607 4534/3781/980
f 4536/3782/388 4540/3783/848 4542/3784/1464
f 4537/3785/391 4540/3786/392 4539/3787/393
f 4538/3788/394 4540/3789/631 4541/3790/432
f 4543/3791/397 4547/3792/398 4549/3793/611
f 4544/3794/400 4547/3795/401 4546/3796/402
f 4545/3797/403 4547/3798/612 4548/3799/405
f 4550/3800/406 4554/3801/1465 4556/3802/838
f 4551/3803/409 4554/3804/622 4553/3805/632
f 4552/3806/412 4554/3807/413 4555/3808/414
f 4557/3809/1162 4561/3810/1163 4563/3811/1466
f 4558/3812/1165 4561/3813/1166 4560/3814/1467
f 4559/3815/1168 4561/3813/1166 4562/3816/1169
f 4564/3817/1170 4568/3818/1171 4570/3819/1468
f 4565/3820/1173 4568/3821/1174 4567/3822/1469
f 4566/3823/1176 4568/3821/1174 4569/3824/1470
f 4571/3825/1471 4575/3826/1472 4577/3827/1473
f 4576/3828/1181 4574/3829/1474 4572/3830/1475
f 4577/3831/1476 4576/3832/1181 4573/3833/1477
f 4578/3834/1478 4582/3835/1479 4584/3836/1480
f 4583/3837/1189 4581/3838/1481 4579/3839/1482
f 4584/3840/1483 4583/3841/1189 4580/3842/1484
f 4585/3843/1485 4589/3844/1486 4591/3845/1487
f 4590/3846/1488 4588/3847/1489 4586/3848/1490
f 4591/3849/1491 4590/3846/1488 4587/3850/1492
f 4592/3851/1493 4596/3852/1494 4598/3853/1495
f 4593/3854/1496 4596/3855/1497 4595/3856/1498
f 4594/3857/1499 4596/3855/1497 4597/3858/1500
f 4599/3859/1501 4603/3860/1502 4605/3861/1503
f 4604/3862/1504 4602/3863/1505 4600/3864/1506
f 4605/3865/1507 4604/3866/1504 4601/3867/1508
f 4606/3868/1509 4610/3869/1510 4612/3870/1511
f 4611/3871/1512 4609/3872/1513 4607/3873/1514
f 4612/3874/1515 4611/3875/1512 4608/3876/1516
f 4613/3877/1517 4617/3878/1518 4619/3879/1519
f 4614/3880/1520 4617/3881/1521 4616/3882/1522
f 4615/3883/1523 4617/3881/1521 4618/3884/1524
f 4620/3885/1525 4624/3886/1526 4626/3887/1527
f 4621/3888/1528 4624/3889/1529 4623/3890/1530
f 4622/3891/1531 4624/3889/1529 4625/3892/1532
f 4627/3893/1533 4631/3894/1243 4633/3895/1244
f 4632/3896/1534 4630/3897/1535 4628/3898/1536
f 4633/3899/1248 4632/3900/1534 4629/3901/1249
f 4634/3902/1537 4638/3903/1538 4640/3904/1539
f 4639/3905/1540 4637/3906/1541 4635/3907/1542
f 4640/3908/1543 4639/3909/1540 4636/3910/1544
f 4641/3911/1545 4645/3912/1546 4647/3913/1547
f 4646/3914/1548 4644/3915/1549 4642/3916/1263
f 4647/3917/1550 4646/3914/1548 4643/3918/1265
f 4648/3919/1551 4652/3920/1552 4654/3921/1553
f 4653/3922/1554 4651/3923/1555 4649/3924/1556
f 4654/3925/1557 4653/3922/1554 4650/3926/1558
f 4655/3927/1559 4659/3928/1275 4661/3929/1560
f 4660/3930/1277 4658/3931/1278 4656/3932/1279
f 4661/3933/1561 4660/3934/1277 4657/3935/1562
f 4662/3936/1563 4666/3937/1564 4668/3938/1565
f 4667/3939/1285 4665/3940/1566 4663/3941/1567
f 4668/3942/1568 4667/3943/1285 4664/3944/1569
f 644/3945/1570 639/3946/1571 638/3947/1572
f 645/3948/1573 637/3949/1574 639/3950/1575
f 647/3951/1576 642/3952/1577 648/3953/1578
f 648/3954/1579 640/3955/1580 646/3956/1581
f 644/3945/1570 651/3957/1582 645/3958/1583
f 651/3959/1584 643/3960/1585 645/3948/1573
f 647/3951/1576 654/3961/1586 653/3962/1587
f 654/3963/1588 646/3956/1581 652/3964/1589
f 650/3965/1590 657/3966/1591 651/3967/1582
f 657/3968/1592 649/3969/1593 651/3959/1584
f 653/3970/1587 660/3971/1594 659/3972/1595
f 660/3973/1596 652/3964/1589 658/3974/1597
f 662/3975/1598 657/3966/1591 656/3976/1599
f 663/3977/1600 655/3978/1601 657/3968/1592
f 659/3972/1595 666/3979/1602 665/3980/1603
f 660/3973/1596 664/3981/1604 666/3982/1605
f 668/3983/1606 663/3984/1607 662/3975/1598
f 663/3977/1600 667/3985/1608 661/3986/1609
f 665/3980/1603 672/3987/1610 671/3988/1611
f 666/3982/1605 670/3989/1612 672/3990/1613
f 668/3991/1606 675/3992/1614 669/3993/1615
f 669/3994/1616 673/3995/1617 667/3985/1608
f 671/3996/1611 678/3997/1618 677/3998/1619
f 672/3990/1613 676/3999/1620 678/4000/1621
f 680/4001/1622 675/3992/1614 674/4002/1623
f 675/4003/1624 679/4004/1625 673/3995/1617
f 677/3998/1619 684/4005/1626 683/4006/1627
f 678/4000/1621 682/4007/1628 684/4008/1629
f 686/4009/1630 681/4010/1631 680/4001/1622
f 687/4011/1632 679/4004/1625 681/4012/1633
f 683/4006/1627 690/4013/1634 689/4014/1635
f 684/4008/1629 688/4015/1636 690/4016/1637
f 692/4017/1638 687/4018/1639 686/4009/1630
f 693/4019/1640 685/4020/1641 687/4011/1632
f 689/4014/1635 696/4021/1642 695/4022/1643
f 696/4023/1644 688/4015/1636 694/4024/1645
f 698/4025/1646 693/4026/1647 692/4027/1638
f 693/4019/1640 697/4028/1648 691/4029/1649
f 695/4030/1643 702/4031/1650 701/4032/1651
f 702/4033/1652 694/4024/1645 700/4034/1653
f 704/4035/1654 699/4036/1655 698/4025/1646
f 705/4037/1656 697/4028/1648 699/4038/1657
f 701/4032/1651 708/4039/1658 707/4040/1659
f 702/4033/1652 706/4041/1660 708/4042/1661
f 710/4043/1662 705/4044/1663 704/4035/1654
f 705/4037/1656 709/4045/1664 703/4046/1665
f 707/4040/1659 714/4047/1666 713/4048/1667
f 708/4042/1661 712/4049/1668 714/4050/1669
f 716/4051/1670 711/4052/1671 710/4053/1662
f 711/4054/1672 715/4055/1673 709/4045/1664
f 713/4056/1667 720/4057/1674 719/4058/1675
f 720/4059/1676 712/4049/1668 718/4060/1677
f 638/3947/1572 717/4061/1678 716/4051/1670
f 639/3950/1575 715/4055/1673 717/4062/1679
f 719/4058/1675 642/3952/1577 641/4063/1680
f 720/4059/1676 640/3955/1580 642/4064/1681
f 721/841/343 738/4065/1682 735/859/361
f 738/864/366 723/847/349 736/862/364
f 722/844/346 734/852/354 726/4066/1683
f 734/4067/1684 723/847/349 726/849/351
f 729/853/355 748/870/372 733/4068/1685
f 748/4069/1686 730/856/358 733/858/360
f 737/865/367 747/4070/1687 743/871/373
f 740/4071/1688 744/874/376 747/876/378
f 735/859/361 766/4072/1689 763/895/397
f 741/4073/1690 764/898/400 766/900/402
f 770/904/406 745/4074/1691 742/868/370
f 776/4075/1692 743/871/373 745/873/375
f 765/901/403 775/4076/1693 771/907/409
f 775/912/414 764/898/400 772/910/412
f 749/877/379 769/897/399 752/4077/1694
f 769/4078/1695 750/880/382 752/882/384
f 756/886/388 773/4079/1696 770/904/406
f 773/909/411 758/892/394 771/907/409
f 751/883/385 761/4080/1697 757/889/391
f 754/4081/1698 758/892/394 761/894/396
f 749/877/379 724/4082/1699 721/841/343
f 755/4083/1700 722/844/346 724/846/348
f 729/853/355 759/4084/1701 756/886/388
f 731/4085/1702 757/889/391 759/891/393
f 778/4086/1572 785/4087/1583 779/4088/1571
f 785/4089/1573 777/4090/1574 779/4091/1575
f 781/4092/1680 788/4093/1703 787/4094/1576
f 788/4095/1579 780/4096/1580 786/4097/1581
f 790/4098/1590 785/4087/1583 784/4099/1570
f 791/4100/1704 783/4101/1585 785/4089/1573
f 787/4094/1576 794/4102/1586 793/4103/1587
f 794/4104/1588 786/4097/1581 792/4105/1589
f 796/4106/1599 791/4107/1582 790/4108/1590
f 797/4109/1592 789/4110/1593 791/4100/1704
f 793/4111/1587 800/4112/1594 799/4113/1595
f 794/4104/1588 798/4114/1597 800/4115/1596
f 802/4116/1598 797/4117/1591 796/4106/1599
f 803/4118/1600 795/4119/1601 797/4109/1592
f 799/4113/1595 806/4120/1602 805/4121/1603
f 800/4115/1596 804/4122/1705 806/4123/1706
f 808/4124/1606 803/4125/1607 802/4116/1598
f 809/4126/1707 801/4127/1609 803/4118/1600
f 805/4121/1603 812/4128/1610 811/4129/1611
f 806/4123/1706 810/4130/1612 812/4131/1613
f 814/4132/1623 809/4133/1615 808/4134/1606
f 809/4126/1707 813/4135/1617 807/4136/1608
f 811/4137/1611 818/4138/1618 817/4139/1619
f 812/4131/1613 816/4140/1620 818/4141/1621
f 820/4142/1622 815/4143/1614 814/4132/1623
f 815/4144/1624 819/4145/1625 813/4135/1617
f 817/4139/1619 824/4146/1626 823/4147/1627
f 818/4141/1621 822/4148/1628 824/4149/1708
f 826/4150/1630 821/4151/1631 820/4142/1622
f 827/4152/1709 819/4145/1625 821/4153/1710
f 823/4147/1627 830/4154/1711 829/4155/1635
f 824/4149/1708 828/4156/1636 830/4157/1712
f 832/4158/1638 827/4159/1639 826/4150/1630
f 833/4160/1713 825/4161/1641 827/4152/1709
f 829/4155/1635 836/4162/1714 835/4163/1643
f 830/4157/1712 834/4164/1645 836/4165/1715
f 838/4166/1646 833/4167/1647 832/4168/1638
f 839/4169/1716 831/4170/1649 833/4160/1713
f 841/4171/1651 836/4172/1714 842/4173/1717
f 836/4165/1715 840/4174/1653 842/4175/1652
f 844/4176/1654 839/4177/1655 838/4166/1646
f 845/4178/1718 837/4179/1719 839/4169/1716
f 841/4171/1651 848/4180/1658 847/4181/1659
f 842/4175/1652 846/4182/1720 848/4183/1721
f 850/4184/1662 845/4185/1663 844/4176/1654
f 851/4186/1672 843/4187/1665 845/4178/1718
f 847/4181/1659 854/4188/1666 853/4189/1667
f 848/4183/1721 852/4190/1668 854/4191/1722
f 856/4192/1670 851/4193/1671 850/4194/1662
f 857/4195/1679 849/4196/1664 851/4186/1672
f 853/4197/1667 860/4198/1674 859/4199/1675
f 854/4191/1722 858/4200/1677 860/4201/1676
f 856/4192/1670 779/4088/1571 857/4202/1678
f 779/4091/1575 855/4203/1673 857/4195/1679
f 859/4199/1675 782/4204/1577 781/4092/1680
f 782/4205/1723 858/4200/1677 780/4096/1580
f 868/4206/1570 863/4207/1571 862/4208/1572
f 863/4209/1575 867/4210/1585 861/4211/1574
f 865/4212/1680 872/4213/1703 871/4214/1576
f 866/4215/1723 870/4216/1581 872/4217/1724
f 868/4206/1570 875/4218/1582 869/4219/1583
f 875/4220/1704 867/4210/1585 869/4221/1573
f 871/4214/1576 878/4222/1586 877/4223/1725
f 872/4217/1724 876/4224/1589 878/4225/1588
f 880/4226/1599 875/4227/1582 874/4228/1590
f 881/4229/1592 873/4230/1593 875/4220/1704
f 883/4231/1595 878/4232/1586 884/4233/1594
f 878/4225/1588 882/4234/1597 884/4235/1596
f 886/4236/1598 881/4237/1591 880/4226/1599
f 887/4238/1726 879/4239/1601 881/4229/1592
f 883/4231/1595 890/4240/1602 889/4241/1603
f 884/4235/1596 888/4242/1705 890/4243/1706
f 892/4244/1606 887/4245/1607 886/4236/1598
f 893/4246/1616 885/4247/1727 887/4238/1726
f 889/4241/1603 896/4248/1610 895/4249/1611
f 890/4243/1706 894/4250/1612 896/4251/1728
f 898/4252/1623 893/4253/1615 892/4254/1606
f 899/4255/1729 891/4256/1608 893/4246/1616
f 895/4257/1611 902/4258/1618 901/4259/1619
f 902/4260/1730 894/4250/1612 900/4261/1620
f 904/4262/1622 899/4263/1614 898/4252/1623
f 905/4264/1710 897/4265/1617 899/4255/1729
f 901/4259/1619 908/4266/1626 907/4267/1627
f 902/4260/1730 906/4268/1628 908/4269/1708
f 910/4270/1630 905/4271/1631 904/4262/1622
f 911/4272/1632 903/4273/1625 905/4264/1710
f 907/4267/1627 914/4274/1711 913/4275/1635
f 908/4269/1708 912/4276/1636 914/4277/1637
f 910/4270/1630 917/4278/1647 911/4279/1639
f 917/4280/1713 909/4281/1641 911/4272/1632
f 913/4275/1635 920/4282/1714 919/4283/1643
f 914/4277/1637 918/4284/1645 920/4285/1715
f 922/4286/1646 917/4287/1647 916/4288/1638
f 923/4289/1716 915/4290/1649 917/4280/1713
f 925/4291/1651 920/4292/1714 926/4293/1717
f 926/4294/1731 918/4284/1645 924/4295/1653
f 928/4296/1654 923/4297/1655 922/4286/1646
f 923/4289/1716 927/4298/1665 921/4299/1719
f 925/4291/1651 932/4300/1658 931/4301/1659
f 926/4294/1731 930/4302/1720 932/4303/1721
f 934/4304/1662 929/4305/1663 928/4296/1654
f 935/4306/1672 927/4298/1665 929/4307/1656
f 931/4301/1659 938/4308/1666 937/4309/1667
f 932/4303/1721 936/4310/1668 938/4311/1722
f 940/4312/1670 935/4313/1671 934/4314/1662
f 935/4306/1672 939/4315/1673 933/4316/1664
f 937/4317/1667 944/4318/1674 943/4319/1675
f 938/4311/1722 942/4320/1677 944/4321/1676
f 862/4208/1572 941/4322/1678 940/4312/1670
f 941/4323/1732 861/4211/1574 939/4315/1673
f 943/4319/1675 866/4324/1577 865/4212/1680
f 944/4321/1676 864/4325/1580 866/4215/1723
f 952/4326/1570 947/4327/1571 946/4328/1572
f 947/4329/1575 951/4330/1585 945/4331/1574
f 949/4332/1680 956/4333/1703 955/4334/1576
f 950/4335/1723 954/4336/1581 956/4337/1724
f 952/4326/1570 959/4338/1582 953/4339/1583
f 959/4340/1704 951/4330/1585 953/4341/1573
f 955/4334/1576 962/4342/1586 961/4343/1587
f 956/4337/1724 960/4344/1589 962/4345/1733
f 964/4346/1599 959/4347/1582 958/4348/1590
f 965/4349/1592 957/4350/1593 959/4340/1704
f 961/4351/1587 968/4352/1594 967/4353/1595
f 968/4354/1734 960/4344/1589 966/4355/1597
f 970/4356/1598 965/4357/1591 964/4346/1599
f 971/4358/1600 963/4359/1601 965/4349/1592
f 967/4353/1595 974/4360/1602 973/4361/1603
f 974/4362/1706 966/4355/1597 972/4363/1705
f 970/4356/1598 977/4364/1615 971/4365/1607
f 977/4366/1707 969/4367/1609 971/4358/1600
f 973/4361/1603 980/4368/1610 979/4369/1611
f 974/4362/1706 978/4370/1612 980/4371/1728
f 982/4372/1623 977/4373/1615 976/4374/1606
f 983/4375/1624 975/4376/1608 977/4366/1707
f 985/4377/1619 980/4378/1610 986/4379/1618
f 980/4371/1728 984/4380/1620 986/4381/1730
f 982/4372/1623 989/4382/1631 983/4383/1614
f 983/4375/1624 987/4384/1625 981/4385/1617
f 991/4386/1627 986/4379/1618 992/4387/1626
f 986/4381/1730 990/4388/1628 992/4389/1708
f 988/4390/1622 995/4391/1639 989/4382/1631
f 995/4392/1632 987/4384/1625 989/4393/1710
f 991/4386/1627 998/4394/1711 997/4395/1635
f 998/4396/1712 990/4388/1628 996/4397/1636
f 1000/4398/1638 995/4391/1639 994/4399/1630
f 995/4392/1632 999/4400/1649 993/4401/1641
f 997/4395/1635 1004/4402/1714 1003/4403/1643
f 998/4396/1712 1002/4404/1645 1004/4405/1715
f 1006/4406/1646 1001/4407/1647 1000/4408/1638
f 1007/4409/1716 999/4400/1649 1001/4410/1713
f 1003/4411/1643 1010/4412/1717 1009/4413/1651
f 1004/4405/1715 1008/4414/1653 1010/4415/1652
f 1012/4416/1654 1007/4417/1655 1006/4406/1646
f 1013/4418/1656 1005/4419/1719 1007/4409/1716
f 1009/4413/1651 1016/4420/1658 1015/4421/1659
f 1010/4415/1652 1014/4422/1660 1016/4423/1735
f 1018/4424/1662 1013/4425/1663 1012/4416/1654
f 1013/4418/1656 1017/4426/1664 1011/4427/1665
f 1015/4421/1659 1022/4428/1666 1021/4429/1667
f 1016/4423/1735 1020/4430/1668 1022/4431/1736
f 1024/4432/1670 1019/4433/1671 1018/4434/1662
f 1025/4435/1732 1017/4426/1664 1019/4436/1672
f 1021/4437/1667 1028/4438/1674 1027/4439/1675
f 1028/4440/1737 1020/4430/1668 1026/4441/1677
f 1024/4432/1670 947/4327/1571 1025/4442/1678
f 947/4329/1575 1023/4443/1673 1025/4435/1732
f 949/4332/1680 1028/4438/1674 950/4444/1577
f 950/4335/1723 1026/4441/1677 948/4445/1580
f 1036/4446/1570 1031/4447/1571 1030/4448/1572
f 1031/4449/1575 1035/4450/1585 1029/4451/1574
f 1033/4452/1680 1040/4453/1703 1039/4454/1576
f 1034/4455/1723 1038/4456/1581 1040/4457/1724
f 1042/4458/1590 1037/4459/1583 1036/4446/1570
f 1037/4460/1573 1041/4461/1593 1035/4450/1585
f 1039/4454/1576 1046/4462/1586 1045/4463/1587
f 1040/4457/1724 1044/4464/1589 1046/4465/1588
f 1048/4466/1599 1043/4467/1582 1042/4468/1590
f 1049/4469/1592 1041/4461/1593 1043/4470/1704
f 1045/4471/1587 1052/4472/1594 1051/4473/1595
f 1046/4465/1588 1050/4474/1738 1052/4475/1734
f 1054/4476/1598 1049/4477/1591 1048/4466/1599
f 1055/4478/1600 1047/4479/1601 1049/4469/1592
f 1051/4473/1595 1058/4480/1602 1057/4481/1603
f 1052/4475/1734 1056/4482/1604 1058/4483/1605
f 1054/4476/1598 1061/4484/1615 1055/4485/1607
f 1061/4486/1707 1053/4487/1609 1055/4478/1600
f 1057/4481/1603 1064/4488/1610 1063/4489/1611
f 1064/4490/1613 1056/4482/1604 1062/4491/1612
f 1066/4492/1623 1061/4493/1615 1060/4494/1606
f 1067/4495/1624 1059/4496/1608 1061/4486/1707
f 1069/4497/1619 1064/4498/1610 1070/4499/1618
f 1064/4490/1613 1068/4500/1620 1070/4501/1621
f 1072/4502/1622 1067/4503/1614 1066/4492/1623
f 1067/4495/1624 1071/4504/1625 1065/4505/1617
f 1075/4506/1627 1070/4499/1618 1076/4507/1626
f 1070/4501/1621 1074/4508/1628 1076/4509/1739
f 1072/4502/1622 1079/4510/1639 1073/4511/1631
f 1079/4512/1632 1071/4504/1625 1073/4513/1710
f 1075/4506/1627 1082/4514/1711 1081/4515/1635
f 1082/4516/1637 1074/4508/1628 1080/4517/1636
f 1084/4518/1638 1079/4510/1639 1078/4519/1630
f 1085/4520/1713 1077/4521/1641 1079/4512/1632
f 1081/4515/1635 1088/4522/1714 1087/4523/1643
f 1082/4516/1637 1086/4524/1645 1088/4525/1715
f 1090/4526/1646 1085/4527/1647 1084/4528/1638
f 1091/4529/1716 1083/4530/1649 1085/4520/1713
f 1087/4531/1643 1094/4532/1717 1093/4533/1651
f 1088/4525/1715 1092/4534/1653 1094/4535/1740
f 1096/4536/1654 1091/4537/1655 1090/4526/1646
f 1097/4538/1656 1089/4539/1719 1091/4529/1716
f 1093/4533/1651 1100/4540/1658 1099/4541/1659
f 1094/4535/1740 1098/4542/1660 1100/4543/1735
f 1102/4544/1662 1097/4545/1663 1096/4536/1654
f 1103/4546/1672 1095/4547/1665 1097/4538/1656
f 1099/4541/1659 1106/4548/1666 1105/4549/1667
f 1100/4543/1735 1104/4550/1668 1106/4551/1736
f 1108/4552/1670 1103/4553/1671 1102/4554/1662
f 1103/4546/1672 1107/4555/1673 1101/4556/1664
f 1111/4557/1675 1106/4558/1666 1112/4559/1674
f 1106/4551/1736 1110/4560/1677 1112/4561/1676
f 1030/4448/1572 1109/4562/1678 1108/4552/1670
f 1109/4563/1732 1029/4451/1574 1107/4555/1673
f 1033/4452/1680 1112/4559/1674 1034/4564/1577
f 1112/4561/1676 1032/4565/1580 1034/4455/1723
f 1113/913/343 1130/4566/1682 1127/931/361
f 1119/4567/1741 1128/934/364 1130/936/366
f 1120/922/352 1118/4568/1683 1114/916/346
f 1126/4569/1742 1115/919/349 1118/921/419
f 1134/940/370 1125/4570/1743 1121/925/355
f 1140/4571/1686 1122/928/358 1125/930/360
f 1129/937/367 1139/4572/1687 1135/943/373
f 1132/4573/1688 1136/946/376 1139/948/426
f 1127/931/361 1158/4574/1744 1155/967/397
f 1158/972/402 1129/937/367 1156/970/400
f 1162/976/406 1137/4575/1691 1134/940/370
f 1168/4576/1745 1135/943/373 1137/945/425
f 1157/973/403 1167/4577/1746 1163/979/409
f 1160/4578/1747 1164/982/412 1167/984/414
f 1155/967/397 1144/4579/1748 1141/949/379
f 1161/4580/1695 1142/952/382 1144/954/384
f 1148/958/388 1165/4581/1749 1162/976/406
f 1154/4582/1750 1163/979/409 1165/981/411
f 1143/955/385 1153/4583/1697 1149/961/391
f 1146/4584/1751 1150/964/394 1153/966/432
f 1141/949/379 1116/4585/1699 1113/913/343
f 1147/4586/1752 1114/916/346 1116/918/417
f 1121/925/355 1151/4587/1701 1148/958/388
f 1151/963/431 1120/922/352 1149/961/391
f 1169/985/343 1186/4588/1682 1183/1003/361
f 1175/4589/1741 1184/1006/364 1186/1008/366
f 1176/994/352 1174/4590/1683 1170/988/346
f 1182/4591/1742 1171/991/349 1174/993/419
f 1190/1012/370 1181/4592/1743 1177/997/355
f 1196/4593/1686 1178/1000/358 1181/1002/360
f 1185/1009/367 1195/4594/1687 1191/1015/373
f 1188/4595/1688 1192/1018/376 1195/1020/426
f 1211/1039/397 1189/1005/422 1214/4596/1744
f 1189/4597/1690 1212/1042/400 1214/1044/402
f 1218/1048/406 1193/4598/1691 1190/1012/370
f 1193/1017/425 1220/1054/412 1191/1015/373
f 1213/1045/403 1223/4599/1746 1219/1051/409
f 1216/4600/1747 1220/1054/412 1223/1056/414
f 1211/1039/397 1200/4601/1748 1197/1021/379
f 1217/4602/1695 1198/1024/382 1200/1026/384
f 1204/1030/388 1221/4603/1749 1218/1048/406
f 1210/4604/1750 1219/1051/409 1221/1053/411
f 1199/1027/385 1209/4605/1697 1205/1033/391
f 1202/4606/1751 1206/1036/394 1209/1038/432
f 1197/1021/379 1172/4607/1699 1169/985/343
f 1172/990/417 1199/1027/385 1170/988/346
f 1204/1030/388 1179/999/357 1207/4608/1701
f 1179/4609/1753 1205/1033/391 1207/1035/431
f 1225/1057/343 1242/4610/1682 1239/1075/361
f 1231/4611/1741 1240/1078/364 1242/1080/366
f 1232/1066/352 1230/4612/1683 1226/1060/346
f 1238/4613/1742 1227/1063/349 1230/1065/419
f 1246/1084/370 1237/4614/1743 1233/1069/355
f 1252/4615/1686 1234/1072/358 1237/1074/360
f 1241/1081/367 1251/4616/1687 1247/1087/373
f 1244/4617/1688 1248/1090/376 1251/1092/426
f 1239/1075/361 1270/4618/1744 1267/1111/397
f 1245/4619/1690 1268/1114/400 1270/1116/402
f 1274/1120/406 1249/4620/1691 1246/1084/370
f 1249/1089/425 1276/1126/412 1247/1087/373
f 1269/1117/403 1279/4621/1746 1275/1123/409
f 1272/4622/1747 1276/1126/412 1279/1128/414
f 1267/1111/397 1256/4623/1748 1253/1093/379
f 1273/4624/1695 1254/1096/382 1256/1098/384
f 1260/1102/388 1277/4625/1749 1274/1120/406
f 1266/4626/1750 1275/1123/409 1277/1125/411
f 1255/1099/385 1265/4627/1697 1261/1105/391
f 1258/4628/1751 1262/1108/394 1265/1110/432
f 1253/1093/379 1228/4629/1699 1225/1057/343
f 1228/1062/417 1255/1099/385 1226/1060/346
f 1233/1069/355 1263/4630/1701 1260/1102/388
f 1235/4631/1753 1261/1105/391 1263/1107/431
f 1281/1129/343 1298/4632/1682 1295/1147/361
f 1287/4633/1741 1296/1150/364 1298/1152/366
f 1288/1138/352 1286/4634/1683 1282/1132/346
f 1294/4635/1742 1283/1135/349 1286/1137/419
f 1302/1156/370 1293/4636/1743 1289/1141/355
f 1308/4637/1686 1290/1144/358 1293/1146/360
f 1297/1153/367 1307/4638/1687 1303/1159/373
f 1300/4639/1688 1304/1162/376 1307/1164/426
f 1295/1147/361 1326/4640/1744 1323/1183/397
f 1301/4641/1690 1324/1186/400 1326/1188/402
f 1302/1156/370 1336/1194/408 1305/4642/1691
f 1336/4643/1745 1303/1159/373 1305/1161/425
f 1325/1189/403 1335/4644/1746 1331/1195/409
f 1328/4645/1747 1332/1198/412 1335/1200/414
f 1323/1183/397 1312/4646/1748 1309/1165/379
f 1329/4647/1695 1310/1168/382 1312/1170/384
f 1316/1174/388 1333/4648/1749 1330/1192/406
f 1322/4649/1750 1331/1195/409 1333/1197/411
f 1311/1171/385 1321/4650/1697 1317/1177/391
f 1314/4651/1751 1318/1180/394 1321/1182/432
f 1281/1129/343 1315/1167/381 1284/4652/1699
f 1315/4653/1752 1282/1132/346 1284/1134/417
f 1289/1141/355 1319/4654/1701 1316/1174/388
f 1319/1179/431 1288/1138/352 1317/1177/391
f 1338/4655/1754 1345/4656/1755 1339/4657/1756
f 1339/4658/1757 1343/4659/1758 1337/4660/1759
f 1347/4661/1760 1342/4662/1761 1348/4663/1762
f 1348/4664/1763 1340/4665/1764 1346/4666/1765
f 1350/4667/1766 1345/4656/1755 1344/4668/1767
f 1351/4669/1768 1343/4659/1758 1345/4670/1769
f 1347/4661/1760 1354/4671/1770 1353/4672/1771
f 1348/4664/1763 1352/4673/1772 1354/4674/1773
f 1350/4675/1766 1357/4676/1774 1351/4677/1775
f 1357/4678/1776 1349/4679/1777 1351/4669/1768
f 1353/4680/1771 1360/4681/1778 1359/4682/1779
f 1354/4674/1773 1358/4683/1780 1360/4684/1781
f 1362/4685/1782 1357/4676/1774 1356/4686/1783
f 1363/4687/1784 1355/4688/1785 1357/4678/1776
f 1359/4682/1779 1366/4689/1786 1365/4690/1787
f 1360/4684/1781 1364/4691/1788 1366/4692/1789
f 1368/4693/1790 1363/4694/1791 1362/4685/1782
f 1369/4695/1792 1361/4696/1793 1363/4687/1784
f 1371/4697/1794 1366/4689/1786 1372/4698/1795
f 1372/4699/1796 1364/4691/1788 1370/4700/1797
f 1374/4701/1798 1369/4702/1799 1368/4703/1790
f 1375/4704/1800 1367/4705/1801 1369/4695/1792
f 1377/4706/1802 1372/4707/1795 1378/4708/1803
f 1372/4699/1796 1376/4709/1804 1378/4710/1805
f 1374/4701/1798 1381/4711/1806 1375/4712/1807
f 1381/4713/1808 1373/4714/1809 1375/4704/1800
f 1377/4706/1802 1384/4715/1810 1383/4716/1811
f 1384/4717/1812 1376/4709/1804 1382/4718/1813
f 1386/4719/1814 1381/4711/1806 1380/4720/1815
f 1387/4721/1816 1379/4722/1817 1381/4713/1808
f 1389/4723/1818 1384/4715/1810 1390/4724/1819
f 1384/4717/1812 1388/4725/1820 1390/4726/1821
f 1392/4727/1822 1387/4728/1823 1386/4719/1814
f 1393/4729/1824 1385/4730/1825 1387/4721/1816
f 1389/4723/1818 1396/4731/1826 1395/4732/1827
f 1396/4733/1828 1388/4725/1820 1394/4734/1829
f 1398/4735/1830 1393/4736/1831 1392/4737/1822
f 1393/4729/1824 1397/4738/1832 1391/4739/1833
f 1395/4740/1827 1402/4741/1834 1401/4742/1835
f 1396/4733/1828 1400/4743/1836 1402/4744/1837
f 1404/4745/1838 1399/4746/1839 1398/4735/1830
f 1399/4747/1840 1403/4748/1841 1397/4738/1832
f 1401/4742/1835 1408/4749/1842 1407/4750/1843
f 1402/4744/1837 1406/4751/1844 1408/4752/1845
f 1410/4753/1846 1405/4754/1847 1404/4745/1838
f 1411/4755/1848 1403/4748/1841 1405/4756/1849
f 1413/4757/1850 1408/4749/1842 1414/4758/1851
f 1408/4752/1845 1412/4759/1852 1414/4760/1853
f 1416/4761/1854 1411/4762/1855 1410/4763/1846
f 1411/4755/1848 1415/4764/1856 1409/4765/1857
f 1419/4766/1858 1414/4767/1851 1420/4768/1859
f 1414/4760/1853 1418/4769/1860 1420/4770/1861
f 1338/4655/1754 1417/4771/1862 1416/4761/1854
f 1417/4772/1863 1337/4660/1759 1415/4764/1856
f 1419/4766/1858 1342/4662/1761 1341/4773/1864
f 1342/4774/1865 1418/4769/1860 1340/4665/1764
f 1428/4775/1866 1423/4776/1867 1422/4777/1868
f 1429/4778/1869 1421/4779/1870 1423/4780/1871
f 1431/4781/1872 1426/4782/1873 1432/4783/1874
f 1426/4784/1875 1430/4785/1876 1432/4786/1877
f 1434/4787/1878 1429/4788/1879 1428/4775/1866
f 1435/4789/1880 1427/4790/1881 1429/4778/1869
f 1431/4781/1872 1438/4791/1882 1437/4792/1883
f 1438/4793/1884 1430/4785/1876 1436/4794/1885
f 1434/4795/1878 1441/4796/1886 1435/4797/1887
f 1435/4789/1880 1439/4798/1888 1433/4799/1889
f 1437/4800/1883 1444/4801/1890 1443/4802/1891
f 1438/4793/1884 1442/4803/1892 1444/4804/1893
f 1446/4805/1894 1441/4796/1886 1440/4806/1895
f 1441/4807/1896 1445/4808/1897 1439/4798/1888
f 1443/4802/1891 1450/4809/1898 1449/4810/1899
f 1444/4804/1893 1448/4811/1900 1450/4812/1901
f 1452/4813/1902 1447/4814/1903 1446/4805/1894
f 1453/4815/1904 1445/4808/1897 1447/4816/1905
f 1455/4817/1906 1450/4809/1898 1456/4818/1907
f 1456/4819/1908 1448/4811/1900 1454/4820/1909
f 1458/4821/1910 1453/4822/1911 1452/4823/1902
f 1453/4815/1904 1457/4824/1912 1451/4825/1913
f 1461/4826/1914 1456/4827/1907 1462/4828/1915
f 1456/4819/1908 1460/4829/1916 1462/4830/1917
f 1464/4831/1918 1459/4832/1919 1458/4821/1910
f 1459/4833/1920 1463/4834/1921 1457/4824/1912
f 1461/4826/1914 1468/4835/1922 1467/4836/1923
f 1468/4837/1924 1460/4829/1916 1466/4838/1925
f 1464/4831/1918 1471/4839/1926 1465/4840/1927
f 1465/4841/1928 1469/4842/1929 1463/4834/1921
f 1473/4843/1930 1468/4835/1922 1474/4844/1931
f 1474/4845/1932 1466/4838/1925 1472/4846/1933
f 1476/4847/1934 1471/4839/1926 1470/4848/1935
f 1477/4849/1936 1469/4842/1929 1471/4850/1937
f 1473/4843/1930 1480/4851/1938 1479/4852/1939
f 1474/4845/1932 1478/4853/1940 1480/4854/1941
f 1476/4855/1934 1483/4856/1942 1477/4857/1943
f 1477/4849/1936 1481/4858/1944 1475/4859/1945
f 1479/4860/1939 1486/4861/1946 1485/4862/1947
f 1480/4854/1941 1484/4863/1948 1486/4864/1949
f 1488/4865/1950 1483/4856/1942 1482/4866/1951
f 1489/4867/1952 1481/4858/1944 1483/4868/1953
f 1485/4862/1947 1492/4869/1954 1491/4870/1955
f 1486/4864/1949 1490/4871/1956 1492/4872/1957
f 1488/4865/1950 1495/4873/1958 1489/4874/1959
f 1495/4875/1960 1487/4876/1961 1489/4867/1952
f 1497/4877/1962 1492/4869/1954 1498/4878/1963
f 1498/4879/1964 1490/4871/1956 1496/4880/1965
f 1500/4881/1966 1495/4882/1958 1494/4883/1967
f 1501/4884/1968 1493/4885/1969 1495/4875/1960
f 1503/4886/1970 1498/4887/1963 1504/4888/1971
f 1498/4879/1964 1502/4889/1972 1504/4890/1973
f 1500/4881/1966 1423/4776/1867 1501/4891/1974
f 1423/4780/1871 1499/4892/1975 1501/4884/1968
f 1503/4886/1970 1426/4782/1873 1425/4893/1976
f 1426/4784/1875 1502/4889/1972 1424/4894/1977
f 1509/4895/1978 1508/4896/436 1505/4897/435
f 1508/4896/436 1510/4898/1979 1506/4899/438
f 1512/4900/1980 1511/4901/1981 1509/4895/1978
f 1511/4901/1981 1513/4902/1982 1510/4898/1979
f 1512/4900/1980 1517/4903/1983 1514/4904/1984
f 1517/4903/1983 1513/4902/1982 1514/4904/1984
f 1515/4905/1985 1521/4906/440 1517/4903/1983
f 1521/4906/440 1516/4907/1986 1517/4903/1983
f 1526/4908/1987 1525/4909/444 1522/4910/443
f 1525/4909/444 1527/4911/1988 1523/4912/446
f 1529/4913/1989 1528/4914/1990 1526/4908/1987
f 1528/4914/1990 1530/4915/1991 1527/4911/1988
f 1529/4913/1989 1534/4916/1992 1531/4917/1993
f 1534/4916/1992 1530/4915/1991 1531/4917/1993
f 1532/4918/1994 1538/4919/448 1534/4916/1992
f 1538/4919/448 1533/4920/1995 1534/4916/1992
f 1543/4921/1996 1542/4922/452 1539/4923/451
f 1542/4922/452 1544/4924/1997 1540/4925/454
f 1546/4926/1998 1545/4927/1999 1543/4921/1996
f 1545/4927/1999 1547/4928/2000 1544/4924/1997
f 1546/4926/1998 1551/4929/2001 1548/4930/2002
f 1551/4929/2001 1547/4928/2000 1548/4930/2002
f 1549/4931/2003 1555/4932/456 1551/4929/2001
f 1555/4932/456 1550/4933/2004 1551/4929/2001
f 1560/4934/2005 1559/4935/460 1556/4936/459
f 1559/4935/460 1561/4937/2006 1557/4938/462
f 1563/4939/2007 1562/4940/2008 1560/4934/2005
f 1562/4940/2008 1564/4941/2009 1561/4937/2006
f 1563/4939/2007 1568/4942/2010 1565/4943/2011
f 1568/4942/2010 1564/4941/2009 1565/4943/2011
f 1566/4944/2012 1572/4945/464 1568/4942/2010
f 1572/4945/464 1567/4946/2013 1568/4942/2010
f 1577/4947/2014 1576/4948/468 1573/4949/467
f 1576/4948/468 1578/4950/2015 1574/4951/470
f 1580/4952/2016 1579/4953/2017 1577/4947/2014
f 1579/4953/2017 1581/4954/2018 1578/4950/2015
f 1580/4952/2016 1585/4955/2019 1582/4956/46
f 1585/4955/2019 1581/4954/2018 1582/4956/46
f 1583/4957/2020 1589/4958/472 1585/4955/2019
f 1589/4958/472 1584/4959/2021 1585/4955/2019
f 1594/4960/2022 1593/4961/476 1590/4962/475
f 1593/4961/476 1595/4963/2023 1591/4964/478
f 1597/4965/2024 1596/4966/2025 1594/4960/2022
f 1596/4966/2025 1598/4967/2026 1595/4963/2023
f 1597/4965/2024 1602/4968/2027 1599/4969/2028
f 1602/4968/2027 1598/4967/2026 1599/4969/2028
f 1600/4970/2029 1606/4971/480 1602/4968/2027
f 1606/4971/480 1601/4972/2030 1602/4968/2027
f 1611/4973/2031 1610/4974/484 1607/4975/483
f 1610/4974/484 1612/4976/2032 1608/4977/486
f 1614/4978/2033 1613/4979/2034 1611/4973/2031
f 1613/4979/2034 1615/4980/2035 1612/4976/2032
f 1614/4978/2033 1619/4981/2036 1616/4982/2037
f 1619/4981/2036 1615/4980/2035 1616/4982/2037
f 1617/4983/2038 1623/4984/488 1619/4981/2036
f 1623/4984/488 1618/4985/2039 1619/4981/2036
f 1628/4986/2040 1627/4987/492 1624/4988/491
f 1627/4987/492 1629/4989/2041 1625/4990/494
f 1631/4991/2042 1630/4992/2043 1628/4986/2040
f 1630/4992/2043 1632/4993/2044 1629/4989/2041
f 1631/4991/2042 1636/4994/2045 1633/4995/2046
f 1636/4994/2045 1632/4993/2044 1633/4995/2046
f 1634/4996/2047 1640/4997/496 1636/4994/2045
f 1640/4997/496 1635/4998/2048 1636/4994/2045
f 1645/4999/2049 1644/5000/500 1641/5001/499
f 1644/5000/500 1646/5002/2050 1642/5003/502
f 1648/5004/2051 1647/5005/2052 1645/4999/2049
f 1647/5005/2052 1649/5006/2053 1646/5002/2050
f 1648/5004/2051 1653/5007/2054 1650/5008/2055
f 1653/5007/2054 1649/5006/2053 1650/5008/2055
f 1651/5009/2056 1657/5010/504 1653/5007/2054
f 1657/5010/504 1652/5011/2057 1653/5007/2054
f 1662/5012/2058 1661/5013/508 1658/5014/507
f 1661/5013/508 1663/5015/2059 1659/5016/510
f 1665/5017/2060 1664/5018/2061 1662/5012/2058
f 1664/5018/2061 1666/5019/2062 1663/5015/2059
f 1665/5017/2060 1670/5020/2063 1667/5021/14
f 1670/5020/2063 1666/5019/2062 1667/5021/14
f 1668/5022/2064 1674/5023/512 1670/5020/2063
f 1674/5023/512 1669/5024/2065 1670/5020/2063
f 1679/5025/1978 1678/5026/436 1675/5027/435
f 1678/5026/436 1680/5028/1979 1676/5029/438
f 1682/5030/1980 1681/5031/1981 1679/5025/1978
f 1681/5031/1981 1683/5032/1982 1680/5028/1979
f 1682/5030/1980 1687/5033/1983 1684/5034/1984
f 1687/5033/1983 1683/5032/1982 1684/5034/1984
f 1685/5035/1985 1691/5036/440 1687/5033/1983
f 1691/5036/440 1686/5037/1986 1687/5033/1983
f 1696/5038/1987 1695/5039/444 1692/5040/515
f 1695/5039/444 1697/5041/1988 1693/5042/446
f 1699/5043/1989 1698/5044/1990 1696/5038/1987
f 1698/5044/1990 1700/5045/1991 1697/5041/1988
f 1699/5043/1989 1704/5046/1992 1701/5047/1993
f 1704/5046/1992 1700/5045/1991 1701/5047/1993
f 1702/5048/1994 1708/5049/448 1704/5046/1992
f 1708/5049/448 1703/5050/1995 1704/5046/1992
f 1713/5051/1996 1712/5052/452 1709/5053/451
f 1712/5052/452 1714/5054/1997 1710/5055/454
f 1716/5056/1998 1715/5057/1999 1713/5051/1996
f 1715/5057/1999 1717/5058/2000 1714/5054/1997
f 1716/5056/1998 1721/5059/2001 1718/5060/2002
f 1721/5059/2001 1717/5058/2000 1718/5060/2002
f 1719/5061/2003 1725/5062/456 1721/5059/2001
f 1725/5062/456 1720/5063/2004 1721/5059/2001
f 1730/5064/2005 1729/5065/460 1726/5066/459
f 1729/5065/460 1731/5067/2006 1727/5068/462
f 1733/5069/2007 1732/5070/2008 1730/5064/2005
f 1732/5070/2008 1734/5071/2009 1731/5067/2006
f 1733/5069/2007 1738/5072/2010 1735/5073/2011
f 1738/5072/2010 1734/5071/2009 1735/5073/2011
f 1736/5074/2012 1742/5075/464 1738/5072/2010
f 1742/5075/464 1737/5076/2013 1738/5072/2010
f 1747/5077/2066 1746/5078/468 1743/5079/467
f 1746/5078/468 1748/5080/2067 1744/5081/470
f 1750/5082/2016 1749/5083/2017 1747/5077/2066
f 1749/5083/2017 1751/5084/2018 1748/5080/2067
f 1750/5082/2016 1755/5085/2019 1752/5086/46
f 1755/5085/2019 1751/5084/2018 1752/5086/46
f 1753/5087/2020 1759/5088/472 1755/5085/2019
f 1759/5088/472 1754/5089/2021 1755/5085/2019
f 1764/5090/2022 1763/5091/476 1760/5092/475
f 1763/5091/476 1765/5093/2023 1761/5094/478
f 1767/5095/2024 1766/5096/2025 1764/5090/2022
f 1766/5096/2025 1768/5097/2026 1765/5093/2023
f 1767/5095/2024 1772/5098/2027 1769/5099/2028
f 1772/5098/2027 1768/5097/2026 1769/5099/2028
f 1770/5100/2029 1776/5101/480 1772/5098/2027
f 1776/5101/480 1771/5102/2030 1772/5098/2027
f 1781/5103/2031 1780/5104/484 1777/5105/483
f 1780/5104/484 1782/5106/2032 1778/5107/486
f 1784/5108/2033 1783/5109/2034 1781/5103/2031
f 1783/5109/2034 1785/5110/2035 1782/5106/2032
f 1784/5108/2033 1789/5111/2036 1786/5112/2037
f 1789/5111/2036 1785/5110/2035 1786/5112/2037
f 1787/5113/2038 1793/5114/488 1789/5111/2036
f 1793/5114/488 1788/5115/2039 1789/5111/2036
f 1798/5116/2040 1797/5117/492 1794/5118/491
f 1797/5117/492 1799/5119/2041 1795/5120/516
f 1801/5121/2042 1800/5122/2043 1798/5116/2040
f 1800/5122/2043 1802/5123/2044 1799/5119/2041
f 1801/5121/2042 1806/5124/2045 1803/5125/2046
f 1806/5124/2045 1802/5123/2044 1803/5125/2046
f 1804/5126/2047 1810/5127/496 1806/5124/2045
f 1810/5127/496 1805/5128/2048 1806/5124/2045
f 1815/5129/2049 1814/5130/500 1811/5131/499
f 1814/5130/500 1816/5132/2050 1812/5133/502
f 1818/5134/2051 1817/5135/2052 1815/5129/2049
f 1817/5135/2052 1819/5136/2053 1816/5132/2050
f 1818/5134/2051 1823/5137/2054 1820/5138/2055
f 1823/5137/2054 1819/5136/2053 1820/5138/2055
f 1821/5139/2056 1827/5140/504 1823/5137/2054
f 1827/5140/504 1822/5141/2057 1823/5137/2054
f 1832/5142/2058 1831/5143/508 1828/5144/507
f 1831/5143/508 1833/5145/2059 1829/5146/510
f 1835/5147/2060 1834/5148/2061 1832/5142/2058
f 1834/5148/2061 1836/5149/2062 1833/5145/2059
f 1835/5147/2060 1840/5150/2063 1837/5151/14
f 1840/5150/2063 1836/5149/2062 1837/5151/14
f 1838/5152/2064 1844/5153/512 1840/5150/2063
f 1844/5153/512 1839/5154/2065 1840/5150/2063
f 1852/5155/2068 1847/5156/2069 1846/5157/2070
f 1847/5158/2071 1851/5159/2072 1845/5160/2073
f 1855/5161/2074 1850/5162/2075 1856/5163/2076
f 1850/5164/2077 1854/5165/2078 1856/5166/2079
f 1858/5167/2080 1853/5168/2081 1852/5155/2068
f 1859/5169/2082 1851/5159/2072 1853/5170/2083
f 1855/5161/2074 1862/5171/2084 1861/5172/2085
f 1862/5173/2086 1854/5165/2078 1860/5174/2087
f 1864/5175/2088 1859/5176/2089 1858/5177/2080
f 1865/5178/2090 1857/5179/2091 1859/5169/2082
f 1867/5180/2092 1862/5181/2084 1868/5182/2093
f 1862/5173/2086 1866/5183/2094 1868/5184/2095
f 1870/5185/2096 1865/5186/2097 1864/5175/2088
f 1871/5187/2098 1863/5188/2099 1865/5178/2090
f 1867/5180/2092 1874/5189/2100 1873/5190/2101
f 1868/5184/2095 1872/5191/2102 1874/5192/2103
f 1870/5185/2096 1877/5193/2104 1871/5194/2105
f 1871/5187/2098 1875/5195/2106 1869/5196/2107
f 1873/5190/2101 1880/5197/2108 1879/5198/2109
f 1874/5192/2103 1878/5199/2110 1880/5200/2111
f 1882/5201/2112 1877/5202/2104 1876/5203/2113
f 1877/5204/2114 1881/5205/2115 1875/5195/2106
f 1885/5206/2116 1880/5207/2108 1886/5208/2117
f 1880/5200/2111 1884/5209/2118 1886/5210/2119
f 1888/5211/2120 1883/5212/2121 1882/5201/2112
f 1883/5213/2122 1887/5214/2123 1881/5205/2115
f 1885/5206/2116 1892/5215/2124 1891/5216/2125
f 1886/5210/2119 1890/5217/2126 1892/5218/2127
f 1888/5211/2120 1895/5219/2128 1889/5220/2129
f 1895/5221/2130 1887/5214/2123 1889/5222/2131
f 1891/5216/2125 1898/5223/2132 1897/5224/2133
f 1898/5225/2134 1890/5217/2126 1896/5226/2135
f 1900/5227/2136 1895/5219/2128 1894/5228/2137
f 1895/5221/2130 1899/5229/2138 1893/5230/2139
f 1903/5231/2140 1898/5223/2132 1904/5232/2141
f 1898/5225/2134 1902/5233/2142 1904/5234/2143
f 1906/5235/2144 1901/5236/2145 1900/5237/2136
f 1907/5238/2146 1899/5229/2138 1901/5239/2147
f 1909/5240/2148 1904/5241/2141 1910/5242/2149
f 1910/5243/2150 1902/5233/2142 1908/5244/2151
f 1912/5245/2152 1907/5246/2153 1906/5235/2144
f 1913/5247/2154 1905/5248/2155 1907/5238/2146
f 1909/5240/2148 1916/5249/2156 1915/5250/2157
f 1916/5251/2158 1908/5244/2151 1914/5252/2159
f 1912/5245/2152 1919/5253/2160 1913/5254/2161
f 1913/5247/2154 1917/5255/2162 1911/5256/2163
f 1921/5257/2164 1916/5249/2156 1922/5258/2165
f 1922/5259/2166 1914/5252/2159 1920/5260/2167
f 1924/5261/2168 1919/5262/2160 1918/5263/2169
f 1925/5264/2170 1917/5255/2162 1919/5265/2171
f 1921/5266/2164 1928/5267/2172 1927/5268/2173
f 1922/5259/2166 1926/5269/2174 1928/5270/2175
f 1846/5157/2070 1925/5271/2176 1924/5261/2168
f 1925/5264/2170 1845/5160/2073 1923/5272/2177
f 1849/5273/2178 1928/5267/2172 1850/5162/2075
f 1928/5270/2175 1848/5274/2179 1850/5164/2077
f 1930/5275/2180 1937/5276/2181 1931/5277/2182
f 1937/5278/2183 1929/5279/2184 1931/5280/2185
f 1933/5281/2186 1940/5282/2187 1939/5283/2188
f 1940/5284/2189 1932/5285/2190 1938/5286/2191
f 1936/5287/2192 1943/5288/2193 1937/5276/2181
f 1937/5278/2183 1941/5289/2194 1935/5290/2195
f 1945/5291/2196 1940/5282/2187 1946/5292/2197
f 1946/5293/2198 1938/5286/2191 1944/5294/2199
f 1942/5295/2200 1949/5296/2201 1943/5297/2193
f 1949/5298/2202 1941/5289/2194 1943/5299/2203
f 1951/5300/2204 1946/5301/2197 1952/5302/2205
f 1952/5303/2206 1944/5294/2199 1950/5304/2207
f 1954/5305/2208 1949/5296/2201 1948/5306/2209
f 1955/5307/2210 1947/5308/2211 1949/5298/2202
f 1951/5300/2204 1958/5309/2212 1957/5310/2213
f 1958/5311/2214 1950/5304/2207 1956/5312/2215
f 1954/5305/2208 1961/5313/2216 1955/5314/2217
f 1955/5307/2210 1959/5315/2218 1953/5316/2219
f 1963/5317/2220 1958/5309/2212 1964/5318/2221
f 1958/5311/2214 1962/5319/2222 1964/5320/2223
f 1966/5321/2224 1961/5322/2216 1960/5323/2225
f 1961/5324/2226 1965/5325/2227 1959/5315/2218
f 1963/5326/2220 1970/5327/2228 1969/5328/2229
f 1964/5320/2223 1968/5329/2230 1970/5330/2231
f 1972/5331/2232 1967/5332/2233 1966/5321/2224
f 1967/5333/2234 1971/5334/2235 1965/5325/2227
f 1975/5335/2236 1970/5327/2228 1976/5336/2237
f 1970/5330/2231 1974/5337/2238 1976/5338/2239
f 1972/5331/2232 1979/5339/2240 1973/5340/2241
f 1979/5341/2242 1971/5334/2235 1973/5342/2243
f 1981/5343/2244 1976/5336/2237 1982/5344/2245
f 1976/5338/2239 1980/5345/2246 1982/5346/2247
f 1978/5347/2248 1985/5348/2249 1979/5339/2240
f 1985/5349/2250 1977/5350/2251 1979/5341/2242
f 1981/5343/2244 1988/5351/2252 1987/5352/2253
f 1988/5353/2254 1980/5345/2246 1986/5354/2255
f 1990/5355/2256 1985/5356/2249 1984/5357/2257
f 1991/5358/2258 1983/5359/2259 1985/5349/2250
f 1993/5360/2260 1988/5361/2252 1994/5362/2261
f 1994/5363/2262 1986/5354/2255 1992/5364/2263
f 1996/5365/2264 1991/5366/2265 1990/5355/2256
f 1997/5367/2266 1989/5368/2267 1991/5358/2258
f 1993/5360/2260 2000/5369/2268 1999/5370/2269
f 1994/5363/2262 1998/5371/2270 2000/5372/2271
f 1996/5365/2264 2003/5373/2272 1997/5374/2273
f 2003/5375/2274 1995/5376/2275 1997/5367/2266
f 1999/5370/2269 2006/5377/2276 2005/5378/2277
f 2000/5372/2271 2004/5379/2278 2006/5380/2279
f 2002/5381/2280 2009/5382/2281 2003/5383/2272
f 2003/5375/2274 2007/5384/2282 2001/5385/2283
f 2011/5386/2284 2006/5387/2276 2012/5388/2285
f 2006/5380/2279 2010/5389/2286 2012/5390/2287
f 2008/5391/2288 1931/5277/2182 2009/5382/2281
f 1931/5280/2185 2007/5384/2282 2009/5392/2289
f 1933/5281/2186 2012/5388/2285 1934/5393/2290
f 1934/5394/2291 2010/5389/2286 1932/5285/2190
f 2020/5395/2292 2019/1364/518 2016/5396/517
f 2019/1364/518 2021/5397/2293 2017/1365/520
f 2020/5395/2292 2026/1368/522 2022/5398/1984
f 2026/1368/522 2021/5397/2293 2022/5398/1984
f 2037/5399/2294 2036/1374/526 2033/1373/525
f 2036/1374/526 2038/5400/2295 2034/1376/528
f 2037/5399/2294 2043/1378/530 2039/5401/1993
f 2043/1378/530 2038/5400/2295 2039/5401/1993
f 2044/5402/2296 2029/5403/2297 2028/5404/2298
f 2046/5405/2299 2027/5406/2300 2029/5403/2297
f 2030/5407/2301 2015/5408/2302 2014/5409/2303
f 2015/5408/2302 2031/5410/2304 2013/5411/2305
f 2054/5412/2306 2053/1382/534 2050/1381/533
f 2053/1382/534 2055/5413/2307 2051/1384/536
f 2054/5412/2306 2060/1386/538 2056/5414/2002
f 2060/1386/538 2055/5413/2307 2056/5414/2002
f 2061/5415/2308 2046/5405/2299 2044/5402/2296
f 2063/5416/2309 2045/5417/2310 2046/5405/2299
f 2047/5418/2311 2032/5419/2312 2030/5407/2301
f 2049/5420/2313 2031/5410/2304 2032/5419/2312
f 2071/5421/2314 2070/1390/542 2067/1389/541
f 2070/1390/542 2072/5422/2315 2068/5423/544
f 2071/5421/2314 2077/1398/546 2073/5424/2011
f 2077/1398/546 2072/5422/2315 2073/5424/2011
f 2047/5418/2311 2066/5425/2316 2049/5420/2313
f 2066/5425/2316 2048/5426/2317 2049/5420/2313
f 2062/5427/2318 2080/5428/2319 2079/5429/2320
f 2080/5428/2319 2061/5415/2308 2078/5430/2321
f 2088/5431/2322 2087/1402/550 2084/1401/549
f 2087/1402/550 2089/5432/2323 2085/1404/552
f 2088/5431/2322 2094/1406/554 2090/5433/46
f 2094/1406/554 2089/5432/2323 2090/5433/46
f 2081/5434/2324 2066/5425/2316 2064/5435/2325
f 2083/5436/2326 2065/5437/2327 2066/5425/2316
f 2096/5438/2328 2080/5428/2319 2097/5439/2329
f 2097/5439/2329 2078/5430/2321 2095/5440/2330
f 2105/5441/2331 2104/1412/558 2101/5442/557
f 2104/1412/558 2106/5443/2332 2102/1413/560
f 2105/5441/2331 2111/1416/562 2107/5444/2028
f 2111/1416/562 2106/5443/2332 2107/5444/2028
f 2096/5438/2328 2114/5445/2333 2113/5446/2334
f 2097/5439/2329 2112/5447/2335 2114/5445/2333
f 2082/5448/2336 2100/5449/2337 2099/5450/2338
f 2100/5449/2337 2081/5434/2324 2098/5451/2339
f 2122/5452/2340 2121/1422/566 2118/1421/565
f 2121/1422/566 2123/5453/2341 2119/1424/568
f 2122/5452/2340 2128/1426/570 2124/5454/2037
f 2128/1426/570 2123/5453/2341 2124/5454/2037
f 2113/5446/2334 2131/5455/2342 2130/5456/2343
f 2114/5445/2333 2129/5457/2344 2131/5455/2342
f 2116/5458/2345 2100/5449/2337 2117/5459/2346
f 2117/5459/2346 2098/5451/2339 2115/5460/2347
f 2139/5461/2348 2138/1430/574 2135/1429/573
f 2138/1430/574 2140/5462/2349 2136/1432/576
f 2139/5461/2348 2145/1434/578 2141/5463/2046
f 2145/1434/578 2140/5462/2349 2141/5463/2046
f 2130/5456/2343 2148/5464/2350 2147/5465/2351
f 2131/5455/2342 2146/5466/2352 2148/5464/2350
f 2133/5467/2353 2117/5459/2346 2134/5468/2354
f 2117/5459/2346 2132/5469/2355 2134/5468/2354
f 2156/5470/2356 2155/1438/582 2152/1437/581
f 2155/1438/582 2157/5471/2357 2153/5472/584
f 2156/5470/2356 2162/1446/586 2158/5473/2055
f 2162/1446/586 2157/5471/2357 2158/5473/2055
f 2147/5465/2351 2165/5474/2358 2164/5475/2359
f 2165/5474/2358 2146/5466/2352 2163/5476/2360
f 2133/5467/2353 2151/5477/2361 2150/5478/2362
f 2151/5477/2361 2132/5469/2355 2149/5479/2363
f 2173/5480/2364 2172/1450/590 2169/1449/589
f 2172/1450/590 2174/5481/2365 2170/1452/592
f 2173/5480/2364 2179/1454/594 2175/5482/14
f 2179/1454/594 2174/5481/2365 2175/5482/14
f 2150/5478/2362 2168/5483/2366 2167/5484/2367
f 2168/5483/2366 2149/5479/2363 2166/5485/2368
f 2163/5476/2360 2182/5486/2369 2165/5474/2358
f 2182/5486/2369 2164/5475/2359 2165/5474/2358
f 2013/5411/2305 2168/5483/2366 2015/5408/2302
f 2168/5483/2366 2014/5409/2303 2015/5408/2302
f 2028/5404/2298 2182/5486/2369 2180/5487/2370
f 2182/5486/2369 2027/5406/2300 2181/5488/2371
f 2190/5489/2292 2189/1460/518 2186/5490/517
f 2189/1460/518 2191/5491/2293 2187/1461/520
f 2190/5489/2292 2196/1464/522 2192/5492/1984
f 2196/1464/522 2191/5491/2293 2192/5492/1984
f 2207/5493/2294 2206/1470/526 2203/1469/525
f 2206/1470/526 2208/5494/2295 2204/1472/528
f 2207/5493/2294 2213/1474/530 2209/5495/1993
f 2213/1474/530 2208/5494/2295 2209/5495/1993
f 2214/5496/2296 2199/5497/2297 2198/5498/2298
f 2199/5497/2297 2215/5499/2310 2197/5500/2300
f 2200/5501/2301 2185/5502/2302 2184/5503/2303
f 2185/5502/2302 2201/5504/2304 2183/5505/2305
f 2224/5506/2372 2223/1478/534 2220/1477/533
f 2223/1478/534 2225/5507/2307 2221/1480/536
f 2224/5506/2372 2230/1482/538 2226/5508/2002
f 2230/1482/538 2225/5507/2307 2226/5508/2002
f 2231/5509/2308 2216/5510/2299 2214/5496/2296
f 2233/5511/2309 2215/5499/2310 2216/5510/2299
f 2217/5512/2311 2202/5513/2312 2200/5501/2301
f 2202/5513/2312 2218/5514/2317 2201/5504/2304
f 2241/5515/2314 2240/1486/542 2237/1485/541
f 2240/1486/542 2242/5516/2315 2238/5517/544
f 2241/5515/2314 2247/1494/546 2243/5518/2011
f 2247/1494/546 2242/5516/2315 2243/5518/2011
f 2234/5519/2325 2219/5520/2373 2217/5512/2311
f 2236/5521/2374 2218/5514/2317 2219/5520/2373
f 2249/5522/2320 2233/5511/2309 2250/5523/2319
f 2250/5523/2319 2231/5509/2308 2248/5524/2375
f 2258/5525/2322 2257/1498/550 2254/1497/549
f 2257/1498/550 2259/5526/2323 2255/1500/552
f 2258/5525/2322 2264/1502/554 2260/5527/46
f 2264/1502/554 2259/5526/2323 2260/5527/46
f 2251/5528/2324 2236/5521/2374 2234/5519/2325
f 2253/5529/2326 2235/5530/2327 2236/5521/2374
f 2249/5522/2320 2267/5531/2329 2266/5532/2328
f 2250/5523/2319 2265/5533/2330 2267/5531/2329
f 2275/5534/2331 2274/1508/558 2271/5535/557
f 2274/1508/558 2276/5536/2332 2272/1509/560
f 2275/5534/2331 2281/1512/562 2277/5537/2028
f 2281/1512/562 2276/5536/2332 2277/5537/2028
f 2266/5532/2328 2284/5538/2333 2283/5539/2334
f 2267/5531/2329 2282/5540/2335 2284/5538/2333
f 2269/5541/2376 2253/5529/2326 2270/5542/2337
f 2270/5542/2337 2251/5528/2324 2268/5543/2339
f 2292/5544/2340 2291/1518/566 2288/1517/565
f 2291/1518/566 2293/5545/2377 2289/1520/568
f 2292/5544/2340 2298/1522/570 2294/5546/2037
f 2298/1522/570 2293/5545/2377 2294/5546/2037
f 2300/5547/2343 2284/5538/2333 2301/5548/2342
f 2284/5538/2333 2299/5549/2344 2301/5548/2342
f 2286/5550/2345 2270/5542/2337 2287/5551/2346
f 2270/5542/2337 2285/5552/2347 2287/5551/2346
f 2309/5553/2378 2308/1526/574 2305/1525/573
f 2308/1526/574 2310/5554/2349 2306/1528/576
f 2309/5553/2378 2315/1530/578 2311/5555/2046
f 2315/1530/578 2310/5554/2349 2311/5555/2046
f 2300/5547/2343 2318/5556/2379 2317/5557/2351
f 2301/5548/2342 2316/5558/2352 2318/5556/2379
f 2303/5559/2353 2287/5551/2346 2304/5560/2354
f 2287/5551/2346 2302/5561/2355 2304/5560/2354
f 2326/5562/2356 2325/1534/582 2322/1533/581
f 2325/1534/582 2327/5563/2357 2323/5564/584
f 2326/5562/2356 2332/1542/586 2328/5565/2055
f 2332/1542/586 2327/5563/2357 2328/5565/2055
f 2317/5557/2351 2335/5566/2358 2334/5567/2359
f 2335/5566/2358 2316/5558/2352 2333/5568/2360
f 2303/5559/2353 2321/5569/2361 2320/5570/2362
f 2304/5560/2354 2319/5571/2363 2321/5569/2361
f 2343/5572/2364 2342/1546/590 2339/1545/589
f 2342/1546/590 2344/5573/2365 2340/1548/592
f 2343/5572/2364 2349/1550/594 2345/5574/14
f 2349/1550/594 2344/5573/2365 2345/5574/14
f 2320/5570/2362 2338/5575/2366 2337/5576/2367
f 2338/5575/2366 2319/5571/2363 2336/5577/2368
f 2333/5568/2360 2352/5578/2369 2335/5566/2358
f 2352/5578/2369 2334/5567/2359 2335/5566/2358
f 2183/5505/2305 2338/5575/2366 2185/5502/2302
f 2338/5575/2366 2184/5503/2303 2185/5502/2302
f 2198/5498/2298 2352/5578/2369 2350/5579/2370
f 2199/5497/2297 2351/5580/2371 2352/5578/2369
f 2367/1571/361 2359/1555/416 2370/5581/1682
f 2370/1576/605 2355/1559/349 2368/1574/364
f 2354/1556/346 2366/1564/354 2358/5582/1683
f 2366/5583/1742 2355/1559/349 2358/1561/419
f 2361/1565/355 2380/1582/423 2365/5584/1743
f 2380/5585/1686 2362/1568/358 2365/1570/360
f 2369/1577/367 2379/5586/1687 2375/1583/373
f 2379/1588/426 2368/1574/364 2376/1586/376
f 2367/1571/361 2398/5587/1744 2395/1607/397
f 2398/1612/402 2369/1577/367 2396/1610/400
f 2402/1616/406 2377/5588/1691 2374/1580/370
f 2408/5589/1745 2375/1583/373 2377/1585/425
f 2397/1613/403 2407/5590/1746 2403/1619/409
f 2407/1624/414 2396/1610/400 2404/1622/412
f 2381/1589/379 2401/1609/611 2384/5591/1748
f 2401/5592/1695 2382/1592/382 2384/1594/384
f 2388/1598/388 2405/5593/1749 2402/1616/406
f 2405/1621/411 2390/1604/394 2403/1619/409
f 2383/1595/385 2393/5594/1697 2389/1601/391
f 2393/1606/432 2382/1592/382 2390/1604/394
f 2381/1589/379 2356/5595/2380 2353/1553/343
f 2387/5596/1752 2354/1556/346 2356/1558/417
f 2361/1565/355 2391/5597/1701 2388/1598/388
f 2363/5598/1753 2389/1601/391 2391/1603/431
f 2409/1625/343 2426/5599/2381 2423/1643/361
f 2426/1648/617 2411/1631/349 2424/1646/364
f 2410/1628/346 2422/1636/354 2414/5600/1683
f 2422/5601/1742 2411/1631/349 2414/1633/419
f 2430/1652/370 2421/5602/1743 2417/1637/355
f 2436/5603/2382 2418/1640/358 2421/1642/615
f 2425/1649/367 2435/5604/1687 2431/1655/373
f 2435/1660/426 2424/1646/364 2432/1658/376
f 2423/1643/361 2454/5605/1744 2451/1679/397
f 2429/5606/1690 2452/1682/400 2454/1684/402
f 2458/1688/406 2433/5607/1691 2430/1652/370
f 2464/5608/1745 2431/1655/373 2433/1657/425
f 2453/1685/403 2463/5609/1746 2459/1691/409
f 2463/1696/414 2452/1682/400 2460/1694/412
f 2451/1679/397 2440/5610/1748 2437/1661/379
f 2457/5611/1695 2438/1664/382 2440/1666/384
f 2444/1670/388 2461/5612/1749 2458/1688/406
f 2461/1693/411 2446/1676/394 2459/1691/409
f 2439/1667/385 2449/5613/1697 2445/1673/391
f 2449/1678/432 2438/1664/382 2446/1676/394
f 2437/1661/379 2412/5614/2380 2409/1625/343
f 2443/5615/1752 2410/1628/346 2412/1630/417
f 2417/1637/355 2447/5616/1701 2444/1670/388
f 2419/5617/1753 2445/1673/391 2447/1675/431
f 2465/1697/343 2482/5618/2381 2479/1715/361
f 2482/1720/605 2467/1703/349 2480/1718/364
f 2466/1700/346 2478/1708/354 2470/5619/1683
f 2478/5620/1742 2467/1703/349 2470/1705/419
f 2486/1724/370 2477/5621/1743 2473/1709/355
f 2492/5622/1686 2474/1712/358 2477/1714/360
f 2481/1721/367 2491/5623/1687 2487/1727/373
f 2491/1732/426 2480/1718/364 2488/1730/376
f 2479/1715/361 2510/5624/1744 2507/1751/397
f 2510/1756/402 2481/1721/367 2508/1754/400
f 2514/1760/406 2489/5625/1691 2486/1724/370
f 2520/5626/1745 2487/1727/373 2489/1729/425
f 2509/1757/403 2519/5627/1746 2515/1763/409
f 2519/1768/414 2508/1754/400 2516/1766/412
f 2493/1733/379 2513/1753/611 2496/5628/1748
f 2513/5629/1695 2494/1736/382 2496/1738/384
f 2500/1742/388 2517/5630/1749 2514/1760/406
f 2517/1765/411 2502/1748/394 2515/1763/409
f 2495/1739/385 2505/5631/1697 2501/1745/391
f 2505/1750/432 2494/1736/382 2502/1748/394
f 2493/1733/379 2468/5632/2380 2465/1697/343
f 2499/5633/1752 2466/1700/346 2468/1702/417
f 2473/1709/355 2503/5634/1701 2500/1742/388
f 2475/5635/1753 2501/1745/391 2503/1747/431
f 2521/1769/343 2538/5636/2381 2535/1787/361
f 2538/1792/366 2523/1775/349 2536/1790/364
f 2522/1772/346 2534/1780/354 2526/5637/1683
f 2534/5638/1742 2523/1775/349 2526/1777/419
f 2529/1781/355 2548/1798/423 2533/5639/1743
f 2548/5640/1686 2530/1784/358 2533/1786/360
f 2537/1793/367 2547/5641/1687 2543/1799/373
f 2547/1804/426 2536/1790/364 2544/1802/376
f 2535/1787/361 2566/5642/1744 2563/1823/397
f 2541/5643/1690 2564/1826/400 2566/1828/402
f 2570/1832/406 2545/5644/1691 2542/1796/370
f 2576/5645/1745 2543/1799/373 2545/1801/425
f 2565/1829/403 2575/5646/1746 2571/1835/409
f 2575/1840/414 2564/1826/400 2572/1838/412
f 2549/1805/379 2569/1825/611 2552/5647/1748
f 2569/5648/1695 2550/1808/382 2552/1810/384
f 2556/1814/388 2573/5649/1749 2570/1832/406
f 2573/1837/411 2558/1820/394 2571/1835/409
f 2551/1811/385 2561/5650/1697 2557/1817/391
f 2561/1822/432 2550/1808/382 2558/1820/394
f 2549/1805/379 2524/5651/2380 2521/1769/343
f 2555/5652/1752 2522/1772/346 2524/1774/417
f 2529/1781/355 2559/5653/1701 2556/1814/388
f 2531/5654/1753 2557/1817/391 2559/1819/431
f 2577/1841/343 2594/5655/2381 2591/1859/361
f 2594/1864/366 2579/1847/349 2592/1862/364
f 2578/1844/346 2590/1852/354 2582/5656/1683
f 2590/5657/1742 2579/1847/349 2582/1849/419
f 2585/1853/355 2604/1870/423 2589/5658/1743
f 2604/5659/1686 2586/1856/358 2589/1858/615
f 2593/1865/367 2603/5660/1687 2599/1871/373
f 2603/1876/426 2592/1862/364 2600/1874/376
f 2591/1859/361 2622/5661/1744 2619/1895/397
f 2597/5662/1690 2620/1898/400 2622/1900/402
f 2626/1904/406 2601/5663/1691 2598/1868/370
f 2632/5664/1745 2599/1871/373 2601/1873/425
f 2621/1901/403 2631/5665/1746 2627/1907/409
f 2631/1912/414 2620/1898/400 2628/1910/412
f 2605/1877/379 2625/1897/611 2608/5666/1748
f 2625/5667/1695 2606/1880/382 2608/1882/384
f 2612/1886/388 2629/5668/1749 2626/1904/406
f 2629/1909/411 2614/1892/394 2627/1907/409
f 2607/1883/385 2617/5669/1697 2613/1889/391
f 2617/1894/432 2606/1880/382 2614/1892/394
f 2605/1877/379 2580/5670/2380 2577/1841/343
f 2611/5671/1752 2578/1844/346 2580/1846/417
f 2585/1853/355 2615/5672/1701 2612/1886/388
f 2587/5673/1753 2613/1889/391 2615/1891/431
f 2633/1913/343 2650/5674/2381 2647/1931/361
f 2650/1936/366 2635/1919/349 2648/1934/364
f 2634/1916/346 2646/1924/354 2638/5675/1683
f 2646/5676/1742 2635/1919/349 2638/1921/419
f 2654/1940/370 2645/5677/1743 2641/1925/355
f 2660/5678/1686 2642/1928/358 2645/1930/615
f 2649/1937/367 2659/5679/1687 2655/1943/373
f 2659/1948/426 2648/1934/364 2656/1946/376
f 2647/1931/361 2678/5680/1744 2675/1967/397
f 2653/5681/1690 2676/1970/400 2678/1972/402
f 2682/1976/406 2657/5682/1691 2654/1940/370
f 2657/1945/425 2684/1982/412 2655/1943/373
f 2677/1973/403 2687/5683/1746 2683/1979/409
f 2687/1984/414 2676/1970/400 2684/1982/412
f 2675/1967/397 2664/5684/2383 2661/1949/379
f 2681/5685/1695 2662/1952/382 2664/1954/384
f 2668/1958/388 2685/5686/1749 2682/1976/406
f 2685/1981/411 2670/1964/394 2683/1979/409
f 2663/1955/385 2673/5687/1697 2669/1961/391
f 2673/1966/432 2662/1952/382 2670/1964/394
f 2661/1949/379 2636/5688/2380 2633/1913/343
f 2636/1918/417 2663/1955/385 2634/1916/346
f 2641/1925/355 2671/5689/1701 2668/1958/388
f 2643/5690/1753 2669/1961/391 2671/1963/431
f 2689/1985/343 2706/5691/2381 2703/2003/361
f 2706/2008/366 2691/1991/349 2704/2006/364
f 2690/1988/346 2702/1996/354 2694/5692/1683
f 2702/5693/1742 2691/1991/349 2694/1993/419
f 2697/1997/355 2716/2014/423 2701/5694/1743
f 2716/5695/1686 2698/2000/358 2701/2002/615
f 2705/2009/367 2715/5696/1687 2711/2015/373
f 2715/2020/426 2704/2006/364 2712/2018/376
f 2703/2003/361 2734/5697/1744 2731/2039/397
f 2709/5698/1690 2732/2042/400 2734/2044/402
f 2738/2048/406 2713/5699/1691 2710/2012/370
f 2744/5700/1745 2711/2015/373 2713/2017/425
f 2733/2045/403 2743/5701/1746 2739/2051/409
f 2743/2056/414 2732/2042/400 2740/2054/412
f 2731/2039/397 2720/5702/1748 2717/2021/379
f 2737/5703/2384 2718/2024/382 2720/2026/630
f 2724/2030/388 2741/5704/1749 2738/2048/406
f 2741/2053/632 2726/2036/394 2739/2051/409
f 2719/2027/385 2729/5705/1697 2725/2033/391
f 2729/2038/432 2718/2024/382 2726/2036/394
f 2717/2021/379 2692/5706/2380 2689/1985/343
f 2723/5707/1752 2690/1988/346 2692/1990/417
f 2697/1997/355 2727/5708/1701 2724/2030/388
f 2699/5709/1753 2725/2033/391 2727/2035/431
f 2745/2057/343 2762/5710/2381 2759/2075/361
f 2762/2080/366 2747/2063/349 2760/2078/364
f 2746/2060/346 2758/2068/354 2750/5711/1683
f 2758/5712/1742 2747/2063/349 2750/2065/419
f 2766/2084/370 2757/5713/1743 2753/2069/355
f 2772/5714/1686 2754/2072/358 2757/2074/360
f 2761/2081/367 2771/5715/1687 2767/2087/373
f 2771/2092/426 2760/2078/364 2768/2090/376
f 2759/2075/361 2790/5716/1744 2787/2111/397
f 2765/5717/1690 2788/2114/400 2790/2116/402
f 2794/2120/406 2769/5718/1691 2766/2084/370
f 2769/2089/425 2796/2126/412 2767/2087/373
f 2789/2117/403 2799/5719/1746 2795/2123/409
f 2799/2128/414 2788/2114/400 2796/2126/412
f 2773/2093/379 2793/2113/611 2776/5720/1748
f 2793/5721/1695 2774/2096/382 2776/2098/384
f 2794/2120/406 2786/2104/429 2797/5722/1749
f 2797/2125/411 2782/2108/394 2795/2123/409
f 2775/2099/385 2785/5723/1697 2781/2105/391
f 2785/2110/432 2774/2096/382 2782/2108/394
f 2773/2093/379 2748/5724/2380 2745/2057/343
f 2748/2062/417 2775/2099/385 2746/2060/346
f 2753/2069/355 2783/5725/1701 2780/2102/388
f 2755/5726/1753 2781/2105/391 2783/2107/431
f 2816/2150/655 2807/2135/640 2803/2136/641
f 2807/2131/636 2815/2145/650 2801/2129/634
f 2809/2142/647 2828/2159/664 2824/2160/665
f 2811/5727/2385 2822/2153/658 2828/2155/660
f 2810/2144/649 2806/2132/637 2802/2134/639
f 2813/2140/645 2803/2136/641 2806/2132/637
f 2817/2152/657 2827/2156/661 2823/2158/663
f 2820/2148/653 2824/2160/665 2827/2156/661
f 2830/2166/671 2821/5728/656 2817/5729/657
f 2832/5730/2386 2815/2145/650 2821/2147/652
f 2838/2176/681 2825/5731/662 2842/2175/680
f 2825/5732/2387 2836/2169/674 2842/2171/676
f 2831/2168/673 2841/2172/677 2837/2174/679
f 2834/2164/669 2838/2176/681 2841/2172/677
f 2844/2182/687 2835/2167/672 2831/2168/673
f 2846/5733/2388 2829/2161/666 2835/2163/668
f 2837/2174/679 2856/2191/696 2852/2192/697
f 2856/2187/692 2836/2169/674 2850/2185/690
f 2845/2184/689 2855/2188/693 2851/2190/695
f 2848/2180/685 2852/2192/697 2855/2188/693
f 2858/2198/703 2849/2183/688 2845/2184/689
f 2849/2179/684 2857/2193/698 2843/2177/682
f 2851/2190/695 2870/2207/712 2866/2208/713
f 2853/5734/2389 2864/2201/706 2870/2203/708
f 2859/2200/705 2869/2204/709 2865/2206/711
f 2862/2196/701 2866/2208/713 2869/2204/709
f 2872/2214/719 2863/5735/704 2859/5736/705
f 2874/5737/2390 2857/2193/698 2863/2195/700
f 2880/2224/729 2867/5738/710 2884/2223/728
f 2867/5739/2391 2878/2217/722 2884/2219/724
f 2873/2216/721 2883/2220/725 2879/2222/727
f 2876/2212/717 2880/2224/729 2883/2220/725
f 2886/2230/735 2877/2215/720 2873/2216/721
f 2888/5740/2392 2871/2209/714 2877/2211/716
f 2879/2222/727 2898/2239/744 2894/2240/745
f 2898/2235/740 2878/2217/722 2892/2233/738
f 2887/2232/737 2897/2236/741 2893/2238/743
f 2890/2228/733 2894/2240/745 2897/2236/741
f 2900/2246/751 2891/2231/736 2887/2232/737
f 2891/2227/732 2899/2241/746 2885/2225/730
f 2893/2238/743 2912/2255/760 2908/2256/761
f 2895/5741/2393 2906/2249/754 2912/2251/756
f 2901/2248/753 2911/2252/757 2907/2254/759
f 2904/2244/749 2908/2256/761 2911/2252/757
f 2914/5742/767 2905/2247/752 2901/2248/753
f 2916/5743/2394 2899/2241/746 2905/2243/748
f 2922/5744/777 2909/2253/758 2926/5745/776
f 2909/5746/2395 2920/2265/770 2926/2267/772
f 2915/2264/769 2925/2268/773 2921/2270/775
f 2918/2260/765 2922/2272/777 2925/2268/773
f 2928/2278/783 2919/2263/768 2915/2264/769
f 2930/5747/2396 2913/2257/762 2919/2259/764
f 2921/2270/775 2940/2287/792 2936/2288/793
f 2940/2283/788 2920/2265/770 2934/2281/786
f 2929/2280/785 2939/2284/789 2935/2286/791
f 2932/2276/781 2936/2288/793 2939/2284/789
f 2942/2294/799 2933/2279/784 2929/2280/785
f 2933/2275/780 2941/2289/794 2927/2273/778
f 2935/2286/791 2954/2303/808 2950/2304/809
f 2937/5748/2397 2948/2297/802 2954/2299/804
f 2943/2296/801 2953/2300/805 2949/2302/807
f 2946/2292/797 2950/2304/809 2953/2300/805
f 2956/5749/815 2947/2295/800 2943/2296/801
f 2958/5750/2398 2941/2289/794 2947/2291/796
f 2964/5751/825 2951/2301/806 2968/5752/824
f 2951/5753/2399 2962/2313/818 2968/2315/820
f 2957/2312/817 2967/2316/821 2963/2318/823
f 2960/2308/813 2964/2320/825 2967/2316/821
f 2802/2134/639 2961/2311/816 2957/2312/817
f 2804/5754/2400 2955/2305/810 2961/2307/812
f 2963/2318/823 2814/2143/648 2810/2144/649
f 2814/2139/644 2962/2313/818 2808/2137/642
f 2983/2339/361 2975/2323/826 2986/5755/2401
f 2975/5756/2402 2984/2342/364 2986/2344/617
f 2976/2330/352 2974/5757/1683 2970/2324/346
f 2982/5758/1742 2971/2327/349 2974/2329/351
f 2990/2348/370 2981/5759/2403 2977/2333/355
f 2981/2338/615 2992/2354/376 2978/2336/358
f 2985/2345/367 2995/5760/2404 2991/2351/373
f 2995/2356/378 2984/2342/364 2992/2354/376
f 2983/2339/361 3014/5761/1689 3011/2375/397
f 2989/5762/1690 3012/2378/400 3014/2380/402
f 3018/2384/406 2993/5763/2405 2990/2348/370
f 3024/5764/1745 2991/2351/373 2993/2353/425
f 3013/2381/403 3023/5765/1693 3019/2387/409
f 3016/5766/1747 3020/2390/412 3023/2392/840
f 3011/2375/397 3000/5767/2383 2997/2357/379
f 3000/2362/630 3013/2381/403 2998/2360/382
f 3018/2384/406 3010/2368/833 3021/5768/2406
f 3010/5769/2407 3019/2387/409 3021/2389/632
f 2999/2363/385 3009/5770/1697 3005/2369/391
f 3002/5771/1698 3006/2372/394 3009/2374/432
f 2997/2357/379 2972/5772/1699 2969/2321/343
f 3003/5773/1752 2970/2324/346 2972/2326/417
f 2977/2333/355 3007/5774/1701 3004/2366/388
f 2979/5775/1753 3005/2369/391 3007/2371/431
f 3039/2411/361 3031/2395/826 3042/5776/2401
f 3031/5777/1741 3040/2414/364 3042/2416/366
f 3026/2396/346 3038/2404/354 3030/5778/1683
f 3038/5779/1742 3027/2399/349 3030/2401/351
f 3046/2420/370 3037/5780/2403 3033/2405/355
f 3037/2410/615 3048/2426/376 3034/2408/358
f 3041/2417/367 3051/5781/1687 3047/2423/373
f 3051/2428/426 3040/2414/364 3048/2426/376
f 3039/2411/361 3070/5782/1689 3067/2447/397
f 3045/5783/2408 3068/2450/400 3070/2452/850
f 3074/2456/406 3049/5784/2405 3046/2420/370
f 3080/5785/1745 3047/2423/373 3049/2425/425
f 3069/2453/403 3079/5786/1746 3075/2459/409
f 3079/2464/414 3068/2450/400 3076/2462/412
f 3067/2447/397 3056/5787/2383 3053/2429/379
f 3056/2434/384 3069/2453/403 3054/2432/382
f 3074/2456/406 3066/2440/833 3077/5788/2406
f 3066/5789/2407 3075/2459/409 3077/2461/632
f 3055/2435/385 3065/5790/1697 3061/2441/391
f 3065/2446/432 3054/2432/382 3062/2444/394
f 3053/2429/379 3028/5791/2380 3025/2393/343
f 3059/5792/1700 3026/2396/346 3028/2398/348
f 3060/2438/388 3035/2407/844 3063/5793/2409
f 3035/5794/1753 3061/2441/391 3063/2443/431
f 3088/5795/2410 3087/2467/853 3083/2470/856
f 3087/2467/853 3089/5796/2411 3081/2465/851
f 3091/5797/2412 3090/5798/2413 3088/5799/2410
f 3090/5798/2413 3092/5800/2414 3089/5801/2411
f 3091/5797/2412 3096/5802/2415 3093/5803/14
f 3096/5802/2415 3092/5800/2414 3093/5803/14
f 3094/5804/2416 3100/2476/862 3096/5805/2415
f 3100/2476/862 3095/5806/2417 3096/5805/2415
f 3111/5807/2418 3107/2483/869 3104/2479/865
f 3107/2483/869 3112/5808/2419 3105/2482/868
f 3114/5809/2420 3113/5810/2421 3111/5811/2418
f 3113/5812/2421 3115/5813/2422 3112/5814/2419
f 3114/5809/2420 3119/5815/2423 3116/5816/2424
f 3119/5817/2423 3115/5813/2422 3116/5818/2424
f 3117/5819/2425 3126/2488/874 3119/5820/2423
f 3126/2488/874 3118/5821/2426 3119/5820/2423
f 3098/2475/861 3125/2492/878 3102/2478/864
f 3102/2478/864 3121/2489/875 3099/2477/863
f 3106/2484/870 3086/2471/857 3082/2468/854
f 3086/2471/857 3105/2482/868 3083/2470/856
f 3134/5822/2427 3130/5823/883 3127/5824/879
f 3130/5823/883 3135/5825/2428 3128/5826/882
f 3137/5827/2429 3136/5828/2430 3134/5822/2427
f 3136/5828/2430 3138/5829/2431 3135/5825/2428
f 3137/5827/2429 3142/5830/2432 3139/5831/29
f 3142/5830/2432 3138/5829/2431 3139/5831/29
f 3140/5832/2433 3149/2502/888 3142/5833/2432
f 3149/2502/888 3141/5834/2434 3142/5833/2432
f 3106/2484/870 3132/2499/885 3110/2481/867
f 3132/2499/885 3104/2479/865 3110/2481/867
f 3121/2489/875 3148/2506/892 3144/2503/889
f 3123/2490/876 3145/2505/891 3148/2506/892
f 3157/5835/2435 3153/2511/897 3150/2507/893
f 3153/2511/897 3158/5836/2436 3151/2510/896
f 3160/5837/2437 3159/5838/2438 3157/5839/2435
f 3159/5840/2438 3161/5841/2439 3158/5842/2436
f 3160/5837/2437 3165/5843/2440 3162/5844/2441
f 3165/5845/2440 3161/5841/2439 3162/5846/2441
f 3163/5847/2442 3172/2516/902 3165/5848/2440
f 3172/2516/902 3164/5849/2443 3165/5848/2440
f 3144/2503/889 3171/2520/906 3167/2517/903
f 3146/2504/890 3168/2519/905 3171/2520/906
f 3151/2510/896 3133/2495/881 3155/2513/899
f 3155/2513/899 3129/2498/884 3152/2512/898
f 3180/5850/2444 3176/2525/911 3173/2521/907
f 3176/2525/911 3181/5851/2445 3174/2524/910
f 3183/5852/2446 3182/5853/2447 3180/5854/2444
f 3182/5853/2447 3184/5855/2448 3181/5856/2445
f 3183/5852/2446 3188/5857/2449 3185/5858/46
f 3188/5857/2449 3184/5855/2448 3185/5858/46
f 3186/5859/2450 3195/2530/916 3188/5860/2449
f 3195/2530/916 3187/5861/2451 3188/5860/2449
f 3190/2531/917 3169/2518/904 3194/2534/920
f 3169/2518/904 3191/2533/919 3194/2534/920
f 3150/2507/893 3178/2527/913 3174/2524/910
f 3156/2509/895 3175/2526/912 3178/2527/913
f 3203/5862/2452 3199/2539/925 3196/2535/921
f 3199/2539/925 3204/5863/2453 3197/2538/924
f 3206/5864/2454 3205/5865/2455 3203/5866/2452
f 3205/5867/2455 3207/5868/2456 3204/5869/2453
f 3206/5864/2454 3211/5870/2457 3208/5871/2458
f 3211/5872/2457 3207/5868/2456 3208/5873/2458
f 3209/5874/2459 3218/2544/930 3211/5875/2457
f 3218/2544/930 3210/5876/2460 3211/5875/2457
f 3190/2531/917 3217/2548/934 3213/2545/931
f 3217/2548/934 3189/2528/914 3214/2547/933
f 3173/2521/907 3201/2541/927 3197/2538/924
f 3179/2523/909 3198/2540/926 3201/2541/927
f 3226/5877/2461 3222/2553/939 3219/2549/935
f 3222/2553/939 3227/5878/2462 3220/2552/938
f 3229/5879/2463 3228/5880/2464 3226/5881/2461
f 3228/5880/2464 3230/5882/2465 3227/5883/2462
f 3229/5879/2463 3234/5884/2466 3231/5885/69
f 3234/5884/2466 3230/5882/2465 3231/5885/69
f 3232/5886/2467 3241/5887/944 3234/5884/2466
f 3241/5887/944 3233/5888/2468 3234/5884/2466
f 3236/2559/945 3215/2546/932 3240/2562/948
f 3240/2562/948 3212/2542/928 3237/2561/947
f 3196/2535/921 3224/2555/941 3220/2552/938
f 3202/2537/923 3221/2554/940 3224/2555/941
f 3249/5889/2469 3245/2567/953 3242/2563/949
f 3245/2567/953 3250/5890/2470 3243/2566/952
f 3252/5891/2471 3251/5892/2472 3249/5893/2469
f 3251/5894/2472 3253/5895/2473 3250/5896/2470
f 3252/5891/2471 3257/5897/2474 3254/5898/2475
f 3257/5899/2474 3253/5895/2473 3254/5900/2475
f 3255/5901/2476 3264/2572/958 3257/5902/2474
f 3264/2572/958 3256/5903/2477 3257/5902/2474
f 3243/2566/952 3225/2551/937 3247/2569/955
f 3225/2551/937 3244/2568/954 3247/2569/955
f 3260/2575/961 3238/2560/946 3235/2556/942
f 3263/2576/962 3236/2559/945 3238/2560/946
f 3081/2465/851 3248/2565/951 3084/2469/855
f 3084/2469/855 3244/2568/954 3082/2468/854
f 3097/2472/858 3261/2574/960 3258/2570/956
f 3103/2474/860 3259/2573/959 3261/2574/960
f 3272/5904/2410 3271/2579/853 3267/2582/856
f 3271/2579/853 3273/5905/2411 3265/2577/851
f 3275/5906/2412 3274/5907/2413 3272/5908/2410
f 3274/5907/2413 3276/5909/2414 3273/5910/2411
f 3275/5906/2412 3280/5911/2415 3277/5912/14
f 3280/5911/2415 3276/5909/2414 3277/5912/14
f 3278/5913/2416 3284/2588/862 3280/5914/2415
f 3284/2588/862 3279/5915/2417 3280/5914/2415
f 3295/5916/2418 3291/2595/869 3288/2591/865
f 3291/2595/869 3296/5917/2419 3289/2594/868
f 3298/5918/2420 3297/5919/2421 3295/5920/2418
f 3297/5921/2421 3299/5922/2422 3296/5923/2419
f 3298/5918/2420 3303/5924/2423 3300/5925/2424
f 3303/5926/2423 3299/5922/2422 3300/5927/2424
f 3301/5928/2425 3310/2600/874 3303/5929/2423
f 3310/2600/874 3302/5930/2426 3303/5929/2423
f 3282/2587/861 3309/2604/878 3286/2590/864
f 3286/2590/864 3305/2601/875 3283/2589/863
f 3290/2596/870 3270/2583/857 3266/2580/854
f 3293/2597/871 3267/2582/856 3270/2583/857
f 3318/5931/2427 3314/5932/883 3311/5933/963
f 3314/5932/883 3319/5934/2428 3312/5935/882
f 3321/5936/2429 3320/5937/2430 3318/5931/2427
f 3320/5937/2430 3322/5938/2431 3319/5934/2428
f 3321/5936/2429 3326/5939/2432 3323/5940/29
f 3326/5939/2432 3322/5938/2431 3323/5940/29
f 3324/5941/2433 3333/2614/888 3326/5942/2432
f 3333/2614/888 3325/5943/2434 3326/5942/2432
f 3290/2596/870 3316/2611/885 3294/2593/867
f 3316/2611/885 3288/2591/865 3294/2593/867
f 3305/2601/875 3332/2618/892 3328/2615/889
f 3307/2602/876 3329/2617/891 3332/2618/892
f 3341/5944/2435 3337/2623/897 3334/2619/964
f 3337/2623/897 3342/5945/2436 3335/2622/896
f 3344/5946/2437 3343/5947/2438 3341/5948/2435
f 3343/5949/2438 3345/5950/2439 3342/5951/2436
f 3344/5946/2437 3349/5952/2440 3346/5953/2441
f 3349/5954/2440 3345/5950/2439 3346/5955/2441
f 3347/5956/2442 3356/2628/902 3349/5957/2440
f 3356/2628/902 3348/5958/2443 3349/5957/2440
f 3328/2615/889 3355/2632/906 3351/2629/965
f 3330/2616/890 3352/2631/905 3355/2632/906
f 3335/2622/896 3317/2607/881 3339/2625/899
f 3339/2625/899 3313/2610/884 3336/2624/898
f 3364/5959/2444 3360/2637/911 3357/2633/966
f 3360/2637/911 3365/5960/2478 3358/2636/967
f 3367/5961/2446 3366/5962/2447 3364/5963/2444
f 3366/5962/2447 3368/5964/2448 3365/5965/2478
f 3367/5961/2446 3372/5966/2449 3369/5967/46
f 3372/5966/2449 3368/5964/2448 3369/5967/46
f 3370/5968/2450 3379/2642/916 3372/5969/2449
f 3379/2642/916 3371/5970/2451 3372/5969/2449
f 3351/2629/965 3378/2646/920 3374/2643/917
f 3353/2630/904 3375/2645/919 3378/2646/920
f 3358/2636/967 3340/2621/895 3362/2639/913
f 3340/2621/895 3359/2638/912 3362/2639/913
f 3387/5971/2452 3383/2651/925 3380/2647/921
f 3383/2651/925 3388/5972/2453 3381/2650/924
f 3390/5973/2454 3389/5974/2455 3387/5975/2452
f 3389/5976/2455 3391/5977/2456 3388/5978/2453
f 3390/5973/2454 3395/5979/2457 3392/5980/2458
f 3395/5981/2457 3391/5977/2456 3392/5982/2458
f 3393/5983/2459 3402/2656/930 3395/5984/2457
f 3402/2656/930 3394/5985/2460 3395/5984/2457
f 3374/2643/917 3401/2660/934 3397/2657/931
f 3376/2644/918 3398/2659/971 3401/2660/934
f 3381/2650/924 3363/2635/909 3385/2653/927
f 3363/2635/909 3382/2652/926 3385/2653/927
f 3410/5986/2461 3406/2665/939 3403/2661/972
f 3406/2665/939 3411/5987/2462 3404/2664/973
f 3413/5988/2463 3412/5989/2464 3410/5990/2461
f 3412/5989/2464 3414/5991/2465 3411/5992/2462
f 3413/5988/2463 3418/5993/2466 3415/5994/69
f 3418/5993/2466 3414/5991/2465 3415/5994/69
f 3416/5995/2467 3425/5996/944 3418/5993/2466
f 3425/5996/944 3417/5997/2468 3418/5993/2466
f 3420/2671/945 3399/2658/970 3424/2674/948
f 3399/2658/970 3421/2673/947 3424/2674/948
f 3380/2647/921 3408/2667/941 3404/2664/973
f 3386/2649/923 3405/2666/940 3408/2667/941
f 3433/5998/2469 3429/2679/953 3426/2675/949
f 3429/2679/953 3434/5999/2470 3427/2678/975
f 3436/6000/2471 3435/6001/2472 3433/6002/2469
f 3435/6003/2472 3437/6004/2473 3434/6005/2470
f 3436/6000/2471 3441/6006/2474 3438/6007/2475
f 3441/6008/2474 3437/6004/2473 3438/6009/2475
f 3439/6010/2476 3448/2684/958 3441/6011/2474
f 3448/2684/958 3440/6012/2477 3441/6011/2474
f 3403/2661/972 3431/2681/955 3427/2678/975
f 3431/2681/955 3405/2666/940 3428/2680/954
f 3444/2687/976 3422/2672/946 3419/2668/974
f 3447/2688/962 3420/2671/945 3422/2672/946
f 3265/2577/851 3432/2677/951 3268/2581/855
f 3268/2581/855 3428/2680/954 3266/2580/854
f 3281/2584/858 3445/2686/960 3442/2682/956
f 3287/2586/860 3443/2685/959 3445/2686/960
f 3463/2707/361 3455/2691/977 3466/6013/2401
f 3455/6014/1741 3464/2710/364 3466/2712/366
f 3456/2698/352 3454/6015/2479 3450/2692/346
f 3454/2697/351 3458/2704/358 3451/2695/349
f 3470/2716/370 3461/6016/2403 3457/2701/355
f 3476/6017/2382 3458/2704/358 3461/2706/615
f 3471/2719/373 3468/2715/979 3475/6018/1687
f 3468/6019/1688 3472/2722/376 3475/2724/426
f 3463/2707/361 3494/6020/1689 3491/2743/397
f 3469/6021/2408 3492/2746/400 3494/2748/850
f 3498/2752/406 3473/6022/1691 3470/2716/370
f 3504/6023/1745 3471/2719/373 3473/2721/425
f 3499/2755/409 3496/2751/405 3503/6024/1746
f 3496/6025/2480 3500/2758/412 3503/2760/414
f 3491/2743/397 3480/6026/2481 3477/2725/379
f 3497/6027/1695 3478/2728/382 3480/2730/384
f 3498/2752/406 3490/2736/833 3501/6028/2406
f 3490/6029/2407 3499/2755/409 3501/2757/632
f 3485/2737/391 3482/2733/980 3489/6030/1697
f 3482/6031/1698 3486/2740/394 3489/2742/432
f 3477/2725/379 3452/6032/2380 3449/2689/343
f 3483/6033/1700 3450/2692/346 3452/2694/348
f 3457/2701/355 3487/6034/1701 3484/2734/388
f 3459/6035/1753 3485/2737/391 3487/2739/431
f 3505/2761/343 3522/6036/2482 3519/2779/361
f 3522/2784/617 3507/2767/349 3520/2782/364
f 3512/2770/352 3510/6037/1683 3506/2764/346
f 3518/6038/1742 3507/2767/349 3510/2769/419
f 3513/2773/355 3532/2790/830 3517/6039/2403
f 3532/6040/1686 3514/2776/358 3517/2778/360
f 3521/2785/367 3531/6041/1687 3527/2791/373
f 3524/6042/1688 3528/2794/376 3531/2796/426
f 3519/2779/361 3550/6043/1744 3547/2815/397
f 3525/6044/2408 3548/2818/400 3550/2820/850
f 3554/2824/406 3529/6045/1691 3526/2788/370
f 3560/6046/1692 3527/2791/373 3529/2793/375
f 3549/2821/403 3559/6047/1746 3555/2827/409
f 3552/6048/1747 3556/2830/412 3559/2832/414
f 3533/2797/379 3553/2817/983 3536/6049/2383
f 3553/6050/2384 3534/2800/382 3536/2802/384
f 3540/2806/388 3557/6051/2406 3554/2824/406
f 3557/2829/411 3542/2812/394 3555/2827/409
f 3535/2803/385 3545/6052/1697 3541/2809/391
f 3538/6053/1751 3542/2812/394 3545/2814/432
f 3533/2797/379 3508/6054/1699 3505/2761/343
f 3539/6055/1752 3506/2764/346 3508/2766/417
f 3513/2773/355 3543/6056/2409 3540/2806/388
f 3515/6057/1753 3541/2809/391 3543/2811/431
f 3585/6058/2483 3581/2851/869 3578/2847/990
f 3581/2851/869 3586/6059/2484 3579/2850/992
f 3588/6060/2420 3587/6061/2485 3585/6062/2483
f 3587/6063/2485 3589/6064/2422 3586/6065/2484
f 3588/6060/2420 3593/6066/2486 3590/6067/2424
f 3593/6068/2486 3589/6064/2422 3590/6069/2424
f 3591/6070/2487 3600/2856/995 3593/6071/2486
f 3600/2856/995 3592/6072/2488 3593/6071/2486
f 3571/2840/987 3599/2860/998 3574/2844/988
f 3574/2844/988 3595/2857/875 3572/2843/863
f 3580/2852/870 3567/2835/857 3563/2838/854
f 3567/2835/857 3579/2850/992 3561/2833/985
f 3608/6073/2489 3604/6074/883 3601/6075/999
f 3604/6074/883 3609/6076/2490 3602/6077/1001
f 3611/6078/2429 3610/6079/2491 3608/6073/2489
f 3610/6079/2491 3612/6080/2431 3609/6076/2490
f 3611/6078/2429 3616/6081/2492 3613/6082/29
f 3616/6081/2492 3612/6080/2431 3613/6082/29
f 3614/6083/2493 3623/2870/1003 3616/6084/2492
f 3623/2870/1003 3615/6085/2494 3616/6084/2492
f 3603/2866/884 3584/2849/991 3580/2852/870
f 3584/2849/991 3602/2864/1001 3578/2847/990
f 3595/2857/875 3622/2874/1004 3618/2871/889
f 3622/2874/1004 3594/2854/994 3619/2873/891
f 3631/6086/2495 3627/2879/897 3624/2875/1005
f 3627/2879/897 3632/6087/2496 3625/2878/1007
f 3634/6088/2437 3633/6089/2497 3631/6090/2495
f 3633/6091/2497 3635/6092/2439 3632/6093/2496
f 3634/6088/2437 3639/6094/2498 3636/6095/2441
f 3639/6096/2498 3635/6092/2439 3636/6097/2441
f 3637/6098/2499 3646/2884/902 3639/6099/2498
f 3646/2884/902 3638/6100/2500 3639/6099/2498
f 3618/2871/889 3645/2888/1012 3641/2885/965
f 3645/2888/1012 3617/2868/886 3642/2887/905
f 3625/2878/1007 3607/2863/881 3629/2881/1009
f 3629/2881/1009 3603/2866/884 3626/2880/1008
f 3654/6101/2501 3650/2893/911 3647/2889/907
f 3650/6102/911 3655/6103/2502 3648/6104/1013
f 3657/6105/2446 3656/6106/2503 3654/6107/2501
f 3656/6106/2503 3658/6108/2448 3655/6103/2502
f 3657/6105/2446 3662/6109/2504 3659/6110/46
f 3662/6109/2504 3658/6108/2448 3659/6110/46
f 3660/6111/2505 3669/6112/916 3662/6109/2504
f 3669/2898/916 3661/6113/2506 3662/6114/2504
f 3664/2899/917 3643/2886/1011 3668/2902/1016
f 3668/2902/1016 3640/2882/1010 3665/2901/1015
f 3648/2892/1013 3630/2877/1006 3652/2895/913
f 3630/2877/1006 3649/2894/912 3652/2895/913
f 3677/6115/2507 3673/2907/925 3670/2903/1017
f 3673/2907/925 3678/6116/2508 3671/2906/1019
f 3680/6117/2454 3679/6118/2509 3677/6119/2507
f 3679/6120/2509 3681/6121/2456 3678/6122/2508
f 3680/6117/2454 3685/6123/2510 3682/6124/2458
f 3685/6125/2510 3681/6121/2456 3682/6126/2458
f 3683/6127/2511 3692/2912/930 3685/6128/2510
f 3692/2912/930 3684/6129/2512 3685/6128/2510
f 3687/2913/1021 3666/2900/918 3691/2916/1024
f 3691/2916/1024 3663/2896/1014 3688/2915/1023
f 3671/2906/1019 3653/2891/909 3675/2909/1020
f 3675/2909/1020 3649/2894/912 3672/2908/926
f 3700/6130/2513 3696/2921/939 3693/2917/972
f 3696/2921/939 3701/6131/2514 3694/2920/1026
f 3703/6132/2463 3702/6133/2515 3700/6134/2513
f 3702/6133/2515 3704/6135/2465 3701/6136/2514
f 3703/6132/2463 3708/6137/2516 3705/6138/69
f 3708/6137/2516 3704/6135/2465 3705/6138/69
f 3706/6139/2517 3715/6140/1028 3708/6137/2516
f 3715/6140/1028 3707/6141/2518 3708/6137/2516
f 3687/2913/1021 3714/2930/1029 3710/2927/945
f 3714/2930/1029 3686/2910/928 3711/2929/947
f 3694/2920/1026 3676/2905/1018 3698/2923/941
f 3698/2923/941 3672/2908/926 3695/2922/940
f 3723/6142/2519 3719/2935/953 3716/2931/1030
f 3719/2935/953 3724/6143/2520 3717/2934/1032
f 3726/6144/2471 3725/6145/2521 3723/6146/2519
f 3725/6147/2521 3727/6148/2473 3724/6149/2520
f 3726/6144/2471 3731/6150/2522 3728/6151/2475
f 3731/6152/2522 3727/6148/2473 3728/6153/2475
f 3729/6154/2523 3738/2940/958 3731/6155/2522
f 3738/2940/958 3730/6156/2524 3731/6155/2522
f 3717/2934/1032 3699/2919/937 3721/2937/955
f 3721/2937/955 3695/2922/940 3718/2936/954
f 3709/2924/974 3737/2944/962 3712/2928/946
f 3712/2928/946 3733/2941/959 3710/2927/945
f 3739/6157/2525 3564/6158/853 3561/6159/985
f 3564/2837/853 3740/6160/2526 3562/2836/986
f 3568/6161/2412 3741/6162/2527 3739/6157/2525
f 3741/6162/2527 3569/6163/2414 3740/6164/2526
f 3568/6161/2412 3744/6165/2528 3570/6166/14
f 3744/6165/2528 3569/6163/2414 3570/6166/14
f 3742/6167/2529 3577/2842/862 3744/6168/2528
f 3577/6169/862 3743/6170/2530 3744/6165/2528
f 3562/2836/986 3722/2933/1031 3566/2839/855
f 3722/2933/1031 3563/2838/854 3566/2839/855
f 3732/2938/1033 3576/2846/860 3735/2942/1034
f 3735/2942/1034 3572/2843/863 3733/2941/959
f 3769/6171/2483 3765/2963/869 3762/2959/990
f 3765/2963/869 3770/6172/2484 3763/2962/992
f 3772/6173/2420 3771/6174/2485 3769/6175/2483
f 3771/6176/2485 3773/6177/2422 3770/6178/2484
f 3772/6173/2420 3777/6179/2486 3774/6180/2424
f 3777/6181/2486 3773/6177/2422 3774/6182/2424
f 3775/6183/2487 3784/2968/995 3777/6184/2486
f 3784/2968/995 3776/6185/2488 3777/6184/2486
f 3755/2952/987 3783/2972/998 3758/2956/864
f 3783/2972/998 3756/2955/863 3758/2956/864
f 3747/2950/854 3767/2965/993 3751/2947/857
f 3751/2947/857 3763/2962/992 3745/2945/985
f 3792/6186/2489 3788/6187/883 3785/6188/999
f 3788/6187/883 3793/6189/2490 3786/6190/1001
f 3795/6191/2429 3794/6192/2491 3792/6186/2489
f 3794/6192/2491 3796/6193/2431 3793/6189/2490
f 3795/6191/2429 3800/6194/2492 3797/6195/29
f 3800/6194/2492 3796/6193/2431 3797/6195/29
f 3798/6196/2493 3807/2982/1003 3800/6197/2492
f 3807/2982/1003 3799/6198/2494 3800/6197/2492
f 3764/2964/870 3790/2979/885 3768/2961/991
f 3768/2961/991 3786/2976/1001 3762/2959/990
f 3802/2983/889 3781/2970/876 3806/2986/1004
f 3806/2986/1004 3778/2966/994 3803/2985/891
f 3815/6199/2495 3811/2991/897 3808/2987/1005
f 3811/2991/897 3816/6200/2496 3809/2990/1007
f 3818/6201/2437 3817/6202/2497 3815/6203/2495
f 3817/6204/2497 3819/6205/2439 3816/6206/2496
f 3818/6201/2437 3823/6207/2498 3820/6208/2441
f 3823/6209/2498 3819/6205/2439 3820/6210/2441
f 3821/6211/2499 3830/2996/902 3823/6212/2498
f 3830/2996/902 3822/6213/2500 3823/6212/2498
f 3825/2997/965 3804/2984/890 3829/3000/906
f 3829/3000/906 3801/2980/886 3826/2999/905
f 3809/2990/1007 3791/2975/881 3813/2993/1009
f 3813/2993/1009 3787/2978/884 3810/2992/1008
f 3838/6214/2501 3834/3005/911 3831/3001/907
f 3834/6215/911 3839/6216/2502 3832/6217/1013
f 3841/6218/2446 3840/6219/2503 3838/6220/2501
f 3840/6219/2503 3842/6221/2448 3839/6216/2502
f 3841/6218/2446 3846/6222/2504 3843/6223/46
f 3846/6222/2504 3842/6221/2448 3843/6223/46
f 3844/6224/2505 3853/6225/916 3846/6222/2504
f 3853/3010/916 3845/6226/2506 3846/6227/2504
f 3848/3011/917 3827/2998/1011 3852/3014/1016
f 3852/3014/1016 3824/2994/1010 3849/3013/1015
f 3832/3004/1013 3814/2989/1006 3836/3007/913
f 3836/3007/913 3810/2992/1008 3833/3006/912
f 3861/6228/2507 3857/3019/925 3854/3015/1017
f 3857/3019/925 3862/6229/2508 3855/3018/1019
f 3864/6230/2531 3863/6231/2509 3861/6232/2507
f 3863/6233/2509 3865/6234/2456 3862/6235/2508
f 3864/6230/2531 3869/6236/2510 3866/6237/2458
f 3869/6238/2510 3865/6234/2456 3866/6239/2458
f 3867/6240/2511 3876/3024/930 3869/6241/2510
f 3876/3024/930 3868/6242/2512 3869/6241/2510
f 3871/3025/1021 3850/3012/918 3875/3028/1036
f 3875/3028/1036 3847/3008/1014 3872/3027/1023
f 3855/3018/1019 3837/3003/909 3859/3021/927
f 3859/3021/927 3833/3006/912 3856/3020/926
f 3884/6243/2513 3880/3033/939 3877/3029/972
f 3880/3033/939 3885/6244/2514 3878/3032/1026
f 3887/6245/2463 3886/6246/2515 3884/6247/2513
f 3886/6246/2515 3888/6248/2465 3885/6249/2514
f 3887/6245/2463 3892/6250/2516 3889/6251/69
f 3892/6250/2516 3888/6248/2465 3889/6251/69
f 3890/6252/2517 3899/6253/1028 3892/6250/2516
f 3899/6253/1028 3891/6254/2518 3892/6250/2516
f 3894/3039/945 3873/3026/1022 3898/3042/1029
f 3898/3042/1029 3870/3022/928 3895/3041/947
f 3878/3032/1026 3860/3017/923 3882/3035/941
f 3882/3035/941 3856/3020/926 3879/3034/940
f 3907/6255/2519 3903/3047/953 3900/3043/1030
f 3903/3047/953 3908/6256/2520 3901/3046/1032
f 3910/6257/2471 3909/6258/2521 3907/6259/2519
f 3909/6260/2521 3911/6261/2473 3908/6262/2520
f 3910/6257/2471 3915/6263/2522 3912/6264/2475
f 3915/6265/2522 3911/6261/2473 3912/6266/2475
f 3913/6267/2523 3922/3052/958 3915/6268/2522
f 3922/3052/958 3914/6269/2524 3915/6268/2522
f 3877/3029/972 3905/3049/955 3901/3046/1032
f 3905/3049/955 3879/3034/940 3902/3048/954
f 3893/3036/974 3921/3056/1037 3896/3040/946
f 3921/3056/1037 3894/3039/945 3896/3040/946
f 3923/6270/2525 3748/6271/853 3745/6272/985
f 3748/2949/853 3924/6273/2526 3746/2948/986
f 3752/6274/2412 3925/6275/2527 3923/6270/2525
f 3925/6275/2527 3753/6276/2414 3924/6277/2526
f 3752/6274/2412 3928/6278/2528 3754/6279/14
f 3928/6278/2528 3753/6276/2414 3754/6279/14
f 3926/6280/2529 3761/2954/862 3928/6281/2528
f 3761/6282/862 3927/6283/2530 3928/6278/2528
f 3746/2948/986 3906/3045/1031 3750/2951/855
f 3750/2951/855 3902/3048/954 3747/2950/854
f 3916/3050/1033 3760/2958/860 3919/3054/1034
f 3760/2958/860 3917/3053/959 3919/3054/1034
f 3929/3059/1040 3955/6284/1064 3951/6285/1060
f 3939/3058/1039 3952/6286/1065 3955/6284/1064
f 3932/3066/1047 3950/3070/1051 3938/3064/1045
f 3938/3064/1045 3944/6287/1059 3933/3067/1048
f 3943/3077/1056 3957/3085/1063 3949/3080/1058
f 3949/3080/1058 3952/3087/1065 3944/3081/1059
f 3941/3073/1054 3985/3112/1089 3980/3114/1091
f 3945/6288/1053 3981/3115/1092 3985/3117/1089
f 3982/6289/1096 3937/3065/1046 3931/3062/1043
f 3987/6290/1095 3932/3066/1047 3937/3065/1046
f 3930/3061/1042 3965/3091/1069 3960/3093/1071
f 3934/3057/1038 3961/3095/1073 3965/3091/1069
f 3954/3090/1068 3967/6291/1072 3959/3084/1062
f 3959/6292/1062 3961/3095/1073 3951/6285/1060
f 3971/6293/1082 3936/3060/1041 3975/6294/1080
f 3975/6294/1080 3930/3061/1042 3972/6295/1083
f 3973/3110/1087 3970/6296/1070 3964/6297/1079
f 3977/6298/1086 3960/3093/1071 3970/3092/1070
f 3983/3121/1097 3979/3104/1081 3974/3111/1088
f 3988/3118/1094 3971/3105/1082 3979/3104/1081
f 3942/6299/1055 4036/3174/1144 4031/3170/1140
f 3947/3071/1052 4032/3175/1145 4036/3174/1144
f 3984/6300/1098 4038/3173/1143 3990/3113/1090
f 3990/3113/1090 4032/3175/1145 3980/3114/1091
f 3991/3127/1102 3948/3078/1057 3942/3074/1055
f 3999/3126/1101 3943/3077/1056 3948/3078/1057
f 3963/3101/1078 4005/3134/1109 4000/3136/1111
f 3968/3100/1077 4001/6301/1112 4005/3134/1109
f 4002/3140/1114 3958/3089/1067 3953/3088/1066
f 4007/3141/1115 3954/3090/1068 3958/3089/1067
f 4011/3148/1120 3978/3108/1085 4016/3152/1124
f 4016/3152/1124 3973/3110/1087 4012/3151/1123
f 3963/3101/1078 4018/3154/1126 3969/3099/1076
f 3969/3099/1076 4012/6302/1123 3964/3102/1079
f 4022/3163/1133 3989/3124/1099 4026/3161/1131
f 4026/3161/1131 3983/3121/1097 4023/3164/1134
f 4035/3181/1150 3995/6303/1100 4041/3180/1142
f 4041/6304/1142 3991/3127/1102 4031/6305/1140
f 3993/3132/1107 4008/3143/1117 3998/3130/1105
f 3998/3130/1105 4002/3140/1114 3994/3133/1108
f 4004/3145/1119 4019/3158/1125 4010/6306/1110
f 4019/3153/1125 4000/3136/1111 4010/3135/1110
f 4024/3168/1138 4021/3150/1122 4015/3160/1130
f 4028/3167/1137 4011/3148/1120 4021/3150/1122
f 4034/3179/1149 4030/6307/1132 4025/6308/1139
f 4039/6309/1148 4022/3163/1133 4030/3162/1132
f 3993/6310/1107 4047/3186/1155 4042/3182/1151
f 3997/6311/1106 4043/3187/1156 4047/3186/1155
f 4044/3189/1158 4040/3177/1147 4034/3179/1149
f 4049/3185/1154 4035/3181/1150 4040/3177/1147
f 4046/3192/1161 4009/3147/1116 4052/3184/1153
f 4052/3184/1153 4003/6312/1118 4042/3182/1151
f 4015/6313/1130 4051/3191/1160 4045/3190/1159
f 4020/6314/1129 4046/3192/1161 4051/3191/1160
f 4044/3189/1158 4029/6315/1136 4050/3188/1157
f 4050/3188/1157 4024/6316/1138 4045/3190/1159
f 4068/3214/1183 4059/6317/2532 4055/3199/1168
f 4059/3195/1164 4067/3209/1178 4053/3193/1162
f 4076/3226/1193 4063/3206/1175 4080/3224/1192
f 4063/6318/2533 4074/3218/1186 4080/3220/1188
f 4054/3196/1165 4065/3208/1177 4058/3200/1169
f 4065/3208/1177 4055/3199/1168 4058/3200/1169
f 4069/3217/1185 4079/3221/1189 4075/3223/1191
f 4072/3212/1181 4076/3226/1193 4079/3225/1189
f 4069/3217/1185 4084/3232/1199 4073/3215/1184
f 4084/6319/2534 4067/3209/1178 4073/3211/1180
f 4075/3223/1191 4094/3241/1208 4090/3242/1209
f 4077/6320/2535 4088/3235/1202 4094/3237/1204
f 4083/3233/1200 4093/3238/1205 4089/3240/1207
f 4093/3238/1205 4082/3230/1197 4090/3242/1209
f 4096/3246/1213 4087/6321/2536 4083/3233/1200
f 4098/6322/2537 4081/3227/1194 4087/3229/1196
f 4089/3240/1207 4108/3258/1224 4104/3260/1225
f 4108/3254/1220 4088/3235/1202 4102/3252/1218
f 4097/3249/1216 4107/3255/1221 4103/3257/1223
f 4107/3259/1221 4096/3246/1213 4104/3260/1225
f 4110/3266/1231 4101/6323/2538 4097/3249/1216
f 4101/3245/1212 4109/3261/1226 4095/3243/1210
f 4103/3257/1223 4122/3275/1240 4118/3276/1241
f 4105/6324/2539 4116/3269/1234 4122/3271/1236
f 4111/3268/1233 4121/3272/1237 4117/3274/1239
f 4114/3264/1229 4118/3276/1241 4121/3272/1237
f 4124/3282/1247 4115/3267/1232 4111/3268/1233
f 4126/6325/2540 4109/3261/1226 4115/3263/1228
f 4117/3274/1239 4136/6326/2541 4132/3292/1256
f 4136/3288/1252 4116/3269/1234 4130/3286/1250
f 4131/3289/1253 4128/3284/1245 4135/6327/1257
f 4128/3280/1245 4132/3292/1256 4135/3294/1257
f 4138/3300/1263 4129/3283/1248 4125/3285/1249
f 4129/3279/1244 4137/3295/1258 4123/3277/1242
f 4131/3289/1253 4150/6328/2542 4146/3309/1272
f 4133/6329/2543 4144/3303/1266 4150/3305/1268
f 4145/3306/1269 4142/3298/1261 4149/3310/1273
f 4142/3298/1261 4146/3309/1272 4149/3310/1273
f 4152/3316/1279 4143/3301/1264 4139/3302/1265
f 4154/6330/2544 4137/3295/1258 4143/3297/1260
f 4160/3328/1289 4147/3308/1271 4164/3326/1288
f 4147/6331/2545 4158/3320/1282 4164/3322/1284
f 4153/3319/1281 4163/3323/1285 4159/3325/1287
f 4156/3314/1277 4160/3328/1289 4163/3327/1285
f 4153/3319/1281 4056/3198/1167 4157/3317/1280
f 4056/6332/2546 4151/3311/1274 4157/3313/1276
f 4159/3325/1287 4066/6333/2547 4062/3207/1176
f 4066/3203/1172 4158/3320/1282 4060/3201/1170
f 4167/3336/1297 4182/3350/1311 4171/3335/1296
f 4182/6334/2548 4165/3329/1290 4171/3331/1292
f 4173/3342/1303 4192/6335/2549 4188/3360/1320
f 4192/3356/1316 4172/3337/1298 4186/3354/1314
f 4174/3344/1305 4170/3332/1293 4166/3334/1295
f 4177/3340/1301 4167/3336/1297 4170/3332/1293
f 4187/3357/1317 4184/3353/1313 4191/6336/1321
f 4184/6337/1313 4188/3360/1320 4191/3362/1321
f 4194/3368/1327 4185/6338/2550 4181/3351/1312
f 4185/3347/1308 4193/3363/1322 4179/3345/1306
f 4202/3378/1337 4189/3359/1319 4206/3377/1336
f 4189/6339/2551 4200/3371/1330 4206/3373/1332
f 4195/3370/1329 4205/3374/1333 4201/3376/1335
f 4198/3366/1325 4202/3378/1337 4205/3374/1333
f 4195/3370/1329 4210/3384/1343 4199/3369/1328
f 4210/6340/2552 4193/3363/1322 4199/3365/1324
f 4201/3376/1335 4220/6341/2553 4216/3394/1352
f 4220/3390/1348 4200/3371/1330 4214/3388/1346
f 4215/3391/1349 4212/3387/1345 4219/6342/1353
f 4212/6343/1345 4216/3394/1352 4219/3396/1353
f 4222/3402/1359 4213/6344/2554 4209/3385/1344
f 4213/3381/1340 4221/3397/1354 4207/3379/1338
f 4230/3412/1369 4217/3393/1351 4234/3411/1368
f 4217/6345/2555 4228/3405/1362 4234/3407/1364
f 4223/3404/1361 4233/3408/1365 4229/3410/1367
f 4226/3400/1357 4230/3412/1369 4233/3408/1365
f 4223/3404/1361 4238/3418/1375 4227/3403/1360
f 4238/6346/2556 4221/3397/1354 4227/3399/1356
f 4229/3410/1367 4248/6347/2557 4244/3428/1384
f 4248/3424/1380 4228/3405/1362 4242/3422/1378
f 4237/3419/1376 4247/6348/1385 4243/3425/1381
f 4240/6349/1377 4244/3428/1384 4247/3430/1385
f 4250/3436/1391 4241/6350/2558 4237/3419/1376
f 4241/3415/1372 4249/3431/1386 4235/3413/1370
f 4258/3446/1401 4245/3427/1383 4262/3445/1400
f 4245/6351/2559 4256/3439/1394 4262/3441/1396
f 4251/3438/1393 4261/3442/1397 4257/3444/1399
f 4254/3434/1389 4258/3446/1401 4261/3442/1397
f 4251/3438/1393 4266/3452/1407 4255/3437/1392
f 4266/6352/2560 4249/3431/1386 4255/3433/1388
f 4257/3444/1399 4276/6353/2561 4272/3462/1416
f 4276/3458/1412 4256/3439/1394 4270/3456/1410
f 4271/3459/1413 4268/3455/1409 4275/6354/1417
f 4268/6355/1409 4272/3462/1416 4275/3464/1417
f 4166/3334/1295 4269/6356/2562 4265/3453/1408
f 4269/3449/1404 4165/3329/1290 4263/3447/1402
f 4174/3344/1305 4273/3461/1415 4178/3343/1304
f 4273/6357/2563 4172/3337/1298 4178/3339/1300
f 4279/3472/1297 4294/3486/1311 4283/3471/1296
f 4294/6358/2548 4277/3465/1290 4283/3467/1292
f 4285/3478/1303 4304/6359/2549 4300/3496/1320
f 4304/3492/1316 4284/3473/1298 4298/3490/1314
f 4286/3480/1305 4282/3468/1293 4278/3470/1295
f 4289/3476/1301 4279/3472/1297 4282/3468/1293
f 4299/3493/1317 4296/3489/1313 4303/6360/1321
f 4296/6361/1313 4300/3496/1320 4303/3498/1321
f 4306/3502/1423 4297/6362/2564 4293/3487/1312
f 4308/6363/2565 4291/3481/1306 4297/3483/1418
f 4314/3513/1434 4301/3495/1419 4318/6364/2566
f 4301/6365/2567 4312/3507/1428 4318/3509/1430
f 4313/3510/1431 4310/3506/1427 4317/3514/1435
f 4310/3506/1427 4314/3513/1434 4317/3514/1435
f 4307/3505/1426 4322/3520/1436 4311/6366/2568
f 4322/6367/2569 4305/3499/1420 4311/3501/1422
f 4313/3510/1431 4332/6368/2570 4328/3530/1352
f 4315/6369/2571 4326/3524/1346 4332/3526/1437
f 4327/3527/1349 4324/3523/1345 4331/6370/1353
f 4324/6371/1345 4328/3530/1352 4331/3532/1353
f 4334/3538/1359 4325/6372/2554 4321/3521/1344
f 4325/3517/1340 4333/3533/1354 4319/3515/1338
f 4342/3548/1369 4329/3529/1351 4346/3547/1368
f 4329/6373/2555 4340/3541/1362 4346/3543/1364
f 4335/3540/1361 4345/3544/1365 4341/3546/1367
f 4338/3536/1357 4342/3548/1369 4345/3544/1365
f 4335/3540/1361 4350/3554/1375 4339/3539/1360
f 4350/6374/2556 4333/3533/1354 4339/3535/1356
f 4341/3546/1367 4360/6375/2557 4356/3564/1384
f 4360/3560/1380 4340/3541/1362 4354/3558/1378
f 4355/3561/1381 4352/3557/1377 4359/6376/1385
f 4352/6377/1377 4356/3564/1384 4359/3566/1385
f 4349/3555/1376 4364/3572/1445 4353/6378/2572
f 4364/6379/2573 4347/3549/1370 4353/3551/1438
f 4370/3581/1454 4357/3563/1439 4374/6380/2574
f 4357/6381/2575 4368/3575/1448 4374/3577/1450
f 4369/3578/1451 4366/3574/1447 4373/3582/1455
f 4366/3574/1447 4370/3581/1454 4373/3582/1455
f 4363/3573/1446 4378/3588/1456 4367/6382/2576
f 4378/6383/2577 4361/3567/1440 4367/3569/1442
f 4369/3578/1451 4388/6384/2578 4384/3598/1416
f 4371/6385/2579 4382/3592/1410 4388/3594/1457
f 4383/3595/1413 4380/3591/1409 4387/6386/1417
f 4380/6387/1409 4384/3598/1416 4387/3600/1417
f 4278/3470/1295 4381/6388/2562 4377/3589/1408
f 4381/3585/1404 4277/3465/1290 4375/3583/1402
f 4286/3480/1305 4385/3597/1415 4290/3479/1304
f 4385/6389/2563 4284/3473/1298 4290/3475/1300
f 4391/3608/1297 4406/3622/1311 4395/3607/1296
f 4406/6390/2548 4389/3601/1290 4395/3603/1292
f 4397/3614/1303 4416/6391/2549 4412/3632/1320
f 4416/3628/1316 4396/3609/1298 4410/3626/1314
f 4398/3616/1305 4394/3604/1293 4390/3606/1295
f 4401/3612/1301 4391/3608/1297 4394/3604/1293
f 4411/3629/1317 4408/3625/1313 4415/6392/1321
f 4408/6393/1313 4412/3632/1320 4415/3634/1321
f 4418/3640/1327 4409/6394/2550 4405/3623/1312
f 4409/3619/1308 4417/3635/1322 4403/3617/1306
f 4426/3650/1337 4413/3631/1319 4430/3649/1336
f 4413/6395/2551 4424/3643/1330 4430/3645/1332
f 4419/3642/1329 4429/3646/1333 4425/3648/1335
f 4422/3638/1325 4426/3650/1337 4429/3646/1333
f 4419/3642/1329 4434/3656/1343 4423/3641/1328
f 4434/6396/2552 4417/3635/1322 4423/3637/1324
f 4425/3648/1335 4444/6397/2553 4440/3666/1352
f 4444/3662/1348 4424/3643/1330 4438/3660/1346
f 4439/3663/1349 4436/3659/1345 4443/6398/1353
f 4436/6399/1345 4440/3666/1352 4443/3668/1353
f 4446/3674/1359 4437/6400/2554 4433/3657/1344
f 4437/3653/1340 4445/3669/1354 4431/3651/1338
f 4454/3684/1369 4441/3665/1351 4458/3683/1368
f 4441/6401/2555 4452/3677/1362 4458/3679/1364
f 4447/3676/1361 4457/3680/1365 4453/3682/1367
f 4450/3672/1357 4454/3684/1369 4457/3680/1365
f 4447/3676/1361 4462/3690/1375 4451/3675/1360
f 4462/6402/2556 4445/3669/1354 4451/3671/1356
f 4453/3682/1367 4472/6403/2557 4468/3700/1384
f 4472/3696/1380 4452/3677/1362 4466/3694/1378
f 4461/3691/1376 4471/6404/1459 4467/3697/1381
f 4464/6405/1377 4468/3700/1384 4471/3702/1459
f 4474/3708/1391 4465/6406/2558 4461/3691/1376
f 4465/3687/1372 4473/3703/1386 4459/3685/1370
f 4482/3718/1401 4469/3699/1383 4486/3717/1400
f 4469/6407/2559 4480/3711/1394 4486/3713/1396
f 4475/3710/1393 4485/3714/1397 4481/3716/1399
f 4478/3706/1389 4482/3718/1401 4485/3714/1397
f 4475/3710/1393 4490/3724/1407 4479/3709/1392
f 4490/6408/2560 4473/3703/1386 4479/3705/1388
f 4481/3716/1399 4500/6409/2561 4496/3734/1416
f 4500/3730/1412 4480/3711/1394 4494/3728/1410
f 4495/3731/1413 4492/3727/1409 4499/6410/1417
f 4492/6411/1409 4496/3734/1416 4499/3736/1417
f 4390/3606/1295 4493/6412/2562 4489/3725/1408
f 4493/3721/1404 4389/3601/1290 4487/3719/1402
f 4398/3616/1305 4497/3733/1415 4402/3615/1304
f 4497/6413/2563 4396/3609/1298 4402/3611/1300
f 4501/3737/343 4518/6414/1682 4515/3755/361
f 4518/3760/617 4503/3743/349 4516/3758/364
f 4508/3746/352 4506/6415/2479 4502/3740/346
f 4506/3745/419 4510/3752/358 4503/3743/349
f 4509/3749/355 4528/3766/830 4513/6416/2580
f 4528/6417/2382 4510/3752/358 4513/3754/615
f 4523/3767/373 4520/3763/369 4527/6418/1687
f 4520/6419/1688 4524/3770/376 4527/3772/426
f 4515/3755/361 4546/6420/1744 4543/3791/397
f 4521/6421/1690 4544/3794/400 4546/3796/402
f 4550/3800/406 4525/6422/2405 4522/3764/370
f 4556/6423/1692 4523/3767/373 4525/3769/375
f 4551/3803/409 4548/3799/405 4555/6424/1746
f 4548/6425/1747 4552/3806/412 4555/3808/414
f 4543/3791/397 4532/6426/1748 4529/3773/379
f 4549/6427/2384 4530/3776/382 4532/3778/630
f 4536/3782/388 4553/6428/2406 4550/3800/406
f 4553/3805/632 4538/3788/394 4551/3803/409
f 4537/3785/391 4534/3781/980 4541/6429/2581
f 4534/6430/1751 4538/3788/394 4541/3790/432
f 4529/3773/379 4504/6431/1699 4501/3737/343
f 4535/6432/1752 4502/3740/346 4504/3742/417
f 4509/3749/355 4539/6433/2409 4536/3782/388
f 4511/6434/1702 4537/3785/391 4539/3787/393
f 4572/3830/1475 4563/6435/2582 4559/3815/1168
f 4563/3811/1466 4571/3825/1471 4557/3809/1162
f 4580/3842/1484 4567/3822/1469 4584/3840/1483
f 4567/6436/2583 4578/3834/1478 4584/3836/1480
f 4566/3823/1176 4562/3816/1169 4558/3812/1165
f 4569/3824/1470 4559/3815/1168 4562/3816/1169
f 4573/3833/1477 4583/3837/1189 4579/3839/1482
f 4576/3828/1181 4580/3842/1484 4583/3841/1189
f 4573/3833/1477 4588/3847/1489 4577/3831/1476
f 4588/6437/2584 4571/3825/1471 4577/3827/1473
f 4579/3839/1482 4598/6438/2585 4594/3857/1499
f 4598/3853/1495 4578/3834/1478 4592/3851/1493
f 4587/3850/1492 4597/3858/1500 4593/3854/1496
f 4590/3846/1488 4594/3857/1499 4597/3858/1500
f 4600/3864/1506 4591/3849/1491 4587/3850/1492
f 4602/6439/2586 4585/3843/1485 4591/3845/1487
f 4608/3876/1516 4595/3856/1498 4612/3874/1515
f 4595/6440/2587 4606/3868/1509 4612/3870/1511
f 4601/3867/1508 4611/3871/1512 4607/3873/1514
f 4604/3862/1504 4608/3876/1516 4611/3875/1512
f 4601/3867/1508 4616/3882/1522 4605/3865/1507
f 4616/6441/2588 4599/3859/1501 4605/3861/1503
f 4607/3873/1514 4626/6442/2589 4622/3891/1531
f 4626/3887/1527 4606/3868/1509 4620/3885/1525
f 4615/3883/1523 4625/3892/1532 4621/3888/1528
f 4618/3884/1524 4622/3891/1531 4625/3892/1532
f 4628/3898/1536 4619/6443/2590 4615/3883/1523
f 4619/3879/1519 4627/3893/1533 4613/3877/1517
f 4636/3910/1544 4623/3890/1530 4640/3908/1543
f 4623/6444/2591 4634/3902/1537 4640/3904/1539
f 4629/3901/1249 4639/3905/1540 4635/3907/1542
f 4632/3896/1534 4636/3910/1544 4639/3909/1540
f 4629/3901/1249 4644/3915/1549 4633/3899/1248
f 4644/6445/2592 4627/3893/1533 4633/3895/1244
f 4650/3926/1558 4637/3906/1541 4654/3925/1557
f 4654/3921/1553 4634/3902/1537 4648/3919/1551
f 4643/3918/1265 4653/3922/1554 4649/3924/1556
f 4646/3914/1548 4650/3926/1558 4653/3922/1554
f 4643/3918/1265 4658/3931/1278 4647/3917/1550
f 4647/3913/1547 4655/3927/1559 4641/3911/1545
f 4664/3944/1569 4651/3923/1555 4668/3942/1568
f 4651/6446/2593 4662/3936/1563 4668/3938/1565
f 4657/3935/1562 4667/3939/1285 4663/3941/1567
f 4660/3930/1277 4664/3944/1569 4667/3943/1285
f 4657/3935/1562 4560/3814/1467 4661/3933/1561
f 4560/6447/2594 4655/3927/1559 4661/3929/1560
f 4663/3941/1567 4570/6448/2595 4566/3823/1176
f 4570/3819/1468 4662/3936/1563 4564/3817/1170
f 655/3978/1601 679/4004/1625 703/4046/1665
f 641/4063/1680 644/3945/1570 638/3947/1572
f 719/4058/1675 638/3947/1572 716/4051/1670
f 712/4049/1668 688/4015/1636 664/3981/1604
f 647/3951/1576 650/6449/1590 644/3945/1570
f 653/3970/1587 656/3976/1599 650/3965/1590
f 659/3972/1595 662/3975/1598 656/3976/1599
f 665/3980/1603 668/3983/1606 662/3975/1598
f 671/3996/1611 674/4002/1623 668/3991/1606
f 677/3998/1619 680/4001/1622 674/4002/1623
f 683/4006/1627 686/4009/1630 680/4001/1622
f 689/4014/1635 692/4017/1638 686/4009/1630
f 695/4030/1643 698/4025/1646 692/4027/1638
f 701/4032/1651 704/4035/1654 698/4025/1646
f 707/4040/1659 710/4043/1662 704/4035/1654
f 713/4056/1667 716/4051/1670 710/4053/1662
f 763/895/397 721/841/343 735/859/361
f 730/856/358 736/862/364 723/847/349
f 757/889/391 722/844/346 751/883/385
f 742/868/370 756/886/388 770/904/406
f 743/871/373 764/898/400 737/865/367
f 771/907/409 750/880/382 765/901/403
f 795/4119/1601 819/4145/1625 843/4187/1665
f 781/4092/1680 784/4099/1570 778/4086/1572
f 859/4199/1675 778/4086/1572 856/4192/1670
f 852/4190/1668 828/4156/1636 804/4122/1705
f 787/4094/1576 790/4098/1590 784/4099/1570
f 793/4111/1587 796/4106/1599 790/4108/1590
f 799/4113/1595 802/4116/1598 796/4106/1599
f 805/4121/1603 808/4124/1606 802/4116/1598
f 811/4137/1611 814/4132/1623 808/4134/1606
f 817/4139/1619 820/4142/1622 814/4132/1623
f 823/4147/1627 826/4150/1630 820/4142/1622
f 829/4155/1635 832/4158/1638 826/4150/1630
f 835/6450/1643 838/4166/1646 832/4168/1638
f 841/4171/1651 844/4176/1654 838/4166/1646
f 847/4181/1659 850/4184/1662 844/4176/1654
f 853/4197/1667 856/4192/1670 850/4194/1662
f 879/4239/1601 903/4273/1625 927/4298/1665
f 865/4212/1680 868/4206/1570 862/4208/1572
f 943/4319/1675 862/4208/1572 940/4312/1670
f 936/4310/1668 912/4276/1636 888/4242/1705
f 871/4214/1576 874/6451/1590 868/4206/1570
f 877/6452/1725 880/4226/1599 874/4228/1590
f 883/4231/1595 886/4236/1598 880/4226/1599
f 889/4241/1603 892/4244/1606 886/4236/1598
f 895/4257/1611 898/4252/1623 892/4254/1606
f 901/4259/1619 904/4262/1622 898/4252/1623
f 907/4267/1627 910/4270/1630 904/4262/1622
f 913/4275/1635 916/6453/1638 910/4270/1630
f 919/6454/1643 922/4286/1646 916/4288/1638
f 925/4291/1651 928/4296/1654 922/4286/1646
f 931/4301/1659 934/4304/1662 928/4296/1654
f 937/4317/1667 940/4312/1670 934/4314/1662
f 963/4359/1601 987/4384/1625 1011/4427/1665
f 949/4332/1680 952/4326/1570 946/4328/1572
f 1027/4439/1675 946/4328/1572 1024/4432/1670
f 1020/4430/1668 996/4397/1636 972/4363/1705
f 955/4334/1576 958/6455/1590 952/4326/1570
f 961/4351/1587 964/4346/1599 958/4348/1590
f 967/4353/1595 970/4356/1598 964/4346/1599
f 973/4361/1603 976/6456/1606 970/4356/1598
f 979/6457/1611 982/4372/1623 976/4374/1606
f 985/4377/1619 988/4390/1622 982/4372/1623
f 991/4386/1627 994/4399/1630 988/4390/1622
f 997/4395/1635 1000/4398/1638 994/4399/1630
f 1003/4411/1643 1006/4406/1646 1000/4408/1638
f 1009/4413/1651 1012/4416/1654 1006/4406/1646
f 1015/4421/1659 1018/4424/1662 1012/4416/1654
f 1021/4437/1667 1024/4432/1670 1018/4434/1662
f 1047/4479/1601 1071/4504/1625 1095/4547/1665
f 1033/4452/1680 1036/4446/1570 1030/4448/1572
f 1111/4557/1675 1030/4448/1572 1108/4552/1670
f 1104/4550/1668 1080/4517/1636 1056/4482/1604
f 1039/4454/1576 1042/4458/1590 1036/4446/1570
f 1045/4471/1587 1048/4466/1599 1042/4468/1590
f 1051/4473/1595 1054/4476/1598 1048/4466/1599
f 1057/4481/1603 1060/6458/1606 1054/4476/1598
f 1063/6459/1611 1066/4492/1623 1060/4494/1606
f 1069/4497/1619 1072/4502/1622 1066/4492/1623
f 1075/4506/1627 1078/4519/1630 1072/4502/1622
f 1081/4515/1635 1084/4518/1638 1078/4519/1630
f 1087/4531/1643 1090/4526/1646 1084/4528/1638
f 1093/4533/1651 1096/4536/1654 1090/4526/1646
f 1099/4541/1659 1102/4544/1662 1096/4536/1654
f 1105/6460/1667 1108/4552/1670 1102/4554/1662
f 1155/967/397 1113/913/343 1127/931/361
f 1122/928/358 1128/934/364 1115/919/349
f 1149/961/391 1114/916/346 1143/955/385
f 1134/940/370 1148/958/388 1162/976/406
f 1135/943/373 1156/970/400 1129/937/367
f 1163/979/409 1142/952/382 1157/973/403
f 1211/1039/397 1169/985/343 1183/1003/361
f 1178/1000/358 1184/1006/364 1171/991/349
f 1205/1033/391 1170/988/346 1199/1027/385
f 1190/1012/370 1204/1030/388 1218/1048/406
f 1191/1015/373 1212/1042/400 1185/1009/367
f 1219/1051/409 1198/1024/382 1213/1045/403
f 1267/1111/397 1225/1057/343 1239/1075/361
f 1234/1072/358 1240/1078/364 1227/1063/349
f 1261/1105/391 1226/1060/346 1255/1099/385
f 1246/1084/370 1260/1102/388 1274/1120/406
f 1247/1087/373 1268/1114/400 1241/1081/367
f 1275/1123/409 1254/1096/382 1269/1117/403
f 1323/1183/397 1281/1129/343 1295/1147/361
f 1290/1144/358 1296/1150/364 1283/1135/349
f 1317/1177/391 1282/1132/346 1311/1171/385
f 1302/1156/370 1316/1174/388 1330/1192/406
f 1303/1159/373 1324/1186/400 1297/1153/367
f 1331/1195/409 1310/1168/382 1325/1189/403
f 1355/4688/1785 1379/4722/1817 1403/4748/1841
f 1341/4773/1864 1344/4668/1767 1338/4655/1754
f 1416/4761/1854 1341/4773/1864 1338/4655/1754
f 1412/4759/1852 1388/4725/1820 1364/4691/1788
f 1344/4668/1767 1353/4672/1771 1350/4667/1766
f 1350/4675/1766 1359/4682/1779 1356/4686/1783
f 1359/4682/1779 1362/4685/1782 1356/4686/1783
f 1365/4690/1787 1368/4693/1790 1362/4685/1782
f 1371/6461/1794 1374/4701/1798 1368/4703/1790
f 1374/4701/1798 1383/4716/1811 1380/4720/1815
f 1383/4716/1811 1386/4719/1814 1380/4720/1815
f 1389/4723/1818 1392/4727/1822 1386/4719/1814
f 1395/4740/1827 1398/4735/1830 1392/4737/1822
f 1401/4742/1835 1404/4745/1838 1398/4735/1830
f 1407/4750/1843 1410/4753/1846 1404/4745/1838
f 1413/6462/1850 1416/4761/1854 1410/4763/1846
f 1439/4798/1888 1463/4834/1921 1487/4876/1961
f 1425/4893/1976 1428/4775/1866 1422/4777/1868
f 1500/4881/1966 1425/4893/1976 1422/4777/1868
f 1496/4880/1965 1472/4846/1933 1448/4811/1900
f 1431/4781/1872 1434/4787/1878 1428/4775/1866
f 1437/4800/1883 1440/4806/1895 1434/4795/1878
f 1443/4802/1891 1446/4805/1894 1440/4806/1895
f 1449/4810/1899 1452/4813/1902 1446/4805/1894
f 1455/6463/1906 1458/4821/1910 1452/4823/1902
f 1458/4821/1910 1467/4836/1923 1464/4831/1918
f 1467/4836/1923 1470/4848/1935 1464/4831/1918
f 1470/4848/1935 1479/4852/1939 1476/4847/1934
f 1476/4855/1934 1485/4862/1947 1482/4866/1951
f 1485/4862/1947 1488/4865/1950 1482/4866/1951
f 1491/4870/1955 1494/6464/1967 1488/4865/1950
f 1497/6465/1962 1500/4881/1966 1494/4883/1967
f 1507/1203/437 349/500/99 1523/1212/446
f 1658/5014/507 1510/4898/1979 1662/5012/2058
f 1505/6466/435 1527/4911/1988 1509/6467/1978
f 1660/1275/509 347/496/96 1506/1204/438
f 1662/5012/2058 1513/4902/1982 1665/5017/2060
f 1512/6468/1980 1527/4911/1988 1530/4915/1991
f 1665/5017/2060 1516/4907/1986 1668/5022/2064
f 1512/6468/1980 1533/4920/1995 1515/6469/1985
f 1668/5022/2064 1518/6470/439 1672/6471/514
f 1515/6469/1985 1535/6472/447 1519/6473/442
f 1673/1279/513 1518/1205/439 348/499/98
f 1520/1207/441 1535/1213/447 350/501/100
f 1524/1211/445 351/502/101 1540/1220/454
f 1526/4908/1987 1540/4925/454 1544/4924/1997
f 1526/4908/1987 1547/4928/2000 1529/4913/1989
f 1532/4918/1994 1547/4928/2000 1550/4933/2004
f 1536/6474/450 1550/4933/2004 1552/6475/455
f 1537/1215/449 1552/1221/455 352/503/102
f 1541/1219/453 353/504/103 1557/1228/462
f 1539/4923/451 1561/6476/2006 1543/4921/1996
f 1546/4926/1998 1561/6476/2006 1564/6477/2009
f 1546/4926/1998 1567/6478/2013 1549/4931/2003
f 1553/6479/458 1567/6478/2013 1569/6480/463
f 1554/1223/457 1569/1229/463 354/505/104
f 1558/1227/461 355/507/106 1574/1236/470
f 1556/4936/459 1578/4950/2015 1560/4934/2005
f 1563/4939/2007 1578/4950/2015 1581/4954/2018
f 1563/4939/2007 1584/4959/2021 1566/4944/2012
f 1566/4944/2012 1586/6481/471 1570/6482/466
f 1571/1231/465 1586/1237/471 356/506/105
f 1575/1235/469 357/508/107 1591/1244/478
f 1573/4949/467 1595/4963/2023 1577/4947/2014
f 1577/4947/2014 1598/4967/2026 1580/4952/2016
f 1580/4952/2016 1601/4972/2030 1583/4957/2020
f 1583/4957/2020 1603/6483/479 1587/6484/474
f 1588/1239/473 1603/1245/479 358/509/108
f 1592/1243/477 359/510/109 1608/1252/486
f 1594/6485/2022 1608/4977/486 1612/4976/2032
f 1597/6486/2024 1612/4976/2032 1615/4980/2035
f 1597/6486/2024 1618/4985/2039 1600/6487/2029
f 1604/6488/482 1618/4985/2039 1620/6489/487
f 1605/1247/481 1620/1253/487 360/511/110
f 1609/1251/485 361/512/111 1625/1260/494
f 1607/4975/483 1629/4989/2041 1611/4973/2031
f 1611/4973/2031 1632/4993/2044 1614/4978/2033
f 1614/4978/2033 1635/4998/2048 1617/4983/2038
f 1617/4983/2038 1637/6490/495 1621/6491/490
f 1622/1255/489 1637/1261/495 362/513/112
f 1626/1259/493 363/515/114 1642/1268/502
f 1628/4986/2040 1642/6492/502 1646/6493/2050
f 1628/4986/2040 1649/6494/2053 1631/4991/2042
f 1634/4996/2047 1649/6494/2053 1652/6495/2057
f 1634/4996/2047 1654/6496/503 1638/6497/498
f 1639/1263/497 1654/1269/503 364/514/113
f 1643/1267/501 365/494/95 1659/1276/510
f 1641/5001/499 1663/5015/2059 1645/4999/2049
f 1645/4999/2049 1666/5019/2062 1648/5004/2051
f 1651/5009/2056 1666/5019/2062 1669/5024/2065
f 1655/6498/506 1669/5024/2065 1671/6499/511
f 1656/1271/505 1671/1277/511 366/498/97
f 1677/1283/437 371/522/99 1693/1292/446
f 1828/5144/507 1680/5028/1979 1832/5142/2058
f 1675/6500/435 1697/5041/1988 1679/6501/1978
f 1830/1355/509 369/518/96 1676/1284/438
f 1832/5142/2058 1683/5032/1982 1835/5147/2060
f 1679/6501/1978 1700/5045/1991 1682/6502/1980
f 1838/5152/2064 1683/5032/1982 1686/5037/1986
f 1685/6503/1985 1700/5045/1991 1703/5050/1995
f 1838/5152/2064 1688/6504/439 1842/6505/514
f 1685/6503/1985 1705/6506/447 1689/6507/442
f 1843/1359/513 1688/1285/439 370/521/98
f 1690/1287/441 1705/1293/447 372/523/100
f 1694/1291/445 373/524/101 1710/1300/454
f 1692/5040/515 1714/5054/1997 1696/5038/1987
f 1696/5038/1987 1717/5058/2000 1699/5043/1989
f 1702/5048/1994 1717/5058/2000 1720/5063/2004
f 1702/5048/1994 1722/6508/455 1706/6509/450
f 1707/1295/449 1722/1301/455 374/525/102
f 1711/1299/453 375/526/103 1727/1308/462
f 1709/5053/451 1731/6510/2006 1713/5051/1996
f 1716/5056/1998 1731/6510/2006 1734/6511/2009
f 1716/5056/1998 1737/6512/2013 1719/5061/2003
f 1723/6513/458 1737/6512/2013 1739/6514/463
f 1724/1303/457 1739/1309/463 376/527/104
f 1728/1307/461 377/529/106 1744/1316/470
f 1726/5066/459 1748/5080/2067 1730/5064/2005
f 1733/5069/2007 1748/5080/2067 1751/5084/2018
f 1733/5069/2007 1754/5089/2021 1736/5074/2012
f 1736/5074/2012 1756/6515/471 1740/6516/466
f 1741/1311/465 1756/1317/471 378/528/105
f 1745/1315/469 379/530/107 1761/1324/478
f 1743/5079/467 1765/5093/2023 1747/5077/2066
f 1747/5077/2066 1768/5097/2026 1750/5082/2016
f 1750/5082/2016 1771/5102/2030 1753/5087/2020
f 1753/5087/2020 1773/6517/479 1757/6518/474
f 1758/1319/473 1773/1325/479 380/531/108
f 1762/1323/477 381/532/109 1778/1332/486
f 1764/6519/2022 1778/5107/486 1782/5106/2032
f 1767/6520/2024 1782/5106/2032 1785/5110/2035
f 1767/6520/2024 1788/5115/2039 1770/6521/2029
f 1770/6521/2029 1790/6522/487 1774/6523/482
f 1775/1327/481 1790/1333/487 382/533/110
f 1779/1331/485 383/534/111 1795/1340/516
f 1781/5103/2031 1795/5120/516 1799/5119/2041
f 1781/5103/2031 1802/5123/2044 1784/5108/2033
f 1784/5108/2033 1805/5128/2048 1787/5113/2038
f 1791/6524/490 1805/5128/2048 1807/6525/495
f 1792/1335/489 1807/1341/495 384/535/112
f 1796/1339/493 385/537/114 1812/1348/502
f 1794/5118/491 1816/6526/2050 1798/5116/2040
f 1798/5116/2040 1819/6527/2053 1801/5121/2042
f 1804/5126/2047 1819/6527/2053 1822/6528/2057
f 1804/5126/2047 1824/6529/503 1808/6530/498
f 1809/1343/497 1824/1349/503 386/536/113
f 1813/1347/501 387/516/95 1829/1356/510
f 1811/5131/499 1833/5145/2059 1815/5129/2049
f 1815/5129/2049 1836/5149/2062 1818/5134/2051
f 1821/5139/2056 1836/5149/2062 1839/5154/2065
f 1821/5139/2056 1841/6531/511 1825/6532/506
f 1826/1351/505 1841/1357/511 388/520/97
f 1863/5188/2099 1887/5214/2123 1911/5256/2163
f 1849/5273/2178 1852/5155/2068 1846/5157/2070
f 1927/5268/2173 1846/5157/2070 1924/5261/2168
f 1920/5260/2167 1896/5226/2135 1872/5191/2102
f 1852/5155/2068 1861/5172/2085 1858/5167/2080
f 1861/6533/2085 1864/5175/2088 1858/5177/2080
f 1867/5180/2092 1870/5185/2096 1864/5175/2088
f 1870/5185/2096 1879/5198/2109 1876/6534/2113
f 1879/6535/2109 1882/5201/2112 1876/5203/2113
f 1885/5206/2116 1888/5211/2120 1882/5201/2112
f 1891/5216/2125 1894/5228/2137 1888/5211/2120
f 1897/5224/2133 1900/5227/2136 1894/5228/2137
f 1903/6536/2140 1906/5235/2144 1900/5237/2136
f 1909/5240/2148 1912/5245/2152 1906/5235/2144
f 1912/5245/2152 1921/5257/2164 1918/6537/2169
f 1921/5266/2164 1924/5261/2168 1918/5263/2169
f 1947/5308/2211 1971/5334/2235 1995/5376/2275
f 1933/5281/2186 1936/5287/2192 1930/5275/2180
f 2008/5391/2288 1933/5281/2186 1930/5275/2180
f 2004/5379/2278 1980/5345/2246 1956/5312/2215
f 1936/5287/2192 1945/5291/2196 1942/6538/2200
f 1945/6539/2196 1948/5306/2209 1942/5295/2200
f 1951/5300/2204 1954/5305/2208 1948/5306/2209
f 1957/5310/2213 1960/6540/2225 1954/5305/2208
f 1960/5323/2225 1969/5328/2229 1966/5321/2224
f 1969/5328/2229 1972/5331/2232 1966/5321/2224
f 1972/5331/2232 1981/5343/2244 1978/5347/2248
f 1978/5347/2248 1987/5352/2253 1984/6541/2257
f 1984/5357/2257 1993/5360/2260 1990/5355/2256
f 1993/5360/2260 1996/5365/2264 1990/5355/2256
f 1996/5365/2264 2005/5378/2277 2002/6542/2280
f 2005/6543/2277 2008/5391/2288 2002/5381/2280
f 2018/1363/519 2031/5410/2304 2034/6544/528
f 2014/5409/2303 389/6545/5 2030/5407/2301
f 2166/5485/2368 389/6545/5 2014/5409/2303
f 2171/1451/591 2013/6546/2305 2017/1365/520
f 2173/5480/2364 2017/1365/520 2021/5397/2293
f 2020/6547/2292 2034/1376/528 2038/5400/2295
f 2173/5480/2364 2023/1367/521 2177/1456/596
f 2020/6547/2292 2040/1377/529 2024/6548/524
f 2178/6549/595 2023/6550/521 2028/5404/2298
f 2025/1372/523 2040/6551/529 2044/5402/2296
f 390/6552/7 2027/5406/2300 2045/5417/2310
f 390/6552/7 2181/5488/2371 2027/5406/2300
f 2035/1375/527 2048/6553/2317 2051/1384/536
f 2030/5407/2301 389/6545/5 2047/5418/2311
f 2033/1373/525 2055/5413/2307 2037/5399/2294
f 2037/5399/2294 2057/1385/537 2041/1380/532
f 2042/1379/531 2057/1385/537 2061/6554/2308
f 390/6552/7 2045/5417/2310 2062/5427/2318
f 2052/6555/535 2065/5437/2327 2068/1393/544
f 2047/5418/2311 389/6545/5 2064/5435/2325
f 2050/1381/533 2072/6556/2315 2054/5412/2306
f 2058/1388/540 2072/6556/2315 2074/6557/545
f 2059/6558/539 2074/1395/545 2078/5430/2321
f 390/6552/7 2062/5427/2318 2079/5429/2320
f 2069/1391/543 2082/6559/2336 2085/1404/552
f 2064/5435/2325 389/6545/5 2081/5434/2324
f 2067/1389/541 2089/5432/2323 2071/5421/2314
f 2071/5421/2314 2091/1405/553 2075/1399/548
f 2076/1397/547 2091/6560/553 2095/5440/2330
f 390/6552/7 2079/5429/2320 2096/5438/2328
f 2086/6561/551 2099/5450/2338 2102/6562/560
f 2081/5434/2324 389/6545/5 2098/5451/2339
f 2088/5431/2322 2102/1413/560 2106/5443/2332
f 2088/5431/2322 2108/1415/561 2092/1408/556
f 2093/1407/555 2108/1415/561 2112/6563/2335
f 390/6552/7 2096/5438/2328 2113/5446/2334
f 2103/1411/559 2116/5458/2345 2119/6564/568
f 2098/5451/2339 389/6545/5 2115/5460/2347
f 2105/6565/2331 2119/1424/568 2123/5453/2341
f 2105/6565/2331 2125/1425/569 2109/6566/564
f 2110/1420/563 2125/6567/569 2129/5457/2344
f 390/6552/7 2113/5446/2334 2130/5456/2343
f 2120/1423/567 2133/6568/2353 2136/1432/576
f 2115/5460/2347 389/6545/5 2132/5469/2355
f 2118/1421/565 2140/5462/2349 2122/5452/2340
f 2122/5452/2340 2142/1433/577 2126/1428/572
f 2127/1427/571 2142/1433/577 2146/6569/2352
f 390/6552/7 2130/5456/2343 2147/5465/2351
f 2137/6570/575 2150/5478/2362 2153/1441/584
f 2132/5469/2355 389/6545/5 2149/5479/2363
f 2135/1429/573 2157/6571/2357 2139/5461/2348
f 2143/1436/580 2157/6571/2357 2159/6572/585
f 2144/6573/579 2159/1443/585 2163/5476/2360
f 390/6552/7 2147/5465/2351 2164/5475/2359
f 2154/1442/583 2167/5484/2367 2170/6574/592
f 2149/5479/2363 389/6545/5 2166/5485/2368
f 2152/1437/581 2174/5481/2365 2156/5470/2356
f 2160/1447/588 2174/5481/2365 2176/1453/593
f 2161/1448/587 2176/1453/593 2180/6575/2370
f 390/6552/7 2164/5475/2359 2181/5488/2371
f 2188/1459/519 2201/5504/2304 2204/6576/528
f 2184/5503/2303 391/6577/5 2200/5501/2301
f 2336/5577/2368 391/6577/5 2184/5503/2303
f 2341/1547/599 2183/6578/2305 2187/1461/520
f 2343/5572/2364 2187/1461/520 2191/5491/2293
f 2190/6579/2292 2204/1472/528 2208/5494/2295
f 2343/5572/2364 2193/1463/521 2347/1552/596
f 2190/6579/2292 2210/1473/529 2194/6580/524
f 2348/6581/595 2193/6582/521 2198/5498/2298
f 2195/1468/523 2210/6583/529 2214/5496/2296
f 392/6584/7 2197/5500/2300 2215/5499/2310
f 392/6584/7 2351/5580/2371 2197/5500/2300
f 2205/1471/527 2218/6585/2317 2221/1480/536
f 2200/5501/2301 391/6577/5 2217/5512/2311
f 2207/5493/2294 2221/1480/536 2225/5507/2307
f 2207/5493/2294 2227/1481/537 2211/1476/532
f 2212/1475/531 2227/1481/537 2231/6586/2308
f 392/6584/7 2215/5499/2310 2232/6587/2318
f 2222/6588/535 2235/5530/2327 2238/1489/544
f 2217/5512/2311 391/6577/5 2234/5519/2325
f 2220/1477/533 2242/6589/2315 2224/5506/2372
f 2224/5506/2372 2244/6590/545 2228/1484/540
f 2229/6591/539 2244/1491/545 2248/5524/2375
f 392/6584/7 2232/6587/2318 2249/5522/2320
f 2239/1487/543 2252/6592/2336 2255/1500/552
f 2234/5519/2325 391/6577/5 2251/5528/2324
f 2237/1485/541 2259/5526/2323 2241/5515/2314
f 2241/5515/2314 2261/1501/553 2245/1495/548
f 2246/1493/547 2261/6593/553 2265/5533/2330
f 392/6584/7 2249/5522/2320 2266/5532/2328
f 2256/6594/551 2269/5541/2376 2272/6595/560
f 2251/5528/2324 391/6577/5 2268/5543/2339
f 2254/1497/549 2276/5536/2332 2258/5525/2322
f 2258/5525/2322 2278/1511/561 2262/1504/556
f 2263/1503/597 2278/1511/561 2282/6596/2335
f 392/6584/7 2266/5532/2328 2283/5539/2334
f 2273/1507/559 2286/5550/2345 2289/6597/568
f 2268/5543/2339 391/6577/5 2285/5552/2347
f 2275/6598/2331 2289/1520/568 2293/5545/2377
f 2275/6598/2331 2295/1521/569 2279/6599/564
f 2280/1516/563 2295/6600/569 2299/5549/2344
f 392/6584/7 2283/5539/2334 2300/5547/2343
f 2290/1519/567 2303/6601/2353 2306/1528/576
f 2285/5552/2347 391/6577/5 2302/5561/2355
f 2288/1517/565 2310/5554/2349 2292/5544/2340
f 2292/5544/2340 2312/1529/577 2296/1524/572
f 2297/1523/571 2312/1529/577 2316/6602/2352
f 392/6584/7 2300/5547/2343 2317/5557/2351
f 2307/6603/575 2320/5570/2362 2323/1537/584
f 2302/5561/2355 391/6577/5 2319/5571/2363
f 2305/1525/573 2327/6604/2357 2309/5553/2378
f 2313/1532/580 2327/6604/2357 2329/6605/585
f 2314/6606/598 2329/1539/585 2333/5568/2360
f 392/6584/7 2317/5557/2351 2334/5567/2359
f 2324/1538/583 2337/5576/2367 2340/6607/592
f 2319/5571/2363 391/6577/5 2336/5577/2368
f 2322/1533/581 2344/5573/2365 2326/5562/2356
f 2326/5562/2356 2346/1549/593 2330/1543/588
f 2331/1544/587 2346/1549/593 2350/6608/2370
f 392/6584/7 2334/5567/2359 2351/5580/2371
f 2395/1607/397 2353/1553/343 2367/1571/361
f 2362/1568/358 2368/1574/364 2355/1559/349
f 2389/1601/391 2354/1556/346 2383/1595/385
f 2374/1580/370 2388/1598/388 2402/1616/406
f 2375/1583/373 2396/1610/400 2369/1577/367
f 2403/1619/409 2382/1592/382 2397/1613/403
f 2451/1679/397 2409/1625/343 2423/1643/361
f 2418/1640/358 2424/1646/364 2411/1631/349
f 2445/1673/391 2410/1628/346 2439/1667/385
f 2430/1652/370 2444/1670/388 2458/1688/406
f 2431/1655/373 2452/1682/400 2425/1649/367
f 2459/1691/409 2438/1664/382 2453/1685/403
f 2507/1751/397 2465/1697/343 2479/1715/361
f 2474/1712/358 2480/1718/364 2467/1703/349
f 2501/1745/391 2466/1700/346 2495/1739/385
f 2486/1724/370 2500/1742/388 2514/1760/406
f 2487/1727/373 2508/1754/400 2481/1721/367
f 2515/1763/409 2494/1736/382 2509/1757/403
f 2563/1823/397 2521/1769/343 2535/1787/361
f 2530/1784/358 2536/1790/364 2523/1775/349
f 2557/1817/391 2522/1772/346 2551/1811/385
f 2542/1796/370 2556/1814/388 2570/1832/406
f 2543/1799/373 2564/1826/400 2537/1793/367
f 2571/1835/409 2550/1808/382 2565/1829/403
f 2619/1895/397 2577/1841/343 2591/1859/361
f 2586/1856/358 2592/1862/364 2579/1847/349
f 2613/1889/391 2578/1844/346 2607/1883/385
f 2598/1868/370 2612/1886/388 2626/1904/406
f 2599/1871/373 2620/1898/400 2593/1865/367
f 2627/1907/409 2606/1880/382 2621/1901/403
f 2675/1967/397 2633/1913/343 2647/1931/361
f 2642/1928/358 2648/1934/364 2635/1919/349
f 2669/1961/391 2634/1916/346 2663/1955/385
f 2654/1940/370 2668/1958/388 2682/1976/406
f 2655/1943/373 2676/1970/400 2649/1937/367
f 2683/1979/409 2662/1952/382 2677/1973/403
f 2731/2039/397 2689/1985/343 2703/2003/361
f 2698/2000/358 2704/2006/364 2691/1991/349
f 2725/2033/391 2690/1988/346 2719/2027/385
f 2710/2012/370 2724/2030/388 2738/2048/406
f 2711/2015/373 2732/2042/400 2705/2009/367
f 2739/2051/409 2718/2024/382 2733/2045/403
f 2787/2111/397 2745/2057/343 2759/2075/361
f 2754/2072/358 2760/2078/364 2747/2063/349
f 2781/2105/391 2746/2060/346 2775/2099/385
f 2766/2084/370 2780/2102/388 2794/2120/406
f 2767/2087/373 2788/2114/400 2761/2081/367
f 2795/2123/409 2774/2096/382 2789/2117/403
f 2843/2177/682 2899/2241/746 2955/2305/810
f 2809/2142/647 2816/2150/655 2803/2136/641
f 2963/2318/823 2802/2134/639 2957/2312/817
f 2948/2297/802 2892/2233/738 2836/2169/674
f 2823/6609/663 2830/2166/671 2817/5729/657
f 2837/2174/679 2844/2182/687 2831/2168/673
f 2851/2190/695 2858/2198/703 2845/2184/689
f 2865/6610/711 2872/2214/719 2859/5736/705
f 2879/2222/727 2886/2230/735 2873/2216/721
f 2893/2238/743 2900/2246/751 2887/2232/737
f 2907/2254/759 2914/5742/767 2901/2248/753
f 2921/2270/775 2928/2278/783 2915/2264/769
f 2935/2286/791 2942/2294/799 2929/2280/785
f 2949/2302/807 2956/5749/815 2943/2296/801
f 3011/2375/397 2969/2321/343 2983/2339/361
f 2978/2336/358 2984/2342/364 2971/2327/349
f 3005/2369/391 2970/2324/346 2999/2363/385
f 2990/2348/370 3004/2366/388 3018/2384/406
f 2991/2351/373 3012/2378/400 2985/2345/367
f 3019/2387/409 2998/2360/382 3013/2381/403
f 3067/2447/397 3025/2393/343 3039/2411/361
f 3034/2408/358 3040/2414/364 3027/2399/349
f 3061/2441/391 3026/2396/346 3055/2435/385
f 3046/2420/370 3060/2438/388 3074/2456/406
f 3047/2423/373 3068/2450/400 3041/2417/367
f 3075/2459/409 3054/2432/382 3069/2453/403
f 3244/2568/954 629/6611/5 3082/2468/854
f 3082/2468/854 629/6611/5 3106/2484/870
f 3249/5889/2469 3081/2465/851 3089/5796/2411
f 3088/5799/2410 3105/6612/868 3112/5814/2419
f 3249/5893/2469 3092/5800/2414 3252/5891/2471
f 3088/5799/2410 3115/5813/2422 3091/5797/2412
f 3252/5891/2471 3095/6613/2417 3255/6614/2476
f 3094/6615/2416 3115/5813/2422 3118/6616/2426
f 3255/6614/2476 3097/6617/858 3258/6618/956
f 3098/2475/861 3118/5821/2426 3122/2491/877
f 630/6619/7 3259/2573/959 3099/2477/863
f 630/6619/7 3099/2477/863 3121/2489/875
f 3104/6620/865 3135/5825/2428 3111/5811/2418
f 3106/2484/870 629/6611/5 3129/2498/884
f 3111/5811/2418 3138/5829/2431 3114/5809/2420
f 3114/5809/2420 3141/6621/2434 3117/6622/2425
f 3120/2486/872 3141/5834/2434 3145/2505/891
f 630/6619/7 3121/2489/875 3144/2503/889
f 3134/5822/2427 3151/6623/896 3158/5842/2436
f 3129/2498/884 629/6611/5 3152/2512/898
f 3134/5822/2427 3161/5841/2439 3137/5827/2429
f 3137/5827/2429 3164/6624/2443 3140/6625/2433
f 3140/5832/2433 3168/2519/905 3143/2500/886
f 630/6619/7 3144/2503/889 3167/2517/903
f 3157/5839/2435 3174/6626/910 3181/5856/2445
f 3152/2512/898 629/6611/5 3175/2526/912
f 3157/5839/2435 3184/5855/2448 3160/5837/2437
f 3160/5837/2437 3187/6627/2451 3163/6628/2442
f 3163/5847/2442 3191/2533/919 3166/2514/900
f 630/6619/7 3167/2517/903 3190/2531/917
f 3173/2521/907 3204/5863/2453 3180/5850/2444
f 3175/2526/912 629/6611/5 3198/2540/926
f 3183/5852/2446 3204/5869/2453 3207/5868/2456
f 3183/5852/2446 3210/6629/2460 3186/6630/2450
f 3186/6630/2450 3214/6631/933 3189/6632/914
f 630/6619/7 3190/2531/917 3213/2545/931
f 3196/2535/921 3227/5878/2462 3203/5862/2452
f 3198/2540/926 629/6611/5 3221/2554/940
f 3203/5866/2452 3230/5882/2465 3206/5864/2454
f 3206/5864/2454 3233/5888/2468 3209/6633/2459
f 3212/6634/928 3233/5888/2468 3237/6635/947
f 630/6619/7 3213/2545/931 3236/2559/945
f 3226/5877/2461 3243/2566/952 3250/5890/2470
f 3221/2554/940 629/6611/5 3244/2568/954
f 3226/5881/2461 3253/5895/2473 3229/5879/2463
f 3232/5886/2467 3253/5895/2473 3256/6636/2477
f 3232/5886/2467 3260/6637/961 3235/6638/942
f 630/6619/7 3236/2559/945 3259/2573/959
f 3428/2680/954 631/6639/5 3266/2580/854
f 3266/2580/854 631/6639/5 3290/2596/870
f 3433/5998/2469 3265/2577/851 3273/5905/2411
f 3272/5908/2410 3289/6640/868 3296/5923/2419
f 3436/6000/2471 3273/5910/2411 3276/5909/2414
f 3272/5908/2410 3299/5922/2422 3275/5906/2412
f 3436/6000/2471 3279/6641/2417 3439/6642/2476
f 3275/5906/2412 3302/6643/2426 3278/6644/2416
f 3439/6642/2476 3281/6645/858 3442/6646/956
f 3282/2587/861 3302/5930/2426 3306/2603/877
f 632/6647/7 3443/2685/959 3283/2589/863
f 632/6647/7 3283/2589/863 3305/2601/875
f 3288/6648/865 3319/5934/2428 3295/5920/2418
f 3290/2596/870 631/6639/5 3313/2610/884
f 3295/5920/2418 3322/5938/2431 3298/5918/2420
f 3298/5918/2420 3325/6649/2434 3301/6650/2425
f 3304/2598/872 3325/5943/2434 3329/2617/891
f 632/6647/7 3305/2601/875 3328/2615/889
f 3318/5931/2427 3335/6651/896 3342/5951/2436
f 3313/2610/884 631/6639/5 3336/2624/898
f 3318/5931/2427 3345/5950/2439 3321/5936/2429
f 3321/5936/2429 3348/6652/2443 3324/6653/2433
f 3324/5941/2433 3352/2631/905 3327/2612/886
f 632/6647/7 3328/2615/889 3351/2629/965
f 3334/6654/964 3365/5965/2478 3341/5948/2435
f 3336/2624/898 631/6639/5 3359/2638/912
f 3341/5948/2435 3368/5964/2448 3344/5946/2437
f 3347/6655/2442 3368/5964/2448 3371/6656/2451
f 3347/5956/2442 3375/2645/919 3350/2626/900
f 632/6647/7 3351/2629/965 3374/2643/917
f 3357/2633/966 3388/5972/2453 3364/5959/2444
f 3359/2638/912 631/6639/5 3382/2652/926
f 3364/5963/2444 3391/5977/2456 3367/5961/2446
f 3367/5961/2446 3394/6657/2460 3370/6658/2450
f 3373/6659/968 3394/6657/2460 3398/6660/971
f 632/6647/7 3374/2643/917 3397/2657/931
f 3380/2647/921 3411/5987/2462 3387/5971/2452
f 3382/2652/926 631/6639/5 3405/2666/940
f 3387/5975/2452 3414/5991/2465 3390/5973/2454
f 3390/5973/2454 3417/5997/2468 3393/6661/2459
f 3396/6662/969 3417/5997/2468 3421/6663/947
f 632/6647/7 3397/2657/931 3420/2671/945
f 3410/5986/2461 3427/2678/975 3434/5999/2470
f 3405/2666/940 631/6639/5 3428/2680/954
f 3410/5990/2461 3437/6004/2473 3413/5988/2463
f 3413/5988/2463 3440/6664/2477 3416/5995/2467
f 3419/6665/974 3440/6664/2477 3444/6666/976
f 632/6647/7 3420/2671/945 3443/2685/959
f 3491/2743/397 3449/2689/343 3463/2707/361
f 3458/2704/358 3464/2710/364 3451/2695/349
f 3485/2737/391 3450/2692/346 3479/2731/385
f 3470/2716/370 3484/2734/388 3498/2752/406
f 3471/2719/373 3492/2746/400 3465/2713/367
f 3499/2755/409 3478/2728/382 3493/2749/403
f 3547/2815/397 3505/2761/343 3519/2779/361
f 3514/2776/358 3520/2782/364 3507/2767/349
f 3541/2809/391 3506/2764/346 3535/2803/385
f 3526/2788/370 3540/2806/388 3554/2824/406
f 3527/2791/373 3548/2818/400 3521/2785/367
f 3555/2827/409 3534/2800/382 3549/2821/403
f 3718/2936/954 633/6667/5 3563/2838/854
f 3563/2838/854 633/6667/5 3580/2852/870
f 3561/6159/985 3586/6065/2484 3739/6157/2525
f 3716/2931/1030 3740/6160/2526 3723/6142/2519
f 3739/6157/2525 3589/6064/2422 3568/6161/2412
f 3726/6144/2471 3743/6170/2530 3729/6668/2523
f 3723/6146/2519 3569/6163/2414 3726/6144/2471
f 3568/6161/2412 3592/6669/2488 3742/6670/2529
f 634/6671/7 3733/2941/959 3572/2843/863
f 634/6671/7 3572/2843/863 3595/2857/875
f 3742/6167/2529 3596/2859/997 3571/2840/987
f 3732/6672/1033 3743/6170/2530 3573/6673/989
f 3578/6674/990 3609/6076/2490 3585/6062/2483
f 3580/2852/870 633/6667/5 3603/2866/884
f 3585/6062/2483 3612/6080/2431 3588/6060/2420
f 3591/6675/2487 3612/6080/2431 3615/6676/2494
f 3591/6070/2487 3619/2873/891 3594/2854/994
f 634/6671/7 3595/2857/875 3618/2871/889
f 3608/6073/2489 3625/6677/1007 3632/6093/2496
f 3603/2866/884 633/6667/5 3626/2880/1008
f 3611/6078/2429 3632/6093/2496 3635/6092/2439
f 3611/6078/2429 3638/6678/2500 3614/6679/2493
f 3617/2868/886 3638/6100/2500 3642/2887/905
f 634/6671/7 3618/2871/889 3641/2885/965
f 3624/6680/1005 3655/6103/2502 3631/6090/2495
f 3626/2880/1008 633/6667/5 3649/2894/912
f 3631/6090/2495 3658/6108/2448 3634/6088/2437
f 3634/6088/2437 3661/6681/2506 3637/6682/2499
f 3637/6098/2499 3665/2901/1015 3640/2882/1010
f 634/6671/7 3641/2885/965 3664/2899/917
f 3654/6101/2501 3671/2906/1019 3678/6116/2508
f 3649/2894/912 633/6667/5 3672/2908/926
f 3654/6107/2501 3681/6121/2456 3657/6105/2446
f 3657/6105/2446 3684/6683/2512 3660/6111/2505
f 3660/6111/2505 3688/6684/1023 3663/6685/1014
f 634/6671/7 3664/2899/917 3687/2913/1021
f 3670/2903/1017 3701/6131/2514 3677/6115/2507
f 3672/2908/926 633/6667/5 3695/2922/940
f 3680/6117/2454 3701/6136/2514 3704/6135/2465
f 3680/6117/2454 3707/6141/2518 3683/6686/2511
f 3683/6686/2511 3711/6687/947 3686/6688/928
f 634/6671/7 3687/2913/1021 3710/2927/945
f 3693/2917/972 3724/6143/2520 3700/6130/2513
f 3695/2922/940 633/6667/5 3718/2936/954
f 3700/6134/2513 3727/6148/2473 3703/6132/2463
f 3706/6139/2517 3727/6148/2473 3730/6689/2524
f 3706/6139/2517 3734/6690/1035 3709/6691/974
f 634/6671/7 3710/2927/945 3733/2941/959
f 3902/3048/954 635/6692/5 3747/2950/854
f 3747/2950/854 635/6692/5 3764/2964/870
f 3923/6270/2525 3763/6693/992 3770/6178/2484
f 3900/3043/1030 3924/6273/2526 3907/6255/2519
f 3752/6274/2412 3770/6178/2484 3773/6177/2422
f 3910/6257/2471 3927/6283/2530 3913/6694/2523
f 3910/6257/2471 3924/6277/2526 3753/6276/2414
f 3752/6274/2412 3776/6695/2488 3926/6696/2529
f 636/6697/7 3917/3053/959 3756/2955/863
f 636/6697/7 3756/2955/863 3779/2969/875
f 3926/6280/2529 3780/2971/997 3755/2952/987
f 3913/6694/2523 3757/6698/989 3916/6699/1033
f 3762/6700/990 3793/6189/2490 3769/6175/2483
f 3764/2964/870 635/6692/5 3787/2978/884
f 3772/6173/2420 3793/6189/2490 3796/6193/2431
f 3772/6173/2420 3799/6701/2494 3775/6702/2487
f 3775/6183/2487 3803/2985/891 3778/2966/994
f 636/6697/7 3779/2969/875 3802/2983/889
f 3785/6188/999 3816/6206/2496 3792/6186/2489
f 3787/2978/884 635/6692/5 3810/2992/1008
f 3792/6186/2489 3819/6205/2439 3795/6191/2429
f 3798/6703/2493 3819/6205/2439 3822/6704/2500
f 3798/6196/2493 3826/2999/905 3801/2980/886
f 636/6697/7 3802/2983/889 3825/2997/965
f 3808/6705/1005 3839/6216/2502 3815/6203/2495
f 3810/2992/1008 635/6692/5 3833/3006/912
f 3815/6203/2495 3842/6221/2448 3818/6201/2437
f 3818/6201/2437 3845/6706/2506 3821/6707/2499
f 3824/2994/1010 3845/6226/2506 3849/3013/1015
f 636/6697/7 3825/2997/965 3848/3011/917
f 3831/3001/907 3862/6229/2508 3838/6214/2501
f 3833/3006/912 635/6692/5 3856/3020/926
f 3838/6220/2501 3865/6234/2456 3841/6218/2446
f 3841/6218/2446 3868/6708/2512 3844/6224/2505
f 3844/6224/2505 3872/6709/1023 3847/6710/1014
f 636/6697/7 3848/3011/917 3871/3025/1021
f 3861/6228/2507 3878/3032/1026 3885/6244/2514
f 3856/3020/926 635/6692/5 3879/3034/940
f 3861/6232/2507 3888/6248/2465 3864/6230/2531
f 3864/6230/2531 3891/6254/2518 3867/6711/2511
f 3870/6712/928 3891/6254/2518 3895/6713/947
f 636/6697/7 3871/3025/1021 3894/3039/945
f 3877/3029/972 3908/6256/2520 3884/6243/2513
f 3879/3034/940 635/6692/5 3902/3048/954
f 3887/6245/2463 3908/6262/2520 3911/6261/2473
f 3887/6245/2463 3914/6714/2524 3890/6252/2517
f 3890/6252/2517 3918/6715/1035 3893/6716/974
f 636/6697/7 3894/3039/945 3917/3053/959
f 3929/3059/1040 3951/6285/1060 3961/3095/1073
f 3933/3067/1048 3944/6287/1059 3952/6286/1065
f 3940/3068/1049 3932/3066/1047 3981/3115/1092
f 3930/3061/1042 3960/3093/1071 3972/6295/1083
f 3931/3062/1043 3971/6293/1082 3982/6289/1096
f 3941/3073/1054 3980/3114/1091 4032/3175/1145
f 3942/3074/1055 4031/6305/1140 3991/3127/1102
f 3953/3088/1066 3943/3077/1056 3994/3133/1108
f 3953/3088/1066 3994/3133/1108 4002/3140/1114
f 3962/6717/1074 3954/3090/1068 4001/3137/1112
f 3963/3101/1078 4000/3136/1111 4013/3155/1127
f 3973/3110/1087 3964/6297/1079 4012/3151/1123
f 3974/3111/1088 4011/3148/1120 4023/3164/1134
f 3983/3121/1097 3974/3111/1088 4023/3164/1134
f 3984/3123/1098 4022/3163/1133 4033/6718/1146
f 4003/6312/1118 3993/6310/1107 4042/3182/1151
f 3992/6719/1103 4035/3181/1150 4043/3187/1156
f 4014/3156/1128 4004/3145/1119 4046/3192/1161
f 4024/6316/1138 4015/6313/1130 4045/3190/1159
f 4034/3179/1149 4025/6308/1139 4044/3189/1158
f 4095/3243/1210 4123/3277/1242 4151/3311/1274
f 4061/3204/1173 4068/3214/1183 4055/3199/1168
f 4159/3325/1287 4054/3196/1165 4153/3319/1281
f 4144/3303/1266 4116/3269/1234 4088/3235/1202
f 4075/3223/1191 4082/3230/1197 4069/3217/1185
f 4089/3240/1207 4096/3246/1213 4083/3233/1200
f 4103/3257/1223 4110/3266/1231 4097/3249/1216
f 4117/3274/1239 4124/3282/1247 4111/3268/1233
f 4131/3289/1253 4138/3300/1263 4125/3285/1249
f 4145/3306/1269 4152/3316/1279 4139/3302/1265
f 4207/3379/1338 4235/3413/1370 4263/3447/1402
f 4173/3342/1303 4180/3348/1309 4167/3336/1297
f 4271/3459/1413 4166/3334/1295 4265/3453/1408
f 4256/3439/1394 4228/3405/1362 4200/3371/1330
f 4187/3357/1317 4194/3368/1327 4181/3351/1312
f 4201/3376/1335 4208/3382/1341 4195/3370/1329
f 4215/3391/1349 4222/3402/1359 4209/3385/1344
f 4229/3410/1367 4236/3416/1373 4223/3404/1361
f 4243/3425/1381 4250/3436/1391 4237/3419/1376
f 4257/3444/1399 4264/3450/1405 4251/3438/1393
f 4319/3515/1338 4347/3549/1370 4375/3583/1402
f 4285/3478/1303 4292/3484/1309 4279/3472/1297
f 4383/3595/1413 4278/3470/1295 4377/3589/1408
f 4368/3575/1448 4340/3541/1362 4312/3507/1428
f 4299/3493/1317 4306/3502/1423 4293/3487/1312
f 4313/3510/1431 4320/3518/1341 4307/3505/1426
f 4327/3527/1349 4334/3538/1359 4321/3521/1344
f 4341/3546/1367 4348/3552/1373 4335/3540/1361
f 4355/3561/1381 4362/3570/1443 4349/3555/1376
f 4369/3578/1451 4376/3586/1405 4363/3573/1446
f 4431/3651/1338 4459/3685/1370 4487/3719/1402
f 4397/3614/1303 4404/3620/1458 4391/3608/1297
f 4495/3731/1413 4390/3606/1295 4489/3725/1408
f 4480/3711/1394 4452/3677/1362 4424/3643/1330
f 4411/3629/1317 4418/3640/1327 4405/3623/1312
f 4425/3648/1335 4432/3654/1341 4419/3642/1329
f 4439/3663/1349 4446/3674/1359 4433/3657/1344
f 4453/3682/1367 4460/3688/1373 4447/3676/1361
f 4467/3697/1381 4474/3708/1391 4461/3691/1376
f 4481/3716/1399 4488/3722/1405 4475/3710/1393
f 4543/3791/397 4501/3737/343 4515/3755/361
f 4510/3752/358 4516/3758/364 4503/3743/349
f 4537/3785/391 4502/3740/346 4531/3779/385
f 4522/3764/370 4536/3782/388 4550/3800/406
f 4523/3767/373 4544/3794/400 4517/3761/367
f 4551/3803/409 4530/3776/382 4545/3797/403
f 4599/3859/1501 4627/3893/1533 4655/3927/1559
f 4565/3820/1173 4572/3830/1475 4559/3815/1168
f 4663/3941/1567 4558/3812/1165 4657/3935/1562
f 4648/3919/1551 4620/3885/1525 4592/3851/1493
f 4579/3839/1482 4586/3848/1490 4573/3833/1477
f 4593/3854/1496 4600/3864/1506 4587/3850/1492
f 4607/3873/1514 4614/3880/1520 4601/3867/1508
f 4621/3888/1528 4628/3898/1536 4615/3883/1523
f 4635/3907/1542 4642/3916/1263 4629/3901/1249
f 4649/3924/1556 4656/3932/1279 4643/3918/1265
f 2/1/1 9/6720/15 10/2/2
f 6/10/10 5/18/16 12/11/11
f 3/3/3 10/2/2 11/13/13
f 2/15/1 85/4/4 8/6/6
f 6/17/10 13/24/12 14/9/9
f 4/14/14 11/13/13 12/11/11
f 12/11/11 19/6721/21 20/19/17
f 10/20/2 17/29/22 18/21/18
f 8/6/6 15/30/23 16/23/19
f 13/24/12 20/31/17 21/25/20
f 11/22/13 18/21/18 19/26/21
f 9/28/15 16/34/19 17/29/22
f 20/31/17 27/49/28 28/32/24
f 18/21/18 25/39/29 26/33/25
f 16/34/19 23/6722/30 24/35/26
f 20/37/17 19/26/21 26/33/25
f 17/29/22 24/35/26 25/39/29
f 15/30/23 22/36/27 23/40/30
f 25/39/29 32/47/37 33/41/31
f 24/35/26 23/6722/30 30/42/32
f 27/38/28 26/33/25 33/41/31
f 24/35/26 31/43/33 32/47/37
f 22/36/27 29/44/34 30/48/32
f 27/49/28 34/59/36 35/45/35
f 34/51/36 33/60/31 40/52/39
f 31/54/33 38/70/44 39/55/41
f 30/48/32 29/44/34 36/57/42
f 34/59/36 41/66/40 42/50/38
f 33/60/31 32/56/37 39/55/41
f 30/42/32 37/6723/43 38/61/44
f 39/55/41 38/70/44 45/62/45
f 37/58/43 36/57/42 43/64/47
f 41/66/40 48/6724/51 49/67/49
f 39/55/41 46/63/46 47/68/50
f 37/69/43 44/6725/48 45/62/45
f 41/53/40 40/52/39 47/68/50
f 49/67/49 48/6724/51 55/72/52
f 47/68/50 46/63/46 53/74/54
f 45/62/45 44/6725/48 51/76/56
f 47/68/50 54/75/55 55/79/52
f 45/62/45 52/77/57 53/74/54
f 43/64/47 50/78/58 51/80/56
f 51/76/56 58/6726/64 59/81/59
f 54/75/55 61/88/65 62/84/62
f 52/77/57 59/81/59 60/85/63
f 51/80/56 50/78/58 57/82/60
f 56/73/53 55/72/52 62/87/62
f 54/75/55 53/74/54 60/85/63
f 62/90/62 61/98/65 68/91/67
f 59/93/59 66/100/72 67/94/69
f 58/86/64 57/82/60 64/96/70
f 62/87/62 69/103/68 70/89/66
f 60/95/63 67/94/69 68/91/67
f 58/99/64 65/6727/71 66/100/72
f 65/97/71 64/96/70 71/101/73
f 69/103/68 76/110/78 77/104/75
f 67/94/69 74/109/79 75/105/76
f 66/100/72 65/6727/71 72/106/74
f 68/91/67 75/105/76 76/108/78
f 66/100/72 73/107/77 74/109/79
f 76/110/78 83/122/86 84/111/80
f 75/105/76 74/109/79 81/112/81
f 73/107/77 72/106/74 79/114/83
f 75/105/76 82/113/82 83/117/86
f 73/107/77 80/115/84 81/112/81
f 72/102/74 71/101/73 78/116/85
f 82/119/82 5/18/16 6/10/10
f 81/121/81 80/123/84 3/3/3
f 79/118/83 78/116/85 85/4/4
f 83/122/86 6/17/10 86/8/8
f 81/121/81 4/14/14 5/18/16
f 80/123/84 79/6728/83 2/1/1
f 88/124/1 95/6729/15 96/125/2
f 92/133/10 91/141/16 98/134/11
f 89/126/87 96/125/2 97/136/13
f 171/127/4 94/129/6 95/138/15
f 172/131/8 92/6730/10 99/140/12
f 90/137/14 97/136/13 98/134/11
f 99/135/12 98/134/11 105/142/21
f 96/144/2 103/152/22 104/145/18
f 94/129/6 101/153/23 102/147/19
f 99/140/12 106/154/17 107/148/20
f 98/149/11 97/146/13 104/145/18
f 95/151/15 102/6731/19 103/152/22
f 106/154/17 113/6732/28 114/155/24
f 104/145/18 111/162/29 112/156/25
f 103/152/22 102/6731/19 109/157/30
f 105/150/21 112/156/25 113/160/28
f 103/152/22 110/158/26 111/162/29
f 102/147/19 101/153/23 108/159/27
f 111/162/29 118/169/37 119/164/31
f 109/157/30 116/182/32 117/165/33
f 113/160/28 112/156/25 119/164/31
f 111/162/29 110/158/26 117/165/33
f 108/159/27 115/166/34 116/170/32
f 114/155/24 113/6732/28 120/171/36
f 120/173/36 119/181/31 126/174/39
f 117/176/33 124/185/44 125/177/41
f 115/166/34 122/184/42 123/179/43
f 121/167/35 120/171/36 127/180/40
f 119/181/31 118/178/37 125/177/41
f 116/182/32 123/6733/43 124/183/44
f 124/185/44 131/192/45 132/186/46
f 123/179/43 122/184/42 129/187/47
f 127/180/40 134/194/51 135/189/49
f 126/174/39 125/177/41 132/186/46
f 123/191/43 130/197/48 131/192/45
f 126/174/39 133/190/50 134/193/51
f 134/194/51 141/210/52 142/195/53
f 132/186/46 139/201/54 140/196/55
f 130/197/48 137/203/56 138/198/57
f 133/190/50 140/196/55 141/200/52
f 131/192/45 138/198/57 139/201/54
f 130/188/48 129/187/47 136/199/58
f 137/203/56 144/6734/64 145/204/59
f 140/196/55 147/211/65 148/207/62
f 139/201/54 138/198/57 145/204/59
f 137/202/56 136/199/58 143/205/60
f 141/210/52 148/221/62 149/206/61
f 139/201/54 146/208/63 147/211/65
f 147/213/65 154/222/67 155/214/68
f 145/216/59 152/224/72 153/217/69
f 144/209/64 143/205/60 150/219/70
f 148/221/62 155/226/68 156/212/66
f 146/218/63 153/217/69 154/222/67
f 145/216/59 144/6735/64 151/223/71
f 150/219/70 157/230/73 158/225/74
f 155/226/68 162/233/78 163/227/75
f 153/217/69 160/232/79 161/228/76
f 151/223/71 158/6736/74 159/229/77
f 154/222/67 161/228/76 162/231/78
f 153/217/69 152/224/72 159/229/77
f 162/233/78 169/245/86 170/234/80
f 160/232/79 167/240/81 168/235/82
f 159/229/77 158/6736/74 165/236/83
f 161/228/76 168/235/82 169/239/86
f 159/229/77 166/237/84 167/240/81
f 157/230/73 164/238/85 165/241/83
f 168/242/82 91/141/16 92/133/10
f 167/244/81 166/246/84 89/126/87
f 164/238/85 171/127/4 88/139/1
f 169/245/86 92/6730/10 172/131/8
f 167/244/81 90/137/14 91/141/16
f 166/246/84 165/6737/83 88/124/1
f 175/247/87 257/6738/1 181/248/15
f 177/256/16 184/264/11 185/257/12
f 175/247/87 182/249/2 183/259/13
f 257/261/1 174/250/4 180/252/6
f 258/263/10 185/6739/12 186/255/9
f 176/260/14 183/259/13 184/264/11
f 184/264/11 191/6740/21 192/265/17
f 182/266/2 189/275/22 190/267/18
f 180/252/6 187/276/23 188/269/19
f 186/255/9 185/6739/12 192/270/17
f 183/268/13 190/267/18 191/272/21
f 181/274/15 188/279/19 189/275/22
f 192/270/17 199/294/28 200/277/24
f 190/267/18 197/284/29 198/278/25
f 188/279/19 195/287/30 196/280/26
f 192/282/17 191/272/21 198/278/25
f 189/275/22 196/280/26 197/284/29
f 187/276/23 194/281/27 195/285/30
f 197/284/29 204/292/37 205/286/31
f 195/287/30 202/305/32 203/288/33
f 198/278/25 205/286/31 206/291/36
f 196/280/26 203/288/33 204/292/37
f 195/285/30 194/281/27 201/289/34
f 199/294/28 206/6741/36 207/290/35
f 205/296/31 212/304/39 213/297/40
f 203/299/33 210/314/44 211/300/41
f 201/289/34 208/307/89 209/302/43
f 207/290/35 206/6741/36 213/303/40
f 205/296/31 204/301/37 211/300/41
f 202/305/32 209/6742/43 210/306/44
f 211/300/41 210/314/44 217/308/45
f 208/307/89 215/315/47 216/310/48
f 213/303/40 220/317/51 221/311/49
f 211/300/41 218/309/46 219/312/50
f 209/313/43 216/320/48 217/308/45
f 212/304/39 219/312/50 220/316/51
f 220/317/51 227/334/52 228/318/53
f 218/309/46 225/324/54 226/319/55
f 216/320/48 223/326/56 224/321/57
f 220/316/51 219/312/50 226/319/55
f 218/309/46 217/308/45 224/321/57
f 215/315/47 222/322/58 223/325/56
f 223/326/56 230/6743/64 231/327/59
f 227/323/52 226/319/55 233/330/65
f 225/324/54 224/321/57 231/327/59
f 222/322/58 229/328/60 230/333/64
f 227/334/52 234/343/62 235/329/61
f 225/324/54 232/332/63 233/330/65
f 233/336/65 240/344/91 241/337/68
f 232/339/63 231/345/59 238/340/90
f 229/328/60 236/347/70 237/342/71
f 234/343/62 241/6744/68 242/335/66
f 232/339/63 239/341/69 240/344/91
f 231/345/59 230/6745/64 237/346/71
f 236/347/70 243/354/73 244/348/74
f 242/335/66 241/6744/68 248/349/78
f 240/344/91 239/341/69 246/351/79
f 237/346/71 244/6746/74 245/353/77
f 241/337/68 240/344/91 247/352/76
f 238/340/90 245/353/77 246/351/79
f 248/349/78 255/368/86 256/356/80
f 247/352/76 246/351/79 253/357/81
f 245/353/77 244/6746/74 251/359/83
f 247/352/76 254/358/82 255/362/86
f 245/353/77 252/360/84 253/357/81
f 243/354/73 250/361/85 251/363/83
f 254/364/82 177/256/16 258/258/10
f 252/366/84 175/247/87 176/260/14
f 250/361/85 174/250/4 257/261/1
f 255/368/86 258/263/10 178/254/8
f 253/367/81 176/260/14 177/256/16
f 251/369/83 257/6738/1 175/247/87
f 261/370/87 343/493/1 267/371/15
f 263/379/16 270/387/11 271/380/12
f 261/370/87 268/372/2 269/382/13
f 260/373/4 266/375/6 267/384/15
f 344/386/10 271/393/12 272/378/92
f 262/383/14 269/382/13 270/387/11
f 270/387/11 277/6747/21 278/388/17
f 269/389/13 268/397/2 275/390/22
f 266/375/6 273/399/23 274/392/19
f 271/393/12 278/400/17 279/394/20
f 269/389/13 276/391/18 277/395/21
f 268/397/2 267/6748/15 274/398/19
f 278/400/17 285/417/28 286/401/24
f 276/391/18 283/408/29 284/402/93
f 275/390/22 274/398/19 281/403/30
f 277/395/21 284/402/93 285/406/28
f 276/391/18 275/390/22 282/404/94
f 273/399/23 280/405/27 281/409/30
f 284/402/93 283/408/29 290/410/37
f 281/403/30 288/6749/32 289/412/33
f 285/406/28 284/402/93 291/411/31
f 282/404/94 289/412/33 290/410/37
f 280/405/27 287/413/34 288/416/32
f 285/417/28 292/426/36 293/414/35
f 291/419/31 298/427/39 299/420/40
f 289/422/33 296/431/44 297/423/41
f 287/413/34 294/430/89 295/425/43
f 292/426/36 299/6750/40 300/418/38
f 291/419/31 290/424/37 297/423/41
f 289/412/33 288/6749/32 295/428/43
f 296/431/44 303/438/45 304/432/46
f 294/430/89 301/439/47 302/433/48
f 300/418/38 299/6750/40 306/434/51
f 298/427/39 297/423/41 304/432/46
f 296/431/44 295/6751/43 302/437/48
f 298/427/39 305/436/50 306/440/51
f 307/435/49 306/434/51 313/441/52
f 305/436/50 304/432/46 311/443/54
f 302/437/48 309/449/56 310/445/57
f 305/436/50 312/444/55 313/447/52
f 303/438/45 310/445/57 311/443/54
f 301/439/47 308/446/58 309/448/56
f 309/449/56 316/6752/64 317/450/59
f 313/447/52 312/444/55 319/453/65
f 311/443/54 310/445/57 317/450/59
f 309/448/56 308/446/58 315/451/60
f 313/441/52 320/465/62 321/452/61
f 311/443/54 318/455/63 319/453/65
f 320/458/62 319/466/65 326/459/67
f 317/461/59 324/468/72 325/462/69
f 315/451/60 322/469/70 323/464/71
f 320/465/62 327/472/68 328/457/66
f 318/463/63 325/462/69 326/459/67
f 316/467/64 323/475/71 324/468/72
f 323/464/71 322/469/70 329/470/73
f 327/472/68 334/479/78 335/473/75
f 325/462/69 332/478/79 333/474/76
f 323/475/71 330/482/74 331/476/77
f 326/459/67 333/474/76 334/477/78
f 324/468/72 331/476/77 332/478/79
f 334/479/78 341/492/86 342/480/80
f 332/478/79 339/486/81 340/481/82
f 330/482/74 337/6753/83 338/483/84
f 333/474/76 340/481/82 341/485/86
f 331/476/77 338/483/84 339/486/81
f 329/470/73 336/484/85 337/487/83
f 340/488/82 263/379/16 344/381/10
f 338/490/84 261/370/87 262/383/14
f 336/484/85 260/373/4 343/385/1
f 341/492/86 344/386/10 264/377/8
f 339/491/81 262/383/14 263/379/16
f 338/490/84 337/6754/83 343/493/1
f 620/538/115 619/565/138 398/539/116
f 627/541/118 406/567/139 407/542/119
f 620/538/115 399/540/117 400/544/121
f 622/547/14 621/545/122 400/544/121
f 622/547/14 401/548/123 402/549/124
f 623/550/125 402/549/124 403/554/128
f 616/551/126 395/553/127 396/556/130
f 624/555/129 403/554/128 404/558/132
f 617/557/131 396/556/130 397/560/134
f 625/562/133 404/577/132 405/563/136
f 619/565/138 618/6755/135 397/566/134
f 627/541/118 626/564/137 405/563/136
f 399/540/117 412/583/152 413/568/140
f 400/544/121 413/568/140 414/570/142
f 401/548/123 414/570/142 415/571/143
f 402/549/124 415/571/143 416/573/145
f 395/553/127 408/572/144 409/574/146
f 403/554/128 416/573/145 417/575/147
f 396/556/130 409/574/146 410/576/148
f 404/577/132 417/597/147 418/578/149
f 398/579/116 397/560/134 410/576/148
f 405/563/136 418/578/149 419/581/151
f 399/540/117 398/539/116 411/582/150
f 406/567/139 419/581/151 420/569/141
f 414/585/142 413/604/140 426/586/154
f 414/585/142 427/587/18 428/588/155
f 416/591/145 415/589/143 428/588/155
f 408/572/144 421/590/156 422/593/158
f 417/594/147 416/591/145 429/592/157
f 409/574/146 422/593/158 423/596/160
f 417/597/147 430/612/159 431/598/161
f 411/580/150 410/576/148 423/596/160
f 418/578/149 431/598/161 432/600/163
f 411/601/150 424/616/162 425/602/164
f 419/581/151 432/600/163 433/584/153
f 412/603/152 425/602/164 426/586/154
f 426/586/154 439/619/177 440/605/165
f 427/587/18 440/605/165 441/606/166
f 429/592/157 428/588/155 441/606/166
f 421/590/156 434/607/167 435/609/169
f 429/592/157 442/608/168 443/610/170
f 422/593/158 435/609/169 436/611/171
f 430/612/159 443/6756/170 444/613/172
f 423/596/160 436/611/171 437/614/173
f 431/598/161 444/613/172 445/615/174
f 424/616/162 437/630/173 438/617/175
f 432/600/163 445/615/174 446/618/176
f 425/602/164 438/617/175 439/619/177
f 440/605/165 453/635/190 454/620/178
f 442/608/168 441/606/166 454/620/178
f 435/609/169 434/607/167 447/621/179
f 442/608/168 455/622/180 456/624/182
f 435/609/169 448/623/181 449/625/183
f 444/626/172 443/610/170 456/624/182
f 436/628/171 449/6757/183 450/629/185
f 444/613/172 457/644/184 458/631/186
f 438/617/175 437/630/173 450/629/185
f 445/615/174 458/631/186 459/633/188
f 438/617/175 451/632/187 452/634/189
f 439/619/177 452/634/189 453/635/190
f 455/622/180 454/620/178 467/637/192
f 448/623/181 447/621/179 460/636/191
f 455/622/180 468/638/193 469/640/195
f 448/623/181 461/639/194 462/641/196
f 456/642/182 469/659/195 470/643/197
f 450/645/185 449/625/183 462/641/196
f 457/644/184 470/643/197 471/647/199
f 451/632/187 450/629/185 463/648/198
f 458/631/186 471/647/199 472/650/201
f 451/632/187 464/649/200 465/651/202
f 452/634/189 465/651/202 466/652/37
f 453/635/190 466/652/37 467/637/192
f 468/638/193 467/637/192 480/653/203
f 461/639/194 460/636/191 473/655/205
f 468/638/193 481/654/204 482/657/207
f 462/641/196 461/639/194 474/656/206
f 469/659/195 482/673/207 483/660/209
f 462/641/196 475/658/208 476/661/210
f 470/643/197 483/660/209 484/662/211
f 463/648/198 476/6758/210 477/663/212
f 471/647/199 484/662/211 485/664/213
f 464/649/200 477/663/212 478/665/214
f 466/652/37 465/651/202 478/665/214
f 466/652/37 479/666/215 480/653/203
f 474/656/206 473/655/205 486/667/216
f 481/669/204 494/687/228 495/670/218
f 474/656/206 487/668/217 488/672/219
f 482/673/207 495/690/218 496/674/220
f 475/658/208 488/672/219 489/675/221
f 483/660/209 496/674/220 497/676/222
f 476/677/210 489/694/221 490/678/223
f 484/662/211 497/676/222 498/680/224
f 477/679/212 490/678/223 491/681/225
f 478/682/214 491/681/225 492/683/226
f 479/684/215 492/683/226 493/685/227
f 481/669/204 480/686/203 493/685/227
f 494/687/228 507/702/239 508/688/229
f 487/668/217 500/703/240 501/689/230
f 495/690/218 508/6759/229 509/691/231
f 488/692/219 501/6760/230 502/693/232
f 496/674/220 509/691/231 510/695/233
f 490/678/223 489/694/221 502/693/232
f 497/676/222 510/695/233 511/697/235
f 490/678/223 503/696/234 504/698/236
f 491/681/225 504/698/236 505/699/46
f 492/683/226 505/699/46 506/700/237
f 494/687/228 493/685/227 506/700/237
f 486/667/216 499/701/238 500/703/240
f 508/688/229 521/717/252 522/704/241
f 501/689/230 514/718/253 515/706/242
f 509/691/231 522/720/241 523/708/243
f 502/693/232 515/722/242 516/709/244
f 510/695/233 523/708/243 524/710/245
f 503/696/234 516/709/244 517/711/246
f 504/698/236 517/711/246 518/712/247
f 505/699/46 518/712/247 519/713/248
f 507/702/239 506/700/237 519/713/248
f 499/701/238 512/714/249 513/716/251
f 507/702/239 520/715/250 521/717/252
f 500/703/240 513/716/251 514/718/253
f 514/718/253 527/732/265 528/719/254
f 522/720/241 535/734/266 536/721/255
f 515/722/242 528/6761/254 529/723/256
f 523/708/243 536/721/255 537/724/257
f 516/709/244 529/723/256 530/725/258
f 518/712/247 517/711/246 530/725/258
f 518/712/247 531/726/259 532/727/260
f 520/715/250 519/713/248 532/727/260
f 512/714/249 525/728/261 526/730/263
f 520/715/250 533/729/262 534/731/264
f 513/716/251 526/730/263 527/732/265
f 521/733/252 534/753/264 535/734/266
f 535/734/266 548/754/277 549/735/267
f 528/736/254 541/6762/278 542/737/268
f 536/721/255 549/735/267 550/739/269
f 529/738/256 542/737/268 543/740/270
f 531/742/259 530/741/258 543/740/270
f 531/742/259 544/743/63 545/744/271
f 533/747/262 532/745/260 545/744/271
f 525/728/261 538/746/272 539/749/274
f 533/747/262 546/748/273 547/750/275
f 526/730/263 539/749/274 540/752/276
f 534/753/264 547/767/275 548/754/277
f 528/719/254 527/732/265 540/752/276
f 542/737/268 541/6762/278 554/756/279
f 549/735/267 562/770/291 563/758/281
f 542/737/268 555/757/280 556/759/282
f 543/740/270 556/759/282 557/760/283
f 544/743/63 557/760/283 558/761/284
f 546/748/273 545/744/271 558/761/284
f 539/749/274 538/746/272 551/762/285
f 546/748/273 559/763/286 560/765/288
f 539/749/274 552/764/287 553/766/289
f 547/767/275 560/6763/288 561/768/290
f 540/752/276 553/766/289 554/769/279
f 548/754/277 561/768/290 562/770/291
f 562/770/291 575/784/303 576/771/292
f 555/757/280 568/785/304 569/772/293
f 557/760/283 556/759/282 569/772/293
f 557/760/283 570/773/294 571/774/295
f 559/763/286 558/761/284 571/774/295
f 552/764/287 551/762/285 564/775/296
f 559/763/286 572/776/297 573/778/299
f 552/764/287 565/777/298 566/779/300
f 560/765/288 573/778/299 574/780/301
f 553/782/289 566/6764/300 567/783/302
f 561/768/290 574/797/301 575/784/303
f 555/757/280 554/756/279 567/783/302
f 570/773/294 569/772/293 582/787/306
f 570/773/294 583/788/79 584/789/307
f 572/776/297 571/774/295 584/789/307
f 564/775/296 577/790/308 578/792/310
f 573/778/299 572/776/297 585/791/309
f 565/777/298 578/792/310 579/794/312
f 573/795/299 586/810/311 587/796/313
f 567/798/302 566/779/300 579/794/312
f 574/797/301 587/796/313 588/800/315
f 567/783/302 580/814/314 581/801/316
f 575/784/303 588/800/315 589/786/305
f 568/785/304 581/801/316 582/787/306
f 583/788/79 582/787/306 595/802/317
f 583/788/79 596/803/318 597/804/319
f 585/791/309 584/789/307 597/804/319
f 578/792/310 577/790/308 590/805/320
f 585/791/309 598/806/321 599/808/323
f 578/792/310 591/807/322 592/809/324
f 586/810/311 599/827/323 600/811/325
f 579/794/312 592/809/324 593/812/326
f 587/796/313 600/811/325 601/813/327
f 580/814/314 593/6765/326 594/815/328
f 588/800/315 601/813/327 602/816/329
f 581/801/316 594/815/328 595/802/317
f 596/817/318 609/837/342 610/818/330
f 598/821/321 597/819/319 610/818/330
f 590/805/320 603/820/331 604/823/333
f 598/821/321 611/822/332 612/824/334
f 591/807/322 604/823/333 605/826/335
f 599/827/323 612/6766/334 613/828/336
f 593/812/326 592/809/324 605/826/335
f 601/813/327 600/811/325 613/828/336
f 594/831/328 593/6767/326 606/832/337
f 601/813/327 614/830/338 615/834/340
f 594/831/328 607/833/339 608/835/341
f 595/836/317 608/835/341 609/837/342
f 609/837/342 622/547/14 623/550/125
f 611/822/332 610/818/330 623/550/125
f 604/823/333 603/820/331 616/551/126
f 612/824/334 611/822/332 624/555/129
f 604/823/333 617/557/131 618/561/135
f 612/824/334 625/559/133 626/838/137
f 606/829/337 605/826/335 618/561/135
f 614/830/338 613/828/336 626/564/137
f 606/832/337 619/565/138 620/538/115
f 615/834/340 614/830/338 627/541/118
f 607/833/339 620/538/115 621/545/122
f 609/837/342 608/835/341 621/545/122
f 721/841/343 724/4082/1699 725/842/344
f 722/844/346 726/4066/1683 725/845/347
f 723/847/349 727/6768/1741 725/848/350
f 728/850/352 731/4085/1702 732/851/353
f 729/853/355 733/4068/1685 732/854/356
f 730/856/358 734/4067/1684 732/857/359
f 735/859/361 738/4065/1682 739/860/362
f 736/862/364 740/4071/1688 739/863/365
f 737/865/367 741/4073/1690 739/866/368
f 742/868/370 745/4074/1691 746/869/371
f 743/871/373 747/4070/1687 746/872/374
f 744/874/376 748/4069/1686 746/875/377
f 749/877/379 752/4077/1694 753/878/380
f 750/880/382 754/4081/1698 753/881/383
f 751/883/385 755/4083/1700 753/884/386
f 756/886/388 759/4084/1701 760/887/389
f 757/889/391 761/4080/1697 760/890/392
f 758/892/394 762/6769/1750 760/893/395
f 763/895/397 766/4072/1689 767/896/398
f 764/898/400 768/6770/1747 767/899/401
f 765/901/403 769/4078/1695 767/902/404
f 770/904/406 773/4079/1696 774/905/407
f 771/907/409 775/4076/1693 774/908/410
f 772/910/412 776/4075/1692 774/911/413
f 1113/913/343 1116/4585/1699 1117/914/415
f 1114/916/346 1118/4568/1683 1117/917/347
f 1115/919/349 1119/4567/1741 1117/920/418
f 1120/922/352 1123/6771/1753 1124/923/420
f 1121/925/355 1125/4570/1743 1124/926/356
f 1122/928/358 1126/4569/1742 1124/929/359
f 1127/931/361 1130/4566/1682 1131/932/421
f 1128/934/364 1132/4573/1688 1131/935/365
f 1129/937/367 1133/6772/1690 1131/938/368
f 1134/940/370 1137/4575/1691 1138/941/371
f 1135/943/373 1139/4572/1687 1138/944/424
f 1136/946/376 1140/4571/1686 1138/947/377
f 1141/949/379 1144/4579/1748 1145/950/427
f 1142/952/382 1146/4584/1751 1145/953/428
f 1143/955/385 1147/4586/1752 1145/956/386
f 1148/958/388 1151/4587/1701 1152/959/389
f 1149/961/391 1153/4583/1697 1152/962/430
f 1150/964/394 1154/4582/1750 1152/965/395
f 1155/967/397 1158/4574/1744 1159/968/433
f 1156/970/400 1160/4578/1747 1159/971/401
f 1157/973/403 1161/4580/1695 1159/974/404
f 1162/976/406 1165/4581/1749 1166/977/407
f 1163/979/409 1167/4577/1746 1166/980/410
f 1164/982/412 1168/4576/1745 1166/983/434
f 1169/985/343 1172/4607/1699 1173/986/415
f 1170/988/346 1174/4590/1683 1173/989/347
f 1171/991/349 1175/4589/1741 1173/992/418
f 1176/994/352 1179/4609/1753 1180/995/420
f 1177/997/355 1181/4592/1743 1180/998/356
f 1178/1000/358 1182/4591/1742 1180/1001/359
f 1183/1003/361 1186/4588/1682 1187/1004/421
f 1184/1006/364 1188/4595/1688 1187/1007/365
f 1185/1009/367 1189/4597/1690 1187/1010/368
f 1190/1012/370 1193/4598/1691 1194/1013/371
f 1191/1015/373 1195/4594/1687 1194/1016/424
f 1192/1018/376 1196/4593/1686 1194/1019/377
f 1197/1021/379 1200/4601/1748 1201/1022/427
f 1198/1024/382 1202/4606/1751 1201/1025/428
f 1199/1027/385 1203/6773/1752 1201/1028/386
f 1204/1030/388 1207/4608/1701 1208/1031/389
f 1205/1033/391 1209/4605/1697 1208/1034/430
f 1206/1036/394 1210/4604/1750 1208/1037/395
f 1211/1039/397 1214/4596/1744 1215/1040/433
f 1212/1042/400 1216/4600/1747 1215/1043/401
f 1213/1045/403 1217/4602/1695 1215/1046/404
f 1218/1048/406 1221/4603/1749 1222/1049/407
f 1219/1051/409 1223/4599/1746 1222/1052/410
f 1220/1054/412 1224/6774/1745 1222/1055/434
f 1225/1057/343 1228/4629/1699 1229/1058/415
f 1226/1060/346 1230/4612/1683 1229/1061/347
f 1227/1063/349 1231/4611/1741 1229/1064/418
f 1232/1066/352 1235/4631/1753 1236/1067/420
f 1233/1069/355 1237/4614/1743 1236/1070/356
f 1234/1072/358 1238/4613/1742 1236/1073/359
f 1239/1075/361 1242/4610/1682 1243/1076/421
f 1240/1078/364 1244/4617/1688 1243/1079/365
f 1241/1081/367 1245/4619/1690 1243/1082/368
f 1246/1084/370 1249/4620/1691 1250/1085/371
f 1247/1087/373 1251/4616/1687 1250/1088/424
f 1248/1090/376 1252/4615/1686 1250/1091/377
f 1253/1093/379 1256/4623/1748 1257/1094/427
f 1254/1096/382 1258/4628/1751 1257/1097/428
f 1255/1099/385 1259/6775/1752 1257/1100/386
f 1260/1102/388 1263/4630/1701 1264/1103/389
f 1261/1105/391 1265/4627/1697 1264/1106/430
f 1262/1108/394 1266/4626/1750 1264/1109/395
f 1267/1111/397 1270/4618/1744 1271/1112/433
f 1268/1114/400 1272/4622/1747 1271/1115/401
f 1269/1117/403 1273/4624/1695 1271/1118/404
f 1274/1120/406 1277/4625/1749 1278/1121/407
f 1275/1123/409 1279/4621/1746 1278/1124/410
f 1276/1126/412 1280/6776/1745 1278/1127/434
f 1281/1129/343 1284/4652/1699 1285/1130/415
f 1282/1132/346 1286/4634/1683 1285/1133/347
f 1283/1135/349 1287/4633/1741 1285/1136/418
f 1288/1138/352 1291/6777/1753 1292/1139/420
f 1289/1141/355 1293/4636/1743 1292/1142/356
f 1290/1144/358 1294/4635/1742 1292/1145/359
f 1295/1147/361 1298/4632/1682 1299/1148/421
f 1296/1150/364 1300/4639/1688 1299/1151/365
f 1297/1153/367 1301/4641/1690 1299/1154/368
f 1302/1156/370 1305/4642/1691 1306/1157/371
f 1303/1159/373 1307/4638/1687 1306/1160/424
f 1304/1162/376 1308/4637/1686 1306/1163/377
f 1309/1165/379 1312/4646/1748 1313/1166/427
f 1310/1168/382 1314/4651/1751 1313/1169/428
f 1311/1171/385 1315/4653/1752 1313/1172/386
f 1316/1174/388 1319/4654/1701 1320/1175/389
f 1317/1177/391 1321/4650/1697 1320/1178/430
f 1318/1180/394 1322/4649/1750 1320/1181/395
f 1323/1183/397 1326/4640/1744 1327/1184/433
f 1324/1186/400 1328/4645/1747 1327/1187/401
f 1325/1189/403 1329/4647/1695 1327/1190/404
f 1330/1192/406 1333/4648/1749 1334/1193/407
f 1331/1195/409 1335/4644/1746 1334/1196/410
f 1332/1198/412 1336/4643/1745 1334/1199/434
f 2353/1553/343 2356/5595/2380 2357/1554/344
f 2354/1556/346 2358/5582/1683 2357/1557/600
f 2355/1559/349 2359/6778/1741 2357/1560/418
f 2360/1562/352 2363/5598/1753 2364/1563/601
f 2361/1565/355 2365/5584/1743 2364/1566/356
f 2362/1568/358 2366/5583/1742 2364/1569/602
f 2367/1571/361 2370/5581/1682 2371/1572/603
f 2368/1574/364 2372/6779/1688 2371/1575/604
f 2369/1577/367 2373/6780/1690 2371/1578/368
f 2374/1580/370 2377/5588/1691 2378/1581/371
f 2375/1583/373 2379/5586/1687 2378/1584/424
f 2376/1586/376 2380/5585/1686 2378/1587/377
f 2381/1589/379 2384/5591/1748 2385/1590/380
f 2382/1592/382 2386/6781/1751 2385/1593/428
f 2383/1595/385 2387/5596/1752 2385/1596/607
f 2388/1598/388 2391/5597/1701 2392/1599/389
f 2389/1601/391 2393/5594/1697 2392/1602/608
f 2390/1604/394 2394/6782/1750 2392/1605/609
f 2395/1607/397 2398/5587/1744 2399/1608/610
f 2396/1610/400 2400/6783/1747 2399/1611/401
f 2397/1613/403 2401/5592/1695 2399/1614/612
f 2402/1616/406 2405/5593/1749 2406/1617/407
f 2403/1619/409 2407/5590/1746 2406/1620/410
f 2404/1622/412 2408/5589/1745 2406/1623/434
f 2409/1625/343 2412/5614/2380 2413/1626/613
f 2410/1628/346 2414/5600/1683 2413/1629/600
f 2411/1631/349 2415/6784/2402 2413/1632/418
f 2416/1634/352 2419/5617/1753 2420/1635/420
f 2417/1637/355 2421/5602/1743 2420/1638/356
f 2418/1640/358 2422/5601/1742 2420/1641/614
f 2423/1643/361 2426/5599/2381 2427/1644/362
f 2424/1646/364 2428/6785/1688 2427/1647/616
f 2425/1649/367 2429/5606/1690 2427/1650/368
f 2430/1652/370 2433/5607/1691 2434/1653/371
f 2431/1655/373 2435/5604/1687 2434/1656/424
f 2432/1658/376 2436/5603/2382 2434/1659/377
f 2437/1661/379 2440/5610/1748 2441/1662/618
f 2438/1664/382 2442/6786/1751 2441/1665/619
f 2439/1667/385 2443/5615/1752 2441/1668/607
f 2444/1670/388 2447/5616/1701 2448/1671/389
f 2445/1673/391 2449/5613/1697 2448/1674/608
f 2446/1676/394 2450/6787/2407 2448/1677/620
f 2451/1679/397 2454/5605/1744 2455/1680/398
f 2452/1682/400 2456/6788/1747 2455/1683/401
f 2453/1685/403 2457/5611/1695 2455/1686/621
f 2458/1688/406 2461/5612/1749 2462/1689/407
f 2459/1691/409 2463/5609/1746 2462/1692/622
f 2460/1694/412 2464/5608/1745 2462/1695/434
f 2465/1697/343 2468/5632/2380 2469/1698/613
f 2466/1700/346 2470/5619/1683 2469/1701/600
f 2467/1703/349 2471/6789/1741 2469/1704/418
f 2472/1706/352 2475/5635/1753 2476/1707/601
f 2473/1709/355 2477/5621/1743 2476/1710/356
f 2474/1712/358 2478/5620/1742 2476/1713/602
f 2479/1715/361 2482/5618/2381 2483/1716/603
f 2480/1718/364 2484/6790/1688 2483/1719/623
f 2481/1721/367 2485/6791/1690 2483/1722/368
f 2486/1724/370 2489/5625/1691 2490/1725/371
f 2487/1727/373 2491/5623/1687 2490/1728/424
f 2488/1730/376 2492/5622/1686 2490/1731/377
f 2493/1733/379 2496/5628/1748 2497/1734/380
f 2494/1736/382 2498/6792/1751 2497/1737/428
f 2495/1739/385 2499/5633/1752 2497/1740/607
f 2500/1742/388 2503/5634/1701 2504/1743/389
f 2501/1745/391 2505/5631/1697 2504/1746/430
f 2502/1748/394 2506/6793/2407 2504/1749/609
f 2507/1751/397 2510/5624/1744 2511/1752/398
f 2508/1754/400 2512/6794/1747 2511/1755/401
f 2509/1757/403 2513/5629/1695 2511/1758/612
f 2514/1760/406 2517/5630/1749 2518/1761/407
f 2515/1763/409 2519/5627/1746 2518/1764/410
f 2516/1766/412 2520/5626/1745 2518/1767/434
f 2521/1769/343 2524/5651/2380 2525/1770/344
f 2522/1772/346 2526/5637/1683 2525/1773/600
f 2523/1775/349 2527/6795/1741 2525/1776/418
f 2528/1778/352 2531/5654/1753 2532/1779/420
f 2529/1781/355 2533/5639/1743 2532/1782/356
f 2530/1784/358 2534/5638/1742 2532/1785/602
f 2535/1787/361 2538/5636/2381 2539/1788/362
f 2536/1790/364 2540/6796/1688 2539/1791/365
f 2537/1793/367 2541/5643/1690 2539/1794/368
f 2542/1796/370 2545/5644/1691 2546/1797/371
f 2543/1799/373 2547/5641/1687 2546/1800/424
f 2544/1802/376 2548/5640/1686 2546/1803/377
f 2549/1805/379 2552/5647/1748 2553/1806/380
f 2550/1808/382 2554/6797/1751 2553/1809/619
f 2551/1811/385 2555/5652/1752 2553/1812/607
f 2556/1814/388 2559/5653/1701 2560/1815/389
f 2557/1817/391 2561/5650/1697 2560/1818/608
f 2558/1820/394 2562/6798/2407 2560/1821/620
f 2563/1823/397 2566/5642/1744 2567/1824/610
f 2564/1826/400 2568/6799/1747 2567/1827/624
f 2565/1829/403 2569/5648/1695 2567/1830/621
f 2570/1832/406 2573/5649/1749 2574/1833/407
f 2571/1835/409 2575/5646/1746 2574/1836/622
f 2572/1838/412 2576/5645/1745 2574/1839/434
f 2577/1841/343 2580/5670/2380 2581/1842/344
f 2578/1844/346 2582/5656/1683 2581/1845/600
f 2579/1847/349 2583/6800/1741 2581/1848/625
f 2584/1850/352 2587/5673/1753 2588/1851/601
f 2585/1853/355 2589/5658/1743 2588/1854/356
f 2586/1856/358 2590/5657/1742 2588/1857/626
f 2591/1859/361 2594/5655/2381 2595/1860/603
f 2592/1862/364 2596/6801/1688 2595/1863/616
f 2593/1865/367 2597/5662/1690 2595/1866/627
f 2598/1868/370 2601/5663/1691 2602/1869/371
f 2599/1871/373 2603/5660/1687 2602/1872/424
f 2600/1874/376 2604/5659/1686 2602/1875/628
f 2605/1877/379 2608/5666/1748 2609/1878/380
f 2606/1880/382 2610/6802/1751 2609/1881/428
f 2607/1883/385 2611/5671/1752 2609/1884/607
f 2612/1886/388 2615/5672/1701 2616/1887/389
f 2613/1889/391 2617/5669/1697 2616/1890/430
f 2614/1892/394 2618/6803/1750 2616/1893/609
f 2619/1895/397 2622/5661/1744 2623/1896/398
f 2620/1898/400 2624/6804/1747 2623/1899/401
f 2621/1901/403 2625/5667/1695 2623/1902/404
f 2626/1904/406 2629/5668/1749 2630/1905/407
f 2627/1907/409 2631/5665/1746 2630/1908/410
f 2628/1910/412 2632/5664/1745 2630/1911/434
f 2633/1913/343 2636/5688/2380 2637/1914/344
f 2634/1916/346 2638/5675/1683 2637/1917/600
f 2635/1919/349 2639/6805/1741 2637/1920/418
f 2640/1922/352 2643/5690/1753 2644/1923/420
f 2641/1925/355 2645/5677/1743 2644/1926/356
f 2642/1928/358 2646/5676/1742 2644/1929/602
f 2647/1931/361 2650/5674/2381 2651/1932/362
f 2648/1934/364 2652/6806/1688 2651/1935/623
f 2649/1937/367 2653/5681/1690 2651/1938/368
f 2654/1940/370 2657/5682/1691 2658/1941/371
f 2655/1943/373 2659/5679/1687 2658/1944/424
f 2656/1946/376 2660/5678/1686 2658/1947/377
f 2661/1949/379 2664/5684/2383 2665/1950/380
f 2662/1952/382 2666/6807/1751 2665/1953/383
f 2663/1955/385 2667/6808/1752 2665/1956/607
f 2668/1958/388 2671/5689/1701 2672/1959/389
f 2669/1961/391 2673/5687/1697 2672/1962/608
f 2670/1964/394 2674/6809/1750 2672/1965/609
f 2675/1967/397 2678/5680/1744 2679/1968/398
f 2676/1970/400 2680/6810/1747 2679/1971/401
f 2677/1973/403 2681/5685/1695 2679/1974/404
f 2682/1976/406 2685/5686/1749 2686/1977/407
f 2683/1979/409 2687/5683/1746 2686/1980/629
f 2684/1982/412 2688/6811/1745 2686/1983/434
f 2689/1985/343 2692/5706/2380 2693/1986/613
f 2690/1988/346 2694/5692/1683 2693/1989/600
f 2691/1991/349 2695/6812/1741 2693/1992/625
f 2696/1994/352 2699/5709/1753 2700/1995/601
f 2697/1997/355 2701/5694/1743 2700/1998/356
f 2698/2000/358 2702/5693/1742 2700/2001/626
f 2703/2003/361 2706/5691/2381 2707/2004/362
f 2704/2006/364 2708/6813/1688 2707/2007/616
f 2705/2009/367 2709/5698/1690 2707/2010/368
f 2710/2012/370 2713/5699/1691 2714/2013/371
f 2711/2015/373 2715/5696/1687 2714/2016/424
f 2712/2018/376 2716/5695/1686 2714/2019/628
f 2717/2021/379 2720/5702/1748 2721/2022/618
f 2718/2024/382 2722/6814/1751 2721/2025/428
f 2719/2027/385 2723/5707/1752 2721/2028/607
f 2724/2030/388 2727/5708/1701 2728/2031/389
f 2725/2033/391 2729/5705/1697 2728/2034/430
f 2726/2036/394 2730/6815/2407 2728/2037/631
f 2731/2039/397 2734/5697/1744 2735/2040/398
f 2732/2042/400 2736/6816/1747 2735/2043/401
f 2733/2045/403 2737/5703/2384 2735/2046/621
f 2738/2048/406 2741/5704/1749 2742/2049/407
f 2739/2051/409 2743/5701/1746 2742/2052/410
f 2740/2054/412 2744/5700/1745 2742/2055/434
f 2745/2057/343 2748/5724/2380 2749/2058/344
f 2746/2060/346 2750/5711/1683 2749/2061/600
f 2747/2063/349 2751/6817/1741 2749/2064/418
f 2752/2066/352 2755/5726/1753 2756/2067/601
f 2753/2069/355 2757/5713/1743 2756/2070/356
f 2754/2072/358 2758/5712/1742 2756/2073/602
f 2759/2075/361 2762/5710/2381 2763/2076/603
f 2760/2078/364 2764/6818/1688 2763/2079/623
f 2761/2081/367 2765/5717/1690 2763/2082/368
f 2766/2084/370 2769/5718/1691 2770/2085/371
f 2767/2087/373 2771/5715/1687 2770/2088/424
f 2768/2090/376 2772/5714/1686 2770/2091/377
f 2773/2093/379 2776/5720/1748 2777/2094/380
f 2774/2096/382 2778/6819/1751 2777/2097/633
f 2775/2099/385 2779/6820/1752 2777/2100/607
f 2780/2102/388 2783/5725/1701 2784/2103/389
f 2781/2105/391 2785/5723/1697 2784/2106/608
f 2782/2108/394 2786/6821/1750 2784/2109/609
f 2787/2111/397 2790/5716/1744 2791/2112/610
f 2788/2114/400 2792/6822/1747 2791/2115/401
f 2789/2117/403 2793/5721/1695 2791/2118/404
f 2794/2120/406 2797/5722/1749 2798/2121/407
f 2795/2123/409 2799/5719/1746 2798/2124/629
f 2796/2126/412 2800/6823/1745 2798/2127/434
f 2801/2129/634 2804/5754/2400 2805/2130/635
f 2806/2132/637 2805/6824/2596 2804/2133/638
f 2807/2135/640 2805/6824/2596 2806/2132/637
f 2808/2137/642 2811/5727/2385 2812/2138/643
f 2813/2140/645 2812/6825/2597 2811/2141/646
f 2814/2143/648 2812/6825/2597 2813/2140/645
f 2815/2145/650 2818/6826/2598 2819/2146/651
f 2820/2148/653 2819/6827/2599 2818/2149/654
f 2821/2151/656 2819/6827/2599 2820/2148/653
f 2822/2153/658 2825/5732/2387 2826/2154/659
f 2827/2156/661 2826/6828/2600 2825/2157/662
f 2828/2159/664 2826/6828/2600 2827/2156/661
f 2829/2161/666 2832/5730/2386 2833/2162/667
f 2834/2164/669 2833/6829/2601 2832/2165/670
f 2835/2167/672 2833/6829/2601 2834/2164/669
f 2836/2169/674 2839/6830/2602 2840/2170/675
f 2841/2172/677 2840/6831/2603 2839/2173/678
f 2842/2175/680 2840/6831/2603 2841/2172/677
f 2843/2177/682 2846/5733/2388 2847/2178/683
f 2848/2180/685 2847/6832/2604 2846/2181/686
f 2849/2183/688 2847/6832/2604 2848/2180/685
f 2850/2185/690 2853/5734/2389 2854/2186/691
f 2855/2188/693 2854/6833/2605 2853/2189/694
f 2856/2191/696 2854/6833/2605 2855/2188/693
f 2857/2193/698 2860/6834/2606 2861/2194/699
f 2862/2196/701 2861/6835/2607 2860/2197/702
f 2863/2199/704 2861/6835/2607 2862/2196/701
f 2864/2201/706 2867/5739/2391 2868/2202/707
f 2869/2204/709 2868/6836/2608 2867/2205/710
f 2870/2207/712 2868/6836/2608 2869/2204/709
f 2871/2209/714 2874/5737/2390 2875/2210/715
f 2876/2212/717 2875/6837/2609 2874/2213/718
f 2877/2215/720 2875/6837/2609 2876/2212/717
f 2878/2217/722 2881/6838/2610 2882/2218/723
f 2883/2220/725 2882/6839/2611 2881/2221/726
f 2884/2223/728 2882/6839/2611 2883/2220/725
f 2885/2225/730 2888/5740/2392 2889/2226/731
f 2890/2228/733 2889/6840/2612 2888/2229/734
f 2891/2231/736 2889/6840/2612 2890/2228/733
f 2892/2233/738 2895/5741/2393 2896/2234/739
f 2897/2236/741 2896/6841/2613 2895/2237/742
f 2898/2239/744 2896/6841/2613 2897/2236/741
f 2899/2241/746 2902/6842/2614 2903/2242/747
f 2904/2244/749 2903/6843/2615 2902/2245/750
f 2905/2247/752 2903/6843/2615 2904/2244/749
f 2906/2249/754 2909/5746/2395 2910/2250/755
f 2911/2252/757 2910/6844/2616 2909/2253/758
f 2912/2255/760 2910/6844/2616 2911/2252/757
f 2913/2257/762 2916/5743/2394 2917/2258/763
f 2918/2260/765 2917/6845/2617 2916/2261/766
f 2919/2263/768 2917/6845/2617 2918/2260/765
f 2920/2265/770 2923/6846/2618 2924/2266/771
f 2925/2268/773 2924/6847/2619 2923/2269/774
f 2926/2271/776 2924/6847/2619 2925/2268/773
f 2927/2273/778 2930/5747/2396 2931/2274/779
f 2932/2276/781 2931/6848/2620 2930/2277/782
f 2933/2279/784 2931/6848/2620 2932/2276/781
f 2934/2281/786 2937/5748/2397 2938/2282/787
f 2939/2284/789 2938/6849/2621 2937/2285/790
f 2940/2287/792 2938/6849/2621 2939/2284/789
f 2941/2289/794 2944/6850/2622 2945/2290/795
f 2946/2292/797 2945/6851/2623 2944/2293/798
f 2947/2295/800 2945/6851/2623 2946/2292/797
f 2948/2297/802 2951/5753/2399 2952/2298/803
f 2953/2300/805 2952/6852/2624 2951/2301/806
f 2954/2303/808 2952/6852/2624 2953/2300/805
f 2955/2305/810 2958/5750/2398 2959/2306/811
f 2960/2308/813 2959/6853/2625 2958/2309/814
f 2961/2311/816 2959/6853/2625 2960/2308/813
f 2962/2313/818 2965/6854/2626 2966/2314/819
f 2967/2316/821 2966/6855/2627 2965/2317/822
f 2968/2319/824 2966/6855/2627 2967/2316/821
f 2969/2321/343 2972/5772/1699 2973/2322/613
f 2970/2324/346 2974/5757/1683 2973/2325/347
f 2971/2327/349 2975/5756/2402 2973/2328/827
f 2976/2330/352 2979/5775/1753 2980/2331/420
f 2977/2333/355 2981/5759/2403 2980/2334/828
f 2978/2336/358 2982/5758/1742 2980/2337/614
f 2983/2339/361 2986/5755/2401 2987/2340/421
f 2984/2342/364 2988/6856/2628 2987/2343/604
f 2985/2345/367 2989/5762/1690 2987/2346/368
f 2990/2348/370 2993/5763/2405 2994/2349/829
f 2991/2351/373 2995/5760/2404 2994/2352/424
f 2992/2354/376 2996/6857/2382 2994/2355/831
f 2997/2357/379 3000/5767/2383 3001/2358/618
f 2998/2360/382 3002/5771/1698 3001/2361/633
f 2999/2363/385 3003/5773/1752 3001/2364/386
f 3004/2366/388 3007/5774/1701 3008/2367/832
f 3005/2369/391 3009/5770/1697 3008/2370/430
f 3006/2372/394 3010/5769/2407 3008/2373/631
f 3011/2375/397 3014/5761/1689 3015/2376/433
f 3012/2378/400 3016/5766/1747 3015/2379/401
f 3013/2381/403 3017/6858/2384 3015/2382/835
f 3018/2384/406 3021/5768/2406 3022/2385/837
f 3019/2387/409 3023/5765/1693 3022/2388/839
f 3020/2390/412 3024/5764/1745 3022/2391/434
f 3025/2393/343 3028/5791/2380 3029/2394/841
f 3026/2396/346 3030/5778/1683 3029/2397/842
f 3027/2399/349 3031/5777/1741 3029/2400/625
f 3032/2402/352 3035/5794/1753 3036/2403/420
f 3033/2405/355 3037/5780/2403 3036/2406/843
f 3034/2408/358 3038/5779/1742 3036/2409/359
f 3039/2411/361 3042/5776/2401 3043/2412/845
f 3040/2414/364 3044/6859/1688 3043/2415/604
f 3041/2417/367 3045/5783/2408 3043/2418/627
f 3046/2420/370 3049/5784/2405 3050/2421/829
f 3047/2423/373 3051/5781/1687 3050/2424/424
f 3048/2426/376 3052/6860/2382 3050/2427/831
f 3053/2429/379 3056/5787/2383 3057/2430/846
f 3054/2432/382 3058/6861/1698 3057/2433/619
f 3055/2435/385 3059/5792/1700 3057/2436/847
f 3060/2438/388 3063/5793/2409 3064/2439/848
f 3061/2441/391 3065/5790/1697 3064/2442/430
f 3062/2444/394 3066/5789/2407 3064/2445/395
f 3067/2447/397 3070/5782/1689 3071/2448/849
f 3068/2450/400 3072/6862/1747 3071/2451/624
f 3069/2453/403 3073/6863/1695 3071/2454/835
f 3074/2456/406 3077/5788/2406 3078/2457/837
f 3075/2459/409 3079/5786/1746 3078/2460/839
f 3076/2462/412 3080/5785/1745 3078/2463/434
f 3081/2465/851 3084/2469/855 3085/2466/852
f 3082/2468/854 3086/2471/857 3085/2466/852
f 3083/2470/856 3087/2467/853 3085/2466/852
f 3097/2472/858 3100/2476/862 3101/2473/859
f 3098/2475/861 3102/2478/864 3101/2473/859
f 3099/2477/863 3103/2474/860 3101/2473/859
f 3104/2479/865 3107/2483/869 3108/2480/866
f 3105/2482/868 3109/2485/871 3108/2480/866
f 3106/2484/870 3110/2481/867 3108/2480/866
f 3120/2486/872 3123/2490/876 3124/2487/873
f 3121/2489/875 3125/2492/878 3124/2487/873
f 3122/2491/877 3126/2488/874 3124/2487/873
f 3127/2493/879 3130/2497/883 3131/2494/880
f 3128/2496/882 3132/2499/885 3131/2494/880
f 3129/2498/884 3133/2495/881 3131/2494/880
f 3143/2500/886 3146/2504/890 3147/2501/887
f 3144/2503/889 3148/2506/892 3147/2501/887
f 3145/2505/891 3149/2502/888 3147/2501/887
f 3150/2507/893 3153/2511/897 3154/2508/894
f 3151/2510/896 3155/2513/899 3154/2508/894
f 3152/2512/898 3156/2509/895 3154/2508/894
f 3166/2514/900 3169/2518/904 3170/2515/901
f 3167/2517/903 3171/2520/906 3170/2515/901
f 3168/2519/905 3172/2516/902 3170/2515/901
f 3173/2521/907 3176/2525/911 3177/2522/908
f 3174/2524/910 3178/2527/913 3177/2522/908
f 3175/2526/912 3179/2523/909 3177/2522/908
f 3189/2528/914 3192/2532/918 3193/2529/915
f 3190/2531/917 3194/2534/920 3193/2529/915
f 3191/2533/919 3195/2530/916 3193/2529/915
f 3196/2535/921 3199/2539/925 3200/2536/922
f 3197/2538/924 3201/2541/927 3200/2536/922
f 3198/2540/926 3202/2537/923 3200/2536/922
f 3212/2542/928 3215/2546/932 3216/2543/929
f 3213/2545/931 3217/2548/934 3216/2543/929
f 3214/2547/933 3218/2544/930 3216/2543/929
f 3219/2549/935 3222/2553/939 3223/2550/936
f 3220/2552/938 3224/2555/941 3223/2550/936
f 3221/2554/940 3225/2551/937 3223/2550/936
f 3235/2556/942 3238/2560/946 3239/2557/943
f 3236/2559/945 3240/2562/948 3239/2557/943
f 3237/2561/947 3241/2558/944 3239/2557/943
f 3242/2563/949 3245/2567/953 3246/2564/950
f 3243/2566/952 3247/2569/955 3246/2564/950
f 3244/2568/954 3248/2565/951 3246/2564/950
f 3258/2570/956 3261/2574/960 3262/2571/957
f 3259/2573/959 3263/2576/962 3262/2571/957
f 3260/2575/961 3264/2572/958 3262/2571/957
f 3265/2577/851 3268/2581/855 3269/2578/852
f 3266/2580/854 3270/2583/857 3269/2578/852
f 3267/2582/856 3271/2579/853 3269/2578/852
f 3281/2584/858 3284/2588/862 3285/2585/859
f 3282/2587/861 3286/2590/864 3285/2585/859
f 3283/2589/863 3287/2586/860 3285/2585/859
f 3288/2591/865 3291/2595/869 3292/2592/866
f 3289/2594/868 3293/2597/871 3292/2592/866
f 3290/2596/870 3294/2593/867 3292/2592/866
f 3304/2598/872 3307/2602/876 3308/2599/873
f 3305/2601/875 3309/2604/878 3308/2599/873
f 3306/2603/877 3310/2600/874 3308/2599/873
f 3311/2605/963 3314/2609/883 3315/2606/880
f 3312/2608/882 3316/2611/885 3315/2606/880
f 3313/2610/884 3317/2607/881 3315/2606/880
f 3327/2612/886 3330/2616/890 3331/2613/887
f 3328/2615/889 3332/2618/892 3331/2613/887
f 3329/2617/891 3333/2614/888 3331/2613/887
f 3334/2619/964 3337/2623/897 3338/2620/894
f 3335/2622/896 3339/2625/899 3338/2620/894
f 3336/2624/898 3340/2621/895 3338/2620/894
f 3350/2626/900 3353/2630/904 3354/2627/901
f 3351/2629/965 3355/2632/906 3354/2627/901
f 3352/2631/905 3356/2628/902 3354/2627/901
f 3357/2633/966 3360/2637/911 3361/2634/908
f 3358/2636/967 3362/2639/913 3361/2634/908
f 3359/2638/912 3363/2635/909 3361/2634/908
f 3373/2640/968 3376/2644/918 3377/2641/915
f 3374/2643/917 3378/2646/920 3377/2641/915
f 3375/2645/919 3379/2642/916 3377/2641/915
f 3380/2647/921 3383/2651/925 3384/2648/922
f 3381/2650/924 3385/2653/927 3384/2648/922
f 3382/2652/926 3386/2649/923 3384/2648/922
f 3396/2654/969 3399/2658/970 3400/2655/929
f 3397/2657/931 3401/2660/934 3400/2655/929
f 3398/2659/971 3402/2656/930 3400/2655/929
f 3403/2661/972 3406/2665/939 3407/2662/936
f 3404/2664/973 3408/2667/941 3407/2662/936
f 3405/2666/940 3409/2663/937 3407/2662/936
f 3419/2668/974 3422/2672/946 3423/2669/943
f 3420/2671/945 3424/2674/948 3423/2669/943
f 3421/2673/947 3425/2670/944 3423/2669/943
f 3426/2675/949 3429/2679/953 3430/2676/950
f 3427/2678/975 3431/2681/955 3430/2676/950
f 3428/2680/954 3432/2677/951 3430/2676/950
f 3442/2682/956 3445/2686/960 3446/2683/957
f 3443/2685/959 3447/2688/962 3446/2683/957
f 3444/2687/976 3448/2684/958 3446/2683/957
f 3449/2689/343 3452/6032/2380 3453/2690/415
f 3450/2692/346 3454/6015/2479 3453/2693/347
f 3451/2695/349 3455/6014/1741 3453/2696/418
f 3456/2698/352 3459/6035/1753 3460/2699/420
f 3457/2701/355 3461/6016/2403 3460/2702/978
f 3458/2704/358 3462/6864/1742 3460/2705/359
f 3463/2707/361 3466/6013/2401 3467/2708/421
f 3464/2710/364 3468/6019/1688 3467/2711/365
f 3465/2713/367 3469/6021/2408 3467/2714/368
f 3470/2716/370 3473/6022/1691 3474/2717/829
f 3471/2719/373 3475/6018/1687 3474/2720/424
f 3472/2722/376 3476/6017/2382 3474/2723/628
f 3477/2725/379 3480/6026/2481 3481/2726/427
f 3478/2728/382 3482/6031/1698 3481/2729/428
f 3479/2731/385 3483/6033/1700 3481/2732/386
f 3484/2734/388 3487/6034/1701 3488/2735/981
f 3485/2737/391 3489/6030/1697 3488/2738/430
f 3486/2740/394 3490/6029/2407 3488/2741/395
f 3491/2743/397 3494/6020/1689 3495/2744/433
f 3492/2746/400 3496/6025/2480 3495/2747/401
f 3493/2749/403 3497/6027/1695 3495/2750/404
f 3498/2752/406 3501/6028/2406 3502/2753/837
f 3499/2755/409 3503/6024/1746 3502/2756/622
f 3500/2758/412 3504/6023/1745 3502/2759/434
f 3505/2761/343 3508/6054/1699 3509/2762/841
f 3506/2764/346 3510/6037/1683 3509/2765/347
f 3507/2767/349 3511/6865/1741 3509/2768/625
f 3512/2770/352 3515/6057/1753 3516/2771/353
f 3513/2773/355 3517/6039/2403 3516/2774/843
f 3514/2776/358 3518/6038/1742 3516/2777/626
f 3519/2779/361 3522/6036/2482 3523/2780/603
f 3520/2782/364 3524/6042/1688 3523/2783/604
f 3521/2785/367 3525/6044/2408 3523/2786/627
f 3526/2788/370 3529/6045/1691 3530/2789/982
f 3527/2791/373 3531/6041/1687 3530/2792/374
f 3528/2794/376 3532/6040/1686 3530/2795/628
f 3533/2797/379 3536/6049/2383 3537/2798/846
f 3534/2800/382 3538/6053/1751 3537/2801/619
f 3535/2803/385 3539/6055/1752 3537/2804/386
f 3540/2806/388 3543/6056/2409 3544/2807/848
f 3541/2809/391 3545/6052/1697 3544/2810/392
f 3542/2812/394 3546/6866/1750 3544/2813/620
f 3547/2815/397 3550/6043/1744 3551/2816/610
f 3548/2818/400 3552/6048/1747 3551/2819/624
f 3549/2821/403 3553/6050/2384 3551/2822/835
f 3554/2824/406 3557/6051/2406 3558/2825/984
f 3555/2827/409 3559/6047/1746 3558/2828/622
f 3556/2830/412 3560/6046/1692 3558/2831/413
f 3561/2833/985 3564/2837/853 3565/2834/852
f 3562/2836/986 3566/2839/855 3565/2834/852
f 3563/2838/854 3567/2835/857 3565/2834/852
f 3571/2840/987 3574/2844/988 3575/2841/859
f 3572/2843/863 3576/2846/860 3575/2841/859
f 3573/2845/989 3577/2842/862 3575/2841/859
f 3578/2847/990 3581/2851/869 3582/2848/866
f 3579/2850/992 3583/2853/993 3582/2848/866
f 3580/2852/870 3584/2849/991 3582/2848/866
f 3594/2854/994 3597/2858/996 3598/2855/873
f 3595/2857/875 3599/2860/998 3598/2855/873
f 3596/2859/997 3600/2856/995 3598/2855/873
f 3601/2861/999 3604/2865/883 3605/2862/1000
f 3602/2864/1001 3606/2867/885 3605/2862/1000
f 3603/2866/884 3607/2863/881 3605/2862/1000
f 3617/2868/886 3620/2872/890 3621/2869/1002
f 3618/2871/889 3622/2874/1004 3621/2869/1002
f 3619/2873/891 3623/2870/1003 3621/2869/1002
f 3624/2875/1005 3627/2879/897 3628/2876/894
f 3625/2878/1007 3629/2881/1009 3628/2876/894
f 3626/2880/1008 3630/2877/1006 3628/2876/894
f 3640/2882/1010 3643/2886/1011 3644/2883/901
f 3641/2885/965 3645/2888/1012 3644/2883/901
f 3642/2887/905 3646/2884/902 3644/2883/901
f 3647/2889/907 3650/2893/911 3651/2890/908
f 3648/2892/1013 3652/2895/913 3651/2890/908
f 3649/2894/912 3653/2891/909 3651/2890/908
f 3663/2896/1014 3666/2900/918 3667/2897/915
f 3664/2899/917 3668/2902/1016 3667/2897/915
f 3665/2901/1015 3669/2898/916 3667/2897/915
f 3670/2903/1017 3673/2907/925 3674/2904/922
f 3671/2906/1019 3675/2909/1020 3674/2904/922
f 3672/2908/926 3676/2905/1018 3674/2904/922
f 3686/2910/928 3689/2914/1022 3690/2911/929
f 3687/2913/1021 3691/2916/1024 3690/2911/929
f 3688/2915/1023 3692/2912/930 3690/2911/929
f 3693/2917/972 3696/2921/939 3697/2918/1025
f 3694/2920/1026 3698/2923/941 3697/2918/1025
f 3695/2922/940 3699/2919/937 3697/2918/1025
f 3709/2924/974 3712/2928/946 3713/2925/1027
f 3710/2927/945 3714/2930/1029 3713/2925/1027
f 3711/2929/947 3715/2926/1028 3713/2925/1027
f 3716/2931/1030 3719/2935/953 3720/2932/950
f 3717/2934/1032 3721/2937/955 3720/2932/950
f 3718/2936/954 3722/2933/1031 3720/2932/950
f 3732/2938/1033 3735/2942/1034 3736/2939/957
f 3733/2941/959 3737/2944/962 3736/2939/957
f 3734/2943/1035 3738/2940/958 3736/2939/957
f 3745/2945/985 3748/2949/853 3749/2946/852
f 3746/2948/986 3750/2951/855 3749/2946/852
f 3747/2950/854 3751/2947/857 3749/2946/852
f 3755/2952/987 3758/2956/864 3759/2953/859
f 3756/2955/863 3760/2958/860 3759/2953/859
f 3757/2957/989 3761/2954/862 3759/2953/859
f 3762/2959/990 3765/2963/869 3766/2960/866
f 3763/2962/992 3767/2965/993 3766/2960/866
f 3764/2964/870 3768/2961/991 3766/2960/866
f 3778/2966/994 3781/2970/876 3782/2967/873
f 3779/2969/875 3783/2972/998 3782/2967/873
f 3780/2971/997 3784/2968/995 3782/2967/873
f 3785/2973/999 3788/2977/883 3789/2974/1000
f 3786/2976/1001 3790/2979/885 3789/2974/1000
f 3787/2978/884 3791/2975/881 3789/2974/1000
f 3801/2980/886 3804/2984/890 3805/2981/1002
f 3802/2983/889 3806/2986/1004 3805/2981/1002
f 3803/2985/891 3807/2982/1003 3805/2981/1002
f 3808/2987/1005 3811/2991/897 3812/2988/894
f 3809/2990/1007 3813/2993/1009 3812/2988/894
f 3810/2992/1008 3814/2989/1006 3812/2988/894
f 3824/2994/1010 3827/2998/1011 3828/2995/901
f 3825/2997/965 3829/3000/906 3828/2995/901
f 3826/2999/905 3830/2996/902 3828/2995/901
f 3831/3001/907 3834/3005/911 3835/3002/908
f 3832/3004/1013 3836/3007/913 3835/3002/908
f 3833/3006/912 3837/3003/909 3835/3002/908
f 3847/3008/1014 3850/3012/918 3851/3009/915
f 3848/3011/917 3852/3014/1016 3851/3009/915
f 3849/3013/1015 3853/3010/916 3851/3009/915
f 3854/3015/1017 3857/3019/925 3858/3016/922
f 3855/3018/1019 3859/3021/927 3858/3016/922
f 3856/3020/926 3860/3017/923 3858/3016/922
f 3870/3022/928 3873/3026/1022 3874/3023/929
f 3871/3025/1021 3875/3028/1036 3874/3023/929
f 3872/3027/1023 3876/3024/930 3874/3023/929
f 3877/3029/972 3880/3033/939 3881/3030/1025
f 3878/3032/1026 3882/3035/941 3881/3030/1025
f 3879/3034/940 3883/3031/937 3881/3030/1025
f 3893/3036/974 3896/3040/946 3897/3037/1027
f 3894/3039/945 3898/3042/1029 3897/3037/1027
f 3895/3041/947 3899/3038/1028 3897/3037/1027
f 3900/3043/1030 3903/3047/953 3904/3044/950
f 3901/3046/1032 3905/3049/955 3904/3044/950
f 3902/3048/954 3906/3045/1031 3904/3044/950
f 3916/3050/1033 3919/3054/1034 3920/3051/957
f 3917/3053/959 3921/3056/1037 3920/3051/957
f 3918/3055/1035 3922/3052/958 3920/3051/957
f 3934/3057/1038 3935/3063/1044 3939/3058/1039
f 3936/3060/1041 3935/3063/1044 3934/3057/1038
f 3931/3062/1043 3937/3065/1046 3935/3063/1044
f 3938/3064/1045 3935/3063/1044 3937/3065/1046
f 3933/3067/1048 3939/3058/1039 3935/3063/1044
f 3940/3068/1049 3945/6288/1053 3946/3069/1050
f 3947/3071/1052 3946/6867/1050 3945/3072/1053
f 3942/3074/1055 3948/3078/1057 3946/3075/1050
f 3943/3077/1056 3949/3080/1058 3946/3075/1050
f 3950/3079/1051 3946/3075/1050 3949/3080/1058
f 3951/3082/1060 3955/3086/1064 3956/3083/1061
f 3957/3085/1063 3956/3083/1061 3955/3086/1064
f 3953/3088/1066 3958/3089/1067 3956/3083/1061
f 3959/3084/1062 3956/3083/1061 3958/3089/1067
f 3965/3091/1069 3966/6868/1075 3970/3092/1070
f 3967/3094/1072 3966/6868/1075 3965/3091/1069
f 3962/3096/1074 3968/3100/1077 3966/3097/1075
f 3969/3099/1076 3966/3097/1075 3968/3100/1077
f 3964/3102/1079 3970/6869/1070 3966/3097/1075
f 3975/3103/1080 3976/3107/1084 3979/3104/1081
f 3972/3106/1083 3977/3109/1086 3976/3107/1084
f 3978/3108/1085 3976/3107/1084 3977/3109/1086
f 3974/3111/1088 3979/3104/1081 3976/3107/1084
f 3985/3112/1089 3986/6870/1093 3990/3113/1090
f 3981/3115/1092 3987/6290/1095 3986/3116/1093
f 3988/3118/1094 3986/3122/1093 3987/3119/1095
f 3983/3121/1097 3989/3124/1099 3986/3122/1093
f 3984/3123/1098 3990/6871/1090 3986/3122/1093
f 3995/3125/1100 3996/3129/1104 3999/3126/1101
f 3992/3128/1103 3997/3131/1106 3996/3129/1104
f 3998/3130/1105 3996/3129/1104 3997/3131/1106
f 3994/3133/1108 3999/3126/1101 3996/3129/1104
f 4005/3134/1109 4006/6872/1113 4010/3135/1110
f 4001/3137/1112 4007/3141/1115 4006/3138/1113
f 4002/3140/1114 4008/3143/1117 4006/3138/1113
f 4009/3142/1116 4006/3138/1113 4008/3143/1117
f 4004/3145/1119 4010/6306/1110 4006/3146/1113
f 4011/3148/1120 4016/3152/1124 4017/3149/1121
f 4012/3151/1123 4018/6873/1126 4017/3149/1121
f 4019/3153/1125 4017/6874/1121 4018/3154/1126
f 4014/3156/1128 4020/6314/1129 4017/3157/1121
f 4021/3150/1122 4017/3149/1121 4020/3159/1129
f 4026/3161/1131 4027/3165/1135 4030/3162/1132
f 4023/3164/1134 4028/3167/1137 4027/3165/1135
f 4029/3166/1136 4027/3165/1135 4028/3167/1137
f 4025/3169/1139 4030/3162/1132 4027/3165/1135
f 4031/3170/1140 4036/3174/1144 4037/3171/1141
f 4038/3173/1143 4037/3171/1141 4036/3174/1144
f 4033/3176/1146 4039/6875/1148 4037/3171/1141
f 4040/3177/1147 4037/6876/1141 4039/3178/1148
f 4041/3180/1142 4037/6876/1141 4040/3177/1147
f 4042/3182/1151 4047/3186/1155 4048/3183/1152
f 4049/3185/1154 4048/3183/1152 4047/3186/1155
f 4050/3188/1157 4048/3183/1152 4049/3185/1154
f 4045/3190/1159 4051/3191/1160 4048/3183/1152
f 4052/3184/1153 4048/3183/1152 4051/3191/1160
f 4053/3193/1162 4056/6332/2546 4057/3194/1163
f 4054/3196/1165 4058/3200/1169 4057/3197/1166
f 4055/3199/1168 4059/6317/2532 4057/3197/1166
f 4060/3201/1170 4063/6318/2533 4064/3202/1171
f 4061/3204/1173 4065/3208/1177 4064/3205/1174
f 4062/3207/1176 4066/6333/2547 4064/3205/1174
f 4067/3209/1178 4070/6877/2629 4071/3210/1179
f 4072/3212/1181 4071/6878/2630 4070/3213/1182
f 4073/3215/1184 4071/6879/2630 4072/3216/1181
f 4074/3218/1186 4077/6320/2535 4078/3219/1187
f 4079/3221/1189 4078/6880/2631 4077/3222/1190
f 4080/3224/1192 4078/6881/2631 4079/3225/1189
f 4081/3227/1194 4084/6319/2534 4085/3228/1195
f 4082/3230/1197 4086/3234/1201 4085/3231/1198
f 4083/3233/1200 4087/6321/2536 4085/3231/1198
f 4088/3235/1202 4091/6882/2632 4092/3236/1203
f 4093/3238/1205 4092/6883/2633 4091/3239/1206
f 4094/3241/1208 4092/6883/2633 4093/3238/1205
f 4095/3243/1210 4098/6322/2537 4099/3244/1211
f 4096/3246/1213 4100/6884/1217 4099/3247/1214
f 4097/3249/1216 4101/6323/2538 4099/3250/1214
f 4102/3252/1218 4105/6324/2539 4106/3253/1219
f 4107/3255/1221 4106/6885/2634 4105/3256/1222
f 4108/3258/1224 4106/6886/2634 4107/3259/1221
f 4109/3261/1226 4112/6887/2635 4113/3262/1227
f 4114/3264/1229 4113/6888/2636 4112/3265/1230
f 4115/3267/1232 4113/6888/2636 4114/3264/1229
f 4116/3269/1234 4119/6889/2637 4120/3270/1235
f 4121/3272/1237 4120/6890/2638 4119/3273/1238
f 4122/3275/1240 4120/6890/2638 4121/3272/1237
f 4123/3277/1242 4126/6325/2540 4127/3278/1243
f 4128/3280/1245 4127/6891/2639 4126/3281/1246
f 4129/3283/1248 4127/6892/2639 4128/3284/1245
f 4130/3286/1250 4133/6329/2543 4134/3287/1251
f 4131/3289/1253 4135/6327/1257 4134/3290/1254
f 4132/3292/1256 4136/6326/2541 4134/3293/1254
f 4137/3295/1258 4140/6893/2640 4141/3296/1259
f 4142/3298/1261 4141/6894/2641 4140/3299/1262
f 4143/3301/1264 4141/6894/2641 4142/3298/1261
f 4144/3303/1266 4147/6331/2545 4148/3304/1267
f 4145/3306/1269 4149/3310/1273 4148/3307/1270
f 4146/3309/1272 4150/6328/2542 4148/3307/1270
f 4151/3311/1274 4154/6330/2544 4155/3312/1275
f 4156/3314/1277 4155/6895/2642 4154/3315/1278
f 4157/3317/1280 4155/6896/2642 4156/3318/1277
f 4158/3320/1282 4161/6897/2643 4162/3321/1283
f 4163/3323/1285 4162/6898/2644 4161/3324/1286
f 4164/3326/1288 4162/6899/2644 4163/3327/1285
f 4165/3329/1290 4168/6900/2645 4169/3330/1291
f 4170/3332/1293 4169/6901/2646 4168/3333/1294
f 4171/3335/1296 4169/6901/2646 4170/3332/1293
f 4172/3337/1298 4175/6902/2647 4176/3338/1299
f 4177/3340/1301 4176/6903/2648 4175/3341/1302
f 4178/3343/1304 4176/6903/2648 4177/3340/1301
f 4179/3345/1306 4182/6334/2548 4183/3346/1307
f 4180/3348/1309 4184/6337/1313 4183/3349/1310
f 4181/3351/1312 4185/6338/2550 4183/3352/1310
f 4186/3354/1314 4189/6339/2551 4190/3355/1315
f 4187/3357/1317 4191/6336/1321 4190/3358/1318
f 4188/3360/1320 4192/6335/2549 4190/3361/1318
f 4193/3363/1322 4196/6904/2649 4197/3364/1323
f 4198/3366/1325 4197/6905/2650 4196/3367/1326
f 4199/3369/1328 4197/6905/2650 4198/3366/1325
f 4200/3371/1330 4203/6906/2651 4204/3372/1331
f 4205/3374/1333 4204/6907/2652 4203/3375/1334
f 4206/3377/1336 4204/6907/2652 4205/3374/1333
f 4207/3379/1338 4210/6340/2552 4211/3380/1339
f 4208/3382/1341 4212/6343/1345 4211/3383/1342
f 4209/3385/1344 4213/6344/2554 4211/3386/1342
f 4214/3388/1346 4217/6345/2555 4218/3389/1347
f 4215/3391/1349 4219/6342/1353 4218/3392/1350
f 4216/3394/1352 4220/6341/2553 4218/3395/1350
f 4221/3397/1354 4224/6908/2653 4225/3398/1355
f 4226/3400/1357 4225/6909/2654 4224/3401/1358
f 4227/3403/1360 4225/6909/2654 4226/3400/1357
f 4228/3405/1362 4231/6910/2655 4232/3406/1363
f 4233/3408/1365 4232/6911/2656 4231/3409/1366
f 4234/3411/1368 4232/6911/2656 4233/3408/1365
f 4235/3413/1370 4238/6346/2556 4239/3414/1371
f 4236/3416/1373 4240/6349/1377 4239/3417/1374
f 4237/3419/1376 4241/6350/2558 4239/3420/1374
f 4242/3422/1378 4245/6351/2559 4246/3423/1379
f 4243/3425/1381 4247/6348/1385 4246/3426/1382
f 4244/3428/1384 4248/6347/2557 4246/3429/1382
f 4249/3431/1386 4252/6912/2657 4253/3432/1387
f 4254/3434/1389 4253/6913/2658 4252/3435/1390
f 4255/3437/1392 4253/6913/2658 4254/3434/1389
f 4256/3439/1394 4259/6914/2659 4260/3440/1395
f 4261/3442/1397 4260/6915/2660 4259/3443/1398
f 4262/3445/1400 4260/6915/2660 4261/3442/1397
f 4263/3447/1402 4266/6352/2560 4267/3448/1403
f 4264/3450/1405 4268/6355/1409 4267/3451/1406
f 4265/3453/1408 4269/6356/2562 4267/3454/1406
f 4270/3456/1410 4273/6357/2563 4274/3457/1411
f 4271/3459/1413 4275/6354/1417 4274/3460/1414
f 4272/3462/1416 4276/6353/2561 4274/3463/1414
f 4277/3465/1290 4280/6916/2645 4281/3466/1291
f 4282/3468/1293 4281/6917/2646 4280/3469/1294
f 4283/3471/1296 4281/6917/2646 4282/3468/1293
f 4284/3473/1298 4287/6918/2647 4288/3474/1299
f 4289/3476/1301 4288/6919/2648 4287/3477/1302
f 4290/3479/1304 4288/6919/2648 4289/3476/1301
f 4291/3481/1306 4294/6358/2548 4295/3482/1307
f 4292/3484/1309 4296/6361/1313 4295/3485/1310
f 4293/3487/1312 4297/6362/2564 4295/3488/1310
f 4298/3490/1314 4301/6365/2567 4302/3491/1315
f 4299/3493/1317 4303/6360/1321 4302/3494/1318
f 4300/3496/1320 4304/6359/2549 4302/3497/1318
f 4305/3499/1420 4308/6363/2565 4309/3500/1421
f 4306/3502/1423 4310/3506/1427 4309/3503/1424
f 4307/3505/1426 4311/6366/2568 4309/3503/1424
f 4312/3507/1428 4315/6369/2571 4316/3508/1429
f 4313/3510/1431 4317/3514/1435 4316/3511/1432
f 4314/3513/1434 4318/6364/2566 4316/3511/1432
f 4319/3515/1338 4322/6367/2569 4323/3516/1339
f 4320/3518/1341 4324/6371/1345 4323/3519/1342
f 4321/3521/1344 4325/6372/2554 4323/3522/1342
f 4326/3524/1346 4329/6373/2555 4330/3525/1347
f 4327/3527/1349 4331/6370/1353 4330/3528/1350
f 4328/3530/1352 4332/6368/2570 4330/3531/1350
f 4333/3533/1354 4336/6920/2653 4337/3534/1355
f 4338/3536/1357 4337/6921/2661 4336/3537/1358
f 4339/3539/1360 4337/6921/2661 4338/3536/1357
f 4340/3541/1362 4343/6922/2655 4344/3542/1363
f 4345/3544/1365 4344/6923/2656 4343/3545/1366
f 4346/3547/1368 4344/6923/2656 4345/3544/1365
f 4347/3549/1370 4350/6374/2556 4351/3550/1371
f 4348/3552/1373 4352/6377/1377 4351/3553/1374
f 4349/3555/1376 4353/6378/2572 4351/3556/1374
f 4354/3558/1378 4357/6381/2575 4358/3559/1379
f 4355/3561/1381 4359/6376/1385 4358/3562/1382
f 4356/3564/1384 4360/6375/2557 4358/3565/1382
f 4361/3567/1440 4364/6379/2573 4365/3568/1441
f 4362/3570/1443 4366/3574/1447 4365/3571/1444
f 4363/3573/1446 4367/6382/2576 4365/3571/1444
f 4368/3575/1448 4371/6385/2579 4372/3576/1449
f 4369/3578/1451 4373/3582/1455 4372/3579/1452
f 4370/3581/1454 4374/6380/2574 4372/3579/1452
f 4375/3583/1402 4378/6383/2577 4379/3584/1403
f 4376/3586/1405 4380/6387/1409 4379/3587/1406
f 4377/3589/1408 4381/6388/2562 4379/3590/1406
f 4382/3592/1410 4385/6389/2563 4386/3593/1411
f 4383/3595/1413 4387/6386/1417 4386/3596/1414
f 4384/3598/1416 4388/6384/2578 4386/3599/1414
f 4389/3601/1290 4392/6924/2645 4393/3602/1291
f 4394/3604/1293 4393/6925/2646 4392/3605/1294
f 4395/3607/1296 4393/6925/2646 4394/3604/1293
f 4396/3609/1298 4399/6926/2647 4400/3610/1299
f 4401/3612/1301 4400/6927/2648 4399/3613/1302
f 4402/3615/1304 4400/6927/2648 4401/3612/1301
f 4403/3617/1306 4406/6390/2548 4407/3618/1307
f 4404/3620/1458 4408/6393/1313 4407/3621/1310
f 4405/3623/1312 4409/6394/2550 4407/3624/1310
f 4410/3626/1314 4413/6395/2551 4414/3627/1315
f 4411/3629/1317 4415/6392/1321 4414/3630/1318
f 4412/3632/1320 4416/6391/2549 4414/3633/1318
f 4417/3635/1322 4420/6928/2649 4421/3636/1323
f 4422/3638/1325 4421/6929/2650 4420/3639/1326
f 4423/3641/1328 4421/6929/2650 4422/3638/1325
f 4424/3643/1330 4427/6930/2651 4428/3644/1331
f 4429/3646/1333 4428/6931/2652 4427/3647/1334
f 4430/3649/1336 4428/6931/2652 4429/3646/1333
f 4431/3651/1338 4434/6396/2552 4435/3652/1339
f 4432/3654/1341 4436/6399/1345 4435/3655/1342
f 4433/3657/1344 4437/6400/2554 4435/3658/1342
f 4438/3660/1346 4441/6401/2555 4442/3661/1347
f 4439/3663/1349 4443/6398/1353 4442/3664/1350
f 4440/3666/1352 4444/6397/2553 4442/3667/1350
f 4445/3669/1354 4448/6932/2653 4449/3670/1355
f 4450/3672/1357 4449/6933/2654 4448/3673/1358
f 4451/3675/1360 4449/6933/2654 4450/3672/1357
f 4452/3677/1362 4455/6934/2655 4456/3678/1363
f 4457/3680/1365 4456/6935/2656 4455/3681/1366
f 4458/3683/1368 4456/6935/2656 4457/3680/1365
f 4459/3685/1370 4462/6402/2556 4463/3686/1371
f 4460/3688/1373 4464/6405/1377 4463/3689/1374
f 4461/3691/1376 4465/6406/2558 4463/3692/1374
f 4466/3694/1378 4469/6407/2559 4470/3695/1379
f 4467/3697/1381 4471/6404/1459 4470/3698/1382
f 4468/3700/1384 4472/6403/2557 4470/3701/1382
f 4473/3703/1386 4476/6936/2657 4477/3704/1387
f 4478/3706/1389 4477/6937/2658 4476/3707/1390
f 4479/3709/1392 4477/6937/2658 4478/3706/1389
f 4480/3711/1394 4483/6938/2659 4484/3712/1395
f 4485/3714/1397 4484/6939/2660 4483/3715/1398
f 4486/3717/1400 4484/6939/2660 4485/3714/1397
f 4487/3719/1402 4490/6408/2560 4491/3720/1403
f 4488/3722/1405 4492/6411/1409 4491/3723/1406
f 4489/3725/1408 4493/6412/2562 4491/3726/1406
f 4494/3728/1410 4497/6413/2563 4498/3729/1411
f 4495/3731/1413 4499/6410/1417 4498/3732/1414
f 4496/3734/1416 4500/6409/2561 4498/3735/1414
f 4501/3737/343 4504/6431/1699 4505/3738/613
f 4502/3740/346 4506/6415/2479 4505/3741/1460
f 4503/3743/349 4507/6940/2402 4505/3744/827
f 4508/3746/352 4511/6434/1702 4512/3747/1461
f 4509/3749/355 4513/6416/2580 4512/3750/843
f 4510/3752/358 4514/6941/1742 4512/3753/614
f 4515/3755/361 4518/6414/1682 4519/3756/362
f 4516/3758/364 4520/6419/1688 4519/3759/616
f 4517/3761/367 4521/6421/1690 4519/3762/368
f 4522/3764/370 4525/6422/2405 4526/3765/1463
f 4523/3767/373 4527/6418/1687 4526/3768/374
f 4524/3770/376 4528/6417/2382 4526/3771/628
f 4529/3773/379 4532/6426/1748 4533/3774/618
f 4530/3776/382 4534/6430/1751 4533/3777/383
f 4531/3779/385 4535/6432/1752 4533/3780/607
f 4536/3782/388 4539/6433/2409 4540/3783/848
f 4537/3785/391 4541/6429/2581 4540/3786/392
f 4538/3788/394 4542/6942/2407 4540/3789/631
f 4543/3791/397 4546/6420/1744 4547/3792/398
f 4544/3794/400 4548/6425/1747 4547/3795/401
f 4545/3797/403 4549/6427/2384 4547/3798/612
f 4550/3800/406 4553/6428/2406 4554/3801/1465
f 4551/3803/409 4555/6424/1746 4554/3804/622
f 4552/3806/412 4556/6423/1692 4554/3807/413
f 4557/3809/1162 4560/6447/2594 4561/3810/1163
f 4558/3812/1165 4562/3816/1169 4561/3813/1166
f 4559/3815/1168 4563/6435/2582 4561/3813/1166
f 4564/3817/1170 4567/6436/2583 4568/3818/1171
f 4565/3820/1173 4569/3824/1470 4568/3821/1174
f 4566/3823/1176 4570/6448/2595 4568/3821/1174
f 4571/3825/1471 4574/6943/2662 4575/3826/1472
f 4576/3828/1181 4575/6944/2663 4574/3829/1474
f 4577/3831/1476 4575/6945/2663 4576/3832/1181
f 4578/3834/1478 4581/6946/2664 4582/3835/1479
f 4583/3837/1189 4582/6947/2665 4581/3838/1481
f 4584/3840/1483 4582/6948/2665 4583/3841/1189
f 4585/3843/1485 4588/6437/2584 4589/3844/1486
f 4590/3846/1488 4589/6949/2666 4588/3847/1489
f 4591/3849/1491 4589/6949/2666 4590/3846/1488
f 4592/3851/1493 4595/6440/2587 4596/3852/1494
f 4593/3854/1496 4597/3858/1500 4596/3855/1497
f 4594/3857/1499 4598/6438/2585 4596/3855/1497
f 4599/3859/1501 4602/6439/2586 4603/3860/1502
f 4604/3862/1504 4603/6950/2667 4602/3863/1505
f 4605/3865/1507 4603/6951/2667 4604/3866/1504
f 4606/3868/1509 4609/6952/2668 4610/3869/1510
f 4611/3871/1512 4610/6953/2634 4609/3872/1513
f 4612/3874/1515 4610/6954/2634 4611/3875/1512
f 4613/3877/1517 4616/6441/2588 4617/3878/1518
f 4614/3880/1520 4618/3884/1524 4617/3881/1521
f 4615/3883/1523 4619/6443/2590 4617/3881/1521
f 4620/3885/1525 4623/6444/2591 4624/3886/1526
f 4621/3888/1528 4625/3892/1532 4624/3889/1529
f 4622/3891/1531 4626/6442/2589 4624/3889/1529
f 4627/3893/1533 4630/6955/2669 4631/3894/1243
f 4632/3896/1534 4631/6956/2670 4630/3897/1535
f 4633/3899/1248 4631/6957/2670 4632/3900/1534
f 4634/3902/1537 4637/6958/2671 4638/3903/1538
f 4639/3905/1540 4638/6959/2672 4637/3906/1541
f 4640/3908/1543 4638/6960/2672 4639/3909/1540
f 4641/3911/1545 4644/6445/2592 4645/3912/1546
f 4646/3914/1548 4645/6961/2641 4644/3915/1549
f 4647/3917/1550 4645/6961/2641 4646/3914/1548
f 4648/3919/1551 4651/6446/2593 4652/3920/1552
f 4653/3922/1554 4652/6962/2673 4651/3923/1555
f 4654/3925/1557 4652/6962/2673 4653/3922/1554
f 4655/3927/1559 4658/6963/2674 4659/3928/1275
f 4660/3930/1277 4659/6964/2642 4658/3931/1278
f 4661/3933/1561 4659/6965/2642 4660/3934/1277
f 4662/3936/1563 4665/6966/2675 4666/3937/1564
f 4667/3939/1285 4666/6967/2676 4665/3940/1566
f 4668/3942/1568 4666/6968/2676 4667/3943/1285
f 644/3945/1570 645/3958/1583 639/3946/1571
f 645/3948/1573 643/3960/1585 637/3949/1574
f 647/3951/1576 641/4063/1680 642/3952/1577
f 648/3954/1579 642/4064/1681 640/3955/1580
f 644/3945/1570 650/6449/1590 651/3957/1582
f 651/3959/1584 649/3969/1593 643/3960/1585
f 647/3951/1576 648/3953/1578 654/3961/1586
f 654/3963/1588 648/3954/1579 646/3956/1581
f 650/3965/1590 656/3976/1599 657/3966/1591
f 657/3968/1592 655/3978/1601 649/3969/1593
f 653/3970/1587 654/6969/1586 660/3971/1594
f 660/3973/1596 654/3963/1588 652/3964/1589
f 662/3975/1598 663/3984/1607 657/3966/1591
f 663/3977/1600 661/3986/1609 655/3978/1601
f 659/3972/1595 660/3971/1594 666/3979/1602
f 660/3973/1596 658/3974/1597 664/3981/1604
f 668/3983/1606 669/6970/1615 663/3984/1607
f 663/3977/1600 669/3994/1616 667/3985/1608
f 665/3980/1603 666/3979/1602 672/3987/1610
f 666/3982/1605 664/3981/1604 670/3989/1612
f 668/3991/1606 674/4002/1623 675/3992/1614
f 669/3994/1616 675/4003/1624 673/3995/1617
f 671/3996/1611 672/6971/1610 678/3997/1618
f 672/3990/1613 670/3989/1612 676/3999/1620
f 680/4001/1622 681/4010/1631 675/3992/1614
f 675/4003/1624 681/4012/1633 679/4004/1625
f 677/3998/1619 678/3997/1618 684/4005/1626
f 678/4000/1621 676/3999/1620 682/4007/1628
f 686/4009/1630 687/4018/1639 681/4010/1631
f 687/4011/1632 685/4020/1641 679/4004/1625
f 683/4006/1627 684/4005/1626 690/4013/1634
f 684/4008/1629 682/4007/1628 688/4015/1636
f 692/4017/1638 693/6972/1647 687/4018/1639
f 693/4019/1640 691/4029/1649 685/4020/1641
f 689/4014/1635 690/4013/1634 696/4021/1642
f 696/4023/1644 690/4016/1637 688/4015/1636
f 698/4025/1646 699/4036/1655 693/4026/1647
f 693/4019/1640 699/4038/1657 697/4028/1648
f 695/4030/1643 696/6973/1642 702/4031/1650
f 702/4033/1652 696/4023/1644 694/4024/1645
f 704/4035/1654 705/4044/1663 699/4036/1655
f 705/4037/1656 703/4046/1665 697/4028/1648
f 701/4032/1651 702/4031/1650 708/4039/1658
f 702/4033/1652 700/4034/1653 706/4041/1660
f 710/4043/1662 711/6974/1671 705/4044/1663
f 705/4037/1656 711/4054/1672 709/4045/1664
f 707/4040/1659 708/4039/1658 714/4047/1666
f 708/4042/1661 706/4041/1660 712/4049/1668
f 716/4051/1670 717/4061/1678 711/4052/1671
f 711/4054/1672 717/4062/1679 715/4055/1673
f 713/4056/1667 714/6975/1666 720/4057/1674
f 720/4059/1676 714/4050/1669 712/4049/1668
f 638/3947/1572 639/3946/1571 717/4061/1678
f 639/3950/1575 637/3949/1574 715/4055/1673
f 719/4058/1675 720/4057/1674 642/3952/1577
f 720/4059/1676 718/4060/1677 640/3955/1580
f 721/841/343 727/843/345 738/4065/1682
f 738/864/366 727/6768/1741 723/847/349
f 722/844/346 728/850/352 734/852/354
f 734/4067/1684 730/856/358 723/847/349
f 729/853/355 742/868/370 748/870/372
f 748/4069/1686 744/874/376 730/856/358
f 737/865/367 740/867/369 747/4070/1687
f 740/4071/1688 736/862/364 744/874/376
f 735/859/361 741/861/363 766/4072/1689
f 741/4073/1690 737/865/367 764/898/400
f 770/904/406 776/906/408 745/4074/1691
f 776/4075/1692 772/910/412 743/871/373
f 765/901/403 768/903/405 775/4076/1693
f 775/912/414 768/6770/1747 764/898/400
f 749/877/379 763/895/397 769/897/399
f 769/4078/1695 765/901/403 750/880/382
f 756/886/388 762/888/390 773/4079/1696
f 773/909/411 762/6769/1750 758/892/394
f 751/883/385 754/885/387 761/4080/1697
f 754/4081/1698 750/880/382 758/892/394
f 749/877/379 755/879/381 724/4082/1699
f 755/4083/1700 751/883/385 722/844/346
f 729/853/355 731/855/357 759/4084/1701
f 731/4085/1702 728/850/352 757/889/391
f 778/4086/1572 784/4099/1570 785/4087/1583
f 785/4089/1573 783/4101/1585 777/4090/1574
f 781/4092/1680 782/4204/1577 788/4093/1703
f 788/4095/1579 782/4205/1723 780/4096/1580
f 790/4098/1590 791/6976/1582 785/4087/1583
f 791/4100/1704 789/4110/1593 783/4101/1585
f 787/4094/1576 788/4093/1703 794/4102/1586
f 794/4104/1588 788/4095/1579 786/4097/1581
f 796/4106/1599 797/4117/1591 791/4107/1582
f 797/4109/1592 795/4119/1601 789/4110/1593
f 793/4111/1587 794/6977/1586 800/4112/1594
f 794/4104/1588 792/4105/1589 798/4114/1597
f 802/4116/1598 803/4125/1607 797/4117/1591
f 803/4118/1600 801/4127/1609 795/4119/1601
f 799/4113/1595 800/4112/1594 806/4120/1602
f 800/4115/1596 798/4114/1597 804/4122/1705
f 808/4124/1606 809/6978/1615 803/4125/1607
f 809/4126/1707 807/4136/1608 801/4127/1609
f 805/4121/1603 806/4120/1602 812/4128/1610
f 806/4123/1706 804/4122/1705 810/4130/1612
f 814/4132/1623 815/4143/1614 809/4133/1615
f 809/4126/1707 815/4144/1624 813/4135/1617
f 811/4137/1611 812/6979/1610 818/4138/1618
f 812/4131/1613 810/4130/1612 816/4140/1620
f 820/4142/1622 821/4151/1631 815/4143/1614
f 815/4144/1624 821/4153/1710 819/4145/1625
f 817/4139/1619 818/4138/1618 824/4146/1626
f 818/4141/1621 816/4140/1620 822/4148/1628
f 826/4150/1630 827/4159/1639 821/4151/1631
f 827/4152/1709 825/4161/1641 819/4145/1625
f 823/4147/1627 824/4146/1626 830/4154/1711
f 824/4149/1708 822/4148/1628 828/4156/1636
f 832/4158/1638 833/6980/1647 827/4159/1639
f 833/4160/1713 831/4170/1649 825/4161/1641
f 829/4155/1635 830/4154/1711 836/4162/1714
f 830/4157/1712 828/4156/1636 834/4164/1645
f 838/4166/1646 839/4177/1655 833/4167/1647
f 839/4169/1716 837/4179/1719 831/4170/1649
f 841/4171/1651 835/6450/1643 836/4172/1714
f 836/4165/1715 834/4164/1645 840/4174/1653
f 844/4176/1654 845/4185/1663 839/4177/1655
f 845/4178/1718 843/4187/1665 837/4179/1719
f 841/4171/1651 842/4173/1717 848/4180/1658
f 842/4175/1652 840/4174/1653 846/4182/1720
f 850/4184/1662 851/6981/1671 845/4185/1663
f 851/4186/1672 849/4196/1664 843/4187/1665
f 847/4181/1659 848/4180/1658 854/4188/1666
f 848/4183/1721 846/4182/1720 852/4190/1668
f 856/4192/1670 857/4202/1678 851/4193/1671
f 857/4195/1679 855/4203/1673 849/4196/1664
f 853/4197/1667 854/6982/1666 860/4198/1674
f 854/4191/1722 852/4190/1668 858/4200/1677
f 856/4192/1670 778/4086/1572 779/4088/1571
f 779/4091/1575 777/4090/1574 855/4203/1673
f 859/4199/1675 860/4198/1674 782/4204/1577
f 782/4205/1723 860/4201/1676 858/4200/1677
f 868/4206/1570 869/4219/1583 863/4207/1571
f 863/4209/1575 869/4221/1573 867/4210/1585
f 865/4212/1680 866/4324/1577 872/4213/1703
f 866/4215/1723 864/4325/1580 870/4216/1581
f 868/4206/1570 874/6451/1590 875/4218/1582
f 875/4220/1704 873/4230/1593 867/4210/1585
f 871/4214/1576 872/4213/1703 878/4222/1586
f 872/4217/1724 870/4216/1581 876/4224/1589
f 880/4226/1599 881/4237/1591 875/4227/1582
f 881/4229/1592 879/4239/1601 873/4230/1593
f 883/4231/1595 877/6452/1725 878/4232/1586
f 878/4225/1588 876/4224/1589 882/4234/1597
f 886/4236/1598 887/4245/1607 881/4237/1591
f 887/4238/1726 885/4247/1727 879/4239/1601
f 883/4231/1595 884/4233/1594 890/4240/1602
f 884/4235/1596 882/4234/1597 888/4242/1705
f 892/4244/1606 893/6983/1615 887/4245/1607
f 893/4246/1616 891/4256/1608 885/4247/1727
f 889/4241/1603 890/4240/1602 896/4248/1610
f 890/4243/1706 888/4242/1705 894/4250/1612
f 898/4252/1623 899/4263/1614 893/4253/1615
f 899/4255/1729 897/4265/1617 891/4256/1608
f 895/4257/1611 896/6984/1610 902/4258/1618
f 902/4260/1730 896/4251/1728 894/4250/1612
f 904/4262/1622 905/4271/1631 899/4263/1614
f 905/4264/1710 903/4273/1625 897/4265/1617
f 901/4259/1619 902/4258/1618 908/4266/1626
f 902/4260/1730 900/4261/1620 906/4268/1628
f 910/4270/1630 911/4279/1639 905/4271/1631
f 911/4272/1632 909/4281/1641 903/4273/1625
f 907/4267/1627 908/4266/1626 914/4274/1711
f 908/4269/1708 906/4268/1628 912/4276/1636
f 910/4270/1630 916/6453/1638 917/4278/1647
f 917/4280/1713 915/4290/1649 909/4281/1641
f 913/4275/1635 914/4274/1711 920/4282/1714
f 914/4277/1637 912/4276/1636 918/4284/1645
f 922/4286/1646 923/4297/1655 917/4287/1647
f 923/4289/1716 921/4299/1719 915/4290/1649
f 925/4291/1651 919/6454/1643 920/4292/1714
f 926/4294/1731 920/4285/1715 918/4284/1645
f 928/4296/1654 929/4305/1663 923/4297/1655
f 923/4289/1716 929/4307/1656 927/4298/1665
f 925/4291/1651 926/4293/1717 932/4300/1658
f 926/4294/1731 924/4295/1653 930/4302/1720
f 934/4304/1662 935/6985/1671 929/4305/1663
f 935/4306/1672 933/4316/1664 927/4298/1665
f 931/4301/1659 932/4300/1658 938/4308/1666
f 932/4303/1721 930/4302/1720 936/4310/1668
f 940/4312/1670 941/4322/1678 935/4313/1671
f 935/4306/1672 941/4323/1732 939/4315/1673
f 937/4317/1667 938/6986/1666 944/4318/1674
f 938/4311/1722 936/4310/1668 942/4320/1677
f 862/4208/1572 863/4207/1571 941/4322/1678
f 941/4323/1732 863/4209/1575 861/4211/1574
f 943/4319/1675 944/4318/1674 866/4324/1577
f 944/4321/1676 942/4320/1677 864/4325/1580
f 952/4326/1570 953/4339/1583 947/4327/1571
f 947/4329/1575 953/4341/1573 951/4330/1585
f 949/4332/1680 950/4444/1577 956/4333/1703
f 950/4335/1723 948/4445/1580 954/4336/1581
f 952/4326/1570 958/6455/1590 959/4338/1582
f 959/4340/1704 957/4350/1593 951/4330/1585
f 955/4334/1576 956/4333/1703 962/4342/1586
f 956/4337/1724 954/4336/1581 960/4344/1589
f 964/4346/1599 965/4357/1591 959/4347/1582
f 965/4349/1592 963/4359/1601 957/4350/1593
f 961/4351/1587 962/6987/1586 968/4352/1594
f 968/4354/1734 962/4345/1733 960/4344/1589
f 970/4356/1598 971/4365/1607 965/4357/1591
f 971/4358/1600 969/4367/1609 963/4359/1601
f 967/4353/1595 968/4352/1594 974/4360/1602
f 974/4362/1706 968/4354/1734 966/4355/1597
f 970/4356/1598 976/6456/1606 977/4364/1615
f 977/4366/1707 975/4376/1608 969/4367/1609
f 973/4361/1603 974/4360/1602 980/4368/1610
f 974/4362/1706 972/4363/1705 978/4370/1612
f 982/4372/1623 983/4383/1614 977/4373/1615
f 983/4375/1624 981/4385/1617 975/4376/1608
f 985/4377/1619 979/6457/1611 980/4378/1610
f 980/4371/1728 978/4370/1612 984/4380/1620
f 982/4372/1623 988/4390/1622 989/4382/1631
f 983/4375/1624 989/4393/1710 987/4384/1625
f 991/4386/1627 985/4377/1619 986/4379/1618
f 986/4381/1730 984/4380/1620 990/4388/1628
f 988/4390/1622 994/4399/1630 995/4391/1639
f 995/4392/1632 993/4401/1641 987/4384/1625
f 991/4386/1627 992/4387/1626 998/4394/1711
f 998/4396/1712 992/4389/1708 990/4388/1628
f 1000/4398/1638 1001/6988/1647 995/4391/1639
f 995/4392/1632 1001/4410/1713 999/4400/1649
f 997/4395/1635 998/4394/1711 1004/4402/1714
f 998/4396/1712 996/4397/1636 1002/4404/1645
f 1006/4406/1646 1007/4417/1655 1001/4407/1647
f 1007/4409/1716 1005/4419/1719 999/4400/1649
f 1003/4411/1643 1004/6989/1714 1010/4412/1717
f 1004/4405/1715 1002/4404/1645 1008/4414/1653
f 1012/4416/1654 1013/4425/1663 1007/4417/1655
f 1013/4418/1656 1011/4427/1665 1005/4419/1719
f 1009/4413/1651 1010/4412/1717 1016/4420/1658
f 1010/4415/1652 1008/4414/1653 1014/4422/1660
f 1018/4424/1662 1019/6990/1671 1013/4425/1663
f 1013/4418/1656 1019/4436/1672 1017/4426/1664
f 1015/4421/1659 1016/4420/1658 1022/4428/1666
f 1016/4423/1735 1014/4422/1660 1020/4430/1668
f 1024/4432/1670 1025/4442/1678 1019/4433/1671
f 1025/4435/1732 1023/4443/1673 1017/4426/1664
f 1021/4437/1667 1022/6991/1666 1028/4438/1674
f 1028/4440/1737 1022/4431/1736 1020/4430/1668
f 1024/4432/1670 946/4328/1572 947/4327/1571
f 947/4329/1575 945/4331/1574 1023/4443/1673
f 949/4332/1680 1027/4439/1675 1028/4438/1674
f 950/4335/1723 1028/4440/1737 1026/4441/1677
f 1036/4446/1570 1037/4459/1583 1031/4447/1571
f 1031/4449/1575 1037/4460/1573 1035/4450/1585
f 1033/4452/1680 1034/4564/1577 1040/4453/1703
f 1034/4455/1723 1032/4565/1580 1038/4456/1581
f 1042/4458/1590 1043/6992/1582 1037/4459/1583
f 1037/4460/1573 1043/4470/1704 1041/4461/1593
f 1039/4454/1576 1040/4453/1703 1046/4462/1586
f 1040/4457/1724 1038/4456/1581 1044/4464/1589
f 1048/4466/1599 1049/4477/1591 1043/4467/1582
f 1049/4469/1592 1047/4479/1601 1041/4461/1593
f 1045/4471/1587 1046/6993/1586 1052/4472/1594
f 1046/4465/1588 1044/4464/1589 1050/4474/1738
f 1054/4476/1598 1055/4485/1607 1049/4477/1591
f 1055/4478/1600 1053/4487/1609 1047/4479/1601
f 1051/4473/1595 1052/4472/1594 1058/4480/1602
f 1052/4475/1734 1050/4474/1738 1056/4482/1604
f 1054/4476/1598 1060/6458/1606 1061/4484/1615
f 1061/4486/1707 1059/4496/1608 1053/4487/1609
f 1057/4481/1603 1058/4480/1602 1064/4488/1610
f 1064/4490/1613 1058/4483/1605 1056/4482/1604
f 1066/4492/1623 1067/4503/1614 1061/4493/1615
f 1067/4495/1624 1065/4505/1617 1059/4496/1608
f 1069/4497/1619 1063/6459/1611 1064/4498/1610
f 1064/4490/1613 1062/4491/1612 1068/4500/1620
f 1072/4502/1622 1073/4511/1631 1067/4503/1614
f 1067/4495/1624 1073/4513/1710 1071/4504/1625
f 1075/4506/1627 1069/4497/1619 1070/4499/1618
f 1070/4501/1621 1068/4500/1620 1074/4508/1628
f 1072/4502/1622 1078/4519/1630 1079/4510/1639
f 1079/4512/1632 1077/4521/1641 1071/4504/1625
f 1075/4506/1627 1076/4507/1626 1082/4514/1711
f 1082/4516/1637 1076/4509/1739 1074/4508/1628
f 1084/4518/1638 1085/6994/1647 1079/4510/1639
f 1085/4520/1713 1083/4530/1649 1077/4521/1641
f 1081/4515/1635 1082/4514/1711 1088/4522/1714
f 1082/4516/1637 1080/4517/1636 1086/4524/1645
f 1090/4526/1646 1091/4537/1655 1085/4527/1647
f 1091/4529/1716 1089/4539/1719 1083/4530/1649
f 1087/4531/1643 1088/6995/1714 1094/4532/1717
f 1088/4525/1715 1086/4524/1645 1092/4534/1653
f 1096/4536/1654 1097/4545/1663 1091/4537/1655
f 1097/4538/1656 1095/4547/1665 1089/4539/1719
f 1093/4533/1651 1094/4532/1717 1100/4540/1658
f 1094/4535/1740 1092/4534/1653 1098/4542/1660
f 1102/4544/1662 1103/6996/1671 1097/4545/1663
f 1103/4546/1672 1101/4556/1664 1095/4547/1665
f 1099/4541/1659 1100/4540/1658 1106/4548/1666
f 1100/4543/1735 1098/4542/1660 1104/4550/1668
f 1108/4552/1670 1109/4562/1678 1103/4553/1671
f 1103/4546/1672 1109/4563/1732 1107/4555/1673
f 1111/4557/1675 1105/6460/1667 1106/4558/1666
f 1106/4551/1736 1104/4550/1668 1110/4560/1677
f 1030/4448/1572 1031/4447/1571 1109/4562/1678
f 1109/4563/1732 1031/4449/1575 1029/4451/1574
f 1033/4452/1680 1111/4557/1675 1112/4559/1674
f 1112/4561/1676 1110/4560/1677 1032/4565/1580
f 1113/913/343 1119/915/416 1130/4566/1682
f 1119/4567/1741 1115/919/349 1128/934/364
f 1120/922/352 1126/924/354 1118/4568/1683
f 1126/4569/1742 1122/928/358 1115/919/349
f 1134/940/370 1140/942/423 1125/4570/1743
f 1140/4571/1686 1136/946/376 1122/928/358
f 1129/937/367 1132/939/369 1139/4572/1687
f 1132/4573/1688 1128/934/364 1136/946/376
f 1127/931/361 1133/933/422 1158/4574/1744
f 1158/972/402 1133/6772/1690 1129/937/367
f 1162/976/406 1168/978/408 1137/4575/1691
f 1168/4576/1745 1164/982/412 1135/943/373
f 1157/973/403 1160/975/405 1167/4577/1746
f 1160/4578/1747 1156/970/400 1164/982/412
f 1155/967/397 1161/969/399 1144/4579/1748
f 1161/4580/1695 1157/973/403 1142/952/382
f 1148/958/388 1154/960/429 1165/4581/1749
f 1154/4582/1750 1150/964/394 1163/979/409
f 1143/955/385 1146/957/387 1153/4583/1697
f 1146/4584/1751 1142/952/382 1150/964/394
f 1141/949/379 1147/951/381 1116/4585/1699
f 1147/4586/1752 1143/955/385 1114/916/346
f 1121/925/355 1123/927/357 1151/4587/1701
f 1151/963/431 1123/6771/1753 1120/922/352
f 1169/985/343 1175/987/416 1186/4588/1682
f 1175/4589/1741 1171/991/349 1184/1006/364
f 1176/994/352 1182/996/354 1174/4590/1683
f 1182/4591/1742 1178/1000/358 1171/991/349
f 1190/1012/370 1196/1014/423 1181/4592/1743
f 1196/4593/1686 1192/1018/376 1178/1000/358
f 1185/1009/367 1188/1011/369 1195/4594/1687
f 1188/4595/1688 1184/1006/364 1192/1018/376
f 1211/1039/397 1183/1003/361 1189/1005/422
f 1189/4597/1690 1185/1009/367 1212/1042/400
f 1218/1048/406 1224/1050/408 1193/4598/1691
f 1193/1017/425 1224/6774/1745 1220/1054/412
f 1213/1045/403 1216/1047/405 1223/4599/1746
f 1216/4600/1747 1212/1042/400 1220/1054/412
f 1211/1039/397 1217/1041/399 1200/4601/1748
f 1217/4602/1695 1213/1045/403 1198/1024/382
f 1204/1030/388 1210/1032/429 1221/4603/1749
f 1210/4604/1750 1206/1036/394 1219/1051/409
f 1199/1027/385 1202/1029/387 1209/4605/1697
f 1202/4606/1751 1198/1024/382 1206/1036/394
f 1197/1021/379 1203/1023/381 1172/4607/1699
f 1172/990/417 1203/6773/1752 1199/1027/385
f 1204/1030/388 1177/997/355 1179/999/357
f 1179/4609/1753 1176/994/352 1205/1033/391
f 1225/1057/343 1231/1059/416 1242/4610/1682
f 1231/4611/1741 1227/1063/349 1240/1078/364
f 1232/1066/352 1238/1068/354 1230/4612/1683
f 1238/4613/1742 1234/1072/358 1227/1063/349
f 1246/1084/370 1252/1086/423 1237/4614/1743
f 1252/4615/1686 1248/1090/376 1234/1072/358
f 1241/1081/367 1244/1083/369 1251/4616/1687
f 1244/4617/1688 1240/1078/364 1248/1090/376
f 1239/1075/361 1245/1077/422 1270/4618/1744
f 1245/4619/1690 1241/1081/367 1268/1114/400
f 1274/1120/406 1280/1122/408 1249/4620/1691
f 1249/1089/425 1280/6776/1745 1276/1126/412
f 1269/1117/403 1272/1119/405 1279/4621/1746
f 1272/4622/1747 1268/1114/400 1276/1126/412
f 1267/1111/397 1273/1113/399 1256/4623/1748
f 1273/4624/1695 1269/1117/403 1254/1096/382
f 1260/1102/388 1266/1104/429 1277/4625/1749
f 1266/4626/1750 1262/1108/394 1275/1123/409
f 1255/1099/385 1258/1101/387 1265/4627/1697
f 1258/4628/1751 1254/1096/382 1262/1108/394
f 1253/1093/379 1259/1095/381 1228/4629/1699
f 1228/1062/417 1259/6775/1752 1255/1099/385
f 1233/1069/355 1235/1071/357 1263/4630/1701
f 1235/4631/1753 1232/1066/352 1261/1105/391
f 1281/1129/343 1287/1131/416 1298/4632/1682
f 1287/4633/1741 1283/1135/349 1296/1150/364
f 1288/1138/352 1294/1140/354 1286/4634/1683
f 1294/4635/1742 1290/1144/358 1283/1135/349
f 1302/1156/370 1308/1158/423 1293/4636/1743
f 1308/4637/1686 1304/1162/376 1290/1144/358
f 1297/1153/367 1300/1155/369 1307/4638/1687
f 1300/4639/1688 1296/1150/364 1304/1162/376
f 1295/1147/361 1301/1149/422 1326/4640/1744
f 1301/4641/1690 1297/1153/367 1324/1186/400
f 1302/1156/370 1330/1192/406 1336/1194/408
f 1336/4643/1745 1332/1198/412 1303/1159/373
f 1325/1189/403 1328/1191/405 1335/4644/1746
f 1328/4645/1747 1324/1186/400 1332/1198/412
f 1323/1183/397 1329/1185/399 1312/4646/1748
f 1329/4647/1695 1325/1189/403 1310/1168/382
f 1316/1174/388 1322/1176/429 1333/4648/1749
f 1322/4649/1750 1318/1180/394 1331/1195/409
f 1311/1171/385 1314/1173/387 1321/4650/1697
f 1314/4651/1751 1310/1168/382 1318/1180/394
f 1281/1129/343 1309/1165/379 1315/1167/381
f 1315/4653/1752 1311/1171/385 1282/1132/346
f 1289/1141/355 1291/1143/357 1319/4654/1701
f 1319/1179/431 1291/6777/1753 1288/1138/352
f 1338/4655/1754 1344/4668/1767 1345/4656/1755
f 1339/4658/1757 1345/4670/1769 1343/4659/1758
f 1347/4661/1760 1341/4773/1864 1342/4662/1761
f 1348/4664/1763 1342/4774/1865 1340/4665/1764
f 1350/4667/1766 1351/6997/1775 1345/4656/1755
f 1351/4669/1768 1349/4679/1777 1343/4659/1758
f 1347/4661/1760 1348/4663/1762 1354/4671/1770
f 1348/4664/1763 1346/4666/1765 1352/4673/1772
f 1350/4675/1766 1356/4686/1783 1357/4676/1774
f 1357/4678/1776 1355/4688/1785 1349/4679/1777
f 1353/4680/1771 1354/6998/1770 1360/4681/1778
f 1354/4674/1773 1352/4673/1772 1358/4683/1780
f 1362/4685/1782 1363/4694/1791 1357/4676/1774
f 1363/4687/1784 1361/4696/1793 1355/4688/1785
f 1359/4682/1779 1360/4681/1778 1366/4689/1786
f 1360/4684/1781 1358/4683/1780 1364/4691/1788
f 1368/4693/1790 1369/6999/1799 1363/4694/1791
f 1369/4695/1792 1367/4705/1801 1361/4696/1793
f 1371/4697/1794 1365/4690/1787 1366/4689/1786
f 1372/4699/1796 1366/4692/1789 1364/4691/1788
f 1374/4701/1798 1375/4712/1807 1369/4702/1799
f 1375/4704/1800 1373/4714/1809 1367/4705/1801
f 1377/4706/1802 1371/6461/1794 1372/4707/1795
f 1372/4699/1796 1370/4700/1797 1376/4709/1804
f 1374/4701/1798 1380/4720/1815 1381/4711/1806
f 1381/4713/1808 1379/4722/1817 1373/4714/1809
f 1377/4706/1802 1378/4708/1803 1384/4715/1810
f 1384/4717/1812 1378/4710/1805 1376/4709/1804
f 1386/4719/1814 1387/4728/1823 1381/4711/1806
f 1387/4721/1816 1385/4730/1825 1379/4722/1817
f 1389/4723/1818 1383/4716/1811 1384/4715/1810
f 1384/4717/1812 1382/4718/1813 1388/4725/1820
f 1392/4727/1822 1393/7000/1831 1387/4728/1823
f 1393/4729/1824 1391/4739/1833 1385/4730/1825
f 1389/4723/1818 1390/4724/1819 1396/4731/1826
f 1396/4733/1828 1390/4726/1821 1388/4725/1820
f 1398/4735/1830 1399/4746/1839 1393/4736/1831
f 1393/4729/1824 1399/4747/1840 1397/4738/1832
f 1395/4740/1827 1396/7001/1826 1402/4741/1834
f 1396/4733/1828 1394/4734/1829 1400/4743/1836
f 1404/4745/1838 1405/4754/1847 1399/4746/1839
f 1399/4747/1840 1405/4756/1849 1403/4748/1841
f 1401/4742/1835 1402/4741/1834 1408/4749/1842
f 1402/4744/1837 1400/4743/1836 1406/4751/1844
f 1410/4753/1846 1411/7002/1855 1405/4754/1847
f 1411/4755/1848 1409/4765/1857 1403/4748/1841
f 1413/4757/1850 1407/4750/1843 1408/4749/1842
f 1408/4752/1845 1406/4751/1844 1412/4759/1852
f 1416/4761/1854 1417/4771/1862 1411/4762/1855
f 1411/4755/1848 1417/4772/1863 1415/4764/1856
f 1419/4766/1858 1413/6462/1850 1414/4767/1851
f 1414/4760/1853 1412/4759/1852 1418/4769/1860
f 1338/4655/1754 1339/4657/1756 1417/4771/1862
f 1417/4772/1863 1339/4658/1757 1337/4660/1759
f 1419/4766/1858 1420/4768/1859 1342/4662/1761
f 1342/4774/1865 1420/4770/1861 1418/4769/1860
f 1428/4775/1866 1429/4788/1879 1423/4776/1867
f 1429/4778/1869 1427/4790/1881 1421/4779/1870
f 1431/4781/1872 1425/4893/1976 1426/4782/1873
f 1426/4784/1875 1424/4894/1977 1430/4785/1876
f 1434/4787/1878 1435/7003/1887 1429/4788/1879
f 1435/4789/1880 1433/4799/1889 1427/4790/1881
f 1431/4781/1872 1432/4783/1874 1438/4791/1882
f 1438/4793/1884 1432/4786/1877 1430/4785/1876
f 1434/4795/1878 1440/4806/1895 1441/4796/1886
f 1435/4789/1880 1441/4807/1896 1439/4798/1888
f 1437/4800/1883 1438/7004/1882 1444/4801/1890
f 1438/4793/1884 1436/4794/1885 1442/4803/1892
f 1446/4805/1894 1447/4814/1903 1441/4796/1886
f 1441/4807/1896 1447/4816/1905 1445/4808/1897
f 1443/4802/1891 1444/4801/1890 1450/4809/1898
f 1444/4804/1893 1442/4803/1892 1448/4811/1900
f 1452/4813/1902 1453/7005/1911 1447/4814/1903
f 1453/4815/1904 1451/4825/1913 1445/4808/1897
f 1455/4817/1906 1449/4810/1899 1450/4809/1898
f 1456/4819/1908 1450/4812/1901 1448/4811/1900
f 1458/4821/1910 1459/4832/1919 1453/4822/1911
f 1453/4815/1904 1459/4833/1920 1457/4824/1912
f 1461/4826/1914 1455/6463/1906 1456/4827/1907
f 1456/4819/1908 1454/4820/1909 1460/4829/1916
f 1464/4831/1918 1465/4840/1927 1459/4832/1919
f 1459/4833/1920 1465/4841/1928 1463/4834/1921
f 1461/4826/1914 1462/4828/1915 1468/4835/1922
f 1468/4837/1924 1462/4830/1917 1460/4829/1916
f 1464/4831/1918 1470/4848/1935 1471/4839/1926
f 1465/4841/1928 1471/4850/1937 1469/4842/1929
f 1473/4843/1930 1467/4836/1923 1468/4835/1922
f 1474/4845/1932 1468/4837/1924 1466/4838/1925
f 1476/4847/1934 1477/7006/1943 1471/4839/1926
f 1477/4849/1936 1475/4859/1945 1469/4842/1929
f 1473/4843/1930 1474/4844/1931 1480/4851/1938
f 1474/4845/1932 1472/4846/1933 1478/4853/1940
f 1476/4855/1934 1482/4866/1951 1483/4856/1942
f 1477/4849/1936 1483/4868/1953 1481/4858/1944
f 1479/4860/1939 1480/7007/1938 1486/4861/1946
f 1480/4854/1941 1478/4853/1940 1484/4863/1948
f 1488/4865/1950 1489/4874/1959 1483/4856/1942
f 1489/4867/1952 1487/4876/1961 1481/4858/1944
f 1485/4862/1947 1486/4861/1946 1492/4869/1954
f 1486/4864/1949 1484/4863/1948 1490/4871/1956
f 1488/4865/1950 1494/6464/1967 1495/4873/1958
f 1495/4875/1960 1493/4885/1969 1487/4876/1961
f 1497/4877/1962 1491/4870/1955 1492/4869/1954
f 1498/4879/1964 1492/4872/1957 1490/4871/1956
f 1500/4881/1966 1501/4891/1974 1495/4882/1958
f 1501/4884/1968 1499/4892/1975 1493/4885/1969
f 1503/4886/1970 1497/6465/1962 1498/4887/1963
f 1498/4879/1964 1496/4880/1965 1502/4889/1972
f 1500/4881/1966 1422/4777/1868 1423/4776/1867
f 1423/4780/1871 1421/4779/1870 1499/4892/1975
f 1503/4886/1970 1504/4888/1971 1426/4782/1873
f 1426/4784/1875 1504/4890/1973 1502/4889/1972
f 1509/4895/1978 1511/4901/1981 1508/4896/436
f 1508/4896/436 1511/4901/1981 1510/4898/1979
f 1512/4900/1980 1514/4904/1984 1511/4901/1981
f 1511/4901/1981 1514/4904/1984 1513/4902/1982
f 1512/4900/1980 1515/4905/1985 1517/4903/1983
f 1517/4903/1983 1516/4907/1986 1513/4902/1982
f 1515/4905/1985 1519/7008/442 1521/4906/440
f 1521/4906/440 1518/6470/439 1516/4907/1986
f 1526/4908/1987 1528/4914/1990 1525/4909/444
f 1525/4909/444 1528/4914/1990 1527/4911/1988
f 1529/4913/1989 1531/4917/1993 1528/4914/1990
f 1528/4914/1990 1531/4917/1993 1530/4915/1991
f 1529/4913/1989 1532/4918/1994 1534/4916/1992
f 1534/4916/1992 1533/4920/1995 1530/4915/1991
f 1532/4918/1994 1536/6474/450 1538/4919/448
f 1538/4919/448 1535/6472/447 1533/4920/1995
f 1543/4921/1996 1545/4927/1999 1542/4922/452
f 1542/4922/452 1545/4927/1999 1544/4924/1997
f 1546/4926/1998 1548/4930/2002 1545/4927/1999
f 1545/4927/1999 1548/4930/2002 1547/4928/2000
f 1546/4926/1998 1549/4931/2003 1551/4929/2001
f 1551/4929/2001 1550/4933/2004 1547/4928/2000
f 1549/4931/2003 1553/6479/458 1555/4932/456
f 1555/4932/456 1552/6475/455 1550/4933/2004
f 1560/4934/2005 1562/4940/2008 1559/4935/460
f 1559/4935/460 1562/4940/2008 1561/4937/2006
f 1563/4939/2007 1565/4943/2011 1562/4940/2008
f 1562/4940/2008 1565/4943/2011 1564/4941/2009
f 1563/4939/2007 1566/4944/2012 1568/4942/2010
f 1568/4942/2010 1567/4946/2013 1564/4941/2009
f 1566/4944/2012 1570/6482/466 1572/4945/464
f 1572/4945/464 1569/7009/463 1567/4946/2013
f 1577/4947/2014 1579/4953/2017 1576/4948/468
f 1576/4948/468 1579/4953/2017 1578/4950/2015
f 1580/4952/2016 1582/4956/46 1579/4953/2017
f 1579/4953/2017 1582/4956/46 1581/4954/2018
f 1580/4952/2016 1583/4957/2020 1585/4955/2019
f 1585/4955/2019 1584/4959/2021 1581/4954/2018
f 1583/4957/2020 1587/6484/474 1589/4958/472
f 1589/4958/472 1586/6481/471 1584/4959/2021
f 1594/4960/2022 1596/4966/2025 1593/4961/476
f 1593/4961/476 1596/4966/2025 1595/4963/2023
f 1597/4965/2024 1599/4969/2028 1596/4966/2025
f 1596/4966/2025 1599/4969/2028 1598/4967/2026
f 1597/4965/2024 1600/4970/2029 1602/4968/2027
f 1602/4968/2027 1601/4972/2030 1598/4967/2026
f 1600/4970/2029 1604/7010/482 1606/4971/480
f 1606/4971/480 1603/6483/479 1601/4972/2030
f 1611/4973/2031 1613/4979/2034 1610/4974/484
f 1610/4974/484 1613/4979/2034 1612/4976/2032
f 1614/4978/2033 1616/4982/2037 1613/4979/2034
f 1613/4979/2034 1616/4982/2037 1615/4980/2035
f 1614/4978/2033 1617/4983/2038 1619/4981/2036
f 1619/4981/2036 1618/4985/2039 1615/4980/2035
f 1617/4983/2038 1621/6491/490 1623/4984/488
f 1623/4984/488 1620/6489/487 1618/4985/2039
f 1628/4986/2040 1630/4992/2043 1627/4987/492
f 1627/4987/492 1630/4992/2043 1629/4989/2041
f 1631/4991/2042 1633/4995/2046 1630/4992/2043
f 1630/4992/2043 1633/4995/2046 1632/4993/2044
f 1631/4991/2042 1634/4996/2047 1636/4994/2045
f 1636/4994/2045 1635/4998/2048 1632/4993/2044
f 1634/4996/2047 1638/6497/498 1640/4997/496
f 1640/4997/496 1637/6490/495 1635/4998/2048
f 1645/4999/2049 1647/5005/2052 1644/5000/500
f 1644/5000/500 1647/5005/2052 1646/5002/2050
f 1648/5004/2051 1650/5008/2055 1647/5005/2052
f 1647/5005/2052 1650/5008/2055 1649/5006/2053
f 1648/5004/2051 1651/5009/2056 1653/5007/2054
f 1653/5007/2054 1652/5011/2057 1649/5006/2053
f 1651/5009/2056 1655/6498/506 1657/5010/504
f 1657/5010/504 1654/7011/503 1652/5011/2057
f 1662/5012/2058 1664/5018/2061 1661/5013/508
f 1661/5013/508 1664/5018/2061 1663/5015/2059
f 1665/5017/2060 1667/5021/14 1664/5018/2061
f 1664/5018/2061 1667/5021/14 1666/5019/2062
f 1665/5017/2060 1668/5022/2064 1670/5020/2063
f 1670/5020/2063 1669/5024/2065 1666/5019/2062
f 1668/5022/2064 1672/6471/514 1674/5023/512
f 1674/5023/512 1671/6499/511 1669/5024/2065
f 1679/5025/1978 1681/5031/1981 1678/5026/436
f 1678/5026/436 1681/5031/1981 1680/5028/1979
f 1682/5030/1980 1684/5034/1984 1681/5031/1981
f 1681/5031/1981 1684/5034/1984 1683/5032/1982
f 1682/5030/1980 1685/5035/1985 1687/5033/1983
f 1687/5033/1983 1686/5037/1986 1683/5032/1982
f 1685/5035/1985 1689/7012/442 1691/5036/440
f 1691/5036/440 1688/6504/439 1686/5037/1986
f 1696/5038/1987 1698/5044/1990 1695/5039/444
f 1695/5039/444 1698/5044/1990 1697/5041/1988
f 1699/5043/1989 1701/5047/1993 1698/5044/1990
f 1698/5044/1990 1701/5047/1993 1700/5045/1991
f 1699/5043/1989 1702/5048/1994 1704/5046/1992
f 1704/5046/1992 1703/5050/1995 1700/5045/1991
f 1702/5048/1994 1706/6509/450 1708/5049/448
f 1708/5049/448 1705/6506/447 1703/5050/1995
f 1713/5051/1996 1715/5057/1999 1712/5052/452
f 1712/5052/452 1715/5057/1999 1714/5054/1997
f 1716/5056/1998 1718/5060/2002 1715/5057/1999
f 1715/5057/1999 1718/5060/2002 1717/5058/2000
f 1716/5056/1998 1719/5061/2003 1721/5059/2001
f 1721/5059/2001 1720/5063/2004 1717/5058/2000
f 1719/5061/2003 1723/6513/458 1725/5062/456
f 1725/5062/456 1722/6508/455 1720/5063/2004
f 1730/5064/2005 1732/5070/2008 1729/5065/460
f 1729/5065/460 1732/5070/2008 1731/5067/2006
f 1733/5069/2007 1735/5073/2011 1732/5070/2008
f 1732/5070/2008 1735/5073/2011 1734/5071/2009
f 1733/5069/2007 1736/5074/2012 1738/5072/2010
f 1738/5072/2010 1737/5076/2013 1734/5071/2009
f 1736/5074/2012 1740/6516/466 1742/5075/464
f 1742/5075/464 1739/7013/463 1737/5076/2013
f 1747/5077/2066 1749/5083/2017 1746/5078/468
f 1746/5078/468 1749/5083/2017 1748/5080/2067
f 1750/5082/2016 1752/5086/46 1749/5083/2017
f 1749/5083/2017 1752/5086/46 1751/5084/2018
f 1750/5082/2016 1753/5087/2020 1755/5085/2019
f 1755/5085/2019 1754/5089/2021 1751/5084/2018
f 1753/5087/2020 1757/6518/474 1759/5088/472
f 1759/5088/472 1756/6515/471 1754/5089/2021
f 1764/5090/2022 1766/5096/2025 1763/5091/476
f 1763/5091/476 1766/5096/2025 1765/5093/2023
f 1767/5095/2024 1769/5099/2028 1766/5096/2025
f 1766/5096/2025 1769/5099/2028 1768/5097/2026
f 1767/5095/2024 1770/5100/2029 1772/5098/2027
f 1772/5098/2027 1771/5102/2030 1768/5097/2026
f 1770/5100/2029 1774/7014/482 1776/5101/480
f 1776/5101/480 1773/6517/479 1771/5102/2030
f 1781/5103/2031 1783/5109/2034 1780/5104/484
f 1780/5104/484 1783/5109/2034 1782/5106/2032
f 1784/5108/2033 1786/5112/2037 1783/5109/2034
f 1783/5109/2034 1786/5112/2037 1785/5110/2035
f 1784/5108/2033 1787/5113/2038 1789/5111/2036
f 1789/5111/2036 1788/5115/2039 1785/5110/2035
f 1787/5113/2038 1791/6524/490 1793/5114/488
f 1793/5114/488 1790/6522/487 1788/5115/2039
f 1798/5116/2040 1800/5122/2043 1797/5117/492
f 1797/5117/492 1800/5122/2043 1799/5119/2041
f 1801/5121/2042 1803/5125/2046 1800/5122/2043
f 1800/5122/2043 1803/5125/2046 1802/5123/2044
f 1801/5121/2042 1804/5126/2047 1806/5124/2045
f 1806/5124/2045 1805/5128/2048 1802/5123/2044
f 1804/5126/2047 1808/6530/498 1810/5127/496
f 1810/5127/496 1807/6525/495 1805/5128/2048
f 1815/5129/2049 1817/5135/2052 1814/5130/500
f 1814/5130/500 1817/5135/2052 1816/5132/2050
f 1818/5134/2051 1820/5138/2055 1817/5135/2052
f 1817/5135/2052 1820/5138/2055 1819/5136/2053
f 1818/5134/2051 1821/5139/2056 1823/5137/2054
f 1823/5137/2054 1822/5141/2057 1819/5136/2053
f 1821/5139/2056 1825/6532/506 1827/5140/504
f 1827/5140/504 1824/7015/503 1822/5141/2057
f 1832/5142/2058 1834/5148/2061 1831/5143/508
f 1831/5143/508 1834/5148/2061 1833/5145/2059
f 1835/5147/2060 1837/5151/14 1834/5148/2061
f 1834/5148/2061 1837/5151/14 1836/5149/2062
f 1835/5147/2060 1838/5152/2064 1840/5150/2063
f 1840/5150/2063 1839/5154/2065 1836/5149/2062
f 1838/5152/2064 1842/6505/514 1844/5153/512
f 1844/5153/512 1841/6531/511 1839/5154/2065
f 1852/5155/2068 1853/5168/2081 1847/5156/2069
f 1847/5158/2071 1853/5170/2083 1851/5159/2072
f 1855/5161/2074 1849/5273/2178 1850/5162/2075
f 1850/5164/2077 1848/5274/2179 1854/5165/2078
f 1858/5167/2080 1859/7016/2089 1853/5168/2081
f 1859/5169/2082 1857/5179/2091 1851/5159/2072
f 1855/5161/2074 1856/5163/2076 1862/5171/2084
f 1862/5173/2086 1856/5166/2079 1854/5165/2078
f 1864/5175/2088 1865/5186/2097 1859/5176/2089
f 1865/5178/2090 1863/5188/2099 1857/5179/2091
f 1867/5180/2092 1861/6533/2085 1862/5181/2084
f 1862/5173/2086 1860/5174/2087 1866/5183/2094
f 1870/5185/2096 1871/5194/2105 1865/5186/2097
f 1871/5187/2098 1869/5196/2107 1863/5188/2099
f 1867/5180/2092 1868/5182/2093 1874/5189/2100
f 1868/5184/2095 1866/5183/2094 1872/5191/2102
f 1870/5185/2096 1876/6534/2113 1877/5193/2104
f 1871/5187/2098 1877/5204/2114 1875/5195/2106
f 1873/5190/2101 1874/5189/2100 1880/5197/2108
f 1874/5192/2103 1872/5191/2102 1878/5199/2110
f 1882/5201/2112 1883/5212/2121 1877/5202/2104
f 1877/5204/2114 1883/5213/2122 1881/5205/2115
f 1885/5206/2116 1879/6535/2109 1880/5207/2108
f 1880/5200/2111 1878/5199/2110 1884/5209/2118
f 1888/5211/2120 1889/5220/2129 1883/5212/2121
f 1883/5213/2122 1889/5222/2131 1887/5214/2123
f 1885/5206/2116 1886/5208/2117 1892/5215/2124
f 1886/5210/2119 1884/5209/2118 1890/5217/2126
f 1888/5211/2120 1894/5228/2137 1895/5219/2128
f 1895/5221/2130 1893/5230/2139 1887/5214/2123
f 1891/5216/2125 1892/5215/2124 1898/5223/2132
f 1898/5225/2134 1892/5218/2127 1890/5217/2126
f 1900/5227/2136 1901/7017/2145 1895/5219/2128
f 1895/5221/2130 1901/5239/2147 1899/5229/2138
f 1903/5231/2140 1897/5224/2133 1898/5223/2132
f 1898/5225/2134 1896/5226/2135 1902/5233/2142
f 1906/5235/2144 1907/5246/2153 1901/5236/2145
f 1907/5238/2146 1905/5248/2155 1899/5229/2138
f 1909/5240/2148 1903/6536/2140 1904/5241/2141
f 1910/5243/2150 1904/5234/2143 1902/5233/2142
f 1912/5245/2152 1913/5254/2161 1907/5246/2153
f 1913/5247/2154 1911/5256/2163 1905/5248/2155
f 1909/5240/2148 1910/5242/2149 1916/5249/2156
f 1916/5251/2158 1910/5243/2150 1908/5244/2151
f 1912/5245/2152 1918/6537/2169 1919/5253/2160
f 1913/5247/2154 1919/5265/2171 1917/5255/2162
f 1921/5257/2164 1915/5250/2157 1916/5249/2156
f 1922/5259/2166 1916/5251/2158 1914/5252/2159
f 1924/5261/2168 1925/5271/2176 1919/5262/2160
f 1925/5264/2170 1923/5272/2177 1917/5255/2162
f 1921/5266/2164 1922/7018/2165 1928/5267/2172
f 1922/5259/2166 1920/5260/2167 1926/5269/2174
f 1846/5157/2070 1847/5156/2069 1925/5271/2176
f 1925/5264/2170 1847/5158/2071 1845/5160/2073
f 1849/5273/2178 1927/5268/2173 1928/5267/2172
f 1928/5270/2175 1926/5269/2174 1848/5274/2179
f 1930/5275/2180 1936/5287/2192 1937/5276/2181
f 1937/5278/2183 1935/5290/2195 1929/5279/2184
f 1933/5281/2186 1934/5393/2290 1940/5282/2187
f 1940/5284/2189 1934/5394/2291 1932/5285/2190
f 1936/5287/2192 1942/6538/2200 1943/5288/2193
f 1937/5278/2183 1943/5299/2203 1941/5289/2194
f 1945/5291/2196 1939/5283/2188 1940/5282/2187
f 1946/5293/2198 1940/5284/2189 1938/5286/2191
f 1942/5295/2200 1948/5306/2209 1949/5296/2201
f 1949/5298/2202 1947/5308/2211 1941/5289/2194
f 1951/5300/2204 1945/6539/2196 1946/5301/2197
f 1952/5303/2206 1946/5293/2198 1944/5294/2199
f 1954/5305/2208 1955/5314/2217 1949/5296/2201
f 1955/5307/2210 1953/5316/2219 1947/5308/2211
f 1951/5300/2204 1952/5302/2205 1958/5309/2212
f 1958/5311/2214 1952/5303/2206 1950/5304/2207
f 1954/5305/2208 1960/6540/2225 1961/5313/2216
f 1955/5307/2210 1961/5324/2226 1959/5315/2218
f 1963/5317/2220 1957/5310/2213 1958/5309/2212
f 1958/5311/2214 1956/5312/2215 1962/5319/2222
f 1966/5321/2224 1967/5332/2233 1961/5322/2216
f 1961/5324/2226 1967/5333/2234 1965/5325/2227
f 1963/5326/2220 1964/7019/2221 1970/5327/2228
f 1964/5320/2223 1962/5319/2222 1968/5329/2230
f 1972/5331/2232 1973/5340/2241 1967/5332/2233
f 1967/5333/2234 1973/5342/2243 1971/5334/2235
f 1975/5335/2236 1969/5328/2229 1970/5327/2228
f 1970/5330/2231 1968/5329/2230 1974/5337/2238
f 1972/5331/2232 1978/5347/2248 1979/5339/2240
f 1979/5341/2242 1977/5350/2251 1971/5334/2235
f 1981/5343/2244 1975/5335/2236 1976/5336/2237
f 1976/5338/2239 1974/5337/2238 1980/5345/2246
f 1978/5347/2248 1984/6541/2257 1985/5348/2249
f 1985/5349/2250 1983/5359/2259 1977/5350/2251
f 1981/5343/2244 1982/5344/2245 1988/5351/2252
f 1988/5353/2254 1982/5346/2247 1980/5345/2246
f 1990/5355/2256 1991/5366/2265 1985/5356/2249
f 1991/5358/2258 1989/5368/2267 1983/5359/2259
f 1993/5360/2260 1987/7020/2253 1988/5361/2252
f 1994/5363/2262 1988/5353/2254 1986/5354/2255
f 1996/5365/2264 1997/5374/2273 1991/5366/2265
f 1997/5367/2266 1995/5376/2275 1989/5368/2267
f 1993/5360/2260 1994/5362/2261 2000/5369/2268
f 1994/5363/2262 1992/5364/2263 1998/5371/2270
f 1996/5365/2264 2002/6542/2280 2003/5373/2272
f 2003/5375/2274 2001/5385/2283 1995/5376/2275
f 1999/5370/2269 2000/5369/2268 2006/5377/2276
f 2000/5372/2271 1998/5371/2270 2004/5379/2278
f 2002/5381/2280 2008/5391/2288 2009/5382/2281
f 2003/5375/2274 2009/5392/2289 2007/5384/2282
f 2011/5386/2284 2005/6543/2277 2006/5387/2276
f 2006/5380/2279 2004/5379/2278 2010/5389/2286
f 2008/5391/2288 1930/5275/2180 1931/5277/2182
f 1931/5280/2185 1929/5279/2184 2007/5384/2282
f 1933/5281/2186 2011/5386/2284 2012/5388/2285
f 1934/5394/2291 2012/5390/2287 2010/5389/2286
f 2020/5395/2292 2022/5398/1984 2019/1364/518
f 2019/1364/518 2022/5398/1984 2021/5397/2293
f 2020/5395/2292 2024/7021/524 2026/1368/522
f 2026/1368/522 2023/1367/521 2021/5397/2293
f 2037/5399/2294 2039/5401/1993 2036/1374/526
f 2036/1374/526 2039/5401/1993 2038/5400/2295
f 2037/5399/2294 2041/1380/532 2043/1378/530
f 2043/1378/530 2040/1377/529 2038/5400/2295
f 2044/5402/2296 2046/5405/2299 2029/5403/2297
f 2046/5405/2299 2045/5417/2310 2027/5406/2300
f 2030/5407/2301 2032/5419/2312 2015/5408/2302
f 2015/5408/2302 2032/5419/2312 2031/5410/2304
f 2054/5412/2306 2056/5414/2002 2053/1382/534
f 2053/1382/534 2056/5414/2002 2055/5413/2307
f 2054/5412/2306 2058/1388/540 2060/1386/538
f 2060/1386/538 2057/1385/537 2055/5413/2307
f 2061/5415/2308 2063/5416/2309 2046/5405/2299
f 2063/5416/2309 2062/5427/2318 2045/5417/2310
f 2047/5418/2311 2049/5420/2313 2032/5419/2312
f 2049/5420/2313 2048/5426/2317 2031/5410/2304
f 2071/5421/2314 2073/5424/2011 2070/1390/542
f 2070/1390/542 2073/5424/2011 2072/5422/2315
f 2071/5421/2314 2075/1399/548 2077/1398/546
f 2077/1398/546 2074/7022/545 2072/5422/2315
f 2047/5418/2311 2064/5435/2325 2066/5425/2316
f 2066/5425/2316 2065/5437/2327 2048/5426/2317
f 2062/5427/2318 2063/5416/2309 2080/5428/2319
f 2080/5428/2319 2063/5416/2309 2061/5415/2308
f 2088/5431/2322 2090/5433/46 2087/1402/550
f 2087/1402/550 2090/5433/46 2089/5432/2323
f 2088/5431/2322 2092/1408/556 2094/1406/554
f 2094/1406/554 2091/1405/553 2089/5432/2323
f 2081/5434/2324 2083/5436/2326 2066/5425/2316
f 2083/5436/2326 2082/5448/2336 2065/5437/2327
f 2096/5438/2328 2079/5429/2320 2080/5428/2319
f 2097/5439/2329 2080/5428/2319 2078/5430/2321
f 2105/5441/2331 2107/5444/2028 2104/1412/558
f 2104/1412/558 2107/5444/2028 2106/5443/2332
f 2105/5441/2331 2109/7023/564 2111/1416/562
f 2111/1416/562 2108/1415/561 2106/5443/2332
f 2096/5438/2328 2097/5439/2329 2114/5445/2333
f 2097/5439/2329 2095/5440/2330 2112/5447/2335
f 2082/5448/2336 2083/5436/2326 2100/5449/2337
f 2100/5449/2337 2083/5436/2326 2081/5434/2324
f 2122/5452/2340 2124/5454/2037 2121/1422/566
f 2121/1422/566 2124/5454/2037 2123/5453/2341
f 2122/5452/2340 2126/1428/572 2128/1426/570
f 2128/1426/570 2125/1425/569 2123/5453/2341
f 2113/5446/2334 2114/5445/2333 2131/5455/2342
f 2114/5445/2333 2112/5447/2335 2129/5457/2344
f 2116/5458/2345 2099/5450/2338 2100/5449/2337
f 2117/5459/2346 2100/5449/2337 2098/5451/2339
f 2139/5461/2348 2141/5463/2046 2138/1430/574
f 2138/1430/574 2141/5463/2046 2140/5462/2349
f 2139/5461/2348 2143/1436/580 2145/1434/578
f 2145/1434/578 2142/1433/577 2140/5462/2349
f 2130/5456/2343 2131/5455/2342 2148/5464/2350
f 2131/5455/2342 2129/5457/2344 2146/5466/2352
f 2133/5467/2353 2116/5458/2345 2117/5459/2346
f 2117/5459/2346 2115/5460/2347 2132/5469/2355
f 2156/5470/2356 2158/5473/2055 2155/1438/582
f 2155/1438/582 2158/5473/2055 2157/5471/2357
f 2156/5470/2356 2160/1447/588 2162/1446/586
f 2162/1446/586 2159/7024/585 2157/5471/2357
f 2147/5465/2351 2148/5464/2350 2165/5474/2358
f 2165/5474/2358 2148/5464/2350 2146/5466/2352
f 2133/5467/2353 2134/5468/2354 2151/5477/2361
f 2151/5477/2361 2134/5468/2354 2132/5469/2355
f 2173/5480/2364 2175/5482/14 2172/1450/590
f 2172/1450/590 2175/5482/14 2174/5481/2365
f 2173/5480/2364 2177/1456/596 2179/1454/594
f 2179/1454/594 2176/1453/593 2174/5481/2365
f 2150/5478/2362 2151/5477/2361 2168/5483/2366
f 2168/5483/2366 2151/5477/2361 2149/5479/2363
f 2163/5476/2360 2180/5487/2370 2182/5486/2369
f 2182/5486/2369 2181/5488/2371 2164/5475/2359
f 2013/5411/2305 2167/5484/2367 2168/5483/2366
f 2168/5483/2366 2166/5485/2368 2014/5409/2303
f 2028/5404/2298 2029/5403/2297 2182/5486/2369
f 2182/5486/2369 2029/5403/2297 2027/5406/2300
f 2190/5489/2292 2192/5492/1984 2189/1460/518
f 2189/1460/518 2192/5492/1984 2191/5491/2293
f 2190/5489/2292 2194/7025/524 2196/1464/522
f 2196/1464/522 2193/1463/521 2191/5491/2293
f 2207/5493/2294 2209/5495/1993 2206/1470/526
f 2206/1470/526 2209/5495/1993 2208/5494/2295
f 2207/5493/2294 2211/1476/532 2213/1474/530
f 2213/1474/530 2210/1473/529 2208/5494/2295
f 2214/5496/2296 2216/5510/2299 2199/5497/2297
f 2199/5497/2297 2216/5510/2299 2215/5499/2310
f 2200/5501/2301 2202/5513/2312 2185/5502/2302
f 2185/5502/2302 2202/5513/2312 2201/5504/2304
f 2224/5506/2372 2226/5508/2002 2223/1478/534
f 2223/1478/534 2226/5508/2002 2225/5507/2307
f 2224/5506/2372 2228/1484/540 2230/1482/538
f 2230/1482/538 2227/1481/537 2225/5507/2307
f 2231/5509/2308 2233/5511/2309 2216/5510/2299
f 2233/5511/2309 2232/6587/2318 2215/5499/2310
f 2217/5512/2311 2219/5520/2373 2202/5513/2312
f 2202/5513/2312 2219/5520/2373 2218/5514/2317
f 2241/5515/2314 2243/5518/2011 2240/1486/542
f 2240/1486/542 2243/5518/2011 2242/5516/2315
f 2241/5515/2314 2245/1495/548 2247/1494/546
f 2247/1494/546 2244/7026/545 2242/5516/2315
f 2234/5519/2325 2236/5521/2374 2219/5520/2373
f 2236/5521/2374 2235/5530/2327 2218/5514/2317
f 2249/5522/2320 2232/6587/2318 2233/5511/2309
f 2250/5523/2319 2233/5511/2309 2231/5509/2308
f 2258/5525/2322 2260/5527/46 2257/1498/550
f 2257/1498/550 2260/5527/46 2259/5526/2323
f 2258/5525/2322 2262/1504/556 2264/1502/554
f 2264/1502/554 2261/1501/553 2259/5526/2323
f 2251/5528/2324 2253/5529/2326 2236/5521/2374
f 2253/5529/2326 2252/7027/2336 2235/5530/2327
f 2249/5522/2320 2250/5523/2319 2267/5531/2329
f 2250/5523/2319 2248/5524/2375 2265/5533/2330
f 2275/5534/2331 2277/5537/2028 2274/1508/558
f 2274/1508/558 2277/5537/2028 2276/5536/2332
f 2275/5534/2331 2279/7028/564 2281/1512/562
f 2281/1512/562 2278/1511/561 2276/5536/2332
f 2266/5532/2328 2267/5531/2329 2284/5538/2333
f 2267/5531/2329 2265/5533/2330 2282/5540/2335
f 2269/5541/2376 2252/7027/2336 2253/5529/2326
f 2270/5542/2337 2253/5529/2326 2251/5528/2324
f 2292/5544/2340 2294/5546/2037 2291/1518/566
f 2291/1518/566 2294/5546/2037 2293/5545/2377
f 2292/5544/2340 2296/1524/572 2298/1522/570
f 2298/1522/570 2295/1521/569 2293/5545/2377
f 2300/5547/2343 2283/5539/2334 2284/5538/2333
f 2284/5538/2333 2282/5540/2335 2299/5549/2344
f 2286/5550/2345 2269/5541/2376 2270/5542/2337
f 2270/5542/2337 2268/5543/2339 2285/5552/2347
f 2309/5553/2378 2311/5555/2046 2308/1526/574
f 2308/1526/574 2311/5555/2046 2310/5554/2349
f 2309/5553/2378 2313/1532/580 2315/1530/578
f 2315/1530/578 2312/1529/577 2310/5554/2349
f 2300/5547/2343 2301/5548/2342 2318/5556/2379
f 2301/5548/2342 2299/5549/2344 2316/5558/2352
f 2303/5559/2353 2286/5550/2345 2287/5551/2346
f 2287/5551/2346 2285/5552/2347 2302/5561/2355
f 2326/5562/2356 2328/5565/2055 2325/1534/582
f 2325/1534/582 2328/5565/2055 2327/5563/2357
f 2326/5562/2356 2330/1543/588 2332/1542/586
f 2332/1542/586 2329/7029/585 2327/5563/2357
f 2317/5557/2351 2318/5556/2379 2335/5566/2358
f 2335/5566/2358 2318/5556/2379 2316/5558/2352
f 2303/5559/2353 2304/5560/2354 2321/5569/2361
f 2304/5560/2354 2302/5561/2355 2319/5571/2363
f 2343/5572/2364 2345/5574/14 2342/1546/590
f 2342/1546/590 2345/5574/14 2344/5573/2365
f 2343/5572/2364 2347/1552/596 2349/1550/594
f 2349/1550/594 2346/1549/593 2344/5573/2365
f 2320/5570/2362 2321/5569/2361 2338/5575/2366
f 2338/5575/2366 2321/5569/2361 2319/5571/2363
f 2333/5568/2360 2350/5579/2370 2352/5578/2369
f 2352/5578/2369 2351/5580/2371 2334/5567/2359
f 2183/5505/2305 2337/5576/2367 2338/5575/2366
f 2338/5575/2366 2336/5577/2368 2184/5503/2303
f 2198/5498/2298 2199/5497/2297 2352/5578/2369
f 2199/5497/2297 2197/5500/2300 2351/5580/2371
f 2367/1571/361 2353/1553/343 2359/1555/416
f 2370/1576/605 2359/6778/1741 2355/1559/349
f 2354/1556/346 2360/1562/352 2366/1564/354
f 2366/5583/1742 2362/1568/358 2355/1559/349
f 2361/1565/355 2374/1580/370 2380/1582/423
f 2380/5585/1686 2376/1586/376 2362/1568/358
f 2369/1577/367 2372/1579/369 2379/5586/1687
f 2379/1588/426 2372/6779/1688 2368/1574/364
f 2367/1571/361 2373/1573/422 2398/5587/1744
f 2398/1612/402 2373/6780/1690 2369/1577/367
f 2402/1616/406 2408/1618/408 2377/5588/1691
f 2408/5589/1745 2404/1622/412 2375/1583/373
f 2397/1613/403 2400/1615/405 2407/5590/1746
f 2407/1624/414 2400/6783/1747 2396/1610/400
f 2381/1589/379 2395/1607/397 2401/1609/611
f 2401/5592/1695 2397/1613/403 2382/1592/382
f 2388/1598/388 2394/1600/429 2405/5593/1749
f 2405/1621/411 2394/6782/1750 2390/1604/394
f 2383/1595/385 2386/1597/387 2393/5594/1697
f 2393/1606/432 2386/6781/1751 2382/1592/382
f 2381/1589/379 2387/1591/606 2356/5595/2380
f 2387/5596/1752 2383/1595/385 2354/1556/346
f 2361/1565/355 2363/1567/357 2391/5597/1701
f 2363/5598/1753 2360/1562/352 2389/1601/391
f 2409/1625/343 2415/1627/416 2426/5599/2381
f 2426/1648/617 2415/6784/2402 2411/1631/349
f 2410/1628/346 2416/1634/352 2422/1636/354
f 2422/5601/1742 2418/1640/358 2411/1631/349
f 2430/1652/370 2436/1654/423 2421/5602/1743
f 2436/5603/2382 2432/1658/376 2418/1640/358
f 2425/1649/367 2428/1651/369 2435/5604/1687
f 2435/1660/426 2428/6785/1688 2424/1646/364
f 2423/1643/361 2429/1645/422 2454/5605/1744
f 2429/5606/1690 2425/1649/367 2452/1682/400
f 2458/1688/406 2464/1690/408 2433/5607/1691
f 2464/5608/1745 2460/1694/412 2431/1655/373
f 2453/1685/403 2456/1687/405 2463/5609/1746
f 2463/1696/414 2456/6788/1747 2452/1682/400
f 2451/1679/397 2457/1681/399 2440/5610/1748
f 2457/5611/1695 2453/1685/403 2438/1664/382
f 2444/1670/388 2450/1672/429 2461/5612/1749
f 2461/1693/411 2450/6787/2407 2446/1676/394
f 2439/1667/385 2442/1669/387 2449/5613/1697
f 2449/1678/432 2442/6786/1751 2438/1664/382
f 2437/1661/379 2443/1663/606 2412/5614/2380
f 2443/5615/1752 2439/1667/385 2410/1628/346
f 2417/1637/355 2419/1639/357 2447/5616/1701
f 2419/5617/1753 2416/1634/352 2445/1673/391
f 2465/1697/343 2471/1699/416 2482/5618/2381
f 2482/1720/605 2471/6789/1741 2467/1703/349
f 2466/1700/346 2472/1706/352 2478/1708/354
f 2478/5620/1742 2474/1712/358 2467/1703/349
f 2486/1724/370 2492/1726/423 2477/5621/1743
f 2492/5622/1686 2488/1730/376 2474/1712/358
f 2481/1721/367 2484/1723/369 2491/5623/1687
f 2491/1732/426 2484/6790/1688 2480/1718/364
f 2479/1715/361 2485/1717/422 2510/5624/1744
f 2510/1756/402 2485/6791/1690 2481/1721/367
f 2514/1760/406 2520/1762/408 2489/5625/1691
f 2520/5626/1745 2516/1766/412 2487/1727/373
f 2509/1757/403 2512/1759/405 2519/5627/1746
f 2519/1768/414 2512/6794/1747 2508/1754/400
f 2493/1733/379 2507/1751/397 2513/1753/611
f 2513/5629/1695 2509/1757/403 2494/1736/382
f 2500/1742/388 2506/1744/429 2517/5630/1749
f 2517/1765/411 2506/6793/2407 2502/1748/394
f 2495/1739/385 2498/1741/387 2505/5631/1697
f 2505/1750/432 2498/6792/1751 2494/1736/382
f 2493/1733/379 2499/1735/606 2468/5632/2380
f 2499/5633/1752 2495/1739/385 2466/1700/346
f 2473/1709/355 2475/1711/357 2503/5634/1701
f 2475/5635/1753 2472/1706/352 2501/1745/391
f 2521/1769/343 2527/1771/416 2538/5636/2381
f 2538/1792/366 2527/6795/1741 2523/1775/349
f 2522/1772/346 2528/1778/352 2534/1780/354
f 2534/5638/1742 2530/1784/358 2523/1775/349
f 2529/1781/355 2542/1796/370 2548/1798/423
f 2548/5640/1686 2544/1802/376 2530/1784/358
f 2537/1793/367 2540/1795/369 2547/5641/1687
f 2547/1804/426 2540/6796/1688 2536/1790/364
f 2535/1787/361 2541/1789/422 2566/5642/1744
f 2541/5643/1690 2537/1793/367 2564/1826/400
f 2570/1832/406 2576/1834/408 2545/5644/1691
f 2576/5645/1745 2572/1838/412 2543/1799/373
f 2565/1829/403 2568/1831/405 2575/5646/1746
f 2575/1840/414 2568/6799/1747 2564/1826/400
f 2549/1805/379 2563/1823/397 2569/1825/611
f 2569/5648/1695 2565/1829/403 2550/1808/382
f 2556/1814/388 2562/1816/429 2573/5649/1749
f 2573/1837/411 2562/6798/2407 2558/1820/394
f 2551/1811/385 2554/1813/387 2561/5650/1697
f 2561/1822/432 2554/6797/1751 2550/1808/382
f 2549/1805/379 2555/1807/606 2524/5651/2380
f 2555/5652/1752 2551/1811/385 2522/1772/346
f 2529/1781/355 2531/1783/357 2559/5653/1701
f 2531/5654/1753 2528/1778/352 2557/1817/391
f 2577/1841/343 2583/1843/416 2594/5655/2381
f 2594/1864/366 2583/6800/1741 2579/1847/349
f 2578/1844/346 2584/1850/352 2590/1852/354
f 2590/5657/1742 2586/1856/358 2579/1847/349
f 2585/1853/355 2598/1868/370 2604/1870/423
f 2604/5659/1686 2600/1874/376 2586/1856/358
f 2593/1865/367 2596/1867/369 2603/5660/1687
f 2603/1876/426 2596/6801/1688 2592/1862/364
f 2591/1859/361 2597/1861/422 2622/5661/1744
f 2597/5662/1690 2593/1865/367 2620/1898/400
f 2626/1904/406 2632/1906/408 2601/5663/1691
f 2632/5664/1745 2628/1910/412 2599/1871/373
f 2621/1901/403 2624/1903/405 2631/5665/1746
f 2631/1912/414 2624/6804/1747 2620/1898/400
f 2605/1877/379 2619/1895/397 2625/1897/611
f 2625/5667/1695 2621/1901/403 2606/1880/382
f 2612/1886/388 2618/1888/429 2629/5668/1749
f 2629/1909/411 2618/6803/1750 2614/1892/394
f 2607/1883/385 2610/1885/387 2617/5669/1697
f 2617/1894/432 2610/6802/1751 2606/1880/382
f 2605/1877/379 2611/1879/606 2580/5670/2380
f 2611/5671/1752 2607/1883/385 2578/1844/346
f 2585/1853/355 2587/1855/357 2615/5672/1701
f 2587/5673/1753 2584/1850/352 2613/1889/391
f 2633/1913/343 2639/1915/416 2650/5674/2381
f 2650/1936/366 2639/6805/1741 2635/1919/349
f 2634/1916/346 2640/1922/352 2646/1924/354
f 2646/5676/1742 2642/1928/358 2635/1919/349
f 2654/1940/370 2660/1942/423 2645/5677/1743
f 2660/5678/1686 2656/1946/376 2642/1928/358
f 2649/1937/367 2652/1939/369 2659/5679/1687
f 2659/1948/426 2652/6806/1688 2648/1934/364
f 2647/1931/361 2653/1933/422 2678/5680/1744
f 2653/5681/1690 2649/1937/367 2676/1970/400
f 2682/1976/406 2688/1978/408 2657/5682/1691
f 2657/1945/425 2688/6811/1745 2684/1982/412
f 2677/1973/403 2680/1975/405 2687/5683/1746
f 2687/1984/414 2680/6810/1747 2676/1970/400
f 2675/1967/397 2681/1969/399 2664/5684/2383
f 2681/5685/1695 2677/1973/403 2662/1952/382
f 2668/1958/388 2674/1960/429 2685/5686/1749
f 2685/1981/411 2674/6809/1750 2670/1964/394
f 2663/1955/385 2666/1957/387 2673/5687/1697
f 2673/1966/432 2666/6807/1751 2662/1952/382
f 2661/1949/379 2667/1951/606 2636/5688/2380
f 2636/1918/417 2667/6808/1752 2663/1955/385
f 2641/1925/355 2643/1927/357 2671/5689/1701
f 2643/5690/1753 2640/1922/352 2669/1961/391
f 2689/1985/343 2695/1987/416 2706/5691/2381
f 2706/2008/366 2695/6812/1741 2691/1991/349
f 2690/1988/346 2696/1994/352 2702/1996/354
f 2702/5693/1742 2698/2000/358 2691/1991/349
f 2697/1997/355 2710/2012/370 2716/2014/423
f 2716/5695/1686 2712/2018/376 2698/2000/358
f 2705/2009/367 2708/2011/369 2715/5696/1687
f 2715/2020/426 2708/6813/1688 2704/2006/364
f 2703/2003/361 2709/2005/422 2734/5697/1744
f 2709/5698/1690 2705/2009/367 2732/2042/400
f 2738/2048/406 2744/2050/408 2713/5699/1691
f 2744/5700/1745 2740/2054/412 2711/2015/373
f 2733/2045/403 2736/2047/405 2743/5701/1746
f 2743/2056/414 2736/6816/1747 2732/2042/400
f 2731/2039/397 2737/2041/399 2720/5702/1748
f 2737/5703/2384 2733/2045/403 2718/2024/382
f 2724/2030/388 2730/2032/429 2741/5704/1749
f 2741/2053/632 2730/6815/2407 2726/2036/394
f 2719/2027/385 2722/2029/387 2729/5705/1697
f 2729/2038/432 2722/6814/1751 2718/2024/382
f 2717/2021/379 2723/2023/606 2692/5706/2380
f 2723/5707/1752 2719/2027/385 2690/1988/346
f 2697/1997/355 2699/1999/357 2727/5708/1701
f 2699/5709/1753 2696/1994/352 2725/2033/391
f 2745/2057/343 2751/2059/416 2762/5710/2381
f 2762/2080/366 2751/6817/1741 2747/2063/349
f 2746/2060/346 2752/2066/352 2758/2068/354
f 2758/5712/1742 2754/2072/358 2747/2063/349
f 2766/2084/370 2772/2086/423 2757/5713/1743
f 2772/5714/1686 2768/2090/376 2754/2072/358
f 2761/2081/367 2764/2083/369 2771/5715/1687
f 2771/2092/426 2764/6818/1688 2760/2078/364
f 2759/2075/361 2765/2077/422 2790/5716/1744
f 2765/5717/1690 2761/2081/367 2788/2114/400
f 2794/2120/406 2800/2122/408 2769/5718/1691
f 2769/2089/425 2800/6823/1745 2796/2126/412
f 2789/2117/403 2792/2119/405 2799/5719/1746
f 2799/2128/414 2792/6822/1747 2788/2114/400
f 2773/2093/379 2787/2111/397 2793/2113/611
f 2793/5721/1695 2789/2117/403 2774/2096/382
f 2794/2120/406 2780/2102/388 2786/2104/429
f 2797/2125/411 2786/6821/1750 2782/2108/394
f 2775/2099/385 2778/2101/387 2785/5723/1697
f 2785/2110/432 2778/6819/1751 2774/2096/382
f 2773/2093/379 2779/2095/606 2748/5724/2380
f 2748/2062/417 2779/6820/1752 2775/2099/385
f 2753/2069/355 2755/2071/357 2783/5725/1701
f 2755/5726/1753 2752/2066/352 2781/2105/391
f 2816/2150/655 2818/2149/654 2807/2135/640
f 2807/2131/636 2818/6826/2598 2815/2145/650
f 2809/2142/647 2811/2141/646 2828/2159/664
f 2811/5727/2385 2808/2137/642 2822/2153/658
f 2810/2144/649 2813/2140/645 2806/2132/637
f 2813/2140/645 2809/2142/647 2803/2136/641
f 2817/2152/657 2820/2148/653 2827/2156/661
f 2820/2148/653 2816/2150/655 2824/2160/665
f 2830/2166/671 2832/2165/670 2821/5728/656
f 2832/5730/2386 2829/2161/666 2815/2145/650
f 2838/2176/681 2823/6609/663 2825/5731/662
f 2825/5732/2387 2822/2153/658 2836/2169/674
f 2831/2168/673 2834/2164/669 2841/2172/677
f 2834/2164/669 2830/2166/671 2838/2176/681
f 2844/2182/687 2846/2181/686 2835/2167/672
f 2846/5733/2388 2843/2177/682 2829/2161/666
f 2837/2174/679 2839/2173/678 2856/2191/696
f 2856/2187/692 2839/6830/2602 2836/2169/674
f 2845/2184/689 2848/2180/685 2855/2188/693
f 2848/2180/685 2844/2182/687 2852/2192/697
f 2858/2198/703 2860/2197/702 2849/2183/688
f 2849/2179/684 2860/6834/2606 2857/2193/698
f 2851/2190/695 2853/2189/694 2870/2207/712
f 2853/5734/2389 2850/2185/690 2864/2201/706
f 2859/2200/705 2862/2196/701 2869/2204/709
f 2862/2196/701 2858/2198/703 2866/2208/713
f 2872/2214/719 2874/2213/718 2863/5735/704
f 2874/5737/2390 2871/2209/714 2857/2193/698
f 2880/2224/729 2865/6610/711 2867/5738/710
f 2867/5739/2391 2864/2201/706 2878/2217/722
f 2873/2216/721 2876/2212/717 2883/2220/725
f 2876/2212/717 2872/2214/719 2880/2224/729
f 2886/2230/735 2888/2229/734 2877/2215/720
f 2888/5740/2392 2885/2225/730 2871/2209/714
f 2879/2222/727 2881/2221/726 2898/2239/744
f 2898/2235/740 2881/6838/2610 2878/2217/722
f 2887/2232/737 2890/2228/733 2897/2236/741
f 2890/2228/733 2886/2230/735 2894/2240/745
f 2900/2246/751 2902/2245/750 2891/2231/736
f 2891/2227/732 2902/6842/2614 2899/2241/746
f 2893/2238/743 2895/2237/742 2912/2255/760
f 2895/5741/2393 2892/2233/738 2906/2249/754
f 2901/2248/753 2904/2244/749 2911/2252/757
f 2904/2244/749 2900/2246/751 2908/2256/761
f 2914/5742/767 2916/7030/766 2905/2247/752
f 2916/5743/2394 2913/2257/762 2899/2241/746
f 2922/5744/777 2907/2254/759 2909/2253/758
f 2909/5746/2395 2906/2249/754 2920/2265/770
f 2915/2264/769 2918/2260/765 2925/2268/773
f 2918/2260/765 2914/2262/767 2922/2272/777
f 2928/2278/783 2930/2277/782 2919/2263/768
f 2930/5747/2396 2927/2273/778 2913/2257/762
f 2921/2270/775 2923/2269/774 2940/2287/792
f 2940/2283/788 2923/6846/2618 2920/2265/770
f 2929/2280/785 2932/2276/781 2939/2284/789
f 2932/2276/781 2928/2278/783 2936/2288/793
f 2942/2294/799 2944/2293/798 2933/2279/784
f 2933/2275/780 2944/6850/2622 2941/2289/794
f 2935/2286/791 2937/2285/790 2954/2303/808
f 2937/5748/2397 2934/2281/786 2948/2297/802
f 2943/2296/801 2946/2292/797 2953/2300/805
f 2946/2292/797 2942/2294/799 2950/2304/809
f 2956/5749/815 2958/7031/814 2947/2295/800
f 2958/5750/2398 2955/2305/810 2941/2289/794
f 2964/5751/825 2949/2302/807 2951/2301/806
f 2951/5753/2399 2948/2297/802 2962/2313/818
f 2957/2312/817 2960/2308/813 2967/2316/821
f 2960/2308/813 2956/2310/815 2964/2320/825
f 2802/2134/639 2804/2133/638 2961/2311/816
f 2804/5754/2400 2801/2129/634 2955/2305/810
f 2963/2318/823 2965/2317/822 2814/2143/648
f 2814/2139/644 2965/6854/2626 2962/2313/818
f 2983/2339/361 2969/2321/343 2975/2323/826
f 2975/5756/2402 2971/2327/349 2984/2342/364
f 2976/2330/352 2982/2332/354 2974/5757/1683
f 2982/5758/1742 2978/2336/358 2971/2327/349
f 2990/2348/370 2996/2350/830 2981/5759/2403
f 2981/2338/615 2996/6857/2382 2992/2354/376
f 2985/2345/367 2988/2347/369 2995/5760/2404
f 2995/2356/378 2988/6856/2628 2984/2342/364
f 2983/2339/361 2989/2341/363 3014/5761/1689
f 2989/5762/1690 2985/2345/367 3012/2378/400
f 3018/2384/406 3024/2386/838 2993/5763/2405
f 3024/5764/1745 3020/2390/412 2991/2351/373
f 3013/2381/403 3016/2383/836 3023/5765/1693
f 3016/5766/1747 3012/2378/400 3020/2390/412
f 3011/2375/397 3017/2377/834 3000/5767/2383
f 3000/2362/630 3017/6858/2384 3013/2381/403
f 3018/2384/406 3004/2366/388 3010/2368/833
f 3010/5769/2407 3006/2372/394 3019/2387/409
f 2999/2363/385 3002/2365/387 3009/5770/1697
f 3002/5771/1698 2998/2360/382 3006/2372/394
f 2997/2357/379 3003/2359/381 2972/5772/1699
f 3003/5773/1752 2999/2363/385 2970/2324/346
f 2977/2333/355 2979/2335/357 3007/5774/1701
f 2979/5775/1753 2976/2330/352 3005/2369/391
f 3039/2411/361 3025/2393/343 3031/2395/826
f 3031/5777/1741 3027/2399/349 3040/2414/364
f 3026/2396/346 3032/2402/352 3038/2404/354
f 3038/5779/1742 3034/2408/358 3027/2399/349
f 3046/2420/370 3052/2422/830 3037/5780/2403
f 3037/2410/615 3052/6860/2382 3048/2426/376
f 3041/2417/367 3044/2419/369 3051/5781/1687
f 3051/2428/426 3044/6859/1688 3040/2414/364
f 3039/2411/361 3045/2413/363 3070/5782/1689
f 3045/5783/2408 3041/2417/367 3068/2450/400
f 3074/2456/406 3080/2458/838 3049/5784/2405
f 3080/5785/1745 3076/2462/412 3047/2423/373
f 3069/2453/403 3072/2455/405 3079/5786/1746
f 3079/2464/414 3072/6862/1747 3068/2450/400
f 3067/2447/397 3073/2449/834 3056/5787/2383
f 3056/2434/384 3073/6863/1695 3069/2453/403
f 3074/2456/406 3060/2438/388 3066/2440/833
f 3066/5789/2407 3062/2444/394 3075/2459/409
f 3055/2435/385 3058/2437/387 3065/5790/1697
f 3065/2446/432 3058/6861/1698 3054/2432/382
f 3053/2429/379 3059/2431/606 3028/5791/2380
f 3059/5792/1700 3055/2435/385 3026/2396/346
f 3060/2438/388 3033/2405/355 3035/2407/844
f 3035/5794/1753 3032/2402/352 3061/2441/391
f 3088/5795/2410 3090/7032/2413 3087/2467/853
f 3087/2467/853 3090/7032/2413 3089/5796/2411
f 3091/5797/2412 3093/5803/14 3090/5798/2413
f 3090/5798/2413 3093/5803/14 3092/5800/2414
f 3091/5797/2412 3094/6615/2416 3096/5802/2415
f 3096/5802/2415 3095/6613/2417 3092/5800/2414
f 3094/5804/2416 3098/2475/861 3100/2476/862
f 3100/2476/862 3097/2472/858 3095/5806/2417
f 3111/5807/2418 3113/7033/2421 3107/2483/869
f 3107/2483/869 3113/7033/2421 3112/5808/2419
f 3114/5809/2420 3116/5816/2424 3113/5810/2421
f 3113/5812/2421 3116/5818/2424 3115/5813/2422
f 3114/5809/2420 3117/6622/2425 3119/5815/2423
f 3119/5817/2423 3118/6616/2426 3115/5813/2422
f 3117/5819/2425 3120/2486/872 3126/2488/874
f 3126/2488/874 3122/2491/877 3118/5821/2426
f 3098/2475/861 3122/2491/877 3125/2492/878
f 3102/2478/864 3125/2492/878 3121/2489/875
f 3106/2484/870 3109/2485/871 3086/2471/857
f 3086/2471/857 3109/2485/871 3105/2482/868
f 3134/5822/2427 3136/5828/2430 3130/5823/883
f 3130/5823/883 3136/5828/2430 3135/5825/2428
f 3137/5827/2429 3139/5831/29 3136/5828/2430
f 3136/5828/2430 3139/5831/29 3138/5829/2431
f 3137/5827/2429 3140/6625/2433 3142/5830/2432
f 3142/5830/2432 3141/6621/2434 3138/5829/2431
f 3140/5832/2433 3143/2500/886 3149/2502/888
f 3149/2502/888 3145/2505/891 3141/5834/2434
f 3106/2484/870 3129/2498/884 3132/2499/885
f 3132/2499/885 3128/2496/882 3104/2479/865
f 3121/2489/875 3123/2490/876 3148/2506/892
f 3123/2490/876 3120/2486/872 3145/2505/891
f 3157/5835/2435 3159/7034/2438 3153/2511/897
f 3153/2511/897 3159/7034/2438 3158/5836/2436
f 3160/5837/2437 3162/5844/2441 3159/5838/2438
f 3159/5840/2438 3162/5846/2441 3161/5841/2439
f 3160/5837/2437 3163/6628/2442 3165/5843/2440
f 3165/5845/2440 3164/6624/2443 3161/5841/2439
f 3163/5847/2442 3166/2514/900 3172/2516/902
f 3172/2516/902 3168/2519/905 3164/5849/2443
f 3144/2503/889 3146/2504/890 3171/2520/906
f 3146/2504/890 3143/2500/886 3168/2519/905
f 3151/2510/896 3127/2493/879 3133/2495/881
f 3155/2513/899 3133/2495/881 3129/2498/884
f 3180/5850/2444 3182/7035/2447 3176/2525/911
f 3176/2525/911 3182/7035/2447 3181/5851/2445
f 3183/5852/2446 3185/5858/46 3182/5853/2447
f 3182/5853/2447 3185/5858/46 3184/5855/2448
f 3183/5852/2446 3186/6630/2450 3188/5857/2449
f 3188/5857/2449 3187/6627/2451 3184/5855/2448
f 3186/5859/2450 3189/2528/914 3195/2530/916
f 3195/2530/916 3191/2533/919 3187/5861/2451
f 3190/2531/917 3167/2517/903 3169/2518/904
f 3169/2518/904 3166/2514/900 3191/2533/919
f 3150/2507/893 3156/2509/895 3178/2527/913
f 3156/2509/895 3152/2512/898 3175/2526/912
f 3203/5862/2452 3205/7036/2455 3199/2539/925
f 3199/2539/925 3205/7036/2455 3204/5863/2453
f 3206/5864/2454 3208/5871/2458 3205/5865/2455
f 3205/5867/2455 3208/5873/2458 3207/5868/2456
f 3206/5864/2454 3209/6633/2459 3211/5870/2457
f 3211/5872/2457 3210/6629/2460 3207/5868/2456
f 3209/5874/2459 3212/2542/928 3218/2544/930
f 3218/2544/930 3214/2547/933 3210/5876/2460
f 3190/2531/917 3192/2532/918 3217/2548/934
f 3217/2548/934 3192/2532/918 3189/2528/914
f 3173/2521/907 3179/2523/909 3201/2541/927
f 3179/2523/909 3175/2526/912 3198/2540/926
f 3226/5877/2461 3228/7037/2464 3222/2553/939
f 3222/2553/939 3228/7037/2464 3227/5878/2462
f 3229/5879/2463 3231/5885/69 3228/5880/2464
f 3228/5880/2464 3231/5885/69 3230/5882/2465
f 3229/5879/2463 3232/5886/2467 3234/5884/2466
f 3234/5884/2466 3233/5888/2468 3230/5882/2465
f 3232/5886/2467 3235/6638/942 3241/5887/944
f 3241/5887/944 3237/6635/947 3233/5888/2468
f 3236/2559/945 3213/2545/931 3215/2546/932
f 3240/2562/948 3215/2546/932 3212/2542/928
f 3196/2535/921 3202/2537/923 3224/2555/941
f 3202/2537/923 3198/2540/926 3221/2554/940
f 3249/5889/2469 3251/7038/2472 3245/2567/953
f 3245/2567/953 3251/7038/2472 3250/5890/2470
f 3252/5891/2471 3254/5898/2475 3251/5892/2472
f 3251/5894/2472 3254/5900/2475 3253/5895/2473
f 3252/5891/2471 3255/6614/2476 3257/5897/2474
f 3257/5899/2474 3256/6636/2477 3253/5895/2473
f 3255/5901/2476 3258/2570/956 3264/2572/958
f 3264/2572/958 3260/2575/961 3256/5903/2477
f 3243/2566/952 3219/2549/935 3225/2551/937
f 3225/2551/937 3221/2554/940 3244/2568/954
f 3260/2575/961 3263/2576/962 3238/2560/946
f 3263/2576/962 3259/2573/959 3236/2559/945
f 3081/2465/851 3242/2563/949 3248/2565/951
f 3084/2469/855 3248/2565/951 3244/2568/954
f 3097/2472/858 3103/2474/860 3261/2574/960
f 3103/2474/860 3099/2477/863 3259/2573/959
f 3272/5904/2410 3274/7039/2413 3271/2579/853
f 3271/2579/853 3274/7039/2413 3273/5905/2411
f 3275/5906/2412 3277/5912/14 3274/5907/2413
f 3274/5907/2413 3277/5912/14 3276/5909/2414
f 3275/5906/2412 3278/6644/2416 3280/5911/2415
f 3280/5911/2415 3279/6641/2417 3276/5909/2414
f 3278/5913/2416 3282/2587/861 3284/2588/862
f 3284/2588/862 3281/2584/858 3279/5915/2417
f 3295/5916/2418 3297/7040/2421 3291/2595/869
f 3291/2595/869 3297/7040/2421 3296/5917/2419
f 3298/5918/2420 3300/5925/2424 3297/5919/2421
f 3297/5921/2421 3300/5927/2424 3299/5922/2422
f 3298/5918/2420 3301/6650/2425 3303/5924/2423
f 3303/5926/2423 3302/6643/2426 3299/5922/2422
f 3301/5928/2425 3304/2598/872 3310/2600/874
f 3310/2600/874 3306/2603/877 3302/5930/2426
f 3282/2587/861 3306/2603/877 3309/2604/878
f 3286/2590/864 3309/2604/878 3305/2601/875
f 3290/2596/870 3293/2597/871 3270/2583/857
f 3293/2597/871 3289/2594/868 3267/2582/856
f 3318/5931/2427 3320/5937/2430 3314/5932/883
f 3314/5932/883 3320/5937/2430 3319/5934/2428
f 3321/5936/2429 3323/5940/29 3320/5937/2430
f 3320/5937/2430 3323/5940/29 3322/5938/2431
f 3321/5936/2429 3324/6653/2433 3326/5939/2432
f 3326/5939/2432 3325/6649/2434 3322/5938/2431
f 3324/5941/2433 3327/2612/886 3333/2614/888
f 3333/2614/888 3329/2617/891 3325/5943/2434
f 3290/2596/870 3313/2610/884 3316/2611/885
f 3316/2611/885 3312/2608/882 3288/2591/865
f 3305/2601/875 3307/2602/876 3332/2618/892
f 3307/2602/876 3304/2598/872 3329/2617/891
f 3341/5944/2435 3343/7041/2438 3337/2623/897
f 3337/2623/897 3343/7041/2438 3342/5945/2436
f 3344/5946/2437 3346/5953/2441 3343/5947/2438
f 3343/5949/2438 3346/5955/2441 3345/5950/2439
f 3344/5946/2437 3347/6655/2442 3349/5952/2440
f 3349/5954/2440 3348/6652/2443 3345/5950/2439
f 3347/5956/2442 3350/2626/900 3356/2628/902
f 3356/2628/902 3352/2631/905 3348/5958/2443
f 3328/2615/889 3330/2616/890 3355/2632/906
f 3330/2616/890 3327/2612/886 3352/2631/905
f 3335/2622/896 3311/2605/963 3317/2607/881
f 3339/2625/899 3317/2607/881 3313/2610/884
f 3364/5959/2444 3366/7042/2447 3360/2637/911
f 3360/2637/911 3366/7042/2447 3365/5960/2478
f 3367/5961/2446 3369/5967/46 3366/5962/2447
f 3366/5962/2447 3369/5967/46 3368/5964/2448
f 3367/5961/2446 3370/6658/2450 3372/5966/2449
f 3372/5966/2449 3371/6656/2451 3368/5964/2448
f 3370/5968/2450 3373/2640/968 3379/2642/916
f 3379/2642/916 3375/2645/919 3371/5970/2451
f 3351/2629/965 3353/2630/904 3378/2646/920
f 3353/2630/904 3350/2626/900 3375/2645/919
f 3358/2636/967 3334/2619/964 3340/2621/895
f 3340/2621/895 3336/2624/898 3359/2638/912
f 3387/5971/2452 3389/7043/2455 3383/2651/925
f 3383/2651/925 3389/7043/2455 3388/5972/2453
f 3390/5973/2454 3392/5980/2458 3389/5974/2455
f 3389/5976/2455 3392/5982/2458 3391/5977/2456
f 3390/5973/2454 3393/6661/2459 3395/5979/2457
f 3395/5981/2457 3394/6657/2460 3391/5977/2456
f 3393/5983/2459 3396/2654/969 3402/2656/930
f 3402/2656/930 3398/2659/971 3394/5985/2460
f 3374/2643/917 3376/2644/918 3401/2660/934
f 3376/2644/918 3373/2640/968 3398/2659/971
f 3381/2650/924 3357/2633/966 3363/2635/909
f 3363/2635/909 3359/2638/912 3382/2652/926
f 3410/5986/2461 3412/7044/2464 3406/2665/939
f 3406/2665/939 3412/7044/2464 3411/5987/2462
f 3413/5988/2463 3415/5994/69 3412/5989/2464
f 3412/5989/2464 3415/5994/69 3414/5991/2465
f 3413/5988/2463 3416/5995/2467 3418/5993/2466
f 3418/5993/2466 3417/5997/2468 3414/5991/2465
f 3416/5995/2467 3419/6665/974 3425/5996/944
f 3425/5996/944 3421/6663/947 3417/5997/2468
f 3420/2671/945 3397/2657/931 3399/2658/970
f 3399/2658/970 3396/2654/969 3421/2673/947
f 3380/2647/921 3386/2649/923 3408/2667/941
f 3386/2649/923 3382/2652/926 3405/2666/940
f 3433/5998/2469 3435/7045/2472 3429/2679/953
f 3429/2679/953 3435/7045/2472 3434/5999/2470
f 3436/6000/2471 3438/6007/2475 3435/6001/2472
f 3435/6003/2472 3438/6009/2475 3437/6004/2473
f 3436/6000/2471 3439/6642/2476 3441/6006/2474
f 3441/6008/2474 3440/6664/2477 3437/6004/2473
f 3439/6010/2476 3442/2682/956 3448/2684/958
f 3448/2684/958 3444/2687/976 3440/6012/2477
f 3403/2661/972 3409/2663/937 3431/2681/955
f 3431/2681/955 3409/2663/937 3405/2666/940
f 3444/2687/976 3447/2688/962 3422/2672/946
f 3447/2688/962 3443/2685/959 3420/2671/945
f 3265/2577/851 3426/2675/949 3432/2677/951
f 3268/2581/855 3432/2677/951 3428/2680/954
f 3281/2584/858 3287/2586/860 3445/2686/960
f 3287/2586/860 3283/2589/863 3443/2685/959
f 3463/2707/361 3449/2689/343 3455/2691/977
f 3455/6014/1741 3451/2695/349 3464/2710/364
f 3456/2698/352 3462/2700/354 3454/6015/2479
f 3454/2697/351 3462/6864/1742 3458/2704/358
f 3470/2716/370 3476/2718/830 3461/6016/2403
f 3476/6017/2382 3472/2722/376 3458/2704/358
f 3471/2719/373 3465/2713/367 3468/2715/979
f 3468/6019/1688 3464/2710/364 3472/2722/376
f 3463/2707/361 3469/2709/363 3494/6020/1689
f 3469/6021/2408 3465/2713/367 3492/2746/400
f 3498/2752/406 3504/2754/408 3473/6022/1691
f 3504/6023/1745 3500/2758/412 3471/2719/373
f 3499/2755/409 3493/2749/403 3496/2751/405
f 3496/6025/2480 3492/2746/400 3500/2758/412
f 3491/2743/397 3497/2745/834 3480/6026/2481
f 3497/6027/1695 3493/2749/403 3478/2728/382
f 3498/2752/406 3484/2734/388 3490/2736/833
f 3490/6029/2407 3486/2740/394 3499/2755/409
f 3485/2737/391 3479/2731/385 3482/2733/980
f 3482/6031/1698 3478/2728/382 3486/2740/394
f 3477/2725/379 3483/2727/606 3452/6032/2380
f 3483/6033/1700 3479/2731/385 3450/2692/346
f 3457/2701/355 3459/2703/357 3487/6034/1701
f 3459/6035/1753 3456/2698/352 3485/2737/391
f 3505/2761/343 3511/2763/826 3522/6036/2482
f 3522/2784/617 3511/6865/1741 3507/2767/349
f 3512/2770/352 3518/2772/354 3510/6037/1683
f 3518/6038/1742 3514/2776/358 3507/2767/349
f 3513/2773/355 3526/2788/370 3532/2790/830
f 3532/6040/1686 3528/2794/376 3514/2776/358
f 3521/2785/367 3524/2787/369 3531/6041/1687
f 3524/6042/1688 3520/2782/364 3528/2794/376
f 3519/2779/361 3525/2781/422 3550/6043/1744
f 3525/6044/2408 3521/2785/367 3548/2818/400
f 3554/2824/406 3560/2826/408 3529/6045/1691
f 3560/6046/1692 3556/2830/412 3527/2791/373
f 3549/2821/403 3552/2823/405 3559/6047/1746
f 3552/6048/1747 3548/2818/400 3556/2830/412
f 3533/2797/379 3547/2815/397 3553/2817/983
f 3553/6050/2384 3549/2821/403 3534/2800/382
f 3540/2806/388 3546/2808/833 3557/6051/2406
f 3557/2829/411 3546/6866/1750 3542/2812/394
f 3535/2803/385 3538/2805/387 3545/6052/1697
f 3538/6053/1751 3534/2800/382 3542/2812/394
f 3533/2797/379 3539/2799/381 3508/6054/1699
f 3539/6055/1752 3535/2803/385 3506/2764/346
f 3513/2773/355 3515/2775/844 3543/6056/2409
f 3515/6057/1753 3512/2770/352 3541/2809/391
f 3585/6058/2483 3587/7046/2485 3581/2851/869
f 3581/2851/869 3587/7046/2485 3586/6059/2484
f 3588/6060/2420 3590/6067/2424 3587/6061/2485
f 3587/6063/2485 3590/6069/2424 3589/6064/2422
f 3588/6060/2420 3591/6675/2487 3593/6066/2486
f 3593/6068/2486 3592/6669/2488 3589/6064/2422
f 3591/6070/2487 3594/2854/994 3600/2856/995
f 3600/2856/995 3596/2859/997 3592/6072/2488
f 3571/2840/987 3596/2859/997 3599/2860/998
f 3574/2844/988 3599/2860/998 3595/2857/875
f 3580/2852/870 3583/2853/993 3567/2835/857
f 3567/2835/857 3583/2853/993 3579/2850/992
f 3608/6073/2489 3610/6079/2491 3604/6074/883
f 3604/6074/883 3610/6079/2491 3609/6076/2490
f 3611/6078/2429 3613/6082/29 3610/6079/2491
f 3610/6079/2491 3613/6082/29 3612/6080/2431
f 3611/6078/2429 3614/6679/2493 3616/6081/2492
f 3616/6081/2492 3615/6676/2494 3612/6080/2431
f 3614/6083/2493 3617/2868/886 3623/2870/1003
f 3623/2870/1003 3619/2873/891 3615/6085/2494
f 3603/2866/884 3606/2867/885 3584/2849/991
f 3584/2849/991 3606/2867/885 3602/2864/1001
f 3595/2857/875 3597/2858/996 3622/2874/1004
f 3622/2874/1004 3597/2858/996 3594/2854/994
f 3631/6086/2495 3633/7047/2497 3627/2879/897
f 3627/2879/897 3633/7047/2497 3632/6087/2496
f 3634/6088/2437 3636/6095/2441 3633/6089/2497
f 3633/6091/2497 3636/6097/2441 3635/6092/2439
f 3634/6088/2437 3637/6682/2499 3639/6094/2498
f 3639/6096/2498 3638/6678/2500 3635/6092/2439
f 3637/6098/2499 3640/2882/1010 3646/2884/902
f 3646/2884/902 3642/2887/905 3638/6100/2500
f 3618/2871/889 3620/2872/890 3645/2888/1012
f 3645/2888/1012 3620/2872/890 3617/2868/886
f 3625/2878/1007 3601/2861/999 3607/2863/881
f 3629/2881/1009 3607/2863/881 3603/2866/884
f 3654/6101/2501 3656/7048/2503 3650/2893/911
f 3650/6102/911 3656/6106/2503 3655/6103/2502
f 3657/6105/2446 3659/6110/46 3656/6106/2503
f 3656/6106/2503 3659/6110/46 3658/6108/2448
f 3657/6105/2446 3660/6111/2505 3662/6109/2504
f 3662/6109/2504 3661/6681/2506 3658/6108/2448
f 3660/6111/2505 3663/6685/1014 3669/6112/916
f 3669/2898/916 3665/2901/1015 3661/6113/2506
f 3664/2899/917 3641/2885/965 3643/2886/1011
f 3668/2902/1016 3643/2886/1011 3640/2882/1010
f 3648/2892/1013 3624/2875/1005 3630/2877/1006
f 3630/2877/1006 3626/2880/1008 3649/2894/912
f 3677/6115/2507 3679/7049/2509 3673/2907/925
f 3673/2907/925 3679/7049/2509 3678/6116/2508
f 3680/6117/2454 3682/6124/2458 3679/6118/2509
f 3679/6120/2509 3682/6126/2458 3681/6121/2456
f 3680/6117/2454 3683/6686/2511 3685/6123/2510
f 3685/6125/2510 3684/6683/2512 3681/6121/2456
f 3683/6127/2511 3686/2910/928 3692/2912/930
f 3692/2912/930 3688/2915/1023 3684/6129/2512
f 3687/2913/1021 3664/2899/917 3666/2900/918
f 3691/2916/1024 3666/2900/918 3663/2896/1014
f 3671/2906/1019 3647/2889/907 3653/2891/909
f 3675/2909/1020 3653/2891/909 3649/2894/912
f 3700/6130/2513 3702/7050/2515 3696/2921/939
f 3696/2921/939 3702/7050/2515 3701/6131/2514
f 3703/6132/2463 3705/6138/69 3702/6133/2515
f 3702/6133/2515 3705/6138/69 3704/6135/2465
f 3703/6132/2463 3706/6139/2517 3708/6137/2516
f 3708/6137/2516 3707/6141/2518 3704/6135/2465
f 3706/6139/2517 3709/6691/974 3715/6140/1028
f 3715/6140/1028 3711/6687/947 3707/6141/2518
f 3687/2913/1021 3689/2914/1022 3714/2930/1029
f 3714/2930/1029 3689/2914/1022 3686/2910/928
f 3694/2920/1026 3670/2903/1017 3676/2905/1018
f 3698/2923/941 3676/2905/1018 3672/2908/926
f 3723/6142/2519 3725/7051/2521 3719/2935/953
f 3719/2935/953 3725/7051/2521 3724/6143/2520
f 3726/6144/2471 3728/6151/2475 3725/6145/2521
f 3725/6147/2521 3728/6153/2475 3727/6148/2473
f 3726/6144/2471 3729/6668/2523 3731/6150/2522
f 3731/6152/2522 3730/6689/2524 3727/6148/2473
f 3729/6154/2523 3732/2938/1033 3738/2940/958
f 3738/2940/958 3734/2943/1035 3730/6156/2524
f 3717/2934/1032 3693/2917/972 3699/2919/937
f 3721/2937/955 3699/2919/937 3695/2922/940
f 3709/2924/974 3734/2943/1035 3737/2944/962
f 3712/2928/946 3737/2944/962 3733/2941/959
f 3739/6157/2525 3741/6162/2527 3564/6158/853
f 3564/2837/853 3741/7052/2527 3740/6160/2526
f 3568/6161/2412 3570/6166/14 3741/6162/2527
f 3741/6162/2527 3570/6166/14 3569/6163/2414
f 3568/6161/2412 3742/6670/2529 3744/6165/2528
f 3744/6165/2528 3743/6170/2530 3569/6163/2414
f 3742/6167/2529 3571/2840/987 3577/2842/862
f 3577/6169/862 3573/6673/989 3743/6170/2530
f 3562/2836/986 3716/2931/1030 3722/2933/1031
f 3722/2933/1031 3718/2936/954 3563/2838/854
f 3732/2938/1033 3573/2845/989 3576/2846/860
f 3735/2942/1034 3576/2846/860 3572/2843/863
f 3769/6171/2483 3771/7053/2485 3765/2963/869
f 3765/2963/869 3771/7053/2485 3770/6172/2484
f 3772/6173/2420 3774/6180/2424 3771/6174/2485
f 3771/6176/2485 3774/6182/2424 3773/6177/2422
f 3772/6173/2420 3775/6702/2487 3777/6179/2486
f 3777/6181/2486 3776/6695/2488 3773/6177/2422
f 3775/6183/2487 3778/2966/994 3784/2968/995
f 3784/2968/995 3780/2971/997 3776/6185/2488
f 3755/2952/987 3780/2971/997 3783/2972/998
f 3783/2972/998 3779/2969/875 3756/2955/863
f 3747/2950/854 3764/2964/870 3767/2965/993
f 3751/2947/857 3767/2965/993 3763/2962/992
f 3792/6186/2489 3794/6192/2491 3788/6187/883
f 3788/6187/883 3794/6192/2491 3793/6189/2490
f 3795/6191/2429 3797/6195/29 3794/6192/2491
f 3794/6192/2491 3797/6195/29 3796/6193/2431
f 3795/6191/2429 3798/6703/2493 3800/6194/2492
f 3800/6194/2492 3799/6701/2494 3796/6193/2431
f 3798/6196/2493 3801/2980/886 3807/2982/1003
f 3807/2982/1003 3803/2985/891 3799/6198/2494
f 3764/2964/870 3787/2978/884 3790/2979/885
f 3768/2961/991 3790/2979/885 3786/2976/1001
f 3802/2983/889 3779/2969/875 3781/2970/876
f 3806/2986/1004 3781/2970/876 3778/2966/994
f 3815/6199/2495 3817/7054/2497 3811/2991/897
f 3811/2991/897 3817/7054/2497 3816/6200/2496
f 3818/6201/2437 3820/6208/2441 3817/6202/2497
f 3817/6204/2497 3820/6210/2441 3819/6205/2439
f 3818/6201/2437 3821/6707/2499 3823/6207/2498
f 3823/6209/2498 3822/6704/2500 3819/6205/2439
f 3821/6211/2499 3824/2994/1010 3830/2996/902
f 3830/2996/902 3826/2999/905 3822/6213/2500
f 3825/2997/965 3802/2983/889 3804/2984/890
f 3829/3000/906 3804/2984/890 3801/2980/886
f 3809/2990/1007 3785/2973/999 3791/2975/881
f 3813/2993/1009 3791/2975/881 3787/2978/884
f 3838/6214/2501 3840/7055/2503 3834/3005/911
f 3834/6215/911 3840/6219/2503 3839/6216/2502
f 3841/6218/2446 3843/6223/46 3840/6219/2503
f 3840/6219/2503 3843/6223/46 3842/6221/2448
f 3841/6218/2446 3844/6224/2505 3846/6222/2504
f 3846/6222/2504 3845/6706/2506 3842/6221/2448
f 3844/6224/2505 3847/6710/1014 3853/6225/916
f 3853/3010/916 3849/3013/1015 3845/6226/2506
f 3848/3011/917 3825/2997/965 3827/2998/1011
f 3852/3014/1016 3827/2998/1011 3824/2994/1010
f 3832/3004/1013 3808/2987/1005 3814/2989/1006
f 3836/3007/913 3814/2989/1006 3810/2992/1008
f 3861/6228/2507 3863/7056/2509 3857/3019/925
f 3857/3019/925 3863/7056/2509 3862/6229/2508
f 3864/6230/2531 3866/6237/2458 3863/6231/2509
f 3863/6233/2509 3866/6239/2458 3865/6234/2456
f 3864/6230/2531 3867/6711/2511 3869/6236/2510
f 3869/6238/2510 3868/6708/2512 3865/6234/2456
f 3867/6240/2511 3870/3022/928 3876/3024/930
f 3876/3024/930 3872/3027/1023 3868/6242/2512
f 3871/3025/1021 3848/3011/917 3850/3012/918
f 3875/3028/1036 3850/3012/918 3847/3008/1014
f 3855/3018/1019 3831/3001/907 3837/3003/909
f 3859/3021/927 3837/3003/909 3833/3006/912
f 3884/6243/2513 3886/7057/2515 3880/3033/939
f 3880/3033/939 3886/7057/2515 3885/6244/2514
f 3887/6245/2463 3889/6251/69 3886/6246/2515
f 3886/6246/2515 3889/6251/69 3888/6248/2465
f 3887/6245/2463 3890/6252/2517 3892/6250/2516
f 3892/6250/2516 3891/6254/2518 3888/6248/2465
f 3890/6252/2517 3893/6716/974 3899/6253/1028
f 3899/6253/1028 3895/6713/947 3891/6254/2518
f 3894/3039/945 3871/3025/1021 3873/3026/1022
f 3898/3042/1029 3873/3026/1022 3870/3022/928
f 3878/3032/1026 3854/3015/1017 3860/3017/923
f 3882/3035/941 3860/3017/923 3856/3020/926
f 3907/6255/2519 3909/7058/2521 3903/3047/953
f 3903/3047/953 3909/7058/2521 3908/6256/2520
f 3910/6257/2471 3912/6264/2475 3909/6258/2521
f 3909/6260/2521 3912/6266/2475 3911/6261/2473
f 3910/6257/2471 3913/6694/2523 3915/6263/2522
f 3915/6265/2522 3914/6714/2524 3911/6261/2473
f 3913/6267/2523 3916/3050/1033 3922/3052/958
f 3922/3052/958 3918/3055/1035 3914/6269/2524
f 3877/3029/972 3883/3031/937 3905/3049/955
f 3905/3049/955 3883/3031/937 3879/3034/940
f 3893/3036/974 3918/3055/1035 3921/3056/1037
f 3921/3056/1037 3917/3053/959 3894/3039/945
f 3923/6270/2525 3925/6275/2527 3748/6271/853
f 3748/2949/853 3925/7059/2527 3924/6273/2526
f 3752/6274/2412 3754/6279/14 3925/6275/2527
f 3925/6275/2527 3754/6279/14 3753/6276/2414
f 3752/6274/2412 3926/6696/2529 3928/6278/2528
f 3928/6278/2528 3927/6283/2530 3753/6276/2414
f 3926/6280/2529 3755/2952/987 3761/2954/862
f 3761/6282/862 3757/6698/989 3927/6283/2530
f 3746/2948/986 3900/3043/1030 3906/3045/1031
f 3750/2951/855 3906/3045/1031 3902/3048/954
f 3916/3050/1033 3757/2957/989 3760/2958/860
f 3760/2958/860 3756/2955/863 3917/3053/959
f 3929/3059/1040 3939/3058/1039 3955/6284/1064
f 3939/3058/1039 3933/3067/1048 3952/6286/1065
f 3932/3066/1047 3940/3068/1049 3950/3070/1051
f 3938/3064/1045 3950/3070/1051 3944/6287/1059
f 3943/3077/1056 3953/3088/1066 3957/3085/1063
f 3949/3080/1058 3957/3085/1063 3952/3087/1065
f 3941/3073/1054 3945/3072/1053 3985/3112/1089
f 3945/6288/1053 3940/3068/1049 3981/3115/1092
f 3982/6289/1096 3987/6290/1095 3937/3065/1046
f 3987/6290/1095 3981/3115/1092 3932/3066/1047
f 3930/3061/1042 3934/3057/1038 3965/3091/1069
f 3934/3057/1038 3929/3059/1040 3961/3095/1073
f 3954/3090/1068 3962/6717/1074 3967/6291/1072
f 3959/6292/1062 3967/3094/1072 3961/3095/1073
f 3971/6293/1082 3931/3062/1043 3936/3060/1041
f 3975/6294/1080 3936/3060/1041 3930/3061/1042
f 3973/3110/1087 3977/3109/1086 3970/6296/1070
f 3977/6298/1086 3972/6295/1083 3960/3093/1071
f 3983/3121/1097 3988/3118/1094 3979/3104/1081
f 3988/3118/1094 3982/3120/1096 3971/3105/1082
f 3942/6299/1055 3947/3071/1052 4036/3174/1144
f 3947/3071/1052 3941/3073/1054 4032/3175/1145
f 3984/6300/1098 4033/3176/1146 4038/3173/1143
f 3990/3113/1090 4038/3173/1143 4032/3175/1145
f 3991/3127/1102 3999/3126/1101 3948/3078/1057
f 3999/3126/1101 3994/3133/1108 3943/3077/1056
f 3963/3101/1078 3968/3100/1077 4005/3134/1109
f 3968/3100/1077 3962/3096/1074 4001/6301/1112
f 4002/3140/1114 4007/3141/1115 3958/3089/1067
f 4007/3141/1115 4001/3137/1112 3954/3090/1068
f 4011/3148/1120 3974/3111/1088 3978/3108/1085
f 4016/3152/1124 3978/3108/1085 3973/3110/1087
f 3963/3101/1078 4013/3155/1127 4018/3154/1126
f 3969/3099/1076 4018/3154/1126 4012/6302/1123
f 4022/3163/1133 3984/3123/1098 3989/3124/1099
f 4026/3161/1131 3989/3124/1099 3983/3121/1097
f 4035/3181/1150 3992/6719/1103 3995/6303/1100
f 4041/6304/1142 3995/3125/1100 3991/3127/1102
f 3993/3132/1107 4003/3144/1118 4008/3143/1117
f 3998/3130/1105 4008/3143/1117 4002/3140/1114
f 4004/3145/1119 4014/3156/1128 4019/3158/1125
f 4019/3153/1125 4013/3155/1127 4000/3136/1111
f 4024/3168/1138 4028/3167/1137 4021/3150/1122
f 4028/3167/1137 4023/3164/1134 4011/3148/1120
f 4034/3179/1149 4039/3178/1148 4030/6307/1132
f 4039/6309/1148 4033/6718/1146 4022/3163/1133
f 3993/6310/1107 3997/6311/1106 4047/3186/1155
f 3997/6311/1106 3992/6719/1103 4043/3187/1156
f 4044/3189/1158 4049/3185/1154 4040/3177/1147
f 4049/3185/1154 4043/3187/1156 4035/3181/1150
f 4046/3192/1161 4004/3145/1119 4009/3147/1116
f 4052/3184/1153 4009/3147/1116 4003/6312/1118
f 4015/6313/1130 4020/6314/1129 4051/3191/1160
f 4020/6314/1129 4014/3156/1128 4046/3192/1161
f 4044/3189/1158 4025/6308/1139 4029/6315/1136
f 4050/3188/1157 4029/6315/1136 4024/6316/1138
f 4068/3214/1183 4070/3213/1182 4059/6317/2532
f 4059/3195/1164 4070/6877/2629 4067/3209/1178
f 4076/3226/1193 4061/3204/1173 4063/3206/1175
f 4063/6318/2533 4060/3201/1170 4074/3218/1186
f 4054/3196/1165 4062/3207/1176 4065/3208/1177
f 4065/3208/1177 4061/3204/1173 4055/3199/1168
f 4069/3217/1185 4072/3216/1181 4079/3221/1189
f 4072/3212/1181 4068/3214/1183 4076/3226/1193
f 4069/3217/1185 4082/3230/1197 4084/3232/1199
f 4084/6319/2534 4081/3227/1194 4067/3209/1178
f 4075/3223/1191 4077/3222/1190 4094/3241/1208
f 4077/6320/2535 4074/3218/1186 4088/3235/1202
f 4083/3233/1200 4086/3234/1201 4093/3238/1205
f 4093/3238/1205 4086/3234/1201 4082/3230/1197
f 4096/3246/1213 4098/3248/1215 4087/6321/2536
f 4098/6322/2537 4095/3243/1210 4081/3227/1194
f 4089/3240/1207 4091/3239/1206 4108/3258/1224
f 4108/3254/1220 4091/6882/2632 4088/3235/1202
f 4097/3249/1216 4100/3251/1217 4107/3255/1221
f 4107/3259/1221 4100/6884/1217 4096/3246/1213
f 4110/3266/1231 4112/3265/1230 4101/6323/2538
f 4101/3245/1212 4112/6887/2635 4109/3261/1226
f 4103/3257/1223 4105/3256/1222 4122/3275/1240
f 4105/6324/2539 4102/3252/1218 4116/3269/1234
f 4111/3268/1233 4114/3264/1229 4121/3272/1237
f 4114/3264/1229 4110/3266/1231 4118/3276/1241
f 4124/3282/1247 4126/3281/1246 4115/3267/1232
f 4126/6325/2540 4123/3277/1242 4109/3261/1226
f 4117/3274/1239 4119/3273/1238 4136/6326/2541
f 4136/3288/1252 4119/6889/2637 4116/3269/1234
f 4131/3289/1253 4125/3285/1249 4128/3284/1245
f 4128/3280/1245 4124/3282/1247 4132/3292/1256
f 4138/3300/1263 4140/3299/1262 4129/3283/1248
f 4129/3279/1244 4140/6893/2640 4137/3295/1258
f 4131/3289/1253 4133/3291/1255 4150/6328/2542
f 4133/6329/2543 4130/3286/1250 4144/3303/1266
f 4145/3306/1269 4139/3302/1265 4142/3298/1261
f 4142/3298/1261 4138/3300/1263 4146/3309/1272
f 4152/3316/1279 4154/3315/1278 4143/3301/1264
f 4154/6330/2544 4151/3311/1274 4137/3295/1258
f 4160/3328/1289 4145/3306/1269 4147/3308/1271
f 4147/6331/2545 4144/3303/1266 4158/3320/1282
f 4153/3319/1281 4156/3318/1277 4163/3323/1285
f 4156/3314/1277 4152/3316/1279 4160/3328/1289
f 4153/3319/1281 4054/3196/1165 4056/3198/1167
f 4056/6332/2546 4053/3193/1162 4151/3311/1274
f 4159/3325/1287 4161/3324/1286 4066/6333/2547
f 4066/3203/1172 4161/6897/2643 4158/3320/1282
f 4167/3336/1297 4180/3348/1309 4182/3350/1311
f 4182/6334/2548 4179/3345/1306 4165/3329/1290
f 4173/3342/1303 4175/3341/1302 4192/6335/2549
f 4192/3356/1316 4175/6902/2647 4172/3337/1298
f 4174/3344/1305 4177/3340/1301 4170/3332/1293
f 4177/3340/1301 4173/3342/1303 4167/3336/1297
f 4187/3357/1317 4181/3351/1312 4184/3353/1313
f 4184/6337/1313 4180/3348/1309 4188/3360/1320
f 4194/3368/1327 4196/3367/1326 4185/6338/2550
f 4185/3347/1308 4196/6904/2649 4193/3363/1322
f 4202/3378/1337 4187/3357/1317 4189/3359/1319
f 4189/6339/2551 4186/3354/1314 4200/3371/1330
f 4195/3370/1329 4198/3366/1325 4205/3374/1333
f 4198/3366/1325 4194/3368/1327 4202/3378/1337
f 4195/3370/1329 4208/3382/1341 4210/3384/1343
f 4210/6340/2552 4207/3379/1338 4193/3363/1322
f 4201/3376/1335 4203/3375/1334 4220/6341/2553
f 4220/3390/1348 4203/6906/2651 4200/3371/1330
f 4215/3391/1349 4209/3385/1344 4212/3387/1345
f 4212/6343/1345 4208/3382/1341 4216/3394/1352
f 4222/3402/1359 4224/3401/1358 4213/6344/2554
f 4213/3381/1340 4224/6908/2653 4221/3397/1354
f 4230/3412/1369 4215/3391/1349 4217/3393/1351
f 4217/6345/2555 4214/3388/1346 4228/3405/1362
f 4223/3404/1361 4226/3400/1357 4233/3408/1365
f 4226/3400/1357 4222/3402/1359 4230/3412/1369
f 4223/3404/1361 4236/3416/1373 4238/3418/1375
f 4238/6346/2556 4235/3413/1370 4221/3397/1354
f 4229/3410/1367 4231/3409/1366 4248/6347/2557
f 4248/3424/1380 4231/6910/2655 4228/3405/1362
f 4237/3419/1376 4240/3421/1377 4247/6348/1385
f 4240/6349/1377 4236/3416/1373 4244/3428/1384
f 4250/3436/1391 4252/3435/1390 4241/6350/2558
f 4241/3415/1372 4252/6912/2657 4249/3431/1386
f 4258/3446/1401 4243/3425/1381 4245/3427/1383
f 4245/6351/2559 4242/3422/1378 4256/3439/1394
f 4251/3438/1393 4254/3434/1389 4261/3442/1397
f 4254/3434/1389 4250/3436/1391 4258/3446/1401
f 4251/3438/1393 4264/3450/1405 4266/3452/1407
f 4266/6352/2560 4263/3447/1402 4249/3431/1386
f 4257/3444/1399 4259/3443/1398 4276/6353/2561
f 4276/3458/1412 4259/6914/2659 4256/3439/1394
f 4271/3459/1413 4265/3453/1408 4268/3455/1409
f 4268/6355/1409 4264/3450/1405 4272/3462/1416
f 4166/3334/1295 4168/3333/1294 4269/6356/2562
f 4269/3449/1404 4168/6900/2645 4165/3329/1290
f 4174/3344/1305 4271/3459/1413 4273/3461/1415
f 4273/6357/2563 4270/3456/1410 4172/3337/1298
f 4279/3472/1297 4292/3484/1309 4294/3486/1311
f 4294/6358/2548 4291/3481/1306 4277/3465/1290
f 4285/3478/1303 4287/3477/1302 4304/6359/2549
f 4304/3492/1316 4287/6918/2647 4284/3473/1298
f 4286/3480/1305 4289/3476/1301 4282/3468/1293
f 4289/3476/1301 4285/3478/1303 4279/3472/1297
f 4299/3493/1317 4293/3487/1312 4296/3489/1313
f 4296/6361/1313 4292/3484/1309 4300/3496/1320
f 4306/3502/1423 4308/3504/1425 4297/6362/2564
f 4308/6363/2565 4305/3499/1420 4291/3481/1306
f 4314/3513/1434 4299/3493/1317 4301/3495/1419
f 4301/6365/2567 4298/3490/1314 4312/3507/1428
f 4313/3510/1431 4307/3505/1426 4310/3506/1427
f 4310/3506/1427 4306/3502/1423 4314/3513/1434
f 4307/3505/1426 4320/3518/1341 4322/3520/1436
f 4322/6367/2569 4319/3515/1338 4305/3499/1420
f 4313/3510/1431 4315/3512/1433 4332/6368/2570
f 4315/6369/2571 4312/3507/1428 4326/3524/1346
f 4327/3527/1349 4321/3521/1344 4324/3523/1345
f 4324/6371/1345 4320/3518/1341 4328/3530/1352
f 4334/3538/1359 4336/3537/1358 4325/6372/2554
f 4325/3517/1340 4336/6920/2653 4333/3533/1354
f 4342/3548/1369 4327/3527/1349 4329/3529/1351
f 4329/6373/2555 4326/3524/1346 4340/3541/1362
f 4335/3540/1361 4338/3536/1357 4345/3544/1365
f 4338/3536/1357 4334/3538/1359 4342/3548/1369
f 4335/3540/1361 4348/3552/1373 4350/3554/1375
f 4350/6374/2556 4347/3549/1370 4333/3533/1354
f 4341/3546/1367 4343/3545/1366 4360/6375/2557
f 4360/3560/1380 4343/6922/2655 4340/3541/1362
f 4355/3561/1381 4349/3555/1376 4352/3557/1377
f 4352/6377/1377 4348/3552/1373 4356/3564/1384
f 4349/3555/1376 4362/3570/1443 4364/3572/1445
f 4364/6379/2573 4361/3567/1440 4347/3549/1370
f 4370/3581/1454 4355/3561/1381 4357/3563/1439
f 4357/6381/2575 4354/3558/1378 4368/3575/1448
f 4369/3578/1451 4363/3573/1446 4366/3574/1447
f 4366/3574/1447 4362/3570/1443 4370/3581/1454
f 4363/3573/1446 4376/3586/1405 4378/3588/1456
f 4378/6383/2577 4375/3583/1402 4361/3567/1440
f 4369/3578/1451 4371/3580/1453 4388/6384/2578
f 4371/6385/2579 4368/3575/1448 4382/3592/1410
f 4383/3595/1413 4377/3589/1408 4380/3591/1409
f 4380/6387/1409 4376/3586/1405 4384/3598/1416
f 4278/3470/1295 4280/3469/1294 4381/6388/2562
f 4381/3585/1404 4280/6916/2645 4277/3465/1290
f 4286/3480/1305 4383/3595/1413 4385/3597/1415
f 4385/6389/2563 4382/3592/1410 4284/3473/1298
f 4391/3608/1297 4404/3620/1458 4406/3622/1311
f 4406/6390/2548 4403/3617/1306 4389/3601/1290
f 4397/3614/1303 4399/3613/1302 4416/6391/2549
f 4416/3628/1316 4399/6926/2647 4396/3609/1298
f 4398/3616/1305 4401/3612/1301 4394/3604/1293
f 4401/3612/1301 4397/3614/1303 4391/3608/1297
f 4411/3629/1317 4405/3623/1312 4408/3625/1313
f 4408/6393/1313 4404/3620/1458 4412/3632/1320
f 4418/3640/1327 4420/3639/1326 4409/6394/2550
f 4409/3619/1308 4420/6928/2649 4417/3635/1322
f 4426/3650/1337 4411/3629/1317 4413/3631/1319
f 4413/6395/2551 4410/3626/1314 4424/3643/1330
f 4419/3642/1329 4422/3638/1325 4429/3646/1333
f 4422/3638/1325 4418/3640/1327 4426/3650/1337
f 4419/3642/1329 4432/3654/1341 4434/3656/1343
f 4434/6396/2552 4431/3651/1338 4417/3635/1322
f 4425/3648/1335 4427/3647/1334 4444/6397/2553
f 4444/3662/1348 4427/6930/2651 4424/3643/1330
f 4439/3663/1349 4433/3657/1344 4436/3659/1345
f 4436/6399/1345 4432/3654/1341 4440/3666/1352
f 4446/3674/1359 4448/3673/1358 4437/6400/2554
f 4437/3653/1340 4448/6932/2653 4445/3669/1354
f 4454/3684/1369 4439/3663/1349 4441/3665/1351
f 4441/6401/2555 4438/3660/1346 4452/3677/1362
f 4447/3676/1361 4450/3672/1357 4457/3680/1365
f 4450/3672/1357 4446/3674/1359 4454/3684/1369
f 4447/3676/1361 4460/3688/1373 4462/3690/1375
f 4462/6402/2556 4459/3685/1370 4445/3669/1354
f 4453/3682/1367 4455/3681/1366 4472/6403/2557
f 4472/3696/1380 4455/6934/2655 4452/3677/1362
f 4461/3691/1376 4464/3693/1377 4471/6404/1459
f 4464/6405/1377 4460/3688/1373 4468/3700/1384
f 4474/3708/1391 4476/3707/1390 4465/6406/2558
f 4465/3687/1372 4476/6936/2657 4473/3703/1386
f 4482/3718/1401 4467/3697/1381 4469/3699/1383
f 4469/6407/2559 4466/3694/1378 4480/3711/1394
f 4475/3710/1393 4478/3706/1389 4485/3714/1397
f 4478/3706/1389 4474/3708/1391 4482/3718/1401
f 4475/3710/1393 4488/3722/1405 4490/3724/1407
f 4490/6408/2560 4487/3719/1402 4473/3703/1386
f 4481/3716/1399 4483/3715/1398 4500/6409/2561
f 4500/3730/1412 4483/6938/2659 4480/3711/1394
f 4495/3731/1413 4489/3725/1408 4492/3727/1409
f 4492/6411/1409 4488/3722/1405 4496/3734/1416
f 4390/3606/1295 4392/3605/1294 4493/6412/2562
f 4493/3721/1404 4392/6924/2645 4389/3601/1290
f 4398/3616/1305 4495/3731/1413 4497/3733/1415
f 4497/6413/2563 4494/3728/1410 4396/3609/1298
f 4501/3737/343 4507/3739/345 4518/6414/1682
f 4518/3760/617 4507/6940/2402 4503/3743/349
f 4508/3746/352 4514/3748/1462 4506/6415/2479
f 4506/3745/419 4514/6941/1742 4510/3752/358
f 4509/3749/355 4522/3764/370 4528/3766/830
f 4528/6417/2382 4524/3770/376 4510/3752/358
f 4523/3767/373 4517/3761/367 4520/3763/369
f 4520/6419/1688 4516/3758/364 4524/3770/376
f 4515/3755/361 4521/3757/422 4546/6420/1744
f 4521/6421/1690 4517/3761/367 4544/3794/400
f 4550/3800/406 4556/3802/838 4525/6422/2405
f 4556/6423/1692 4552/3806/412 4523/3767/373
f 4551/3803/409 4545/3797/403 4548/3799/405
f 4548/6425/1747 4544/3794/400 4552/3806/412
f 4543/3791/397 4549/3793/611 4532/6426/1748
f 4549/6427/2384 4545/3797/403 4530/3776/382
f 4536/3782/388 4542/3784/1464 4553/6428/2406
f 4553/3805/632 4542/6942/2407 4538/3788/394
f 4537/3785/391 4531/3779/385 4534/3781/980
f 4534/6430/1751 4530/3776/382 4538/3788/394
f 4529/3773/379 4535/3775/381 4504/6431/1699
f 4535/6432/1752 4531/3779/385 4502/3740/346
f 4509/3749/355 4511/3751/844 4539/6433/2409
f 4511/6434/1702 4508/3746/352 4537/3785/391
f 4572/3830/1475 4574/3829/1474 4563/6435/2582
f 4563/3811/1466 4574/6943/2662 4571/3825/1471
f 4580/3842/1484 4565/3820/1173 4567/3822/1469
f 4567/6436/2583 4564/3817/1170 4578/3834/1478
f 4566/3823/1176 4569/3824/1470 4562/3816/1169
f 4569/3824/1470 4565/3820/1173 4559/3815/1168
f 4573/3833/1477 4576/3832/1181 4583/3837/1189
f 4576/3828/1181 4572/3830/1475 4580/3842/1484
f 4573/3833/1477 4586/3848/1490 4588/3847/1489
f 4588/6437/2584 4585/3843/1485 4571/3825/1471
f 4579/3839/1482 4581/3838/1481 4598/6438/2585
f 4598/3853/1495 4581/6946/2664 4578/3834/1478
f 4587/3850/1492 4590/3846/1488 4597/3858/1500
f 4590/3846/1488 4586/3848/1490 4594/3857/1499
f 4600/3864/1506 4602/3863/1505 4591/3849/1491
f 4602/6439/2586 4599/3859/1501 4585/3843/1485
f 4608/3876/1516 4593/3854/1496 4595/3856/1498
f 4595/6440/2587 4592/3851/1493 4606/3868/1509
f 4601/3867/1508 4604/3866/1504 4611/3871/1512
f 4604/3862/1504 4600/3864/1506 4608/3876/1516
f 4601/3867/1508 4614/3880/1520 4616/3882/1522
f 4616/6441/2588 4613/3877/1517 4599/3859/1501
f 4607/3873/1514 4609/3872/1513 4626/6442/2589
f 4626/3887/1527 4609/6952/2668 4606/3868/1509
f 4615/3883/1523 4618/3884/1524 4625/3892/1532
f 4618/3884/1524 4614/3880/1520 4622/3891/1531
f 4628/3898/1536 4630/3897/1535 4619/6443/2590
f 4619/3879/1519 4630/6955/2669 4627/3893/1533
f 4636/3910/1544 4621/3888/1528 4623/3890/1530
f 4623/6444/2591 4620/3885/1525 4634/3902/1537
f 4629/3901/1249 4632/3900/1534 4639/3905/1540
f 4632/3896/1534 4628/3898/1536 4636/3910/1544
f 4629/3901/1249 4642/3916/1263 4644/3915/1549
f 4644/6445/2592 4641/3911/1545 4627/3893/1533
f 4650/3926/1558 4635/3907/1542 4637/3906/1541
f 4654/3921/1553 4637/6958/2671 4634/3902/1537
f 4643/3918/1265 4646/3914/1548 4653/3922/1554
f 4646/3914/1548 4642/3916/1263 4650/3926/1558
f 4643/3918/1265 4656/3932/1279 4658/3931/1278
f 4647/3913/1547 4658/6963/2674 4655/3927/1559
f 4664/3944/1569 4649/3924/1556 4651/3923/1555
f 4651/6446/2593 4648/3919/1551 4662/3936/1563
f 4657/3935/1562 4660/3934/1277 4667/3939/1285
f 4660/3930/1277 4656/3932/1279 4664/3944/1569
f 4657/3935/1562 4558/3812/1165 4560/3814/1467
f 4560/6447/2594 4557/3809/1162 4655/3927/1559
f 4663/3941/1567 4665/3940/1566 4570/6448/2595
f 4570/3819/1468 4665/6966/2675 4662/3936/1563
f 715/4055/1673 637/3949/1574 643/3960/1585
f 643/3960/1585 649/3969/1593 655/3978/1601
f 655/3978/1601 661/3986/1609 667/3985/1608
f 667/3985/1608 673/3995/1617 679/4004/1625
f 679/4004/1625 685/4020/1641 691/4029/1649
f 691/4029/1649 697/4028/1648 703/4046/1665
f 703/4046/1665 709/4045/1664 715/4055/1673
f 715/4055/1673 643/3960/1585 655/3978/1601
f 655/3978/1601 667/3985/1608 679/4004/1625
f 679/4004/1625 691/4029/1649 703/4046/1665
f 703/4046/1665 715/4055/1673 655/3978/1601
f 641/4063/1680 647/3951/1576 644/3945/1570
f 719/4058/1675 641/4063/1680 638/3947/1572
f 652/3964/1589 646/3956/1581 640/3955/1580
f 640/3955/1580 718/4060/1677 712/4049/1668
f 712/4049/1668 706/4041/1660 700/4034/1653
f 700/4034/1653 694/4024/1645 688/4015/1636
f 688/4015/1636 682/4007/1628 676/3999/1620
f 676/3999/1620 670/3989/1612 664/3981/1604
f 664/3981/1604 658/3974/1597 652/3964/1589
f 652/3964/1589 640/3955/1580 712/4049/1668
f 712/4049/1668 700/4034/1653 688/4015/1636
f 688/4015/1636 676/3999/1620 664/3981/1604
f 664/3981/1604 652/3964/1589 712/4049/1668
f 647/3951/1576 653/3962/1587 650/6449/1590
f 653/3970/1587 659/3972/1595 656/3976/1599
f 659/3972/1595 665/3980/1603 662/3975/1598
f 665/3980/1603 671/3988/1611 668/3983/1606
f 671/3996/1611 677/3998/1619 674/4002/1623
f 677/3998/1619 683/4006/1627 680/4001/1622
f 683/4006/1627 689/4014/1635 686/4009/1630
f 689/4014/1635 695/4022/1643 692/4017/1638
f 695/4030/1643 701/4032/1651 698/4025/1646
f 701/4032/1651 707/4040/1659 704/4035/1654
f 707/4040/1659 713/4048/1667 710/4043/1662
f 713/4056/1667 719/4058/1675 716/4051/1670
f 763/895/397 749/877/379 721/841/343
f 730/856/358 744/874/376 736/862/364
f 757/889/391 728/850/352 722/844/346
f 742/868/370 729/853/355 756/886/388
f 743/871/373 772/910/412 764/898/400
f 771/907/409 758/892/394 750/880/382
f 855/4203/1673 777/4090/1574 783/4101/1585
f 783/4101/1585 789/4110/1593 795/4119/1601
f 795/4119/1601 801/4127/1609 807/4136/1608
f 807/4136/1608 813/4135/1617 819/4145/1625
f 819/4145/1625 825/4161/1641 831/4170/1649
f 831/4170/1649 837/4179/1719 843/4187/1665
f 843/4187/1665 849/4196/1664 855/4203/1673
f 855/4203/1673 783/4101/1585 795/4119/1601
f 795/4119/1601 807/4136/1608 819/4145/1625
f 819/4145/1625 831/4170/1649 843/4187/1665
f 843/4187/1665 855/4203/1673 795/4119/1601
f 781/4092/1680 787/4094/1576 784/4099/1570
f 859/4199/1675 781/4092/1680 778/4086/1572
f 792/4105/1589 786/4097/1581 780/4096/1580
f 780/4096/1580 858/4200/1677 852/4190/1668
f 852/4190/1668 846/4182/1720 840/4174/1653
f 840/4174/1653 834/4164/1645 828/4156/1636
f 828/4156/1636 822/4148/1628 816/4140/1620
f 816/4140/1620 810/4130/1612 804/4122/1705
f 804/4122/1705 798/4114/1597 792/4105/1589
f 792/4105/1589 780/4096/1580 852/4190/1668
f 852/4190/1668 840/4174/1653 828/4156/1636
f 828/4156/1636 816/4140/1620 804/4122/1705
f 804/4122/1705 792/4105/1589 852/4190/1668
f 787/4094/1576 793/4103/1587 790/4098/1590
f 793/4111/1587 799/4113/1595 796/4106/1599
f 799/4113/1595 805/4121/1603 802/4116/1598
f 805/4121/1603 811/4129/1611 808/4124/1606
f 811/4137/1611 817/4139/1619 814/4132/1623
f 817/4139/1619 823/4147/1627 820/4142/1622
f 823/4147/1627 829/4155/1635 826/4150/1630
f 829/4155/1635 835/4163/1643 832/4158/1638
f 835/6450/1643 841/4171/1651 838/4166/1646
f 841/4171/1651 847/4181/1659 844/4176/1654
f 847/4181/1659 853/4189/1667 850/4184/1662
f 853/4197/1667 859/4199/1675 856/4192/1670
f 939/4315/1673 861/4211/1574 867/4210/1585
f 867/4210/1585 873/4230/1593 879/4239/1601
f 879/4239/1601 885/4247/1727 891/4256/1608
f 891/4256/1608 897/4265/1617 903/4273/1625
f 903/4273/1625 909/4281/1641 915/4290/1649
f 915/4290/1649 921/4299/1719 927/4298/1665
f 927/4298/1665 933/4316/1664 939/4315/1673
f 939/4315/1673 867/4210/1585 879/4239/1601
f 879/4239/1601 891/4256/1608 903/4273/1625
f 903/4273/1625 915/4290/1649 927/4298/1665
f 927/4298/1665 939/4315/1673 879/4239/1601
f 865/4212/1680 871/4214/1576 868/4206/1570
f 943/4319/1675 865/4212/1680 862/4208/1572
f 876/4224/1589 870/4216/1581 864/4325/1580
f 864/4325/1580 942/4320/1677 936/4310/1668
f 936/4310/1668 930/4302/1720 924/4295/1653
f 924/4295/1653 918/4284/1645 912/4276/1636
f 912/4276/1636 906/4268/1628 900/4261/1620
f 900/4261/1620 894/4250/1612 888/4242/1705
f 888/4242/1705 882/4234/1597 876/4224/1589
f 876/4224/1589 864/4325/1580 936/4310/1668
f 936/4310/1668 924/4295/1653 912/4276/1636
f 912/4276/1636 900/4261/1620 888/4242/1705
f 888/4242/1705 876/4224/1589 936/4310/1668
f 871/4214/1576 877/4223/1725 874/6451/1590
f 877/6452/1725 883/4231/1595 880/4226/1599
f 883/4231/1595 889/4241/1603 886/4236/1598
f 889/4241/1603 895/4249/1611 892/4244/1606
f 895/4257/1611 901/4259/1619 898/4252/1623
f 901/4259/1619 907/4267/1627 904/4262/1622
f 907/4267/1627 913/4275/1635 910/4270/1630
f 913/4275/1635 919/4283/1643 916/6453/1638
f 919/6454/1643 925/4291/1651 922/4286/1646
f 925/4291/1651 931/4301/1659 928/4296/1654
f 931/4301/1659 937/4309/1667 934/4304/1662
f 937/4317/1667 943/4319/1675 940/4312/1670
f 1023/4443/1673 945/4331/1574 951/4330/1585
f 951/4330/1585 957/4350/1593 963/4359/1601
f 963/4359/1601 969/4367/1609 975/4376/1608
f 975/4376/1608 981/4385/1617 987/4384/1625
f 987/4384/1625 993/4401/1641 999/4400/1649
f 999/4400/1649 1005/4419/1719 1011/4427/1665
f 1011/4427/1665 1017/4426/1664 1023/4443/1673
f 1023/4443/1673 951/4330/1585 963/4359/1601
f 963/4359/1601 975/4376/1608 987/4384/1625
f 987/4384/1625 999/4400/1649 1011/4427/1665
f 1011/4427/1665 1023/4443/1673 963/4359/1601
f 949/4332/1680 955/4334/1576 952/4326/1570
f 1027/4439/1675 949/4332/1680 946/4328/1572
f 960/4344/1589 954/4336/1581 948/4445/1580
f 948/4445/1580 1026/4441/1677 1020/4430/1668
f 1020/4430/1668 1014/4422/1660 1008/4414/1653
f 1008/4414/1653 1002/4404/1645 996/4397/1636
f 996/4397/1636 990/4388/1628 984/4380/1620
f 984/4380/1620 978/4370/1612 972/4363/1705
f 972/4363/1705 966/4355/1597 960/4344/1589
f 960/4344/1589 948/4445/1580 1020/4430/1668
f 1020/4430/1668 1008/4414/1653 996/4397/1636
f 996/4397/1636 984/4380/1620 972/4363/1705
f 972/4363/1705 960/4344/1589 1020/4430/1668
f 955/4334/1576 961/4343/1587 958/6455/1590
f 961/4351/1587 967/4353/1595 964/4346/1599
f 967/4353/1595 973/4361/1603 970/4356/1598
f 973/4361/1603 979/4369/1611 976/6456/1606
f 979/6457/1611 985/4377/1619 982/4372/1623
f 985/4377/1619 991/4386/1627 988/4390/1622
f 991/4386/1627 997/4395/1635 994/4399/1630
f 997/4395/1635 1003/4403/1643 1000/4398/1638
f 1003/4411/1643 1009/4413/1651 1006/4406/1646
f 1009/4413/1651 1015/4421/1659 1012/4416/1654
f 1015/4421/1659 1021/4429/1667 1018/4424/1662
f 1021/4437/1667 1027/4439/1675 1024/4432/1670
f 1107/4555/1673 1029/4451/1574 1035/4450/1585
f 1035/4450/1585 1041/4461/1593 1047/4479/1601
f 1047/4479/1601 1053/4487/1609 1059/4496/1608
f 1059/4496/1608 1065/4505/1617 1071/4504/1625
f 1071/4504/1625 1077/4521/1641 1083/4530/1649
f 1083/4530/1649 1089/4539/1719 1095/4547/1665
f 1095/4547/1665 1101/4556/1664 1107/4555/1673
f 1107/4555/1673 1035/4450/1585 1047/4479/1601
f 1047/4479/1601 1059/4496/1608 1071/4504/1625
f 1071/4504/1625 1083/4530/1649 1095/4547/1665
f 1095/4547/1665 1107/4555/1673 1047/4479/1601
f 1033/4452/1680 1039/4454/1576 1036/4446/1570
f 1111/4557/1675 1033/4452/1680 1030/4448/1572
f 1044/4464/1589 1038/4456/1581 1032/4565/1580
f 1032/4565/1580 1110/4560/1677 1104/4550/1668
f 1104/4550/1668 1098/4542/1660 1092/4534/1653
f 1092/4534/1653 1086/4524/1645 1080/4517/1636
f 1080/4517/1636 1074/4508/1628 1068/4500/1620
f 1068/4500/1620 1062/4491/1612 1056/4482/1604
f 1056/4482/1604 1050/4474/1738 1044/4464/1589
f 1044/4464/1589 1032/4565/1580 1104/4550/1668
f 1104/4550/1668 1092/4534/1653 1080/4517/1636
f 1080/4517/1636 1068/4500/1620 1056/4482/1604
f 1056/4482/1604 1044/4464/1589 1104/4550/1668
f 1039/4454/1576 1045/4463/1587 1042/4458/1590
f 1045/4471/1587 1051/4473/1595 1048/4466/1599
f 1051/4473/1595 1057/4481/1603 1054/4476/1598
f 1057/4481/1603 1063/4489/1611 1060/6458/1606
f 1063/6459/1611 1069/4497/1619 1066/4492/1623
f 1069/4497/1619 1075/4506/1627 1072/4502/1622
f 1075/4506/1627 1081/4515/1635 1078/4519/1630
f 1081/4515/1635 1087/4523/1643 1084/4518/1638
f 1087/4531/1643 1093/4533/1651 1090/4526/1646
f 1093/4533/1651 1099/4541/1659 1096/4536/1654
f 1099/4541/1659 1105/4549/1667 1102/4544/1662
f 1105/6460/1667 1111/4557/1675 1108/4552/1670
f 1155/967/397 1141/949/379 1113/913/343
f 1122/928/358 1136/946/376 1128/934/364
f 1149/961/391 1120/922/352 1114/916/346
f 1134/940/370 1121/925/355 1148/958/388
f 1135/943/373 1164/982/412 1156/970/400
f 1163/979/409 1150/964/394 1142/952/382
f 1211/1039/397 1197/1021/379 1169/985/343
f 1178/1000/358 1192/1018/376 1184/1006/364
f 1205/1033/391 1176/994/352 1170/988/346
f 1190/1012/370 1177/997/355 1204/1030/388
f 1191/1015/373 1220/1054/412 1212/1042/400
f 1219/1051/409 1206/1036/394 1198/1024/382
f 1267/1111/397 1253/1093/379 1225/1057/343
f 1234/1072/358 1248/1090/376 1240/1078/364
f 1261/1105/391 1232/1066/352 1226/1060/346
f 1246/1084/370 1233/1069/355 1260/1102/388
f 1247/1087/373 1276/1126/412 1268/1114/400
f 1275/1123/409 1262/1108/394 1254/1096/382
f 1323/1183/397 1309/1165/379 1281/1129/343
f 1290/1144/358 1304/1162/376 1296/1150/364
f 1317/1177/391 1288/1138/352 1282/1132/346
f 1302/1156/370 1289/1141/355 1316/1174/388
f 1303/1159/373 1332/1198/412 1324/1186/400
f 1331/1195/409 1318/1180/394 1310/1168/382
f 1415/4764/1856 1337/4660/1759 1343/4659/1758
f 1343/4659/1758 1349/4679/1777 1355/4688/1785
f 1355/4688/1785 1361/4696/1793 1367/4705/1801
f 1367/4705/1801 1373/4714/1809 1379/4722/1817
f 1379/4722/1817 1385/4730/1825 1391/4739/1833
f 1391/4739/1833 1397/4738/1832 1403/4748/1841
f 1403/4748/1841 1409/4765/1857 1415/4764/1856
f 1415/4764/1856 1343/4659/1758 1355/4688/1785
f 1355/4688/1785 1367/4705/1801 1379/4722/1817
f 1379/4722/1817 1391/4739/1833 1403/4748/1841
f 1403/4748/1841 1415/4764/1856 1355/4688/1785
f 1341/4773/1864 1347/4661/1760 1344/4668/1767
f 1416/4761/1854 1419/4766/1858 1341/4773/1864
f 1352/4673/1772 1346/4666/1765 1340/4665/1764
f 1340/4665/1764 1418/4769/1860 1412/4759/1852
f 1412/4759/1852 1406/4751/1844 1400/4743/1836
f 1400/4743/1836 1394/4734/1829 1388/4725/1820
f 1388/4725/1820 1382/4718/1813 1376/4709/1804
f 1376/4709/1804 1370/4700/1797 1364/4691/1788
f 1364/4691/1788 1358/4683/1780 1352/4673/1772
f 1352/4673/1772 1340/4665/1764 1412/4759/1852
f 1412/4759/1852 1400/4743/1836 1388/4725/1820
f 1388/4725/1820 1376/4709/1804 1364/4691/1788
f 1364/4691/1788 1352/4673/1772 1412/4759/1852
f 1344/4668/1767 1347/4661/1760 1353/4672/1771
f 1350/4675/1766 1353/4680/1771 1359/4682/1779
f 1359/4682/1779 1365/4690/1787 1362/4685/1782
f 1365/4690/1787 1371/4697/1794 1368/4693/1790
f 1371/6461/1794 1377/4706/1802 1374/4701/1798
f 1374/4701/1798 1377/4706/1802 1383/4716/1811
f 1383/4716/1811 1389/4723/1818 1386/4719/1814
f 1389/4723/1818 1395/4732/1827 1392/4727/1822
f 1395/4740/1827 1401/4742/1835 1398/4735/1830
f 1401/4742/1835 1407/4750/1843 1404/4745/1838
f 1407/4750/1843 1413/4757/1850 1410/4753/1846
f 1413/6462/1850 1419/4766/1858 1416/4761/1854
f 1499/4892/1975 1421/4779/1870 1427/4790/1881
f 1427/4790/1881 1433/4799/1889 1439/4798/1888
f 1439/4798/1888 1445/4808/1897 1451/4825/1913
f 1451/4825/1913 1457/4824/1912 1463/4834/1921
f 1463/4834/1921 1469/4842/1929 1475/4859/1945
f 1475/4859/1945 1481/4858/1944 1487/4876/1961
f 1487/4876/1961 1493/4885/1969 1499/4892/1975
f 1499/4892/1975 1427/4790/1881 1439/4798/1888
f 1439/4798/1888 1451/4825/1913 1463/4834/1921
f 1463/4834/1921 1475/4859/1945 1487/4876/1961
f 1487/4876/1961 1499/4892/1975 1439/4798/1888
f 1425/4893/1976 1431/4781/1872 1428/4775/1866
f 1500/4881/1966 1503/4886/1970 1425/4893/1976
f 1436/4794/1885 1430/4785/1876 1424/4894/1977
f 1424/4894/1977 1502/4889/1972 1496/4880/1965
f 1496/4880/1965 1490/4871/1956 1484/4863/1948
f 1484/4863/1948 1478/4853/1940 1472/4846/1933
f 1472/4846/1933 1466/4838/1925 1460/4829/1916
f 1460/4829/1916 1454/4820/1909 1448/4811/1900
f 1448/4811/1900 1442/4803/1892 1436/4794/1885
f 1436/4794/1885 1424/4894/1977 1496/4880/1965
f 1496/4880/1965 1484/4863/1948 1472/4846/1933
f 1472/4846/1933 1460/4829/1916 1448/4811/1900
f 1448/4811/1900 1436/4794/1885 1496/4880/1965
f 1431/4781/1872 1437/4792/1883 1434/4787/1878
f 1437/4800/1883 1443/4802/1891 1440/4806/1895
f 1443/4802/1891 1449/4810/1899 1446/4805/1894
f 1449/4810/1899 1455/4817/1906 1452/4813/1902
f 1455/6463/1906 1461/4826/1914 1458/4821/1910
f 1458/4821/1910 1461/4826/1914 1467/4836/1923
f 1467/4836/1923 1473/4843/1930 1470/4848/1935
f 1470/4848/1935 1473/4843/1930 1479/4852/1939
f 1476/4855/1934 1479/4860/1939 1485/4862/1947
f 1485/4862/1947 1491/4870/1955 1488/4865/1950
f 1491/4870/1955 1497/4877/1962 1494/6464/1967
f 1497/6465/1962 1503/4886/1970 1500/4881/1966
f 1523/1212/446 1505/1201/435 1507/1203/437
f 1507/1203/437 347/496/96 349/500/99
f 349/500/99 1524/1211/445 1523/1212/446
f 1658/5014/507 1506/4899/438 1510/4898/1979
f 1505/6466/435 1523/4912/446 1527/4911/1988
f 1506/1204/438 1658/1273/507 1660/1275/509
f 1660/1275/509 365/494/95 347/496/96
f 347/496/96 1507/1203/437 1506/1204/438
f 1662/5012/2058 1510/4898/1979 1513/4902/1982
f 1512/6468/1980 1509/6467/1978 1527/4911/1988
f 1665/5017/2060 1513/4902/1982 1516/4907/1986
f 1512/6468/1980 1530/4915/1991 1533/4920/1995
f 1668/5022/2064 1516/4907/1986 1518/6470/439
f 1515/6469/1985 1533/4920/1995 1535/6472/447
f 348/499/98 366/498/97 1673/1279/513
f 1673/1279/513 1672/1280/514 1518/1205/439
f 1518/1205/439 1520/1207/441 348/499/98
f 350/501/100 348/499/98 1520/1207/441
f 1520/1207/441 1519/1208/442 1535/1213/447
f 1535/1213/447 1537/1215/449 350/501/100
f 1540/1220/454 1522/1209/443 1524/1211/445
f 1524/1211/445 349/500/99 351/502/101
f 351/502/101 1541/1219/453 1540/1220/454
f 1526/4908/1987 1522/4910/443 1540/4925/454
f 1526/4908/1987 1544/4924/1997 1547/4928/2000
f 1532/4918/1994 1529/4913/1989 1547/4928/2000
f 1536/6474/450 1532/4918/1994 1550/4933/2004
f 352/503/102 350/501/100 1537/1215/449
f 1537/1215/449 1536/1216/450 1552/1221/455
f 1552/1221/455 1554/1223/457 352/503/102
f 1557/1228/462 1539/1217/451 1541/1219/453
f 1541/1219/453 351/502/101 353/504/103
f 353/504/103 1558/1227/461 1557/1228/462
f 1539/4923/451 1557/7060/462 1561/6476/2006
f 1546/4926/1998 1543/4921/1996 1561/6476/2006
f 1546/4926/1998 1564/6477/2009 1567/6478/2013
f 1553/6479/458 1549/4931/2003 1567/6478/2013
f 354/505/104 352/503/102 1554/1223/457
f 1554/1223/457 1553/1224/458 1569/1229/463
f 1569/1229/463 1571/1231/465 354/505/104
f 1574/1236/470 1556/1225/459 1558/1227/461
f 1558/1227/461 353/504/103 355/507/106
f 355/507/106 1575/1235/469 1574/1236/470
f 1556/4936/459 1574/4951/470 1578/4950/2015
f 1563/4939/2007 1560/4934/2005 1578/4950/2015
f 1563/4939/2007 1581/4954/2018 1584/4959/2021
f 1566/4944/2012 1584/4959/2021 1586/6481/471
f 356/506/105 354/505/104 1571/1231/465
f 1571/1231/465 1570/1232/466 1586/1237/471
f 1586/1237/471 1588/1239/473 356/506/105
f 1591/1244/478 1573/1233/467 1575/1235/469
f 1575/1235/469 355/507/106 357/508/107
f 357/508/107 1592/1243/477 1591/1244/478
f 1573/4949/467 1591/4964/478 1595/4963/2023
f 1577/4947/2014 1595/4963/2023 1598/4967/2026
f 1580/4952/2016 1598/4967/2026 1601/4972/2030
f 1583/4957/2020 1601/4972/2030 1603/6483/479
f 358/509/108 356/506/105 1588/1239/473
f 1588/1239/473 1587/1240/474 1603/1245/479
f 1603/1245/479 1605/1247/481 358/509/108
f 1608/1252/486 1590/1241/475 1592/1243/477
f 1592/1243/477 357/508/107 359/510/109
f 359/510/109 1609/1251/485 1608/1252/486
f 1594/6485/2022 1590/7061/475 1608/4977/486
f 1597/6486/2024 1594/6485/2022 1612/4976/2032
f 1597/6486/2024 1615/4980/2035 1618/4985/2039
f 1604/6488/482 1600/6487/2029 1618/4985/2039
f 360/511/110 358/509/108 1605/1247/481
f 1605/1247/481 1604/1248/482 1620/1253/487
f 1620/1253/487 1622/1255/489 360/511/110
f 1625/1260/494 1607/1249/483 1609/1251/485
f 1609/1251/485 359/510/109 361/512/111
f 361/512/111 1626/1259/493 1625/1260/494
f 1607/4975/483 1625/4990/494 1629/4989/2041
f 1611/4973/2031 1629/4989/2041 1632/4993/2044
f 1614/4978/2033 1632/4993/2044 1635/4998/2048
f 1617/4983/2038 1635/4998/2048 1637/6490/495
f 362/513/112 360/511/110 1622/1255/489
f 1622/1255/489 1621/1256/490 1637/1261/495
f 1637/1261/495 1639/1263/497 362/513/112
f 1642/1268/502 1624/1257/491 1626/1259/493
f 1626/1259/493 361/512/111 363/515/114
f 363/515/114 1643/1267/501 1642/1268/502
f 1628/4986/2040 1624/4988/491 1642/6492/502
f 1628/4986/2040 1646/6493/2050 1649/6494/2053
f 1634/4996/2047 1631/4991/2042 1649/6494/2053
f 1634/4996/2047 1652/6495/2057 1654/6496/503
f 364/514/113 362/513/112 1639/1263/497
f 1639/1263/497 1638/1264/498 1654/1269/503
f 1654/1269/503 1656/1271/505 364/514/113
f 1659/1276/510 1641/1265/499 1643/1267/501
f 1643/1267/501 363/515/114 365/494/95
f 365/494/95 1660/1275/509 1659/1276/510
f 1641/5001/499 1659/5016/510 1663/5015/2059
f 1645/4999/2049 1663/5015/2059 1666/5019/2062
f 1651/5009/2056 1648/5004/2051 1666/5019/2062
f 1655/6498/506 1651/5009/2056 1669/5024/2065
f 366/498/97 364/514/113 1656/1271/505
f 1656/1271/505 1655/1272/506 1671/1277/511
f 1671/1277/511 1673/1279/513 366/498/97
f 1693/1292/446 1675/1281/435 1677/1283/437
f 1677/1283/437 369/518/96 371/522/99
f 371/522/99 1694/1291/445 1693/1292/446
f 1828/5144/507 1676/5029/438 1680/5028/1979
f 1675/6500/435 1693/5042/446 1697/5041/1988
f 1676/1284/438 1828/1353/507 1830/1355/509
f 1830/1355/509 387/516/95 369/518/96
f 369/518/96 1677/1283/437 1676/1284/438
f 1832/5142/2058 1680/5028/1979 1683/5032/1982
f 1679/6501/1978 1697/5041/1988 1700/5045/1991
f 1838/5152/2064 1835/5147/2060 1683/5032/1982
f 1685/6503/1985 1682/6502/1980 1700/5045/1991
f 1838/5152/2064 1686/5037/1986 1688/6504/439
f 1685/6503/1985 1703/5050/1995 1705/6506/447
f 370/521/98 388/520/97 1843/1359/513
f 1843/1359/513 1842/1360/514 1688/1285/439
f 1688/1285/439 1690/1287/441 370/521/98
f 372/523/100 370/521/98 1690/1287/441
f 1690/1287/441 1689/1288/442 1705/1293/447
f 1705/1293/447 1707/1295/449 372/523/100
f 1710/1300/454 1692/1289/515 1694/1291/445
f 1694/1291/445 371/522/99 373/524/101
f 373/524/101 1711/1299/453 1710/1300/454
f 1692/5040/515 1710/5055/454 1714/5054/1997
f 1696/5038/1987 1714/5054/1997 1717/5058/2000
f 1702/5048/1994 1699/5043/1989 1717/5058/2000
f 1702/5048/1994 1720/5063/2004 1722/6508/455
f 374/525/102 372/523/100 1707/1295/449
f 1707/1295/449 1706/1296/450 1722/1301/455
f 1722/1301/455 1724/1303/457 374/525/102
f 1727/1308/462 1709/1297/451 1711/1299/453
f 1711/1299/453 373/524/101 375/526/103
f 375/526/103 1728/1307/461 1727/1308/462
f 1709/5053/451 1727/7062/462 1731/6510/2006
f 1716/5056/1998 1713/5051/1996 1731/6510/2006
f 1716/5056/1998 1734/6511/2009 1737/6512/2013
f 1723/6513/458 1719/5061/2003 1737/6512/2013
f 376/527/104 374/525/102 1724/1303/457
f 1724/1303/457 1723/1304/458 1739/1309/463
f 1739/1309/463 1741/1311/465 376/527/104
f 1744/1316/470 1726/1305/459 1728/1307/461
f 1728/1307/461 375/526/103 377/529/106
f 377/529/106 1745/1315/469 1744/1316/470
f 1726/5066/459 1744/5081/470 1748/5080/2067
f 1733/5069/2007 1730/5064/2005 1748/5080/2067
f 1733/5069/2007 1751/5084/2018 1754/5089/2021
f 1736/5074/2012 1754/5089/2021 1756/6515/471
f 378/528/105 376/527/104 1741/1311/465
f 1741/1311/465 1740/1312/466 1756/1317/471
f 1756/1317/471 1758/1319/473 378/528/105
f 1761/1324/478 1743/1313/467 1745/1315/469
f 1745/1315/469 377/529/106 379/530/107
f 379/530/107 1762/1323/477 1761/1324/478
f 1743/5079/467 1761/5094/478 1765/5093/2023
f 1747/5077/2066 1765/5093/2023 1768/5097/2026
f 1750/5082/2016 1768/5097/2026 1771/5102/2030
f 1753/5087/2020 1771/5102/2030 1773/6517/479
f 380/531/108 378/528/105 1758/1319/473
f 1758/1319/473 1757/1320/474 1773/1325/479
f 1773/1325/479 1775/1327/481 380/531/108
f 1778/1332/486 1760/1321/475 1762/1323/477
f 1762/1323/477 379/530/107 381/532/109
f 381/532/109 1779/1331/485 1778/1332/486
f 1764/6519/2022 1760/7063/475 1778/5107/486
f 1767/6520/2024 1764/6519/2022 1782/5106/2032
f 1767/6520/2024 1785/5110/2035 1788/5115/2039
f 1770/6521/2029 1788/5115/2039 1790/6522/487
f 382/533/110 380/531/108 1775/1327/481
f 1775/1327/481 1774/1328/482 1790/1333/487
f 1790/1333/487 1792/1335/489 382/533/110
f 1795/1340/516 1777/1329/483 1779/1331/485
f 1779/1331/485 381/532/109 383/534/111
f 383/534/111 1796/1339/493 1795/1340/516
f 1781/5103/2031 1777/5105/483 1795/5120/516
f 1781/5103/2031 1799/5119/2041 1802/5123/2044
f 1784/5108/2033 1802/5123/2044 1805/5128/2048
f 1791/6524/490 1787/5113/2038 1805/5128/2048
f 384/535/112 382/533/110 1792/1335/489
f 1792/1335/489 1791/1336/490 1807/1341/495
f 1807/1341/495 1809/1343/497 384/535/112
f 1812/1348/502 1794/1337/491 1796/1339/493
f 1796/1339/493 383/534/111 385/537/114
f 385/537/114 1813/1347/501 1812/1348/502
f 1794/5118/491 1812/7064/502 1816/6526/2050
f 1798/5116/2040 1816/6526/2050 1819/6527/2053
f 1804/5126/2047 1801/5121/2042 1819/6527/2053
f 1804/5126/2047 1822/6528/2057 1824/6529/503
f 386/536/113 384/535/112 1809/1343/497
f 1809/1343/497 1808/1344/498 1824/1349/503
f 1824/1349/503 1826/1351/505 386/536/113
f 1829/1356/510 1811/1345/499 1813/1347/501
f 1813/1347/501 385/537/114 387/516/95
f 387/516/95 1830/1355/509 1829/1356/510
f 1811/5131/499 1829/5146/510 1833/5145/2059
f 1815/5129/2049 1833/5145/2059 1836/5149/2062
f 1821/5139/2056 1818/5134/2051 1836/5149/2062
f 1821/5139/2056 1839/5154/2065 1841/6531/511
f 388/520/97 386/536/113 1826/1351/505
f 1826/1351/505 1825/1352/506 1841/1357/511
f 1841/1357/511 1843/1359/513 388/520/97
f 1923/5272/2177 1845/5160/2073 1851/5159/2072
f 1851/5159/2072 1857/5179/2091 1863/5188/2099
f 1863/5188/2099 1869/5196/2107 1875/5195/2106
f 1875/5195/2106 1881/5205/2115 1887/5214/2123
f 1887/5214/2123 1893/5230/2139 1899/5229/2138
f 1899/5229/2138 1905/5248/2155 1911/5256/2163
f 1911/5256/2163 1917/5255/2162 1923/5272/2177
f 1923/5272/2177 1851/5159/2072 1863/5188/2099
f 1863/5188/2099 1875/5195/2106 1887/5214/2123
f 1887/5214/2123 1899/5229/2138 1911/5256/2163
f 1911/5256/2163 1923/5272/2177 1863/5188/2099
f 1849/5273/2178 1855/5161/2074 1852/5155/2068
f 1927/5268/2173 1849/5273/2178 1846/5157/2070
f 1860/5174/2087 1854/5165/2078 1848/5274/2179
f 1848/5274/2179 1926/5269/2174 1920/5260/2167
f 1920/5260/2167 1914/5252/2159 1908/5244/2151
f 1908/5244/2151 1902/5233/2142 1896/5226/2135
f 1896/5226/2135 1890/5217/2126 1884/5209/2118
f 1884/5209/2118 1878/5199/2110 1872/5191/2102
f 1872/5191/2102 1866/5183/2094 1860/5174/2087
f 1860/5174/2087 1848/5274/2179 1920/5260/2167
f 1920/5260/2167 1908/5244/2151 1896/5226/2135
f 1896/5226/2135 1884/5209/2118 1872/5191/2102
f 1872/5191/2102 1860/5174/2087 1920/5260/2167
f 1852/5155/2068 1855/5161/2074 1861/5172/2085
f 1861/6533/2085 1867/5180/2092 1864/5175/2088
f 1867/5180/2092 1873/5190/2101 1870/5185/2096
f 1870/5185/2096 1873/5190/2101 1879/5198/2109
f 1879/6535/2109 1885/5206/2116 1882/5201/2112
f 1885/5206/2116 1891/5216/2125 1888/5211/2120
f 1891/5216/2125 1897/5224/2133 1894/5228/2137
f 1897/5224/2133 1903/5231/2140 1900/5227/2136
f 1903/6536/2140 1909/5240/2148 1906/5235/2144
f 1909/5240/2148 1915/5250/2157 1912/5245/2152
f 1912/5245/2152 1915/5250/2157 1921/5257/2164
f 1921/5266/2164 1927/5268/2173 1924/5261/2168
f 2007/5384/2282 1929/5279/2184 1935/5290/2195
f 1935/5290/2195 1941/5289/2194 1947/5308/2211
f 1947/5308/2211 1953/5316/2219 1959/5315/2218
f 1959/5315/2218 1965/5325/2227 1971/5334/2235
f 1971/5334/2235 1977/5350/2251 1983/5359/2259
f 1983/5359/2259 1989/5368/2267 1995/5376/2275
f 1995/5376/2275 2001/5385/2283 2007/5384/2282
f 2007/5384/2282 1935/5290/2195 1947/5308/2211
f 1947/5308/2211 1959/5315/2218 1971/5334/2235
f 1971/5334/2235 1983/5359/2259 1995/5376/2275
f 1995/5376/2275 2007/5384/2282 1947/5308/2211
f 1933/5281/2186 1939/5283/2188 1936/5287/2192
f 2008/5391/2288 2011/5386/2284 1933/5281/2186
f 1944/5294/2199 1938/5286/2191 1932/5285/2190
f 1932/5285/2190 2010/5389/2286 2004/5379/2278
f 2004/5379/2278 1998/5371/2270 1992/5364/2263
f 1992/5364/2263 1986/5354/2255 1980/5345/2246
f 1980/5345/2246 1974/5337/2238 1968/5329/2230
f 1968/5329/2230 1962/5319/2222 1956/5312/2215
f 1956/5312/2215 1950/5304/2207 1944/5294/2199
f 1944/5294/2199 1932/5285/2190 2004/5379/2278
f 2004/5379/2278 1992/5364/2263 1980/5345/2246
f 1980/5345/2246 1968/5329/2230 1956/5312/2215
f 1956/5312/2215 1944/5294/2199 2004/5379/2278
f 1936/5287/2192 1939/5283/2188 1945/5291/2196
f 1945/6539/2196 1951/5300/2204 1948/5306/2209
f 1951/5300/2204 1957/5310/2213 1954/5305/2208
f 1957/5310/2213 1963/5317/2220 1960/6540/2225
f 1960/5323/2225 1963/5326/2220 1969/5328/2229
f 1969/5328/2229 1975/5335/2236 1972/5331/2232
f 1972/5331/2232 1975/5335/2236 1981/5343/2244
f 1978/5347/2248 1981/5343/2244 1987/5352/2253
f 1984/5357/2257 1987/7020/2253 1993/5360/2260
f 1993/5360/2260 1999/5370/2269 1996/5365/2264
f 1996/5365/2264 1999/5370/2269 2005/5378/2277
f 2005/6543/2277 2011/5386/2284 2008/5391/2288
f 2034/6544/528 2016/1361/517 2018/1363/519
f 2018/1363/519 2013/5411/2305 2031/5410/2304
f 2031/5410/2304 2035/7065/527 2034/6544/528
f 2017/1365/520 2169/1449/589 2171/1451/591
f 2171/1451/591 2167/7066/2367 2013/6546/2305
f 2013/6546/2305 2018/1366/519 2017/1365/520
f 2173/5480/2364 2169/1449/589 2017/1365/520
f 2020/6547/2292 2016/7067/517 2034/1376/528
f 2173/5480/2364 2021/5397/2293 2023/1367/521
f 2020/6547/2292 2038/5400/2295 2040/1377/529
f 2028/5404/2298 2180/5487/2370 2178/6549/595
f 2178/6549/595 2177/7068/596 2023/6550/521
f 2023/6550/521 2025/1372/523 2028/5404/2298
f 2044/5402/2296 2028/5404/2298 2025/1372/523
f 2025/1372/523 2024/1371/524 2040/6551/529
f 2040/6551/529 2042/7069/531 2044/5402/2296
f 2051/1384/536 2033/1373/525 2035/1375/527
f 2035/1375/527 2031/7070/2304 2048/6553/2317
f 2048/6553/2317 2052/1383/535 2051/1384/536
f 2033/1373/525 2051/1384/536 2055/5413/2307
f 2037/5399/2294 2055/5413/2307 2057/1385/537
f 2061/6554/2308 2044/7071/2296 2042/1379/531
f 2042/1379/531 2041/1380/532 2057/1385/537
f 2057/1385/537 2059/1387/539 2061/6554/2308
f 2068/1393/544 2050/7072/533 2052/6555/535
f 2052/6555/535 2048/5426/2317 2065/5437/2327
f 2065/5437/2327 2069/1394/543 2068/1393/544
f 2050/1381/533 2068/7073/544 2072/6556/2315
f 2058/1388/540 2054/5412/2306 2072/6556/2315
f 2078/5430/2321 2061/5415/2308 2059/6558/539
f 2059/6558/539 2058/7074/540 2074/1395/545
f 2074/1395/545 2076/1397/547 2078/5430/2321
f 2085/1404/552 2067/1389/541 2069/1391/543
f 2069/1391/543 2065/7075/2327 2082/6559/2336
f 2082/6559/2336 2086/1403/551 2085/1404/552
f 2067/1389/541 2085/1404/552 2089/5432/2323
f 2071/5421/2314 2089/5432/2323 2091/1405/553
f 2095/5440/2330 2078/5430/2321 2076/1397/547
f 2076/1397/547 2075/7076/548 2091/6560/553
f 2091/6560/553 2093/7077/555 2095/5440/2330
f 2102/6562/560 2084/7078/549 2086/6561/551
f 2086/6561/551 2082/5448/2336 2099/5450/2338
f 2099/5450/2338 2103/1411/559 2102/6562/560
f 2088/5431/2322 2084/1401/549 2102/1413/560
f 2088/5431/2322 2106/5443/2332 2108/1415/561
f 2112/6563/2335 2095/7079/2330 2093/1407/555
f 2093/1407/555 2092/1408/556 2108/1415/561
f 2108/1415/561 2110/1417/563 2112/6563/2335
f 2119/6564/568 2101/1409/557 2103/1411/559
f 2103/1411/559 2099/5450/2338 2116/5458/2345
f 2116/5458/2345 2120/7080/567 2119/6564/568
f 2105/6565/2331 2101/7081/557 2119/1424/568
f 2105/6565/2331 2123/5453/2341 2125/1425/569
f 2129/5457/2344 2112/5447/2335 2110/1420/563
f 2110/1420/563 2109/1419/564 2125/6567/569
f 2125/6567/569 2127/7082/571 2129/5457/2344
f 2136/1432/576 2118/1421/565 2120/1423/567
f 2120/1423/567 2116/7083/2345 2133/6568/2353
f 2133/6568/2353 2137/1431/575 2136/1432/576
f 2118/1421/565 2136/1432/576 2140/5462/2349
f 2122/5452/2340 2140/5462/2349 2142/1433/577
f 2146/6569/2352 2129/7084/2344 2127/1427/571
f 2127/1427/571 2126/1428/572 2142/1433/577
f 2142/1433/577 2144/1435/579 2146/6569/2352
f 2153/1441/584 2135/7085/573 2137/6570/575
f 2137/6570/575 2133/5467/2353 2150/5478/2362
f 2150/5478/2362 2154/1442/583 2153/1441/584
f 2135/1429/573 2153/7086/584 2157/6571/2357
f 2143/1436/580 2139/5461/2348 2157/6571/2357
f 2163/5476/2360 2146/5466/2352 2144/6573/579
f 2144/6573/579 2143/7087/580 2159/1443/585
f 2159/1443/585 2161/1445/587 2163/5476/2360
f 2170/6574/592 2152/7088/581 2154/1442/583
f 2154/1442/583 2150/5478/2362 2167/5484/2367
f 2167/5484/2367 2171/7089/591 2170/6574/592
f 2152/1437/581 2170/1452/592 2174/5481/2365
f 2160/1447/588 2156/5470/2356 2174/5481/2365
f 2180/6575/2370 2163/7090/2360 2161/1448/587
f 2161/1448/587 2160/1447/588 2176/1453/593
f 2176/1453/593 2178/1455/595 2180/6575/2370
f 2204/6576/528 2186/1457/517 2188/1459/519
f 2188/1459/519 2183/5505/2305 2201/5504/2304
f 2201/5504/2304 2205/7091/527 2204/6576/528
f 2187/1461/520 2339/1545/589 2341/1547/599
f 2341/1547/599 2337/7092/2367 2183/6578/2305
f 2183/6578/2305 2188/1462/519 2187/1461/520
f 2343/5572/2364 2339/1545/589 2187/1461/520
f 2190/6579/2292 2186/7093/517 2204/1472/528
f 2343/5572/2364 2191/5491/2293 2193/1463/521
f 2190/6579/2292 2208/5494/2295 2210/1473/529
f 2198/5498/2298 2350/5579/2370 2348/6581/595
f 2348/6581/595 2347/7094/596 2193/6582/521
f 2193/6582/521 2195/1468/523 2198/5498/2298
f 2214/5496/2296 2198/5498/2298 2195/1468/523
f 2195/1468/523 2194/1467/524 2210/6583/529
f 2210/6583/529 2212/7095/531 2214/5496/2296
f 2221/1480/536 2203/1469/525 2205/1471/527
f 2205/1471/527 2201/7096/2304 2218/6585/2317
f 2218/6585/2317 2222/1479/535 2221/1480/536
f 2207/5493/2294 2203/1469/525 2221/1480/536
f 2207/5493/2294 2225/5507/2307 2227/1481/537
f 2231/6586/2308 2214/7097/2296 2212/1475/531
f 2212/1475/531 2211/1476/532 2227/1481/537
f 2227/1481/537 2229/1483/539 2231/6586/2308
f 2238/1489/544 2220/7098/533 2222/6588/535
f 2222/6588/535 2218/5514/2317 2235/5530/2327
f 2235/5530/2327 2239/1490/543 2238/1489/544
f 2220/1477/533 2238/7099/544 2242/6589/2315
f 2224/5506/2372 2242/6589/2315 2244/6590/545
f 2248/5524/2375 2231/5509/2308 2229/6591/539
f 2229/6591/539 2228/7100/540 2244/1491/545
f 2244/1491/545 2246/1493/547 2248/5524/2375
f 2255/1500/552 2237/1485/541 2239/1487/543
f 2239/1487/543 2235/7101/2327 2252/6592/2336
f 2252/6592/2336 2256/1499/551 2255/1500/552
f 2237/1485/541 2255/1500/552 2259/5526/2323
f 2241/5515/2314 2259/5526/2323 2261/1501/553
f 2265/5533/2330 2248/5524/2375 2246/1493/547
f 2246/1493/547 2245/7102/548 2261/6593/553
f 2261/6593/553 2263/7103/597 2265/5533/2330
f 2272/6595/560 2254/7104/549 2256/6594/551
f 2256/6594/551 2252/7027/2336 2269/5541/2376
f 2269/5541/2376 2273/1507/559 2272/6595/560
f 2254/1497/549 2272/1509/560 2276/5536/2332
f 2258/5525/2322 2276/5536/2332 2278/1511/561
f 2282/6596/2335 2265/7105/2330 2263/1503/597
f 2263/1503/597 2262/1504/556 2278/1511/561
f 2278/1511/561 2280/1513/563 2282/6596/2335
f 2289/6597/568 2271/1505/557 2273/1507/559
f 2273/1507/559 2269/5541/2376 2286/5550/2345
f 2286/5550/2345 2290/7106/567 2289/6597/568
f 2275/6598/2331 2271/7107/557 2289/1520/568
f 2275/6598/2331 2293/5545/2377 2295/1521/569
f 2299/5549/2344 2282/5540/2335 2280/1516/563
f 2280/1516/563 2279/1515/564 2295/6600/569
f 2295/6600/569 2297/7108/571 2299/5549/2344
f 2306/1528/576 2288/1517/565 2290/1519/567
f 2290/1519/567 2286/7109/2345 2303/6601/2353
f 2303/6601/2353 2307/1527/575 2306/1528/576
f 2288/1517/565 2306/1528/576 2310/5554/2349
f 2292/5544/2340 2310/5554/2349 2312/1529/577
f 2316/6602/2352 2299/7110/2344 2297/1523/571
f 2297/1523/571 2296/1524/572 2312/1529/577
f 2312/1529/577 2314/1531/598 2316/6602/2352
f 2323/1537/584 2305/7111/573 2307/6603/575
f 2307/6603/575 2303/5559/2353 2320/5570/2362
f 2320/5570/2362 2324/1538/583 2323/1537/584
f 2305/1525/573 2323/7112/584 2327/6604/2357
f 2313/1532/580 2309/5553/2378 2327/6604/2357
f 2333/5568/2360 2316/5558/2352 2314/6606/598
f 2314/6606/598 2313/7113/580 2329/1539/585
f 2329/1539/585 2331/1541/587 2333/5568/2360
f 2340/6607/592 2322/7114/581 2324/1538/583
f 2324/1538/583 2320/5570/2362 2337/5576/2367
f 2337/5576/2367 2341/7115/599 2340/6607/592
f 2322/1533/581 2340/1548/592 2344/5573/2365
f 2326/5562/2356 2344/5573/2365 2346/1549/593
f 2350/6608/2370 2333/7116/2360 2331/1544/587
f 2331/1544/587 2330/1543/588 2346/1549/593
f 2346/1549/593 2348/1551/595 2350/6608/2370
f 2395/1607/397 2381/1589/379 2353/1553/343
f 2362/1568/358 2376/1586/376 2368/1574/364
f 2389/1601/391 2360/1562/352 2354/1556/346
f 2374/1580/370 2361/1565/355 2388/1598/388
f 2375/1583/373 2404/1622/412 2396/1610/400
f 2403/1619/409 2390/1604/394 2382/1592/382
f 2451/1679/397 2437/1661/379 2409/1625/343
f 2418/1640/358 2432/1658/376 2424/1646/364
f 2445/1673/391 2416/1634/352 2410/1628/346
f 2430/1652/370 2417/1637/355 2444/1670/388
f 2431/1655/373 2460/1694/412 2452/1682/400
f 2459/1691/409 2446/1676/394 2438/1664/382
f 2507/1751/397 2493/1733/379 2465/1697/343
f 2474/1712/358 2488/1730/376 2480/1718/364
f 2501/1745/391 2472/1706/352 2466/1700/346
f 2486/1724/370 2473/1709/355 2500/1742/388
f 2487/1727/373 2516/1766/412 2508/1754/400
f 2515/1763/409 2502/1748/394 2494/1736/382
f 2563/1823/397 2549/1805/379 2521/1769/343
f 2530/1784/358 2544/1802/376 2536/1790/364
f 2557/1817/391 2528/1778/352 2522/1772/346
f 2542/1796/370 2529/1781/355 2556/1814/388
f 2543/1799/373 2572/1838/412 2564/1826/400
f 2571/1835/409 2558/1820/394 2550/1808/382
f 2619/1895/397 2605/1877/379 2577/1841/343
f 2586/1856/358 2600/1874/376 2592/1862/364
f 2613/1889/391 2584/1850/352 2578/1844/346
f 2598/1868/370 2585/1853/355 2612/1886/388
f 2599/1871/373 2628/1910/412 2620/1898/400
f 2627/1907/409 2614/1892/394 2606/1880/382
f 2675/1967/397 2661/1949/379 2633/1913/343
f 2642/1928/358 2656/1946/376 2648/1934/364
f 2669/1961/391 2640/1922/352 2634/1916/346
f 2654/1940/370 2641/1925/355 2668/1958/388
f 2655/1943/373 2684/1982/412 2676/1970/400
f 2683/1979/409 2670/1964/394 2662/1952/382
f 2731/2039/397 2717/2021/379 2689/1985/343
f 2698/2000/358 2712/2018/376 2704/2006/364
f 2725/2033/391 2696/1994/352 2690/1988/346
f 2710/2012/370 2697/1997/355 2724/2030/388
f 2711/2015/373 2740/2054/412 2732/2042/400
f 2739/2051/409 2726/2036/394 2718/2024/382
f 2787/2111/397 2773/2093/379 2745/2057/343
f 2754/2072/358 2768/2090/376 2760/2078/364
f 2781/2105/391 2752/2066/352 2746/2060/346
f 2766/2084/370 2753/2069/355 2780/2102/388
f 2767/2087/373 2796/2126/412 2788/2114/400
f 2795/2123/409 2782/2108/394 2774/2096/382
f 2955/2305/810 2801/2129/634 2815/2145/650
f 2815/2145/650 2829/2161/666 2843/2177/682
f 2843/2177/682 2857/2193/698 2871/2209/714
f 2871/2209/714 2885/2225/730 2899/2241/746
f 2899/2241/746 2913/2257/762 2927/2273/778
f 2927/2273/778 2941/2289/794 2955/2305/810
f 2955/2305/810 2815/2145/650 2843/2177/682
f 2843/2177/682 2871/2209/714 2899/2241/746
f 2899/2241/746 2927/2273/778 2955/2305/810
f 2809/2142/647 2824/2160/665 2816/2150/655
f 2963/2318/823 2810/2144/649 2802/2134/639
f 2836/2169/674 2822/2153/658 2808/2137/642
f 2808/2137/642 2962/2313/818 2948/2297/802
f 2948/2297/802 2934/2281/786 2920/2265/770
f 2920/2265/770 2906/2249/754 2892/2233/738
f 2892/2233/738 2878/2217/722 2864/2201/706
f 2864/2201/706 2850/2185/690 2836/2169/674
f 2836/2169/674 2808/2137/642 2948/2297/802
f 2948/2297/802 2920/2265/770 2892/2233/738
f 2892/2233/738 2864/2201/706 2836/2169/674
f 2823/6609/663 2838/2176/681 2830/2166/671
f 2837/2174/679 2852/2192/697 2844/2182/687
f 2851/2190/695 2866/2208/713 2858/2198/703
f 2865/6610/711 2880/2224/729 2872/2214/719
f 2879/2222/727 2894/2240/745 2886/2230/735
f 2893/2238/743 2908/2256/761 2900/2246/751
f 2907/2254/759 2922/5744/777 2914/5742/767
f 2921/2270/775 2936/2288/793 2928/2278/783
f 2935/2286/791 2950/2304/809 2942/2294/799
f 2949/2302/807 2964/5751/825 2956/5749/815
f 3011/2375/397 2997/2357/379 2969/2321/343
f 2978/2336/358 2992/2354/376 2984/2342/364
f 3005/2369/391 2976/2330/352 2970/2324/346
f 2990/2348/370 2977/2333/355 3004/2366/388
f 2991/2351/373 3020/2390/412 3012/2378/400
f 3019/2387/409 3006/2372/394 2998/2360/382
f 3067/2447/397 3053/2429/379 3025/2393/343
f 3034/2408/358 3048/2426/376 3040/2414/364
f 3061/2441/391 3032/2402/352 3026/2396/346
f 3046/2420/370 3033/2405/355 3060/2438/388
f 3047/2423/373 3076/2462/412 3068/2450/400
f 3075/2459/409 3062/2444/394 3054/2432/382
f 3249/5889/2469 3242/2563/949 3081/2465/851
f 3088/5799/2410 3083/7117/856 3105/6612/868
f 3249/5893/2469 3089/5801/2411 3092/5800/2414
f 3088/5799/2410 3112/5814/2419 3115/5813/2422
f 3252/5891/2471 3092/5800/2414 3095/6613/2417
f 3094/6615/2416 3091/5797/2412 3115/5813/2422
f 3255/6614/2476 3095/6613/2417 3097/6617/858
f 3098/2475/861 3094/5804/2416 3118/5821/2426
f 3104/6620/865 3128/5826/882 3135/5825/2428
f 3111/5811/2418 3135/5825/2428 3138/5829/2431
f 3114/5809/2420 3138/5829/2431 3141/6621/2434
f 3120/2486/872 3117/5819/2425 3141/5834/2434
f 3134/5822/2427 3127/5824/879 3151/6623/896
f 3134/5822/2427 3158/5842/2436 3161/5841/2439
f 3137/5827/2429 3161/5841/2439 3164/6624/2443
f 3140/5832/2433 3164/5849/2443 3168/2519/905
f 3157/5839/2435 3150/7118/893 3174/6626/910
f 3157/5839/2435 3181/5856/2445 3184/5855/2448
f 3160/5837/2437 3184/5855/2448 3187/6627/2451
f 3163/5847/2442 3187/5861/2451 3191/2533/919
f 3173/2521/907 3197/2538/924 3204/5863/2453
f 3183/5852/2446 3180/5854/2444 3204/5869/2453
f 3183/5852/2446 3207/5868/2456 3210/6629/2460
f 3186/6630/2450 3210/6629/2460 3214/6631/933
f 3196/2535/921 3220/2552/938 3227/5878/2462
f 3203/5866/2452 3227/5883/2462 3230/5882/2465
f 3206/5864/2454 3230/5882/2465 3233/5888/2468
f 3212/6634/928 3209/6633/2459 3233/5888/2468
f 3226/5877/2461 3219/2549/935 3243/2566/952
f 3226/5881/2461 3250/5896/2470 3253/5895/2473
f 3232/5886/2467 3229/5879/2463 3253/5895/2473
f 3232/5886/2467 3256/6636/2477 3260/6637/961
f 3433/5998/2469 3426/2675/949 3265/2577/851
f 3272/5908/2410 3267/7119/856 3289/6640/868
f 3436/6000/2471 3433/6002/2469 3273/5910/2411
f 3272/5908/2410 3296/5923/2419 3299/5922/2422
f 3436/6000/2471 3276/5909/2414 3279/6641/2417
f 3275/5906/2412 3299/5922/2422 3302/6643/2426
f 3439/6642/2476 3279/6641/2417 3281/6645/858
f 3282/2587/861 3278/5913/2416 3302/5930/2426
f 3288/6648/865 3312/5935/882 3319/5934/2428
f 3295/5920/2418 3319/5934/2428 3322/5938/2431
f 3298/5918/2420 3322/5938/2431 3325/6649/2434
f 3304/2598/872 3301/5928/2425 3325/5943/2434
f 3318/5931/2427 3311/5933/963 3335/6651/896
f 3318/5931/2427 3342/5951/2436 3345/5950/2439
f 3321/5936/2429 3345/5950/2439 3348/6652/2443
f 3324/5941/2433 3348/5958/2443 3352/2631/905
f 3334/6654/964 3358/7120/967 3365/5965/2478
f 3341/5948/2435 3365/5965/2478 3368/5964/2448
f 3347/6655/2442 3344/5946/2437 3368/5964/2448
f 3347/5956/2442 3371/5970/2451 3375/2645/919
f 3357/2633/966 3381/2650/924 3388/5972/2453
f 3364/5963/2444 3388/5978/2453 3391/5977/2456
f 3367/5961/2446 3391/5977/2456 3394/6657/2460
f 3373/6659/968 3370/6658/2450 3394/6657/2460
f 3380/2647/921 3404/2664/973 3411/5987/2462
f 3387/5975/2452 3411/5992/2462 3414/5991/2465
f 3390/5973/2454 3414/5991/2465 3417/5997/2468
f 3396/6662/969 3393/6661/2459 3417/5997/2468
f 3410/5986/2461 3403/2661/972 3427/2678/975
f 3410/5990/2461 3434/6005/2470 3437/6004/2473
f 3413/5988/2463 3437/6004/2473 3440/6664/2477
f 3419/6665/974 3416/5995/2467 3440/6664/2477
f 3491/2743/397 3477/2725/379 3449/2689/343
f 3458/2704/358 3472/2722/376 3464/2710/364
f 3485/2737/391 3456/2698/352 3450/2692/346
f 3470/2716/370 3457/2701/355 3484/2734/388
f 3471/2719/373 3500/2758/412 3492/2746/400
f 3499/2755/409 3486/2740/394 3478/2728/382
f 3547/2815/397 3533/2797/379 3505/2761/343
f 3514/2776/358 3528/2794/376 3520/2782/364
f 3541/2809/391 3512/2770/352 3506/2764/346
f 3526/2788/370 3513/2773/355 3540/2806/388
f 3527/2791/373 3556/2830/412 3548/2818/400
f 3555/2827/409 3542/2812/394 3534/2800/382
f 3561/6159/985 3579/7121/992 3586/6065/2484
f 3716/2931/1030 3562/2836/986 3740/6160/2526
f 3739/6157/2525 3586/6065/2484 3589/6064/2422
f 3726/6144/2471 3569/6163/2414 3743/6170/2530
f 3723/6146/2519 3740/6164/2526 3569/6163/2414
f 3568/6161/2412 3589/6064/2422 3592/6669/2488
f 3742/6167/2529 3592/6072/2488 3596/2859/997
f 3732/6672/1033 3729/6668/2523 3743/6170/2530
f 3578/6674/990 3602/6077/1001 3609/6076/2490
f 3585/6062/2483 3609/6076/2490 3612/6080/2431
f 3591/6675/2487 3588/6060/2420 3612/6080/2431
f 3591/6070/2487 3615/6085/2494 3619/2873/891
f 3608/6073/2489 3601/6075/999 3625/6677/1007
f 3611/6078/2429 3608/6073/2489 3632/6093/2496
f 3611/6078/2429 3635/6092/2439 3638/6678/2500
f 3617/2868/886 3614/6083/2493 3638/6100/2500
f 3624/6680/1005 3648/6104/1013 3655/6103/2502
f 3631/6090/2495 3655/6103/2502 3658/6108/2448
f 3634/6088/2437 3658/6108/2448 3661/6681/2506
f 3637/6098/2499 3661/6113/2506 3665/2901/1015
f 3654/6101/2501 3647/2889/907 3671/2906/1019
f 3654/6107/2501 3678/6122/2508 3681/6121/2456
f 3657/6105/2446 3681/6121/2456 3684/6683/2512
f 3660/6111/2505 3684/6683/2512 3688/6684/1023
f 3670/2903/1017 3694/2920/1026 3701/6131/2514
f 3680/6117/2454 3677/6119/2507 3701/6136/2514
f 3680/6117/2454 3704/6135/2465 3707/6141/2518
f 3683/6686/2511 3707/6141/2518 3711/6687/947
f 3693/2917/972 3717/2934/1032 3724/6143/2520
f 3700/6134/2513 3724/6149/2520 3727/6148/2473
f 3706/6139/2517 3703/6132/2463 3727/6148/2473
f 3706/6139/2517 3730/6689/2524 3734/6690/1035
f 3923/6270/2525 3745/6272/985 3763/6693/992
f 3900/3043/1030 3746/2948/986 3924/6273/2526
f 3752/6274/2412 3923/6270/2525 3770/6178/2484
f 3910/6257/2471 3753/6276/2414 3927/6283/2530
f 3910/6257/2471 3907/6259/2519 3924/6277/2526
f 3752/6274/2412 3773/6177/2422 3776/6695/2488
f 3926/6280/2529 3776/6185/2488 3780/2971/997
f 3913/6694/2523 3927/6283/2530 3757/6698/989
f 3762/6700/990 3786/6190/1001 3793/6189/2490
f 3772/6173/2420 3769/6175/2483 3793/6189/2490
f 3772/6173/2420 3796/6193/2431 3799/6701/2494
f 3775/6183/2487 3799/6198/2494 3803/2985/891
f 3785/6188/999 3809/7122/1007 3816/6206/2496
f 3792/6186/2489 3816/6206/2496 3819/6205/2439
f 3798/6703/2493 3795/6191/2429 3819/6205/2439
f 3798/6196/2493 3822/6213/2500 3826/2999/905
f 3808/6705/1005 3832/6217/1013 3839/6216/2502
f 3815/6203/2495 3839/6216/2502 3842/6221/2448
f 3818/6201/2437 3842/6221/2448 3845/6706/2506
f 3824/2994/1010 3821/6211/2499 3845/6226/2506
f 3831/3001/907 3855/3018/1019 3862/6229/2508
f 3838/6220/2501 3862/6235/2508 3865/6234/2456
f 3841/6218/2446 3865/6234/2456 3868/6708/2512
f 3844/6224/2505 3868/6708/2512 3872/6709/1023
f 3861/6228/2507 3854/3015/1017 3878/3032/1026
f 3861/6232/2507 3885/6249/2514 3888/6248/2465
f 3864/6230/2531 3888/6248/2465 3891/6254/2518
f 3870/6712/928 3867/6711/2511 3891/6254/2518
f 3877/3029/972 3901/3046/1032 3908/6256/2520
f 3887/6245/2463 3884/6247/2513 3908/6262/2520
f 3887/6245/2463 3911/6261/2473 3914/6714/2524
f 3890/6252/2517 3914/6714/2524 3918/6715/1035
f 4151/3311/1274 4053/3193/1162 4067/3209/1178
f 4067/3209/1178 4081/3227/1194 4095/3243/1210
f 4095/3243/1210 4109/3261/1226 4123/3277/1242
f 4123/3277/1242 4137/3295/1258 4151/3311/1274
f 4151/3311/1274 4067/3209/1178 4095/3243/1210
f 4061/3204/1173 4076/3226/1193 4068/3214/1183
f 4159/3325/1287 4062/3207/1176 4054/3196/1165
f 4088/3235/1202 4074/3218/1186 4060/3201/1170
f 4060/3201/1170 4158/3320/1282 4144/3303/1266
f 4144/3303/1266 4130/3286/1250 4116/3269/1234
f 4116/3269/1234 4102/3252/1218 4088/3235/1202
f 4088/3235/1202 4060/3201/1170 4144/3303/1266
f 4075/3223/1191 4090/3242/1209 4082/3230/1197
f 4089/3240/1207 4104/3260/1225 4096/3246/1213
f 4103/3257/1223 4118/3276/1241 4110/3266/1231
f 4117/3274/1239 4132/3292/1256 4124/3282/1247
f 4131/3289/1253 4146/3309/1272 4138/3300/1263
f 4145/3306/1269 4160/3328/1289 4152/3316/1279
f 4263/3447/1402 4165/3329/1290 4179/3345/1306
f 4179/3345/1306 4193/3363/1322 4207/3379/1338
f 4207/3379/1338 4221/3397/1354 4235/3413/1370
f 4235/3413/1370 4249/3431/1386 4263/3447/1402
f 4263/3447/1402 4179/3345/1306 4207/3379/1338
f 4173/3342/1303 4188/3360/1320 4180/3348/1309
f 4271/3459/1413 4174/3344/1305 4166/3334/1295
f 4200/3371/1330 4186/3354/1314 4172/3337/1298
f 4172/3337/1298 4270/3456/1410 4256/3439/1394
f 4256/3439/1394 4242/3422/1378 4228/3405/1362
f 4228/3405/1362 4214/3388/1346 4200/3371/1330
f 4200/3371/1330 4172/3337/1298 4256/3439/1394
f 4187/3357/1317 4202/3378/1337 4194/3368/1327
f 4201/3376/1335 4216/3394/1352 4208/3382/1341
f 4215/3391/1349 4230/3412/1369 4222/3402/1359
f 4229/3410/1367 4244/3428/1384 4236/3416/1373
f 4243/3425/1381 4258/3446/1401 4250/3436/1391
f 4257/3444/1399 4272/3462/1416 4264/3450/1405
f 4375/3583/1402 4277/3465/1290 4291/3481/1306
f 4291/3481/1306 4305/3499/1420 4319/3515/1338
f 4319/3515/1338 4333/3533/1354 4347/3549/1370
f 4347/3549/1370 4361/3567/1440 4375/3583/1402
f 4375/3583/1402 4291/3481/1306 4319/3515/1338
f 4285/3478/1303 4300/3496/1320 4292/3484/1309
f 4383/3595/1413 4286/3480/1305 4278/3470/1295
f 4312/3507/1428 4298/3490/1314 4284/3473/1298
f 4284/3473/1298 4382/3592/1410 4368/3575/1448
f 4368/3575/1448 4354/3558/1378 4340/3541/1362
f 4340/3541/1362 4326/3524/1346 4312/3507/1428
f 4312/3507/1428 4284/3473/1298 4368/3575/1448
f 4299/3493/1317 4314/3513/1434 4306/3502/1423
f 4313/3510/1431 4328/3530/1352 4320/3518/1341
f 4327/3527/1349 4342/3548/1369 4334/3538/1359
f 4341/3546/1367 4356/3564/1384 4348/3552/1373
f 4355/3561/1381 4370/3581/1454 4362/3570/1443
f 4369/3578/1451 4384/3598/1416 4376/3586/1405
f 4487/3719/1402 4389/3601/1290 4403/3617/1306
f 4403/3617/1306 4417/3635/1322 4431/3651/1338
f 4431/3651/1338 4445/3669/1354 4459/3685/1370
f 4459/3685/1370 4473/3703/1386 4487/3719/1402
f 4487/3719/1402 4403/3617/1306 4431/3651/1338
f 4397/3614/1303 4412/3632/1320 4404/3620/1458
f 4495/3731/1413 4398/3616/1305 4390/3606/1295
f 4424/3643/1330 4410/3626/1314 4396/3609/1298
f 4396/3609/1298 4494/3728/1410 4480/3711/1394
f 4480/3711/1394 4466/3694/1378 4452/3677/1362
f 4452/3677/1362 4438/3660/1346 4424/3643/1330
f 4424/3643/1330 4396/3609/1298 4480/3711/1394
f 4411/3629/1317 4426/3650/1337 4418/3640/1327
f 4425/3648/1335 4440/3666/1352 4432/3654/1341
f 4439/3663/1349 4454/3684/1369 4446/3674/1359
f 4453/3682/1367 4468/3700/1384 4460/3688/1373
f 4467/3697/1381 4482/3718/1401 4474/3708/1391
f 4481/3716/1399 4496/3734/1416 4488/3722/1405
f 4543/3791/397 4529/3773/379 4501/3737/343
f 4510/3752/358 4524/3770/376 4516/3758/364
f 4537/3785/391 4508/3746/352 4502/3740/346
f 4522/3764/370 4509/3749/355 4536/3782/388
f 4523/3767/373 4552/3806/412 4544/3794/400
f 4551/3803/409 4538/3788/394 4530/3776/382
f 4655/3927/1559 4557/3809/1162 4571/3825/1471
f 4571/3825/1471 4585/3843/1485 4599/3859/1501
f 4599/3859/1501 4613/3877/1517 4627/3893/1533
f 4627/3893/1533 4641/3911/1545 4655/3927/1559
f 4655/3927/1559 4571/3825/1471 4599/3859/1501
f 4565/3820/1173 4580/3842/1484 4572/3830/1475
f 4663/3941/1567 4566/3823/1176 4558/3812/1165
f 4592/3851/1493 4578/3834/1478 4564/3817/1170
f 4564/3817/1170 4662/3936/1563 4648/3919/1551
f 4648/3919/1551 4634/3902/1537 4620/3885/1525
f 4620/3885/1525 4606/3868/1509 4592/3851/1493
f 4592/3851/1493 4564/3817/1170 4648/3919/1551
f 4579/3839/1482 4594/3857/1499 4586/3848/1490
f 4593/3854/1496 4608/3876/1516 4600/3864/1506
f 4607/3873/1514 4622/3891/1531 4614/3880/1520
f 4621/3888/1528 4636/3910/1544 4628/3898/1536
f 4635/3907/1542 4650/3926/1558 4642/3916/1263
f 4649/3924/1556 4664/3944/1569 4656/3932/1279
